time_s,current_A,voltage_V
0,0,3.6328
1,0,3.629
2,0,3.6234999999999999
3,0,3.6215999999999999
4,0,3.6179000000000001
5,0,3.6160000000000001
6,0,3.6122999999999998
7,0,3.6103999999999998
8,0,3.6086
9,0,3.6049000000000002
10,0,3.6030000000000002
11,0,3.6011000000000002
12,0,3.5992999999999999
13,0,3.5973999999999999
14,0,3.5956000000000001
15,0,3.5937000000000001
16,0,3.5918000000000001
17,0,3.5899999999999999
18,0,3.5880999999999998
19,0,3.5863
20,0,3.5844
21,0,3.5844
22,0,3.5825
23,0,3.5807000000000002
24,0,3.577
25,0,3.5750999999999999
26,0,3.5731999999999999
27,0,3.5731999999999999
28,0,3.5714000000000001
29,0,3.5714000000000001
30,0,3.5695000000000001
31,0,3.5676999999999999
32,0,3.5657999999999999
33,0,3.5657999999999999
34,0,3.5638999999999998
35,0,3.5638999999999998
36,0,3.5621
37,0,3.5602
38,0,3.5602
39,0,3.5583999999999998
40,0,3.5583999999999998
41,0,3.5565000000000002
42,0,3.5565000000000002
43,0,3.5546000000000002
44,0,3.5546000000000002
45,0,3.5546000000000002
46,0,3.5528
47,0,3.5528
48,0,3.5508999999999999
49,0,3.5508999999999999
50,0,3.5491000000000001
51,0,3.5491000000000001
52,0,3.5491000000000001
53,0,3.5472000000000001
54,0,3.5472000000000001
55,0,3.5453000000000001
56,0,3.5453000000000001
57,0,3.5434999999999999
58,0,3.5434999999999999
59,0,3.5434999999999999
60,0,3.5434999999999999
61,0,3.5415999999999999
62,0,3.5415999999999999
63,0,3.5398000000000001
64,0,3.5398000000000001
65,0,3.5398000000000001
66,0,3.5398000000000001
67,0,3.5379
68,0,3.5379
69,0,3.5379
70,0,3.536
71,0,3.536
72,0,3.536
73,0,3.5341999999999998
74,0,3.5341999999999998
75,0,3.5341999999999998
76,0,3.5341999999999998
77,0,3.5341999999999998
78,0,3.5323000000000002
79,0,3.5323000000000002
80,0,3.5323000000000002
81,0,3.5286
82,0,3.5286
83,0,3.5286
84,0,3.5286
85,0,3.5266999999999999
86,0,3.5266999999999999
87,0,3.5266999999999999
88,0,3.5266999999999999
89,0,3.5266999999999999
90,0,3.5249000000000001
91,0,3.5249000000000001
92,0,3.5249000000000001
93,0,3.5249000000000001
94,0,3.5230000000000001
95,0,3.5230000000000001
96,0,3.5230000000000001
97,0,3.5230000000000001
98,0,3.5230000000000001
99,0,3.5211999999999999
100,0,3.5211999999999999
101,0,3.5211999999999999
102,0,3.5211999999999999
103,0,3.5211999999999999
104,0,3.5192999999999999
105,0,3.5192999999999999
106,0,3.5192999999999999
107,0,3.5192999999999999
108,0,3.5192999999999999
109,0,3.5192999999999999
110,0,3.5173999999999999
111,0,3.5173999999999999
112,0,3.5173999999999999
113,0,3.5173999999999999
114,0,3.5173999999999999
115,0,3.5173999999999999
116,0,3.5173999999999999
117,0,3.5156000000000001
118,0,3.5156000000000001
119,0,3.5156000000000001
120,0,3.5156000000000001
121,0,3.5156000000000001
122,0,3.5156000000000001
123,0,3.5137
124,0,3.5137
125,0,3.5137
126,0,3.5137
127,0,3.5137
128,0,3.5137
129,0,3.5118999999999998
130,0,3.5118999999999998
131,0,3.5118999999999998
132,0,3.5118999999999998
133,0,3.5118999999999998
134,0,3.5118999999999998
135,0,3.5118999999999998
136,0,3.5099999999999998
137,0,3.5099999999999998
138,0,3.5099999999999998
139,0,3.5099999999999998
140,0,3.5099999999999998
141,0,3.5099999999999998
142,0,3.5081000000000002
143,0,3.5081000000000002
144,0,3.5081000000000002
145,0,3.5081000000000002
146,0,3.5081000000000002
147,0,3.5081000000000002
148,0,3.5081000000000002
149,0,3.5081000000000002
150,0,3.5081000000000002
151,0,3.5081000000000002
152,0,3.5063
153,0,3.5063
154,0,3.5063
155,0,3.5063
156,0,3.5063
157,0,3.5063
158,0,3.5063
159,0,3.5063
160,0,3.5044
161,0,3.5044
162,0,3.5044
163,0,3.5044
164,0,3.5044
165,0,3.5044
166,0,3.5044
167,0,3.5044
168,0,3.5026000000000002
169,0,3.5044
170,0,3.5044
171,0,3.5026000000000002
172,0,3.5026000000000002
173,0,3.5026000000000002
174,0,3.5026000000000002
175,0,3.5026000000000002
176,0,3.5026000000000002
177,0,3.5026000000000002
178,0,3.5007000000000001
179,0,3.5007000000000001
180,0,3.5007000000000001
181,0,3.5007000000000001
182,0,3.5007000000000001
183,0,3.5007000000000001
184,0,3.5007000000000001
185,0,3.5007000000000001
186,0,3.5007000000000001
187,0,3.5007000000000001
188,0,3.5007000000000001
189,0,3.5007000000000001
190,0,3.4988000000000001
191,0,3.4988000000000001
192,0,3.4988000000000001
193,0,3.4988000000000001
194,0,3.4988000000000001
195,0,3.4988000000000001
196,0,3.4988000000000001
197,0,3.4988000000000001
198,0,3.4988000000000001
199,0,3.4969999999999999
200,0,3.4988000000000001
201,0,3.4969999999999999
202,0,3.4969999999999999
203,0,3.4969999999999999
204,0,3.4969999999999999
205,0,3.4969999999999999
206,0,3.4969999999999999
207,0,3.4969999999999999
208,0,3.4969999999999999
209,0,3.4969999999999999
210,0,3.4969999999999999
211,0,3.4969999999999999
212,0,3.4969999999999999
213,0,3.4950999999999999
214,0,3.4950999999999999
215,0,3.4950999999999999
216,0,3.4950999999999999
217,0,3.4950999999999999
218,0,3.4950999999999999
219,0,3.4950999999999999
220,0,3.4950999999999999
221,0,3.4950999999999999
222,0,3.4950999999999999
223,0,3.4950999999999999
224,0,3.4933000000000001
225,0,3.4933000000000001
226,0,3.4933000000000001
227,0,3.4933000000000001
228,0,3.4933000000000001
229,0,3.4933000000000001
230,0,3.4933000000000001
231,0,3.4933000000000001
232,0,3.4933000000000001
233,0,3.4933000000000001
234,0,3.4933000000000001
235,0,3.4933000000000001
236,0,3.4933000000000001
237,0,3.4914000000000001
238,0,3.4914000000000001
239,0,3.4914000000000001
240,0,3.4914000000000001
241,0,3.4914000000000001
242,0,3.4914000000000001
243,0,3.4914000000000001
244,0,3.4914000000000001
245,0,3.4914000000000001
246,0,3.4914000000000001
247,0,3.4914000000000001
248,0,3.4914000000000001
249,0,3.4914000000000001
250,0,3.4895
251,0,3.4895
252,0,3.4895
253,0,3.4895
254,0,3.4895
255,0,3.4895
256,0,3.4895
257,0,3.4895
258,0,3.4895
259,0,3.4895
260,0,3.4895
261,0,3.4895
262,0,3.4895
263,0,3.4895
264,0,3.4895
265,0,3.4895
266,0,3.4876999999999998
267,0,3.4876999999999998
268,0,3.4876999999999998
269,0,3.4876999999999998
270,0,3.4876999999999998
271,0,3.4876999999999998
272,0,3.4876999999999998
273,0,3.4876999999999998
274,0,3.4876999999999998
275,0,3.4876999999999998
276,0,3.4876999999999998
277,0,3.4876999999999998
278,0,3.4876999999999998
279,0,3.4876999999999998
280,0,3.4876999999999998
281,0,3.4876999999999998
282,0,3.4857999999999998
283,0,3.4876999999999998
284,0,3.4857999999999998
285,0,3.4857999999999998
286,0,3.4857999999999998
287,0,3.4857999999999998
288,0,3.4857999999999998
289,0,3.4857999999999998
290,0,3.4857999999999998
291,0,3.4857999999999998
292,0,3.4857999999999998
293,0,3.4857999999999998
294,0,3.4857999999999998
295,0,3.4857999999999998
296,0,3.4857999999999998
297,0,3.4857999999999998
298,0,3.4821
299,0,3.4857999999999998
300,0,3.4821
301,0,3.4857999999999998
302,0,3.4821
303,0,3.4821
304,0,3.4821
305,0,3.4821
306,0,3.4821
307,0,3.4821
308,0,3.4821
309,0,3.4821
310,0,3.4821
311,0,3.4821
312,0,3.4821
313,0,3.4821
314,0,3.4821
315,0,3.4802
316,0,3.4821
317,0,3.4802
318,0,3.4802
319,0,3.4802
320,0,3.4802
321,0,3.4802
322,0,3.4802
323,0,3.4802
324,0,3.4802
325,0,3.4802
326,0,3.4802
327,0,3.4802
328,0,3.4802
329,0,3.4802
330,0,3.4802
331,0,3.4802
332,0,3.4802
333,0,3.4784000000000002
334,0,3.4802
335,0,3.4802
336,0,3.4802
337,0,3.4802
338,0,3.4784000000000002
339,0,3.4802
340,0,3.4784000000000002
341,0,3.4784000000000002
342,0,3.4784000000000002
343,0,3.4784000000000002
344,0,3.4784000000000002
345,0,3.4784000000000002
346,0,3.4784000000000002
347,0,3.4784000000000002
348,0,3.4784000000000002
349,0,3.4784000000000002
350,0,3.4784000000000002
351,0,3.4784000000000002
352,0,3.4784000000000002
353,0,3.4784000000000002
354,0,3.4784000000000002
355,0,3.4784000000000002
356,0,3.4784000000000002
357,0,3.4784000000000002
358,0,3.4784000000000002
359,0,3.4784000000000002
360,0,3.4784000000000002
361,0,3.4765000000000001
362,0,3.4784000000000002
363,0,3.4765000000000001
364,0,3.4765000000000001
365,0,3.4765000000000001
366,0,3.4765000000000001
367,0,3.4765000000000001
368,0,3.4765000000000001
369,0,3.4765000000000001
370,0,3.4765000000000001
371,0,3.4765000000000001
372,0,3.4765000000000001
373,0,3.4765000000000001
374,0,3.4765000000000001
375,0,3.4765000000000001
376,0,3.4765000000000001
377,0,3.4765000000000001
378,0,3.4765000000000001
379,0,3.4765000000000001
380,0,3.4746999999999999
381,0,3.4765000000000001
382,0,3.4746999999999999
383,0,3.4746999999999999
384,0,3.4746999999999999
385,0,3.4746999999999999
386,0,3.4746999999999999
387,0,3.4746999999999999
388,0,3.4746999999999999
389,0,3.4746999999999999
390,0,3.4746999999999999
391,0,3.4746999999999999
392,0,3.4746999999999999
393,0,3.4746999999999999
394,0,3.4746999999999999
395,0,3.4746999999999999
396,0,3.4746999999999999
397,0,3.4746999999999999
398,0,3.4746999999999999
399,0,3.4746999999999999
400,0,3.4746999999999999
401,0,3.4746999999999999
402,0,3.4746999999999999
403,0,3.4727999999999999
404,0,3.4746999999999999
405,0,3.4727999999999999
406,0,3.4746999999999999
407,0,3.4727999999999999
408,0,3.4746999999999999
409,0,3.4727999999999999
410,0,3.4727999999999999
411,0,3.4727999999999999
412,0,3.4727999999999999
413,0,3.4727999999999999
414,0,3.4727999999999999
415,0,3.4727999999999999
416,0,3.4727999999999999
417,0,3.4727999999999999
418,0,3.4727999999999999
419,0,3.4727999999999999
420,0,3.4727999999999999
421,0,3.4727999999999999
422,0,3.4727999999999999
423,0,3.4727999999999999
424,0,3.4727999999999999
425,0,3.4727999999999999
426,0,3.4727999999999999
427,0,3.4727999999999999
428,0,3.4727999999999999
429,0,3.4727999999999999
430,0,3.4727999999999999
431,0,3.4727999999999999
432,0,3.4727999999999999
433,0,3.4727999999999999
434,0,3.4727999999999999
435,0,3.4727999999999999
436,0,3.4708999999999999
437,0,3.4708999999999999
438,0,3.4708999999999999
439,0,3.4708999999999999
440,0,3.4708999999999999
441,0,3.4708999999999999
442,0,3.4708999999999999
443,0,3.4708999999999999
444,0,3.4708999999999999
445,0,3.4708999999999999
446,0,3.4708999999999999
447,0,3.4708999999999999
448,0,3.4708999999999999
449,0,3.4708999999999999
450,0,3.4708999999999999
451,0,3.4708999999999999
452,0,3.4708999999999999
453,0,3.4708999999999999
454,0,3.4708999999999999
455,0,3.4708999999999999
456,0,3.4708999999999999
457,0,3.4708999999999999
458,0,3.4708999999999999
459,0,3.4708999999999999
460,0,3.4708999999999999
461,0,3.4708999999999999
462,0,3.4708999999999999
463,0,3.4691000000000001
464,0,3.4708999999999999
465,0,3.4691000000000001
466,0,3.4708999999999999
467,0,3.4691000000000001
468,0,3.4691000000000001
469,0,3.4708999999999999
470,0,3.4691000000000001
471,0,3.4691000000000001
472,0,3.4691000000000001
473,0,3.4691000000000001
474,0,3.4691000000000001
475,0,3.4691000000000001
476,0,3.4691000000000001
477,0,3.4691000000000001
478,0,3.4691000000000001
479,0,3.4691000000000001
480,0,3.4691000000000001
481,0,3.4691000000000001
482,0,3.4691000000000001
483,0,3.4691000000000001
484,0,3.4691000000000001
485,0,3.4691000000000001
486,0,3.4691000000000001
487,0,3.4691000000000001
488,0,3.4691000000000001
489,0,3.4691000000000001
490,0,3.4691000000000001
491,0,3.4691000000000001
492,0,3.4691000000000001
493,0,3.4691000000000001
494,0,3.4691000000000001
495,0,3.4691000000000001
496,0,3.4672000000000001
497,0,3.4691000000000001
498,0,3.4672000000000001
499,0,3.4672000000000001
500,0,3.4672000000000001
501,0,3.4672000000000001
502,0,3.4672000000000001
503,0,3.4672000000000001
504,0,3.4672000000000001
505,0,3.4672000000000001
506,0,3.4672000000000001
507,0,3.4672000000000001
508,0,3.4672000000000001
509,0,3.4672000000000001
510,0,3.4672000000000001
511,0,3.4672000000000001
512,0,3.4672000000000001
513,0,3.4672000000000001
514,0,3.4672000000000001
515,0,3.4672000000000001
516,0,3.4672000000000001
517,0,3.4672000000000001
518,0,3.4672000000000001
519,0,3.4672000000000001
520,0,3.4672000000000001
521,0,3.4672000000000001
522,0,3.4672000000000001
523,0,3.4672000000000001
524,0,3.4672000000000001
525,0,3.4672000000000001
526,0,3.4672000000000001
527,0,3.4672000000000001
528,0,3.4672000000000001
529,0,3.4653999999999998
530,0,3.4672000000000001
531,0,3.4672000000000001
532,0,3.4672000000000001
533,0,3.4653999999999998
534,0,3.4672000000000001
535,0,3.4672000000000001
536,0,3.4672000000000001
537,0,3.4653999999999998
538,0,3.4653999999999998
539,0,3.4653999999999998
540,0,3.4653999999999998
541,0,3.4653999999999998
542,0,3.4653999999999998
543,0,3.4653999999999998
544,0,3.4653999999999998
545,0,3.4653999999999998
546,0,3.4653999999999998
547,0,3.4653999999999998
548,0,3.4653999999999998
549,0,3.4653999999999998
550,0,3.4653999999999998
551,0,3.4653999999999998
552,0,3.4653999999999998
553,0,3.4653999999999998
554,0,3.4653999999999998
555,0,3.4653999999999998
556,0,3.4653999999999998
557,0,3.4653999999999998
558,0,3.4653999999999998
559,0,3.4653999999999998
560,0,3.4653999999999998
561,0,3.4653999999999998
562,0,3.4653999999999998
563,0,3.4653999999999998
564,0,3.4653999999999998
565,0,3.4653999999999998
566,0,3.4634999999999998
567,0,3.4653999999999998
568,0,3.4653999999999998
569,0,3.4653999999999998
570,0,3.4634999999999998
571,0,3.4634999999999998
572,0,3.4653999999999998
573,0,3.4634999999999998
574,0,3.4653999999999998
575,0,3.4634999999999998
576,0,3.4634999999999998
577,0,3.4634999999999998
578,0,3.4634999999999998
579,0,3.4653999999999998
580,0,3.4634999999999998
581,0,3.4634999999999998
582,0,3.4634999999999998
583,0,3.4634999999999998
584,0,3.4634999999999998
585,0,3.4634999999999998
586,0,3.4634999999999998
587,0,3.4634999999999998
588,0,3.4634999999999998
589,0,3.4634999999999998
590,0,3.4634999999999998
591,0,3.4634999999999998
592,0,3.4634999999999998
593,0,3.4634999999999998
594,0,3.4634999999999998
595,0,3.4634999999999998
596,0,3.4634999999999998
597,0,3.4634999999999998
598,0,3.4634999999999998
599,0,3.4634999999999998
600,0,3.4634999999999998
601,0,3.4634999999999998
602,0,3.4634999999999998
603,0,3.4634999999999998
604,0,3.4634999999999998
605,0,3.4634999999999998
606,0,3.4634999999999998
607,0,3.4634999999999998
608,0,3.4634999999999998
609,0,3.4634999999999998
610,0,3.4634999999999998
611,0,3.4634999999999998
612,0,3.4634999999999998
613,0,3.4615999999999998
614,0,3.4634999999999998
615,0,3.4615999999999998
616,0,3.4634999999999998
617,0,3.4615999999999998
618,0,3.4634999999999998
619,0,3.4615999999999998
620,0,3.4615999999999998
621,0,3.4615999999999998
622,0,3.4615999999999998
623,0,3.4615999999999998
624,0,3.4615999999999998
625,0,3.4615999999999998
626,0,3.4615999999999998
627,0,3.4615999999999998
628,0,3.4615999999999998
629,0,3.4615999999999998
630,0,3.4615999999999998
631,0,3.4615999999999998
632,0,3.4615999999999998
633,0,3.4615999999999998
634,0,3.4615999999999998
635,0,3.4615999999999998
636,0,3.4615999999999998
637,0,3.4615999999999998
638,0,3.4615999999999998
639,0,3.4615999999999998
640,0,3.4615999999999998
641,0,3.4615999999999998
642,0,3.4615999999999998
643,0,3.4615999999999998
644,0,3.4615999999999998
645,0,3.4615999999999998
646,0,3.4615999999999998
647,0,3.4615999999999998
648,0,3.4615999999999998
649,0,3.4615999999999998
650,0,3.4615999999999998
651,0,3.4615999999999998
652,0,3.4615999999999998
653,0,3.4615999999999998
654,0,3.4615999999999998
655,0,3.4615999999999998
656,0,3.4615999999999998
657,0,3.4615999999999998
658,0,3.4615999999999998
659,0,3.4615999999999998
660,0,3.4615999999999998
661,0,3.4615999999999998
662,0,3.4615999999999998
663,0,3.4598
664,0,3.4598
665,0,3.4598
666,0,3.4615999999999998
667,0,3.4598
668,0,3.4598
669,0,3.4598
670,0,3.4598
671,0,3.4598
672,0,3.4598
673,0,3.4615999999999998
674,0,3.4598
675,0,3.4598
676,0,3.4598
677,0,3.4598
678,0,3.4598
679,0,3.4598
680,0,3.4598
681,0,3.4598
682,0,3.4598
683,0,3.4598
684,0,3.4598
685,0,3.4598
686,0,3.4598
687,0,3.4598
688,0,3.4598
689,0,3.4598
690,0,3.4598
691,0,3.4598
692,0,3.4598
693,0,3.4598
694,0,3.4598
695,0,3.4598
696,0,3.4598
697,0,3.4598
698,0,3.4598
699,0,3.4598
700,0,3.4598
701,0,3.4598
702,0,3.4598
703,0,3.4598
704,0,3.4598
705,0,3.4598
706,0,3.4598
707,0,3.4598
708,0,3.4598
709,0,3.4598
710,0,3.4598
711,0,3.4598
712,0,3.4598
713,0,3.4598
714,0,3.4598
715,0,3.4598
716,0,3.4598
717,0,3.4598
718,0,3.4579
719,0,3.4598
720,0,3.4579
721,0,3.4579
722,0,3.4579
723,0,3.4579
724,0,3.4579
725,0,3.4579
726,0,3.4579
727,0,3.4579
728,0,3.4579
729,0,3.4579
730,0,3.4579
731,0,3.4579
732,0,3.4579
733,0,3.4579
734,0,3.4579
735,0,3.4579
736,0,3.4579
737,0,3.4579
738,0,3.4579
739,0,3.4579
740,0,3.4579
741,0,3.4579
742,0,3.4579
743,0,3.4579
744,0,3.4579
745,0,3.4579
746,0,3.4579
747,0,3.4579
748,0,3.4579
749,0,3.4579
750,0,3.4579
751,0,3.4579
752,0,3.4579
753,0,3.4579
754,0,3.4579
755,0,3.4579
756,0,3.4579
757,0,3.4579
758,0,3.4579
759,0,3.4579
760,0,3.4579
761,0,3.4579
762,0,3.4579
763,0,3.4579
764,0,3.4579
765,0,3.4579
766,0,3.4579
767,0,3.4579
768,0,3.4579
769,0,3.4579
770,0,3.4579
771,0,3.4579
772,0,3.4561000000000002
773,0,3.4579
774,0,3.4561000000000002
775,0,3.4579
776,0,3.4579
777,0,3.4579
778,0,3.4579
779,0,3.4579
780,0,3.4561000000000002
781,0,3.4561000000000002
782,0,3.4561000000000002
783,0,3.4561000000000002
784,0,3.4579
785,0,3.4561000000000002
786,0,3.4561000000000002
787,0,3.4561000000000002
788,0,3.4561000000000002
789,0,3.4561000000000002
790,0,3.4579
791,0,3.4561000000000002
792,0,3.4561000000000002
793,0,3.4561000000000002
794,0,3.4561000000000002
795,0,3.4561000000000002
796,0,3.4561000000000002
797,0,3.4561000000000002
798,0,3.4561000000000002
799,0,3.4561000000000002
800,0,3.4561000000000002
801,0,3.4561000000000002
802,0,3.4561000000000002
803,0,3.4561000000000002
804,0,3.4561000000000002
805,0,3.4561000000000002
806,0,3.4561000000000002
807,0,3.4561000000000002
808,0,3.4561000000000002
809,0,3.4561000000000002
810,0,3.4561000000000002
811,0,3.4561000000000002
812,0,3.4561000000000002
813,0,3.4561000000000002
814,0,3.4561000000000002
815,0,3.4561000000000002
816,0,3.4561000000000002
817,0,3.4561000000000002
818,0,3.4561000000000002
819,0,3.4561000000000002
820,0,3.4561000000000002
821,0,3.4561000000000002
822,0,3.4561000000000002
823,0,3.4561000000000002
824,0,3.4561000000000002
825,0,3.4561000000000002
826,0,3.4561000000000002
827,0,3.4561000000000002
828,0,3.4561000000000002
829,0,3.4561000000000002
830,0,3.4561000000000002
831,0,3.4561000000000002
832,0,3.4561000000000002
833,0,3.4561000000000002
834,0,3.4561000000000002
835,0,3.4561000000000002
836,0,3.4561000000000002
837,0,3.4561000000000002
838,0,3.4561000000000002
839,0,3.4561000000000002
840,0,3.4561000000000002
841,0,3.4561000000000002
842,0,3.4561000000000002
843,0,3.4561000000000002
844,0,3.4561000000000002
845,0,3.4542000000000002
846,0,3.4561000000000002
847,0,3.4542000000000002
848,0,3.4561000000000002
849,0,3.4561000000000002
850,0,3.4561000000000002
851,0,3.4561000000000002
852,0,3.4561000000000002
853,0,3.4542000000000002
854,0,3.4542000000000002
855,0,3.4542000000000002
856,0,3.4542000000000002
857,0,3.4542000000000002
858,0,3.4542000000000002
859,0,3.4542000000000002
860,0,3.4542000000000002
861,0,3.4542000000000002
862,0,3.4542000000000002
863,0,3.4542000000000002
864,0,3.4542000000000002
865,0,3.4542000000000002
866,0,3.4542000000000002
867,0,3.4542000000000002
868,0,3.4542000000000002
869,0,3.4542000000000002
870,0,3.4542000000000002
871,0,3.4542000000000002
872,0,3.4542000000000002
873,0,3.4542000000000002
874,0,3.4542000000000002
875,0,3.4542000000000002
876,0,3.4542000000000002
877,0,3.4542000000000002
878,0,3.4542000000000002
879,0,3.4542000000000002
880,0,3.4542000000000002
881,0,3.4542000000000002
882,0,3.4542000000000002
883,0,3.4542000000000002
884,0,3.4542000000000002
885,0,3.4542000000000002
886,0,3.4542000000000002
887,0,3.4542000000000002
888,0,3.4542000000000002
889,0,3.4542000000000002
890,0,3.4542000000000002
891,0,3.4542000000000002
892,0,3.4542000000000002
893,0,3.4542000000000002
894,0,3.4542000000000002
895,0,3.4542000000000002
896,0,3.4542000000000002
897,0,3.4542000000000002
898,0,3.4542000000000002
899,0,3.4542000000000002
900,0,3.4542000000000002
901,0,3.4542000000000002
902,0,3.4542000000000002
903,0,3.4542000000000002
904,0,3.4542000000000002
905,0,3.4542000000000002
906,0,3.4542000000000002
907,0,3.4542000000000002
908,0,3.4542000000000002
909,0,3.4542000000000002
910,0,3.4542000000000002
911,0,3.4542000000000002
912,0,3.4542000000000002
913,0,3.4542000000000002
914,0,3.4542000000000002
915,0,3.4542000000000002
916,0,3.4542000000000002
917,0,3.4542000000000002
918,0,3.4542000000000002
919,0,3.4542000000000002
920,0,3.4523000000000001
921,0,3.4542000000000002
922,0,3.4523000000000001
923,0,3.4542000000000002
924,0,3.4542000000000002
925,0,3.4523000000000001
926,0,3.4523000000000001
927,0,3.4523000000000001
928,0,3.4523000000000001
929,0,3.4523000000000001
930,0,3.4542000000000002
931,0,3.4523000000000001
932,0,3.4523000000000001
933,0,3.4542000000000002
934,0,3.4542000000000002
935,0,3.4523000000000001
936,0,3.4523000000000001
937,0,3.4523000000000001
938,0,3.4523000000000001
939,0,3.4523000000000001
940,0,3.4523000000000001
941,0,3.4523000000000001
942,0,3.4523000000000001
943,0,3.4523000000000001
944,0,3.4523000000000001
945,0,3.4523000000000001
946,0,3.4523000000000001
947,0,3.4523000000000001
948,0,3.4523000000000001
949,0,3.4523000000000001
950,0,3.4523000000000001
951,0,3.4523000000000001
952,0,3.4523000000000001
953,0,3.4523000000000001
954,0,3.4523000000000001
955,0,3.4523000000000001
956,0,3.4523000000000001
957,0,3.4523000000000001
958,0,3.4523000000000001
959,0,3.4523000000000001
960,0,3.4523000000000001
961,0,3.4523000000000001
962,0,3.4523000000000001
963,0,3.4523000000000001
964,0,3.4523000000000001
965,0,3.4523000000000001
966,0,3.4523000000000001
967,0,3.4523000000000001
968,0,3.4523000000000001
969,0,3.4523000000000001
970,0,3.4523000000000001
971,0,3.4523000000000001
972,0,3.4523000000000001
973,0,3.4523000000000001
974,0,3.4523000000000001
975,0,3.4523000000000001
976,0,3.4523000000000001
977,0,3.4523000000000001
978,0,3.4523000000000001
979,0,3.4523000000000001
980,0,3.4523000000000001
981,0,3.4523000000000001
982,0,3.4523000000000001
983,0,3.4523000000000001
984,0,3.4523000000000001
985,0,3.4523000000000001
986,0,3.4523000000000001
987,0,3.4523000000000001
988,0,3.4523000000000001
989,0,3.4523000000000001
990,0,3.4523000000000001
991,0,3.4523000000000001
992,0,3.4523000000000001
993,0,3.4523000000000001
994,0,3.4523000000000001
995,0,3.4523000000000001
996,0,3.4523000000000001
997,0,3.4523000000000001
998,0,3.4523000000000001
999,0,3.4523000000000001
1000,0,3.4523000000000001
1001,0,3.4523000000000001
1002,0,3.4523000000000001
1003,0,3.4523000000000001
1004,0,3.4523000000000001
1005,0,3.4523000000000001
1006,0,3.4523000000000001
1007,0,3.4523000000000001
1008,0,3.4523000000000001
1009,0,3.4523000000000001
1010,0,3.4523000000000001
1011,0,3.4523000000000001
1012,0,3.4523000000000001
1013,0,3.4504999999999999
1014,0,3.4523000000000001
1015,0,3.4523000000000001
1016,0,3.4523000000000001
1017,0,3.4523000000000001
1018,0,3.4523000000000001
1019,0,3.4504999999999999
1020,0,3.4504999999999999
1021,0,3.4523000000000001
1022,0,3.4523000000000001
1023,0,3.4523000000000001
1024,0,3.4504999999999999
1025,0,3.4504999999999999
1026,0,3.4504999999999999
1027,0,3.4523000000000001
1028,0,3.4504999999999999
1029,0,3.4504999999999999
1030,0,3.4504999999999999
1031,0,3.4504999999999999
1032,0,3.4523000000000001
1033,0,3.4523000000000001
1034,0,3.4504999999999999
1035,0,3.4504999999999999
1036,0,3.4504999999999999
1037,0,3.4504999999999999
1038,0,3.4523000000000001
1039,0,3.4504999999999999
1040,0,3.4504999999999999
1041,0,3.4504999999999999
1042,0,3.4504999999999999
1043,0,3.4504999999999999
1044,0,3.4504999999999999
1045,0,3.4504999999999999
1046,0,3.4504999999999999
1047,0,3.4504999999999999
1048,0,3.4504999999999999
1049,0,3.4504999999999999
1050,0,3.4504999999999999
1051,0,3.4504999999999999
1052,0,3.4504999999999999
1053,0,3.4504999999999999
1054,0,3.4504999999999999
1055,0,3.4504999999999999
1056,0,3.4504999999999999
1057,0,3.4504999999999999
1058,0,3.4504999999999999
1059,0,3.4504999999999999
1060,0,3.4504999999999999
1061,0,3.4504999999999999
1062,0,3.4504999999999999
1063,0,3.4504999999999999
1064,0,3.4504999999999999
1065,0,3.4504999999999999
1066,0,3.4504999999999999
1067,0,3.4504999999999999
1068,0,3.4504999999999999
1069,0,3.4504999999999999
1070,0,3.4504999999999999
1071,0,3.4504999999999999
1072,0,3.4504999999999999
1073,0,3.4504999999999999
1074,0,3.4504999999999999
1075,0,3.4504999999999999
1076,0,3.4504999999999999
1077,0,3.4504999999999999
1078,0,3.4504999999999999
1079,0,3.4504999999999999
1080,0,3.4504999999999999
1081,0,3.4504999999999999
1082,0,3.4504999999999999
1083,0,3.4504999999999999
1084,0,3.4504999999999999
1085,0,3.4504999999999999
1086,0,3.4504999999999999
1087,0,3.4504999999999999
1088,0,3.4504999999999999
1089,0,3.4504999999999999
1090,0,3.4504999999999999
1091,0,3.4504999999999999
1092,0,3.4504999999999999
1093,0,3.4504999999999999
1094,0,3.4504999999999999
1095,0,3.4504999999999999
1096,0,3.4504999999999999
1097,0,3.4504999999999999
1098,0,3.4504999999999999
1099,0,3.4504999999999999
1100,0,3.4504999999999999
1101,0,3.4504999999999999
1102,0,3.4504999999999999
1103,0,3.4504999999999999
1104,0,3.4504999999999999
1105,0,3.4504999999999999
1106,0,3.4504999999999999
1107,0,3.4504999999999999
1108,0,3.4485999999999999
1109,0,3.4504999999999999
1110,0,3.4504999999999999
1111,0,3.4504999999999999
1112,0,3.4485999999999999
1113,0,3.4504999999999999
1114,0,3.4504999999999999
1115,0,3.4504999999999999
1116,0,3.4504999999999999
1117,0,3.4504999999999999
1118,0,3.4504999999999999
1119,0,3.4504999999999999
1120,0,3.4504999999999999
1121,0,3.4504999999999999
1122,0,3.4504999999999999
1123,0,3.4504999999999999
1124,0,3.4485999999999999
1125,0,3.4504999999999999
1126,0,3.4504999999999999
1127,0,3.4504999999999999
1128,0,3.4504999999999999
1129,0,3.4504999999999999
1130,0,3.4504999999999999
1131,0,3.4485999999999999
1132,0,3.4504999999999999
1133,0,3.4485999999999999
1134,0,3.4485999999999999
1135,0,3.4504999999999999
1136,0,3.4485999999999999
1137,0,3.4485999999999999
1138,0,3.4504999999999999
1139,0,3.4485999999999999
1140,0,3.4485999999999999
1141,0,3.4485999999999999
1142,0,3.4485999999999999
1143,0,3.4485999999999999
1144,0,3.4485999999999999
1145,0,3.4485999999999999
1146,0,3.4485999999999999
1147,0,3.4485999999999999
1148,0,3.4485999999999999
1149,0,3.4485999999999999
1150,0,3.4485999999999999
1151,0,3.4485999999999999
1152,0,3.4485999999999999
1153,0,3.4485999999999999
1154,0,3.4485999999999999
1155,0,3.4485999999999999
1156,0,3.4485999999999999
1157,0,3.4485999999999999
1158,0,3.4485999999999999
1159,0,3.4485999999999999
1160,0,3.4485999999999999
1161,0,3.4485999999999999
1162,0,3.4485999999999999
1163,0,3.4485999999999999
1164,0,3.4485999999999999
1165,0,3.4485999999999999
1166,0,3.4485999999999999
1167,0,3.4485999999999999
1168,0,3.4485999999999999
1169,0,3.4485999999999999
1170,0,3.4485999999999999
1171,0,3.4485999999999999
1172,0,3.4485999999999999
1173,0,3.4485999999999999
1174,0,3.4485999999999999
1175,0,3.4485999999999999
1176,0,3.4485999999999999
1177,0,3.4485999999999999
1178,0,3.4485999999999999
1179,0,3.4485999999999999
1180,0,3.4485999999999999
1181,0,3.4485999999999999
1182,0,3.4485999999999999
1183,0,3.4485999999999999
1184,0,3.4485999999999999
1185,0,3.4485999999999999
1186,0,3.4485999999999999
1187,0,3.4485999999999999
1188,0,3.4485999999999999
1189,0,3.4485999999999999
1190,0,3.4485999999999999
1191,0,3.4485999999999999
1192,0,3.4485999999999999
1193,0,3.4485999999999999
1194,0,3.4485999999999999
1195,0,3.4485999999999999
1196,0,3.4485999999999999
1197,0,3.4485999999999999
1198,0,3.4485999999999999
1199,0,3.4485999999999999
1200,0,3.4485999999999999
1201,0,3.4485999999999999
1202,0,3.4485999999999999
1203,0,3.4485999999999999
1204,0,3.4485999999999999
1205,0,3.4485999999999999
1206,0,3.4485999999999999
1207,0,3.4485999999999999
1208,0,3.4485999999999999
1209,0,3.4485999999999999
1210,0,3.4485999999999999
1211,0,3.4485999999999999
1212,0,3.4485999999999999
1213,0,3.4485999999999999
1214,0,3.4485999999999999
1215,0,3.4485999999999999
1216,0,3.4485999999999999
1217,0,3.4485999999999999
1218,0,3.4485999999999999
1219,0,3.4485999999999999
1220,0,3.4485999999999999
1221,0,3.4485999999999999
1222,0,3.4485999999999999
1223,0,3.4485999999999999
1224,0,3.4485999999999999
1225,0,3.4485999999999999
1226,0,3.4485999999999999
1227,0,3.4485999999999999
1228,0,3.4485999999999999
1229,0,3.4485999999999999
1230,0,3.4468000000000001
1231,0,3.4485999999999999
1232,0,3.4485999999999999
1233,0,3.4485999999999999
1234,0,3.4485999999999999
1235,0,3.4485999999999999
1236,0,3.4485999999999999
1237,0,3.4485999999999999
1238,0,3.4485999999999999
1239,0,3.4485999999999999
1240,0,3.4485999999999999
1241,0,3.4485999999999999
1242,0,3.4485999999999999
1243,0,3.4485999999999999
1244,0,3.4485999999999999
1245,0,3.4485999999999999
1246,0,3.4485999999999999
1247,0,3.4485999999999999
1248,0,3.4485999999999999
1249,0,3.4485999999999999
1250,0,3.4468000000000001
1251,0,3.4468000000000001
1252,0,3.4468000000000001
1253,0,3.4468000000000001
1254,0,3.4468000000000001
1255,0,3.4485999999999999
1256,0,3.4485999999999999
1257,0,3.4485999999999999
1258,0,3.4485999999999999
1259,0,3.4485999999999999
1260,0,3.4468000000000001
1261,0,3.4468000000000001
1262,0,3.4468000000000001
1263,0,3.4468000000000001
1264,0,3.4468000000000001
1265,0,3.4468000000000001
1266,0,3.4468000000000001
1267,0,3.4485999999999999
1268,0,3.4468000000000001
1269,0,3.4468000000000001
1270,0,3.4468000000000001
1271,0,3.4468000000000001
1272,0,3.4468000000000001
1273,0,3.4468000000000001
1274,0,3.4468000000000001
1275,0,3.4468000000000001
1276,0,3.4468000000000001
1277,0,3.4468000000000001
1278,0,3.4468000000000001
1279,0,3.4468000000000001
1280,0,3.4468000000000001
1281,0,3.4468000000000001
1282,0,3.4468000000000001
1283,0,3.4468000000000001
1284,0,3.4468000000000001
1285,0,3.4468000000000001
1286,0,3.4468000000000001
1287,0,3.4468000000000001
1288,0,3.4468000000000001
1289,0,3.4468000000000001
1290,0,3.4468000000000001
1291,0,3.4468000000000001
1292,0,3.4468000000000001
1293,0,3.4468000000000001
1294,0,3.4468000000000001
1295,0,3.4468000000000001
1296,0,3.4468000000000001
1297,0,3.4468000000000001
1298,0,3.4468000000000001
1299,0,3.4468000000000001
1300,0,3.4468000000000001
1301,0,3.4468000000000001
1302,0,3.4468000000000001
1303,0,3.4468000000000001
1304,0,3.4468000000000001
1305,0,3.4468000000000001
1306,0,3.4468000000000001
1307,0,3.4468000000000001
1308,0,3.4468000000000001
1309,0,3.4468000000000001
1310,0,3.4468000000000001
1311,0,3.4468000000000001
1312,0,3.4468000000000001
1313,0,3.4468000000000001
1314,0,3.4468000000000001
1315,0,3.4468000000000001
1316,0,3.4468000000000001
1317,0,3.4468000000000001
1318,0,3.4468000000000001
1319,0,3.4468000000000001
1320,0,3.4468000000000001
1321,0,3.4468000000000001
1322,0,3.4468000000000001
1323,0,3.4468000000000001
1324,0,3.4468000000000001
1325,0,3.4468000000000001
1326,0,3.4468000000000001
1327,0,3.4468000000000001
1328,0,3.4468000000000001
1329,0,3.4468000000000001
1330,0,3.4468000000000001
1331,0,3.4468000000000001
1332,0,3.4468000000000001
1333,0,3.4468000000000001
1334,0,3.4468000000000001
1335,0,3.4468000000000001
1336,0,3.4468000000000001
1337,0,3.4468000000000001
1338,0,3.4468000000000001
1339,0,3.4468000000000001
1340,0,3.4468000000000001
1341,0,3.4468000000000001
1342,0,3.4468000000000001
1343,0,3.4468000000000001
1344,0,3.4468000000000001
1345,0,3.4468000000000001
1346,0,3.4468000000000001
1347,0,3.4468000000000001
1348,0,3.4468000000000001
1349,0,3.4468000000000001
1350,0,3.4468000000000001
1351,0,3.4468000000000001
1352,0,3.4468000000000001
1353,0,3.4468000000000001
1354,0,3.4468000000000001
1355,0,3.4468000000000001
1356,0,3.4468000000000001
1357,0,3.4468000000000001
1358,0,3.4468000000000001
1359,0,3.4468000000000001
1360,0,3.4468000000000001
1361,0,3.4468000000000001
1362,0,3.4468000000000001
1363,0,3.4468000000000001
1364,0,3.4468000000000001
1365,0,3.4468000000000001
1366,0,3.4468000000000001
1367,0,3.4468000000000001
1368,0,3.4468000000000001
1369,0,3.4468000000000001
1370,0,3.4468000000000001
1371,0,3.4449000000000001
1372,0,3.4449000000000001
1373,0,3.4468000000000001
1374,0,3.4468000000000001
1375,0,3.4468000000000001
1376,0,3.4449000000000001
1377,0,3.4468000000000001
1378,0,3.4468000000000001
1379,0,3.4449000000000001
1380,0,3.4468000000000001
1381,0,3.4468000000000001
1382,0,3.4468000000000001
1383,0,3.4468000000000001
1384,0,3.4449000000000001
1385,0,3.4468000000000001
1386,0,3.4468000000000001
1387,0,3.4468000000000001
1388,0,3.4449000000000001
1389,0,3.4468000000000001
1390,0,3.4468000000000001
1391,0,3.4449000000000001
1392,0,3.4468000000000001
1393,0,3.4468000000000001
1394,0,3.4449000000000001
1395,0,3.4449000000000001
1396,0,3.4449000000000001
1397,0,3.4449000000000001
1398,0,3.4468000000000001
1399,0,3.4468000000000001
1400,0,3.4449000000000001
1401,0,3.4468000000000001
1402,0,3.4449000000000001
1403,0,3.4449000000000001
1404,0,3.4468000000000001
1405,0,3.4449000000000001
1406,0,3.4468000000000001
1407,0,3.4468000000000001
1408,0,3.4468000000000001
1409,0,3.4449000000000001
1410,0,3.4449000000000001
1411,0,3.4449000000000001
1412,0,3.4449000000000001
1413,0,3.4449000000000001
1414,0,3.4468000000000001
1415,0,3.4468000000000001
1416,0,3.4449000000000001
1417,0,3.4449000000000001
1418,0,3.4449000000000001
1419,0,3.4449000000000001
1420,0,3.4449000000000001
1421,0,3.4449000000000001
1422,0,3.4449000000000001
1423,0,3.4449000000000001
1424,0,3.4449000000000001
1425,0,3.4449000000000001
1426,0,3.4449000000000001
1427,0,3.4449000000000001
1428,0,3.4449000000000001
1429,0,3.4449000000000001
1430,0,3.4449000000000001
1431,0,3.4449000000000001
1432,0,3.4449000000000001
1433,0,3.4449000000000001
1434,0,3.4449000000000001
1435,0,3.4449000000000001
1436,0,3.4449000000000001
1437,0,3.4449000000000001
1438,0,3.4449000000000001
1439,0,3.4449000000000001
1440,0,3.4449000000000001
1441,0,3.4449000000000001
1442,0,3.4449000000000001
1443,0,3.4449000000000001
1444,0,3.4449000000000001
1445,0,3.4449000000000001
1446,0,3.4449000000000001
1447,0,3.4449000000000001
1448,0,3.4449000000000001
1449,0,3.4449000000000001
1450,0,3.4449000000000001
1451,0,3.4449000000000001
1452,0,3.4449000000000001
1453,0,3.4449000000000001
1454,0,3.4449000000000001
1455,0,3.4449000000000001
1456,0,3.4449000000000001
1457,0,3.4449000000000001
1458,0,3.4449000000000001
1459,0,3.4449000000000001
1460,0,3.4449000000000001
1461,0,3.4449000000000001
1462,0,3.4449000000000001
1463,0,3.4449000000000001
1464,0,3.4449000000000001
1465,0,3.4449000000000001
1466,0,3.4449000000000001
1467,0,3.4449000000000001
1468,0,3.4449000000000001
1469,0,3.4449000000000001
1470,0,3.4449000000000001
1471,0,3.4449000000000001
1472,0,3.4449000000000001
1473,0,3.4449000000000001
1474,0,3.4449000000000001
1475,0,3.4449000000000001
1476,0,3.4449000000000001
1477,0,3.4449000000000001
1478,0,3.4449000000000001
1479,0,3.4449000000000001
1480,0,3.4449000000000001
1481,0,3.4449000000000001
1482,0,3.4449000000000001
1483,0,3.4449000000000001
1484,0,3.4449000000000001
1485,0,3.4449000000000001
1486,0,3.4449000000000001
1487,0,3.4449000000000001
1488,0,3.4449000000000001
1489,0,3.4449000000000001
1490,0,3.4449000000000001
1491,0,3.4449000000000001
1492,0,3.4449000000000001
1493,0,3.4449000000000001
1494,0,3.4449000000000001
1495,0,3.4449000000000001
1496,0,3.4449000000000001
1497,0,3.4449000000000001
1498,0,3.4449000000000001
1499,0,3.4449000000000001
1500,0,3.4449000000000001
1501,0,3.4449000000000001
1502,0,3.4449000000000001
1503,0,3.4449000000000001
1504,0,3.4449000000000001
1505,0,3.4449000000000001
1506,0,3.4449000000000001
1507,0,3.4449000000000001
1508,0,3.4449000000000001
1509,0,3.4449000000000001
1510,0,3.4449000000000001
1511,0,3.4449000000000001
1512,0,3.4449000000000001
1513,0,3.4449000000000001
1514,0,3.4449000000000001
1515,0,3.4449000000000001
1516,0,3.4449000000000001
1517,0,3.4449000000000001
1518,0,3.4449000000000001
1519,0,3.4449000000000001
1520,0,3.4449000000000001
1521,0,3.4449000000000001
1522,0,3.4449000000000001
1523,0,3.4449000000000001
1524,0,3.4449000000000001
1525,0,3.4449000000000001
1526,0,3.4449000000000001
1527,0,3.4449000000000001
1528,0,3.4449000000000001
1529,0,3.4449000000000001
1530,0,3.4449000000000001
1531,0,3.4449000000000001
1532,0,3.4449000000000001
1533,0,3.4449000000000001
1534,0,3.4449000000000001
1535,0,3.4449000000000001
1536,0,3.4449000000000001
1537,0,3.4449000000000001
1538,0,3.4449000000000001
1539,0,3.4449000000000001
1540,0,3.4449000000000001
1541,0,3.4430000000000001
1542,0,3.4449000000000001
1543,0,3.4449000000000001
1544,0,3.4449000000000001
1545,0,3.4449000000000001
1546,0,3.4449000000000001
1547,0,3.4449000000000001
1548,0,3.4430000000000001
1549,0,3.4449000000000001
1550,0,3.4449000000000001
1551,0,3.4449000000000001
1552,0,3.4449000000000001
1553,0,3.4449000000000001
1554,0,3.4449000000000001
1555,0,3.4449000000000001
1556,0,3.4449000000000001
1557,0,3.4430000000000001
1558,0,3.4449000000000001
1559,0,3.4449000000000001
1560,0,3.4430000000000001
1561,0,3.4430000000000001
1562,0,3.4430000000000001
1563,0,3.4430000000000001
1564,0,3.4430000000000001
1565,0,3.4449000000000001
1566,0,3.4430000000000001
1567,0,3.4430000000000001
1568,0,3.4430000000000001
1569,0,3.4430000000000001
1570,0,3.4449000000000001
1571,0,3.4430000000000001
1572,0,3.4430000000000001
1573,0,3.4430000000000001
1574,0,3.4449000000000001
1575,0,3.4449000000000001
1576,0,3.4449000000000001
1577,0,3.4430000000000001
1578,0,3.4430000000000001
1579,0,3.4449000000000001
1580,0,3.4430000000000001
1581,0,3.4430000000000001
1582,0,3.4430000000000001
1583,0,3.4449000000000001
1584,0,3.4430000000000001
1585,0,3.4430000000000001
1586,0,3.4430000000000001
1587,0,3.4430000000000001
1588,0,3.4430000000000001
1589,0,3.4430000000000001
1590,0,3.4430000000000001
1591,0,3.4430000000000001
1592,0,3.4430000000000001
1593,0,3.4430000000000001
1594,0,3.4430000000000001
1595,0,3.4430000000000001
1596,0,3.4430000000000001
1597,0,3.4430000000000001
1598,0,3.4430000000000001
1599,0,3.4430000000000001
1600,0,3.4430000000000001
1601,0,3.4430000000000001
1602,0,3.4430000000000001
1603,0,3.4430000000000001
1604,0,3.4430000000000001
1605,0,3.4430000000000001
1606,0,3.4430000000000001
1607,0,3.4430000000000001
1608,0,3.4430000000000001
1609,0,3.4430000000000001
1610,0,3.4430000000000001
1611,0,3.4430000000000001
1612,0,3.4430000000000001
1613,0,3.4430000000000001
1614,0,3.4430000000000001
1615,0,3.4430000000000001
1616,0,3.4430000000000001
1617,0,3.4430000000000001
1618,0,3.4430000000000001
1619,0,3.4430000000000001
1620,0,3.4430000000000001
1621,0,3.4430000000000001
1622,0,3.4430000000000001
1623,0,3.4430000000000001
1624,0,3.4430000000000001
1625,0,3.4430000000000001
1626,0,3.4430000000000001
1627,0,3.4430000000000001
1628,0,3.4430000000000001
1629,0,3.4430000000000001
1630,0,3.4430000000000001
1631,0,3.4430000000000001
1632,0,3.4430000000000001
1633,0,3.4430000000000001
1634,0,3.4430000000000001
1635,0,3.4430000000000001
1636,0,3.4430000000000001
1637,0,3.4430000000000001
1638,0,3.4430000000000001
1639,0,3.4430000000000001
1640,0,3.4430000000000001
1641,0,3.4430000000000001
1642,0,3.4430000000000001
1643,0,3.4430000000000001
1644,0,3.4430000000000001
1645,0,3.4430000000000001
1646,0,3.4430000000000001
1647,0,3.4430000000000001
1648,0,3.4430000000000001
1649,0,3.4430000000000001
1650,0,3.4430000000000001
1651,0,3.4430000000000001
1652,0,3.4430000000000001
1653,0,3.4430000000000001
1654,0,3.4430000000000001
1655,0,3.4430000000000001
1656,0,3.4430000000000001
1657,0,3.4430000000000001
1658,0,3.4430000000000001
1659,0,3.4430000000000001
1660,0,3.4430000000000001
1661,0,3.4430000000000001
1662,0,3.4430000000000001
1663,0,3.4430000000000001
1664,0,3.4430000000000001
1665,0,3.4430000000000001
1666,0,3.4430000000000001
1667,0,3.4430000000000001
1668,0,3.4430000000000001
1669,0,3.4430000000000001
1670,0,3.4430000000000001
1671,0,3.4430000000000001
1672,0,3.4430000000000001
1673,0,3.4430000000000001
1674,0,3.4430000000000001
1675,0,3.4430000000000001
1676,0,3.4430000000000001
1677,0,3.4430000000000001
1678,0,3.4430000000000001
1679,0,3.4430000000000001
1680,0,3.4430000000000001
1681,0,3.4430000000000001
1682,0,3.4430000000000001
1683,0,3.4430000000000001
1684,0,3.4430000000000001
1685,0,3.4430000000000001
1686,0,3.4430000000000001
1687,0,3.4430000000000001
1688,0,3.4430000000000001
1689,0,3.4430000000000001
1690,0,3.4430000000000001
1691,0,3.4430000000000001
1692,0,3.4430000000000001
1693,0,3.4430000000000001
1694,0,3.4430000000000001
1695,0,3.4430000000000001
1696,0,3.4430000000000001
1697,0,3.4430000000000001
1698,0,3.4430000000000001
1699,0,3.4430000000000001
1700,0,3.4430000000000001
1701,0,3.4430000000000001
1702,0,3.4430000000000001
1703,0,3.4430000000000001
1704,0,3.4430000000000001
1705,0,3.4430000000000001
1706,0,3.4430000000000001
1707,0,3.4430000000000001
1708,0,3.4430000000000001
1709,0,3.4430000000000001
1710,0,3.4430000000000001
1711,0,3.4430000000000001
1712,0,3.4430000000000001
1713,0,3.4430000000000001
1714,0,3.4430000000000001
1715,0,3.4430000000000001
1716,0,3.4430000000000001
1717,0,3.4430000000000001
1718,0,3.4430000000000001
1719,0,3.4430000000000001
1720,0,3.4430000000000001
1721,0,3.4430000000000001
1722,0,3.4430000000000001
1723,0,3.4430000000000001
1724,0,3.4430000000000001
1725,0,3.4430000000000001
1726,0,3.4430000000000001
1727,0,3.4430000000000001
1728,0,3.4430000000000001
1729,0,3.4430000000000001
1730,0,3.4430000000000001
1731,0,3.4430000000000001
1732,0,3.4430000000000001
1733,0,3.4430000000000001
1734,0,3.4430000000000001
1735,0,3.4430000000000001
1736,0,3.4430000000000001
1737,0,3.4430000000000001
1738,0,3.4430000000000001
1739,0,3.4430000000000001
1740,0,3.4430000000000001
1741,0,3.4430000000000001
1742,0,3.4430000000000001
1743,0,3.4430000000000001
1744,0,3.4430000000000001
1745,0,3.4430000000000001
1746,0,3.4430000000000001
1747,0,3.4430000000000001
1748,0,3.4430000000000001
1749,0,3.4430000000000001
1750,0,3.4430000000000001
1751,0,3.4430000000000001
1752,0,3.4430000000000001
1753,0,3.4430000000000001
1754,0,3.4430000000000001
1755,0,3.4430000000000001
1756,0,3.4430000000000001
1757,0,3.4430000000000001
1758,0,3.4430000000000001
1759,0,3.4430000000000001
1760,0,3.4411999999999998
1761,0,3.4411999999999998
1762,0,3.4430000000000001
1763,0,3.4430000000000001
1764,0,3.4430000000000001
1765,0,3.4430000000000001
1766,0,3.4430000000000001
1767,0,3.4430000000000001
1768,0,3.4411999999999998
1769,0,3.4430000000000001
1770,0,3.4430000000000001
1771,0,3.4411999999999998
1772,0,3.4411999999999998
1773,0,3.4411999999999998
1774,0,3.4411999999999998
1775,0,3.4411999999999998
1776,0,3.4430000000000001
1777,0,3.4430000000000001
1778,0,3.4411999999999998
1779,0,3.4430000000000001
1780,0,3.4411999999999998
1781,0,3.4430000000000001
1782,0,3.4411999999999998
1783,0,3.4411999999999998
1784,0,3.4430000000000001
1785,0,3.4411999999999998
1786,0,3.4430000000000001
1787,0,3.4411999999999998
1788,0,3.4411999999999998
1789,0,3.4411999999999998
1790,0,3.4411999999999998
1791,0,3.4411999999999998
1792,0,3.4430000000000001
1793,0,3.4430000000000001
1794,0,3.4411999999999998
1795,0,3.4430000000000001
1796,0,3.4411999999999998
1797,0,3.4411999999999998
1798,0,3.4411999999999998
1799,0,3.4411999999999998
1800,0,3.4430000000000001
1801,0,3.4411999999999998
1802,0,3.4411999999999998
1803,0,3.4411999999999998
1804,0,3.4411999999999998
1805,0,3.4411999999999998
1806,0,3.4411999999999998
1807,0,3.4430000000000001
1808,0,3.4411999999999998
1809,0,3.4411999999999998
1810,0,3.4430000000000001
1811,0,3.4430000000000001
1812,0,3.4411999999999998
1813,0,3.4411999999999998
1814,0,3.4411999999999998
1815,0,3.4411999999999998
1816,0,3.4411999999999998
1817,0,3.4411999999999998
1818,0,3.4411999999999998
1819,0,3.4411999999999998
1820,0,3.4411999999999998
1821,0,3.4411999999999998
1822,0,3.4411999999999998
1823,0,3.4411999999999998
1824,0,3.4430000000000001
1825,0,3.4411999999999998
1826,0,3.4411999999999998
1827,0,3.4411999999999998
1828,0,3.4411999999999998
1829,0,3.4411999999999998
1830,0,3.4411999999999998
1831,0,3.4411999999999998
1832,0,3.4411999999999998
1833,0,3.4411999999999998
1834,0,3.4411999999999998
1835,0,3.4411999999999998
1836,0,3.4411999999999998
1837,0,3.4411999999999998
1838,0,3.4411999999999998
1839,0,3.4411999999999998
1840,0,3.4411999999999998
1841,0,3.4411999999999998
1842,0,3.4411999999999998
1843,0,3.4411999999999998
1844,0,3.4411999999999998
1845,0,3.4411999999999998
1846,0,3.4411999999999998
1847,0,3.4411999999999998
1848,0,3.4411999999999998
1849,0,3.4411999999999998
1850,0,3.4411999999999998
1851,0,3.4411999999999998
1852,0,3.4411999999999998
1853,0,3.4411999999999998
1854,0,3.4411999999999998
1855,0,3.4411999999999998
1856,0,3.4411999999999998
1857,0,3.4411999999999998
1858,0,3.4411999999999998
1859,0,3.4411999999999998
1860,0,3.4411999999999998
1861,0,3.4411999999999998
1862,0,3.4411999999999998
1863,0,3.4411999999999998
1864,0,3.4411999999999998
1865,0,3.4411999999999998
1866,0,3.4411999999999998
1867,0,3.4411999999999998
1868,0,3.4411999999999998
1869,0,3.4411999999999998
1870,0,3.4411999999999998
1871,0,3.4411999999999998
1872,0,3.4411999999999998
1873,0,3.4411999999999998
1874,0,3.4411999999999998
1875,0,3.4411999999999998
1876,0,3.4411999999999998
1877,0,3.4411999999999998
1878,0,3.4411999999999998
1879,0,3.4411999999999998
1880,0,3.4411999999999998
1881,0,3.4411999999999998
1882,0,3.4411999999999998
1883,0,3.4411999999999998
1884,0,3.4411999999999998
1885,0,3.4411999999999998
1886,0,3.4411999999999998
1887,0,3.4411999999999998
1888,0,3.4411999999999998
1889,0,3.4411999999999998
1890,0,3.4411999999999998
1891,0,3.4411999999999998
1892,0,3.4411999999999998
1893,0,3.4411999999999998
1894,0,3.4411999999999998
1895,0,3.4411999999999998
1896,0,3.4411999999999998
1897,0,3.4411999999999998
1898,0,3.4411999999999998
1899,0,3.4411999999999998
1900,0,3.4411999999999998
1901,0,3.4411999999999998
1902,0,3.4411999999999998
1903,0,3.4411999999999998
1904,0,3.4411999999999998
1905,0,3.4411999999999998
1906,0,3.4411999999999998
1907,0,3.4411999999999998
1908,0,3.4411999999999998
1909,0,3.4411999999999998
1910,0,3.4411999999999998
1911,0,3.4411999999999998
1912,0,3.4411999999999998
1913,0,3.4411999999999998
1914,0,3.4411999999999998
1915,0,3.4411999999999998
1916,0,3.4411999999999998
1917,0,3.4411999999999998
1918,0,3.4411999999999998
1919,0,3.4411999999999998
1920,0,3.4411999999999998
1921,0,3.4411999999999998
1922,0,3.4411999999999998
1923,0,3.4411999999999998
1924,0,3.4411999999999998
1925,0,3.4411999999999998
1926,0,3.4411999999999998
1927,0,3.4411999999999998
1928,0,3.4411999999999998
1929,0,3.4411999999999998
1930,0,3.4411999999999998
1931,0,3.4411999999999998
1932,0,3.4411999999999998
1933,0,3.4411999999999998
1934,0,3.4411999999999998
1935,0,3.4411999999999998
1936,0,3.4411999999999998
1937,0,3.4411999999999998
1938,0,3.4411999999999998
1939,0,3.4411999999999998
1940,0,3.4411999999999998
1941,0,3.4411999999999998
1942,0,3.4411999999999998
1943,0,3.4411999999999998
1944,0,3.4411999999999998
1945,0,3.4411999999999998
1946,0,3.4411999999999998
1947,0,3.4411999999999998
1948,0,3.4411999999999998
1949,0,3.4411999999999998
1950,0,3.4411999999999998
1951,0,3.4411999999999998
1952,0,3.4411999999999998
1953,0,3.4411999999999998
1954,0,3.4411999999999998
1955,0,3.4411999999999998
1956,0,3.4411999999999998
1957,0,3.4411999999999998
1958,0,3.4411999999999998
1959,0,3.4411999999999998
1960,0,3.4411999999999998
1961,0,3.4411999999999998
1962,0,3.4411999999999998
1963,0,3.4411999999999998
1964,0,3.4411999999999998
1965,0,3.4411999999999998
1966,0,3.4411999999999998
1967,0,3.4411999999999998
1968,0,3.4411999999999998
1969,0,3.4411999999999998
1970,0,3.4411999999999998
1971,0,3.4411999999999998
1972,0,3.4411999999999998
1973,0,3.4411999999999998
1974,0,3.4392999999999998
1975,0,3.4411999999999998
1976,0,3.4411999999999998
1977,0,3.4411999999999998
1978,0,3.4411999999999998
1979,0,3.4411999999999998
1980,0,3.4411999999999998
1981,0,3.4411999999999998
1982,0,3.4411999999999998
1983,0,3.4392999999999998
1984,0,3.4411999999999998
1985,0,3.4392999999999998
1986,0,3.4411999999999998
1987,0,3.4411999999999998
1988,0,3.4411999999999998
1989,0,3.4411999999999998
1990,0,3.4411999999999998
1991,0,3.4411999999999998
1992,0,3.4411999999999998
1993,0,3.4411999999999998
1994,0,3.4411999999999998
1995,0,3.4411999999999998
1996,0,3.4392999999999998
1997,0,3.4392999999999998
1998,0,3.4392999999999998
1999,0,3.4411999999999998
2000,0,3.4411999999999998
2001,0,3.4411999999999998
2002,0,3.4411999999999998
2003,0,3.4411999999999998
2004,0,3.4411999999999998
2005,0,3.4411999999999998
2006,0,3.4411999999999998
2007,0,3.4411999999999998
2008,0,3.4411999999999998
2009,0,3.4392999999999998
2010,0,3.4411999999999998
2011,0,3.4411999999999998
2012,0,3.4392999999999998
2013,0,3.4411999999999998
2014,0,3.4392999999999998
2015,0,3.4392999999999998
2016,0,3.4411999999999998
2017,0,3.4411999999999998
2018,0,3.4392999999999998
2019,0,3.4392999999999998
2020,0,3.4411999999999998
2021,0,3.4411999999999998
2022,0,3.4411999999999998
2023,0,3.4411999999999998
2024,0,3.4392999999999998
2025,0,3.4411999999999998
2026,0,3.4411999999999998
2027,0,3.4392999999999998
2028,0,3.4392999999999998
2029,0,3.4411999999999998
2030,0,3.4392999999999998
2031,0,3.4392999999999998
2032,0,3.4392999999999998
2033,0,3.4392999999999998
2034,0,3.4411999999999998
2035,0,3.4392999999999998
2036,0,3.4392999999999998
2037,0,3.4392999999999998
2038,0,3.4411999999999998
2039,0,3.4392999999999998
2040,0,3.4411999999999998
2041,0,3.4392999999999998
2042,0,3.4392999999999998
2043,0,3.4392999999999998
2044,0,3.4411999999999998
2045,0,3.4392999999999998
2046,0,3.4392999999999998
2047,0,3.4392999999999998
2048,0,3.4411999999999998
2049,0,3.4392999999999998
2050,0,3.4392999999999998
2051,0,3.4392999999999998
2052,0,3.4411999999999998
2053,0,3.4392999999999998
2054,0,3.4392999999999998
2055,0,3.4392999999999998
2056,0,3.4392999999999998
2057,0,3.4392999999999998
2058,0,3.4392999999999998
2059,0,3.4392999999999998
2060,0,3.4392999999999998
2061,0,3.4392999999999998
2062,0,3.4392999999999998
2063,0,3.4392999999999998
2064,0,3.4392999999999998
2065,0,3.4392999999999998
2066,0,3.4392999999999998
2067,0,3.4392999999999998
2068,0,3.4392999999999998
2069,0,3.4392999999999998
2070,0,3.4392999999999998
2071,0,3.4392999999999998
2072,0,3.4392999999999998
2073,0,3.4392999999999998
2074,0,3.4392999999999998
2075,0,3.4392999999999998
2076,0,3.4411999999999998
2077,0,3.4392999999999998
2078,0,3.4392999999999998
2079,0,3.4392999999999998
2080,0,3.4392999999999998
2081,0,3.4392999999999998
2082,0,3.4392999999999998
2083,0,3.4392999999999998
2084,0,3.4392999999999998
2085,0,3.4392999999999998
2086,0,3.4392999999999998
2087,0,3.4392999999999998
2088,0,3.4392999999999998
2089,0,3.4392999999999998
2090,0,3.4392999999999998
2091,0,3.4392999999999998
2092,0,3.4392999999999998
2093,0,3.4392999999999998
2094,0,3.4392999999999998
2095,0,3.4392999999999998
2096,0,3.4392999999999998
2097,0,3.4392999999999998
2098,0,3.4392999999999998
2099,0,3.4392999999999998
2100,0,3.4392999999999998
2101,0,3.4392999999999998
2102,0,3.4392999999999998
2103,0,3.4392999999999998
2104,0,3.4392999999999998
2105,0,3.4392999999999998
2106,0,3.4392999999999998
2107,0,3.4392999999999998
2108,0,3.4392999999999998
2109,0,3.4392999999999998
2110,0,3.4392999999999998
2111,0,3.4392999999999998
2112,0,3.4392999999999998
2113,0,3.4392999999999998
2114,0,3.4392999999999998
2115,0,3.4392999999999998
2116,0,3.4392999999999998
2117,0,3.4392999999999998
2118,0,3.4392999999999998
2119,0,3.4392999999999998
2120,0,3.4392999999999998
2121,0,3.4392999999999998
2122,0,3.4392999999999998
2123,0,3.4392999999999998
2124,0,3.4392999999999998
2125,0,3.4392999999999998
2126,0,3.4392999999999998
2127,0,3.4392999999999998
2128,0,3.4392999999999998
2129,0,3.4392999999999998
2130,0,3.4392999999999998
2131,0,3.4392999999999998
2132,0,3.4392999999999998
2133,0,3.4392999999999998
2134,0,3.4392999999999998
2135,0,3.4392999999999998
2136,0,3.4392999999999998
2137,0,3.4392999999999998
2138,0,3.4392999999999998
2139,0,3.4392999999999998
2140,0,3.4392999999999998
2141,0,3.4392999999999998
2142,0,3.4392999999999998
2143,0,3.4392999999999998
2144,0,3.4392999999999998
2145,0,3.4392999999999998
2146,0,3.4392999999999998
2147,0,3.4392999999999998
2148,0,3.4392999999999998
2149,0,3.4392999999999998
2150,0,3.4392999999999998
2151,0,3.4392999999999998
2152,0,3.4392999999999998
2153,0,3.4392999999999998
2154,0,3.4392999999999998
2155,0,3.4392999999999998
2156,0,3.4392999999999998
2157,0,3.4392999999999998
2158,0,3.4392999999999998
2159,0,3.4392999999999998
2160,0,3.4392999999999998
2161,0,3.4392999999999998
2162,0,3.4392999999999998
2163,0,3.4392999999999998
2164,0,3.4392999999999998
2165,0,3.4392999999999998
2166,0,3.4392999999999998
2167,0,3.4392999999999998
2168,0,3.4392999999999998
2169,0,3.4392999999999998
2170,0,3.4392999999999998
2171,0,3.4392999999999998
2172,0,3.4392999999999998
2173,0,3.4392999999999998
2174,0,3.4392999999999998
2175,0,3.4392999999999998
2176,0,3.4392999999999998
2177,0,3.4392999999999998
2178,0,3.4392999999999998
2179,0,3.4392999999999998
2180,0,3.4392999999999998
2181,0,3.4392999999999998
2182,0,3.4392999999999998
2183,0,3.4392999999999998
2184,0,3.4392999999999998
2185,0,3.4392999999999998
2186,0,3.4392999999999998
2187,0,3.4392999999999998
2188,0,3.4392999999999998
2189,0,3.4392999999999998
2190,0,3.4392999999999998
2191,0,3.4392999999999998
2192,0,3.4392999999999998
2193,0,3.4392999999999998
2194,0,3.4392999999999998
2195,0,3.4392999999999998
2196,0,3.4392999999999998
2197,0,3.4392999999999998
2198,0,3.4392999999999998
2199,0,3.4392999999999998
2200,0,3.4392999999999998
2201,0,3.4392999999999998
2202,0,3.4392999999999998
2203,0,3.4392999999999998
2204,0,3.4392999999999998
2205,0,3.4392999999999998
2206,0,3.4392999999999998
2207,0,3.4392999999999998
2208,0,3.4392999999999998
2209,0,3.4392999999999998
2210,0,3.4392999999999998
2211,0,3.4392999999999998
2212,0,3.4392999999999998
2213,0,3.4392999999999998
2214,0,3.4392999999999998
2215,0,3.4392999999999998
2216,0,3.4392999999999998
2217,0,3.4392999999999998
2218,0,3.4392999999999998
2219,0,3.4392999999999998
2220,0,3.4392999999999998
2221,0,3.4392999999999998
2222,0,3.4392999999999998
2223,0,3.4392999999999998
2224,0,3.4392999999999998
2225,0,3.4392999999999998
2226,0,3.4392999999999998
2227,0,3.4392999999999998
2228,0,3.4392999999999998
2229,0,3.4392999999999998
2230,0,3.4392999999999998
2231,0,3.4392999999999998
2232,0,3.4392999999999998
2233,0,3.4392999999999998
2234,0,3.4392999999999998
2235,0,3.4392999999999998
2236,0,3.4392999999999998
2237,0,3.4392999999999998
2238,0,3.4392999999999998
2239,0,3.4392999999999998
2240,0,3.4392999999999998
2241,0,3.4392999999999998
2242,0,3.4392999999999998
2243,0,3.4392999999999998
2244,0,3.4392999999999998
2245,0,3.4392999999999998
2246,0,3.4392999999999998
2247,0,3.4392999999999998
2248,0,3.4392999999999998
2249,0,3.4392999999999998
2250,0,3.4392999999999998
2251,0,3.4392999999999998
2252,0,3.4392999999999998
2253,0,3.4392999999999998
2254,0,3.4392999999999998
2255,0,3.4392999999999998
2256,0,3.4392999999999998
2257,0,3.4392999999999998
2258,0,3.4392999999999998
2259,0,3.4392999999999998
2260,0,3.4392999999999998
2261,0,3.4392999999999998
2262,0,3.4392999999999998
2263,0,3.4392999999999998
2264,0,3.4392999999999998
2265,0,3.4392999999999998
2266,0,3.4392999999999998
2267,0,3.4392999999999998
2268,0,3.4392999999999998
2269,0,3.4392999999999998
2270,0,3.4392999999999998
2271,0,3.4392999999999998
2272,0,3.4392999999999998
2273,0,3.4392999999999998
2274,0,3.4392999999999998
2275,0,3.4392999999999998
2276,0,3.4392999999999998
2277,0,3.4392999999999998
2278,0,3.4392999999999998
2279,0,3.4392999999999998
2280,0,3.4392999999999998
2281,0,3.4392999999999998
2282,0,3.4356
2283,0,3.4392999999999998
2284,0,3.4392999999999998
2285,0,3.4392999999999998
2286,0,3.4356
2287,0,3.4392999999999998
2288,0,3.4392999999999998
2289,0,3.4392999999999998
2290,0,3.4392999999999998
2291,0,3.4392999999999998
2292,0,3.4392999999999998
2293,0,3.4392999999999998
2294,0,3.4392999999999998
2295,0,3.4392999999999998
2296,0,3.4392999999999998
2297,0,3.4392999999999998
2298,0,3.4392999999999998
2299,0,3.4356
2300,0,3.4392999999999998
2301,0,3.4392999999999998
2302,0,3.4392999999999998
2303,0,3.4392999999999998
2304,0,3.4392999999999998
2305,0,3.4392999999999998
2306,0,3.4356
2307,0,3.4392999999999998
2308,0,3.4392999999999998
2309,0,3.4356
2310,0,3.4392999999999998
2311,0,3.4392999999999998
2312,0,3.4392999999999998
2313,0,3.4356
2314,0,3.4356
2315,0,3.4392999999999998
2316,0,3.4392999999999998
2317,0,3.4392999999999998
2318,0,3.4356
2319,0,3.4392999999999998
2320,0,3.4392999999999998
2321,0,3.4392999999999998
2322,0,3.4392999999999998
2323,0,3.4392999999999998
2324,0,3.4392999999999998
2325,0,3.4392999999999998
2326,0,3.4356
2327,0,3.4356
2328,0,3.4392999999999998
2329,0,3.4356
2330,0,3.4392999999999998
2331,0,3.4392999999999998
2332,0,3.4356
2333,0,3.4356
2334,0,3.4392999999999998
2335,0,3.4356
2336,0,3.4356
2337,0,3.4356
2338,0,3.4356
2339,0,3.4356
2340,0,3.4356
2341,0,3.4392999999999998
2342,0,3.4356
2343,0,3.4392999999999998
2344,0,3.4356
2345,0,3.4392999999999998
2346,0,3.4356
2347,0,3.4356
2348,0,3.4392999999999998
2349,0,3.4356
2350,0,3.4356
2351,0,3.4392999999999998
2352,0,3.4356
2353,0,3.4392999999999998
2354,0,3.4356
2355,0,3.4356
2356,0,3.4356
2357,0,3.4356
2358,0,3.4356
2359,0,3.4356
2360,0,3.4356
2361,0,3.4356
2362,0,3.4356
2363,0,3.4392999999999998
2364,0,3.4356
2365,0,3.4356
2366,0,3.4392999999999998
2367,0,3.4356
2368,0,3.4356
2369,0,3.4356
2370,0,3.4356
2371,0,3.4356
2372,0,3.4356
2373,0,3.4356
2374,0,3.4356
2375,0,3.4392999999999998
2376,0,3.4356
2377,0,3.4356
2378,0,3.4356
2379,0,3.4356
2380,0,3.4392999999999998
2381,0,3.4356
2382,0,3.4392999999999998
2383,0,3.4356
2384,0,3.4356
2385,0,3.4356
2386,0,3.4356
2387,0,3.4356
2388,0,3.4356
2389,0,3.4392999999999998
2390,0,3.4356
2391,0,3.4356
2392,0,3.4356
2393,0,3.4356
2394,0,3.4356
2395,0,3.4356
2396,0,3.4356
2397,0,3.4356
2398,0,3.4356
2399,0,3.4356
2400,0,3.4356
2401,0,3.4356
2402,0,3.4356
2403,0,3.4356
2404,0,3.4356
2405,0,3.4356
2406,0,3.4356
2407,0,3.4356
2408,0,3.4356
2409,0,3.4356
2410,0,3.4356
2411,0,3.4356
2412,0,3.4356
2413,0,3.4356
2414,0,3.4356
2415,0,3.4356
2416,0,3.4356
2417,0,3.4356
2418,0,3.4356
2419,0,3.4356
2420,0,3.4356
2421,0,3.4356
2422,0,3.4356
2423,0,3.4356
2424,0,3.4356
2425,0,3.4356
2426,0,3.4356
2427,0,3.4356
2428,0,3.4356
2429,0,3.4356
2430,0,3.4356
2431,0,3.4356
2432,0,3.4356
2433,0,3.4356
2434,0,3.4356
2435,0,3.4356
2436,0,3.4356
2437,0,3.4356
2438,0,3.4356
2439,0,3.4356
2440,0,3.4356
2441,0,3.4356
2442,0,3.4356
2443,0,3.4356
2444,0,3.4356
2445,0,3.4356
2446,0,3.4356
2447,0,3.4356
2448,0,3.4356
2449,0,3.4356
2450,0,3.4356
2451,0,3.4356
2452,0,3.4356
2453,0,3.4356
2454,0,3.4356
2455,0,3.4356
2456,0,3.4356
2457,0,3.4356
2458,0,3.4356
2459,0,3.4356
2460,0,3.4356
2461,0,3.4356
2462,0,3.4356
2463,0,3.4356
2464,0,3.4356
2465,0,3.4356
2466,0,3.4356
2467,0,3.4356
2468,0,3.4356
2469,0,3.4356
2470,0,3.4356
2471,0,3.4356
2472,0,3.4356
2473,0,3.4356
2474,0,3.4356
2475,0,3.4356
2476,0,3.4356
2477,0,3.4356
2478,0,3.4356
2479,0,3.4356
2480,0,3.4356
2481,0,3.4356
2482,0,3.4356
2483,0,3.4356
2484,0,3.4356
2485,0,3.4356
2486,0,3.4356
2487,0,3.4356
2488,0,3.4356
2489,0,3.4356
2490,0,3.4356
2491,0,3.4356
2492,0,3.4356
2493,0,3.4356
2494,0,3.4356
2495,0,3.4356
2496,0,3.4356
2497,0,3.4356
2498,0,3.4356
2499,0,3.4356
2500,0,3.4356
2501,0,3.4356
2502,0,3.4356
2503,0,3.4356
2504,0,3.4356
2505,0,3.4356
2506,0,3.4356
2507,0,3.4356
2508,0,3.4356
2509,0,3.4356
2510,0,3.4356
2511,0,3.4356
2512,0,3.4356
2513,0,3.4356
2514,0,3.4356
2515,0,3.4356
2516,0,3.4356
2517,0,3.4356
2518,0,3.4356
2519,0,3.4356
2520,0,3.4356
2521,0,3.4356
2522,0,3.4356
2523,0,3.4356
2524,0,3.4356
2525,0,3.4356
2526,0,3.4356
2527,0,3.4356
2528,0,3.4356
2529,0,3.4356
2530,0,3.4356
2531,0,3.4356
2532,0,3.4356
2533,0,3.4356
2534,0,3.4356
2535,0,3.4356
2536,0,3.4356
2537,0,3.4356
2538,0,3.4356
2539,0,3.4356
2540,0,3.4356
2541,0,3.4356
2542,0,3.4356
2543,0,3.4356
2544,0,3.4356
2545,0,3.4356
2546,0,3.4356
2547,0,3.4356
2548,0,3.4356
2549,0,3.4356
2550,0,3.4356
2551,0,3.4356
2552,0,3.4356
2553,0,3.4356
2554,0,3.4356
2555,0,3.4356
2556,0,3.4356
2557,0,3.4356
2558,0,3.4356
2559,0,3.4356
2560,0,3.4356
2561,0,3.4356
2562,0,3.4356
2563,0,3.4356
2564,0,3.4356
2565,0,3.4356
2566,0,3.4356
2567,0,3.4356
2568,0,3.4356
2569,0,3.4356
2570,0,3.4356
2571,0,3.4356
2572,0,3.4356
2573,0,3.4356
2574,0,3.4356
2575,0,3.4356
2576,0,3.4356
2577,0,3.4356
2578,0,3.4356
2579,0,3.4356
2580,0,3.4356
2581,0,3.4356
2582,0,3.4356
2583,0,3.4356
2584,0,3.4356
2585,0,3.4356
2586,0,3.4356
2587,0,3.4356
2588,0,3.4356
2589,0,3.4356
2590,0,3.4356
2591,0,3.4356
2592,0,3.4356
2593,0,3.4356
2594,0,3.4356
2595,0,3.4356
2596,0,3.4356
2597,0,3.4356
2598,0,3.4356
2599,0,3.4356
2600,0,3.4356
2601,0,3.4356
2602,0,3.4356
2603,0,3.4356
2604,0,3.4356
2605,0,3.4356
2606,0,3.4356
2607,0,3.4356
2608,0,3.4356
2609,0,3.4356
2610,0,3.4356
2611,0,3.4356
2612,0,3.4356
2613,0,3.4356
2614,0,3.4356
2615,0,3.4356
2616,0,3.4356
2617,0,3.4356
2618,0,3.4356
2619,0,3.4356
2620,0,3.4356
2621,0,3.4356
2622,0,3.4356
2623,0,3.4356
2624,0,3.4356
2625,0,3.4356
2626,0,3.4356
2627,0,3.4356
2628,0,3.4356
2629,0,3.4356
2630,0,3.4356
2631,0,3.4356
2632,0,3.4356
2633,0,3.4356
2634,0,3.4356
2635,0,3.4356
2636,0,3.4356
2637,0,3.4356
2638,0,3.4356
2639,0,3.4356
2640,0,3.4356
2641,0,3.4356
2642,0,3.4356
2643,0,3.4356
2644,0,3.4356
2645,0,3.4356
2646,0,3.4356
2647,0,3.4356
2648,0,3.4356
2649,0,3.4356
2650,0,3.4356
2651,0,3.4356
2652,0,3.4356
2653,0,3.4356
2654,0,3.4356
2655,0,3.4356
2656,0,3.4356
2657,0,3.4356
2658,0,3.4356
2659,0,3.4356
2660,0,3.4356
2661,0,3.4356
2662,0,3.4356
2663,0,3.4356
2664,0,3.4356
2665,0,3.4356
2666,0,3.4356
2667,0,3.4337
2668,0,3.4337
2669,0,3.4356
2670,0,3.4356
2671,0,3.4337
2672,0,3.4356
2673,0,3.4337
2674,0,3.4356
2675,0,3.4356
2676,0,3.4337
2677,0,3.4356
2678,0,3.4356
2679,0,3.4337
2680,0,3.4356
2681,0,3.4356
2682,0,3.4356
2683,0,3.4356
2684,0,3.4356
2685,0,3.4356
2686,0,3.4356
2687,0,3.4356
2688,0,3.4356
2689,0,3.4356
2690,0,3.4356
2691,0,3.4337
2692,0,3.4356
2693,0,3.4356
2694,0,3.4356
2695,0,3.4337
2696,0,3.4356
2697,0,3.4337
2698,0,3.4356
2699,0,3.4356
2700,0,3.4337
2701,0,3.4356
2702,0,3.4356
2703,0,3.4356
2704,0,3.4356
2705,0,3.4356
2706,0,3.4356
2707,0,3.4337
2708,0,3.4337
2709,0,3.4337
2710,0,3.4356
2711,0,3.4337
2712,0,3.4356
2713,0,3.4337
2714,0,3.4356
2715,0,3.4356
2716,0,3.4356
2717,0,3.4337
2718,0,3.4356
2719,0,3.4356
2720,0,3.4356
2721,0,3.4356
2722,0,3.4356
2723,0,3.4337
2724,0,3.4356
2725,0,3.4337
2726,0,3.4337
2727,0,3.4337
2728,0,3.4356
2729,0,3.4337
2730,0,3.4337
2731,0,3.4337
2732,0,3.4337
2733,0,3.4337
2734,0,3.4337
2735,0,3.4337
2736,0,3.4337
2737,0,3.4356
2738,0,3.4337
2739,0,3.4337
2740,0,3.4356
2741,0,3.4337
2742,0,3.4356
2743,0,3.4337
2744,0,3.4337
2745,0,3.4337
2746,0,3.4337
2747,0,3.4337
2748,0,3.4337
2749,0,3.4356
2750,0,3.4356
2751,0,3.4337
2752,0,3.4356
2753,0,3.4356
2754,0,3.4337
2755,0,3.4337
2756,0,3.4356
2757,0,3.4337
2758,0,3.4337
2759,0,3.4356
2760,0,3.4337
2761,0,3.4337
2762,0,3.4337
2763,0,3.4337
2764,0,3.4337
2765,0,3.4356
2766,0,3.4356
2767,0,3.4356
2768,0,3.4337
2769,0,3.4337
2770,0,3.4337
2771,0,3.4337
2772,0,3.4337
2773,0,3.4337
2774,0,3.4337
2775,0,3.4337
2776,0,3.4337
2777,0,3.4337
2778,0,3.4337
2779,0,3.4356
2780,0,3.4337
2781,0,3.4337
2782,0,3.4356
2783,0,3.4337
2784,0,3.4337
2785,0,3.4337
2786,0,3.4356
2787,0,3.4337
2788,0,3.4337
2789,0,3.4337
2790,0,3.4337
2791,0,3.4337
2792,0,3.4337
2793,0,3.4337
2794,0,3.4337
2795,0,3.4337
2796,0,3.4337
2797,0,3.4337
2798,0,3.4337
2799,0,3.4337
2800,0,3.4337
2801,0,3.4337
2802,0,3.4337
2803,0,3.4337
2804,0,3.4337
2805,0,3.4337
2806,0,3.4337
2807,0,3.4337
2808,0,3.4337
2809,0,3.4337
2810,0,3.4337
2811,0,3.4337
2812,0,3.4337
2813,0,3.4337
2814,0,3.4337
2815,0,3.4337
2816,0,3.4337
2817,0,3.4337
2818,0,3.4337
2819,0,3.4337
2820,0,3.4337
2821,0,3.4337
2822,0,3.4337
2823,0,3.4337
2824,0,3.4337
2825,0,3.4337
2826,0,3.4337
2827,0,3.4337
2828,0,3.4337
2829,0,3.4337
2830,0,3.4337
2831,0,3.4337
2832,0,3.4337
2833,0,3.4337
2834,0,3.4337
2835,0,3.4337
2836,0,3.4337
2837,0,3.4337
2838,0,3.4337
2839,0,3.4337
2840,0,3.4337
2841,0,3.4337
2842,0,3.4337
2843,0,3.4337
2844,0,3.4337
2845,0,3.4337
2846,0,3.4337
2847,0,3.4337
2848,0,3.4337
2849,0,3.4337
2850,0,3.4337
2851,0,3.4337
2852,0,3.4337
2853,0,3.4337
2854,0,3.4337
2855,0,3.4337
2856,0,3.4337
2857,0,3.4337
2858,0,3.4337
2859,0,3.4337
2860,0,3.4337
2861,0,3.4337
2862,0,3.4337
2863,0,3.4337
2864,0,3.4337
2865,0,3.4337
2866,0,3.4337
2867,0,3.4337
2868,0,3.4337
2869,0,3.4337
2870,0,3.4337
2871,0,3.4337
2872,0,3.4337
2873,0,3.4337
2874,0,3.4337
2875,0,3.4337
2876,0,3.4337
2877,0,3.4337
2878,0,3.4337
2879,0,3.4337
2880,0,3.4337
2881,0,3.4337
2882,0,3.4337
2883,0,3.4337
2884,0,3.4337
2885,0,3.4337
2886,0,3.4337
2887,0,3.4337
2888,0,3.4337
2889,0,3.4337
2890,0,3.4337
2891,0,3.4337
2892,0,3.4337
2893,0,3.4337
2894,0,3.4337
2895,0,3.4337
2896,0,3.4337
2897,0,3.4337
2898,0,3.4337
2899,0,3.4337
2900,0,3.4337
2901,0,3.4337
2902,0,3.4337
2903,0,3.4337
2904,0,3.4337
2905,0,3.4337
2906,0,3.4337
2907,0,3.4337
2908,0,3.4337
2909,0,3.4337
2910,0,3.4337
2911,0,3.4337
2912,0,3.4337
2913,0,3.4337
2914,0,3.4337
2915,0,3.4337
2916,0,3.4337
2917,0,3.4337
2918,0,3.4337
2919,0,3.4337
2920,0,3.4337
2921,0,3.4337
2922,0,3.4337
2923,0,3.4337
2924,0,3.4337
2925,0,3.4337
2926,0,3.4337
2927,0,3.4337
2928,0,3.4337
2929,0,3.4337
2930,0,3.4337
2931,0,3.4337
2932,0,3.4337
2933,0,3.4337
2934,0,3.4337
2935,0,3.4337
2936,0,3.4337
2937,0,3.4337
2938,0,3.4337
2939,0,3.4337
2940,0,3.4337
2941,0,3.4337
2942,0,3.4337
2943,0,3.4337
2944,0,3.4337
2945,0,3.4337
2946,0,3.4337
2947,0,3.4337
2948,0,3.4337
2949,0,3.4337
2950,0,3.4337
2951,0,3.4337
2952,0,3.4337
2953,0,3.4337
2954,0,3.4337
2955,0,3.4337
2956,0,3.4337
2957,0,3.4337
2958,0,3.4337
2959,0,3.4337
2960,0,3.4337
2961,0,3.4337
2962,0,3.4337
2963,0,3.4337
2964,0,3.4337
2965,0,3.4337
2966,0,3.4337
2967,0,3.4337
2968,0,3.4337
2969,0,3.4337
2970,0,3.4337
2971,0,3.4337
2972,0,3.4337
2973,0,3.4337
2974,0,3.4337
2975,0,3.4337
2976,0,3.4337
2977,0,3.4337
2978,0,3.4337
2979,0,3.4337
2980,0,3.4337
2981,0,3.4337
2982,0,3.4337
2983,0,3.4337
2984,0,3.4337
2985,0,3.4337
2986,0,3.4337
2987,0,3.4337
2988,0,3.4337
2989,0,3.4337
2990,0,3.4337
2991,0,3.4337
2992,0,3.4337
2993,0,3.4337
2994,0,3.4337
2995,0,3.4337
2996,0,3.4337
2997,0,3.4337
2998,0,3.4337
2999,0,3.4337
3000,0,3.4337
3001,0,3.4337
3002,0,3.4337
3003,0,3.4337
3004,0,3.4337
3005,0,3.4337
3006,0,3.4337
3007,0,3.4337
3008,0,3.4337
3009,0,3.4337
3010,0,3.4337
3011,0,3.4337
3012,0,3.4337
3013,0,3.4337
3014,0,3.4337
3015,0,3.4337
3016,0,3.4337
3017,0,3.4337
3018,0,3.4337
3019,0,3.4337
3020,0,3.4337
3021,0,3.4337
3022,0,3.4337
3023,0,3.4337
3024,0,3.4337
3025,0,3.4337
3026,0,3.4337
3027,0,3.4337
3028,0,3.4337
3029,0,3.4337
3030,0,3.4337
3031,0,3.4337
3032,0,3.4337
3033,0,3.4337
3034,0,3.4337
3035,0,3.4337
3036,0,3.4337
3037,0,3.4337
3038,0,3.4337
3039,0,3.4337
3040,0,3.4337
3041,0,3.4337
3042,0,3.4337
3043,0,3.4337
3044,0,3.4337
3045,0,3.4337
3046,0,3.4337
3047,0,3.4337
3048,0,3.4337
3049,0,3.4337
3050,0,3.4337
3051,0,3.4337
3052,0,3.4337
3053,0,3.4337
3054,0,3.4337
3055,0,3.4337
3056,0,3.4337
3057,0,3.4337
3058,0,3.4337
3059,0,3.4337
3060,0,3.4337
3061,0,3.4337
3062,0,3.4337
3063,0,3.4337
3064,0,3.4337
3065,0,3.4337
3066,0,3.4337
3067,0,3.4337
3068,0,3.4337
3069,0,3.4337
3070,0,3.4337
3071,0,3.4337
3072,0,3.4337
3073,0,3.4337
3074,0,3.4337
3075,0,3.4337
3076,0,3.4337
3077,0,3.4337
3078,0,3.4337
3079,0,3.4337
3080,0,3.4337
3081,0,3.4337
3082,0,3.4337
3083,0,3.4337
3084,0,3.4337
3085,0,3.4337
3086,0,3.4337
3087,0,3.4337
3088,0,3.4337
3089,0,3.4337
3090,0,3.4337
3091,0,3.4337
3092,0,3.4337
3093,0,3.4337
3094,0,3.4337
3095,0,3.4337
3096,0,3.4337
3097,0,3.4337
3098,0,3.4337
3099,0,3.4337
3100,0,3.4337
3101,0,3.4337
3102,0,3.4337
3103,0,3.4337
3104,0,3.4337
3105,0,3.4337
3106,0,3.4337
3107,0,3.4337
3108,0,3.4337
3109,0,3.4337
3110,0,3.4337
3111,0,3.4337
3112,0,3.4337
3113,0,3.4337
3114,0,3.4337
3115,0,3.4337
3116,0,3.4337
3117,0,3.4319000000000002
3118,0,3.4337
3119,0,3.4337
3120,0,3.4337
3121,0,3.4337
3122,0,3.4337
3123,0,3.4337
3124,0,3.4337
3125,0,3.4337
3126,0,3.4337
3127,0,3.4337
3128,0,3.4337
3129,0,3.4337
3130,0,3.4337
3131,0,3.4337
3132,0,3.4337
3133,0,3.4337
3134,0,3.4337
3135,0,3.4337
3136,0,3.4337
3137,0,3.4337
3138,0,3.4337
3139,0,3.4337
3140,0,3.4337
3141,0,3.4337
3142,0,3.4337
3143,0,3.4337
3144,0,3.4337
3145,0,3.4337
3146,0,3.4337
3147,0,3.4337
3148,0,3.4337
3149,0,3.4319000000000002
3150,0,3.4337
3151,0,3.4337
3152,0,3.4319000000000002
3153,0,3.4337
3154,0,3.4337
3155,0,3.4319000000000002
3156,0,3.4337
3157,0,3.4337
3158,0,3.4337
3159,0,3.4337
3160,0,3.4337
3161,0,3.4337
3162,0,3.4337
3163,0,3.4337
3164,0,3.4337
3165,0,3.4337
3166,0,3.4337
3167,0,3.4337
3168,0,3.4337
3169,0,3.4337
3170,0,3.4337
3171,0,3.4337
3172,0,3.4337
3173,0,3.4337
3174,0,3.4337
3175,0,3.4337
3176,0,3.4337
3177,0,3.4337
3178,0,3.4337
3179,0,3.4337
3180,0,3.4337
3181,0,3.4337
3182,0,3.4337
3183,0,3.4337
3184,0,3.4337
3185,0,3.4337
3186,0,3.4337
3187,0,3.4337
3188,0,3.4337
3189,0,3.4337
3190,0,3.4319000000000002
3191,0,3.4337
3192,0,3.4337
3193,0,3.4337
3194,0,3.4337
3195,0,3.4319000000000002
3196,0,3.4337
3197,0,3.4337
3198,0,3.4337
3199,0,3.4337
3200,0,3.4337
3201,0,3.4337
3202,0,3.4337
3203,0,3.4337
3204,0,3.4337
3205,0,3.4337
3206,0,3.4319000000000002
3207,0,3.4337
3208,0,3.4319000000000002
3209,0,3.4337
3210,0,3.4319000000000002
3211,0,3.4337
3212,0,3.4337
3213,0,3.4337
3214,0,3.4337
3215,0,3.4337
3216,0,3.4337
3217,0,3.4319000000000002
3218,0,3.4337
3219,0,3.4319000000000002
3220,0,3.4319000000000002
3221,0,3.4319000000000002
3222,0,3.4337
3223,0,3.4319000000000002
3224,0,3.4337
3225,0,3.4319000000000002
3226,0,3.4337
3227,0,3.4319000000000002
3228,0,3.4319000000000002
3229,0,3.4319000000000002
3230,0,3.4319000000000002
3231,0,3.4319000000000002
3232,0,3.4319000000000002
3233,0,3.4319000000000002
3234,0,3.4337
3235,0,3.4337
3236,0,3.4319000000000002
3237,0,3.4319000000000002
3238,0,3.4337
3239,0,3.4337
3240,0,3.4337
3241,0,3.4337
3242,0,3.4337
3243,0,3.4337
3244,0,3.4319000000000002
3245,0,3.4319000000000002
3246,0,3.4337
3247,0,3.4319000000000002
3248,0,3.4319000000000002
3249,0,3.4337
3250,0,3.4337
3251,0,3.4319000000000002
3252,0,3.4337
3253,0,3.4337
3254,0,3.4337
3255,0,3.4337
3256,0,3.4319000000000002
3257,0,3.4337
3258,0,3.4319000000000002
3259,0,3.4319000000000002
3260,0,3.4337
3261,0,3.4337
3262,0,3.4319000000000002
3263,0,3.4319000000000002
3264,0,3.4337
3265,0,3.4337
3266,0,3.4319000000000002
3267,0,3.4337
3268,0,3.4337
3269,0,3.4319000000000002
3270,0,3.4319000000000002
3271,0,3.4337
3272,0,3.4319000000000002
3273,0,3.4319000000000002
3274,0,3.4319000000000002
3275,0,3.4337
3276,0,3.4337
3277,0,3.4319000000000002
3278,0,3.4319000000000002
3279,0,3.4337
3280,0,3.4319000000000002
3281,0,3.4319000000000002
3282,0,3.4337
3283,0,3.4319000000000002
3284,0,3.4319000000000002
3285,0,3.4319000000000002
3286,0,3.4319000000000002
3287,0,3.4319000000000002
3288,0,3.4319000000000002
3289,0,3.4319000000000002
3290,0,3.4319000000000002
3291,0,3.4319000000000002
3292,0,3.4319000000000002
3293,0,3.4319000000000002
3294,0,3.4319000000000002
3295,0,3.4319000000000002
3296,0,3.4319000000000002
3297,0,3.4319000000000002
3298,0,3.4319000000000002
3299,0,3.4337
3300,0,3.4319000000000002
3301,0,3.4319000000000002
3302,0,3.4337
3303,0,3.4319000000000002
3304,0,3.4319000000000002
3305,0,3.4319000000000002
3306,0,3.4319000000000002
3307,0,3.4319000000000002
3308,0,3.4319000000000002
3309,0,3.4319000000000002
3310,0,3.4337
3311,0,3.4337
3312,0,3.4319000000000002
3313,0,3.4337
3314,0,3.4319000000000002
3315,0,3.4319000000000002
3316,0,3.4319000000000002
3317,0,3.4319000000000002
3318,0,3.4319000000000002
3319,0,3.4319000000000002
3320,0,3.4319000000000002
3321,0,3.4319000000000002
3322,0,3.4319000000000002
3323,0,3.4319000000000002
3324,0,3.4319000000000002
3325,0,3.4319000000000002
3326,0,3.4319000000000002
3327,0,3.4319000000000002
3328,0,3.4319000000000002
3329,0,3.4319000000000002
3330,0,3.4319000000000002
3331,0,3.4319000000000002
3332,0,3.4319000000000002
3333,0,3.4319000000000002
3334,0,3.4319000000000002
3335,0,3.4319000000000002
3336,0,3.4319000000000002
3337,0,3.4319000000000002
3338,0,3.4319000000000002
3339,0,3.4319000000000002
3340,0,3.4319000000000002
3341,0,3.4319000000000002
3342,0,3.4319000000000002
3343,0,3.4319000000000002
3344,0,3.4337
3345,0,3.4319000000000002
3346,0,3.4319000000000002
3347,0,3.4319000000000002
3348,0,3.4319000000000002
3349,0,3.4319000000000002
3350,0,3.4319000000000002
3351,0,3.4319000000000002
3352,0,3.4319000000000002
3353,0,3.4319000000000002
3354,0,3.4319000000000002
3355,0,3.4319000000000002
3356,0,3.4319000000000002
3357,0,3.4319000000000002
3358,0,3.4319000000000002
3359,0,3.4337
3360,0,3.4319000000000002
3361,0,3.4319000000000002
3362,0,3.4319000000000002
3363,0,3.4337
3364,0,3.4319000000000002
3365,0,3.4319000000000002
3366,0,3.4319000000000002
3367,0,3.4319000000000002
3368,0,3.4319000000000002
3369,0,3.4319000000000002
3370,0,3.4319000000000002
3371,0,3.4319000000000002
3372,0,3.4319000000000002
3373,0,3.4319000000000002
3374,0,3.4319000000000002
3375,0,3.4319000000000002
3376,0,3.4319000000000002
3377,0,3.4319000000000002
3378,0,3.4319000000000002
3379,0,3.4319000000000002
3380,0,3.4319000000000002
3381,0,3.4319000000000002
3382,0,3.4319000000000002
3383,0,3.4319000000000002
3384,0,3.4319000000000002
3385,0,3.4319000000000002
3386,0,3.4319000000000002
3387,0,3.4319000000000002
3388,0,3.4319000000000002
3389,0,3.4319000000000002
3390,0,3.4319000000000002
3391,0,3.4319000000000002
3392,0,3.4319000000000002
3393,0,3.4319000000000002
3394,0,3.4319000000000002
3395,0,3.4319000000000002
3396,0,3.4319000000000002
3397,0,3.4319000000000002
3398,0,3.4319000000000002
3399,0,3.4319000000000002
3400,0,3.4319000000000002
3401,0,3.4319000000000002
3402,0,3.4319000000000002
3403,0,3.4319000000000002
3404,0,3.4319000000000002
3405,0,3.4319000000000002
3406,0,3.4319000000000002
3407,0,3.4319000000000002
3408,0,3.4319000000000002
3409,0,3.4319000000000002
3410,0,3.4319000000000002
3411,0,3.4319000000000002
3412,0,3.4319000000000002
3413,0,3.4319000000000002
3414,0,3.4319000000000002
3415,0,3.4319000000000002
3416,0,3.4319000000000002
3417,0,3.4319000000000002
3418,0,3.4319000000000002
3419,0,3.4319000000000002
3420,0,3.4319000000000002
3421,0,3.4319000000000002
3422,0,3.4319000000000002
3423,0,3.4319000000000002
3424,0,3.4319000000000002
3425,0,3.4319000000000002
3426,0,3.4319000000000002
3427,0,3.4319000000000002
3428,0,3.4319000000000002
3429,0,3.4319000000000002
3430,0,3.4319000000000002
3431,0,3.4319000000000002
3432,0,3.4319000000000002
3433,0,3.4319000000000002
3434,0,3.4319000000000002
3435,0,3.4319000000000002
3436,0,3.4319000000000002
3437,0,3.4319000000000002
3438,0,3.4319000000000002
3439,0,3.4319000000000002
3440,0,3.4319000000000002
3441,0,3.4319000000000002
3442,0,3.4319000000000002
3443,0,3.4319000000000002
3444,0,3.4319000000000002
3445,0,3.4319000000000002
3446,0,3.4319000000000002
3447,0,3.4319000000000002
3448,0,3.4319000000000002
3449,0,3.4319000000000002
3450,0,3.4319000000000002
3451,0,3.4319000000000002
3452,0,3.4319000000000002
3453,0,3.4319000000000002
3454,0,3.4319000000000002
3455,0,3.4319000000000002
3456,0,3.4319000000000002
3457,0,3.4319000000000002
3458,0,3.4319000000000002
3459,0,3.4319000000000002
3460,0,3.4319000000000002
3461,0,3.4319000000000002
3462,0,3.4319000000000002
3463,0,3.4319000000000002
3464,0,3.4319000000000002
3465,0,3.4319000000000002
3466,0,3.4319000000000002
3467,0,3.4319000000000002
3468,0,3.4319000000000002
3469,0,3.4319000000000002
3470,0,3.4319000000000002
3471,0,3.4319000000000002
3472,0,3.4319000000000002
3473,0,3.4319000000000002
3474,0,3.4319000000000002
3475,0,3.4319000000000002
3476,0,3.4319000000000002
3477,0,3.4319000000000002
3478,0,3.4319000000000002
3479,0,3.4319000000000002
3480,0,3.4319000000000002
3481,0,3.4319000000000002
3482,0,3.4319000000000002
3483,0,3.4319000000000002
3484,0,3.4319000000000002
3485,0,3.4319000000000002
3486,0,3.4319000000000002
3487,0,3.4319000000000002
3488,0,3.4319000000000002
3489,0,3.4319000000000002
3490,0,3.4319000000000002
3491,0,3.4319000000000002
3492,0,3.4319000000000002
3493,0,3.4319000000000002
3494,0,3.4319000000000002
3495,0,3.4319000000000002
3496,0,3.4319000000000002
3497,0,3.4319000000000002
3498,0,3.4319000000000002
3499,0,3.4319000000000002
3500,0,3.4319000000000002
3501,0,3.4319000000000002
3502,0,3.4319000000000002
3503,0,3.4319000000000002
3504,0,3.4319000000000002
3505,0,3.4319000000000002
3506,0,3.4319000000000002
3507,0,3.4319000000000002
3508,0,3.4319000000000002
3509,0,3.4319000000000002
3510,0,3.4319000000000002
3511,0,3.4319000000000002
3512,0,3.4319000000000002
3513,0,3.4319000000000002
3514,0,3.4319000000000002
3515,0,3.4319000000000002
3516,0,3.4319000000000002
3517,0,3.4319000000000002
3518,0,3.4319000000000002
3519,0,3.4319000000000002
3520,0,3.4319000000000002
3521,0,3.4319000000000002
3522,0,3.4319000000000002
3523,0,3.4319000000000002
3524,0,3.4319000000000002
3525,0,3.4319000000000002
3526,0,3.4319000000000002
3527,0,3.4319000000000002
3528,0,3.4319000000000002
3529,0,3.4319000000000002
3530,0,3.4319000000000002
3531,0,3.4319000000000002
3532,0,3.4319000000000002
3533,0,3.4319000000000002
3534,0,3.4319000000000002
3535,0,3.4319000000000002
3536,0,3.4319000000000002
3537,0,3.4319000000000002
3538,0,3.4319000000000002
3539,0,3.4319000000000002
3540,0,3.4319000000000002
3541,0,3.4319000000000002
3542,0,3.4319000000000002
3543,0,3.4319000000000002
3544,0,3.4319000000000002
3545,0,3.4319000000000002
3546,0,3.4319000000000002
3547,0,3.4319000000000002
3548,0,3.4319000000000002
3549,0,3.4319000000000002
3550,0,3.4319000000000002
3551,0,3.4319000000000002
3552,0,3.4319000000000002
3553,0,3.4319000000000002
3554,0,3.4319000000000002
3555,0,3.4319000000000002
3556,0,3.4319000000000002
3557,0,3.4319000000000002
3558,0,3.4319000000000002
3559,0,3.4319000000000002
3560,0,3.4319000000000002
3561,0,3.4319000000000002
3562,0,3.4319000000000002
3563,0,3.4319000000000002
3564,0,3.4319000000000002
3565,0,3.4319000000000002
3566,0,3.4319000000000002
3567,0,3.4319000000000002
3568,0,3.4319000000000002
3569,0,3.4319000000000002
3570,0,3.4319000000000002
3571,0,3.4319000000000002
3572,0,3.4319000000000002
3573,0,3.4319000000000002
3574,0,3.4319000000000002
3575,0,3.4319000000000002
3576,0,3.4319000000000002
3577,0,3.4319000000000002
3578,0,3.4319000000000002
3579,0,3.4319000000000002
3580,0,3.4319000000000002
3581,0,3.4319000000000002
3582,0,3.4319000000000002
3583,0,3.4319000000000002
3584,0,3.4319000000000002
3585,0,3.4319000000000002
3586,0,3.4319000000000002
3587,0,3.4319000000000002
3588,0,3.4319000000000002
3589,0,3.4319000000000002
3590,0,3.4319000000000002
3591,0,3.4319000000000002
3592,0,3.4319000000000002
3593,0,3.4319000000000002
3594,0,3.4319000000000002
3595,0,3.4319000000000002
3596,0,3.4319000000000002
3597,0,3.4319000000000002
3598,0,3.4319000000000002
3599,0,3.4319000000000002
3600,0,3.4319000000000002
3601,0,3.4169999999999998
3602,0,3.4169999999999998
3603,0,3.4169999999999998
3604,0,3.4188000000000001
3605,0,3.4169999999999998
3606,0,3.4188000000000001
3607,0,3.4169999999999998
3608,0,3.4169999999999998
3609,0,3.4169999999999998
3610,0,3.4188000000000001
3611,0,3.4169999999999998
3612,0,3.4169999999999998
3613,0,3.4169999999999998
3614,0,3.4169999999999998
3615,0,3.4169999999999998
3616,0,3.4169999999999998
3617,0,3.4188000000000001
3618,0,3.4188000000000001
3619,0,3.4188000000000001
3620,0,3.4188000000000001
3621,0,3.4169999999999998
3622,0,3.4188000000000001
3623,-9.6229999999999993,3.3946999999999998
3624,-9.468,3.3872
3625,-15.339700000000001,3.3685999999999998
3626,-18.694099999999999,3.3536999999999999
3627,-21.124700000000001,3.3407
3628,-23.3506,3.3277000000000001
3629,-6.343,3.3574999999999999
3630,-9.3004999999999995,3.3519000000000001
3631,-27.808700000000002,3.3128000000000002
3632,-13.1386,3.3313999999999999
3633,-10.6212,3.3351000000000002
3634,-4.5758000000000001,3.3462999999999998
3635,0.84940000000000004,3.3574999999999999
3636,1.7361,3.3612000000000002
3637,1.7361,3.363
3638,1.2524,3.363
3639,1.6555,3.3649
3640,11.464499999999999,3.3854000000000002
3641,7.1799999999999997,3.3816000000000002
3642,-1.8229,3.3668
3643,-4.5758000000000001,3.3612000000000002
3644,-4.7122999999999999,3.3593000000000002
3645,-6.0576999999999996,3.3536999999999999
3646,-12.0349,3.3389000000000002
3647,-20.145,3.3203
3648,-22.284199999999998,3.3109999999999999
3649,-20.535699999999999,3.3090999999999999
3650,-5.3818999999999999,3.3313999999999999
3651,-0.55179999999999996,3.3407
3652,-1.9097,3.3389000000000002
3653,5.7352999999999996,3.3555999999999999
3654,10.695600000000001,3.3685999999999998
3655,7.3536000000000001,3.3668
3656,4.1417999999999999,3.363
3657,-1.9407000000000001,3.3519000000000001
3658,-17.7455,3.3203
3659,-21.819099999999999,3.3071999999999999
3660,-20.8581,3.3054000000000001
3661,-21.0565,3.2997999999999998
3662,-15.2591,3.3054000000000001
3663,-8.5813000000000006,3.3147000000000002
3664,-7.3722000000000003,3.3165
3665,-5.2950999999999997,3.3203
3666,0.73780000000000001,3.3313999999999999
3667,-2.2259000000000002,3.3277000000000001
3668,-5.9398999999999997,3.3203
3669,-5.2579000000000002,3.3220999999999998
3670,-2.2692999999999999,3.3258000000000001
3671,-2.2197,3.3258000000000001
3672,-3.7450000000000001,3.3239999999999998
3673,-10.143800000000001,3.3128000000000002
3674,-10.3484,3.3109999999999999
3675,-5.5121000000000002,3.3165
3676,0.21079999999999999,3.3258000000000001
3677,1.2896000000000001,3.3296000000000001
3678,-5.3136999999999999,3.3184
3679,-8.9408999999999992,3.3109999999999999
3680,-11.985300000000001,3.3054000000000001
3681,-4.1045999999999996,3.3165
3682,0.16739999999999999,3.3239999999999998
3683,-9.2632999999999992,3.3090999999999999
3684,-11.6691,3.3035000000000001
3685,-14.2113,3.2978999999999998
3686,-18.650700000000001,3.2867999999999999
3687,-13.901199999999999,3.2924000000000002
3688,-11.8613,3.2961
3689,-8.9842999999999993,3.2997999999999998
3690,-9.0959000000000003,3.2978999999999998
3691,-9.2632999999999992,3.2978999999999998
3692,-5.1090999999999998,3.3035000000000001
3693,-1.6245000000000001,3.3090999999999999
3694,-3.2614000000000001,3.3071999999999999
3695,-3.2614000000000001,3.3071999999999999
3696,-6.7026000000000003,3.3016999999999999
3697,-10.819599999999999,3.2961
3698,0.73160000000000003,3.3128000000000002
3699,1.3702000000000001,3.3147000000000002
3700,0.73780000000000001,3.3147000000000002
3701,-8.8665000000000003,3.2997999999999998
3702,-12.109299999999999,3.2905000000000002
3703,-10.739000000000001,3.2924000000000002
3704,-7.7069999999999999,3.2978999999999998
3705,-6.9071999999999996,3.2997999999999998
3706,-3.4226000000000001,3.3054000000000001
3707,1.3702000000000001,3.3109999999999999
3708,2.0956999999999999,3.3147000000000002
3709,-6.5476000000000001,3.3016999999999999
3710,-8.9780999999999995,3.2978999999999998
3711,-12.307700000000001,3.2886000000000002
3712,-12.574400000000001,3.2867999999999999
3713,-13.8268,3.2848999999999999
3714,-11.5017,3.2867999999999999
3715,-8.3085000000000004,3.2905000000000002
3716,-1.9097,3.3016999999999999
3717,1.3702000000000001,3.3090999999999999
3718,21.378900000000002,3.3407
3719,19.5746,3.3443999999999998
3720,18.346900000000002,3.3462999999999998
3721,15.5753,3.3443999999999998
3722,12.4193,3.3407
3723,9.1455000000000002,3.3370000000000002
3724,0,3.3220999999999998
3725,0,3.3220999999999998
3726,0,3.3220999999999998
3727,0,3.3203
3728,0,3.3203
3729,0,3.3203
3730,0,3.3203
3731,0,3.3203
3732,0,3.3203
3733,0,3.3203
3734,0,3.3203
3735,0,3.3203
3736,0,3.3203
3737,0,3.3203
3738,0,3.3203
3739,0,3.3220999999999998
3740,0,3.3220999999999998
3741,0,3.3220999999999998
3742,0,3.3220999999999998
3743,0,3.3220999999999998
3744,0,3.3220999999999998
3745,0,3.3220999999999998
3746,0,3.3220999999999998
3747,0,3.3220999999999998
3748,0,3.3220999999999998
3749,0,3.3220999999999998
3750,0,3.3220999999999998
3751,0,3.3220999999999998
3752,0,3.3220999999999998
3753,0,3.3220999999999998
3754,0,3.3220999999999998
3755,0,3.3220999999999998
3756,0,3.3220999999999998
3757,0,3.3220999999999998
3758,0,3.3220999999999998
3759,0,3.3220999999999998
3760,0,3.3220999999999998
3761,0,3.3220999999999998
3762,0,3.3220999999999998
3763,0,3.3220999999999998
3764,0,3.3220999999999998
3765,0,3.3220999999999998
3766,-10.497199999999999,3.3054000000000001
3767,-14.453099999999999,3.2961
3768,-18.346900000000002,3.2867999999999999
3769,-22.811199999999999,3.2774999999999999
3770,-28.620999999999999,3.2645
3771,-33.451099999999997,3.2551999999999999
3772,-29.253399999999999,3.2570000000000001
3773,-28.2242,3.2570000000000001
3774,-22.3338,3.2645
3775,-12.1899,3.2793000000000001
3776,2.7033,3.3035000000000001
3777,1.8601000000000001,3.3035000000000001
3778,0.73780000000000001,3.3035000000000001
3779,-7.4218000000000002,3.2905000000000002
3780,-6.1444999999999999,3.2924000000000002
3781,-6.2251000000000003,3.2905000000000002
3782,-9.1021000000000001,3.2867999999999999
3783,-21.484300000000001,3.2682000000000002
3784,2.7776999999999998,3.3054000000000001
3785,14.043799999999999,3.3239999999999998
3786,6.0949,3.3147000000000002
3787,16.145800000000001,3.3313999999999999
3788,6.9753999999999996,3.3203
3789,1.0602,3.3109999999999999
3790,-10.2182,3.2924000000000002
3791,-6.7831999999999999,3.2978999999999998
3792,-15.649800000000001,3.2812000000000001
3793,-26.767099999999999,3.2625999999999999
3794,-30.853100000000001,3.2532999999999999
3795,-39.9801,3.2347000000000001
3796,-39.955300000000001,3.2328000000000001
3797,-39.967700000000001,3.2309999999999999
3798,-39.9739,3.2273000000000001
3799,-25.297599999999999,3.2496
3800,-39.9739,3.2254
3801,-30.127700000000001,3.2383999999999999
3802,-39.961500000000001,3.2235
3803,-38.268799999999999,3.2254
3804,-39.961500000000001,3.2216999999999998
3805,-29.166599999999999,3.2366000000000001
3806,-27.461500000000001,3.2383999999999999
3807,-25.892800000000001,3.2403
3808,-10.497199999999999,3.2645
3809,-6.4298000000000002,3.2738
3810,-8.7424999999999997,3.27
3811,-6.2686000000000002,3.2755999999999998
3812,-10.273999999999999,3.27
3813,-10.2616,3.2719
3814,-10.2616,3.2719
3815,-10.2616,3.2719
3816,-14.825100000000001,3.2663000000000002
3817,-14.8995,3.2645
3818,-21.825299999999999,3.2551999999999999
3819,-24.485299999999999,3.2496
3820,-24.968900000000001,3.2496
3821,-20.734100000000002,3.2551999999999999
3822,-23.4499,3.2496
3823,-26.2834,3.2440000000000002
3824,-21.899799999999999,3.2513999999999998
3825,-24.683700000000002,3.2458999999999998
3826,-30.127700000000001,3.2366000000000001
3827,-39.955300000000001,3.2216999999999998
3828,-39.558500000000002,3.2198000000000002
3829,-27.746700000000001,3.2366000000000001
3830,-22.805,3.2440000000000002
3831,-17.534700000000001,3.2551999999999999
3832,-12.382099999999999,3.2625999999999999
3833,-7.4652000000000003,3.27
3834,-14.694900000000001,3.2606999999999999
3835,-19.9528,3.2532999999999999
3836,-23.028199999999998,3.2496
3837,-25.9238,3.2421000000000002
3838,-20.703099999999999,3.2513999999999998
3839,-26.500399999999999,3.2403
3840,-21.1309,3.2496
3841,-24.330300000000001,3.2440000000000002
3842,-18.855399999999999,3.2532999999999999
3843,-16.220199999999998,3.2570000000000001
3844,-11.421099999999999,3.2663000000000002
3845,-16.0962,3.2589000000000001
3846,-16.09,3.2589000000000001
3847,-16.108599999999999,3.2589000000000001
3848,-16.102399999999999,3.2589000000000001
3849,-16.0962,3.2606999999999999
3850,-13.3866,3.2645
3851,-8.3890999999999991,3.2719
3852,-8.2093000000000007,3.2738
3853,1.5376000000000001,3.2886000000000002
3854,-2.1453000000000002,3.2848999999999999
3855,-4.6254,3.2831000000000001
3856,-9.7469999999999999,3.2755999999999998
3857,-6.9753999999999996,3.2793000000000001
3858,-11.5823,3.2719
3859,-22.030000000000001,3.2570000000000001
3860,-16.858799999999999,3.2625999999999999
3861,-16.896000000000001,3.2625999999999999
3862,-14.3415,3.2663000000000002
3863,-7.0250000000000004,3.2774999999999999
3864,-4.1913999999999998,3.2831000000000001
3865,-4.1479999999999997,3.2831000000000001
3866,-3.9371999999999998,3.2848999999999999
3867,-1.0664,3.2905000000000002
3868,-20.746500000000001,3.2606999999999999
3869,-3.6272000000000002,3.2848999999999999
3870,-10.6646,3.2755999999999998
3871,-8.7052999999999994,3.2774999999999999
3872,-8.5441000000000003,3.2793000000000001
3873,-15.339700000000001,3.2682000000000002
3874,-11.098699999999999,3.2755999999999998
3875,-39.967700000000001,3.2290999999999999
3876,2.0895000000000001,3.2924000000000002
3877,-39.9739,3.2290999999999999
3878,-13.9322,3.2663000000000002
3879,-27.170100000000001,3.2458999999999998
3880,-39.961500000000001,3.2254
3881,-28.4846,3.2403
3882,-20.5791,3.2532999999999999
3883,-26.413599999999999,3.2421000000000002
3884,-15.742800000000001,3.2606999999999999
3885,-10.9064,3.2682000000000002
3886,0,3.2867999999999999
3887,1.7051000000000001,3.2905000000000002
3888,4.7370999999999999,3.2978999999999998
3889,7.9302999999999999,3.3054000000000001
3890,6.6219999999999999,3.3054000000000001
3891,-12.853400000000001,3.2738
3892,-12.8596,3.2738
3893,-3.2242000000000002,3.2867999999999999
3894,6.6901999999999999,3.3054000000000001
3895,-10.2554,3.2793000000000001
3896,-14.3043,3.2719
3897,-10.2554,3.2774999999999999
3898,-2.5792999999999999,3.2905000000000002
3899,-9.9268000000000001,3.2793000000000001
3900,-11.6195,3.2755999999999998
3901,-11.6195,3.2755999999999998
3902,-2.3437000000000001,3.2905000000000002
3903,0,3.2961
3904,0.186,3.2978999999999998
3905,5.1772999999999998,3.3054000000000001
3906,8.0108999999999995,3.3128000000000002
3907,7.9798999999999998,3.3128000000000002
3908,9.1331000000000007,3.3165
3909,9.0587,3.3165
3910,7.8125,3.3165
3911,8.8665000000000003,3.3184
3912,15.2095,3.3296000000000001
3913,11.656700000000001,3.3258000000000001
3914,14.217499999999999,3.3313999999999999
3915,10.0198,3.3258000000000001
3916,8.5751000000000008,3.3239999999999998
3917,5.6237000000000004,3.3203
3918,4.6936999999999998,3.3184
3919,-3.3420000000000001,3.3054000000000001
3920,1.3764000000000001,3.3109999999999999
3921,5.3013000000000003,3.3184
3922,8.9780999999999995,3.3239999999999998
3923,15.7676,3.3370000000000002
3924,17.850899999999999,3.3407
3925,5.9398999999999997,3.3239999999999998
3926,3.7822,3.3203
3927,1.6183000000000001,3.3165
3928,5.2579000000000002,3.3220999999999998
3929,4.7805,3.3203
3930,8.5441000000000003,3.3277000000000001
3931,3.8256000000000001,3.3203
3932,0,3.3147000000000002
3933,0,3.3128000000000002
3934,0,3.3128000000000002
3935,0,3.3128000000000002
3936,0,3.3128000000000002
3937,0,3.3128000000000002
3938,0,3.3128000000000002
3939,0,3.3128000000000002
3940,0,3.3128000000000002
3941,0,3.3128000000000002
3942,0,3.3109999999999999
3943,0,3.3128000000000002
3944,0,3.3128000000000002
3945,0,3.3128000000000002
3946,0,3.3109999999999999
3947,0,3.3128000000000002
3948,0,3.3128000000000002
3949,-3.3420000000000001,3.3071999999999999
3950,-10.6274,3.2924000000000002
3951,-16.697600000000001,3.2812000000000001
3952,-20.213200000000001,3.2755999999999998
3953,-24.572099999999999,3.2663000000000002
3954,-28.199400000000001,3.2589000000000001
3955,-27.814900000000002,3.2570000000000001
3956,-30.766300000000001,3.2513999999999998
3957,-16.896000000000001,3.27
3958,-21.738499999999998,3.2625999999999999
3959,-20.9573,3.2625999999999999
3960,-23.660699999999999,3.2589000000000001
3961,-31.448399999999999,3.2440000000000002
3962,-16.232600000000001,3.2663000000000002
3963,-16.778199999999998,3.2663000000000002
3964,-13.1014,3.2719
3965,-15.978400000000001,3.2682000000000002
3966,-17.621500000000001,3.2645
3967,-19.816400000000002,3.2625999999999999
3968,-7.9427000000000003,3.2793000000000001
3969,-10.782400000000001,3.2755999999999998
3970,-4.3029999999999999,3.2848999999999999
3971,-0.50219999999999998,3.2924000000000002
3972,-8.9905000000000008,3.2812000000000001
3973,-18.898800000000001,3.2663000000000002
3974,-14.818899999999999,3.27
3975,-6.5785999999999998,3.2831000000000001
3976,-6.5785999999999998,3.2831000000000001
3977,-6.5785999999999998,3.2848999999999999
3978,-6.5785999999999998,3.2848999999999999
3979,-6.5724,3.2848999999999999
3980,-7.7751999999999999,3.2831000000000001
3981,-11.464499999999999,3.2774999999999999
3982,-7.9364999999999997,3.2831000000000001
3983,-4.7929000000000004,3.2886000000000002
3984,0.48980000000000001,3.2978999999999998
3985,5.1772999999999998,3.3071999999999999
3986,6.0514999999999999,3.3109999999999999
3987,2.2568999999999999,3.3054000000000001
3988,15.2715,3.3258000000000001
3989,16.604600000000001,3.3313999999999999
3990,20.1388,3.3389000000000002
3991,14.7011,3.3313999999999999
3992,13.6098,3.3313999999999999
3993,12.2829,3.3313999999999999
3994,10.6274,3.3296000000000001
3995,6.2251000000000003,3.3220999999999998
3996,0,3.3128000000000002
3997,0,3.3109999999999999
3998,0,3.3109999999999999
3999,0,3.3109999999999999
4000,0,3.3109999999999999
4001,0,3.3109999999999999
4002,0,3.3109999999999999
4003,0,3.3109999999999999
4004,0,3.3109999999999999
4005,-8.3394999999999992,3.2978999999999998
4006,-10.6646,3.2905000000000002
4007,-17.063400000000001,3.2793000000000001
4008,-23.232800000000001,3.2682000000000002
4009,-27.374700000000001,3.2606999999999999
4010,-32.204799999999999,3.2513999999999998
4011,-39.961500000000001,3.2347000000000001
4012,-35.608800000000002,3.2383999999999999
4013,-11.7807,3.2738
4014,-28.373000000000001,3.2496
4015,-24.5411,3.2551999999999999
4016,-18.6631,3.2625999999999999
4017,-6.6219999999999999,3.2812000000000001
4018,-3.1932,3.2886000000000002
4019,0,3.2961
4020,0.73780000000000001,3.2978999999999998
4021,1.3764000000000001,3.2997999999999998
4022,3.7450000000000001,3.3054000000000001
4023,17.695900000000002,3.3277000000000001
4024,18.092700000000001,3.3313999999999999
4025,15.333500000000001,3.3296000000000001
4026,12.1713,3.3258000000000001
4027,8.9346999999999994,3.3220999999999998
4028,0,3.3090999999999999
4029,0,3.3090999999999999
4030,0,3.3090999999999999
4031,0,3.3090999999999999
4032,0,3.3090999999999999
4033,0,3.3090999999999999
4034,0,3.3090999999999999
4035,0,3.3090999999999999
4036,0,3.3090999999999999
4037,0,3.3090999999999999
4038,0,3.3090999999999999
4039,0,3.3090999999999999
4040,0,3.3090999999999999
4041,0,3.3090999999999999
4042,0,3.3090999999999999
4043,0,3.3090999999999999
4044,0,3.3090999999999999
4045,0,3.3090999999999999
4046,0,3.3090999999999999
4047,0,3.3109999999999999
4048,0,3.3109999999999999
4049,0,3.3090999999999999
4050,-10.497199999999999,3.2924000000000002
4051,-14.459300000000001,3.2848999999999999
4052,-18.346900000000002,3.2774999999999999
4053,-22.817399999999999,3.2682000000000002
4054,-28.614799999999999,3.2570000000000001
4055,-33.451099999999997,3.2458999999999998
4056,-39.967700000000001,3.2328000000000001
4057,-39.955300000000001,3.2309999999999999
4058,-22.0486,3.2570000000000001
4059,-21.819099999999999,3.2570000000000001
4060,-39.967700000000001,3.2290999999999999
4061,-28.404,3.2421000000000002
4062,-14.4655,3.2663000000000002
4063,-24.851099999999999,3.2496
4064,-10.8568,3.2719
4065,-14.5709,3.2663000000000002
4066,-14.8561,3.2663000000000002
4067,-4.6254,3.2831000000000001
4068,-7.7751999999999999,3.2793000000000001
4069,-7.8186999999999998,3.2793000000000001
4070,-2.7033,3.2867999999999999
4071,-0.70679999999999998,3.2924000000000002
4072,-11.2661,3.2774999999999999
4073,-6.5848000000000004,3.2831000000000001
4074,0.53939999999999999,3.2961
4075,-4.5014000000000003,3.2886000000000002
4076,-4.4269999999999996,3.2886000000000002
4077,-2.4986999999999999,3.2924000000000002
4078,-6.3120000000000003,3.2867999999999999
4079,-6.3120000000000003,3.2867999999999999
4080,-6.2995999999999999,3.2867999999999999
4081,-6.2995999999999999,3.2867999999999999
4082,-6.3120000000000003,3.2867999999999999
4083,-2.4615,3.2961
4084,-8.1472999999999995,3.2848999999999999
4085,-8.1844999999999999,3.2848999999999999
4086,-11.055300000000001,3.2793000000000001
4087,-0.58279999999999998,3.2978999999999998
4088,-2.4676999999999998,3.2961
4089,-6.2188999999999997,3.2886000000000002
4090,-6.2251000000000003,3.2886000000000002
4091,-2.4243000000000001,3.2961
4092,-2.3437000000000001,3.2961
4093,-4.1913999999999998,3.2924000000000002
4094,6.0143000000000004,3.3109999999999999
4095,10.224399999999999,3.3184
4096,13.1386,3.3258000000000001
4097,13.857799999999999,3.3277000000000001
4098,14.8499,3.3313999999999999
4099,15.972200000000001,3.3351000000000002
4100,13.299799999999999,3.3332999999999999
4101,13.305999999999999,3.3332999999999999
4102,10.695600000000001,3.3296000000000001
4103,6.8141999999999996,3.3239999999999998
4104,0,3.3147000000000002
4105,0,3.3128000000000002
4106,0,3.3128000000000002
4107,0,3.3128000000000002
4108,0,3.3128000000000002
4109,0,3.3128000000000002
4110,0,3.3128000000000002
4111,0,3.3128000000000002
4112,0,3.3109999999999999
4113,-3.9868000000000001,3.3054000000000001
4114,-7.5396000000000001,3.2978999999999998
4115,-6.6592000000000002,3.2997999999999998
4116,-3.6334,3.3035000000000001
4117,-11.427300000000001,3.2886000000000002
4118,-7.1055999999999999,3.2978999999999998
4119,-6.6158000000000001,3.2978999999999998
4120,-10.2988,3.2905000000000002
4121,-15.8544,3.2793000000000001
4122,-17.4603,3.2755999999999998
4123,-16.344200000000001,3.2755999999999998
4124,-13.9322,3.2793000000000001
4125,-13.5044,3.2793000000000001
4126,-12.028700000000001,3.2812000000000001
4127,-13.349399999999999,3.2793000000000001
4128,-14.459300000000001,3.2774999999999999
4129,-12.5806,3.2793000000000001
4130,-11.7807,3.2793000000000001
4131,-8.7052999999999994,3.2848999999999999
4132,-5.3136999999999999,3.2905000000000002
4133,-3.8256000000000001,3.2924000000000002
4134,-3.8317999999999999,3.2961
4135,-3.8256000000000001,3.2961
4136,-3.8256000000000001,3.2961
4137,-3.8256000000000001,3.2961
4138,-11.7807,3.2831000000000001
4139,-6.343,3.2905000000000002
4140,-6.4236000000000004,3.2905000000000002
4141,0.73160000000000003,3.3035000000000001
4142,0.73780000000000001,3.3035000000000001
4143,-0.78739999999999999,3.3035000000000001
4144,-3.8256000000000001,3.2978999999999998
4145,-3.8256000000000001,3.2978999999999998
4146,1.8105,3.3071999999999999
4147,6.2126999999999999,3.3147000000000002
4148,16.499199999999998,3.3313999999999999
4149,13.2874,3.3296000000000001
4150,10.689399999999999,3.3277000000000001
4151,0,3.3109999999999999
4152,0,3.3109999999999999
4153,0,3.3109999999999999
4154,0,3.3109999999999999
4155,0,3.3090999999999999
4156,0,3.3109999999999999
4157,0,3.3109999999999999
4158,0,3.3109999999999999
4159,0,3.3109999999999999
4160,0,3.3109999999999999
4161,0,3.3109999999999999
4162,0,3.3109999999999999
4163,0,3.3109999999999999
4164,0,3.3109999999999999
4165,0,3.3109999999999999
4166,0,3.3109999999999999
4167,0,3.3109999999999999
4168,0,3.3109999999999999
4169,0,3.3109999999999999
4170,0,3.3109999999999999
4171,-10.497199999999999,3.2924000000000002
4172,-14.453099999999999,3.2848999999999999
4173,-18.328299999999999,3.2774999999999999
4174,-22.569400000000002,3.27
4175,-13.2936,3.2812000000000001
4176,-13.0642,3.2812000000000001
4177,-11.0243,3.2848999999999999
4178,-2.1453000000000002,3.2997999999999998
4179,-2.1453000000000002,3.3016999999999999
4180,-6.2995999999999999,3.2924000000000002
4181,-4.1417999999999999,3.2978999999999998
4182,-2.1453000000000002,3.3016999999999999
4183,-0.13639999999999999,3.3054000000000001
4184,1.0602,3.3071999999999999
4185,-1.1408,3.3054000000000001
4186,0.29759999999999998,3.3071999999999999
4187,-6.2624000000000004,3.2978999999999998
4188,-3.2242000000000002,3.3016999999999999
4189,-1.147,3.3054000000000001
4190,0.62,3.3071999999999999
4191,-1.1097999999999999,3.3054000000000001
4192,-2.0647000000000002,3.3035000000000001
4193,-3.0629,3.3035000000000001
4194,-6.2686000000000002,3.2978999999999998
4195,-7.2544000000000004,3.2961
4196,-10.460000000000001,3.2886000000000002
4197,-8.9408999999999992,3.2905000000000002
4198,-12.5434,3.2831000000000001
4199,-10.9747,3.2848999999999999
4200,-3.9371999999999998,3.2978999999999998
4201,-3.9868000000000001,3.2978999999999998
4202,-7.7504,3.2905000000000002
4203,-7.5396000000000001,3.2905000000000002
4204,-7.6574,3.2905000000000002
4205,-4.5758000000000001,3.2961
4206,-3.2242000000000002,3.2997999999999998
4207,-3.2242000000000002,3.2978999999999998
4208,-5.3509000000000002,3.2961
4209,-14.9801,3.2793000000000001
4210,-20.4985,3.2682000000000002
4211,-15.2529,3.2755999999999998
4212,-10.832000000000001,3.2831000000000001
4213,-10.466200000000001,3.2831000000000001
4214,3.9805999999999999,3.3071999999999999
4215,17.702100000000002,3.3296000000000001
4216,16.226400000000002,3.3313999999999999
4217,13.089,3.3296000000000001
4218,9.7408000000000001,3.3258000000000001
4219,0,3.3109999999999999
4220,0,3.3090999999999999
4221,0,3.3090999999999999
4222,0,3.3090999999999999
4223,0,3.3090999999999999
4224,0,3.3090999999999999
4225,0,3.3090999999999999
4226,0,3.3109999999999999
4227,0,3.3109999999999999
4228,0,3.3109999999999999
4229,0,3.3109999999999999
4230,0,3.3109999999999999
4231,0,3.3109999999999999
4232,0,3.3109999999999999
4233,0,3.3109999999999999
4234,0,3.3109999999999999
4235,0,3.3109999999999999
4236,0,3.3109999999999999
4237,0,3.3109999999999999
4238,0,3.3109999999999999
4239,0,3.3109999999999999
4240,0,3.3109999999999999
4241,0,3.3109999999999999
4242,0,3.3109999999999999
4243,0,3.3109999999999999
4244,0,3.3109999999999999
4245,0,3.3109999999999999
4246,0,3.3109999999999999
4247,0,3.3109999999999999
4248,-6.4669999999999996,3.3016999999999999
4249,-8.1783000000000001,3.2978999999999998
4250,-17.143999999999998,3.2812000000000001
4251,-13.895,3.2848999999999999
4252,-16.424800000000001,3.2793000000000001
4253,-12.028700000000001,3.2848999999999999
4254,-11.656700000000001,3.2848999999999999
4255,-20.027200000000001,3.27
4256,-21.6145,3.2682000000000002
4257,-16.5426,3.2738
4258,-15.742800000000001,3.2738
4259,-15.463699999999999,3.2738
4260,-17.5471,3.27
4261,-13.492000000000001,3.2755999999999998
4262,-7.6264000000000003,3.2848999999999999
4263,-9.1889000000000003,3.2831000000000001
4264,-5.6547000000000001,3.2886000000000002
4265,-5.6981000000000002,3.2886000000000002
4266,-4.1479999999999997,3.2924000000000002
4267,-6.5785999999999998,3.2886000000000002
4268,-5.7477,3.2905000000000002
4269,-4.1852,3.2924000000000002
4270,1.2958000000000001,3.3035000000000001
4271,1.2958000000000001,3.3054000000000001
4272,10.1252,3.3203
4273,11.2103,3.3239999999999998
4274,13.3804,3.3277000000000001
4275,7.8559000000000001,3.3220999999999998
4276,6.2561999999999998,3.3203
4277,7.6574,3.3220999999999998
4278,0,3.3109999999999999
4279,0,3.3109999999999999
4280,0,3.3109999999999999
4281,0,3.3109999999999999
4282,0,3.3109999999999999
4283,0,3.3109999999999999
4284,0,3.3109999999999999
4285,0,3.3109999999999999
4286,0,3.3109999999999999
4287,0,3.3109999999999999
4288,0,3.3109999999999999
4289,0,3.3109999999999999
4290,0,3.3109999999999999
4291,0,3.3109999999999999
4292,0,3.3109999999999999
4293,0,3.3109999999999999
4294,0,3.3109999999999999
4295,0,3.3109999999999999
4296,-4.5758000000000001,3.3035000000000001
4297,-6.2624000000000004,3.3016999999999999
4298,-3.8628,3.3054000000000001
4299,-6.9753999999999996,3.2997999999999998
4300,-14.0252,3.2848999999999999
4301,-13.671799999999999,3.2848999999999999
4302,-15.972200000000001,3.2793000000000001
4303,-10.2182,3.2886000000000002
4304,-16.294599999999999,3.2774999999999999
4305,-5.1090999999999998,3.2961
4306,-0.10539999999999999,3.3035000000000001
4307,-2.0585,3.3016999999999999
4308,-16.852599999999999,3.2774999999999999
4309,-11.8675,3.2831000000000001
4310,-11.464499999999999,3.2831000000000001
4311,-16.945599999999999,3.2738
4312,-14.0997,3.2774999999999999
4313,-3.2242000000000002,3.2961
4314,0.84940000000000004,3.3035000000000001
4315,-10.212,3.2848999999999999
4316,-10.497199999999999,3.2848999999999999
4317,-5.6237000000000004,3.2905000000000002
4318,4.0983999999999998,3.3090999999999999
4319,3.621,3.3090999999999999
4320,4.5448000000000004,3.3128000000000002
4321,11.092499999999999,3.3239999999999998
4322,10.9747,3.3258000000000001
4323,8.1721000000000004,3.3220999999999998
4324,0,3.3109999999999999
4325,0,3.3109999999999999
4326,0,3.3090999999999999
4327,0,3.3090999999999999
4328,0,3.3109999999999999
4329,0,3.3109999999999999
4330,-0.41539999999999999,3.3090999999999999
4331,-8.7052999999999994,3.2961
4332,-10.6646,3.2905000000000002
4333,-16.623200000000001,3.2793000000000001
4334,-20.386900000000001,3.2719
4335,-12.028700000000001,3.2831000000000001
4336,-17.4665,3.2738
4337,-18.898800000000001,3.2719
4338,-17.2681,3.2719
4339,-21.750900000000001,3.2645
4340,-20.932500000000001,3.2645
4341,-19.977599999999999,3.2645
4342,-16.207799999999999,3.27
4343,-16.945599999999999,3.2682000000000002
4344,-11.8675,3.2755999999999998
4345,-10.782400000000001,3.2774999999999999
4346,-8.1038999999999994,3.2831000000000001
4347,-9.6663999999999994,3.2812000000000001
4348,-8.3890999999999991,3.2831000000000001
4349,-4.5014000000000003,3.2886000000000002
4350,0,3.2978999999999998
4351,-2.7839,3.2924000000000002
4352,-1.1408,3.2978999999999998
4353,1.3764000000000001,3.3035000000000001
4354,2.6103000000000001,3.3054000000000001
4355,6.7770000000000001,3.3128000000000002
4356,10.788600000000001,3.3220999999999998
4357,10.1066,3.3220999999999998
4358,11.7311,3.3258000000000001
4359,9.8523999999999994,3.3239999999999998
4360,5.2641,3.3184
4361,6.6901999999999999,3.3203
4362,0,3.3109999999999999
4363,0,3.3109999999999999
4364,0,3.3109999999999999
4365,0,3.3109999999999999
4366,-0.496,3.3090999999999999
4367,0,3.3109999999999999
4368,0,3.3109999999999999
4369,-9.6229999999999993,3.2924000000000002
4370,-10.6708,3.2905000000000002
4371,-17.819900000000001,3.2774999999999999
4372,-23.976900000000001,3.2663000000000002
4373,-24.1691,3.2645
4374,-16.145800000000001,3.2738
4375,-10.416600000000001,3.2831000000000001
4376,-13.058,3.2793000000000001
4377,-14.260899999999999,3.2755999999999998
4378,-15.823399999999999,3.2738
4379,-16.5426,3.2719
4380,-25.2852,3.2570000000000001
4381,-23.028199999999998,3.2589000000000001
4382,-16.852599999999999,3.2682000000000002
4383,-10.9871,3.2755999999999998
4384,-8.2217000000000002,3.2812000000000001
4385,-12.295299999999999,3.2755999999999998
4386,-4.5819999999999999,3.2886000000000002
4387,-4.5819999999999999,3.2886000000000002
4388,-2.9079000000000002,3.2924000000000002
4389,0,3.2978999999999998
4390,-1.1841999999999999,3.2978999999999998
4391,-4.3898000000000001,3.2905000000000002
4392,-4.3836000000000004,3.2924000000000002
4393,-2.7900999999999998,3.2961
4394,2.0585,3.3035000000000001
4395,-2.6598999999999999,3.2978999999999998
4396,-4.1852,3.2961
4397,-4.1852,3.2961
4398,-4.1852,3.2961
4399,-4.1790000000000003,3.2961
4400,-4.1913999999999998,3.2961
4401,-5.8159000000000001,3.2924000000000002
4402,-9.5424000000000007,3.2867999999999999
4403,-11.2227,3.2831000000000001
4404,-25.483599999999999,3.2589000000000001
4405,-19.376200000000001,3.2663000000000002
4406,-19.773,3.2645
4407,-20.541899999999998,3.2625999999999999
4408,-5.8159000000000001,3.2848999999999999
4409,-14.459300000000001,3.2719
4410,-12.022500000000001,3.2755999999999998
4411,-10.503399999999999,3.2774999999999999
4412,-4.1417999999999999,3.2886000000000002
4413,-2.2259000000000002,3.2924000000000002
4414,-5.9027000000000003,3.2867999999999999
4415,-4.0301999999999998,3.2905000000000002
4416,-0.34720000000000001,3.2978999999999998
4417,1.3702000000000001,3.3016999999999999
4418,-3.9868000000000001,3.2924000000000002
4419,1.3764000000000001,3.3035000000000001
4420,1.3702000000000001,3.3035000000000001
4421,-3.6581999999999999,3.2978999999999998
4422,-0.080600000000000005,3.3016999999999999
4423,-3.5838000000000001,3.2978999999999998
4424,4.6999000000000004,3.3109999999999999
4425,2.0956999999999999,3.3071999999999999
4426,-3.1932,3.2997999999999998
4427,-4.8673000000000002,3.2978999999999998
4428,-4.8611000000000004,3.2961
4429,-4.8611000000000004,3.2961
4430,0,3.3054000000000001
4431,-3.0691000000000002,3.2997999999999998
4432,-4.7495000000000003,3.2978999999999998
4433,-1.3515999999999999,3.3016999999999999
4434,0.73160000000000003,3.3071999999999999
4435,2.6970999999999998,3.3109999999999999
4436,1.3702000000000001,3.3090999999999999
4437,2.6598999999999999,3.3109999999999999
4438,8.0046999999999997,3.3203
4439,9.6105999999999998,3.3239999999999998
4440,8.7797000000000001,3.3239999999999998
4441,6.6158000000000001,3.3220999999999998
4442,5.2516999999999996,3.3203
4443,-2.4243000000000001,3.3090999999999999
4444,-11.464499999999999,3.2905000000000002
4445,-10.912599999999999,3.2905000000000002
4446,-7.9427000000000003,3.2961
4447,-8.9842999999999993,3.2905000000000002
4448,-10.143800000000001,3.2886000000000002
4449,-10.466200000000001,3.2886000000000002
4450,-12.7356,3.2831000000000001
4451,-15.8668,3.2774999999999999
4452,-16.579799999999999,3.2755999999999998
4453,-11.6319,3.2831000000000001
4454,-3.9868000000000001,3.2961
4455,-6.3120000000000003,3.2905000000000002
4456,-6.3368000000000002,3.2905000000000002
4457,-6.4669999999999996,3.2905000000000002
4458,-11.650499999999999,3.2831000000000001
4459,-8.1783000000000001,3.2867999999999999
4460,-13.622199999999999,3.2793000000000001
4461,-6.2188999999999997,3.2886000000000002
4462,-6.2686000000000002,3.2905000000000002
4463,-6.2686000000000002,3.2905000000000002
4464,-2.9885000000000002,3.2961
4465,4.4146000000000001,3.3090999999999999
4466,2.0585,3.3071999999999999
4467,1.3764000000000001,3.3071999999999999
4468,6.1444999999999999,3.3147000000000002
4469,3.2614000000000001,3.3109999999999999
4470,1.2958000000000001,3.3090999999999999
4471,-7.3411999999999997,3.2961
4472,-7.4652000000000003,3.2924000000000002
4473,-8.9842999999999993,3.2905000000000002
4474,-6.2995999999999999,3.2961
4475,-10.6646,3.2867999999999999
4476,-12.5372,3.2831000000000001
4477,-11.5389,3.2831000000000001
4478,-8.0357000000000003,3.2867999999999999
4479,-11.979100000000001,3.2812000000000001
4480,-12.338699999999999,3.2812000000000001
4481,-7.1117999999999997,3.2886000000000002
4482,-2.9885000000000002,3.2961
4483,-2.9885000000000002,3.2978999999999998
4484,-2.9079000000000002,3.2978999999999998
4485,0.77500000000000002,3.3035000000000001
4486,0.77500000000000002,3.3054000000000001
4487,-2.7839,3.2997999999999998
4488,-4.3464,3.2978999999999998
4489,0.77500000000000002,3.3054000000000001
4490,0.77500000000000002,3.3071999999999999
4491,2.0213000000000001,3.3090999999999999
4492,-9.1021000000000001,3.2905000000000002
4493,-10.695600000000001,3.2867999999999999
4494,-8.0295000000000005,3.2905000000000002
4495,-6.7026000000000003,3.2924000000000002
4496,-1.1408,3.3016999999999999
4497,-6.7026000000000003,3.2924000000000002
4498,-4.3464,3.2978999999999998
4499,-4.3464,3.2978999999999998
4500,0,3.3054000000000001
4501,0.17979999999999999,3.3054000000000001
4502,1.3764000000000001,3.3071999999999999
4503,0.17979999999999999,3.3071999999999999
4504,-2.6164999999999998,3.3035000000000001
4505,-4.1790000000000003,3.2997999999999998
4506,-4.1790000000000003,3.2997999999999998
4507,-0.99199999999999999,3.3054000000000001
4508,-2.5049000000000001,3.3016999999999999
4509,-4.1356000000000002,3.2997999999999998
4510,0.16120000000000001,3.3071999999999999
4511,0.17979999999999999,3.3071999999999999
4512,-3.9371999999999998,3.3016999999999999
4513,-7.7751999999999999,3.2924000000000002
4514,-2.4615,3.3016999999999999
4515,0.21079999999999999,3.3071999999999999
4516,3.8193999999999999,3.3128000000000002
4517,4.7805,3.3165
4518,5.9398999999999997,3.3184
4519,1.7361,3.3128000000000002
4520,-2.8645,3.3054000000000001
4521,-3.9371999999999998,3.3035000000000001
4522,-13.058,3.2867999999999999
4523,-12.382099999999999,3.2867999999999999
4524,-10.9064,3.2867999999999999
4525,-5.8220999999999998,3.2961
4526,-5.8654999999999999,3.2961
4527,-10.0632,3.2886000000000002
4528,-6.1073000000000004,3.2961
4529,-5.3446999999999996,3.2961
4530,-5.3695000000000004,3.2961
4531,-6.2624000000000004,3.2924000000000002
4532,0.21079999999999999,3.3054000000000001
4533,-0.78120000000000001,3.3035000000000001
4534,-3.8317999999999999,3.2997999999999998
4535,-3.8193999999999999,3.2997999999999998
4536,0.21079999999999999,3.3054000000000001
4537,-0.74399999999999999,3.3054000000000001
4538,-0.74399999999999999,3.3054000000000001
4539,-3.621,3.3016999999999999
4540,-5.9089,3.2978999999999998
4541,-10.1066,3.2886000000000002
4542,-3.8256000000000001,3.2997999999999998
4543,0.73780000000000001,3.3071999999999999
4544,-3.7450000000000001,3.3016999999999999
4545,1.2958000000000001,3.3090999999999999
4546,-8.5441000000000003,3.2924000000000002
4547,-11.464499999999999,3.2867999999999999
4548,-10.3422,3.2867999999999999
4549,1.2958000000000001,3.3071999999999999
4550,4.8982999999999999,3.3128000000000002
4551,10.6212,3.3239999999999998
4552,8.9284999999999997,3.3239999999999998
4553,13.169600000000001,3.3313999999999999
4554,10.503399999999999,3.3296000000000001
4555,7.3474000000000004,3.3258000000000001
4556,0,3.3128000000000002
4557,0,3.3128000000000002
4558,0,3.3128000000000002
4559,0,3.3128000000000002
4560,0,3.3128000000000002
4561,0,3.3128000000000002
4562,-6.4669999999999996,3.3016999999999999
4563,-9.6974,3.2961
4564,-20.523299999999999,3.2755999999999998
4565,-22.104399999999998,3.27
4566,-26.2834,3.2625999999999999
4567,-20.851900000000001,3.2682000000000002
4568,-12.4255,3.2793000000000001
4569,-15.649800000000001,3.2755999999999998
4570,-13.523,3.2774999999999999
4571,-12.2271,3.2793000000000001
4572,-14.4655,3.2755999999999998
4573,-21.112300000000001,3.2645
4574,-26.686499999999999,3.2551999999999999
4575,-19.177800000000001,3.2645
4576,-11.8179,3.2755999999999998
4577,-8.3085000000000004,3.2812000000000001
4578,-6.0639000000000003,3.2848999999999999
4579,-4.5014000000000003,3.2886000000000002
4580,-4.5014000000000003,3.2905000000000002
4581,3.6520000000000001,3.3054000000000001
4582,-1.1097999999999999,3.2997999999999998
4583,0.1426,3.3016999999999999
4584,0.77500000000000002,3.3035000000000001
4585,0.17979999999999999,3.3035000000000001
4586,1.2958000000000001,3.3054000000000001
4587,0.17979999999999999,3.3035000000000001
4588,1.2958000000000001,3.3054000000000001
4589,5.8159000000000001,3.3147000000000002
4590,10.6212,3.3239999999999998
4591,1.2958000000000001,3.3109999999999999
4592,-2.8334999999999999,3.3035000000000001
4593,-6.3120000000000003,3.2978999999999998
4594,-10.7018,3.2886000000000002
4595,-9.1331000000000007,3.2886000000000002
4596,-0.55179999999999996,3.3035000000000001
4597,-3.2614000000000001,3.2997999999999998
4598,-5.4625000000000004,3.2978999999999998
4599,0.30380000000000001,3.3054000000000001
4600,-3.2614000000000001,3.3016999999999999
4601,-3.2614000000000001,3.2997999999999998
4602,-12.4255,3.2848999999999999
4603,-9.6229999999999993,3.2886000000000002
4604,-11.2475,3.2848999999999999
4605,-6.0266999999999999,3.2924000000000002
4606,-7.4652000000000003,3.2905000000000002
4607,-8.9780999999999995,3.2867999999999999
4608,-5.5058999999999996,3.2924000000000002
4609,-2.4243000000000001,3.2997999999999998
4610,1.2896000000000001,3.3054000000000001
4611,3.7450000000000001,3.3109999999999999
4612,0.73780000000000001,3.3071999999999999
4613,1.2524,3.3090999999999999
4614,0.29759999999999998,3.3071999999999999
4615,0.73780000000000001,3.3090999999999999
4616,1.3391999999999999,3.3090999999999999
4617,0.77500000000000002,3.3090999999999999
4618,4.5448000000000004,3.3165
4619,13.169600000000001,3.3296000000000001
4620,11.458299999999999,3.3296000000000001
4621,8.2898999999999994,3.3258000000000001
4622,0,3.3128000000000002
4623,0,3.3128000000000002
4624,0,3.3128000000000002
4625,0,3.3128000000000002
4626,0,3.3128000000000002
4627,0,3.3109999999999999
4628,0,3.3128000000000002
4629,0,3.3128000000000002
4630,0,3.3128000000000002
4631,0,3.3128000000000002
4632,0,3.3109999999999999
4633,0,3.3128000000000002
4634,0,3.3128000000000002
4635,0,3.3128000000000002
4636,0,3.3128000000000002
4637,0,3.3128000000000002
4638,0,3.3128000000000002
4639,0,3.3128000000000002
4640,0,3.3128000000000002
4641,0,3.3128000000000002
4642,0,3.3128000000000002
4643,0,3.3128000000000002
4644,0,3.3128000000000002
4645,0,3.3128000000000002
4646,0,3.3128000000000002
4647,0,3.3128000000000002
4648,0,3.3128000000000002
4649,0,3.3128000000000002
4650,0,3.3128000000000002
4651,0,3.3128000000000002
4652,0,3.3128000000000002
4653,0,3.3128000000000002
4654,0,3.3128000000000002
4655,-3.9929999999999999,3.3071999999999999
4656,-9.0648999999999997,3.2978999999999998
4657,-16.021799999999999,3.2831000000000001
4658,-19.649000000000001,3.2755999999999998
4659,-24.014099999999999,3.2663000000000002
4660,-27.734300000000001,3.2589000000000001
4661,-15.339700000000001,3.2755999999999998
4662,-16.623200000000001,3.2738
4663,-20.740300000000001,3.2663000000000002
4664,-16.381399999999999,3.2719
4665,-15.190899999999999,3.2738
4666,-13.175800000000001,3.2755999999999998
4667,-13.709,3.2755999999999998
4668,-15.6312,3.2719
4669,-7.6512000000000002,3.2848999999999999
4670,-11.470700000000001,3.2793000000000001
4671,-10.9064,3.2793000000000001
4672,-9.6539999999999999,3.2812000000000001
4673,0,3.2978999999999998
4674,1.3764000000000001,3.3016999999999999
4675,1.3702000000000001,3.3035000000000001
4676,-4.1045999999999996,3.2961
4677,2.7776999999999998,3.3071999999999999
4678,9.8585999999999991,3.3203
4679,10.336,3.3220999999999998
4680,4.1790000000000003,3.3128000000000002
4681,3.4660000000000002,3.3128000000000002
4682,11.613300000000001,3.3277000000000001
4683,10.9747,3.3277000000000001
4684,7.4527999999999999,3.3239999999999998
4685,2.4552999999999998,3.3165
4686,0.61380000000000001,3.3128000000000002
4687,0,3.3109999999999999
4688,0,3.3109999999999999
4689,0,3.3109999999999999
4690,0,3.3109999999999999
4691,-0.58279999999999998,3.3109999999999999
4692,-2.2197,3.3071999999999999
4693,-2.2631000000000001,3.3071999999999999
4694,0,3.3109999999999999
4695,-0.58279999999999998,3.3109999999999999
4696,0,3.3109999999999999
4697,0,3.3109999999999999
4698,0,3.3109999999999999
4699,0,3.3109999999999999
4700,0,3.3109999999999999
4701,0,3.3109999999999999
4702,0,3.3109999999999999
4703,-0.41539999999999999,3.3109999999999999
4704,-1.8229,3.3090999999999999
4705,-3.4226000000000001,3.3071999999999999
4706,-6.6219999999999999,3.2997999999999998
4707,-15.097899999999999,3.2848999999999999
4708,-17.292899999999999,3.2793000000000001
4709,-20.2194,3.2719
4710,-9.9082000000000008,3.2867999999999999
4711,-5.4625000000000004,3.2961
4712,-13.864000000000001,3.2812000000000001
4713,-19.8598,3.27
4714,-20.1326,3.2682000000000002
4715,-13.0952,3.2774999999999999
4716,-5.1835000000000004,3.2905000000000002
4717,-3.9868000000000001,3.2961
4718,-4.0178000000000003,3.2961
4719,-6.2624000000000004,3.2905000000000002
4720,-11.8241,3.2812000000000001
4721,-9.1331000000000007,3.2848999999999999
4722,-12.568199999999999,3.2793000000000001
4723,-11.7807,3.2812000000000001
4724,-10.1066,3.2831000000000001
4725,-2.3127,3.2961
4726,-2.2631000000000001,3.2978999999999998
4727,-6.0576999999999996,3.2905000000000002
4728,-8.9533000000000005,3.2867999999999999
4729,-9.1082999999999998,3.2848999999999999
4730,-6.4236000000000004,3.2886000000000002
4731,-9.3438999999999997,3.2848999999999999
4732,-6.2686000000000002,3.2886000000000002
4733,-7.7504,3.2867999999999999
4734,-5.6299000000000001,3.2905000000000002
4735,-4.1108000000000002,3.2924000000000002
4736,-4.1108000000000002,3.2961
4737,-2.5049000000000001,3.2978999999999998
4738,-2.4986999999999999,3.2978999999999998
4739,-4.0301999999999998,3.2961
4740,0.16120000000000001,3.3035000000000001
4741,-2.5855000000000001,3.2997999999999998
4742,0.73780000000000001,3.3054000000000001
4743,1.2958000000000001,3.3071999999999999
4744,3.8193999999999999,3.3128000000000002
4745,4.7866999999999997,3.3147000000000002
4746,10.1128,3.3239999999999998
4747,6.4607999999999999,3.3203
4748,10.863,3.3277000000000001
4749,4.9417,3.3203
4750,6.4112,3.3220999999999998
4751,7.6078000000000001,3.3239999999999998
4752,0,3.3128000000000002
4753,0,3.3128000000000002
4754,0,3.3128000000000002
4755,0,3.3128000000000002
4756,0,3.3128000000000002
4757,0,3.3109999999999999
4758,0,3.3128000000000002
4759,0,3.3128000000000002
4760,0,3.3128000000000002
4761,0,3.3128000000000002
4762,0,3.3128000000000002
4763,0,3.3128000000000002
4764,0,3.3128000000000002
4765,0,3.3128000000000002
4766,0,3.3128000000000002
4767,0,3.3128000000000002
4768,0,3.3128000000000002
4769,0,3.3128000000000002
4770,0,3.3128000000000002
4771,-6.7770000000000001,3.3016999999999999
4772,-10.652200000000001,3.2924000000000002
4773,-16.145800000000001,3.2831000000000001
4774,-22.290400000000002,3.27
4775,-26.494199999999999,3.2606999999999999
4776,-31.373999999999999,3.2513999999999998
4777,-27.368500000000001,3.2551999999999999
4778,-24.212499999999999,3.2589000000000001
4779,-9.3438999999999997,3.2812000000000001
4780,1.2524,3.2997999999999998
4781,1.2524,3.3016999999999999
4782,12.338699999999999,3.3220999999999998
4783,13.448600000000001,3.3258000000000001
4784,10.8444,3.3239999999999998
4785,7.1738,3.3203
4786,0,3.3090999999999999
4787,0,3.3090999999999999
4788,0,3.3090999999999999
4789,0,3.3090999999999999
4790,0,3.3090999999999999
4791,0,3.3090999999999999
4792,0,3.3109999999999999
4793,0,3.3109999999999999
4794,0,3.3109999999999999
4795,0,3.3090999999999999
4796,0,3.3109999999999999
4797,0,3.3109999999999999
4798,0,3.3109999999999999
4799,-0.78120000000000001,3.3090999999999999
4800,-4.3402000000000003,3.3035000000000001
4801,-6.6219999999999999,3.2997999999999998
4802,-9.7531999999999996,3.2924000000000002
4803,-18.129899999999999,3.2774999999999999
4804,-15.1785,3.2812000000000001
4805,-8.1783000000000001,3.2905000000000002
4806,-2.5731000000000002,3.3016999999999999
4807,0.48359999999999997,3.3071999999999999
4808,-3.3420000000000001,3.3016999999999999
4809,-3.9371999999999998,3.2997999999999998
4810,-1.5376000000000001,3.3035000000000001
4811,-8.2155000000000005,3.2924000000000002
4812,-13.3866,3.2831000000000001
4813,-14.694900000000001,3.2793000000000001
4814,-16.331800000000001,3.2755999999999998
4815,-13.182,3.2793000000000001
4816,-15.5319,3.2755999999999998
4817,-7.9861000000000004,3.2867999999999999
4818,-6.3120000000000003,3.2905000000000002
4819,-2.7776999999999998,3.2978999999999998
4820,0.29759999999999998,3.3035000000000001
4821,0.29759999999999998,3.3035000000000001
4822,-6.4607999999999999,3.2924000000000002
4823,-6.3120000000000003,3.2924000000000002
4824,-5.1401000000000003,3.2961
4825,-1.6245000000000001,3.3016999999999999
4826,-0.372,3.3035000000000001
4827,-0.38440000000000002,3.3054000000000001
4828,-2.8273000000000001,3.3016999999999999
4829,-1.6245000000000001,3.3035000000000001
4830,5.4500999999999999,3.3147000000000002
4831,1.6493,3.3109999999999999
4832,0.3286,3.3090999999999999
4833,-6.9071999999999996,3.2961
4834,-4.7432999999999996,3.2997999999999998
4835,-4.7866999999999997,3.2997999999999998
4836,1.1718,3.3090999999999999
4837,8.3457000000000008,3.3220999999999998
4838,7.056,3.3203
4839,7.242,3.3220999999999998
4840,0,3.3109999999999999
4841,0,3.3109999999999999
4842,0,3.3109999999999999
4843,0,3.3109999999999999
4844,0,3.3109999999999999
4845,0,3.3109999999999999
4846,0,3.3109999999999999
4847,0,3.3109999999999999
4848,0,3.3109999999999999
4849,0,3.3109999999999999
4850,0,3.3109999999999999
4851,0,3.3128000000000002
4852,0,3.3109999999999999
4853,0,3.3109999999999999
4854,-3.3420000000000001,3.3071999999999999
4855,-0.496,3.3109999999999999
4856,-0.496,3.3109999999999999
4857,-0.496,3.3109999999999999
4858,-0.496,3.3109999999999999
4859,-2.2631000000000001,3.3071999999999999
4860,-4.7309000000000001,3.3035000000000001
4861,-3.5775999999999999,3.3054000000000001
4862,-3.5775999999999999,3.3054000000000001
4863,-4.5448000000000004,3.3035000000000001
4864,-9.4928000000000008,3.2924000000000002
4865,-11.5451,3.2886000000000002
4866,-4.1790000000000003,3.3016999999999999
4867,0,3.3071999999999999
4868,0,3.3090999999999999
4869,0,3.3090999999999999
4870,-6.6158000000000001,3.2997999999999998
4871,-13.857799999999999,3.2848999999999999
4872,-22.0548,3.27
4873,-26.853899999999999,3.2606999999999999
4874,-25.254200000000001,3.2606999999999999
4875,-17.540900000000001,3.27
4876,-11.049099999999999,3.2793000000000001
4877,-7.5768000000000004,3.2867999999999999
4878,-12.1403,3.2793000000000001
4879,-10.652200000000001,3.2812000000000001
4880,-9.6539999999999999,3.2831000000000001
4881,-8.5379000000000005,3.2848999999999999
4882,-3.6581999999999999,3.2924000000000002
4883,1.2896000000000001,3.3035000000000001
4884,1.2524,3.3035000000000001
4885,-3.4660000000000002,3.2978999999999998
4886,-3.4660000000000002,3.2978999999999998
4887,-3.4660000000000002,3.2978999999999998
4888,-3.4598,3.2978999999999998
4889,-3.4660000000000002,3.2978999999999998
4890,-9.6229999999999993,3.2867999999999999
4891,-5.0594999999999999,3.2961
4892,-8.5441000000000003,3.2886000000000002
4893,-5.9337,3.2924000000000002
4894,-7.4156000000000004,3.2886000000000002
4895,-8.9533000000000005,3.2867999999999999
4896,-6.2624000000000004,3.2905000000000002
4897,-5.5058999999999996,3.2924000000000002
4898,-7.7751999999999999,3.2886000000000002
4899,-6.4607999999999999,3.2905000000000002
4900,-13.901199999999999,3.2793000000000001
4901,-28.4846,3.2551999999999999
4902,8.9284999999999997,3.3128000000000002
4903,-27.343699999999998,3.2570000000000001
4904,-6.2561999999999998,3.2867999999999999
4905,-2.9823,3.2924000000000002
4906,5.1338999999999997,3.3090999999999999
4907,19.097200000000001,3.3332999999999999
4908,17.7331,3.3351000000000002
4909,15.097899999999999,3.3332999999999999
4910,11.972899999999999,3.3296000000000001
4911,8.6928999999999998,3.3258000000000001
4912,0,3.3128000000000002
4913,0,3.3109999999999999
4914,0,3.3109999999999999
4915,0,3.3109999999999999
4916,0,3.3109999999999999
4917,0,3.3109999999999999
4918,0,3.3109999999999999
4919,0,3.3109999999999999
4920,0,3.3109999999999999
4921,0,3.3109999999999999
4922,0,3.3109999999999999
4923,0,3.3109999999999999
4924,0,3.3109999999999999
4925,0,3.3109999999999999
4926,0,3.3109999999999999
4927,0,3.3109999999999999
4928,0,3.3109999999999999
4929,0,3.3109999999999999
4930,0,3.3128000000000002
4931,0,3.3128000000000002
4932,0,3.3128000000000002
4933,0,3.3128000000000002
4934,0,3.3128000000000002
4935,0,3.3128000000000002
4936,0,3.3128000000000002
4937,0,3.3128000000000002
4938,0,3.3128000000000002
4939,0,3.3128000000000002
4940,-4.9044999999999996,3.3054000000000001
4941,-10.6212,3.2924000000000002
4942,-17.8261,3.2793000000000001
4943,-18.6631,3.2774999999999999
4944,-16.5426,3.2774999999999999
4945,-15.011100000000001,3.2793000000000001
4946,-9.5361999999999991,3.2867999999999999
4947,-26.0974,3.2606999999999999
4948,-7.0498000000000003,3.2886000000000002
4949,-14.093500000000001,3.2774999999999999
4950,-11.1111,3.2831000000000001
4951,-2.8273000000000001,3.2961
4952,-20.740300000000001,3.2682000000000002
4953,1.2462,3.3016999999999999
4954,0.84319999999999995,3.3035000000000001
4955,0.77500000000000002,3.3054000000000001
4956,1.2462,3.3054000000000001
4957,1.6927000000000001,3.3071999999999999
4958,1.2524,3.3071999999999999
4959,0.73160000000000003,3.3071999999999999
4960,4.1294000000000004,3.3128000000000002
4961,3.4535999999999998,3.3128000000000002
4962,3.0876999999999999,3.3128000000000002
4963,2.8893,3.3147000000000002
4964,4.3277999999999999,3.3165
4965,7.5396000000000001,3.3239999999999998
4966,0,3.3109999999999999
4967,0,3.3109999999999999
4968,0,3.3109999999999999
4969,0,3.3109999999999999
4970,0,3.3109999999999999
4971,0,3.3109999999999999
4972,0,3.3109999999999999
4973,0,3.3128000000000002
4974,0,3.3128000000000002
4975,0,3.3109999999999999
4976,0,3.3109999999999999
4977,0,3.3109999999999999
4978,0,3.3109999999999999
4979,0,3.3109999999999999
4980,0,3.3128000000000002
4981,0,3.3128000000000002
4982,0,3.3128000000000002
4983,0,3.3128000000000002
4984,0,3.3128000000000002
4985,0,3.3128000000000002
4986,0,3.3128000000000002
4987,0,3.3128000000000002
4988,0,3.3128000000000002
4989,0,3.3128000000000002
4990,0,3.3128000000000002
4991,0,3.3128000000000002
4992,0,3.3128000000000002
4993,0,3.3128000000000002
4994,0,3.3128000000000002
4995,0,3.3128000000000002
4996,0,3.3128000000000002
4997,-9.6229999999999993,3.2978999999999998
4998,-9.4618000000000002,3.2961
4999,-15.339700000000001,3.2848999999999999
5000,-18.687899999999999,3.2774999999999999
5001,-21.124700000000001,3.27
5002,-23.375399999999999,3.2663000000000002
5003,-6.3368000000000002,3.2905000000000002
5004,-9.3004999999999995,3.2867999999999999
5005,-27.814900000000002,3.2570000000000001
5006,-13.132400000000001,3.2774999999999999
5007,-10.6212,3.2812000000000001
5008,-4.5758000000000001,3.2905000000000002
5009,0.84319999999999995,3.3035000000000001
5010,1.7361,3.3054000000000001
5011,1.7361,3.3071999999999999
5012,1.2524,3.3071999999999999
5013,1.6555,3.3090999999999999
5014,11.458299999999999,3.3258000000000001
5015,7.1738,3.3203
5016,-1.8229,3.3071999999999999
5017,-4.5758000000000001,3.3016999999999999
5018,-4.6999000000000004,3.3016999999999999
5019,-6.0576999999999996,3.2978999999999998
5020,-12.022500000000001,3.2867999999999999
5021,-20.1326,3.2719
5022,-22.290400000000002,3.2663000000000002
5023,-20.548100000000002,3.2682000000000002
5024,-5.3818999999999999,3.2905000000000002
5025,-0.54559999999999997,3.2997999999999998
5026,-1.9035,3.2997999999999998
5027,5.7352999999999996,3.3128000000000002
5028,10.695600000000001,3.3220999999999998
5029,7.3411999999999997,3.3203
5030,4.1417999999999999,3.3165
5031,-1.9407000000000001,3.3054000000000001
5032,-17.7455,3.2774999999999999
5033,-21.819099999999999,3.27
5034,-20.8643,3.2682000000000002
5035,-21.0503,3.2663000000000002
5036,-15.2591,3.2738
5037,-8.5751000000000008,3.2848999999999999
5038,-7.3722000000000003,3.2867999999999999
5039,-5.3013000000000003,3.2905000000000002
5040,0.73160000000000003,3.3016999999999999
5041,-2.2197,3.2978999999999998
5042,-5.9398999999999997,3.2905000000000002
5043,-5.2579000000000002,3.2924000000000002
5044,-2.2631000000000001,3.2997999999999998
5045,-2.2197,3.2997999999999998
5046,-3.7450000000000001,3.2978999999999998
5047,-10.137600000000001,3.2848999999999999
5048,-10.329800000000001,3.2848999999999999
5049,-5.5058999999999996,3.2924000000000002
5050,0.21079999999999999,3.3035000000000001
5051,1.2958000000000001,3.3054000000000001
5052,-5.3013000000000003,3.2961
5053,-8.9346999999999994,3.2886000000000002
5054,-11.985300000000001,3.2831000000000001
5055,-4.0983999999999998,3.2961
5056,0.031,3.3035000000000001
5057,-9.2632999999999992,3.2867999999999999
5058,-11.656700000000001,3.2831000000000001
5059,-14.2113,3.2774999999999999
5060,-18.650700000000001,3.27
5061,-13.895,3.2755999999999998
5062,-11.8675,3.2793000000000001
5063,-8.9718999999999998,3.2831000000000001
5064,-9.1082999999999998,3.2831000000000001
5065,-9.2632999999999992,3.2831000000000001
5066,-5.1029,3.2886000000000002
5067,-1.6245000000000001,3.2961
5068,-3.2551999999999999,3.2961
5069,-3.2614000000000001,3.2961
5070,-6.7088000000000001,3.2886000000000002
5071,-10.825799999999999,3.2812000000000001
5072,0.73160000000000003,3.3016999999999999
5073,1.3702000000000001,3.3035000000000001
5074,0.73160000000000003,3.3035000000000001
5075,-8.8603000000000005,3.2867999999999999
5076,-12.1031,3.2812000000000001
5077,-10.745200000000001,3.2831000000000001
5078,-7.7008000000000001,3.2867999999999999
5079,-6.9071999999999996,3.2886000000000002
5080,-3.4163999999999999,3.2961
5081,1.3702000000000001,3.3035000000000001
5082,2.0956999999999999,3.3071999999999999
5083,-6.5351999999999997,3.2905000000000002
5084,-8.9842999999999993,3.2867999999999999
5085,-12.307700000000001,3.2812000000000001
5086,-12.593,3.2793000000000001
5087,-13.820600000000001,3.2774999999999999
5088,-11.4955,3.2793000000000001
5089,-8.3085000000000004,3.2848999999999999
5090,-1.9035,3.2961
5091,1.3702000000000001,3.3035000000000001
5092,21.372699999999998,3.3370000000000002
5093,19.562200000000001,3.3370000000000002
5094,18.340699999999998,3.3389000000000002
5095,15.5753,3.3370000000000002
5096,12.4131,3.3332999999999999
5097,9.1331000000000007,3.3296000000000001
5098,0,3.3147000000000002
5099,0,3.3128000000000002
5100,0,3.3128000000000002
5101,0,3.3128000000000002
5102,0,3.3128000000000002
5103,0,3.3128000000000002
5104,0,3.3128000000000002
5105,0,3.3128000000000002
5106,0,3.3128000000000002
5107,0,3.3128000000000002
5108,0,3.3128000000000002
5109,0,3.3128000000000002
5110,0,3.3128000000000002
5111,0,3.3128000000000002
5112,0,3.3128000000000002
5113,0,3.3128000000000002
5114,0,3.3128000000000002
5115,0,3.3128000000000002
5116,0,3.3128000000000002
5117,0,3.3128000000000002
5118,0,3.3128000000000002
5119,0,3.3128000000000002
5120,0,3.3128000000000002
5121,0,3.3128000000000002
5122,0,3.3128000000000002
5123,0,3.3128000000000002
5124,0,3.3128000000000002
5125,0,3.3128000000000002
5126,0,3.3128000000000002
5127,0,3.3128000000000002
5128,0,3.3128000000000002
5129,0,3.3128000000000002
5130,0,3.3128000000000002
5131,0,3.3128000000000002
5132,0,3.3128000000000002
5133,0,3.3128000000000002
5134,0,3.3128000000000002
5135,0,3.3128000000000002
5136,0,3.3128000000000002
5137,0,3.3128000000000002
5138,0,3.3128000000000002
5139,0,3.3128000000000002
5140,-10.497199999999999,3.2961
5141,-14.453099999999999,3.2867999999999999
5142,-18.328299999999999,3.2793000000000001
5143,-22.817399999999999,3.2682000000000002
5144,-28.602399999999999,3.2589000000000001
5145,-33.444899999999997,3.2458999999999998
5146,-29.2348,3.2513999999999998
5147,-28.199400000000001,3.2513999999999998
5148,-22.3338,3.2589000000000001
5149,-12.1775,3.2738
5150,2.6970999999999998,3.2997999999999998
5151,1.8539000000000001,3.3016999999999999
5152,0.73160000000000003,3.3016999999999999
5153,-7.4156000000000004,3.2867999999999999
5154,-6.1383000000000001,3.2886000000000002
5155,-6.2126999999999999,3.2886000000000002
5156,-9.1021000000000001,3.2848999999999999
5157,-21.496700000000001,3.2645
5158,2.7715000000000001,3.3035000000000001
5159,14.050000000000001,3.3239999999999998
5160,6.1010999999999997,3.3147000000000002
5161,16.139600000000002,3.3313999999999999
5162,6.9630000000000001,3.3203
5163,1.054,3.3109999999999999
5164,-10.224399999999999,3.2905000000000002
5165,-6.7831999999999999,3.2961
5166,-15.649800000000001,3.2793000000000001
5167,-26.767099999999999,3.2606999999999999
5168,-30.834499999999998,3.2496
5169,-39.961500000000001,3.2309999999999999
5170,-39.949100000000001,3.2290999999999999
5171,-39.961500000000001,3.2254
5172,-39.967700000000001,3.2235
5173,-25.2852,3.2440000000000002
5174,-39.967700000000001,3.2216999999999998
5175,-30.1401,3.2347000000000001
5176,-39.967700000000001,3.218
5177,-38.268799999999999,3.2198000000000002
5178,-39.967700000000001,3.2161
5179,-29.160399999999999,3.2309999999999999
5180,-27.449100000000001,3.2328000000000001
5181,-25.880400000000002,3.2366000000000001
5182,-10.497199999999999,3.2606999999999999
5183,-6.4173999999999998,3.2682000000000002
5184,-8.7424999999999997,3.2682000000000002
5185,-6.2624000000000004,3.2719
5186,-10.2554,3.2682000000000002
5187,-10.2616,3.2682000000000002
5188,-10.2616,3.2682000000000002
5189,-10.2554,3.2682000000000002
5190,-14.825100000000001,3.2625999999999999
5191,-14.8995,3.2625999999999999
5192,-21.812899999999999,3.2513999999999998
5193,-24.491499999999998,3.2440000000000002
5194,-24.981300000000001,3.2421000000000002
5195,-20.740300000000001,3.2496
5196,-23.4499,3.2440000000000002
5197,-26.2834,3.2383999999999999
5198,-21.893599999999999,3.2458999999999998
5199,-24.683700000000002,3.2403
5200,-30.133900000000001,3.2309999999999999
5201,-39.967700000000001,3.2161
5202,-39.552300000000002,3.2141999999999999
5203,-27.740500000000001,3.2309999999999999
5204,-22.811199999999999,3.2383999999999999
5205,-17.528500000000001,3.2496
5206,-12.382099999999999,3.2570000000000001
5207,-7.4589999999999996,3.2663000000000002
5208,-14.7011,3.2570000000000001
5209,-19.934200000000001,3.2496
5210,-23.003399999999999,3.2421000000000002
5211,-25.9238,3.2366000000000001
5212,-20.696899999999999,3.2440000000000002
5213,-26.494199999999999,3.2347000000000001
5214,-21.1371,3.2440000000000002
5215,-24.324100000000001,3.2383999999999999
5216,-18.855399999999999,3.2458999999999998
5217,-16.220199999999998,3.2532999999999999
5218,-11.414899999999999,3.2606999999999999
5219,-16.102399999999999,3.2532999999999999
5220,-16.0962,3.2551999999999999
5221,-16.0962,3.2551999999999999
5222,-16.102399999999999,3.2551999999999999
5223,-16.102399999999999,3.2551999999999999
5224,-13.3866,3.2589000000000001
5225,-8.3828999999999994,3.2682000000000002
5226,-8.2093000000000007,3.2682000000000002
5227,1.5251999999999999,3.2848999999999999
5228,-2.1515,3.2812000000000001
5229,-4.6254,3.2793000000000001
5230,-9.7469999999999999,3.27
5231,-6.9753999999999996,3.2755999999999998
5232,-11.569900000000001,3.2682000000000002
5233,-22.023800000000001,3.2513999999999998
5234,-16.852599999999999,3.2589000000000001
5235,-16.889800000000001,3.2589000000000001
5236,-14.3291,3.2625999999999999
5237,-7.0250000000000004,3.2738
5238,-4.1790000000000003,3.2793000000000001
5239,-4.1417999999999999,3.2812000000000001
5240,-3.9371999999999998,3.2812000000000001
5241,-1.0602,3.2867999999999999
5242,-20.746500000000001,3.2570000000000001
5243,-3.6272000000000002,3.2831000000000001
5244,-10.6646,3.2719
5245,-8.7052999999999994,3.2755999999999998
5246,-8.5441000000000003,3.2755999999999998
5247,-15.3459,3.2645
5248,-11.1111,3.2719
5249,-39.955300000000001,3.2235
5250,2.0895000000000001,3.2886000000000002
5251,-39.955300000000001,3.2235
5252,-13.9198,3.2625999999999999
5253,-27.170100000000001,3.2403
5254,-39.967700000000001,3.2198000000000002
5255,-28.478400000000001,3.2347000000000001
5256,-20.572900000000001,3.2458999999999998
5257,-26.413599999999999,3.2383999999999999
5258,-15.742800000000001,3.2551999999999999
5259,-10.9002,3.2625999999999999
5260,0,3.2812000000000001
5261,1.6927000000000001,3.2867999999999999
5262,4.7370999999999999,3.2924000000000002
5263,7.9302999999999999,3.3016999999999999
5264,6.6158000000000001,3.3016999999999999
5265,-12.853400000000001,3.2719
5266,-12.8596,3.27
5267,-3.2242000000000002,3.2848999999999999
5268,6.6778000000000004,3.3035000000000001
5269,-10.2616,3.2755999999999998
5270,-14.2919,3.27
5271,-10.2616,3.2738
5272,-2.5731000000000002,3.2867999999999999
5273,-9.9391999999999996,3.2755999999999998
5274,-11.6319,3.2738
5275,-11.6257,3.2719
5276,-2.3437000000000001,3.2867999999999999
5277,0,3.2924000000000002
5278,0.17979999999999999,3.2924000000000002
5279,5.1835000000000004,3.3054000000000001
5280,8.0108999999999995,3.3109999999999999
5281,7.9737,3.3109999999999999
5282,9.1268999999999991,3.3147000000000002
5283,9.0463000000000005,3.3165
5284,7.8186999999999998,3.3147000000000002
5285,8.8478999999999992,3.3184
5286,15.2033,3.3296000000000001
5287,11.650499999999999,3.3258000000000001
5288,14.2113,3.3313999999999999
5289,10.0136,3.3258000000000001
5290,8.5751000000000008,3.3239999999999998
5291,5.6174999999999997,3.3203
5292,4.6936999999999998,3.3184
5293,-3.3420000000000001,3.3054000000000001
5294,1.3640000000000001,3.3109999999999999
5295,5.3013000000000003,3.3184
5296,8.9780999999999995,3.3239999999999998
5297,15.792400000000001,3.3370000000000002
5298,17.8447,3.3407
5299,5.9398999999999997,3.3239999999999998
5300,3.7635999999999998,3.3203
5301,1.6121000000000001,3.3165
5302,5.2579000000000002,3.3220999999999998
5303,4.7805,3.3220999999999998
5304,8.5441000000000003,3.3277000000000001
5305,3.8069999999999999,3.3203
5306,0,3.3147000000000002
5307,0,3.3128000000000002
5308,0,3.3128000000000002
5309,0,3.3128000000000002
5310,0,3.3128000000000002
5311,0,3.3128000000000002
5312,0,3.3128000000000002
5313,0,3.3128000000000002
5314,0,3.3128000000000002
5315,0,3.3128000000000002
5316,0,3.3109999999999999
5317,0,3.3128000000000002
5318,0,3.3128000000000002
5319,0,3.3109999999999999
5320,0,3.3109999999999999
5321,0,3.3109999999999999
5322,0,3.3109999999999999
5323,-3.3420000000000001,3.3054000000000001
5324,-10.615,3.2924000000000002
5325,-16.697600000000001,3.2812000000000001
5326,-20.213200000000001,3.2738
5327,-24.572099999999999,3.2645
5328,-28.2056,3.2570000000000001
5329,-27.814900000000002,3.2551999999999999
5330,-30.772500000000001,3.2458999999999998
5331,-16.896000000000001,3.2682000000000002
5332,-21.738499999999998,3.2606999999999999
5333,-20.9697,3.2606999999999999
5334,-23.648299999999999,3.2551999999999999
5335,-31.460799999999999,3.2403
5336,-16.220199999999998,3.2645
5337,-16.771999999999998,3.2625999999999999
5338,-13.1076,3.2682000000000002
5339,-15.9846,3.2645
5340,-17.627700000000001,3.2625999999999999
5341,-19.822600000000001,3.2589000000000001
5342,-7.9302999999999999,3.2755999999999998
5343,-10.77,3.2738
5344,-4.3029999999999999,3.2831000000000001
5345,-0.496,3.2905000000000002
5346,-8.9780999999999995,3.2793000000000001
5347,-18.898800000000001,3.2625999999999999
5348,-14.825100000000001,3.2682000000000002
5349,-6.5724,3.2812000000000001
5350,-6.5724,3.2812000000000001
5351,-6.5785999999999998,3.2831000000000001
5352,-6.5724,3.2831000000000001
5353,-6.5848000000000004,3.2831000000000001
5354,-7.7751999999999999,3.2812000000000001
5355,-11.4521,3.2755999999999998
5356,-7.9302999999999999,3.2812000000000001
5357,-4.7743000000000002,3.2848999999999999
5358,0.48359999999999997,3.2961
5359,5.1711,3.3054000000000001
5360,6.0576999999999996,3.3090999999999999
5361,2.2507000000000001,3.3054000000000001
5362,15.2529,3.3258000000000001
5363,16.610800000000001,3.3313999999999999
5364,20.1264,3.3389000000000002
5365,14.694900000000001,3.3332999999999999
5366,13.616,3.3332999999999999
5367,12.289099999999999,3.3313999999999999
5368,10.6088,3.3296000000000001
5369,6.2251000000000003,3.3220999999999998
5370,0,3.3128000000000002
5371,0,3.3128000000000002
5372,0,3.3109999999999999
5373,0,3.3109999999999999
5374,0,3.3109999999999999
5375,0,3.3109999999999999
5376,0,3.3109999999999999
5377,0,3.3109999999999999
5378,0,3.3109999999999999
5379,-8.3332999999999995,3.2978999999999998
5380,-10.6646,3.2905000000000002
5381,-17.057200000000002,3.2793000000000001
5382,-23.201799999999999,3.2663000000000002
5383,-27.374700000000001,3.2589000000000001
5384,-32.198599999999999,3.2458999999999998
5385,-39.967700000000001,3.2309999999999999
5386,-35.596400000000003,3.2347000000000001
5387,-11.7807,3.2719
5388,-28.385400000000001,3.2458999999999998
5389,-24.5535,3.2513999999999998
5390,-18.650700000000001,3.2589000000000001
5391,-6.6158000000000001,3.2793000000000001
5392,-3.1808000000000001,3.2848999999999999
5393,0,3.2924000000000002
5394,0.73160000000000003,3.2961
5395,1.3640000000000001,3.2997999999999998
5396,3.7326000000000001,3.3035000000000001
5397,17.695900000000002,3.3277000000000001
5398,18.1051,3.3332999999999999
5399,15.327299999999999,3.3313999999999999
5400,12.1713,3.3277000000000001
5401,8.9222999999999999,3.3220999999999998
5402,0,3.3090999999999999
5403,0,3.3090999999999999
5404,0,3.3090999999999999
5405,0,3.3090999999999999
5406,0,3.3090999999999999
5407,0,3.3090999999999999
5408,0,3.3090999999999999
5409,0,3.3090999999999999
5410,0,3.3090999999999999
5411,0,3.3090999999999999
5412,0,3.3090999999999999
5413,0,3.3090999999999999
5414,0,3.3090999999999999
5415,0,3.3090999999999999
5416,0,3.3090999999999999
5417,0,3.3090999999999999
5418,0,3.3090999999999999
5419,0,3.3090999999999999
5420,0,3.3109999999999999
5421,0,3.3109999999999999
5422,0,3.3090999999999999
5423,0,3.3090999999999999
5424,-10.497199999999999,3.2905000000000002
5425,-14.459300000000001,3.2831000000000001
5426,-18.334499999999998,3.2755999999999998
5427,-22.817399999999999,3.2663000000000002
5428,-28.608599999999999,3.2551999999999999
5429,-33.438699999999997,3.2440000000000002
5430,-39.967700000000001,3.2309999999999999
5431,-39.967700000000001,3.2273000000000001
5432,-22.0548,3.2532999999999999
5433,-21.825299999999999,3.2551999999999999
5434,-39.961500000000001,3.2235
5435,-28.4102,3.2383999999999999
5436,-14.459300000000001,3.2625999999999999
5437,-24.851099999999999,3.2458999999999998
5438,-10.8506,3.2682000000000002
5439,-14.5709,3.2625999999999999
5440,-14.8561,3.2625999999999999
5441,-4.6254,3.2793000000000001
5442,-7.7813999999999997,3.2755999999999998
5443,-7.8249000000000004,3.2755999999999998
5444,-2.7033,3.2848999999999999
5445,-0.70679999999999998,3.2905000000000002
5446,-11.2599,3.2738
5447,-6.5848000000000004,3.2812000000000001
5448,0.53320000000000001,3.2924000000000002
5449,-4.5014000000000003,3.2867999999999999
5450,-4.4269999999999996,3.2867999999999999
5451,-2.4986999999999999,3.2905000000000002
5452,-6.2995999999999999,3.2848999999999999
5453,-6.3120000000000003,3.2848999999999999
5454,-6.2995999999999999,3.2848999999999999
5455,-6.3120000000000003,3.2848999999999999
5456,-6.2995999999999999,3.2848999999999999
5457,-2.4552999999999998,3.2924000000000002
5458,-8.1410999999999998,3.2831000000000001
5459,-8.1783000000000001,3.2831000000000001
5460,-11.061500000000001,3.2774999999999999
5461,-0.58279999999999998,3.2961
5462,-2.4552999999999998,3.2924000000000002
5463,-6.2188999999999997,3.2867999999999999
5464,-6.2188999999999997,3.2867999999999999
5465,-2.4243000000000001,3.2924000000000002
5466,-2.3437000000000001,3.2961
5467,-4.1852,3.2905000000000002
5468,6.0143000000000004,3.3090999999999999
5469,10.2058,3.3184
5470,13.1386,3.3258000000000001
5471,13.851599999999999,3.3277000000000001
5472,14.8437,3.3313999999999999
5473,15.978400000000001,3.3351000000000002
5474,13.2936,3.3332999999999999
5475,13.2936,3.3332999999999999
5476,10.683199999999999,3.3313999999999999
5477,6.8141999999999996,3.3258000000000001
5478,0,3.3147000000000002
5479,0,3.3128000000000002
5480,0,3.3128000000000002
5481,0,3.3128000000000002
5482,0,3.3128000000000002
5483,0,3.3128000000000002
5484,0,3.3109999999999999
5485,0,3.3109999999999999
5486,0,3.3109999999999999
5487,-3.9868000000000001,3.3054000000000001
5488,-7.5457999999999998,3.2978999999999998
5489,-6.6592000000000002,3.2997999999999998
5490,-3.6272000000000002,3.3035000000000001
5491,-11.414899999999999,3.2886000000000002
5492,-7.1055999999999999,3.2961
5493,-6.6158000000000001,3.2961
5494,-10.2926,3.2886000000000002
5495,-15.8606,3.2793000000000001
5496,-17.4603,3.2738
5497,-16.331800000000001,3.2755999999999998
5498,-13.9384,3.2774999999999999
5499,-13.492000000000001,3.2774999999999999
5500,-12.022500000000001,3.2793000000000001
5501,-13.3308,3.2774999999999999
5502,-14.4655,3.2738
5503,-12.574400000000001,3.2774999999999999
5504,-11.7745,3.2774999999999999
5505,-8.6990999999999996,3.2831000000000001
5506,-5.3013000000000003,3.2886000000000002
5507,-3.8256000000000001,3.2905000000000002
5508,-3.8256000000000001,3.2924000000000002
5509,-3.8193999999999999,3.2924000000000002
5510,-3.8256000000000001,3.2924000000000002
5511,-3.8256000000000001,3.2924000000000002
5512,-11.7745,3.2812000000000001
5513,-6.3305999999999996,3.2886000000000002
5514,-6.4173999999999998,3.2886000000000002
5515,0.73160000000000003,3.3016999999999999
5516,0.73160000000000003,3.3035000000000001
5517,-0.78739999999999999,3.3016999999999999
5518,-3.8256000000000001,3.2978999999999998
5519,-3.8256000000000001,3.2978999999999998
5520,1.8105,3.3071999999999999
5521,6.2188999999999997,3.3147000000000002
5522,16.505400000000002,3.3332999999999999
5523,13.2936,3.3296000000000001
5524,10.683199999999999,3.3277000000000001
5525,0,3.3109999999999999
5526,0,3.3109999999999999
5527,0,3.3109999999999999
5528,0,3.3109999999999999
5529,0,3.3109999999999999
5530,0,3.3109999999999999
5531,0,3.3109999999999999
5532,0,3.3109999999999999
5533,0,3.3109999999999999
5534,0,3.3109999999999999
5535,0,3.3109999999999999
5536,0,3.3109999999999999
5537,0,3.3109999999999999
5538,0,3.3109999999999999
5539,0,3.3109999999999999
5540,0,3.3109999999999999
5541,0,3.3109999999999999
5542,0,3.3109999999999999
5543,0,3.3109999999999999
5544,0,3.3109999999999999
5545,-10.503399999999999,3.2924000000000002
5546,-14.453099999999999,3.2848999999999999
5547,-18.334499999999998,3.2755999999999998
5548,-22.569400000000002,3.2682000000000002
5549,-13.305999999999999,3.2793000000000001
5550,-13.0642,3.2793000000000001
5551,-11.011900000000001,3.2831000000000001
5552,-2.1453000000000002,3.2978999999999998
5553,-2.1453000000000002,3.2997999999999998
5554,-6.2995999999999999,3.2924000000000002
5555,-4.1417999999999999,3.2961
5556,-2.1453000000000002,3.2997999999999998
5557,-0.1426,3.3035000000000001
5558,1.054,3.3071999999999999
5559,-1.1408,3.3035000000000001
5560,0.29759999999999998,3.3071999999999999
5561,-6.2624000000000004,3.2961
5562,-3.2242000000000002,3.3016999999999999
5563,-1.1408,3.3035000000000001
5564,0.60760000000000003,3.3071999999999999
5565,-1.1097999999999999,3.3054000000000001
5566,-2.0585,3.3035000000000001
5567,-3.0629,3.3016999999999999
5568,-6.2624000000000004,3.2978999999999998
5569,-7.2606000000000002,3.2924000000000002
5570,-10.453799999999999,3.2867999999999999
5571,-8.9408999999999992,3.2886000000000002
5572,-12.5496,3.2831000000000001
5573,-10.9871,3.2848999999999999
5574,-3.9371999999999998,3.2961
5575,-3.9868000000000001,3.2978999999999998
5576,-7.7504,3.2886000000000002
5577,-7.5396000000000001,3.2905000000000002
5578,-7.6512000000000002,3.2886000000000002
5579,-4.5758000000000001,3.2961
5580,-3.2242000000000002,3.2978999999999998
5581,-3.218,3.2978999999999998
5582,-5.3446999999999996,3.2961
5583,-14.967700000000001,3.2774999999999999
5584,-20.4861,3.2682000000000002
5585,-15.2529,3.2738
5586,-10.825799999999999,3.2812000000000001
5587,-10.466200000000001,3.2812000000000001
5588,3.9805999999999999,3.3054000000000001
5589,17.689699999999998,3.3296000000000001
5590,16.220199999999998,3.3313999999999999
5591,13.089,3.3296000000000001
5592,9.7346000000000004,3.3258000000000001
5593,0,3.3109999999999999
5594,0,3.3109999999999999
5595,0,3.3090999999999999
5596,0,3.3090999999999999
5597,0,3.3090999999999999
5598,0,3.3090999999999999
5599,0,3.3090999999999999
5600,0,3.3109999999999999
5601,0,3.3109999999999999
5602,0,3.3109999999999999
5603,0,3.3109999999999999
5604,0,3.3109999999999999
5605,0,3.3109999999999999
5606,0,3.3109999999999999
5607,0,3.3109999999999999
5608,0,3.3109999999999999
5609,0,3.3109999999999999
5610,0,3.3109999999999999
5611,0,3.3109999999999999
5612,0,3.3109999999999999
5613,0,3.3109999999999999
5614,0,3.3109999999999999
5615,0,3.3109999999999999
5616,0,3.3109999999999999
5617,0,3.3109999999999999
5618,0,3.3109999999999999
5619,0,3.3109999999999999
5620,0,3.3109999999999999
5621,0,3.3128000000000002
5622,-6.4546000000000001,3.3016999999999999
5623,-8.1721000000000004,3.2978999999999998
5624,-17.131599999999999,3.2812000000000001
5625,-13.895,3.2831000000000001
5626,-16.406199999999998,3.2774999999999999
5627,-12.022500000000001,3.2831000000000001
5628,-11.650499999999999,3.2831000000000001
5629,-20.021000000000001,3.27
5630,-21.6145,3.2663000000000002
5631,-16.5488,3.2719
5632,-15.7242,3.2719
5633,-15.469900000000001,3.2719
5634,-17.534700000000001,3.2682000000000002
5635,-13.492000000000001,3.2738
5636,-7.6264000000000003,3.2831000000000001
5637,-9.1827000000000005,3.2812000000000001
5638,-5.6547000000000001,3.2867999999999999
5639,-5.7042999999999999,3.2886000000000002
5640,-4.1479999999999997,3.2905000000000002
5641,-6.5785999999999998,3.2867999999999999
5642,-5.7477,3.2886000000000002
5643,-4.1913999999999998,3.2905000000000002
5644,1.2958000000000001,3.3035000000000001
5645,1.2958000000000001,3.3035000000000001
5646,10.1252,3.3184
5647,11.2227,3.3220999999999998
5648,13.368,3.3277000000000001
5649,7.8497000000000003,3.3220999999999998
5650,6.2561999999999998,3.3203
5651,7.6512000000000002,3.3220999999999998
5652,0,3.3109999999999999
5653,0,3.3109999999999999
5654,0,3.3109999999999999
5655,0,3.3109999999999999
5656,0,3.3109999999999999
5657,0,3.3109999999999999
5658,0,3.3109999999999999
5659,0,3.3109999999999999
5660,0,3.3109999999999999
5661,0,3.3109999999999999
5662,0,3.3109999999999999
5663,0,3.3109999999999999
5664,0,3.3109999999999999
5665,0,3.3109999999999999
5666,0,3.3109999999999999
5667,0,3.3109999999999999
5668,0,3.3109999999999999
5669,0,3.3109999999999999
5670,-4.5819999999999999,3.3035000000000001
5671,-6.2624000000000004,3.3016999999999999
5672,-3.8628,3.3035000000000001
5673,-6.9753999999999996,3.2978999999999998
5674,-14.0252,3.2848999999999999
5675,-13.6532,3.2831000000000001
5676,-15.9846,3.2793000000000001
5677,-10.2182,3.2867999999999999
5678,-16.294599999999999,3.2755999999999998
5679,-5.1029,3.2924000000000002
5680,-0.10539999999999999,3.3035000000000001
5681,-2.0585,3.3016999999999999
5682,-16.858799999999999,3.2755999999999998
5683,-11.8613,3.2831000000000001
5684,-11.464499999999999,3.2831000000000001
5685,-16.933199999999999,3.2719
5686,-14.093500000000001,3.2755999999999998
5687,-3.2242000000000002,3.2924000000000002
5688,0.84319999999999995,3.3035000000000001
5689,-10.212,3.2848999999999999
5690,-10.497199999999999,3.2831000000000001
5691,-5.6237000000000004,3.2905000000000002
5692,4.0860000000000003,3.3090999999999999
5693,3.621,3.3090999999999999
5694,4.5385999999999997,3.3128000000000002
5695,11.092499999999999,3.3239999999999998
5696,10.968500000000001,3.3258000000000001
5697,8.1844999999999999,3.3220999999999998
5698,0,3.3109999999999999
5699,0,3.3109999999999999
5700,0,3.3109999999999999
5701,0,3.3090999999999999
5702,0,3.3109999999999999
5703,0,3.3109999999999999
5704,-0.41539999999999999,3.3090999999999999
5705,-8.6990999999999996,3.2961
5706,-10.6646,3.2905000000000002
5707,-16.617000000000001,3.2793000000000001
5708,-20.374500000000001,3.27
5709,-12.028700000000001,3.2812000000000001
5710,-17.4603,3.2719
5711,-18.892600000000002,3.27
5712,-17.249500000000001,3.27
5713,-21.738499999999998,3.2625999999999999
5714,-20.932500000000001,3.2625999999999999
5715,-19.971399999999999,3.2625999999999999
5716,-16.220199999999998,3.2682000000000002
5717,-16.933199999999999,3.2663000000000002
5718,-11.8613,3.2738
5719,-10.782400000000001,3.2755999999999998
5720,-8.0976999999999997,3.2793000000000001
5721,-9.6539999999999999,3.2774999999999999
5722,-8.3704999999999998,3.2812000000000001
5723,-4.4951999999999996,3.2867999999999999
5724,0,3.2961
5725,-2.7776999999999998,3.2924000000000002
5726,-1.1408,3.2978999999999998
5727,1.3640000000000001,3.3016999999999999
5728,2.6103000000000001,3.3054000000000001
5729,6.7645999999999997,3.3128000000000002
5730,10.776199999999999,3.3220999999999998
5731,10.094200000000001,3.3220999999999998
5732,11.7249,3.3258000000000001
5733,9.8523999999999994,3.3258000000000001
5734,5.2579000000000002,3.3184
5735,6.6840000000000002,3.3220999999999998
5736,0,3.3109999999999999
5737,0,3.3109999999999999
5738,0,3.3109999999999999
5739,0,3.3109999999999999
5740,-0.496,3.3090999999999999
5741,0,3.3109999999999999
5742,0,3.3109999999999999
5743,-9.6167999999999996,3.2961
5744,-10.652200000000001,3.2905000000000002
5745,-17.819900000000001,3.2774999999999999
5746,-23.976900000000001,3.2645
5747,-24.1691,3.2625999999999999
5748,-16.139600000000002,3.2719
5749,-10.422800000000001,3.2812000000000001
5750,-13.058,3.2774999999999999
5751,-14.267099999999999,3.2738
5752,-15.811,3.2719
5753,-16.5488,3.27
5754,-25.297599999999999,3.2551999999999999
5755,-23.015799999999999,3.2570000000000001
5756,-16.858799999999999,3.2645
5757,-10.9809,3.2738
5758,-8.2093000000000007,3.2793000000000001
5759,-12.307700000000001,3.2738
5760,-4.5758000000000001,3.2848999999999999
5761,-4.5696000000000003,3.2867999999999999
5762,-2.9016999999999999,3.2886000000000002
5763,0,3.2978999999999998
5764,-1.1841999999999999,3.2961
5765,-4.3836000000000004,3.2905000000000002
5766,-4.3712,3.2905000000000002
5767,-2.7839,3.2924000000000002
5768,2.0461,3.3035000000000001
5769,-2.6598999999999999,3.2961
5770,-4.1727999999999996,3.2924000000000002
5771,-4.1790000000000003,3.2924000000000002
5772,-4.1790000000000003,3.2924000000000002
5773,-4.1790000000000003,3.2924000000000002
5774,-4.1852,3.2924000000000002
5775,-5.8220999999999998,3.2905000000000002
5776,-9.5361999999999991,3.2848999999999999
5777,-11.2165,3.2812000000000001
5778,-25.495999999999999,3.2570000000000001
5779,-19.376200000000001,3.2645
5780,-19.773,3.2625999999999999
5781,-20.535699999999999,3.2606999999999999
5782,-5.8159000000000001,3.2831000000000001
5783,-14.4655,3.27
5784,-12.022500000000001,3.2738
5785,-10.497199999999999,3.2755999999999998
5786,-4.1417999999999999,3.2867999999999999
5787,-2.2197,3.2905000000000002
5788,-5.9089,3.2848999999999999
5789,-4.0301999999999998,3.2886000000000002
5790,-0.34100000000000003,3.2961
5791,1.3702000000000001,3.2997999999999998
5792,-3.9805999999999999,3.2924000000000002
5793,1.3702000000000001,3.3016999999999999
5794,1.3702000000000001,3.3035000000000001
5795,-3.6581999999999999,3.2961
5796,-0.074399999999999994,3.3016999999999999
5797,-3.5838000000000001,3.2961
5798,4.6999000000000004,3.3109999999999999
5799,2.0895000000000001,3.3071999999999999
5800,-3.1869999999999998,3.2978999999999998
5801,-4.8611000000000004,3.2961
5802,-4.8611000000000004,3.2961
5803,-4.8548999999999998,3.2961
5804,0,3.3035000000000001
5805,-3.0567000000000002,3.2997999999999998
5806,-4.7309000000000001,3.2961
5807,-1.3453999999999999,3.3016999999999999
5808,0.73160000000000003,3.3054000000000001
5809,2.6970999999999998,3.3090999999999999
5810,1.3702000000000001,3.3090999999999999
5811,2.6537000000000002,3.3109999999999999
5812,8.0046999999999997,3.3203
5813,9.6044,3.3239999999999998
5814,8.7735000000000003,3.3258000000000001
5815,6.6096000000000004,3.3220999999999998
5816,5.2516999999999996,3.3203
5817,-2.4243000000000001,3.3071999999999999
5818,-11.464499999999999,3.2905000000000002
5819,-10.9002,3.2886000000000002
5820,-7.9364999999999997,3.2924000000000002
5821,-8.9842999999999993,3.2905000000000002
5822,-10.143800000000001,3.2886000000000002
5823,-10.466200000000001,3.2867999999999999
5824,-12.7232,3.2831000000000001
5825,-15.8606,3.2755999999999998
5826,-16.579799999999999,3.2738
5827,-11.6257,3.2793000000000001
5828,-3.9868000000000001,3.2924000000000002
5829,-6.3120000000000003,3.2886000000000002
5830,-6.343,3.2886000000000002
5831,-6.4669999999999996,3.2886000000000002
5832,-11.656700000000001,3.2812000000000001
5833,-8.1783000000000001,3.2867999999999999
5834,-13.622199999999999,3.2774999999999999
5835,-6.2188999999999997,3.2886000000000002
5836,-6.2561999999999998,3.2886000000000002
5837,-6.2686000000000002,3.2886000000000002
5838,-2.9885000000000002,3.2961
5839,4.4207999999999998,3.3090999999999999
5840,2.0461,3.3054000000000001
5841,1.3702000000000001,3.3054000000000001
5842,6.1258999999999997,3.3147000000000002
5843,3.2427999999999999,3.3109999999999999
5844,1.2958000000000001,3.3090999999999999
5845,-7.3411999999999997,3.2961
5846,-7.4589999999999996,3.2924000000000002
5847,-8.9780999999999995,3.2886000000000002
5848,-6.2995999999999999,3.2924000000000002
5849,-10.6646,3.2848999999999999
5850,-12.531000000000001,3.2812000000000001
5851,-11.5451,3.2812000000000001
5852,-8.0233000000000008,3.2867999999999999
5853,-11.979100000000001,3.2793000000000001
5854,-12.351100000000001,3.2793000000000001
5855,-7.0994000000000002,3.2867999999999999
5856,-2.9823,3.2961
5857,-2.9885000000000002,3.2961
5858,-2.9016999999999999,3.2978999999999998
5859,0.77500000000000002,3.3035000000000001
5860,0.77500000000000002,3.3054000000000001
5861,-2.7839,3.2997999999999998
5862,-4.3402000000000003,3.2961
5863,0.77500000000000002,3.3054000000000001
5864,0.76880000000000004,3.3054000000000001
5865,2.0150999999999999,3.3090999999999999
5866,-9.1021000000000001,3.2886000000000002
5867,-10.683199999999999,3.2848999999999999
5868,-8.0233000000000008,3.2886000000000002
5869,-6.7026000000000003,3.2905000000000002
5870,-1.1408,3.3016999999999999
5871,-6.7026000000000003,3.2905000000000002
5872,-4.3339999999999996,3.2961
5873,-4.3464,3.2961
5874,0,3.3035000000000001
5875,0.17979999999999999,3.3054000000000001
5876,1.3764000000000001,3.3071999999999999
5877,0.1736,3.3054000000000001
5878,-2.6227,3.3016999999999999
5879,-4.1852,3.2997999999999998
5880,-4.1727999999999996,3.2997999999999998
5881,-0.98580000000000001,3.3035000000000001
5882,-2.4986999999999999,3.3016999999999999
5883,-4.1417999999999999,3.2997999999999998
5884,0.16120000000000001,3.3071999999999999
5885,0.17979999999999999,3.3071999999999999
5886,-3.931,3.2997999999999998
5887,-7.7813999999999997,3.2924000000000002
5888,-2.4615,3.3016999999999999
5889,0.2046,3.3071999999999999
5890,3.8069999999999999,3.3128000000000002
5891,4.7743000000000002,3.3147000000000002
5892,5.9337,3.3184
5893,1.7299,3.3128000000000002
5894,-2.8582999999999998,3.3054000000000001
5895,-3.9371999999999998,3.3035000000000001
5896,-13.058,3.2848999999999999
5897,-12.382099999999999,3.2848999999999999
5898,-10.9064,3.2867999999999999
5899,-5.8282999999999996,3.2961
5900,-5.8654999999999999,3.2961
5901,-10.050800000000001,3.2867999999999999
5902,-6.1010999999999997,3.2924000000000002
5903,-5.3384999999999998,3.2961
5904,-5.3695000000000004,3.2961
5905,-6.2686000000000002,3.2924000000000002
5906,0.2046,3.3035000000000001
5907,-0.78739999999999999,3.3035000000000001
5908,-3.8193999999999999,3.2997999999999998
5909,-3.8256000000000001,3.2997999999999998
5910,0.2046,3.3054000000000001
5911,-0.73160000000000003,3.3054000000000001
5912,-0.74399999999999999,3.3054000000000001
5913,-3.6272000000000002,3.3016999999999999
5914,-5.9027000000000003,3.2961
5915,-10.1004,3.2867999999999999
5916,-3.8193999999999999,3.2997999999999998
5917,0.73160000000000003,3.3071999999999999
5918,-3.7511999999999999,3.2997999999999998
5919,1.2896000000000001,3.3071999999999999
5920,-8.5441000000000003,3.2905000000000002
5921,-11.464499999999999,3.2848999999999999
5922,-10.329800000000001,3.2848999999999999
5923,1.2958000000000001,3.3054000000000001
5924,4.8921000000000001,3.3128000000000002
5925,10.615,3.3239999999999998
5926,8.9346999999999994,3.3239999999999998
5927,13.182,3.3313999999999999
5928,10.491,3.3296000000000001
5929,7.3411999999999997,3.3258000000000001
5930,0,3.3147000000000002
5931,0,3.3128000000000002
5932,0,3.3128000000000002
5933,0,3.3128000000000002
5934,0,3.3128000000000002
5935,0,3.3128000000000002
5936,-6.4669999999999996,3.3016999999999999
5937,-9.6974,3.2961
5938,-20.529499999999999,3.2755999999999998
5939,-22.110600000000002,3.27
5940,-26.2896,3.2606999999999999
5941,-20.851900000000001,3.2663000000000002
5942,-12.4193,3.2793000000000001
5943,-15.649800000000001,3.2738
5944,-13.529199999999999,3.2755999999999998
5945,-12.214700000000001,3.2774999999999999
5946,-14.4655,3.2738
5947,-21.106100000000001,3.2625999999999999
5948,-26.698899999999998,3.2513999999999998
5949,-19.190200000000001,3.2625999999999999
5950,-11.8241,3.2738
5951,-8.3085000000000004,3.2793000000000001
5952,-6.0576999999999996,3.2831000000000001
5953,-4.5014000000000003,3.2867999999999999
5954,-4.5014000000000003,3.2867999999999999
5955,3.6457999999999999,3.3035000000000001
5956,-1.1097999999999999,3.2978999999999998
5957,0.13020000000000001,3.2997999999999998
5958,0.77500000000000002,3.3016999999999999
5959,0.1736,3.3016999999999999
5960,1.2896000000000001,3.3054000000000001
5961,0.1736,3.3035000000000001
5962,1.2896000000000001,3.3054000000000001
5963,5.8097000000000003,3.3147000000000002
5964,10.615,3.3239999999999998
5965,1.2896000000000001,3.3109999999999999
5966,-2.8334999999999999,3.3035000000000001
5967,-6.2934000000000001,3.2961
5968,-10.708,3.2867999999999999
5969,-9.1331000000000007,3.2886000000000002
5970,-0.54559999999999997,3.3035000000000001
5971,-3.2614000000000001,3.2997999999999998
5972,-5.4625000000000004,3.2961
5973,0.29759999999999998,3.3054000000000001
5974,-3.2551999999999999,3.2997999999999998
5975,-3.2675999999999998,3.2997999999999998
5976,-12.4193,3.2831000000000001
5977,-9.6229999999999993,3.2867999999999999
5978,-11.2103,3.2831000000000001
5979,-6.0266999999999999,3.2905000000000002
5980,-7.4714,3.2886000000000002
5981,-8.9842999999999993,3.2867999999999999
5982,-5.5058999999999996,3.2905000000000002
5983,-2.4180999999999999,3.2978999999999998
5984,1.2958000000000001,3.3054000000000001
5985,3.7450000000000001,3.3109999999999999
5986,0.73160000000000003,3.3071999999999999
5987,1.2524,3.3071999999999999
5988,0.29759999999999998,3.3071999999999999
5989,0.73160000000000003,3.3071999999999999
5990,1.333,3.3090999999999999
5991,0.77500000000000002,3.3090999999999999
5992,4.5385999999999997,3.3147000000000002
5993,13.169600000000001,3.3313999999999999
5994,11.458299999999999,3.3296000000000001
5995,8.2836999999999996,3.3258000000000001
5996,0,3.3128000000000002
5997,0,3.3128000000000002
5998,0,3.3128000000000002
5999,0,3.3128000000000002
6000,0,3.3128000000000002
6001,0,3.3109999999999999
6002,0,3.3128000000000002
6003,0,3.3128000000000002
6004,0,3.3128000000000002
6005,0,3.3128000000000002
6006,0,3.3128000000000002
6007,0,3.3109999999999999
6008,0,3.3128000000000002
6009,0,3.3128000000000002
6010,0,3.3128000000000002
6011,0,3.3128000000000002
6012,0,3.3128000000000002
6013,0,3.3128000000000002
6014,0,3.3128000000000002
6015,0,3.3128000000000002
6016,0,3.3128000000000002
6017,0,3.3128000000000002
6018,0,3.3128000000000002
6019,0,3.3128000000000002
6020,0,3.3128000000000002
6021,0,3.3128000000000002
6022,0,3.3128000000000002
6023,0,3.3128000000000002
6024,0,3.3128000000000002
6025,0,3.3128000000000002
6026,0,3.3128000000000002
6027,0,3.3128000000000002
6028,0,3.3128000000000002
6029,-3.9805999999999999,3.3071999999999999
6030,-9.0648999999999997,3.2978999999999998
6031,-16.021799999999999,3.2831000000000001
6032,-19.642800000000001,3.2755999999999998
6033,-24.014099999999999,3.2663000000000002
6034,-27.740500000000001,3.2570000000000001
6035,-15.333500000000001,3.2738
6036,-16.617000000000001,3.2719
6037,-20.740300000000001,3.2645
6038,-16.3752,3.27
6039,-15.1785,3.2719
6040,-13.175800000000001,3.2738
6041,-13.6966,3.2738
6042,-15.612500000000001,3.27
6043,-7.6574,3.2812000000000001
6044,-11.4521,3.2774999999999999
6045,-10.9002,3.2774999999999999
6046,-9.6478000000000002,3.2793000000000001
6047,0,3.2961
6048,1.3702000000000001,3.2997999999999998
6049,1.3702000000000001,3.3016999999999999
6050,-4.1045999999999996,3.2924000000000002
6051,2.7776999999999998,3.3054000000000001
6052,9.8585999999999991,3.3184
6053,10.329800000000001,3.3220999999999998
6054,4.1727999999999996,3.3128000000000002
6055,3.4535999999999998,3.3128000000000002
6056,11.607100000000001,3.3258000000000001
6057,10.962300000000001,3.3277000000000001
6058,7.4466000000000001,3.3239999999999998
6059,2.4491000000000001,3.3165
6060,0.60760000000000003,3.3128000000000002
6061,0,3.3109999999999999
6062,0,3.3109999999999999
6063,0,3.3109999999999999
6064,0,3.3109999999999999
6065,-0.5766,3.3109999999999999
6066,-2.2197,3.3071999999999999
6067,-2.2692999999999999,3.3071999999999999
6068,0,3.3109999999999999
6069,-0.58279999999999998,3.3090999999999999
6070,0,3.3109999999999999
6071,0,3.3109999999999999
6072,0,3.3109999999999999
6073,0,3.3109999999999999
6074,0,3.3109999999999999
6075,0,3.3109999999999999
6076,0,3.3109999999999999
6077,-0.41539999999999999,3.3109999999999999
6078,-1.8229,3.3090999999999999
6079,-3.4163999999999999,3.3054000000000001
6080,-6.6219999999999999,3.2997999999999998
6081,-15.097899999999999,3.2831000000000001
6082,-17.305299999999999,3.2774999999999999
6083,-20.2318,3.2719
6084,-9.9019999999999992,3.2848999999999999
6085,-5.4562999999999997,3.2924000000000002
6086,-13.851599999999999,3.2793000000000001
6087,-19.8598,3.27
6088,-20.145,3.2663000000000002
6089,-13.1014,3.2774999999999999
6090,-5.1897000000000002,3.2886000000000002
6091,-3.9868000000000001,3.2924000000000002
6092,-4.0178000000000003,3.2924000000000002
6093,-6.2686000000000002,3.2886000000000002
6094,-11.8179,3.2812000000000001
6095,-9.1393000000000004,3.2831000000000001
6096,-12.574400000000001,3.2793000000000001
6097,-11.7683,3.2793000000000001
6098,-10.1066,3.2812000000000001
6099,-2.3003,3.2961
6100,-2.2631000000000001,3.2961
6101,-6.0576999999999996,3.2886000000000002
6102,-8.9346999999999994,3.2848999999999999
6103,-9.1021000000000001,3.2831000000000001
6104,-6.4173999999999998,3.2886000000000002
6105,-9.3438999999999997,3.2831000000000001
6106,-6.25,3.2886000000000002
6107,-7.7442000000000002,3.2848999999999999
6108,-5.6174999999999997,3.2886000000000002
6109,-4.1045999999999996,3.2905000000000002
6110,-4.1045999999999996,3.2924000000000002
6111,-2.4986999999999999,3.2961
6112,-2.4986999999999999,3.2978999999999998
6113,-4.0178000000000003,3.2961
6114,0.092999999999999999,3.3016999999999999
6115,-2.5792999999999999,3.2997999999999998
6116,0.72540000000000004,3.3054000000000001
6117,1.2896000000000001,3.3054000000000001
6118,3.8193999999999999,3.3109999999999999
6119,4.7743000000000002,3.3128000000000002
6120,10.094200000000001,3.3239999999999998
6121,6.4546000000000001,3.3203
6122,10.8444,3.3277000000000001
6123,4.9292999999999996,3.3203
6124,6.4112,3.3220999999999998
6125,7.6078000000000001,3.3239999999999998
6126,0,3.3128000000000002
6127,0,3.3128000000000002
6128,0,3.3128000000000002
6129,0,3.3109999999999999
6130,0,3.3128000000000002
6131,0,3.3128000000000002
6132,0,3.3128000000000002
6133,0,3.3128000000000002
6134,0,3.3128000000000002
6135,0,3.3128000000000002
6136,0,3.3128000000000002
6137,0,3.3128000000000002
6138,0,3.3128000000000002
6139,0,3.3128000000000002
6140,0,3.3128000000000002
6141,0,3.3128000000000002
6142,0,3.3128000000000002
6143,0,3.3128000000000002
6144,0,3.3128000000000002
6145,-6.7770000000000001,3.3016999999999999
6146,-10.652200000000001,3.2924000000000002
6147,-16.139600000000002,3.2812000000000001
6148,-22.284199999999998,3.27
6149,-26.488,3.2606999999999999
6150,-31.373999999999999,3.2496
6151,-27.368500000000001,3.2532999999999999
6152,-24.212499999999999,3.2570000000000001
6153,-9.3315000000000001,3.2793000000000001
6154,1.2462,3.2997999999999998
6155,1.2524,3.3016999999999999
6156,12.3263,3.3203
6157,13.461,3.3258000000000001
6158,10.863,3.3239999999999998
6159,7.1676000000000002,3.3203
6160,0,3.3090999999999999
6161,0,3.3090999999999999
6162,0,3.3090999999999999
6163,0,3.3090999999999999
6164,0,3.3090999999999999
6165,0,3.3090999999999999
6166,0,3.3090999999999999
6167,0,3.3109999999999999
6168,0,3.3090999999999999
6169,0,3.3109999999999999
6170,0,3.3109999999999999
6171,0,3.3109999999999999
6172,0,3.3109999999999999
6173,-0.78120000000000001,3.3090999999999999
6174,-4.3402000000000003,3.3035000000000001
6175,-6.6158000000000001,3.2997999999999998
6176,-9.7469999999999999,3.2924000000000002
6177,-18.129899999999999,3.2774999999999999
6178,-15.1785,3.2793000000000001
6179,-8.1721000000000004,3.2886000000000002
6180,-2.5731000000000002,3.2997999999999998
6181,0.48980000000000001,3.3054000000000001
6182,-3.3357999999999999,3.2997999999999998
6183,-3.931,3.2997999999999998
6184,-1.5438000000000001,3.3035000000000001
6185,-8.2155000000000005,3.2905000000000002
6186,-13.361800000000001,3.2812000000000001
6187,-14.7073,3.2774999999999999
6188,-16.331800000000001,3.2755999999999998
6189,-13.175800000000001,3.2774999999999999
6190,-15.5319,3.2738
6191,-7.9737,3.2848999999999999
6192,-6.3120000000000003,3.2886000000000002
6193,-2.7839,3.2961
6194,0.29759999999999998,3.3016999999999999
6195,0.29759999999999998,3.3035000000000001
6196,-6.4669999999999996,3.2924000000000002
6197,-6.3120000000000003,3.2905000000000002
6198,-5.1463000000000001,3.2924000000000002
6199,-1.6245000000000001,3.2997999999999998
6200,-0.38440000000000002,3.3035000000000001
6201,-0.38440000000000002,3.3035000000000001
6202,-2.8273000000000001,3.2997999999999998
6203,-1.6245000000000001,3.3016999999999999
6204,5.4562999999999997,3.3147000000000002
6205,1.6493,3.3090999999999999
6206,0.33479999999999999,3.3071999999999999
6207,-6.9071999999999996,3.2961
6208,-4.7495000000000003,3.2978999999999998
6209,-4.7866999999999997,3.2978999999999998
6210,1.1718,3.3071999999999999
6211,8.3457000000000008,3.3203
6212,7.056,3.3203
6213,7.2481999999999998,3.3220999999999998
6214,0,3.3109999999999999
6215,0,3.3109999999999999
6216,0,3.3109999999999999
6217,0,3.3109999999999999
6218,0,3.3109999999999999
6219,0,3.3109999999999999
6220,0,3.3109999999999999
6221,0,3.3109999999999999
6222,0,3.3109999999999999
6223,0,3.3109999999999999
6224,0,3.3109999999999999
6225,0,3.3109999999999999
6226,0,3.3109999999999999
6227,0,3.3109999999999999
6228,-3.3420000000000001,3.3071999999999999
6229,-0.496,3.3109999999999999
6230,-0.496,3.3109999999999999
6231,-0.496,3.3109999999999999
6232,-0.496,3.3109999999999999
6233,-2.2631000000000001,3.3071999999999999
6234,-4.7309000000000001,3.3035000000000001
6235,-3.5838000000000001,3.3054000000000001
6236,-3.5775999999999999,3.3054000000000001
6237,-4.5448000000000004,3.3035000000000001
6238,-9.4990000000000006,3.2924000000000002
6239,-11.5451,3.2886000000000002
6240,-4.1790000000000003,3.3016999999999999
6241,0,3.3071999999999999
6242,0,3.3090999999999999
6243,0,3.3090999999999999
6244,-6.6219999999999999,3.2978999999999998
6245,-13.851599999999999,3.2848999999999999
6246,-22.061,3.2682000000000002
6247,-26.8477,3.2589000000000001
6248,-25.260400000000001,3.2589000000000001
6249,-17.534700000000001,3.2682000000000002
6250,-11.055300000000001,3.2793000000000001
6251,-7.5768000000000004,3.2848999999999999
6252,-12.1465,3.2774999999999999
6253,-10.652200000000001,3.2793000000000001
6254,-9.6539999999999999,3.2812000000000001
6255,-8.5379000000000005,3.2831000000000001
6256,-3.6581999999999999,3.2905000000000002
6257,1.2896000000000001,3.3016999999999999
6258,1.2524,3.3035000000000001
6259,-3.4660000000000002,3.2961
6260,-3.4660000000000002,3.2961
6261,-3.4660000000000002,3.2961
6262,-3.4660000000000002,3.2961
6263,-3.4660000000000002,3.2978999999999998
6264,-9.6292000000000009,3.2848999999999999
6265,-5.0656999999999996,3.2924000000000002
6266,-8.5441000000000003,3.2867999999999999
6267,-5.9398999999999997,3.2905000000000002
6268,-7.4218000000000002,3.2886000000000002
6269,-8.9533000000000005,3.2848999999999999
6270,-6.2624000000000004,3.2886000000000002
6271,-5.5058999999999996,3.2905000000000002
6272,-7.7751999999999999,3.2867999999999999
6273,-6.4607999999999999,3.2886000000000002
6274,-13.895,3.2774999999999999
6275,-28.4908,3.2513999999999998
6276,8.9346999999999994,3.3109999999999999
6277,-27.325099999999999,3.2532999999999999
6278,-6.2624000000000004,3.2848999999999999
6279,-2.9823,3.2905000000000002
6280,5.1338999999999997,3.3071999999999999
6281,19.103400000000001,3.3313999999999999
6282,17.726900000000001,3.3351000000000002
6283,15.091699999999999,3.3332999999999999
6284,11.972899999999999,3.3296000000000001
6285,8.6990999999999996,3.3258000000000001
6286,0,3.3109999999999999
6287,0,3.3109999999999999
6288,0,3.3109999999999999
6289,0,3.3109999999999999
6290,0,3.3109999999999999
6291,0,3.3109999999999999
6292,0,3.3109999999999999
6293,0,3.3109999999999999
6294,0,3.3109999999999999
6295,0,3.3109999999999999
6296,0,3.3109999999999999
6297,0,3.3109999999999999
6298,0,3.3109999999999999
6299,0,3.3109999999999999
6300,0,3.3109999999999999
6301,0,3.3109999999999999
6302,0,3.3109999999999999
6303,0,3.3109999999999999
6304,0,3.3109999999999999
6305,0,3.3128000000000002
6306,0,3.3109999999999999
6307,0,3.3128000000000002
6308,0,3.3109999999999999
6309,0,3.3128000000000002
6310,0,3.3128000000000002
6311,0,3.3128000000000002
6312,0,3.3128000000000002
6313,0,3.3128000000000002
6314,-4.9044999999999996,3.3035000000000001
6315,-10.6274,3.2924000000000002
6316,-17.813700000000001,3.2793000000000001
6317,-18.6693,3.2755999999999998
6318,-16.5364,3.2755999999999998
6319,-15.011100000000001,3.2774999999999999
6320,-9.5361999999999991,3.2848999999999999
6321,-26.091200000000001,3.2589000000000001
6322,-7.056,3.2867999999999999
6323,-14.1059,3.2755999999999998
6324,-11.104900000000001,3.2793000000000001
6325,-2.8273000000000001,3.2924000000000002
6326,-20.734100000000002,3.2663000000000002
6327,1.2462,3.3016999999999999
6328,0.84319999999999995,3.3016999999999999
6329,0.77500000000000002,3.3035000000000001
6330,1.2524,3.3054000000000001
6331,1.6865000000000001,3.3071999999999999
6332,1.2524,3.3071999999999999
6333,0.73160000000000003,3.3071999999999999
6334,4.1294000000000004,3.3128000000000002
6335,3.4660000000000002,3.3128000000000002
6336,3.0876999999999999,3.3128000000000002
6337,2.8831000000000002,3.3128000000000002
6338,4.3339999999999996,3.3165
6339,7.5271999999999997,3.3220999999999998
6340,0,3.3109999999999999
6341,0,3.3109999999999999
6342,0,3.3109999999999999
6343,0,3.3109999999999999
6344,0,3.3109999999999999
6345,0,3.3109999999999999
6346,0,3.3109999999999999
6347,0,3.3109999999999999
6348,0,3.3109999999999999
6349,0,3.3109999999999999
6350,0,3.3109999999999999
6351,0,3.3109999999999999
6352,0,3.3109999999999999
6353,0,3.3109999999999999
6354,0,3.3109999999999999
6355,0,3.3128000000000002
6356,0,3.3109999999999999
6357,0,3.3128000000000002
6358,0,3.3128000000000002
6359,0,3.3128000000000002
6360,0,3.3128000000000002
6361,0,3.3128000000000002
6362,0,3.3128000000000002
6363,0,3.3128000000000002
6364,0,3.3128000000000002
6365,0,3.3128000000000002
6366,0,3.3128000000000002
6367,0,3.3128000000000002
6368,0,3.3128000000000002
6369,0,3.3128000000000002
6370,0,3.3128000000000002
6371,-9.6167999999999996,3.2961
6372,-9.4556000000000004,3.2961
6373,-15.339700000000001,3.2831000000000001
6374,-18.700299999999999,3.2755999999999998
6375,-21.124700000000001,3.27
6376,-23.3568,3.2645
6377,-6.3368000000000002,3.2886000000000002
6378,-9.2942999999999998,3.2848999999999999
6379,-27.814900000000002,3.2551999999999999
6380,-13.1448,3.2755999999999998
6381,-10.6212,3.2793000000000001
6382,-4.5758000000000001,3.2905000000000002
6383,0.84319999999999995,3.3016999999999999
6384,1.7299,3.3054000000000001
6385,1.7361,3.3054000000000001
6386,1.2524,3.3054000000000001
6387,1.6431,3.3071999999999999
6388,11.4521,3.3239999999999998
6389,7.1738,3.3203
6390,-1.8229,3.3054000000000001
6391,-4.5758000000000001,3.3016999999999999
6392,-4.7061000000000002,3.2997999999999998
6393,-6.0576999999999996,3.2978999999999998
6394,-12.0101,3.2848999999999999
6395,-20.1388,3.27
6396,-22.277999999999999,3.2645
6397,-20.535699999999999,3.2663000000000002
6398,-5.3818999999999999,3.2886000000000002
6399,-0.54559999999999997,3.2997999999999998
6400,-1.9097,3.2978999999999998
6401,5.7290999999999999,3.3109999999999999
6402,10.689399999999999,3.3220999999999998
6403,7.3411999999999997,3.3184
6404,4.1356000000000002,3.3147000000000002
6405,-1.9345000000000001,3.3054000000000001
6406,-17.7455,3.2774999999999999
6407,-21.819099999999999,3.2682000000000002
6408,-20.8581,3.2663000000000002
6409,-21.0441,3.2645
6410,-15.2529,3.2719
6411,-8.5813000000000006,3.2831000000000001
6412,-7.3722000000000003,3.2848999999999999
6413,-5.3136999999999999,3.2886000000000002
6414,0.73160000000000003,3.2997999999999998
6415,-2.2197,3.2978999999999998
6416,-5.9523000000000001,3.2905000000000002
6417,-5.2641,3.2905000000000002
6418,-2.2568999999999999,3.2978999999999998
6419,-2.2197,3.2978999999999998
6420,-3.7450000000000001,3.2961
6421,-10.15,3.2848999999999999
6422,-10.3422,3.2831000000000001
6423,-5.5058999999999996,3.2905000000000002
6424,0.2046,3.3016999999999999
6425,1.2958000000000001,3.3054000000000001
6426,-5.2950999999999997,3.2924000000000002
6427,-8.9533000000000005,3.2867999999999999
6428,-11.985300000000001,3.2812000000000001
6429,-4.1045999999999996,3.2924000000000002
6430,0.062,3.3016999999999999
6431,-9.2570999999999994,3.2867999999999999
6432,-11.656700000000001,3.2812000000000001
6433,-14.2113,3.2755999999999998
6434,-18.6693,3.2682000000000002
6435,-13.895,3.2738
6436,-11.8613,3.2755999999999998
6437,-8.9780999999999995,3.2812000000000001
6438,-9.1021000000000001,3.2812000000000001
6439,-9.2632999999999992,3.2812000000000001
6440,-5.1029,3.2867999999999999
6441,-1.6245000000000001,3.2961
6442,-3.2551999999999999,3.2924000000000002
6443,-3.2551999999999999,3.2924000000000002
6444,-6.7026000000000003,3.2867999999999999
6445,-10.825799999999999,3.2812000000000001
6446,0.73160000000000003,3.2997999999999998
6447,1.3702000000000001,3.3035000000000001
6448,0.73160000000000003,3.3035000000000001
6449,-8.8541000000000007,3.2867999999999999
6450,-12.0969,3.2793000000000001
6451,-10.739000000000001,3.2812000000000001
6452,-7.7008000000000001,3.2848999999999999
6453,-6.9009999999999998,3.2867999999999999
6454,-3.4163999999999999,3.2924000000000002
6455,1.3702000000000001,3.3035000000000001
6456,2.0956999999999999,3.3054000000000001
6457,-6.5414000000000003,3.2905000000000002
6458,-8.9718999999999998,3.2848999999999999
6459,-12.307700000000001,3.2793000000000001
6460,-12.574400000000001,3.2774999999999999
6461,-13.820600000000001,3.2755999999999998
6462,-11.4955,3.2774999999999999
6463,-8.2960999999999991,3.2831000000000001
6464,-1.9097,3.2924000000000002
6465,1.3702000000000001,3.3016999999999999
6466,21.378900000000002,3.3351000000000002
6467,19.562200000000001,3.3370000000000002
6468,18.346900000000002,3.3389000000000002
6469,15.5753,3.3370000000000002
6470,12.4255,3.3332999999999999
6471,9.1331000000000007,3.3296000000000001
6472,0,3.3147000000000002
6473,0,3.3128000000000002
6474,0,3.3128000000000002
6475,0,3.3128000000000002
6476,0,3.3128000000000002
6477,0,3.3128000000000002
6478,0,3.3109999999999999
6479,0,3.3128000000000002
6480,0,3.3128000000000002
6481,0,3.3128000000000002
6482,0,3.3109999999999999
6483,0,3.3109999999999999
6484,0,3.3109999999999999
6485,0,3.3128000000000002
6486,0,3.3109999999999999
6487,0,3.3128000000000002
6488,0,3.3128000000000002
6489,0,3.3128000000000002
6490,0,3.3128000000000002
6491,0,3.3128000000000002
6492,0,3.3128000000000002
6493,0,3.3128000000000002
6494,0,3.3128000000000002
6495,0,3.3128000000000002
6496,0,3.3128000000000002
6497,0,3.3128000000000002
6498,0,3.3128000000000002
6499,0,3.3128000000000002
6500,0,3.3128000000000002
6501,0,3.3128000000000002
6502,0,3.3128000000000002
6503,0,3.3128000000000002
6504,0,3.3128000000000002
6505,0,3.3128000000000002
6506,0,3.3128000000000002
6507,0,3.3128000000000002
6508,0,3.3128000000000002
6509,0,3.3128000000000002
6510,0,3.3128000000000002
6511,0,3.3128000000000002
6512,0,3.3128000000000002
6513,0,3.3128000000000002
6514,-10.497199999999999,3.2961
6515,-14.453099999999999,3.2867999999999999
6516,-18.334499999999998,3.2774999999999999
6517,-22.811199999999999,3.2682000000000002
6518,-28.608599999999999,3.2570000000000001
6519,-33.451099999999997,3.2440000000000002
6520,-29.253399999999999,3.2496
6521,-28.2118,3.2458999999999998
6522,-22.34,3.2551999999999999
6523,-12.1775,3.2719
6524,2.6970999999999998,3.2978999999999998
6525,1.8601000000000001,3.2997999999999998
6526,0.73160000000000003,3.2997999999999998
6527,-7.4156000000000004,3.2848999999999999
6528,-6.1444999999999999,3.2886000000000002
6529,-6.2188999999999997,3.2867999999999999
6530,-9.1021000000000001,3.2831000000000001
6531,-21.496700000000001,3.2625999999999999
6532,2.7715000000000001,3.3016999999999999
6533,14.050000000000001,3.3220999999999998
6534,6.0949,3.3128000000000002
6535,16.133400000000002,3.3313999999999999
6536,6.9630000000000001,3.3184
6537,1.0478000000000001,3.3090999999999999
6538,-10.212,3.2886000000000002
6539,-6.7831999999999999,3.2924000000000002
6540,-15.6622,3.2774999999999999
6541,-26.760899999999999,3.2589000000000001
6542,-30.834499999999998,3.2458999999999998
6543,-39.961500000000001,3.2290999999999999
6544,-39.961500000000001,3.2254
6545,-39.961500000000001,3.2216999999999998
6546,-39.961500000000001,3.2198000000000002
6547,-25.279,3.2403
6548,-39.967700000000001,3.218
6549,-30.127700000000001,3.2309999999999999
6550,-39.961500000000001,3.2141999999999999
6551,-38.274999999999999,3.2161
6552,-39.955300000000001,3.2105000000000001
6553,-29.166599999999999,3.2254
6554,-27.455300000000001,3.2290999999999999
6555,-25.886600000000001,3.2309999999999999
6556,-10.497199999999999,3.2570000000000001
6557,-6.4236000000000004,3.2645
6558,-8.7363,3.2645
6559,-6.2561999999999998,3.2682000000000002
6560,-10.2616,3.2645
6561,-10.2616,3.2645
6562,-10.2616,3.2645
6563,-10.2554,3.2645
6564,-14.825100000000001,3.2589000000000001
6565,-14.8995,3.2570000000000001
6566,-21.825299999999999,3.2458999999999998
6567,-24.479099999999999,3.2403
6568,-24.968900000000001,3.2383999999999999
6569,-20.740300000000001,3.2440000000000002
6570,-23.4499,3.2403
6571,-26.2896,3.2347000000000001
6572,-21.899799999999999,3.2403
6573,-24.683700000000002,3.2347000000000001
6574,-30.121500000000001,3.2273000000000001
6575,-39.967700000000001,3.2105000000000001
6576,-39.552300000000002,3.2086999999999999
6577,-27.728100000000001,3.2254
6578,-22.805,3.2328000000000001
6579,-17.534700000000001,3.2421000000000002
6580,-12.3697,3.2513999999999998
6581,-7.4589999999999996,3.2606999999999999
6582,-14.7011,3.2513999999999998
6583,-19.934200000000001,3.2421000000000002
6584,-23.015799999999999,3.2366000000000001
6585,-25.93,3.2309999999999999
6586,-20.696899999999999,3.2383999999999999
6587,-26.488,3.2290999999999999
6588,-21.1309,3.2383999999999999
6589,-24.330300000000001,3.2328000000000001
6590,-18.8492,3.2403
6591,-16.213999999999999,3.2458999999999998
6592,-11.427300000000001,3.2551999999999999
6593,-16.0962,3.2496
6594,-16.102399999999999,3.2496
6595,-16.102399999999999,3.2496
6596,-16.102399999999999,3.2496
6597,-16.102399999999999,3.2496
6598,-13.368,3.2551999999999999
6599,-8.3828999999999994,3.2625999999999999
6600,-8.2217000000000002,3.2645
6601,1.5314000000000001,3.2793000000000001
6602,-2.1453000000000002,3.2774999999999999
6603,-4.6192000000000002,3.2738
6604,-9.7469999999999999,3.2663000000000002
6605,-6.9691999999999998,3.27
6606,-11.5823,3.2645
6607,-22.005199999999999,3.2458999999999998
6608,-16.858799999999999,3.2551999999999999
6609,-16.896000000000001,3.2532999999999999
6610,-14.3291,3.2570000000000001
6611,-7.0250000000000004,3.27
6612,-4.1852,3.2755999999999998
6613,-4.1417999999999999,3.2755999999999998
6614,-3.9371999999999998,3.2774999999999999
6615,-1.0664,3.2831000000000001
6616,-20.734100000000002,3.2532999999999999
6617,-3.6272000000000002,3.2774999999999999
6618,-10.6646,3.2682000000000002
6619,-8.6990999999999996,3.2719
6620,-8.5317000000000007,3.2719
6621,-15.339700000000001,3.2606999999999999
6622,-11.104900000000001,3.2663000000000002
6623,-39.967700000000001,3.2198000000000002
6624,2.0895000000000001,3.2831000000000001
6625,-39.955300000000001,3.218
6626,-13.950799999999999,3.2570000000000001
6627,-27.170100000000001,3.2347000000000001
6628,-39.967700000000001,3.2141999999999999
6629,-28.4908,3.2290999999999999
6630,-20.5791,3.2403
6631,-26.407399999999999,3.2309999999999999
6632,-15.736599999999999,3.2496
6633,-10.9002,3.2589000000000001
6634,0,3.2755999999999998
6635,1.6927000000000001,3.2812000000000001
6636,4.7370999999999999,3.2886000000000002
6637,7.9302999999999999,3.2978999999999998
6638,6.6096000000000004,3.2978999999999998
6639,-12.853400000000001,3.2663000000000002
6640,-12.8596,3.2645
6641,-3.2242000000000002,3.2793000000000001
6642,6.6840000000000002,3.2997999999999998
6643,-10.2554,3.2719
6644,-14.3043,3.2645
6645,-10.2554,3.27
6646,-2.5792999999999999,3.2831000000000001
6647,-9.9329999999999998,3.2719
6648,-11.6195,3.27
6649,-11.6257,3.2682000000000002
6650,-2.3374999999999999,3.2831000000000001
6651,0,3.2886000000000002
6652,0.17979999999999999,3.2905000000000002
6653,5.1711,3.3016999999999999
6654,8.0108999999999995,3.3071999999999999
6655,7.9798999999999998,3.3090999999999999
6656,9.1331000000000007,3.3128000000000002
6657,9.0587,3.3128000000000002
6658,7.8186999999999998,3.3128000000000002
6659,8.8478999999999992,3.3165
6660,15.2033,3.3277000000000001
6661,11.6629,3.3239999999999998
6662,14.2113,3.3296000000000001
6663,10.0136,3.3239999999999998
6664,8.5751000000000008,3.3220999999999998
6665,5.6113,3.3165
6666,4.6875,3.3165
6667,-3.3420000000000001,3.3035000000000001
6668,1.3640000000000001,3.3090999999999999
6669,5.3013000000000003,3.3165
6670,8.9718999999999998,3.3239999999999998
6671,15.7676,3.3351000000000002
6672,17.850899999999999,3.3407
6673,5.9337,3.3239999999999998
6674,3.7698,3.3184
6675,1.6121000000000001,3.3147000000000002
6676,5.2516999999999996,3.3203
6677,4.7680999999999996,3.3203
6678,8.5379000000000005,3.3277000000000001
6679,3.8069999999999999,3.3203
6680,0,3.3128000000000002
6681,0,3.3128000000000002
6682,0,3.3128000000000002
6683,0,3.3128000000000002
6684,0,3.3109999999999999
6685,0,3.3109999999999999
6686,0,3.3109999999999999
6687,0,3.3109999999999999
6688,0,3.3109999999999999
6689,0,3.3109999999999999
6690,0,3.3109999999999999
6691,0,3.3109999999999999
6692,0,3.3109999999999999
6693,0,3.3109999999999999
6694,0,3.3109999999999999
6695,0,3.3109999999999999
6696,0,3.3109999999999999
6697,-3.3420000000000001,3.3054000000000001
6698,-10.6274,3.2905000000000002
6699,-16.691400000000002,3.2793000000000001
6700,-20.2194,3.2719
6701,-24.565899999999999,3.2625999999999999
6702,-28.2056,3.2532999999999999
6703,-27.827300000000001,3.2513999999999998
6704,-30.753900000000002,3.2440000000000002
6705,-16.902200000000001,3.2645
6706,-21.738499999999998,3.2570000000000001
6707,-20.975899999999999,3.2570000000000001
6708,-23.648299999999999,3.2513999999999998
6709,-31.460799999999999,3.2366000000000001
6710,-16.207799999999999,3.2606999999999999
6711,-16.765799999999999,3.2606999999999999
6712,-13.1076,3.2663000000000002
6713,-15.9846,3.2606999999999999
6714,-17.615300000000001,3.2589000000000001
6715,-19.822600000000001,3.2551999999999999
6716,-7.9302999999999999,3.2719
6717,-10.782400000000001,3.27
6718,-4.2968000000000002,3.2793000000000001
6719,-0.496,3.2886000000000002
6720,-8.9842999999999993,3.2755999999999998
6721,-18.898800000000001,3.2589000000000001
6722,-14.825100000000001,3.2645
6723,-6.5785999999999998,3.2774999999999999
6724,-6.5724,3.2774999999999999
6725,-6.5785999999999998,3.2793000000000001
6726,-6.5724,3.2793000000000001
6727,-6.5724,3.2793000000000001
6728,-7.7690000000000001,3.2774999999999999
6729,-11.464499999999999,3.2719
6730,-7.9364999999999997,3.2774999999999999
6731,-4.7805,3.2831000000000001
6732,0.48980000000000001,3.2924000000000002
6733,5.1772999999999998,3.3016999999999999
6734,6.0514999999999999,3.3071999999999999
6735,2.2507000000000001,3.3016999999999999
6736,15.2529,3.3239999999999998
6737,16.604600000000001,3.3296000000000001
6738,20.1326,3.3370000000000002
6739,14.688700000000001,3.3313999999999999
6740,13.616,3.3313999999999999
6741,12.289099999999999,3.3296000000000001
6742,10.6212,3.3277000000000001
6743,6.2188999999999997,3.3220999999999998
6744,0,3.3109999999999999
6745,0,3.3109999999999999
6746,0,3.3109999999999999
6747,0,3.3109999999999999
6748,0,3.3090999999999999
6749,0,3.3090999999999999
6750,0,3.3090999999999999
6751,0,3.3090999999999999
6752,0,3.3090999999999999
6753,-8.3394999999999992,3.2961
6754,-10.652200000000001,3.2886000000000002
6755,-17.063400000000001,3.2774999999999999
6756,-23.214200000000002,3.2645
6757,-27.3809,3.2551999999999999
6758,-32.204799999999999,3.2440000000000002
6759,-39.961500000000001,3.2273000000000001
6760,-35.608800000000002,3.2309999999999999
6761,-11.7807,3.2682000000000002
6762,-28.373000000000001,3.2421000000000002
6763,-24.5411,3.2458999999999998
6764,-18.650700000000001,3.2551999999999999
6765,-6.6096000000000004,3.2755999999999998
6766,-3.1869999999999998,3.2812000000000001
6767,0,3.2886000000000002
6768,0.73160000000000003,3.2924000000000002
6769,1.3640000000000001,3.2961
6770,3.7326000000000001,3.3016999999999999
6771,17.689699999999998,3.3258000000000001
6772,18.092700000000001,3.3296000000000001
6773,15.327299999999999,3.3296000000000001
6774,12.165100000000001,3.3258000000000001
6775,8.9284999999999997,3.3220999999999998
6776,0,3.3071999999999999
6777,0,3.3071999999999999
6778,0,3.3071999999999999
6779,0,3.3071999999999999
6780,0,3.3071999999999999
6781,0,3.3071999999999999
6782,0,3.3071999999999999
6783,0,3.3071999999999999
6784,0,3.3071999999999999
6785,0,3.3071999999999999
6786,0,3.3071999999999999
6787,0,3.3071999999999999
6788,0,3.3071999999999999
6789,0,3.3071999999999999
6790,0,3.3071999999999999
6791,0,3.3090999999999999
6792,0,3.3090999999999999
6793,0,3.3090999999999999
6794,0,3.3090999999999999
6795,0,3.3090999999999999
6796,0,3.3090999999999999
6797,0,3.3090999999999999
6798,-10.491,3.2905000000000002
6799,-14.4655,3.2812000000000001
6800,-18.340699999999998,3.2738
6801,-22.811199999999999,3.2645
6802,-28.614799999999999,3.2532999999999999
6803,-33.451099999999997,3.2403
6804,-39.961500000000001,3.2273000000000001
6805,-39.955300000000001,3.2235
6806,-22.0486,3.2496
6807,-21.819099999999999,3.2513999999999998
6808,-39.955300000000001,3.2198000000000002
6809,-28.4102,3.2347000000000001
6810,-14.459300000000001,3.2589000000000001
6811,-24.851099999999999,3.2403
6812,-10.8506,3.2645
6813,-14.5771,3.2589000000000001
6814,-14.8499,3.2589000000000001
6815,-4.6254,3.2755999999999998
6816,-7.7813999999999997,3.2719
6817,-7.8186999999999998,3.2738
6818,-2.7033,3.2812000000000001
6819,-0.70679999999999998,3.2867999999999999
6820,-11.2599,3.27
6821,-6.5785999999999998,3.2774999999999999
6822,0.53320000000000001,3.2905000000000002
6823,-4.4951999999999996,3.2831000000000001
6824,-4.4269999999999996,3.2831000000000001
6825,-2.4986999999999999,3.2867999999999999
6826,-6.2995999999999999,3.2812000000000001
6827,-6.2995999999999999,3.2812000000000001
6828,-6.3120000000000003,3.2812000000000001
6829,-6.3120000000000003,3.2812000000000001
6830,-6.3120000000000003,3.2831000000000001
6831,-2.4615,3.2886000000000002
6832,-8.1534999999999993,3.2793000000000001
6833,-8.1906999999999996,3.2793000000000001
6834,-11.061500000000001,3.2755999999999998
6835,-0.5766,3.2905000000000002
6836,-2.4615,3.2886000000000002
6837,-6.2126999999999999,3.2831000000000001
6838,-6.2188999999999997,3.2831000000000001
6839,-2.4243000000000001,3.2905000000000002
6840,-2.3437000000000001,3.2905000000000002
6841,-4.1790000000000003,3.2886000000000002
6842,6.0143000000000004,3.3071999999999999
6843,10.2058,3.3165
6844,13.132400000000001,3.3239999999999998
6845,13.851599999999999,3.3277000000000001
6846,14.8499,3.3296000000000001
6847,15.972200000000001,3.3351000000000002
6848,13.2936,3.3313999999999999
6849,13.299799999999999,3.3332999999999999
6850,10.689399999999999,3.3296000000000001
6851,6.8141999999999996,3.3239999999999998
6852,0,3.3128000000000002
6853,0,3.3128000000000002
6854,0,3.3109999999999999
6855,0,3.3109999999999999
6856,0,3.3109999999999999
6857,0,3.3109999999999999
6858,0,3.3109999999999999
6859,0,3.3109999999999999
6860,0,3.3109999999999999
6861,-3.9868000000000001,3.3035000000000001
6862,-7.5334000000000003,3.2978999999999998
6863,-6.6592000000000002,3.2978999999999998
6864,-3.6272000000000002,3.3016999999999999
6865,-11.427300000000001,3.2867999999999999
6866,-7.1055999999999999,3.2924000000000002
6867,-6.6158000000000001,3.2961
6868,-10.311199999999999,3.2867999999999999
6869,-15.8668,3.2774999999999999
6870,-17.4665,3.2719
6871,-16.344200000000001,3.2719
6872,-13.9384,3.2755999999999998
6873,-13.492000000000001,3.2755999999999998
6874,-12.028700000000001,3.2774999999999999
6875,-13.337,3.2738
6876,-14.453099999999999,3.2719
6877,-12.574400000000001,3.2738
6878,-11.7807,3.2755999999999998
6879,-8.7052999999999994,3.2793000000000001
6880,-5.3013000000000003,3.2848999999999999
6881,-3.8256000000000001,3.2886000000000002
6882,-3.8256000000000001,3.2886000000000002
6883,-3.8193999999999999,3.2905000000000002
6884,-3.8256000000000001,3.2905000000000002
6885,-3.8193999999999999,3.2905000000000002
6886,-11.7745,3.2793000000000001
6887,-6.3368000000000002,3.2867999999999999
6888,-6.4173999999999998,3.2867999999999999
6889,0.73160000000000003,3.2997999999999998
6890,0.73160000000000003,3.3016999999999999
6891,-0.78739999999999999,3.2997999999999998
6892,-3.8193999999999999,3.2924000000000002
6893,-3.8193999999999999,3.2924000000000002
6894,1.8105,3.3054000000000001
6895,6.2188999999999997,3.3128000000000002
6896,16.499199999999998,3.3313999999999999
6897,13.2936,3.3296000000000001
6898,10.689399999999999,3.3277000000000001
6899,0,3.3109999999999999
6900,0,3.3090999999999999
6901,0,3.3090999999999999
6902,0,3.3090999999999999
6903,0,3.3090999999999999
6904,0,3.3090999999999999
6905,0,3.3090999999999999
6906,0,3.3090999999999999
6907,0,3.3090999999999999
6908,0,3.3090999999999999
6909,0,3.3090999999999999
6910,0,3.3090999999999999
6911,0,3.3090999999999999
6912,0,3.3090999999999999
6913,0,3.3090999999999999
6914,0,3.3090999999999999
6915,0,3.3090999999999999
6916,0,3.3090999999999999
6917,0,3.3090999999999999
6918,0,3.3090999999999999
6919,-10.497199999999999,3.2905000000000002
6920,-14.459300000000001,3.2831000000000001
6921,-18.328299999999999,3.2738
6922,-22.563199999999998,3.2663000000000002
6923,-13.305999999999999,3.2774999999999999
6924,-13.058,3.2774999999999999
6925,-11.0243,3.2812000000000001
6926,-2.1453000000000002,3.2961
6927,-2.1453000000000002,3.2978999999999998
6928,-6.3120000000000003,3.2905000000000002
6929,-4.1417999999999999,3.2924000000000002
6930,-2.1391,3.2978999999999998
6931,-0.13639999999999999,3.3016999999999999
6932,1.054,3.3054000000000001
6933,-1.1346000000000001,3.3016999999999999
6934,0.29759999999999998,3.3054000000000001
6935,-6.2624000000000004,3.2924000000000002
6936,-3.2242000000000002,3.2997999999999998
6937,-1.1408,3.3035000000000001
6938,0.60760000000000003,3.3054000000000001
6939,-1.1035999999999999,3.3035000000000001
6940,-2.0522999999999998,3.3016999999999999
6941,-3.0629,3.3016999999999999
6942,-6.2624000000000004,3.2961
6943,-7.2606000000000002,3.2924000000000002
6944,-10.460000000000001,3.2848999999999999
6945,-8.9533000000000005,3.2867999999999999
6946,-12.5434,3.2812000000000001
6947,-10.9747,3.2812000000000001
6948,-3.931,3.2924000000000002
6949,-3.9805999999999999,3.2961
6950,-7.7442000000000002,3.2867999999999999
6951,-7.5457999999999998,3.2867999999999999
6952,-7.6574,3.2867999999999999
6953,-4.5696000000000003,3.2924000000000002
6954,-3.2242000000000002,3.2961
6955,-3.2242000000000002,3.2961
6956,-5.3446999999999996,3.2924000000000002
6957,-14.9739,3.2755999999999998
6958,-20.4923,3.2645
6959,-15.2591,3.2719
6960,-10.825799999999999,3.2774999999999999
6961,-10.460000000000001,3.2774999999999999
6962,3.9805999999999999,3.3035000000000001
6963,17.683499999999999,3.3277000000000001
6964,16.207799999999999,3.3296000000000001
6965,13.0952,3.3277000000000001
6966,9.7346000000000004,3.3239999999999998
6967,0,3.3090999999999999
6968,0,3.3090999999999999
6969,0,3.3090999999999999
6970,0,3.3090999999999999
6971,0,3.3090999999999999
6972,0,3.3090999999999999
6973,0,3.3090999999999999
6974,0,3.3090999999999999
6975,0,3.3090999999999999
6976,0,3.3090999999999999
6977,0,3.3090999999999999
6978,0,3.3090999999999999
6979,0,3.3090999999999999
6980,0,3.3090999999999999
6981,0,3.3090999999999999
6982,0,3.3090999999999999
6983,0,3.3090999999999999
6984,0,3.3090999999999999
6985,0,3.3109999999999999
6986,0,3.3109999999999999
6987,0,3.3109999999999999
6988,0,3.3109999999999999
6989,0,3.3109999999999999
6990,0,3.3109999999999999
6991,0,3.3109999999999999
6992,0,3.3109999999999999
6993,0,3.3109999999999999
6994,0,3.3109999999999999
6995,0,3.3109999999999999
6996,-6.4546000000000001,3.2997999999999998
6997,-8.1783000000000001,3.2961
6998,-17.125399999999999,3.2793000000000001
6999,-13.901199999999999,3.2812000000000001
7000,-16.412400000000002,3.2755999999999998
7001,-12.022500000000001,3.2812000000000001
7002,-11.6691,3.2812000000000001
7003,-20.002400000000002,3.2682000000000002
7004,-21.626899999999999,3.2625999999999999
7005,-16.5364,3.2682000000000002
7006,-15.736599999999999,3.27
7007,-15.463699999999999,3.27
7008,-17.528500000000001,3.2663000000000002
7009,-13.492000000000001,3.2719
7010,-7.6201999999999996,3.2812000000000001
7011,-9.1765000000000008,3.2793000000000001
7012,-5.6547000000000001,3.2848999999999999
7013,-5.6981000000000002,3.2848999999999999
7014,-4.1356000000000002,3.2867999999999999
7015,-6.5785999999999998,3.2848999999999999
7016,-5.7415000000000003,3.2867999999999999
7017,-4.1790000000000003,3.2886000000000002
7018,1.2896000000000001,3.2997999999999998
7019,1.2896000000000001,3.3016999999999999
7020,10.1252,3.3165
7021,11.2103,3.3220999999999998
7022,13.3742,3.3277000000000001
7023,7.8559000000000001,3.3203
7024,6.2561999999999998,3.3184
7025,7.6449999999999996,3.3220999999999998
7026,0,3.3109999999999999
7027,0,3.3090999999999999
7028,0,3.3090999999999999
7029,0,3.3090999999999999
7030,0,3.3090999999999999
7031,0,3.3090999999999999
7032,0,3.3090999999999999
7033,0,3.3090999999999999
7034,0,3.3090999999999999
7035,0,3.3090999999999999
7036,0,3.3090999999999999
7037,0,3.3090999999999999
7038,0,3.3090999999999999
7039,0,3.3090999999999999
7040,0,3.3109999999999999
7041,0,3.3109999999999999
7042,0,3.3109999999999999
7043,0,3.3109999999999999
7044,-4.5758000000000001,3.3035000000000001
7045,-6.2624000000000004,3.2997999999999998
7046,-3.8628,3.3016999999999999
7047,-6.9691999999999998,3.2978999999999998
7048,-14.0252,3.2831000000000001
7049,-13.6656,3.2812000000000001
7050,-15.9846,3.2774999999999999
7051,-10.2182,3.2848999999999999
7052,-16.294599999999999,3.2738
7053,-5.1090999999999998,3.2905000000000002
7054,-0.10539999999999999,3.3016999999999999
7055,-2.0647000000000002,3.2997999999999998
7056,-16.852599999999999,3.2738
7057,-11.8613,3.2812000000000001
7058,-11.464499999999999,3.2812000000000001
7059,-16.945599999999999,3.27
7060,-14.1059,3.2738
7061,-3.218,3.2905000000000002
7062,0.84319999999999995,3.2997999999999998
7063,-10.2182,3.2831000000000001
7064,-10.503399999999999,3.2812000000000001
7065,-5.6299000000000001,3.2886000000000002
7066,4.0860000000000003,3.3054000000000001
7067,3.6147999999999998,3.3071999999999999
7068,4.5385999999999997,3.3109999999999999
7069,11.092499999999999,3.3220999999999998
7070,10.9809,3.3258000000000001
7071,8.1659000000000006,3.3220999999999998
7072,0,3.3090999999999999
7073,0,3.3090999999999999
7074,0,3.3090999999999999
7075,0,3.3090999999999999
7076,0,3.3090999999999999
7077,0,3.3090999999999999
7078,-0.41539999999999999,3.3090999999999999
7079,-8.7052999999999994,3.2924000000000002
7080,-10.6708,3.2886000000000002
7081,-16.610800000000001,3.2774999999999999
7082,-20.386900000000001,3.2682000000000002
7083,-12.022500000000001,3.2812000000000001
7084,-17.4665,3.27
7085,-18.886399999999998,3.2663000000000002
7086,-17.249500000000001,3.2682000000000002
7087,-21.738499999999998,3.2606999999999999
7088,-20.926300000000001,3.2589000000000001
7089,-19.971399999999999,3.2606999999999999
7090,-16.213999999999999,3.2645
7091,-16.933199999999999,3.2625999999999999
7092,-11.8551,3.27
7093,-10.782400000000001,3.2738
7094,-8.0976999999999997,3.2774999999999999
7095,-9.6663999999999994,3.2755999999999998
7096,-8.3704999999999998,3.2774999999999999
7097,-4.5014000000000003,3.2848999999999999
7098,0,3.2924000000000002
7099,-2.7776999999999998,3.2886000000000002
7100,-1.1408,3.2924000000000002
7101,1.3702000000000001,3.2997999999999998
7102,2.6040999999999999,3.3035000000000001
7103,6.7770000000000001,3.3109999999999999
7104,10.776199999999999,3.3203
7105,10.1004,3.3203
7106,11.737299999999999,3.3258000000000001
7107,9.8523999999999994,3.3239999999999998
7108,5.2454999999999998,3.3184
7109,6.7026000000000003,3.3203
7110,0,3.3090999999999999
7111,0,3.3090999999999999
7112,0,3.3090999999999999
7113,0,3.3090999999999999
7114,-0.496,3.3071999999999999
7115,0,3.3090999999999999
7116,0,3.3090999999999999
7117,-9.6167999999999996,3.2924000000000002
7118,-10.652200000000001,3.2886000000000002
7119,-17.813700000000001,3.2755999999999998
7120,-23.964500000000001,3.2625999999999999
7121,-24.1629,3.2589000000000001
7122,-16.133400000000002,3.27
7123,-10.422800000000001,3.2793000000000001
7124,-13.0642,3.2738
7125,-14.267099999999999,3.2719
7126,-15.8172,3.2682000000000002
7127,-16.5364,3.2663000000000002
7128,-25.2852,3.2513999999999998
7129,-23.003399999999999,3.2532999999999999
7130,-16.852599999999999,3.2606999999999999
7131,-10.9809,3.27
7132,-8.2093000000000007,3.2755999999999998
7133,-12.295299999999999,3.27
7134,-4.5758000000000001,3.2831000000000001
7135,-4.5758000000000001,3.2831000000000001
7136,-2.9016999999999999,3.2867999999999999
7137,0,3.2924000000000002
7138,-1.1841999999999999,3.2924000000000002
7139,-4.3836000000000004,3.2867999999999999
7140,-4.3650000000000002,3.2886000000000002
7141,-2.7776999999999998,3.2905000000000002
7142,2.0585,3.3016999999999999
7143,-2.6598999999999999,3.2924000000000002
7144,-4.1790000000000003,3.2905000000000002
7145,-4.1790000000000003,3.2905000000000002
7146,-4.1790000000000003,3.2905000000000002
7147,-4.1852,3.2905000000000002
7148,-4.1790000000000003,3.2905000000000002
7149,-5.8220999999999998,3.2886000000000002
7150,-9.5486000000000004,3.2812000000000001
7151,-11.2227,3.2793000000000001
7152,-25.489799999999999,3.2551999999999999
7153,-19.363800000000001,3.2606999999999999
7154,-19.773,3.2589000000000001
7155,-20.541899999999998,3.2570000000000001
7156,-5.8220999999999998,3.2793000000000001
7157,-14.459300000000001,3.2663000000000002
7158,-12.0101,3.27
7159,-10.491,3.2719
7160,-4.1356000000000002,3.2831000000000001
7161,-2.2197,3.2867999999999999
7162,-5.9089,3.2812000000000001
7163,-4.0178000000000003,3.2848999999999999
7164,-0.34100000000000003,3.2924000000000002
7165,1.3702000000000001,3.2978999999999998
7166,-3.9868000000000001,3.2886000000000002
7167,1.3702000000000001,3.2997999999999998
7168,1.3640000000000001,3.2997999999999998
7169,-3.6581999999999999,3.2905000000000002
7170,-0.080600000000000005,3.2997999999999998
7171,-3.5775999999999999,3.2924000000000002
7172,4.6999000000000004,3.3071999999999999
7173,2.0895000000000001,3.3054000000000001
7174,-3.1808000000000001,3.2961
7175,-4.8673000000000002,3.2924000000000002
7176,-4.8611000000000004,3.2924000000000002
7177,-4.8611000000000004,3.2924000000000002
7178,0,3.3016999999999999
7179,-3.0629,3.2961
7180,-4.7495000000000003,3.2924000000000002
7181,-1.3453999999999999,3.2997999999999998
7182,0.73160000000000003,3.3035000000000001
7183,2.6970999999999998,3.3071999999999999
7184,1.3702000000000001,3.3054000000000001
7185,2.6537000000000002,3.3090999999999999
7186,8.0046999999999997,3.3184
7187,9.6105999999999998,3.3220999999999998
7188,8.7797000000000001,3.3220999999999998
7189,6.6033999999999997,3.3203
7190,5.2516999999999996,3.3184
7191,-2.4243000000000001,3.3071999999999999
7192,-11.458299999999999,3.2886000000000002
7193,-10.9002,3.2886000000000002
7194,-7.9364999999999997,3.2905000000000002
7195,-8.9780999999999995,3.2886000000000002
7196,-10.143800000000001,3.2867999999999999
7197,-10.466200000000001,3.2848999999999999
7198,-12.7356,3.2793000000000001
7199,-15.8606,3.2738
7200,-16.573599999999999,3.27
7201,-11.6257,3.2774999999999999
7202,-3.9868000000000001,3.2905000000000002
7203,-6.2995999999999999,3.2867999999999999
7204,-6.3368000000000002,3.2867999999999999
7205,-6.4669999999999996,3.2867999999999999
7206,-11.656700000000001,3.2793000000000001
7207,-8.1783000000000001,3.2831000000000001
7208,-13.616,3.2738
7209,-6.2251000000000003,3.2848999999999999
7210,-6.2686000000000002,3.2848999999999999
7211,-6.2624000000000004,3.2848999999999999
7212,-2.9885000000000002,3.2924000000000002
7213,4.4146000000000001,3.3054000000000001
7214,2.0585,3.3035000000000001
7215,1.3702000000000001,3.3035000000000001
7216,6.1258999999999997,3.3128000000000002
7217,3.2551999999999999,3.3090999999999999
7218,1.2958000000000001,3.3071999999999999
7219,-7.3536000000000001,3.2905000000000002
7220,-7.4589999999999996,3.2905000000000002
7221,-8.9780999999999995,3.2867999999999999
7222,-6.2995999999999999,3.2905000000000002
7223,-10.652200000000001,3.2831000000000001
7224,-12.5372,3.2793000000000001
7225,-11.5389,3.2793000000000001
7226,-8.0108999999999995,3.2848999999999999
7227,-11.972899999999999,3.2774999999999999
7228,-12.338699999999999,3.2755999999999998
7229,-7.1055999999999999,3.2831000000000001
7230,-2.9823,3.2905000000000002
7231,-2.9823,3.2924000000000002
7232,-2.9016999999999999,3.2924000000000002
7233,0.77500000000000002,3.3016999999999999
7234,0.76880000000000004,3.3016999999999999
7235,-2.7839,3.2961
7236,-4.3402000000000003,3.2924000000000002
7237,0.76880000000000004,3.3035000000000001
7238,0.77500000000000002,3.3035000000000001
7239,2.0213000000000001,3.3054000000000001
7240,-9.1021000000000001,3.2867999999999999
7241,-10.695600000000001,3.2831000000000001
7242,-8.0233000000000008,3.2867999999999999
7243,-6.7088000000000001,3.2886000000000002
7244,-1.1408,3.2997999999999998
7245,-6.7026000000000003,3.2886000000000002
7246,-4.3402000000000003,3.2924000000000002
7247,-4.3402000000000003,3.2924000000000002
7248,0,3.3016999999999999
7249,0.17979999999999999,3.3035000000000001
7250,1.3702000000000001,3.3054000000000001
7251,0.1736,3.3035000000000001
7252,-2.6227,3.2997999999999998
7253,-4.1790000000000003,3.2961
7254,-4.1790000000000003,3.2961
7255,-0.98580000000000001,3.3016999999999999
7256,-2.4986999999999999,3.2997999999999998
7257,-4.1356000000000002,3.2978999999999998
7258,0.13639999999999999,3.3035000000000001
7259,0.1736,3.3054000000000001
7260,-3.9371999999999998,3.2978999999999998
7261,-7.7751999999999999,3.2905000000000002
7262,-2.4552999999999998,3.2997999999999998
7263,0.2046,3.3054000000000001
7264,3.8069999999999999,3.3109999999999999
7265,4.7743000000000002,3.3147000000000002
7266,5.9337,3.3165
7267,1.7299,3.3109999999999999
7268,-2.8582999999999998,3.3035000000000001
7269,-3.9371999999999998,3.3016999999999999
7270,-13.0518,3.2848999999999999
7271,-12.3697,3.2831000000000001
7272,-10.9064,3.2831000000000001
7273,-5.8220999999999998,3.2924000000000002
7274,-5.8593000000000002,3.2924000000000002
7275,-10.050800000000001,3.2848999999999999
7276,-6.1073000000000004,3.2905000000000002
7277,-5.3446999999999996,3.2905000000000002
7278,-5.3818999999999999,3.2924000000000002
7279,-6.2686000000000002,3.2905000000000002
7280,0.21079999999999999,3.3016999999999999
7281,-0.78120000000000001,3.3016999999999999
7282,-3.8193999999999999,3.2978999999999998
7283,-3.8256000000000001,3.2978999999999998
7284,0.2046,3.3035000000000001
7285,-0.73160000000000003,3.3035000000000001
7286,-0.74399999999999999,3.3035000000000001
7287,-3.6272000000000002,3.2978999999999998
7288,-5.9027000000000003,3.2924000000000002
7289,-10.1128,3.2848999999999999
7290,-3.8317999999999999,3.2961
7291,0.73160000000000003,3.3035000000000001
7292,-3.7450000000000001,3.2978999999999998
7293,1.2958000000000001,3.3054000000000001
7294,-8.5503,3.2886000000000002
7295,-11.464499999999999,3.2831000000000001
7296,-10.336,3.2831000000000001
7297,1.2896000000000001,3.3035000000000001
7298,4.8921000000000001,3.3109999999999999
7299,10.6274,3.3220999999999998
7300,8.9408999999999992,3.3220999999999998
7301,13.182,3.3313999999999999
7302,10.491,3.3296000000000001
7303,7.3411999999999997,3.3239999999999998
7304,0,3.3128000000000002
7305,0,3.3128000000000002
7306,0,3.3109999999999999
7307,0,3.3109999999999999
7308,0,3.3109999999999999
7309,0,3.3109999999999999
7310,-6.4607999999999999,3.3016999999999999
7311,-9.6974,3.2924000000000002
7312,-20.541899999999998,3.2719
7313,-22.098199999999999,3.2682000000000002
7314,-26.277200000000001,3.2570000000000001
7315,-20.8581,3.2625999999999999
7316,-12.4255,3.2755999999999998
7317,-15.6622,3.27
7318,-13.529199999999999,3.2738
7319,-12.2271,3.2755999999999998
7320,-14.459300000000001,3.2719
7321,-21.093699999999998,3.2589000000000001
7322,-26.692699999999999,3.2496
7323,-19.171600000000002,3.2589000000000001
7324,-11.8179,3.27
7325,-8.3085000000000004,3.2755999999999998
7326,-6.0576999999999996,3.2793000000000001
7327,-4.4951999999999996,3.2831000000000001
7328,-4.4889999999999999,3.2848999999999999
7329,3.6520000000000001,3.3016999999999999
7330,-1.1097999999999999,3.2924000000000002
7331,0.10539999999999999,3.2978999999999998
7332,0.77500000000000002,3.2997999999999998
7333,0.1736,3.2997999999999998
7334,1.2896000000000001,3.3016999999999999
7335,0.1736,3.3016999999999999
7336,1.2896000000000001,3.3035000000000001
7337,5.8159000000000001,3.3128000000000002
7338,10.615,3.3220999999999998
7339,1.2896000000000001,3.3071999999999999
7340,-2.8334999999999999,3.3016999999999999
7341,-6.2995999999999999,3.2924000000000002
7342,-10.695600000000001,3.2848999999999999
7343,-9.1331000000000007,3.2867999999999999
7344,-0.54559999999999997,3.3016999999999999
7345,-3.2551999999999999,3.2978999999999998
7346,-5.4687000000000001,3.2924000000000002
7347,0.29759999999999998,3.3035000000000001
7348,-3.2614000000000001,3.2978999999999998
7349,-3.2614000000000001,3.2978999999999998
7350,-12.4193,3.2812000000000001
7351,-9.6167999999999996,3.2848999999999999
7352,-11.2165,3.2812000000000001
7353,-6.0266999999999999,3.2886000000000002
7354,-7.4714,3.2867999999999999
7355,-8.9780999999999995,3.2831000000000001
7356,-5.5058999999999996,3.2886000000000002
7357,-2.4243000000000001,3.2961
7358,1.2896000000000001,3.3035000000000001
7359,3.7326000000000001,3.3071999999999999
7360,0.73160000000000003,3.3035000000000001
7361,1.2524,3.3054000000000001
7362,0.29759999999999998,3.3054000000000001
7363,0.73160000000000003,3.3054000000000001
7364,1.333,3.3071999999999999
7365,0.77500000000000002,3.3071999999999999
7366,4.5385999999999997,3.3147000000000002
7367,13.182,3.3296000000000001
7368,11.458299999999999,3.3296000000000001
7369,8.2836999999999996,3.3258000000000001
7370,0,3.3128000000000002
7371,0,3.3109999999999999
7372,0,3.3109999999999999
7373,0,3.3109999999999999
7374,0,3.3109999999999999
7375,0,3.3109999999999999
7376,0,3.3109999999999999
7377,0,3.3109999999999999
7378,0,3.3109999999999999
7379,0,3.3109999999999999
7380,0,3.3109999999999999
7381,0,3.3109999999999999
7382,0,3.3109999999999999
7383,0,3.3109999999999999
7384,0,3.3109999999999999
7385,0,3.3109999999999999
7386,0,3.3109999999999999
7387,0,3.3109999999999999
7388,0,3.3109999999999999
7389,0,3.3109999999999999
7390,0,3.3109999999999999
7391,0,3.3109999999999999
7392,0,3.3109999999999999
7393,0,3.3128000000000002
7394,0,3.3109999999999999
7395,0,3.3109999999999999
7396,0,3.3109999999999999
7397,0,3.3109999999999999
7398,0,3.3109999999999999
7399,0,3.3128000000000002
7400,0,3.3128000000000002
7401,0,3.3128000000000002
7402,0,3.3128000000000002
7403,-3.9805999999999999,3.3054000000000001
7404,-9.0587,3.2961
7405,-16.009399999999999,3.2812000000000001
7406,-19.642800000000001,3.2738
7407,-24.014099999999999,3.2645
7408,-27.740500000000001,3.2551999999999999
7409,-15.339700000000001,3.2719
7410,-16.6294,3.2682000000000002
7411,-20.740300000000001,3.2625999999999999
7412,-16.381399999999999,3.2682000000000002
7413,-15.1723,3.2682000000000002
7414,-13.182,3.2719
7415,-13.7028,3.27
7416,-15.612500000000001,3.2663000000000002
7417,-7.6574,3.2793000000000001
7418,-11.458299999999999,3.2738
7419,-10.9002,3.2738
7420,-9.6539999999999999,3.2755999999999998
7421,0,3.2924000000000002
7422,1.3702000000000001,3.2978999999999998
7423,1.3702000000000001,3.2997999999999998
7424,-4.1045999999999996,3.2905000000000002
7425,2.7776999999999998,3.3035000000000001
7426,9.8710000000000004,3.3165
7427,10.329800000000001,3.3203
7428,4.1727999999999996,3.3109999999999999
7429,3.4535999999999998,3.3109999999999999
7430,11.613300000000001,3.3258000000000001
7431,10.9747,3.3258000000000001
7432,7.4527999999999999,3.3220999999999998
7433,2.4491000000000001,3.3147000000000002
7434,0.60760000000000003,3.3109999999999999
7435,0,3.3090999999999999
7436,0,3.3109999999999999
7437,0,3.3090999999999999
7438,0,3.3109999999999999
7439,-0.5766,3.3090999999999999
7440,-2.2197,3.3054000000000001
7441,-2.2568999999999999,3.3054000000000001
7442,0,3.3090999999999999
7443,-0.58279999999999998,3.3090999999999999
7444,0,3.3090999999999999
7445,0,3.3090999999999999
7446,0,3.3090999999999999
7447,0,3.3109999999999999
7448,0,3.3109999999999999
7449,0,3.3109999999999999
7450,0,3.3109999999999999
7451,-0.41539999999999999,3.3090999999999999
7452,-1.8229,3.3071999999999999
7453,-3.4163999999999999,3.3035000000000001
7454,-6.6158000000000001,3.2978999999999998
7455,-15.097899999999999,3.2831000000000001
7456,-17.305299999999999,3.2755999999999998
7457,-20.213200000000001,3.2682000000000002
7458,-9.8957999999999995,3.2831000000000001
7459,-5.4625000000000004,3.2905000000000002
7460,-13.851599999999999,3.2774999999999999
7461,-19.8536,3.2663000000000002
7462,-20.1326,3.2645
7463,-13.1076,3.2738
7464,-5.1835000000000004,3.2867999999999999
7465,-3.9805999999999999,3.2905000000000002
7466,-4.0115999999999996,3.2905000000000002
7467,-6.2686000000000002,3.2867999999999999
7468,-11.8179,3.2774999999999999
7469,-9.1331000000000007,3.2812000000000001
7470,-12.568199999999999,3.2755999999999998
7471,-11.7745,3.2755999999999998
7472,-10.1004,3.2793000000000001
7473,-2.3127,3.2905000000000002
7474,-2.2631000000000001,3.2924000000000002
7475,-6.0514999999999999,3.2867999999999999
7476,-8.9408999999999992,3.2812000000000001
7477,-9.0959000000000003,3.2812000000000001
7478,-6.4236000000000004,3.2848999999999999
7479,-9.3438999999999997,3.2812000000000001
7480,-6.2561999999999998,3.2848999999999999
7481,-7.7442000000000002,3.2831000000000001
7482,-5.6299000000000001,3.2867999999999999
7483,-4.1045999999999996,3.2886000000000002
7484,-4.1045999999999996,3.2905000000000002
7485,-2.4986999999999999,3.2924000000000002
7486,-2.5049000000000001,3.2961
7487,-4.0178000000000003,3.2905000000000002
7488,0.16739999999999999,3.2997999999999998
7489,-2.5792999999999999,3.2961
7490,0.73160000000000003,3.3016999999999999
7491,1.2896000000000001,3.3035000000000001
7492,3.8069999999999999,3.3090999999999999
7493,4.7743000000000002,3.3128000000000002
7494,10.094200000000001,3.3220999999999998
7495,6.4546000000000001,3.3184
7496,10.8568,3.3258000000000001
7497,4.9292999999999996,3.3184
7498,6.4050000000000002,3.3203
7499,7.6201999999999996,3.3239999999999998
7500,0,3.3109999999999999
7501,0,3.3109999999999999
7502,0,3.3109999999999999
7503,0,3.3109999999999999
7504,0,3.3109999999999999
7505,0,3.3109999999999999
7506,0,3.3109999999999999
7507,0,3.3109999999999999
7508,0,3.3109999999999999
7509,0,3.3109999999999999
7510,0,3.3109999999999999
7511,0,3.3109999999999999
7512,0,3.3109999999999999
7513,0,3.3109999999999999
7514,0,3.3109999999999999
7515,0,3.3109999999999999
7516,0,3.3109999999999999
7517,0,3.3109999999999999
7518,0,3.3109999999999999
7519,-6.7708000000000004,3.2997999999999998
7520,-10.652200000000001,3.2905000000000002
7521,-16.139600000000002,3.2793000000000001
7522,-22.302800000000001,3.2682000000000002
7523,-26.500399999999999,3.2570000000000001
7524,-31.367799999999999,3.2458999999999998
7525,-27.374700000000001,3.2496
7526,-24.218699999999998,3.2532999999999999
7527,-9.3500999999999994,3.2755999999999998
7528,1.2462,3.2961
7529,1.2462,3.2978999999999998
7530,12.338699999999999,3.3184
7531,13.448600000000001,3.3239999999999998
7532,10.8568,3.3220999999999998
7533,7.1676000000000002,3.3184
7534,0,3.3071999999999999
7535,0,3.3071999999999999
7536,0,3.3071999999999999
7537,0,3.3071999999999999
7538,0,3.3071999999999999
7539,0,3.3071999999999999
7540,0,3.3071999999999999
7541,0,3.3090999999999999
7542,0,3.3090999999999999
7543,0,3.3090999999999999
7544,0,3.3090999999999999
7545,0,3.3090999999999999
7546,0,3.3090999999999999
7547,-0.78739999999999999,3.3071999999999999
7548,-4.3464,3.3016999999999999
7549,-6.6219999999999999,3.2978999999999998
7550,-9.7469999999999999,3.2905000000000002
7551,-18.136099999999999,3.2738
7552,-15.190899999999999,3.2774999999999999
7553,-8.1783000000000001,3.2867999999999999
7554,-2.5792999999999999,3.2978999999999998
7555,0.48359999999999997,3.3035000000000001
7556,-3.3357999999999999,3.2997999999999998
7557,-3.9371999999999998,3.2978999999999998
7558,-1.5438000000000001,3.3016999999999999
7559,-8.2155000000000005,3.2886000000000002
7560,-13.392799999999999,3.2793000000000001
7561,-14.694900000000001,3.2755999999999998
7562,-16.331800000000001,3.2719
7563,-13.182,3.2755999999999998
7564,-15.5319,3.2719
7565,-7.9861000000000004,3.2831000000000001
7566,-6.3120000000000003,3.2867999999999999
7567,-2.7839,3.2924000000000002
7568,0.29759999999999998,3.2997999999999998
7569,0.28520000000000001,3.2997999999999998
7570,-6.4546000000000001,3.2886000000000002
7571,-6.3120000000000003,3.2886000000000002
7572,-5.1401000000000003,3.2905000000000002
7573,-1.6245000000000001,3.2978999999999998
7574,-0.38440000000000002,3.2997999999999998
7575,-0.38440000000000002,3.3016999999999999
7576,-2.8334999999999999,3.2978999999999998
7577,-1.6245000000000001,3.2997999999999998
7578,5.4625000000000004,3.3128000000000002
7579,1.6493,3.3071999999999999
7580,0.3286,3.3054000000000001
7581,-6.9009999999999998,3.2924000000000002
7582,-4.7432999999999996,3.2961
7583,-4.7866999999999997,3.2961
7584,1.1718,3.3054000000000001
7585,8.3457000000000008,3.3184
7586,7.0435999999999996,3.3184
7587,7.2667999999999999,3.3203
7588,0,3.3090999999999999
7589,0,3.3090999999999999
7590,0,3.3090999999999999
7591,0,3.3090999999999999
7592,0,3.3090999999999999
7593,0,3.3090999999999999
7594,0,3.3090999999999999
7595,0,3.3090999999999999
7596,0,3.3109999999999999
7597,0,3.3090999999999999
7598,0,3.3109999999999999
7599,0,3.3109999999999999
7600,0,3.3090999999999999
7601,0,3.3109999999999999
7602,-3.3420000000000001,3.3054000000000001
7603,-0.496,3.3090999999999999
7604,-0.496,3.3090999999999999
7605,-0.496,3.3090999999999999
7606,-0.496,3.3090999999999999
7607,-2.2631000000000001,3.3071999999999999
7608,-4.7309000000000001,3.3016999999999999
7609,-3.5838000000000001,3.3035000000000001
7610,-3.5838000000000001,3.3035000000000001
7611,-4.5385999999999997,3.3016999999999999
7612,-9.5052000000000003,3.2905000000000002
7613,-11.5389,3.2867999999999999
7614,-4.1790000000000003,3.2978999999999998
7615,0,3.3054000000000001
7616,0,3.3071999999999999
7617,0,3.3071999999999999
7618,-6.6096000000000004,3.2961
7619,-13.864000000000001,3.2831000000000001
7620,-22.0548,3.2663000000000002
7621,-26.8415,3.2570000000000001
7622,-25.248000000000001,3.2551999999999999
7623,-17.534700000000001,3.2663000000000002
7624,-11.049099999999999,3.2755999999999998
7625,-7.5768000000000004,3.2812000000000001
7626,-12.1403,3.2738
7627,-10.652200000000001,3.2774999999999999
7628,-9.6663999999999994,3.2774999999999999
7629,-8.5379000000000005,3.2793000000000001
7630,-3.6581999999999999,3.2886000000000002
7631,1.2896000000000001,3.2997999999999998
7632,1.2524,3.2997999999999998
7633,-3.4660000000000002,3.2924000000000002
7634,-3.4722,3.2924000000000002
7635,-3.4598,3.2924000000000002
7636,-3.4660000000000002,3.2924000000000002
7637,-3.4660000000000002,3.2924000000000002
7638,-9.6105999999999998,3.2831000000000001
7639,-5.0656999999999996,3.2886000000000002
7640,-8.5379000000000005,3.2848999999999999
7641,-5.9337,3.2867999999999999
7642,-7.4156000000000004,3.2848999999999999
7643,-8.9533000000000005,3.2831000000000001
7644,-6.2561999999999998,3.2867999999999999
7645,-5.5058999999999996,3.2886000000000002
7646,-7.7690000000000001,3.2848999999999999
7647,-6.4669999999999996,3.2867999999999999
7648,-13.895,3.2738
7649,-28.4908,3.2496
7650,8.9346999999999994,3.3090999999999999
7651,-27.331299999999999,3.2513999999999998
7652,-6.2624000000000004,3.2812000000000001
7653,-2.9823,3.2886000000000002
7654,5.1276999999999999,3.3035000000000001
7655,19.078600000000002,3.3296000000000001
7656,17.7331,3.3313999999999999
7657,15.097899999999999,3.3313999999999999
7658,11.972899999999999,3.3277000000000001
7659,8.6928999999999998,3.3239999999999998
7660,0,3.3109999999999999
7661,0,3.3090999999999999
7662,0,3.3090999999999999
7663,0,3.3090999999999999
7664,0,3.3090999999999999
7665,0,3.3090999999999999
7666,0,3.3090999999999999
7667,0,3.3090999999999999
7668,0,3.3090999999999999
7669,0,3.3090999999999999
7670,0,3.3090999999999999
7671,0,3.3090999999999999
7672,0,3.3090999999999999
7673,0,3.3090999999999999
7674,0,3.3090999999999999
7675,0,3.3090999999999999
7676,0,3.3090999999999999
7677,0,3.3090999999999999
7678,0,3.3090999999999999
7679,0,3.3109999999999999
7680,0,3.3109999999999999
7681,0,3.3109999999999999
7682,0,3.3109999999999999
7683,0,3.3109999999999999
7684,0,3.3109999999999999
7685,0,3.3109999999999999
7686,0,3.3109999999999999
7687,0,3.3109999999999999
7688,-4.8982999999999999,3.3016999999999999
7689,-10.6274,3.2905000000000002
7690,-17.795100000000001,3.2774999999999999
7691,-18.6631,3.2738
7692,-16.5426,3.2738
7693,-15.0297,3.2755999999999998
7694,-9.5361999999999991,3.2831000000000001
7695,-26.085000000000001,3.2570000000000001
7696,-7.0621999999999998,3.2831000000000001
7697,-14.1059,3.2738
7698,-11.1173,3.2774999999999999
7699,-2.8273000000000001,3.2905000000000002
7700,-20.752700000000001,3.2625999999999999
7701,1.2462,3.2978999999999998
7702,0.84319999999999995,3.2997999999999998
7703,0.77500000000000002,3.3016999999999999
7704,1.2462,3.3035000000000001
7705,1.6927000000000001,3.3054000000000001
7706,1.2524,3.3054000000000001
7707,0.73160000000000003,3.3054000000000001
7708,4.1356000000000002,3.3109999999999999
7709,3.4474,3.3109999999999999
7710,3.0876999999999999,3.3109999999999999
7711,2.8831000000000002,3.3109999999999999
7712,4.3339999999999996,3.3147000000000002
7713,7.5396000000000001,3.3203
7714,0,3.3090999999999999
7715,0,3.3090999999999999
7716,0,3.3090999999999999
7717,0,3.3090999999999999
7718,0,3.3090999999999999
7719,0,3.3090999999999999
7720,0,3.3090999999999999
7721,0,3.3090999999999999
7722,0,3.3090999999999999
7723,0,3.3090999999999999
7724,0,3.3090999999999999
7725,0,3.3109999999999999
7726,0,3.3109999999999999
7727,0,3.3109999999999999
7728,0,3.3109999999999999
7729,0,3.3109999999999999
7730,0,3.3109999999999999
7731,0,3.3109999999999999
7732,0,3.3109999999999999
7733,0,3.3109999999999999
7734,0,3.3109999999999999
7735,0,3.3109999999999999
7736,0,3.3109999999999999
7737,0,3.3109999999999999
7738,0,3.3109999999999999
7739,0,3.3109999999999999
7740,0,3.3109999999999999
7741,0,3.3109999999999999
7742,0,3.3109999999999999
7743,0,3.3109999999999999
7744,0,3.3109999999999999
7745,-9.6229999999999993,3.2961
7746,-9.4618000000000002,3.2924000000000002
7747,-15.339700000000001,3.2812000000000001
7748,-18.694099999999999,3.2738
7749,-21.1371,3.2663000000000002
7750,-23.3568,3.2606999999999999
7751,-6.3368000000000002,3.2867999999999999
7752,-9.2942999999999998,3.2831000000000001
7753,-27.814900000000002,3.2532999999999999
7754,-13.132400000000001,3.2738
7755,-10.6274,3.2774999999999999
7756,-4.5758000000000001,3.2867999999999999
7757,0.84940000000000004,3.2997999999999998
7758,1.7361,3.3016999999999999
7759,1.7299,3.3035000000000001
7760,1.2524,3.3035000000000001
7761,1.6493,3.3054000000000001
7762,11.458299999999999,3.3220999999999998
7763,7.1799999999999997,3.3184
7764,-1.8167,3.3054000000000001
7765,-4.5758000000000001,3.2997999999999998
7766,-4.7061000000000002,3.2978999999999998
7767,-6.0639000000000003,3.2961
7768,-12.022500000000001,3.2831000000000001
7769,-20.1388,3.2682000000000002
7770,-22.290400000000002,3.2625999999999999
7771,-20.535699999999999,3.2625999999999999
7772,-5.3818999999999999,3.2848999999999999
7773,-0.54559999999999997,3.2961
7774,-1.9035,3.2961
7775,5.7352999999999996,3.3090999999999999
7776,10.689399999999999,3.3203
7777,7.3411999999999997,3.3165
7778,4.1356000000000002,3.3128000000000002
7779,-1.9407000000000001,3.3035000000000001
7780,-17.7393,3.2755999999999998
7781,-21.825299999999999,3.2645
7782,-20.839500000000001,3.2645
7783,-21.0565,3.2606999999999999
7784,-15.2529,3.27
7785,-8.5813000000000006,3.2793000000000001
7786,-7.3722000000000003,3.2812000000000001
7787,-5.3013000000000003,3.2867999999999999
7788,0.73160000000000003,3.2978999999999998
7789,-2.2197,3.2924000000000002
7790,-5.9337,3.2867999999999999
7791,-5.2579000000000002,3.2886000000000002
7792,-2.2631000000000001,3.2924000000000002
7793,-2.2197,3.2961
7794,-3.7511999999999999,3.2924000000000002
7795,-10.131399999999999,3.2812000000000001
7796,-10.336,3.2793000000000001
7797,-5.5058999999999996,3.2867999999999999
7798,0.21079999999999999,3.2997999999999998
7799,1.2958000000000001,3.3016999999999999
7800,-5.3013000000000003,3.2905000000000002
7801,-8.9408999999999992,3.2831000000000001
7802,-11.9915,3.2774999999999999
7803,-4.0983999999999998,3.2905000000000002
7804,0.16739999999999999,3.2997999999999998
7805,-9.2508999999999997,3.2831000000000001
7806,-11.656700000000001,3.2774999999999999
7807,-14.217499999999999,3.2738
7808,-18.632100000000001,3.2645
7809,-13.901199999999999,3.27
7810,-11.8551,3.2738
7811,-8.9780999999999995,3.2774999999999999
7812,-9.1082999999999998,3.2774999999999999
7813,-9.2570999999999994,3.2774999999999999
7814,-5.1090999999999998,3.2848999999999999
7815,-1.6245000000000001,3.2905000000000002
7816,-3.2614000000000001,3.2886000000000002
7817,-3.2614000000000001,3.2886000000000002
7818,-6.7026000000000003,3.2848999999999999
7819,-10.832000000000001,3.2774999999999999
7820,0.72540000000000004,3.2978999999999998
7821,1.3702000000000001,3.2997999999999998
7822,0.73160000000000003,3.2997999999999998
7823,-8.8603000000000005,3.2831000000000001
7824,-12.109299999999999,3.2774999999999999
7825,-10.726599999999999,3.2774999999999999
7826,-7.7069999999999999,3.2812000000000001
7827,-6.9009999999999998,3.2831000000000001
7828,-3.4226000000000001,3.2886000000000002
7829,1.3702000000000001,3.2997999999999998
7830,2.0895000000000001,3.3016999999999999
7831,-6.5414000000000003,3.2867999999999999
7832,-8.9780999999999995,3.2831000000000001
7833,-12.307700000000001,3.2755999999999998
7834,-12.574400000000001,3.2738
7835,-13.814399999999999,3.2719
7836,-11.4955,3.2738
7837,-8.2898999999999994,3.2793000000000001
7838,-1.9035,3.2905000000000002
7839,1.3702000000000001,3.2978999999999998
7840,21.372699999999998,3.3332999999999999
7841,19.5684,3.3351000000000002
7842,18.334499999999998,3.3370000000000002
7843,15.562900000000001,3.3351000000000002
7844,12.4131,3.3313999999999999
7845,9.1393000000000004,3.3277000000000001
7846,0,3.3128000000000002
7847,0,3.3109999999999999
7848,0,3.3109999999999999
7849,0,3.3109999999999999
7850,0,3.3109999999999999
7851,0,3.3109999999999999
7852,0,3.3109999999999999
7853,0,3.3109999999999999
7854,0,3.3090999999999999
7855,0,3.3090999999999999
7856,0,3.3109999999999999
7857,0,3.3109999999999999
7858,0,3.3109999999999999
7859,0,3.3109999999999999
7860,0,3.3109999999999999
7861,0,3.3109999999999999
7862,0,3.3109999999999999
7863,0,3.3109999999999999
7864,0,3.3109999999999999
7865,0,3.3109999999999999
7866,0,3.3109999999999999
7867,0,3.3109999999999999
7868,0,3.3109999999999999
7869,0,3.3109999999999999
7870,0,3.3109999999999999
7871,0,3.3109999999999999
7872,0,3.3109999999999999
7873,0,3.3109999999999999
7874,0,3.3109999999999999
7875,0,3.3109999999999999
7876,0,3.3109999999999999
7877,0,3.3109999999999999
7878,0,3.3109999999999999
7879,0,3.3109999999999999
7880,0,3.3109999999999999
7881,0,3.3109999999999999
7882,0,3.3109999999999999
7883,0,3.3109999999999999
7884,0,3.3109999999999999
7885,0,3.3109999999999999
7886,0,3.3128000000000002
7887,0,3.3109999999999999
7888,-10.503399999999999,3.2924000000000002
7889,-14.459300000000001,3.2831000000000001
7890,-18.340699999999998,3.2755999999999998
7891,-22.805,3.2663000000000002
7892,-28.620999999999999,3.2532999999999999
7893,-33.444899999999997,3.2403
7894,-29.241,3.2440000000000002
7895,-28.199400000000001,3.2421000000000002
7896,-22.34,3.2532999999999999
7897,-12.1713,3.2682000000000002
7898,2.6970999999999998,3.2924000000000002
7899,1.8601000000000001,3.2961
7900,0.72540000000000004,3.2961
7901,-7.4218000000000002,3.2831000000000001
7902,-6.1383000000000001,3.2848999999999999
7903,-6.2188999999999997,3.2848999999999999
7904,-9.1082999999999998,3.2793000000000001
7905,-21.490500000000001,3.2589000000000001
7906,2.7715000000000001,3.2978999999999998
7907,14.050000000000001,3.3203
7908,6.1010999999999997,3.3109999999999999
7909,16.133400000000002,3.3296000000000001
7910,6.9630000000000001,3.3165
7911,1.054,3.3071999999999999
7912,-10.2182,3.2867999999999999
7913,-6.7708000000000004,3.2905000000000002
7914,-15.649800000000001,3.2755999999999998
7915,-26.779499999999999,3.2551999999999999
7916,-30.846900000000002,3.2421000000000002
7917,-39.949100000000001,3.2254
7918,-39.967700000000001,3.2216999999999998
7919,-39.955300000000001,3.218
7920,-39.955300000000001,3.2141999999999999
7921,-25.279,3.2366000000000001
7922,-39.967700000000001,3.2124000000000001
7923,-30.121500000000001,3.2254
7924,-39.967700000000001,3.2086999999999999
7925,-38.274999999999999,3.2105000000000001
7926,-39.961500000000001,3.2048999999999999
7927,-29.166599999999999,3.2198000000000002
7928,-27.455300000000001,3.2235
7929,-25.886600000000001,3.2254
7930,-10.491,3.2513999999999998
7931,-6.4173999999999998,3.2589000000000001
7932,-8.7424999999999997,3.2589000000000001
7933,-6.2561999999999998,3.2625999999999999
7934,-10.2554,3.2570000000000001
7935,-10.2554,3.2589000000000001
7936,-10.2554,3.2589000000000001
7937,-10.2554,3.2589000000000001
7938,-14.818899999999999,3.2532999999999999
7939,-14.8933,3.2513999999999998
7940,-21.812899999999999,3.2383999999999999
7941,-24.503900000000002,3.2347000000000001
7942,-24.968900000000001,3.2328000000000001
7943,-20.740300000000001,3.2366000000000001
7944,-23.456099999999999,3.2328000000000001
7945,-26.2834,3.2273000000000001
7946,-21.905999999999999,3.2347000000000001
7947,-24.677499999999998,3.2290999999999999
7948,-30.133900000000001,3.2198000000000002
7949,-39.9739,3.2031000000000001
7950,-39.552300000000002,3.2012
7951,-27.728100000000001,3.218
7952,-22.817399999999999,3.2254
7953,-17.540900000000001,3.2347000000000001
7954,-12.382099999999999,3.2440000000000002
7955,-7.4652000000000003,3.2551999999999999
7956,-14.694900000000001,3.2440000000000002
7957,-19.928000000000001,3.2347000000000001
7958,-23.003399999999999,3.2290999999999999
7959,-25.9238,3.2254
7960,-20.696899999999999,3.2328000000000001
7961,-26.494199999999999,3.2235
7962,-21.1371,3.2309999999999999
7963,-24.330300000000001,3.2254
7964,-18.843,3.2328000000000001
7965,-16.207799999999999,3.2383999999999999
7966,-11.421099999999999,3.2458999999999998
7967,-16.102399999999999,3.2403
7968,-16.09,3.2403
7969,-16.102399999999999,3.2403
7970,-16.0962,3.2403
7971,-16.09,3.2403
7972,-13.3866,3.2458999999999998
7973,-8.3704999999999998,3.2551999999999999
7974,-8.2093000000000007,3.2570000000000001
7975,1.5251999999999999,3.2738
7976,-2.1453000000000002,3.27
7977,-4.6192000000000002,3.2663000000000002
7978,-9.7469999999999999,3.2589000000000001
7979,-6.9753999999999996,3.2645
7980,-11.5761,3.2570000000000001
7981,-22.023800000000001,3.2383999999999999
7982,-16.846399999999999,3.2458999999999998
7983,-16.896000000000001,3.2440000000000002
7984,-14.322900000000001,3.2496
7985,-7.0125999999999999,3.2625999999999999
7986,-4.1790000000000003,3.2682000000000002
7987,-4.1417999999999999,3.2682000000000002
7988,-3.9371999999999998,3.27
7989,-1.0602,3.2755999999999998
7990,-20.740300000000001,3.2440000000000002
7991,-3.6272000000000002,3.27
7992,-10.6646,3.2606999999999999
7993,-8.7052999999999994,3.2645
7994,-8.5441000000000003,3.2645
7995,-15.3459,3.2532999999999999
7996,-11.104900000000001,3.2606999999999999
7997,-39.955300000000001,3.2124000000000001
7998,2.0895000000000001,3.2774999999999999
7999,-39.955300000000001,3.2105000000000001
8000,-13.9384,3.2496
8001,-27.176300000000001,3.2273000000000001
8002,-39.9739,3.2067999999999999
8003,-28.4908,3.2216999999999998
8004,-20.572900000000001,3.2328000000000001
8005,-26.413599999999999,3.2235
8006,-15.736599999999999,3.2403
8007,-10.9002,3.2496
8008,0,3.2682000000000002
8009,1.6927000000000001,3.2738
8010,4.7370999999999999,3.2812000000000001
8011,7.9302999999999999,3.2886000000000002
8012,6.6158000000000001,3.2886000000000002
8013,-12.8596,3.2606999999999999
8014,-12.8596,3.2589000000000001
8015,-3.218,3.2738
8016,6.6840000000000002,3.2905000000000002
8017,-10.2554,3.2645
8018,-14.279500000000001,3.2589000000000001
8019,-10.2554,3.2645
8020,-2.5792999999999999,3.2755999999999998
8021,-9.9329999999999998,3.2645
8022,-11.6257,3.2625999999999999
8023,-11.6319,3.2606999999999999
8024,-2.3374999999999999,3.2755999999999998
8025,0,3.2812000000000001
8026,0.17979999999999999,3.2831000000000001
8027,5.1772999999999998,3.2924000000000002
8028,8.0046999999999997,3.2997999999999998
8029,7.9798999999999998,3.3016999999999999
8030,9.1393000000000004,3.3054000000000001
8031,9.0525000000000002,3.3071999999999999
8032,7.8125,3.3071999999999999
8033,8.8541000000000007,3.3109999999999999
8034,15.2219,3.3220999999999998
8035,11.650499999999999,3.3184
8036,14.2051,3.3239999999999998
8037,10.001200000000001,3.3184
8038,8.5688999999999993,3.3165
8039,5.6237000000000004,3.3128000000000002
8040,4.6875,3.3109999999999999
8041,-3.3420000000000001,3.2978999999999998
8042,1.3764000000000001,3.3054000000000001
8043,5.2950999999999997,3.3109999999999999
8044,8.9718999999999998,3.3184
8045,15.7738,3.3313999999999999
8046,17.850899999999999,3.3370000000000002
8047,5.9398999999999997,3.3184
8048,3.7698,3.3147000000000002
8049,1.6121000000000001,3.3109999999999999
8050,5.2516999999999996,3.3165
8051,4.7743000000000002,3.3165
8052,8.5441000000000003,3.3220999999999998
8053,3.8193999999999999,3.3165
8054,0,3.3090999999999999
8055,0,3.3090999999999999
8056,0,3.3071999999999999
8057,0,3.3071999999999999
8058,0,3.3071999999999999
8059,0,3.3071999999999999
8060,0,3.3071999999999999
8061,0,3.3071999999999999
8062,0,3.3071999999999999
8063,0,3.3071999999999999
8064,0,3.3071999999999999
8065,0,3.3071999999999999
8066,0,3.3071999999999999
8067,0,3.3071999999999999
8068,0,3.3071999999999999
8069,0,3.3071999999999999
8070,0,3.3071999999999999
8071,-3.3357999999999999,3.3016999999999999
8072,-10.6274,3.2867999999999999
8073,-16.678999999999998,3.2755999999999998
8074,-20.213200000000001,3.2663000000000002
8075,-24.584499999999998,3.2570000000000001
8076,-28.2056,3.2496
8077,-27.814900000000002,3.2440000000000002
8078,-30.760100000000001,3.2383999999999999
8079,-16.902200000000001,3.2589000000000001
8080,-21.738499999999998,3.2513999999999998
8081,-20.982099999999999,3.2513999999999998
8082,-23.642099999999999,3.2440000000000002
8083,-31.454599999999999,3.2309999999999999
8084,-16.220199999999998,3.2551999999999999
8085,-16.771999999999998,3.2532999999999999
8086,-13.1076,3.2589000000000001
8087,-15.978400000000001,3.2551999999999999
8088,-17.615300000000001,3.2532999999999999
8089,-19.822600000000001,3.2496
8090,-7.9302999999999999,3.2663000000000002
8091,-10.782400000000001,3.2645
8092,-4.3029999999999999,3.2738
8093,-0.496,3.2812000000000001
8094,-8.9780999999999995,3.27
8095,-18.898800000000001,3.2532999999999999
8096,-14.825100000000001,3.2589000000000001
8097,-6.5785999999999998,3.2719
8098,-6.5848000000000004,3.2719
8099,-6.5724,3.2738
8100,-6.5785999999999998,3.2738
8101,-6.5785999999999998,3.2738
8102,-7.7751999999999999,3.2719
8103,-11.464499999999999,3.2663000000000002
8104,-7.9302999999999999,3.2719
8105,-4.7805,3.2774999999999999
8106,0.48980000000000001,3.2867999999999999
8107,5.1711,3.2978999999999998
8108,6.0514999999999999,3.2997999999999998
8109,2.2507000000000001,3.2961
8110,15.2529,3.3184
8111,16.604600000000001,3.3239999999999998
8112,20.1264,3.3332999999999999
8113,14.694900000000001,3.3277000000000001
8114,13.6098,3.3277000000000001
8115,12.289099999999999,3.3258000000000001
8116,10.6088,3.3239999999999998
8117,6.2188999999999997,3.3184
8118,0,3.3071999999999999
8119,0,3.3071999999999999
8120,0,3.3071999999999999
8121,0,3.3054000000000001
8122,0,3.3054000000000001
8123,0,3.3054000000000001
8124,0,3.3054000000000001
8125,0,3.3054000000000001
8126,0,3.3054000000000001
8127,-8.3394999999999992,3.2905000000000002
8128,-10.652200000000001,3.2848999999999999
8129,-17.057200000000002,3.2719
8130,-23.214200000000002,3.2606999999999999
8131,-27.374700000000001,3.2513999999999998
8132,-32.192399999999999,3.2383999999999999
8133,-39.967700000000001,3.2235
8134,-35.608800000000002,3.2254
8135,-11.7683,3.2625999999999999
8136,-28.366800000000001,3.2347000000000001
8137,-24.5473,3.2403
8138,-18.650700000000001,3.2496
8139,-6.6158000000000001,3.27
8140,-3.1869999999999998,3.2755999999999998
8141,0,3.2831000000000001
8142,0.72540000000000004,3.2867999999999999
8143,1.3702000000000001,3.2886000000000002
8144,3.7326000000000001,3.2961
8145,17.695900000000002,3.3203
8146,18.092700000000001,3.3258000000000001
8147,15.327299999999999,3.3239999999999998
8148,12.1713,3.3220999999999998
8149,8.9284999999999997,3.3184
8150,0,3.3035000000000001
8151,0,3.3035000000000001
8152,0,3.3035000000000001
8153,0,3.3016999999999999
8154,0,3.3035000000000001
8155,0,3.3035000000000001
8156,0,3.3035000000000001
8157,0,3.3035000000000001
8158,0,3.3035000000000001
8159,0,3.3035000000000001
8160,0,3.3035000000000001
8161,0,3.3035000000000001
8162,0,3.3035000000000001
8163,0,3.3035000000000001
8164,0,3.3035000000000001
8165,0,3.3035000000000001
8166,0,3.3054000000000001
8167,0,3.3054000000000001
8168,0,3.3054000000000001
8169,0,3.3054000000000001
8170,0,3.3054000000000001
8171,0,3.3054000000000001
8172,-10.497199999999999,3.2867999999999999
8173,-14.459300000000001,3.2774999999999999
8174,-18.334499999999998,3.27
8175,-22.817399999999999,3.2606999999999999
8176,-28.614799999999999,3.2458999999999998
8177,-33.457299999999996,3.2366000000000001
8178,-39.961500000000001,3.2216999999999998
8179,-39.961500000000001,3.218
8180,-22.0548,3.2421000000000002
8181,-21.812899999999999,3.2440000000000002
8182,-39.961500000000001,3.2141999999999999
8183,-28.404,3.2290999999999999
8184,-14.453099999999999,3.2513999999999998
8185,-24.838699999999999,3.2347000000000001
8186,-10.8506,3.2570000000000001
8187,-14.5709,3.2532999999999999
8188,-14.8499,3.2532999999999999
8189,-4.6192000000000002,3.27
8190,-7.7690000000000001,3.2663000000000002
8191,-7.8186999999999998,3.2663000000000002
8192,-2.6970999999999998,3.2755999999999998
8193,-0.70679999999999998,3.2812000000000001
8194,-11.2661,3.2645
8195,-6.5785999999999998,3.2719
8196,0.53320000000000001,3.2831000000000001
8197,-4.4951999999999996,3.2774999999999999
8198,-4.4207999999999998,3.2774999999999999
8199,-2.4986999999999999,3.2812000000000001
8200,-6.3120000000000003,3.2755999999999998
8201,-6.3120000000000003,3.2755999999999998
8202,-6.2995999999999999,3.2755999999999998
8203,-6.3120000000000003,3.2755999999999998
8204,-6.2995999999999999,3.2774999999999999
8205,-2.4552999999999998,3.2831000000000001
8206,-8.1534999999999993,3.2738
8207,-8.1783000000000001,3.2738
8208,-11.055300000000001,3.27
8209,-0.5766,3.2848999999999999
8210,-2.4552999999999998,3.2831000000000001
8211,-6.2126999999999999,3.2793000000000001
8212,-6.2188999999999997,3.2793000000000001
8213,-2.4304999999999999,3.2848999999999999
8214,-2.3374999999999999,3.2848999999999999
8215,-4.1790000000000003,3.2831000000000001
8216,6.0143000000000004,3.3016999999999999
8217,10.2058,3.3109999999999999
8218,13.132400000000001,3.3184
8219,13.8454,3.3220999999999998
8220,14.8561,3.3258000000000001
8221,15.965999999999999,3.3296000000000001
8222,13.2936,3.3277000000000001
8223,13.299799999999999,3.3296000000000001
8224,10.689399999999999,3.3258000000000001
8225,6.8018000000000001,3.3203
8226,0,3.3090999999999999
8227,0,3.3090999999999999
8228,0,3.3071999999999999
8229,0,3.3071999999999999
8230,0,3.3071999999999999
8231,0,3.3071999999999999
8232,0,3.3071999999999999
8233,0,3.3071999999999999
8234,0,3.3071999999999999
8235,-3.9868000000000001,3.2997999999999998
8236,-7.5396000000000001,3.2924000000000002
8237,-6.6715999999999998,3.2924000000000002
8238,-3.6334,3.2978999999999998
8239,-11.421099999999999,3.2831000000000001
8240,-7.1055999999999999,3.2886000000000002
8241,-6.6158000000000001,3.2886000000000002
8242,-10.2988,3.2831000000000001
8243,-15.8544,3.2719
8244,-17.4603,3.2682000000000002
8245,-16.338000000000001,3.2682000000000002
8246,-13.9322,3.27
8247,-13.498200000000001,3.27
8248,-12.022500000000001,3.2719
8249,-13.337,3.27
8250,-14.459300000000001,3.2682000000000002
8251,-12.568199999999999,3.27
8252,-11.7745,3.27
8253,-8.7052999999999994,3.2755999999999998
8254,-5.3013000000000003,3.2812000000000001
8255,-3.8193999999999999,3.2848999999999999
8256,-3.8256000000000001,3.2848999999999999
8257,-3.8256000000000001,3.2848999999999999
8258,-3.8193999999999999,3.2848999999999999
8259,-3.8256000000000001,3.2867999999999999
8260,-11.7745,3.2738
8261,-6.343,3.2812000000000001
8262,-6.4173999999999998,3.2812000000000001
8263,0.73160000000000003,3.2961
8264,0.73160000000000003,3.2961
8265,-0.78120000000000001,3.2924000000000002
8266,-3.8193999999999999,3.2886000000000002
8267,-3.8256000000000001,3.2886000000000002
8268,1.8105,3.2997999999999998
8269,6.2251000000000003,3.3090999999999999
8270,16.505400000000002,3.3277000000000001
8271,13.299799999999999,3.3258000000000001
8272,10.677,3.3220999999999998
8273,0,3.3054000000000001
8274,0,3.3054000000000001
8275,0,3.3054000000000001
8276,0,3.3054000000000001
8277,0,3.3054000000000001
8278,0,3.3054000000000001
8279,0,3.3054000000000001
8280,0,3.3054000000000001
8281,0,3.3054000000000001
8282,0,3.3054000000000001
8283,0,3.3054000000000001
8284,0,3.3054000000000001
8285,0,3.3054000000000001
8286,0,3.3054000000000001
8287,0,3.3054000000000001
8288,0,3.3054000000000001
8289,0,3.3054000000000001
8290,0,3.3071999999999999
8291,0,3.3054000000000001
8292,0,3.3071999999999999
8293,-10.491,3.2867999999999999
8294,-14.459300000000001,3.2793000000000001
8295,-18.334499999999998,3.27
8296,-22.550799999999999,3.2606999999999999
8297,-13.2936,3.2738
8298,-13.0518,3.2738
8299,-11.011900000000001,3.2755999999999998
8300,-2.1391,3.2905000000000002
8301,-2.1453000000000002,3.2924000000000002
8302,-6.3120000000000003,3.2848999999999999
8303,-4.1417999999999999,3.2886000000000002
8304,-2.1391,3.2924000000000002
8305,-0.1426,3.2978999999999998
8306,1.054,3.3016999999999999
8307,-1.1408,3.2978999999999998
8308,0.29759999999999998,3.3016999999999999
8309,-6.2624000000000004,3.2886000000000002
8310,-3.218,3.2961
8311,-1.1408,3.2978999999999998
8312,0.60760000000000003,3.3016999999999999
8313,-1.1035999999999999,3.2997999999999998
8314,-2.0585,3.2978999999999998
8315,-3.0629,3.2978999999999998
8316,-6.25,3.2905000000000002
8317,-7.2606000000000002,3.2867999999999999
8318,-10.460000000000001,3.2812000000000001
8319,-8.9533000000000005,3.2831000000000001
8320,-12.5496,3.2755999999999998
8321,-10.9747,3.2774999999999999
8322,-3.9371999999999998,3.2886000000000002
8323,-3.9868000000000001,3.2886000000000002
8324,-7.7380000000000004,3.2831000000000001
8325,-7.5396000000000001,3.2831000000000001
8326,-7.6574,3.2831000000000001
8327,-4.5696000000000003,3.2867999999999999
8328,-3.218,3.2905000000000002
8329,-3.218,3.2905000000000002
8330,-5.3446999999999996,3.2886000000000002
8331,-14.9739,3.2719
8332,-20.517099999999999,3.2606999999999999
8333,-15.2529,3.2663000000000002
8334,-10.825799999999999,3.2719
8335,-10.460000000000001,3.2738
8336,3.9744000000000002,3.2978999999999998
8337,17.695900000000002,3.3239999999999998
8338,16.226400000000002,3.3258000000000001
8339,13.082800000000001,3.3239999999999998
8340,9.7346000000000004,3.3203
8341,0,3.3054000000000001
8342,0,3.3054000000000001
8343,0,3.3054000000000001
8344,0,3.3054000000000001
8345,0,3.3054000000000001
8346,0,3.3054000000000001
8347,0,3.3054000000000001
8348,0,3.3054000000000001
8349,0,3.3054000000000001
8350,0,3.3054000000000001
8351,0,3.3054000000000001
8352,0,3.3054000000000001
8353,0,3.3054000000000001
8354,0,3.3054000000000001
8355,0,3.3071999999999999
8356,0,3.3054000000000001
8357,0,3.3071999999999999
8358,0,3.3054000000000001
8359,0,3.3071999999999999
8360,0,3.3071999999999999
8361,0,3.3071999999999999
8362,0,3.3071999999999999
8363,0,3.3071999999999999
8364,0,3.3071999999999999
8365,0,3.3071999999999999
8366,0,3.3071999999999999
8367,0,3.3071999999999999
8368,0,3.3071999999999999
8369,0,3.3071999999999999
8370,-6.4669999999999996,3.2978999999999998
8371,-8.1844999999999999,3.2905000000000002
8372,-17.131599999999999,3.2755999999999998
8373,-13.901199999999999,3.2774999999999999
8374,-16.412400000000002,3.2719
8375,-12.022500000000001,3.2774999999999999
8376,-11.644299999999999,3.2774999999999999
8377,-20.014800000000001,3.2625999999999999
8378,-21.620699999999999,3.2589000000000001
8379,-16.517800000000001,3.2645
8380,-15.742800000000001,3.2645
8381,-15.4513,3.2645
8382,-17.540900000000001,3.2606999999999999
8383,-13.498200000000001,3.2663000000000002
8384,-7.6201999999999996,3.2755999999999998
8385,-9.1702999999999992,3.2738
8386,-5.6733000000000002,3.2793000000000001
8387,-5.6981000000000002,3.2812000000000001
8388,-4.1356000000000002,3.2831000000000001
8389,-6.5724,3.2812000000000001
8390,-5.7229000000000001,3.2812000000000001
8391,-4.1852,3.2848999999999999
8392,1.2896000000000001,3.2961
8393,1.2896000000000001,3.2978999999999998
8394,10.1252,3.3128000000000002
8395,11.2165,3.3184
8396,13.368,3.3239999999999998
8397,7.8497000000000003,3.3165
8398,6.2561999999999998,3.3147000000000002
8399,7.6449999999999996,3.3184
8400,0,3.3071999999999999
8401,0,3.3054000000000001
8402,0,3.3054000000000001
8403,0,3.3054000000000001
8404,0,3.3054000000000001
8405,0,3.3071999999999999
8406,0,3.3054000000000001
8407,0,3.3071999999999999
8408,0,3.3054000000000001
8409,0,3.3071999999999999
8410,0,3.3054000000000001
8411,0,3.3071999999999999
8412,0,3.3071999999999999
8413,0,3.3071999999999999
8414,0,3.3071999999999999
8415,0,3.3071999999999999
8416,0,3.3071999999999999
8417,0,3.3071999999999999
8418,-4.5758000000000001,3.2997999999999998
8419,-6.2561999999999998,3.2961
8420,-3.8628,3.2997999999999998
8421,-6.9753999999999996,3.2924000000000002
8422,-14.0252,3.2793000000000001
8423,-13.6656,3.2774999999999999
8424,-15.9846,3.2738
8425,-10.2182,3.2812000000000001
8426,-16.294599999999999,3.27
8427,-5.1090999999999998,3.2867999999999999
8428,-0.099199999999999997,3.2978999999999998
8429,-2.0585,3.2961
8430,-16.864999999999998,3.27
8431,-11.8613,3.2755999999999998
8432,-11.464499999999999,3.2755999999999998
8433,-16.933199999999999,3.2663000000000002
8434,-14.0997,3.27
8435,-3.2242000000000002,3.2867999999999999
8436,0.84319999999999995,3.2961
8437,-10.2058,3.2774999999999999
8438,-10.497199999999999,3.2755999999999998
8439,-5.6237000000000004,3.2831000000000001
8440,4.0983999999999998,3.3016999999999999
8441,3.621,3.3035000000000001
8442,4.5385999999999997,3.3071999999999999
8443,11.098699999999999,3.3184
8444,10.9747,3.3220999999999998
8445,8.1721000000000004,3.3184
8446,0,3.3054000000000001
8447,0,3.3054000000000001
8448,0,3.3054000000000001
8449,0,3.3054000000000001
8450,0,3.3054000000000001
8451,0,3.3054000000000001
8452,-0.40920000000000001,3.3054000000000001
8453,-8.7052999999999994,3.2905000000000002
8454,-10.6646,3.2848999999999999
8455,-16.623200000000001,3.2738
8456,-20.380700000000001,3.2645
8457,-12.0039,3.2755999999999998
8458,-17.4603,3.2663000000000002
8459,-18.905000000000001,3.2625999999999999
8460,-17.243300000000001,3.2645
8461,-21.738499999999998,3.2551999999999999
8462,-20.932500000000001,3.2551999999999999
8463,-19.965199999999999,3.2551999999999999
8464,-16.220199999999998,3.2606999999999999
8465,-16.933199999999999,3.2589000000000001
8466,-11.8675,3.2663000000000002
8467,-10.776199999999999,3.2682000000000002
8468,-8.0976999999999997,3.2719
8469,-9.6663999999999994,3.27
8470,-8.3890999999999991,3.2738
8471,-4.4951999999999996,3.2793000000000001
8472,0,3.2886000000000002
8473,-2.7776999999999998,3.2848999999999999
8474,-1.147,3.2886000000000002
8475,1.3702000000000001,3.2924000000000002
8476,2.6103000000000001,3.2978999999999998
8477,6.7770000000000001,3.3071999999999999
8478,10.776199999999999,3.3147000000000002
8479,10.1004,3.3165
8480,11.7311,3.3220999999999998
8481,9.8523999999999994,3.3203
8482,5.2516999999999996,3.3147000000000002
8483,6.6840000000000002,3.3165
8484,0,3.3054000000000001
8485,0,3.3054000000000001
8486,0,3.3054000000000001
8487,0,3.3054000000000001
8488,-0.496,3.3035000000000001
8489,0,3.3054000000000001
8490,0,3.3054000000000001
8491,-9.6292000000000009,3.2867999999999999
8492,-10.652200000000001,3.2848999999999999
8493,-17.813700000000001,3.27
8494,-23.976900000000001,3.2570000000000001
8495,-24.1691,3.2551999999999999
8496,-16.139600000000002,3.2645
8497,-10.416600000000001,3.2738
8498,-13.058,3.27
8499,-14.2547,3.2663000000000002
8500,-15.829599999999999,3.2645
8501,-16.5488,3.2606999999999999
8502,-25.303799999999999,3.2440000000000002
8503,-23.021999999999998,3.2458999999999998
8504,-16.858799999999999,3.2570000000000001
8505,-10.9809,3.2645
8506,-8.2217000000000002,3.27
8507,-12.295299999999999,3.2645
8508,-4.5758000000000001,3.2774999999999999
8509,-4.5758000000000001,3.2774999999999999
8510,-2.8955000000000002,3.2812000000000001
8511,0,3.2867999999999999
8512,-1.1841999999999999,3.2867999999999999
8513,-4.3836000000000004,3.2831000000000001
8514,-4.3712,3.2831000000000001
8515,-2.7776999999999998,3.2848999999999999
8516,2.0461,3.2961
8517,-2.6598999999999999,3.2886000000000002
8518,-4.1790000000000003,3.2848999999999999
8519,-4.1852,3.2848999999999999
8520,-4.1790000000000003,3.2848999999999999
8521,-4.1790000000000003,3.2848999999999999
8522,-4.1852,3.2848999999999999
8523,-5.8220999999999998,3.2831000000000001
8524,-9.5361999999999991,3.2774999999999999
8525,-11.2165,3.2738
8526,-25.489799999999999,3.2496
8527,-19.363800000000001,3.2551999999999999
8528,-19.773,3.2532999999999999
8529,-20.523299999999999,3.2513999999999998
8530,-5.8220999999999998,3.2738
8531,-14.453099999999999,3.2606999999999999
8532,-12.0101,3.2645
8533,-10.497199999999999,3.2663000000000002
8534,-4.1417999999999999,3.2774999999999999
8535,-2.2197,3.2812000000000001
8536,-5.8964999999999996,3.2755999999999998
8537,-4.0178000000000003,3.2793000000000001
8538,-0.34100000000000003,3.2867999999999999
8539,1.3702000000000001,3.2905000000000002
8540,-3.9868000000000001,3.2831000000000001
8541,1.3702000000000001,3.2924000000000002
8542,1.3702000000000001,3.2924000000000002
8543,-3.6581999999999999,3.2867999999999999
8544,-0.074399999999999994,3.2924000000000002
8545,-3.5838000000000001,3.2867999999999999
8546,4.6875,3.3016999999999999
8547,2.0895000000000001,3.2997999999999998
8548,-3.1808000000000001,3.2905000000000002
8549,-4.8548999999999998,3.2867999999999999
8550,-4.8611000000000004,3.2867999999999999
8551,-4.8611000000000004,3.2867999999999999
8552,0,3.2961
8553,-3.0567000000000002,3.2886000000000002
8554,-4.7432999999999996,3.2867999999999999
8555,-1.3453999999999999,3.2924000000000002
8556,0.73160000000000003,3.2978999999999998
8557,2.6970999999999998,3.3035000000000001
8558,1.3702000000000001,3.3016999999999999
8559,2.6475,3.3035000000000001
8560,8.0170999999999992,3.3147000000000002
8561,9.6105999999999998,3.3184
8562,8.7735000000000003,3.3184
8563,6.6096000000000004,3.3165
8564,5.2579000000000002,3.3147000000000002
8565,-2.4243000000000001,3.3016999999999999
8566,-11.470700000000001,3.2848999999999999
8567,-10.9002,3.2831000000000001
8568,-7.9302999999999999,3.2867999999999999
8569,-8.9780999999999995,3.2848999999999999
8570,-10.137600000000001,3.2812000000000001
8571,-10.460000000000001,3.2793000000000001
8572,-12.7418,3.2755999999999998
8573,-15.8668,3.2682000000000002
8574,-16.567399999999999,3.2663000000000002
8575,-11.607100000000001,3.2719
8576,-3.9805999999999999,3.2848999999999999
8577,-6.2995999999999999,3.2812000000000001
8578,-6.3368000000000002,3.2831000000000001
8579,-6.4732000000000003,3.2812000000000001
8580,-11.650499999999999,3.2738
8581,-8.1783000000000001,3.2774999999999999
8582,-13.616,3.2682000000000002
8583,-6.2188999999999997,3.2793000000000001
8584,-6.2561999999999998,3.2793000000000001
8585,-6.25,3.2812000000000001
8586,-2.9823,3.2867999999999999
8587,4.4207999999999998,3.3016999999999999
8588,2.0585,3.2997999999999998
8589,1.3640000000000001,3.2978999999999998
8590,6.1444999999999999,3.3090999999999999
8591,3.2427999999999999,3.3054000000000001
8592,1.2896000000000001,3.3016999999999999
8593,-7.3474000000000004,3.2867999999999999
8594,-7.4589999999999996,3.2848999999999999
8595,-8.9842999999999993,3.2812000000000001
8596,-6.2995999999999999,3.2848999999999999
8597,-10.6708,3.2774999999999999
8598,-12.5434,3.2738
8599,-11.5451,3.2738
8600,-8.0295000000000005,3.2793000000000001
8601,-11.972899999999999,3.2719
8602,-12.338699999999999,3.27
8603,-7.1117999999999997,3.2793000000000001
8604,-2.9823,3.2848999999999999
8605,-2.9885000000000002,3.2867999999999999
8606,-2.9016999999999999,3.2867999999999999
8607,0.77500000000000002,3.2961
8608,0.77500000000000002,3.2961
8609,-2.7776999999999998,3.2905000000000002
8610,-4.3402000000000003,3.2886000000000002
8611,0.77500000000000002,3.2978999999999998
8612,0.77500000000000002,3.2997999999999998
8613,2.0213000000000001,3.3016999999999999
8614,-9.1021000000000001,3.2812000000000001
8615,-10.7018,3.2774999999999999
8616,-8.0233000000000008,3.2812000000000001
8617,-6.7026000000000003,3.2831000000000001
8618,-1.147,3.2924000000000002
8619,-6.6963999999999997,3.2831000000000001
8620,-4.3339999999999996,3.2867999999999999
8621,-4.3402000000000003,3.2867999999999999
8622,0,3.2961
8623,0.1736,3.2978999999999998
8624,1.3702000000000001,3.2997999999999998
8625,0.1736,3.2997999999999998
8626,-2.6164999999999998,3.2961
8627,-4.1852,3.2905000000000002
8628,-4.1790000000000003,3.2905000000000002
8629,-0.98580000000000001,3.2978999999999998
8630,-2.4986999999999999,3.2961
8631,-4.1417999999999999,3.2905000000000002
8632,0.1736,3.2997999999999998
8633,0.1736,3.2997999999999998
8634,-3.9371999999999998,3.2924000000000002
8635,-7.7751999999999999,3.2848999999999999
8636,-2.4552999999999998,3.2924000000000002
8637,0.2046,3.2997999999999998
8638,3.8069999999999999,3.3071999999999999
8639,4.7743000000000002,3.3090999999999999
8640,5.9337,3.3128000000000002
8641,1.7299,3.3071999999999999
8642,-2.8582999999999998,3.2997999999999998
8643,-3.931,3.2978999999999998
8644,-13.058,3.2793000000000001
8645,-12.3635,3.2774999999999999
8646,-10.9002,3.2793000000000001
8647,-5.8220999999999998,3.2867999999999999
8648,-5.8654999999999999,3.2867999999999999
8649,-10.057,3.2793000000000001
8650,-6.1010999999999997,3.2848999999999999
8651,-5.3446999999999996,3.2867999999999999
8652,-5.3695000000000004,3.2867999999999999
8653,-6.2561999999999998,3.2848999999999999
8654,0.2046,3.2978999999999998
8655,-0.78120000000000001,3.2978999999999998
8656,-3.8193999999999999,3.2905000000000002
8657,-3.8256000000000001,3.2905000000000002
8658,0.21079999999999999,3.2997999999999998
8659,-0.74399999999999999,3.2978999999999998
8660,-0.74399999999999999,3.2978999999999998
8661,-3.6272000000000002,3.2924000000000002
8662,-5.9027000000000003,3.2886000000000002
8663,-10.1004,3.2812000000000001
8664,-3.8256000000000001,3.2905000000000002
8665,0.73160000000000003,3.2997999999999998
8666,-3.7450000000000001,3.2924000000000002
8667,1.2958000000000001,3.3016999999999999
8668,-8.5503,3.2848999999999999
8669,-11.464499999999999,3.2774999999999999
8670,-10.329800000000001,3.2793000000000001
8671,1.2896000000000001,3.2997999999999998
8672,4.8982999999999999,3.3071999999999999
8673,10.6088,3.3184
8674,8.9346999999999994,3.3184
8675,13.182,3.3277000000000001
8676,10.503399999999999,3.3258000000000001
8677,7.3411999999999997,3.3203
8678,0,3.3090999999999999
8679,0,3.3071999999999999
8680,0,3.3071999999999999
8681,0,3.3071999999999999
8682,0,3.3071999999999999
8683,0,3.3071999999999999
8684,-6.4607999999999999,3.2961
8685,-9.6974,3.2886000000000002
8686,-20.535699999999999,3.2682000000000002
8687,-22.091999999999999,3.2625999999999999
8688,-26.277200000000001,3.2532999999999999
8689,-20.851900000000001,3.2589000000000001
8690,-12.4193,3.27
8691,-15.649800000000001,3.2645
8692,-13.529199999999999,3.2682000000000002
8693,-12.2209,3.27
8694,-14.4655,3.2645
8695,-21.093699999999998,3.2532999999999999
8696,-26.680299999999999,3.2403
8697,-19.184000000000001,3.2532999999999999
8698,-11.8179,3.2645
8699,-8.2960999999999991,3.27
8700,-6.0576999999999996,3.2755999999999998
8701,-4.5014000000000003,3.2774999999999999
8702,-4.4951999999999996,3.2793000000000001
8703,3.6520000000000001,3.2924000000000002
8704,-1.1097999999999999,3.2867999999999999
8705,0.1736,3.2905000000000002
8706,0.77500000000000002,3.2924000000000002
8707,0.1736,3.2924000000000002
8708,1.2958000000000001,3.2978999999999998
8709,0.1736,3.2961
8710,1.2896000000000001,3.2978999999999998
8711,5.8159000000000001,3.3071999999999999
8712,10.6212,3.3165
8713,1.2896000000000001,3.3035000000000001
8714,-2.8334999999999999,3.2961
8715,-6.2995999999999999,3.2886000000000002
8716,-10.695600000000001,3.2793000000000001
8717,-9.1331000000000007,3.2812000000000001
8718,-0.54559999999999997,3.2961
8719,-3.2551999999999999,3.2905000000000002
8720,-5.4687000000000001,3.2867999999999999
8721,0.29759999999999998,3.2978999999999998
8722,-3.2551999999999999,3.2905000000000002
8723,-3.2614000000000001,3.2924000000000002
8724,-12.4255,3.2755999999999998
8725,-9.6229999999999993,3.2793000000000001
8726,-11.2165,3.2755999999999998
8727,-6.0143000000000004,3.2831000000000001
8728,-7.4527999999999999,3.2812000000000001
8729,-8.9718999999999998,3.2774999999999999
8730,-5.5058999999999996,3.2831000000000001
8731,-2.4243000000000001,3.2886000000000002
8732,1.2896000000000001,3.2978999999999998
8733,3.7326000000000001,3.3035000000000001
8734,0.72540000000000004,3.2997999999999998
8735,1.2524,3.3016999999999999
8736,0.28520000000000001,3.2997999999999998
8737,0.73160000000000003,3.3016999999999999
8738,1.333,3.3035000000000001
8739,0.76880000000000004,3.3016999999999999
8740,4.5324,3.3090999999999999
8741,13.169600000000001,3.3258000000000001
8742,11.4521,3.3258000000000001
8743,8.2898999999999994,3.3220999999999998
8744,0,3.3071999999999999
8745,0,3.3071999999999999
8746,0,3.3071999999999999
8747,0,3.3071999999999999
8748,0,3.3071999999999999
8749,0,3.3071999999999999
8750,0,3.3071999999999999
8751,0,3.3071999999999999
8752,0,3.3071999999999999
8753,0,3.3071999999999999
8754,0,3.3071999999999999
8755,0,3.3071999999999999
8756,0,3.3071999999999999
8757,0,3.3071999999999999
8758,0,3.3071999999999999
8759,0,3.3071999999999999
8760,0,3.3071999999999999
8761,0,3.3071999999999999
8762,0,3.3071999999999999
8763,0,3.3071999999999999
8764,0,3.3071999999999999
8765,0,3.3071999999999999
8766,0,3.3071999999999999
8767,0,3.3071999999999999
8768,0,3.3071999999999999
8769,0,3.3071999999999999
8770,0,3.3071999999999999
8771,0,3.3071999999999999
8772,0,3.3071999999999999
8773,0,3.3090999999999999
8774,0,3.3090999999999999
8775,0,3.3090999999999999
8776,0,3.3090999999999999
8777,-3.9805999999999999,3.3016999999999999
8778,-9.0648999999999997,3.2905000000000002
8779,-16.021799999999999,3.2774999999999999
8780,-19.636600000000001,3.2682000000000002
8781,-24.020299999999999,3.2589000000000001
8782,-27.734300000000001,3.2496
8783,-15.333500000000001,3.2663000000000002
8784,-16.617000000000001,3.2645
8785,-20.740300000000001,3.2570000000000001
8786,-16.381399999999999,3.2625999999999999
8787,-15.1723,3.2625999999999999
8788,-13.182,3.2663000000000002
8789,-13.6904,3.2663000000000002
8790,-15.625,3.2606999999999999
8791,-7.6512000000000002,3.2738
8792,-11.470700000000001,3.2682000000000002
8793,-10.894,3.27
8794,-9.6478000000000002,3.27
8795,0,3.2867999999999999
8796,1.3702000000000001,3.2905000000000002
8797,1.3702000000000001,3.2924000000000002
8798,-4.1045999999999996,3.2848999999999999
8799,2.7715000000000001,3.2978999999999998
8800,9.8523999999999994,3.3109999999999999
8801,10.336,3.3147000000000002
8802,4.1727999999999996,3.3071999999999999
8803,3.4535999999999998,3.3071999999999999
8804,11.613300000000001,3.3203
8805,10.9747,3.3220999999999998
8806,7.4527999999999999,3.3184
8807,2.4428999999999998,3.3109999999999999
8808,0.61380000000000001,3.3071999999999999
8809,0,3.3054000000000001
8810,0,3.3054000000000001
8811,0,3.3054000000000001
8812,0,3.3054000000000001
8813,-0.5766,3.3054000000000001
8814,-2.2197,3.3016999999999999
8815,-2.2692999999999999,3.3016999999999999
8816,0,3.3054000000000001
8817,-0.5766,3.3054000000000001
8818,0,3.3054000000000001
8819,0,3.3054000000000001
8820,0,3.3054000000000001
8821,0,3.3071999999999999
8822,0,3.3054000000000001
8823,0,3.3071999999999999
8824,0,3.3071999999999999
8825,-0.41539999999999999,3.3054000000000001
8826,-1.8167,3.3035000000000001
8827,-3.4163999999999999,3.3016999999999999
8828,-6.6158000000000001,3.2924000000000002
8829,-15.0793,3.2774999999999999
8830,-17.292899999999999,3.2719
8831,-20.213200000000001,3.2645
8832,-9.9019999999999992,3.2793000000000001
8833,-5.4687000000000001,3.2867999999999999
8834,-13.857799999999999,3.2719
8835,-19.8598,3.2606999999999999
8836,-20.1326,3.2589000000000001
8837,-13.1014,3.2682000000000002
8838,-5.1772999999999998,3.2812000000000001
8839,-3.9868000000000001,3.2848999999999999
8840,-4.0178000000000003,3.2848999999999999
8841,-6.2561999999999998,3.2831000000000001
8842,-11.8179,3.2738
8843,-9.1393000000000004,3.2755999999999998
8844,-12.574400000000001,3.27
8845,-11.7745,3.2719
8846,-10.1004,3.2738
8847,-2.3127,3.2848999999999999
8848,-2.2568999999999999,3.2867999999999999
8849,-6.0639000000000003,3.2812000000000001
8850,-8.9533000000000005,3.2774999999999999
8851,-9.1021000000000001,3.2755999999999998
8852,-6.4173999999999998,3.2793000000000001
8853,-9.3376999999999999,3.2755999999999998
8854,-6.2624000000000004,3.2793000000000001
8855,-7.7504,3.2774999999999999
8856,-5.6237000000000004,3.2812000000000001
8857,-4.0983999999999998,3.2831000000000001
8858,-4.1045999999999996,3.2848999999999999
8859,-2.4986999999999999,3.2867999999999999
8860,-2.4986999999999999,3.2886000000000002
8861,-4.0178000000000003,3.2867999999999999
8862,0.1736,3.2924000000000002
8863,-2.5731000000000002,3.2886000000000002
8864,0.73160000000000003,3.2961
8865,1.2896000000000001,3.2997999999999998
8866,3.8069999999999999,3.3035000000000001
8867,4.7743000000000002,3.3071999999999999
8868,10.1004,3.3165
8869,6.4546000000000001,3.3128000000000002
8870,10.8444,3.3220999999999998
8871,4.9417,3.3147000000000002
8872,6.4112,3.3165
8873,7.6201999999999996,3.3203
8874,0,3.3071999999999999
8875,0,3.3071999999999999
8876,0,3.3071999999999999
8877,0,3.3071999999999999
8878,0,3.3054000000000001
8879,0,3.3071999999999999
8880,0,3.3071999999999999
8881,0,3.3071999999999999
8882,0,3.3054000000000001
8883,0,3.3071999999999999
8884,0,3.3071999999999999
8885,0,3.3071999999999999
8886,0,3.3071999999999999
8887,0,3.3071999999999999
8888,0,3.3071999999999999
8889,0,3.3071999999999999
8890,0,3.3071999999999999
8891,0,3.3071999999999999
8892,0,3.3071999999999999
8893,-6.7770000000000001,3.2961
8894,-10.6646,3.2867999999999999
8895,-16.145800000000001,3.2755999999999998
8896,-22.302800000000001,3.2625999999999999
8897,-26.494199999999999,3.2532999999999999
8898,-31.3492,3.2403
8899,-27.374700000000001,3.2421000000000002
8900,-24.206299999999999,3.2458999999999998
8901,-9.3438999999999997,3.27
8902,1.2524,3.2886000000000002
8903,1.2524,3.2905000000000002
8904,12.3263,3.3147000000000002
8905,13.448600000000001,3.3203
8906,10.8444,3.3184
8907,7.1676000000000002,3.3147000000000002
8908,0,3.3035000000000001
8909,0,3.3035000000000001
8910,0,3.3035000000000001
8911,0,3.3035000000000001
8912,0,3.3035000000000001
8913,0,3.3035000000000001
8914,0,3.3035000000000001
8915,0,3.3035000000000001
8916,0,3.3035000000000001
8917,0,3.3054000000000001
8918,0,3.3054000000000001
8919,0,3.3054000000000001
8920,0,3.3054000000000001
8921,-0.78120000000000001,3.3035000000000001
8922,-4.3402000000000003,3.2978999999999998
8923,-6.6219999999999999,3.2924000000000002
8924,-9.7469999999999999,3.2848999999999999
8925,-18.136099999999999,3.27
8926,-15.184699999999999,3.2719
8927,-8.1844999999999999,3.2831000000000001
8928,-2.5792999999999999,3.2905000000000002
8929,0.48980000000000001,3.2997999999999998
8930,-3.3420000000000001,3.2924000000000002
8931,-3.9371999999999998,3.2924000000000002
8932,-1.5438000000000001,3.2978999999999998
8933,-8.2155000000000005,3.2848999999999999
8934,-13.368,3.2755999999999998
8935,-14.694900000000001,3.2719
8936,-16.338000000000001,3.2663000000000002
8937,-13.175800000000001,3.27
8938,-15.5319,3.2663000000000002
8939,-7.9798999999999998,3.2774999999999999
8940,-6.3120000000000003,3.2812000000000001
8941,-2.7839,3.2867999999999999
8942,0.29759999999999998,3.2924000000000002
8943,0.29759999999999998,3.2961
8944,-6.4669999999999996,3.2831000000000001
8945,-6.3120000000000003,3.2831000000000001
8946,-5.1463000000000001,3.2848999999999999
8947,-1.6245000000000001,3.2905000000000002
8948,-0.38440000000000002,3.2961
8949,-0.38440000000000002,3.2961
8950,-2.8273000000000001,3.2905000000000002
8951,-1.6245000000000001,3.2961
8952,5.4562999999999997,3.3071999999999999
8953,1.6493,3.3035000000000001
8954,0.33479999999999999,3.3016999999999999
8955,-6.9071999999999996,3.2886000000000002
8956,-4.7432999999999996,3.2905000000000002
8957,-4.7866999999999997,3.2886000000000002
8958,1.1718,3.3016999999999999
8959,8.3332999999999995,3.3147000000000002
8960,7.056,3.3147000000000002
8961,7.2481999999999998,3.3165
8962,0,3.3054000000000001
8963,0,3.3054000000000001
8964,0,3.3054000000000001
8965,0,3.3054000000000001
8966,0,3.3054000000000001
8967,0,3.3054000000000001
8968,0,3.3054000000000001
8969,0,3.3054000000000001
8970,0,3.3054000000000001
8971,0,3.3054000000000001
8972,0,3.3054000000000001
8973,0,3.3054000000000001
8974,0,3.3054000000000001
8975,0,3.3071999999999999
8976,-3.3357999999999999,3.2997999999999998
8977,-0.496,3.3054000000000001
8978,-0.496,3.3054000000000001
8979,-0.496,3.3054000000000001
8980,-0.496,3.3054000000000001
8981,-2.2692999999999999,3.3016999999999999
8982,-4.7432999999999996,3.2978999999999998
8983,-3.5838000000000001,3.2997999999999998
8984,-3.5838000000000001,3.2978999999999998
8985,-4.5448000000000004,3.2978999999999998
8986,-9.4990000000000006,3.2867999999999999
8987,-11.5451,3.2812000000000001
8988,-4.1790000000000003,3.2924000000000002
8989,0,3.3016999999999999
8990,0,3.3016999999999999
8991,0,3.3035000000000001
8992,-6.6158000000000001,3.2905000000000002
8993,-13.864000000000001,3.2774999999999999
8994,-22.061,3.2606999999999999
8995,-26.8477,3.2513999999999998
8996,-25.254200000000001,3.2496
8997,-17.540900000000001,3.2606999999999999
8998,-11.055300000000001,3.27
8999,-7.5768000000000004,3.2755999999999998
9000,-12.1403,3.27
9001,-10.6708,3.2719
9002,-9.6663999999999994,3.2719
9003,-8.5441000000000003,3.2738
9004,-3.6520000000000001,3.2831000000000001
9005,1.2896000000000001,3.2924000000000002
9006,1.2524,3.2961
9007,-3.4660000000000002,3.2867999999999999
9008,-3.4722,3.2867999999999999
9009,-3.4660000000000002,3.2867999999999999
9010,-3.4660000000000002,3.2867999999999999
9011,-3.4660000000000002,3.2886000000000002
9012,-9.6167999999999996,3.2774999999999999
9013,-5.0656999999999996,3.2848999999999999
9014,-8.5379000000000005,3.2774999999999999
9015,-5.9523000000000001,3.2831000000000001
9016,-7.4093999999999998,3.2793000000000001
9017,-8.9408999999999992,3.2774999999999999
9018,-6.2624000000000004,3.2812000000000001
9019,-5.4996999999999998,3.2831000000000001
9020,-7.7690000000000001,3.2793000000000001
9021,-6.4607999999999999,3.2812000000000001
9022,-13.901199999999999,3.2682000000000002
9023,-28.478400000000001,3.2403
9024,8.9346999999999994,3.3035000000000001
9025,-27.337499999999999,3.2440000000000002
9026,-6.2561999999999998,3.2755999999999998
9027,-2.9885000000000002,3.2812000000000001
9028,5.1338999999999997,3.2997999999999998
9029,19.097200000000001,3.3239999999999998
9030,17.720700000000001,3.3277000000000001
9031,15.097899999999999,3.3277000000000001
9032,11.985300000000001,3.3239999999999998
9033,8.6928999999999998,3.3203
9034,0,3.3054000000000001
9035,0,3.3054000000000001
9036,0,3.3035000000000001
9037,0,3.3035000000000001
9038,0,3.3035000000000001
9039,0,3.3035000000000001
9040,0,3.3035000000000001
9041,0,3.3054000000000001
9042,0,3.3054000000000001
9043,0,3.3035000000000001
9044,0,3.3054000000000001
9045,0,3.3054000000000001
9046,0,3.3054000000000001
9047,0,3.3054000000000001
9048,0,3.3054000000000001
9049,0,3.3054000000000001
9050,0,3.3054000000000001
9051,0,3.3054000000000001
9052,0,3.3054000000000001
9053,0,3.3054000000000001
9054,0,3.3054000000000001
9055,0,3.3071999999999999
9056,0,3.3054000000000001
9057,0,3.3071999999999999
9058,0,3.3071999999999999
9059,0,3.3071999999999999
9060,0,3.3071999999999999
9061,0,3.3071999999999999
9062,-4.9044999999999996,3.2978999999999998
9063,-10.6212,3.2867999999999999
9064,-17.813700000000001,3.2719
9065,-18.6693,3.2682000000000002
9066,-16.5426,3.27
9067,-15.011100000000001,3.27
9068,-9.5361999999999991,3.2774999999999999
9069,-26.1036,3.2513999999999998
9070,-7.0621999999999998,3.2793000000000001
9071,-14.1059,3.2682000000000002
9072,-11.104900000000001,3.2719
9073,-2.8273000000000001,3.2848999999999999
9074,-20.734100000000002,3.2570000000000001
9075,1.2524,3.2905000000000002
9076,0.84319999999999995,3.2924000000000002
9077,0.77500000000000002,3.2961
9078,1.2462,3.2978999999999998
9079,1.6927000000000001,3.2997999999999998
9080,1.2462,3.2997999999999998
9081,0.73160000000000003,3.2997999999999998
9082,4.1294000000000004,3.3054000000000001
9083,3.4474,3.3054000000000001
9084,3.0876999999999999,3.3071999999999999
9085,2.8831000000000002,3.3071999999999999
9086,4.3339999999999996,3.3109999999999999
9087,7.5271999999999997,3.3165
9088,0,3.3054000000000001
9089,0,3.3054000000000001
9090,0,3.3054000000000001
9091,0,3.3054000000000001
9092,0,3.3054000000000001
9093,0,3.3054000000000001
9094,0,3.3054000000000001
9095,0,3.3054000000000001
9096,0,3.3054000000000001
9097,0,3.3054000000000001
9098,0,3.3054000000000001
9099,0,3.3054000000000001
9100,0,3.3054000000000001
9101,0,3.3054000000000001
9102,0,3.3054000000000001
9103,0,3.3054000000000001
9104,0,3.3054000000000001
9105,0,3.3071999999999999
9106,0,3.3071999999999999
9107,0,3.3071999999999999
9108,0,3.3071999999999999
9109,0,3.3071999999999999
9110,0,3.3071999999999999
9111,0,3.3071999999999999
9112,0,3.3071999999999999
9113,0,3.3071999999999999
9114,0,3.3071999999999999
9115,0,3.3071999999999999
9116,0,3.3071999999999999
9117,0,3.3071999999999999
9118,0,3.3071999999999999
9119,-9.6105999999999998,3.2905000000000002
9120,-9.4556000000000004,3.2886000000000002
9121,-15.333500000000001,3.2774999999999999
9122,-18.687899999999999,3.2682000000000002
9123,-21.1309,3.2625999999999999
9124,-23.375399999999999,3.2551999999999999
9125,-6.343,3.2812000000000001
9126,-9.3004999999999995,3.2774999999999999
9127,-27.814900000000002,3.2458999999999998
9128,-13.1386,3.2682000000000002
9129,-10.6212,3.2719
9130,-4.5696000000000003,3.2812000000000001
9131,0.84319999999999995,3.2924000000000002
9132,1.7299,3.2961
9133,1.7299,3.2978999999999998
9134,1.2524,3.2997999999999998
9135,1.6493,3.2997999999999998
9136,11.464499999999999,3.3184
9137,7.1738,3.3147000000000002
9138,-1.8229,3.2997999999999998
9139,-4.5758000000000001,3.2924000000000002
9140,-4.7061000000000002,3.2924000000000002
9141,-6.0576999999999996,3.2886000000000002
9142,-12.022500000000001,3.2774999999999999
9143,-20.1388,3.2625999999999999
9144,-22.284199999999998,3.2570000000000001
9145,-20.541899999999998,3.2570000000000001
9146,-5.3695000000000004,3.2812000000000001
9147,-0.54559999999999997,3.2886000000000002
9148,-1.9035,3.2886000000000002
9149,5.7352999999999996,3.3054000000000001
9150,10.689399999999999,3.3147000000000002
9151,7.3411999999999997,3.3128000000000002
9152,4.1294000000000004,3.3090999999999999
9153,-1.9345000000000001,3.2997999999999998
9154,-17.7331,3.27
9155,-21.825299999999999,3.2606999999999999
9156,-20.851900000000001,3.2589000000000001
9157,-21.0503,3.2551999999999999
9158,-15.2591,3.2625999999999999
9159,-8.5751000000000008,3.2738
9160,-7.3907999999999996,3.2755999999999998
9161,-5.3013000000000003,3.2793000000000001
9162,0.73160000000000003,3.2905000000000002
9163,-2.2197,3.2867999999999999
9164,-5.9398999999999997,3.2812000000000001
9165,-5.2579000000000002,3.2831000000000001
9166,-2.2631000000000001,3.2886000000000002
9167,-2.2197,3.2886000000000002
9168,-3.7450000000000001,3.2867999999999999
9169,-10.143800000000001,3.2755999999999998
9170,-10.329800000000001,3.2738
9171,-5.4996999999999998,3.2812000000000001
9172,0.2046,3.2924000000000002
9173,1.2958000000000001,3.2961
9174,-5.2950999999999997,3.2848999999999999
9175,-8.9346999999999994,3.2774999999999999
9176,-11.979100000000001,3.2719
9177,-4.0983999999999998,3.2831000000000001
9178,0.1736,3.2924000000000002
9179,-9.2632999999999992,3.2774999999999999
9180,-11.656700000000001,3.2719
9181,-14.2113,3.2663000000000002
9182,-18.6631,3.2589000000000001
9183,-13.901199999999999,3.2645
9184,-11.8551,3.2663000000000002
9185,-8.9780999999999995,3.2719
9186,-9.1021000000000001,3.27
9187,-9.2570999999999994,3.27
9188,-5.1090999999999998,3.2774999999999999
9189,-1.6245000000000001,3.2848999999999999
9190,-3.2614000000000001,3.2831000000000001
9191,-3.2551999999999999,3.2831000000000001
9192,-6.7026000000000003,3.2774999999999999
9193,-10.825799999999999,3.27
9194,0.73160000000000003,3.2886000000000002
9195,1.3702000000000001,3.2924000000000002
9196,0.73160000000000003,3.2924000000000002
9197,-8.8541000000000007,3.2774999999999999
9198,-12.0969,3.27
9199,-10.745200000000001,3.2719
9200,-7.7069999999999999,3.2755999999999998
9201,-6.9009999999999998,3.2774999999999999
9202,-3.4163999999999999,3.2831000000000001
9203,1.3702000000000001,3.2905000000000002
9204,2.0895000000000001,3.2961
9205,-6.5414000000000003,3.2812000000000001
9206,-8.9718999999999998,3.2755999999999998
9207,-12.307700000000001,3.27
9208,-12.574400000000001,3.2682000000000002
9209,-13.820600000000001,3.2645
9210,-11.5017,3.2682000000000002
9211,-8.2960999999999991,3.2719
9212,-1.9035,3.2831000000000001
9213,1.3702000000000001,3.2905000000000002
9214,21.378900000000002,3.3277000000000001
9215,19.562200000000001,3.3296000000000001
9216,18.328299999999999,3.3313999999999999
9217,15.562900000000001,3.3296000000000001
9218,12.4069,3.3277000000000001
9219,9.1268999999999991,3.3220999999999998
9220,0,3.3071999999999999
9221,0,3.3054000000000001
9222,0,3.3054000000000001
9223,0,3.3054000000000001
9224,0,3.3054000000000001
9225,0,3.3054000000000001
9226,0,3.3054000000000001
9227,0,3.3054000000000001
9228,0,3.3054000000000001
9229,0,3.3054000000000001
9230,0,3.3054000000000001
9231,0,3.3054000000000001
9232,0,3.3054000000000001
9233,0,3.3054000000000001
9234,0,3.3054000000000001
9235,0,3.3054000000000001
9236,0,3.3054000000000001
9237,0,3.3054000000000001
9238,0,3.3054000000000001
9239,0,3.3054000000000001
9240,0,3.3054000000000001
9241,0,3.3054000000000001
9242,0,3.3054000000000001
9243,0,3.3054000000000001
9244,0,3.3054000000000001
9245,0,3.3054000000000001
9246,0,3.3071999999999999
9247,0,3.3054000000000001
9248,0,3.3054000000000001
9249,0,3.3054000000000001
9250,0,3.3071999999999999
9251,0,3.3054000000000001
9252,0,3.3071999999999999
9253,0,3.3071999999999999
9254,0,3.3071999999999999
9255,0,3.3071999999999999
9256,0,3.3071999999999999
9257,0,3.3071999999999999
9258,0,3.3071999999999999
9259,0,3.3071999999999999
9260,0,3.3071999999999999
9261,0,3.3071999999999999
9262,-10.497199999999999,3.2867999999999999
9263,-14.4655,3.2793000000000001
9264,-18.346900000000002,3.27
9265,-22.811199999999999,3.2589000000000001
9266,-28.608599999999999,3.2458999999999998
9267,-33.457299999999996,3.2347000000000001
9268,-29.247199999999999,3.2366000000000001
9269,-28.2056,3.2366000000000001
9270,-22.3338,3.2440000000000002
9271,-12.1775,3.2606999999999999
9272,2.6970999999999998,3.2867999999999999
9273,1.8539000000000001,3.2886000000000002
9274,0.73160000000000003,3.2886000000000002
9275,-7.4156000000000004,3.2774999999999999
9276,-6.1383000000000001,3.2793000000000001
9277,-6.2126999999999999,3.2793000000000001
9278,-9.1021000000000001,3.2738
9279,-21.484300000000001,3.2532999999999999
9280,2.7715000000000001,3.2905000000000002
9281,14.050000000000001,3.3147000000000002
9282,6.0949,3.3054000000000001
9283,16.139600000000002,3.3239999999999998
9284,6.9630000000000001,3.3109999999999999
9285,1.054,3.3016999999999999
9286,-10.212,3.2812000000000001
9287,-6.7770000000000001,3.2848999999999999
9288,-15.649800000000001,3.27
9289,-26.767099999999999,3.2496
9290,-30.840699999999998,3.2366000000000001
9291,-39.967700000000001,3.218
9292,-39.9739,3.2141999999999999
9293,-39.955300000000001,3.2105000000000001
9294,-39.949100000000001,3.2067999999999999
9295,-25.2852,3.2273000000000001
9296,-39.967700000000001,3.2048999999999999
9297,-30.127700000000001,3.218
9298,-39.961500000000001,3.2012
9299,-38.299799999999998,3.2012
9300,-39.9739,3.1956000000000002
9301,-29.160399999999999,3.2124000000000001
9302,-27.449100000000001,3.2161
9303,-25.892800000000001,3.218
9304,-10.491,3.2421000000000002
9305,-6.4236000000000004,3.2513999999999998
9306,-8.7363,3.2496
9307,-6.2624000000000004,3.2551999999999999
9308,-10.2616,3.2496
9309,-10.2616,3.2496
9310,-10.2554,3.2513999999999998
9311,-10.2554,3.2513999999999998
9312,-14.825100000000001,3.2421000000000002
9313,-14.8933,3.2421000000000002
9314,-21.819099999999999,3.2309999999999999
9315,-24.491499999999998,3.2254
9316,-24.968900000000001,3.2235
9317,-20.715499999999999,3.2290999999999999
9318,-23.4437,3.2254
9319,-26.2834,3.2198000000000002
9320,-21.905999999999999,3.2254
9321,-24.683700000000002,3.2216999999999998
9322,-30.121500000000001,3.2105000000000001
9323,-39.949100000000001,3.1938
9324,-39.546100000000003,3.1919
9325,-27.715699999999998,3.2105000000000001
9326,-22.805,3.218
9327,-17.528500000000001,3.2254
9328,-12.382099999999999,3.2347000000000001
9329,-7.4652000000000003,3.2440000000000002
9330,-14.694900000000001,3.2347000000000001
9331,-19.928000000000001,3.2273000000000001
9332,-23.015799999999999,3.2216999999999998
9333,-25.942399999999999,3.2161
9334,-20.6845,3.2235
9335,-26.494199999999999,3.2141999999999999
9336,-21.1433,3.2216999999999998
9337,-24.330300000000001,3.218
9338,-18.855399999999999,3.2254
9339,-16.220199999999998,3.2290999999999999
9340,-11.427300000000001,3.2383999999999999
9341,-16.0962,3.2309999999999999
9342,-16.0962,3.2309999999999999
9343,-16.09,3.2309999999999999
9344,-16.09,3.2309999999999999
9345,-16.102399999999999,3.2328000000000001
9346,-13.3866,3.2366000000000001
9347,-8.3828999999999994,3.2440000000000002
9348,-8.2093000000000007,3.2458999999999998
9349,1.5314000000000001,3.2645
9350,-2.1453000000000002,3.2606999999999999
9351,-4.6192000000000002,3.2589000000000001
9352,-9.7469999999999999,3.2496
9353,-6.9691999999999998,3.2551999999999999
9354,-11.569900000000001,3.2458999999999998
9355,-22.005199999999999,3.2290999999999999
9356,-16.858799999999999,3.2366000000000001
9357,-16.902200000000001,3.2347000000000001
9358,-14.3291,3.2383999999999999
9359,-7.0312000000000001,3.2532999999999999
9360,-4.1852,3.2589000000000001
9361,-4.1356000000000002,3.2606999999999999
9362,-3.9371999999999998,3.2606999999999999
9363,-1.0602,3.2663000000000002
9364,-20.734100000000002,3.2347000000000001
9365,-3.6272000000000002,3.2606999999999999
9366,-10.652200000000001,3.2513999999999998
9367,-8.7052999999999994,3.2551999999999999
9368,-8.5379000000000005,3.2551999999999999
9369,-15.3459,3.2421000000000002
9370,-11.104900000000001,3.2496
9371,-39.961500000000001,3.2031000000000001
9372,2.0832999999999999,3.2663000000000002
9373,-39.955300000000001,3.2012
9374,-13.9384,3.2383999999999999
9375,-27.182500000000001,3.218
9376,-39.961500000000001,3.1938
9377,-28.4846,3.2124000000000001
9378,-20.572900000000001,3.2235
9379,-26.419799999999999,3.2141999999999999
9380,-15.742800000000001,3.2309999999999999
9381,-10.8878,3.2383999999999999
9382,0,3.2606999999999999
9383,1.6927000000000001,3.2645
9384,4.7309000000000001,3.2719
9385,7.9364999999999997,3.2793000000000001
9386,6.6158000000000001,3.2793000000000001
9387,-12.8596,3.2496
9388,-12.853400000000001,3.2458999999999998
9389,-3.2242000000000002,3.2625999999999999
9390,6.6840000000000002,3.2812000000000001
9391,-10.2554,3.2551999999999999
9392,-14.2857,3.2458999999999998
9393,-10.2554,3.2532999999999999
9394,-2.5792999999999999,3.2663000000000002
9395,-9.9391999999999996,3.2551999999999999
9396,-11.6257,3.2513999999999998
9397,-11.613300000000001,3.2513999999999998
9398,-2.3437000000000001,3.2663000000000002
9399,0,3.27
9400,0.17979999999999999,3.2719
9401,5.1711,3.2831000000000001
9402,8.0108999999999995,3.2886000000000002
9403,7.9798999999999998,3.2905000000000002
9404,9.1331000000000007,3.2961
9405,9.0525000000000002,3.2961
9406,7.8125,3.2961
9407,8.8478999999999992,3.2997999999999998
9408,15.2033,3.3109999999999999
9409,11.650499999999999,3.3071999999999999
9410,14.2051,3.3128000000000002
9411,10.0136,3.3071999999999999
9412,8.5751000000000008,3.3071999999999999
9413,5.6174999999999997,3.3016999999999999
9414,4.6936999999999998,3.2997999999999998
9415,-3.3420000000000001,3.2848999999999999
9416,1.3702000000000001,3.2924000000000002
9417,5.2950999999999997,3.2997999999999998
9418,8.9657,3.3071999999999999
9419,15.7676,3.3203
9420,17.850899999999999,3.3258000000000001
9421,5.9398999999999997,3.3090999999999999
9422,3.7698,3.3035000000000001
9423,1.6183000000000001,3.2997999999999998
9424,5.2454999999999998,3.3054000000000001
9425,4.7743000000000002,3.3054000000000001
9426,8.5317000000000007,3.3128000000000002
9427,3.8193999999999999,3.3054000000000001
9428,0,3.2997999999999998
9429,0,3.2978999999999998
9430,0,3.2978999999999998
9431,0,3.2978999999999998
9432,0,3.2978999999999998
9433,0,3.2978999999999998
9434,0,3.2961
9435,0,3.2978999999999998
9436,0,3.2961
9437,0,3.2961
9438,0,3.2961
9439,0,3.2961
9440,0,3.2961
9441,0,3.2961
9442,0,3.2961
9443,0,3.2961
9444,0,3.2978999999999998
9445,-3.3420000000000001,3.2905000000000002
9446,-10.6212,3.2774999999999999
9447,-16.691400000000002,3.2645
9448,-20.2194,3.2570000000000001
9449,-24.572099999999999,3.2458999999999998
9450,-28.2056,3.2366000000000001
9451,-27.814900000000002,3.2347000000000001
9452,-30.772500000000001,3.2273000000000001
9453,-16.889800000000001,3.2496
9454,-21.738499999999998,3.2383999999999999
9455,-20.9697,3.2383999999999999
9456,-23.648299999999999,3.2347000000000001
9457,-31.448399999999999,3.2198000000000002
9458,-16.213999999999999,3.2421000000000002
9459,-16.778199999999998,3.2421000000000002
9460,-13.1014,3.2496
9461,-15.965999999999999,3.2421000000000002
9462,-17.609100000000002,3.2403
9463,-19.810199999999998,3.2366000000000001
9464,-7.9364999999999997,3.2570000000000001
9465,-10.776199999999999,3.2532999999999999
9466,-4.2968000000000002,3.2645
9467,-0.496,3.2719
9468,-8.9718999999999998,3.2589000000000001
9469,-18.898800000000001,3.2403
9470,-14.831300000000001,3.2458999999999998
9471,-6.5724,3.2606999999999999
9472,-6.5785999999999998,3.2606999999999999
9473,-6.5724,3.2625999999999999
9474,-6.5724,3.2625999999999999
9475,-6.5724,3.2625999999999999
9476,-7.7690000000000001,3.2606999999999999
9477,-11.458299999999999,3.2551999999999999
9478,-7.9302999999999999,3.2606999999999999
9479,-4.7743000000000002,3.2663000000000002
9480,0.48359999999999997,3.2755999999999998
9481,5.1772999999999998,3.2848999999999999
9482,6.0514999999999999,3.2886000000000002
9483,2.2507000000000001,3.2848999999999999
9484,15.2529,3.3090999999999999
9485,16.617000000000001,3.3147000000000002
9486,20.120200000000001,3.3239999999999998
9487,14.694900000000001,3.3165
9488,13.6098,3.3165
9489,12.289099999999999,3.3165
9490,10.615,3.3147000000000002
9491,6.2126999999999999,3.3071999999999999
9492,0,3.2978999999999998
9493,0,3.2961
9494,0,3.2961
9495,0,3.2961
9496,0,3.2961
9497,0,3.2961
9498,0,3.2961
9499,0,3.2961
9500,0,3.2961
9501,-8.3394999999999992,3.2793000000000001
9502,-10.6646,3.2738
9503,-17.057200000000002,3.2625999999999999
9504,-23.220400000000001,3.2496
9505,-27.368500000000001,3.2383999999999999
9506,-32.198599999999999,3.2273000000000001
9507,-39.967700000000001,3.2124000000000001
9508,-35.596400000000003,3.2141999999999999
9509,-11.7683,3.2513999999999998
9510,-28.379200000000001,3.2254
9511,-24.5349,3.2290999999999999
9512,-18.6631,3.2366000000000001
9513,-6.6158000000000001,3.2589000000000001
9514,-3.1932,3.2663000000000002
9515,0,3.2719
9516,0.73160000000000003,3.2755999999999998
9517,1.3702000000000001,3.2793000000000001
9518,3.7326000000000001,3.2831000000000001
9519,17.695900000000002,3.3109999999999999
9520,18.092700000000001,3.3147000000000002
9521,15.327299999999999,3.3147000000000002
9522,12.1713,3.3109999999999999
9523,8.9284999999999997,3.3071999999999999
9524,0,3.2905000000000002
9525,0,3.2905000000000002
9526,0,3.2905000000000002
9527,0,3.2905000000000002
9528,0,3.2905000000000002
9529,0,3.2905000000000002
9530,0,3.2905000000000002
9531,0,3.2905000000000002
9532,0,3.2905000000000002
9533,0,3.2905000000000002
9534,0,3.2905000000000002
9535,0,3.2924000000000002
9536,0,3.2924000000000002
9537,0,3.2924000000000002
9538,0,3.2924000000000002
9539,0,3.2924000000000002
9540,0,3.2924000000000002
9541,0,3.2924000000000002
9542,0,3.2924000000000002
9543,0,3.2924000000000002
9544,0,3.2924000000000002
9545,0,3.2924000000000002
9546,-10.497199999999999,3.2755999999999998
9547,-14.459300000000001,3.2663000000000002
9548,-18.340699999999998,3.2589000000000001
9549,-22.7926,3.2496
9550,-28.608599999999999,3.2347000000000001
9551,-33.444899999999997,3.2235
9552,-39.9739,3.2105000000000001
9553,-39.961500000000001,3.2067999999999999
9554,-22.0548,3.2328000000000001
9555,-21.819099999999999,3.2328000000000001
9556,-39.961500000000001,3.2031000000000001
9557,-28.404,3.218
9558,-14.453099999999999,3.2403
9559,-24.851099999999999,3.2235
9560,-10.8444,3.2458999999999998
9561,-14.5709,3.2403
9562,-14.8499,3.2403
9563,-4.6192000000000002,3.2589000000000001
9564,-7.7690000000000001,3.2551999999999999
9565,-7.8186999999999998,3.2551999999999999
9566,-2.7033,3.2645
9567,-0.70679999999999998,3.27
9568,-11.2599,3.2532999999999999
9569,-6.5724,3.2606999999999999
9570,0.53320000000000001,3.2738
9571,-4.4951999999999996,3.2663000000000002
9572,-4.4207999999999998,3.2663000000000002
9573,-2.4986999999999999,3.27
9574,-6.2995999999999999,3.2645
9575,-6.2995999999999999,3.2645
9576,-6.3120000000000003,3.2645
9577,-6.3120000000000003,3.2645
9578,-6.2995999999999999,3.2663000000000002
9579,-2.4552999999999998,3.2719
9580,-8.1472999999999995,3.2625999999999999
9581,-8.1844999999999999,3.2625999999999999
9582,-11.049099999999999,3.2589000000000001
9583,-0.5766,3.2755999999999998
9584,-2.4552999999999998,3.2738
9585,-6.2188999999999997,3.2682000000000002
9586,-6.2251000000000003,3.2663000000000002
9587,-2.4243000000000001,3.2738
9588,-2.3374999999999999,3.2738
9589,-4.1790000000000003,3.2719
9590,6.0143000000000004,3.2886000000000002
9591,10.2058,3.2997999999999998
9592,13.132400000000001,3.3071999999999999
9593,13.8454,3.3109999999999999
9594,14.8499,3.3147000000000002
9595,15.965999999999999,3.3184
9596,13.305999999999999,3.3165
9597,13.2936,3.3184
9598,10.683199999999999,3.3147000000000002
9599,6.8141999999999996,3.3109999999999999
9600,0,3.2978999999999998
9601,0,3.2978999999999998
9602,0,3.2961
9603,0,3.2961
9604,0,3.2961
9605,0,3.2961
9606,0,3.2961
9607,0,3.2961
9608,0,3.2961
9609,-3.9805999999999999,3.2867999999999999
9610,-7.5396000000000001,3.2793000000000001
9611,-6.6715999999999998,3.2812000000000001
9612,-3.6272000000000002,3.2848999999999999
9613,-11.421099999999999,3.2719
9614,-7.1055999999999999,3.2774999999999999
9615,-6.6219999999999999,3.2774999999999999
9616,-10.311199999999999,3.2719
9617,-15.879200000000001,3.2606999999999999
9618,-17.4665,3.2570000000000001
9619,-16.331800000000001,3.2570000000000001
9620,-13.9322,3.2589000000000001
9621,-13.485799999999999,3.2589000000000001
9622,-12.022500000000001,3.2606999999999999
9623,-13.3432,3.2589000000000001
9624,-14.459300000000001,3.2551999999999999
9625,-12.574400000000001,3.2589000000000001
9626,-11.7745,3.2589000000000001
9627,-8.7052999999999994,3.2645
9628,-5.3013000000000003,3.27
9629,-3.8256000000000001,3.2738
9630,-3.8256000000000001,3.2738
9631,-3.8193999999999999,3.2738
9632,-3.8132000000000001,3.2738
9633,-3.8193999999999999,3.2755999999999998
9634,-11.7807,3.2625999999999999
9635,-6.3368000000000002,3.27
9636,-6.4236000000000004,3.27
9637,0.73160000000000003,3.2812000000000001
9638,0.73780000000000001,3.2831000000000001
9639,-0.78120000000000001,3.2812000000000001
9640,-3.8193999999999999,3.2774999999999999
9641,-3.8193999999999999,3.2774999999999999
9642,1.8043,3.2867999999999999
9643,6.2126999999999999,3.2978999999999998
9644,16.492999999999999,3.3165
9645,13.2936,3.3147000000000002
9646,10.683199999999999,3.3128000000000002
9647,0,3.2961
9648,0,3.2924000000000002
9649,0,3.2924000000000002
9650,0,3.2924000000000002
9651,0,3.2924000000000002
9652,0,3.2924000000000002
9653,0,3.2924000000000002
9654,0,3.2924000000000002
9655,0,3.2924000000000002
9656,0,3.2924000000000002
9657,0,3.2924000000000002
9658,0,3.2924000000000002
9659,0,3.2961
9660,0,3.2961
9661,0,3.2961
9662,0,3.2961
9663,0,3.2961
9664,0,3.2961
9665,0,3.2961
9666,0,3.2961
9667,-10.497199999999999,3.2774999999999999
9668,-14.459300000000001,3.2682000000000002
9669,-18.334499999999998,3.2589000000000001
9670,-22.569400000000002,3.2496
9671,-13.305999999999999,3.2625999999999999
9672,-13.0518,3.2625999999999999
9673,-11.011900000000001,3.2645
9674,-2.1391,3.2793000000000001
9675,-2.1391,3.2812000000000001
9676,-6.3120000000000003,3.2738
9677,-4.1356000000000002,3.2774999999999999
9678,-2.1515,3.2812000000000001
9679,-0.1426,3.2867999999999999
9680,1.054,3.2886000000000002
9681,-1.147,3.2848999999999999
9682,0.29759999999999998,3.2886000000000002
9683,-6.2561999999999998,3.2774999999999999
9684,-3.2242000000000002,3.2831000000000001
9685,-1.147,3.2848999999999999
9686,0.61380000000000001,3.2905000000000002
9687,-1.1035999999999999,3.2867999999999999
9688,-2.0585,3.2867999999999999
9689,-3.0629,3.2848999999999999
9690,-6.2561999999999998,3.2793000000000001
9691,-7.2606000000000002,3.2774999999999999
9692,-10.460000000000001,3.27
9693,-8.9408999999999992,3.2719
9694,-12.5372,3.2645
9695,-10.9747,3.2663000000000002
9696,-3.9371999999999998,3.2774999999999999
9697,-3.9929999999999999,3.2774999999999999
9698,-7.7504,3.2719
9699,-7.5396000000000001,3.2719
9700,-7.6512000000000002,3.2719
9701,-4.5696000000000003,3.2755999999999998
9702,-3.2242000000000002,3.2793000000000001
9703,-3.2242000000000002,3.2793000000000001
9704,-5.3384999999999998,3.2755999999999998
9705,-14.9801,3.2606999999999999
9706,-20.4985,3.2496
9707,-15.2715,3.2551999999999999
9708,-10.832000000000001,3.2625999999999999
9709,-10.453799999999999,3.2625999999999999
9710,3.9805999999999999,3.2848999999999999
9711,17.689699999999998,3.3128000000000002
9712,16.220199999999998,3.3165
9713,13.089,3.3147000000000002
9714,9.7408000000000001,3.3109999999999999
9715,0,3.2961
9716,0,3.2924000000000002
9717,0,3.2924000000000002
9718,0,3.2924000000000002
9719,0,3.2924000000000002
9720,0,3.2924000000000002
9721,0,3.2924000000000002
9722,0,3.2924000000000002
9723,0,3.2924000000000002
9724,0,3.2924000000000002
9725,0,3.2924000000000002
9726,0,3.2924000000000002
9727,0,3.2961
9728,0,3.2961
9729,0,3.2961
9730,0,3.2961
9731,0,3.2961
9732,0,3.2961
9733,0,3.2961
9734,0,3.2961
9735,0,3.2961
9736,0,3.2978999999999998
9737,0,3.2978999999999998
9738,0,3.2961
9739,0,3.2978999999999998
9740,0,3.2978999999999998
9741,0,3.2978999999999998
9742,0,3.2978999999999998
9743,0,3.2978999999999998
9744,-6.4607999999999999,3.2848999999999999
9745,-8.1906999999999996,3.2812000000000001
9746,-17.131599999999999,3.2645
9747,-13.901199999999999,3.2682000000000002
9748,-16.418600000000001,3.2606999999999999
9749,-12.022500000000001,3.2663000000000002
9750,-11.656700000000001,3.2682000000000002
9751,-20.027200000000001,3.2513999999999998
9752,-21.6145,3.2458999999999998
9753,-16.5426,3.2532999999999999
9754,-15.742800000000001,3.2551999999999999
9755,-15.463699999999999,3.2532999999999999
9756,-17.540900000000001,3.2496
9757,-13.485799999999999,3.2551999999999999
9758,-7.6264000000000003,3.2645
9759,-9.1765000000000008,3.2625999999999999
9760,-5.6670999999999996,3.2682000000000002
9761,-5.6981000000000002,3.27
9762,-4.1417999999999999,3.2738
9763,-6.5785999999999998,3.27
9764,-5.7415000000000003,3.2719
9765,-4.1852,3.2738
9766,1.2896000000000001,3.2831000000000001
9767,1.2896000000000001,3.2848999999999999
9768,10.131399999999999,3.3035000000000001
9769,11.197900000000001,3.3071999999999999
9770,13.3742,3.3128000000000002
9771,7.8497000000000003,3.3071999999999999
9772,6.25,3.3054000000000001
9773,7.6512000000000002,3.3090999999999999
9774,0,3.2961
9775,0,3.2961
9776,0,3.2961
9777,0,3.2961
9778,0,3.2961
9779,0,3.2924000000000002
9780,0,3.2961
9781,0,3.2961
9782,0,3.2961
9783,0,3.2961
9784,0,3.2961
9785,0,3.2961
9786,0,3.2961
9787,0,3.2961
9788,0,3.2961
9789,0,3.2961
9790,0,3.2961
9791,0,3.2978999999999998
9792,-4.5696000000000003,3.2867999999999999
9793,-6.2624000000000004,3.2831000000000001
9794,-3.8628,3.2867999999999999
9795,-6.9753999999999996,3.2812000000000001
9796,-14.019,3.2682000000000002
9797,-13.6656,3.2663000000000002
9798,-15.972200000000001,3.2625999999999999
9799,-10.2182,3.27
9800,-16.306999999999999,3.2589000000000001
9801,-5.1029,3.2755999999999998
9802,-0.10539999999999999,3.2848999999999999
9803,-2.0647000000000002,3.2831000000000001
9804,-16.852599999999999,3.2589000000000001
9805,-11.8551,3.2645
9806,-11.458299999999999,3.2645
9807,-16.933199999999999,3.2551999999999999
9808,-14.0997,3.2589000000000001
9809,-3.2242000000000002,3.2755999999999998
9810,0.84319999999999995,3.2831000000000001
9811,-10.212,3.2663000000000002
9812,-10.497199999999999,3.2663000000000002
9813,-5.6237000000000004,3.2738
9814,4.0983999999999998,3.2886000000000002
9815,3.621,3.2905000000000002
9816,4.5324,3.2961
9817,11.092499999999999,3.3090999999999999
9818,10.9747,3.3109999999999999
9819,8.1721000000000004,3.3090999999999999
9820,0,3.2961
9821,0,3.2924000000000002
9822,0,3.2924000000000002
9823,0,3.2961
9824,0,3.2961
9825,0,3.2961
9826,-0.41539999999999999,3.2924000000000002
9827,-8.7052999999999994,3.2793000000000001
9828,-10.6646,3.2738
9829,-16.617000000000001,3.2625999999999999
9830,-20.386900000000001,3.2532999999999999
9831,-12.022500000000001,3.2645
9832,-17.4603,3.2551999999999999
9833,-18.892600000000002,3.2513999999999998
9834,-17.261900000000001,3.2532999999999999
9835,-21.738499999999998,3.2421000000000002
9836,-20.944900000000001,3.2421000000000002
9837,-19.965199999999999,3.2421000000000002
9838,-16.213999999999999,3.2458999999999998
9839,-16.933199999999999,3.2440000000000002
9840,-11.8551,3.2551999999999999
9841,-10.776199999999999,3.2570000000000001
9842,-8.1100999999999992,3.2606999999999999
9843,-9.6539999999999999,3.2589000000000001
9844,-8.3828999999999994,3.2606999999999999
9845,-4.4889999999999999,3.2682000000000002
9846,0,3.2774999999999999
9847,-2.7776999999999998,3.2738
9848,-1.1408,3.2755999999999998
9849,1.3702000000000001,3.2812000000000001
9850,2.6103000000000001,3.2848999999999999
9851,6.7770000000000001,3.2961
9852,10.776199999999999,3.3054000000000001
9853,10.1004,3.3054000000000001
9854,11.737299999999999,3.3109999999999999
9855,9.8523999999999994,3.3090999999999999
9856,5.2516999999999996,3.3035000000000001
9857,6.6840000000000002,3.3054000000000001
9858,0,3.2961
9859,0,3.2924000000000002
9860,0,3.2924000000000002
9861,0,3.2924000000000002
9862,-0.496,3.2924000000000002
9863,0,3.2924000000000002
9864,0,3.2924000000000002
9865,-9.6229999999999993,3.2774999999999999
9866,-10.6646,3.2738
9867,-17.819900000000001,3.2589000000000001
9868,-23.970700000000001,3.2440000000000002
9869,-24.1753,3.2421000000000002
9870,-16.139600000000002,3.2532999999999999
9871,-10.422800000000001,3.2625999999999999
9872,-13.058,3.2589000000000001
9873,-14.260899999999999,3.2551999999999999
9874,-15.8172,3.2513999999999998
9875,-16.5364,3.2496
9876,-25.2852,3.2328000000000001
9877,-23.021999999999998,3.2347000000000001
9878,-16.846399999999999,3.2421000000000002
9879,-10.9747,3.2532999999999999
9880,-8.2093000000000007,3.2589000000000001
9881,-12.307700000000001,3.2532999999999999
9882,-4.5758000000000001,3.2645
9883,-4.5696000000000003,3.2663000000000002
9884,-2.9016999999999999,3.27
9885,0,3.2755999999999998
9886,-1.1841999999999999,3.2755999999999998
9887,-4.3836000000000004,3.2719
9888,-4.3898000000000001,3.2719
9889,-2.7839,3.2738
9890,2.0585,3.2831000000000001
9891,-2.6598999999999999,3.2755999999999998
9892,-4.1790000000000003,3.2738
9893,-4.1852,3.2738
9894,-4.1790000000000003,3.2738
9895,-4.1852,3.2738
9896,-4.1790000000000003,3.2738
9897,-5.8220999999999998,3.2719
9898,-9.5424000000000007,3.2645
9899,-11.235099999999999,3.2606999999999999
9900,-25.489799999999999,3.2347000000000001
9901,-19.363800000000001,3.2421000000000002
9902,-19.779199999999999,3.2403
9903,-20.541899999999998,3.2366000000000001
9904,-5.8220999999999998,3.2625999999999999
9905,-14.459300000000001,3.2496
9906,-12.022500000000001,3.2532999999999999
9907,-10.509600000000001,3.2551999999999999
9908,-4.1356000000000002,3.2645
9909,-2.2197,3.27
9910,-5.9027000000000003,3.2645
9911,-4.0301999999999998,3.2682000000000002
9912,-0.34100000000000003,3.2755999999999998
9913,1.3702000000000001,3.2793000000000001
9914,-3.9868000000000001,3.2719
9915,1.3702000000000001,3.2812000000000001
9916,1.3702000000000001,3.2812000000000001
9917,-3.6581999999999999,3.2738
9918,-0.080600000000000005,3.2793000000000001
9919,-3.5838000000000001,3.2755999999999998
9920,4.6936999999999998,3.2886000000000002
9921,2.0956999999999999,3.2848999999999999
9922,-3.1869999999999998,3.2774999999999999
9923,-4.8673000000000002,3.2755999999999998
9924,-4.8673000000000002,3.2738
9925,-4.8673000000000002,3.2738
9926,0,3.2812000000000001
9927,-3.0629,3.2774999999999999
9928,-4.7432999999999996,3.2755999999999998
9929,-1.3453999999999999,3.2812000000000001
9930,0.73160000000000003,3.2848999999999999
9931,2.7033,3.2886000000000002
9932,1.3702000000000001,3.2867999999999999
9933,2.6598999999999999,3.2905000000000002
9934,8.0170999999999992,3.3016999999999999
9935,9.6167999999999996,3.3071999999999999
9936,8.7797000000000001,3.3071999999999999
9937,6.6096000000000004,3.3054000000000001
9938,5.2516999999999996,3.3035000000000001
9939,-2.4243000000000001,3.2886000000000002
9940,-11.458299999999999,3.2719
9941,-10.9064,3.27
9942,-7.9364999999999997,3.2738
9943,-8.9780999999999995,3.2719
9944,-10.143800000000001,3.2682000000000002
9945,-10.4724,3.2663000000000002
9946,-12.747999999999999,3.2625999999999999
9947,-15.8668,3.2551999999999999
9948,-16.573599999999999,3.2532999999999999
9949,-11.6257,3.2606999999999999
9950,-3.9868000000000001,3.2719
9951,-6.2995999999999999,3.27
9952,-6.3305999999999996,3.27
9953,-6.4607999999999999,3.27
9954,-11.656700000000001,3.2606999999999999
9955,-8.1721000000000004,3.2645
9956,-13.622199999999999,3.2570000000000001
9957,-6.2188999999999997,3.2682000000000002
9958,-6.2624000000000004,3.2682000000000002
9959,-6.2561999999999998,3.2682000000000002
9960,-2.9823,3.2738
9961,4.4207999999999998,3.2867999999999999
9962,2.0461,3.2848999999999999
9963,1.3764000000000001,3.2848999999999999
9964,6.1258999999999997,3.2924000000000002
9965,3.2551999999999999,3.2905000000000002
9966,1.2896000000000001,3.2886000000000002
9967,-7.3411999999999997,3.2738
9968,-7.4714,3.2719
9969,-8.9718999999999998,3.2682000000000002
9970,-6.2995999999999999,3.2719
9971,-10.6708,3.2645
9972,-12.5372,3.2606999999999999
9973,-11.5389,3.2606999999999999
9974,-8.0295000000000005,3.2663000000000002
9975,-11.979100000000001,3.2589000000000001
9976,-12.338699999999999,3.2589000000000001
9977,-7.1117999999999997,3.2663000000000002
9978,-2.9823,3.2738
9979,-2.9823,3.2738
9980,-2.8955000000000002,3.2755999999999998
9981,0.77500000000000002,3.2812000000000001
9982,0.77500000000000002,3.2831000000000001
9983,-2.7776999999999998,3.2774999999999999
9984,-4.3464,3.2755999999999998
9985,0.77500000000000002,3.2831000000000001
9986,0.77500000000000002,3.2848999999999999
9987,2.0213000000000001,3.2867999999999999
9988,-9.1021000000000001,3.27
9989,-10.708,3.2663000000000002
9990,-8.0233000000000008,3.2682000000000002
9991,-6.6963999999999997,3.27
9992,-1.1408,3.2793000000000001
9993,-6.7088000000000001,3.27
9994,-4.3402000000000003,3.2738
9995,-4.3464,3.2738
9996,0,3.2812000000000001
9997,0.17979999999999999,3.2831000000000001
9998,1.3702000000000001,3.2848999999999999
9999,0.1736,3.2848999999999999
10000,-2.6227,3.2812000000000001
10001,-4.1790000000000003,3.2774999999999999
10002,-4.1790000000000003,3.2774999999999999
10003,-0.99199999999999999,3.2831000000000001
10004,-2.5049000000000001,3.2812000000000001
10005,-4.1417999999999999,3.2774999999999999
10006,0.1736,3.2848999999999999
10007,0.17979999999999999,3.2848999999999999
10008,-3.9371999999999998,3.2793000000000001
10009,-7.7690000000000001,3.2719
10010,-2.4552999999999998,3.2812000000000001
10011,0.21079999999999999,3.2848999999999999
10012,3.8069999999999999,3.2924000000000002
10013,4.7743000000000002,3.2961
10014,5.9337,3.2997999999999998
10015,1.7299,3.2924000000000002
10016,-2.8582999999999998,3.2848999999999999
10017,-3.9371999999999998,3.2831000000000001
10018,-13.058,3.2663000000000002
10019,-12.382099999999999,3.2645
10020,-10.9064,3.2663000000000002
10021,-5.8159000000000001,3.2738
10022,-5.8593000000000002,3.2738
10023,-10.050800000000001,3.2663000000000002
10024,-6.1073000000000004,3.2719
10025,-5.3509000000000002,3.2738
10026,-5.3695000000000004,3.2738
10027,-6.2561999999999998,3.2719
10028,0.2046,3.2831000000000001
10029,-0.78120000000000001,3.2831000000000001
10030,-3.8193999999999999,3.2774999999999999
10031,-3.8256000000000001,3.2774999999999999
10032,0.2046,3.2831000000000001
10033,-0.74399999999999999,3.2831000000000001
10034,-0.74399999999999999,3.2848999999999999
10035,-3.6272000000000002,3.2793000000000001
10036,-5.9027000000000003,3.2755999999999998
10037,-10.1004,3.2682000000000002
10038,-3.8193999999999999,3.2774999999999999
10039,0.73160000000000003,3.2848999999999999
10040,-3.7450000000000001,3.2793000000000001
10041,1.2896000000000001,3.2867999999999999
10042,-8.5441000000000003,3.2719
10043,-11.470700000000001,3.2645
10044,-10.3422,3.2663000000000002
10045,1.2896000000000001,3.2848999999999999
10046,4.8982999999999999,3.2924000000000002
10047,10.6212,3.3054000000000001
10048,8.9284999999999997,3.3054000000000001
10049,13.169600000000001,3.3147000000000002
10050,10.4848,3.3128000000000002
10051,7.3411999999999997,3.3071999999999999
10052,0,3.2961
10053,0,3.2961
10054,0,3.2961
10055,0,3.2924000000000002
10056,0,3.2924000000000002
10057,0,3.2924000000000002
10058,-6.4607999999999999,3.2831000000000001
10059,-9.6974,3.2755999999999998
10060,-20.541899999999998,3.2551999999999999
10061,-22.098199999999999,3.2496
10062,-26.277200000000001,3.2383999999999999
10063,-20.851900000000001,3.2440000000000002
10064,-12.4131,3.2570000000000001
10065,-15.649800000000001,3.2513999999999998
10066,-13.535399999999999,3.2551999999999999
10067,-12.2209,3.2570000000000001
10068,-14.459300000000001,3.2532999999999999
10069,-21.087499999999999,3.2383999999999999
10070,-26.698899999999998,3.2273000000000001
10071,-19.177800000000001,3.2383999999999999
10072,-11.8179,3.2513999999999998
10073,-8.3085000000000004,3.2570000000000001
10074,-6.0514999999999999,3.2625999999999999
10075,-4.4951999999999996,3.2645
10076,-4.4951999999999996,3.2663000000000002
10077,3.6520000000000001,3.2812000000000001
10078,-1.1035999999999999,3.2738
10079,0.17979999999999999,3.2774999999999999
10080,0.77500000000000002,3.2793000000000001
10081,0.1736,3.2793000000000001
10082,1.2896000000000001,3.2812000000000001
10083,0.17979999999999999,3.2812000000000001
10084,1.2896000000000001,3.2831000000000001
10085,5.8159000000000001,3.2924000000000002
10086,10.615,3.3035000000000001
10087,1.2896000000000001,3.2886000000000002
10088,-2.8273000000000001,3.2812000000000001
10089,-6.2995999999999999,3.2755999999999998
10090,-10.7018,3.2663000000000002
10091,-9.1393000000000004,3.2682000000000002
10092,-0.54559999999999997,3.2812000000000001
10093,-3.2614000000000001,3.2774999999999999
10094,-5.4625000000000004,3.2738
10095,0.29759999999999998,3.2831000000000001
10096,-3.2551999999999999,3.2774999999999999
10097,-3.2614000000000001,3.2774999999999999
10098,-12.4193,3.2625999999999999
10099,-9.6105999999999998,3.2645
10100,-11.2165,3.2625999999999999
10101,-6.0143000000000004,3.27
10102,-7.4652000000000003,3.2682000000000002
10103,-8.9718999999999998,3.2645
10104,-5.4996999999999998,3.27
10105,-2.4243000000000001,3.2755999999999998
10106,1.2896000000000001,3.2831000000000001
10107,3.7450000000000001,3.2886000000000002
10108,0.73160000000000003,3.2848999999999999
10109,1.2524,3.2848999999999999
10110,0.29759999999999998,3.2848999999999999
10111,0.73160000000000003,3.2848999999999999
10112,1.333,3.2867999999999999
10113,0.77500000000000002,3.2867999999999999
10114,4.5385999999999997,3.2961
10115,13.169600000000001,3.3128000000000002
10116,11.4521,3.3109999999999999
10117,8.2898999999999994,3.3071999999999999
10118,0,3.2924000000000002
10119,0,3.2924000000000002
10120,0,3.2924000000000002
10121,0,3.2924000000000002
10122,0,3.2924000000000002
10123,0,3.2924000000000002
10124,0,3.2905000000000002
10125,0,3.2905000000000002
10126,0,3.2924000000000002
10127,0,3.2924000000000002
10128,0,3.2924000000000002
10129,0,3.2924000000000002
10130,0,3.2924000000000002
10131,0,3.2924000000000002
10132,0,3.2924000000000002
10133,0,3.2924000000000002
10134,0,3.2924000000000002
10135,0,3.2924000000000002
10136,0,3.2924000000000002
10137,0,3.2924000000000002
10138,0,3.2924000000000002
10139,0,3.2924000000000002
10140,0,3.2924000000000002
10141,0,3.2924000000000002
10142,0,3.2924000000000002
10143,0,3.2961
10144,0,3.2924000000000002
10145,0,3.2924000000000002
10146,0,3.2924000000000002
10147,0,3.2924000000000002
10148,0,3.2961
10149,0,3.2961
10150,0,3.2961
10151,-3.9868000000000001,3.2867999999999999
10152,-9.0648999999999997,3.2774999999999999
10153,-16.021799999999999,3.2645
10154,-19.6614,3.2551999999999999
10155,-24.014099999999999,3.2440000000000002
10156,-27.734300000000001,3.2347000000000001
10157,-15.3459,3.2532999999999999
10158,-16.617000000000001,3.2513999999999998
10159,-20.734100000000002,3.2421000000000002
10160,-16.3752,3.2496
10161,-15.190899999999999,3.2496
10162,-13.175800000000001,3.2532999999999999
10163,-13.6904,3.2513999999999998
10164,-15.625,3.2458999999999998
10165,-7.6512000000000002,3.2606999999999999
10166,-11.464499999999999,3.2551999999999999
10167,-10.9064,3.2551999999999999
10168,-9.6663999999999994,3.2570000000000001
10169,0,3.2738
10170,1.3702000000000001,3.2774999999999999
10171,1.3702000000000001,3.2793000000000001
10172,-4.1045999999999996,3.2719
10173,2.7715000000000001,3.2831000000000001
10174,9.8585999999999991,3.2978999999999998
10175,10.329800000000001,3.3016999999999999
10176,4.1790000000000003,3.2924000000000002
10177,3.4535999999999998,3.2924000000000002
10178,11.613300000000001,3.3071999999999999
10179,10.9747,3.3090999999999999
10180,7.4589999999999996,3.3054000000000001
10181,2.4491000000000001,3.2978999999999998
10182,0.61380000000000001,3.2924000000000002
10183,0,3.2905000000000002
10184,0,3.2905000000000002
10185,0,3.2905000000000002
10186,0,3.2905000000000002
10187,-0.5766,3.2905000000000002
10188,-2.2134999999999998,3.2867999999999999
10189,-2.2568999999999999,3.2867999999999999
10190,0,3.2905000000000002
10191,-0.58279999999999998,3.2905000000000002
10192,0,3.2905000000000002
10193,0,3.2905000000000002
10194,0,3.2905000000000002
10195,0,3.2905000000000002
10196,0,3.2905000000000002
10197,0,3.2905000000000002
10198,0,3.2924000000000002
10199,-0.41539999999999999,3.2905000000000002
10200,-1.8229,3.2886000000000002
10201,-3.4163999999999999,3.2848999999999999
10202,-6.6219999999999999,3.2793000000000001
10203,-15.104100000000001,3.2645
10204,-17.292899999999999,3.2570000000000001
10205,-20.213200000000001,3.2513999999999998
10206,-9.9019999999999992,3.2663000000000002
10207,-5.4625000000000004,3.2738
10208,-13.864000000000001,3.2589000000000001
10209,-19.8598,3.2458999999999998
10210,-20.1388,3.2440000000000002
10211,-13.1014,3.2551999999999999
10212,-5.1772999999999998,3.2682000000000002
10213,-3.9868000000000001,3.2719
10214,-4.0301999999999998,3.2719
10215,-6.2624000000000004,3.2682000000000002
10216,-11.8241,3.2589000000000001
10217,-9.1393000000000004,3.2625999999999999
10218,-12.568199999999999,3.2570000000000001
10219,-11.7807,3.2570000000000001
10220,-10.1004,3.2589000000000001
10221,-2.3003,3.2719
10222,-2.2631000000000001,3.2738
10223,-6.0576999999999996,3.2682000000000002
10224,-8.9408999999999992,3.2625999999999999
10225,-9.1021000000000001,3.2625999999999999
10226,-6.4173999999999998,3.2663000000000002
10227,-9.3438999999999997,3.2606999999999999
10228,-6.2624000000000004,3.2663000000000002
10229,-7.7442000000000002,3.2645
10230,-5.6174999999999997,3.2682000000000002
10231,-4.1045999999999996,3.27
10232,-4.1045999999999996,3.27
10233,-2.5049000000000001,3.2738
10234,-2.4986999999999999,3.2738
10235,-4.0178000000000003,3.2719
10236,0.1736,3.2793000000000001
10237,-2.5792999999999999,3.2755999999999998
10238,0.73160000000000003,3.2812000000000001
10239,1.2958000000000001,3.2831000000000001
10240,3.8069999999999999,3.2886000000000002
10241,4.7805,3.2924000000000002
10242,10.1004,3.3035000000000001
10243,6.4546000000000001,3.2997999999999998
10244,10.8568,3.3090999999999999
10245,4.9292999999999996,3.2997999999999998
10246,6.4112,3.3035000000000001
10247,7.6078000000000001,3.3054000000000001
10248,0,3.2924000000000002
10249,0,3.2924000000000002
10250,0,3.2905000000000002
10251,0,3.2905000000000002
10252,0,3.2905000000000002
10253,0,3.2905000000000002
10254,0,3.2905000000000002
10255,0,3.2905000000000002
10256,0,3.2905000000000002
10257,0,3.2905000000000002
10258,0,3.2905000000000002
10259,0,3.2924000000000002
10260,0,3.2905000000000002
10261,0,3.2905000000000002
10262,0,3.2905000000000002
10263,0,3.2905000000000002
10264,0,3.2924000000000002
10265,0,3.2924000000000002
10266,0,3.2924000000000002
10267,-6.7770000000000001,3.2812000000000001
10268,-10.6646,3.2719
10269,-16.133400000000002,3.2606999999999999
10270,-22.277999999999999,3.2458999999999998
10271,-26.500399999999999,3.2366000000000001
10272,-31.373999999999999,3.2254
10273,-27.368500000000001,3.2290999999999999
10274,-24.206299999999999,3.2309999999999999
10275,-9.3315000000000001,3.2570000000000001
10276,1.2524,3.2755999999999998
10277,1.2524,3.2774999999999999
10278,12.338699999999999,3.2997999999999998
10279,13.461,3.3054000000000001
10280,10.8444,3.3035000000000001
10281,7.1799999999999997,3.2997999999999998
10282,0,3.2867999999999999
10283,0,3.2867999999999999
10284,0,3.2867999999999999
10285,0,3.2867999999999999
10286,0,3.2867999999999999
10287,0,3.2867999999999999
10288,0,3.2886000000000002
10289,0,3.2886000000000002
10290,0,3.2886000000000002
10291,0,3.2886000000000002
10292,0,3.2886000000000002
10293,0,3.2886000000000002
10294,0,3.2886000000000002
10295,-0.78120000000000001,3.2886000000000002
10296,-4.3402000000000003,3.2812000000000001
10297,-6.6219999999999999,3.2774999999999999
10298,-9.7469999999999999,3.27
10299,-18.136099999999999,3.2551999999999999
10300,-15.184699999999999,3.2570000000000001
10301,-8.1783000000000001,3.2682000000000002
10302,-2.5792999999999999,3.2774999999999999
10303,0.48359999999999997,3.2831000000000001
10304,-3.3357999999999999,3.2774999999999999
10305,-3.9371999999999998,3.2774999999999999
10306,-1.5438000000000001,3.2812000000000001
10307,-8.2217000000000002,3.2719
10308,-13.3866,3.2606999999999999
10309,-14.7011,3.2570000000000001
10310,-16.344200000000001,3.2532999999999999
10311,-13.182,3.2570000000000001
10312,-15.5381,3.2513999999999998
10313,-7.9861000000000004,3.2625999999999999
10314,-6.3120000000000003,3.2663000000000002
10315,-2.7839,3.2719
10316,0.29759999999999998,3.2793000000000001
10317,0.29759999999999998,3.2793000000000001
10318,-6.4669999999999996,3.27
10319,-6.2995999999999999,3.27
10320,-5.1401000000000003,3.2719
10321,-1.6245000000000001,3.2755999999999998
10322,-0.38440000000000002,3.2793000000000001
10323,-0.38440000000000002,3.2812000000000001
10324,-2.8273000000000001,3.2774999999999999
10325,-1.6245000000000001,3.2793000000000001
10326,5.4500999999999999,3.2924000000000002
10327,1.6555,3.2867999999999999
10328,0.3286,3.2848999999999999
10329,-6.9071999999999996,3.2738
10330,-4.7309000000000001,3.2755999999999998
10331,-4.7866999999999997,3.2755999999999998
10332,1.1718,3.2848999999999999
10333,8.3394999999999992,3.2997999999999998
10334,7.056,3.3016999999999999
10335,7.2481999999999998,3.3035000000000001
10336,0,3.2886000000000002
10337,0,3.2886000000000002
10338,0,3.2886000000000002
10339,0,3.2886000000000002
10340,0,3.2886000000000002
10341,0,3.2886000000000002
10342,0,3.2886000000000002
10343,0,3.2886000000000002
10344,0,3.2886000000000002
10345,0,3.2905000000000002
10346,0,3.2905000000000002
10347,0,3.2905000000000002
10348,0,3.2905000000000002
10349,0,3.2905000000000002
10350,-3.3420000000000001,3.2848999999999999
10351,-0.496,3.2886000000000002
10352,-0.496,3.2886000000000002
10353,-0.496,3.2886000000000002
10354,-0.496,3.2905000000000002
10355,-2.2631000000000001,3.2867999999999999
10356,-4.7432999999999996,3.2831000000000001
10357,-3.5775999999999999,3.2831000000000001
10358,-3.5775999999999999,3.2831000000000001
10359,-4.5448000000000004,3.2812000000000001
10360,-9.5052000000000003,3.2719
10361,-11.5451,3.2663000000000002
10362,-4.1727999999999996,3.2774999999999999
10363,0,3.2867999999999999
10364,0,3.2867999999999999
10365,0,3.2867999999999999
10366,-6.6281999999999996,3.2774999999999999
10367,-13.864000000000001,3.2625999999999999
10368,-22.0486,3.2458999999999998
10369,-26.8477,3.2347000000000001
10370,-25.260400000000001,3.2328000000000001
10371,-17.528500000000001,3.2440000000000002
10372,-11.055300000000001,3.2551999999999999
10373,-7.5705999999999998,3.2625999999999999
10374,-12.1465,3.2551999999999999
10375,-10.6708,3.2570000000000001
10376,-9.6539999999999999,3.2589000000000001
10377,-8.5379000000000005,3.2606999999999999
10378,-3.6520000000000001,3.2682000000000002
10379,1.2958000000000001,3.2774999999999999
10380,1.2462,3.2793000000000001
10381,-3.4598,3.2719
10382,-3.4784000000000002,3.2738
10383,-3.4722,3.2738
10384,-3.4598,3.2738
10385,-3.4660000000000002,3.2738
10386,-9.6229999999999993,3.2625999999999999
10387,-5.0656999999999996,3.27
10388,-8.5503,3.2645
10389,-5.9398999999999997,3.2682000000000002
10390,-7.4093999999999998,3.2663000000000002
10391,-8.9408999999999992,3.2625999999999999
10392,-6.2624000000000004,3.2663000000000002
10393,-5.5058999999999996,3.2682000000000002
10394,-7.7751999999999999,3.2645
10395,-6.4669999999999996,3.2663000000000002
10396,-13.895,3.2532999999999999
10397,-28.4908,3.2273000000000001
10398,8.9284999999999997,3.2867999999999999
10399,-27.318899999999999,3.2290999999999999
10400,-6.2624000000000004,3.2606999999999999
10401,-2.9823,3.2682000000000002
10402,5.1338999999999997,3.2831000000000001
10403,19.103400000000001,3.3109999999999999
10404,17.7393,3.3128000000000002
10405,15.097899999999999,3.3128000000000002
10406,11.972899999999999,3.3090999999999999
10407,8.6928999999999998,3.3054000000000001
10408,0,3.2905000000000002
10409,0,3.2886000000000002
10410,0,3.2886000000000002
10411,0,3.2886000000000002
10412,0,3.2886000000000002
10413,0,3.2886000000000002
10414,0,3.2886000000000002
10415,0,3.2886000000000002
10416,0,3.2886000000000002
10417,0,3.2886000000000002
10418,0,3.2886000000000002
10419,0,3.2886000000000002
10420,0,3.2886000000000002
10421,0,3.2886000000000002
10422,0,3.2886000000000002
10423,0,3.2886000000000002
10424,0,3.2886000000000002
10425,0,3.2886000000000002
10426,0,3.2886000000000002
10427,0,3.2886000000000002
10428,0,3.2886000000000002
10429,0,3.2905000000000002
10430,0,3.2905000000000002
10431,0,3.2905000000000002
10432,0,3.2905000000000002
10433,0,3.2905000000000002
10434,0,3.2905000000000002
10435,0,3.2905000000000002
10436,-4.8982999999999999,3.2831000000000001
10437,-10.6212,3.2719
10438,-17.813700000000001,3.2570000000000001
10439,-18.650700000000001,3.2532999999999999
10440,-16.5488,3.2551999999999999
10441,-15.011100000000001,3.2551999999999999
10442,-9.5361999999999991,3.2625999999999999
10443,-26.1098,3.2347000000000001
10444,-7.056,3.2645
10445,-14.0997,3.2532999999999999
10446,-11.104900000000001,3.2570000000000001
10447,-2.8273000000000001,3.27
10448,-20.734100000000002,3.2403
10449,1.2524,3.2755999999999998
10450,0.84940000000000004,3.2774999999999999
10451,0.77500000000000002,3.2793000000000001
10452,1.2524,3.2812000000000001
10453,1.6927000000000001,3.2831000000000001
10454,1.2524,3.2831000000000001
10455,0.73160000000000003,3.2831000000000001
10456,4.1356000000000002,3.2905000000000002
10457,3.4535999999999998,3.2905000000000002
10458,3.0876999999999999,3.2905000000000002
10459,2.8893,3.2905000000000002
10460,4.3339999999999996,3.2924000000000002
10461,7.5334000000000003,3.3016999999999999
10462,0,3.2886000000000002
10463,0,3.2886000000000002
10464,0,3.2886000000000002
10465,0,3.2886000000000002
10466,0,3.2886000000000002
10467,0,3.2886000000000002
10468,0,3.2886000000000002
10469,0,3.2886000000000002
10470,0,3.2886000000000002
10471,0,3.2886000000000002
10472,0,3.2886000000000002
10473,0,3.2886000000000002
10474,0,3.2886000000000002
10475,0,3.2886000000000002
10476,0,3.2886000000000002
10477,0,3.2886000000000002
10478,0,3.2905000000000002
10479,0,3.2905000000000002
10480,0,3.2905000000000002
10481,0,3.2905000000000002
10482,0,3.2905000000000002
10483,0,3.2905000000000002
10484,0,3.2905000000000002
10485,0,3.2905000000000002
10486,0,3.2905000000000002
10487,0,3.2905000000000002
10488,0,3.2905000000000002
10489,0,3.2905000000000002
10490,0,3.2905000000000002
10491,0,3.2905000000000002
10492,0,3.2905000000000002
10493,-9.6167999999999996,3.2755999999999998
10494,-9.4556000000000004,3.2738
10495,-15.333500000000001,3.2625999999999999
10496,-18.700299999999999,3.2532999999999999
10497,-21.1309,3.2458999999999998
10498,-23.3568,3.2383999999999999
10499,-6.3305999999999996,3.2663000000000002
10500,-9.3004999999999995,3.2625999999999999
10501,-27.808700000000002,3.2290999999999999
10502,-13.1448,3.2532999999999999
10503,-10.615,3.2570000000000001
10504,-4.5696000000000003,3.2663000000000002
10505,0.84319999999999995,3.2774999999999999
10506,1.7299,3.2793000000000001
10507,1.7361,3.2812000000000001
10508,1.2524,3.2812000000000001
10509,1.6493,3.2848999999999999
10510,11.458299999999999,3.3035000000000001
10511,7.1738,3.2997999999999998
10512,-1.8167,3.2831000000000001
10513,-4.5758000000000001,3.2774999999999999
10514,-4.7061000000000002,3.2774999999999999
10515,-6.0514999999999999,3.2738
10516,-12.0101,3.2625999999999999
10517,-20.145,3.2458999999999998
10518,-22.290400000000002,3.2403
10519,-20.535699999999999,3.2403
10520,-5.3632999999999997,3.2645
10521,-0.54559999999999997,3.2738
10522,-1.9035,3.2738
10523,5.7352999999999996,3.2867999999999999
10524,10.689399999999999,3.2997999999999998
10525,7.3474000000000004,3.2978999999999998
10526,4.1356000000000002,3.2924000000000002
10527,-1.9407000000000001,3.2812000000000001
10528,-17.7455,3.2551999999999999
10529,-21.831499999999998,3.2421000000000002
10530,-20.839500000000001,3.2403
10531,-21.0565,3.2383999999999999
10532,-15.2591,3.2458999999999998
10533,-8.5751000000000008,3.2589000000000001
10534,-7.3845999999999998,3.2606999999999999
10535,-5.3136999999999999,3.2645
10536,0.73160000000000003,3.2755999999999998
10537,-2.2259000000000002,3.2719
10538,-5.9523000000000001,3.2663000000000002
10539,-5.2641,3.2682000000000002
10540,-2.2631000000000001,3.2738
10541,-2.2197,3.2738
10542,-3.7450000000000001,3.2719
10543,-10.137600000000001,3.2606999999999999
10544,-10.3422,3.2589000000000001
10545,-5.4996999999999998,3.2663000000000002
10546,0.2046,3.2755999999999998
10547,1.2958000000000001,3.2793000000000001
10548,-5.3013000000000003,3.27
10549,-8.9533000000000005,3.2625999999999999
10550,-11.972899999999999,3.2570000000000001
10551,-4.0983999999999998,3.2682000000000002
10552,0.1736,3.2755999999999998
10553,-9.2632999999999992,3.2625999999999999
10554,-11.650499999999999,3.2570000000000001
10555,-14.217499999999999,3.2513999999999998
10556,-18.650700000000001,3.2403
10557,-13.907400000000001,3.2496
10558,-11.8613,3.2513999999999998
10559,-8.9718999999999998,3.2570000000000001
10560,-9.1082999999999998,3.2570000000000001
10561,-9.2632999999999992,3.2551999999999999
10562,-5.1029,3.2625999999999999
10563,-1.6245000000000001,3.27
10564,-3.2551999999999999,3.2682000000000002
10565,-3.2614000000000001,3.2682000000000002
10566,-6.7026000000000003,3.2625999999999999
10567,-10.832000000000001,3.2551999999999999
10568,0.73160000000000003,3.2738
10569,1.3702000000000001,3.2774999999999999
10570,0.73160000000000003,3.2774999999999999
10571,-8.8603000000000005,3.2625999999999999
10572,-12.0969,3.2551999999999999
10573,-10.739000000000001,3.2570000000000001
10574,-7.7008000000000001,3.2606999999999999
10575,-6.9071999999999996,3.2625999999999999
10576,-3.4102000000000001,3.2682000000000002
10577,1.3702000000000001,3.2774999999999999
10578,2.0956999999999999,3.2793000000000001
10579,-6.5351999999999997,3.2663000000000002
10580,-8.9780999999999995,3.2606999999999999
10581,-12.289099999999999,3.2551999999999999
10582,-12.5806,3.2532999999999999
10583,-13.8268,3.2496
10584,-11.4893,3.2532999999999999
10585,-8.2898999999999994,3.2570000000000001
10586,-1.9097,3.2682000000000002
10587,1.3702000000000001,3.2755999999999998
10588,21.372699999999998,3.3128000000000002
10589,19.5746,3.3147000000000002
10590,18.346900000000002,3.3165
10591,15.5815,3.3147000000000002
10592,12.4193,3.3109999999999999
10593,9.1331000000000007,3.3071999999999999
10594,0,3.2905000000000002
10595,0,3.2886000000000002
10596,0,3.2886000000000002
10597,0,3.2886000000000002
10598,0,3.2886000000000002
10599,0,3.2886000000000002
10600,0,3.2886000000000002
10601,0,3.2886000000000002
10602,0,3.2886000000000002
10603,0,3.2867999999999999
10604,0,3.2886000000000002
10605,0,3.2886000000000002
10606,0,3.2886000000000002
10607,0,3.2867999999999999
10608,0,3.2886000000000002
10609,0,3.2886000000000002
10610,0,3.2886000000000002
10611,0,3.2886000000000002
10612,0,3.2886000000000002
10613,0,3.2886000000000002
10614,0,3.2886000000000002
10615,0,3.2886000000000002
10616,0,3.2886000000000002
10617,0,3.2886000000000002
10618,0,3.2886000000000002
10619,0,3.2886000000000002
10620,0,3.2886000000000002
10621,0,3.2886000000000002
10622,0,3.2886000000000002
10623,0,3.2886000000000002
10624,0,3.2886000000000002
10625,0,3.2886000000000002
10626,0,3.2886000000000002
10627,0,3.2886000000000002
10628,0,3.2886000000000002
10629,0,3.2886000000000002
10630,0,3.2905000000000002
10631,0,3.2905000000000002
10632,0,3.2905000000000002
10633,0,3.2905000000000002
10634,0,3.2905000000000002
10635,0,3.2905000000000002
10636,-10.497199999999999,3.2719
10637,-14.453099999999999,3.2625999999999999
10638,-18.340699999999998,3.2551999999999999
10639,-22.817399999999999,3.2421000000000002
10640,-28.608599999999999,3.2290999999999999
10641,-33.451099999999997,3.218
10642,-29.253399999999999,3.2216999999999998
10643,-28.199400000000001,3.2216999999999998
10644,-22.3338,3.2290999999999999
10645,-12.1713,3.2440000000000002
10646,2.6970999999999998,3.2719
10647,1.8539000000000001,3.2738
10648,0.73160000000000003,3.2738
10649,-7.4156000000000004,3.2606999999999999
10650,-6.1383000000000001,3.2625999999999999
10651,-6.2188999999999997,3.2625999999999999
10652,-9.1021000000000001,3.2589000000000001
10653,-21.484300000000001,3.2347000000000001
10654,2.7776999999999998,3.2755999999999998
10655,14.050000000000001,3.2997999999999998
10656,6.1010999999999997,3.2867999999999999
10657,16.139600000000002,3.3071999999999999
10658,6.9630000000000001,3.2961
10659,1.054,3.2848999999999999
10660,-10.212,3.2663000000000002
10661,-6.7770000000000001,3.2682000000000002
10662,-15.649800000000001,3.2532999999999999
10663,-26.773299999999999,3.2309999999999999
10664,-30.846900000000002,3.2198000000000002
10665,-39.961500000000001,3.2031000000000001
10666,-39.955300000000001,3.1974999999999998
10667,-39.955300000000001,3.1938
10668,-39.955300000000001,3.1919
10669,-25.2852,3.2141999999999999
10670,-39.961500000000001,3.1901000000000002
10671,-30.115300000000001,3.2048999999999999
10672,-39.967700000000001,3.1863000000000001
10673,-38.274999999999999,3.1882000000000001
10674,-39.961500000000001,3.1844999999999999
10675,-29.166599999999999,3.2012
10676,-27.449100000000001,3.2031000000000001
10677,-25.892800000000001,3.2048999999999999
10678,-10.497199999999999,3.2309999999999999
10679,-6.4298000000000002,3.2383999999999999
10680,-8.7363,3.2366000000000001
10681,-6.2686000000000002,3.2421000000000002
10682,-10.2616,3.2366000000000001
10683,-10.2554,3.2366000000000001
10684,-10.2554,3.2366000000000001
10685,-10.2492,3.2383999999999999
10686,-14.8127,3.2309999999999999
10687,-14.8933,3.2309999999999999
10688,-21.819099999999999,3.2198000000000002
10689,-24.497699999999998,3.2141999999999999
10690,-24.975100000000001,3.2124000000000001
10691,-20.740300000000001,3.218
10692,-23.456099999999999,3.2141999999999999
10693,-26.277200000000001,3.2086999999999999
10694,-21.899799999999999,3.2141999999999999
10695,-24.677499999999998,3.2105000000000001
10696,-30.1401,3.2012
10697,-39.955300000000001,3.1825999999999999
10698,-39.546100000000003,3.1808000000000001
10699,-27.734300000000001,3.1974999999999998
10700,-22.817399999999999,3.2067999999999999
10701,-17.534700000000001,3.2161
10702,-12.3697,3.2254
10703,-7.4589999999999996,3.2347000000000001
10704,-14.694900000000001,3.2254
10705,-19.934200000000001,3.2161
10706,-23.021999999999998,3.2105000000000001
10707,-25.9238,3.2067999999999999
10708,-20.6907,3.2141999999999999
10709,-26.494199999999999,3.2048999999999999
10710,-21.1309,3.2124000000000001
10711,-24.330300000000001,3.2067999999999999
10712,-18.855399999999999,3.2161
10713,-16.213999999999999,3.2198000000000002
10714,-11.421099999999999,3.2273000000000001
10715,-16.102399999999999,3.2216999999999998
10716,-16.0962,3.2216999999999998
10717,-16.102399999999999,3.2216999999999998
10718,-16.09,3.2216999999999998
10719,-16.0962,3.2216999999999998
10720,-13.368,3.2273000000000001
10721,-8.3828999999999994,3.2347000000000001
10722,-8.2217000000000002,3.2366000000000001
10723,1.5314000000000001,3.2551999999999999
10724,-2.1453000000000002,3.2513999999999998
10725,-4.6192000000000002,3.2458999999999998
10726,-9.7469999999999999,3.2383999999999999
10727,-6.9753999999999996,3.2440000000000002
10728,-11.569900000000001,3.2366000000000001
10729,-22.023800000000001,3.2198000000000002
10730,-16.852599999999999,3.2254
10731,-16.902200000000001,3.2254
10732,-14.3415,3.2290999999999999
10733,-7.0250000000000004,3.2421000000000002
10734,-4.1852,3.2496
10735,-4.1417999999999999,3.2496
10736,-3.9371999999999998,3.2513999999999998
10737,-1.0602,3.2570000000000001
10738,-20.746500000000001,3.2235
10739,-3.6272000000000002,3.2513999999999998
10740,-10.6708,3.2383999999999999
10741,-8.7052999999999994,3.2421000000000002
10742,-8.5503,3.2421000000000002
10743,-15.339700000000001,3.2309999999999999
10744,-11.1111,3.2383999999999999
10745,-39.961500000000001,3.1901000000000002
10746,2.0895000000000001,3.2570000000000001
10747,-39.961500000000001,3.1901000000000002
10748,-13.9384,3.2273000000000001
10749,-27.170100000000001,3.2086999999999999
10750,-39.961500000000001,3.1844999999999999
10751,-28.4846,3.2012
10752,-20.566700000000001,3.2141999999999999
10753,-26.401199999999999,3.2048999999999999
10754,-15.736599999999999,3.2216999999999998
10755,-10.9002,3.2290999999999999
10756,0,3.2496
10757,1.6927000000000001,3.2551999999999999
10758,4.7309000000000001,3.2625999999999999
10759,7.9302999999999999,3.27
10760,6.6096000000000004,3.27
10761,-12.853400000000001,3.2383999999999999
10762,-12.853400000000001,3.2366000000000001
10763,-3.2242000000000002,3.2532999999999999
10764,6.6901999999999999,3.27
10765,-10.2616,3.2440000000000002
10766,-14.2919,3.2366000000000001
10767,-10.267799999999999,3.2421000000000002
10768,-2.5792999999999999,3.2551999999999999
10769,-9.9391999999999996,3.2421000000000002
10770,-11.6195,3.2403
10771,-11.6257,3.2383999999999999
10772,-2.3437000000000001,3.2551999999999999
10773,0,3.2606999999999999
10774,0.17979999999999999,3.2625999999999999
10775,5.1772999999999998,3.2719
10776,8.0108999999999995,3.2774999999999999
10777,7.9798999999999998,3.2793000000000001
10778,9.1331000000000007,3.2831000000000001
10779,9.0587,3.2848999999999999
10780,7.8125,3.2831000000000001
10781,8.8478999999999992,3.2867999999999999
10782,15.2033,3.3016999999999999
10783,11.650499999999999,3.2961
10784,14.2113,3.3016999999999999
10785,10.0136,3.2961
10786,8.5751000000000008,3.2961
10787,5.6113,3.2886000000000002
10788,4.6875,3.2867999999999999
10789,-3.3420000000000001,3.2738
10790,1.3702000000000001,3.2793000000000001
10791,5.3013000000000003,3.2867999999999999
10792,8.9718999999999998,3.2961
10793,15.7676,3.3090999999999999
10794,17.850899999999999,3.3147000000000002
10795,5.9398999999999997,3.2961
10796,3.7635999999999998,3.2905000000000002
10797,1.6121000000000001,3.2867999999999999
10798,5.2516999999999996,3.2924000000000002
10799,4.7743000000000002,3.2905000000000002
10800,8.5379000000000005,3.2997999999999998
10801,3.8193999999999999,3.2905000000000002
10802,0,3.2831000000000001
10803,0,3.2831000000000001
10804,0,3.2831000000000001
10805,0,3.2831000000000001
10806,0,3.2831000000000001
10807,0,3.2831000000000001
10808,0,3.2812000000000001
10809,0,3.2831000000000001
10810,0,3.2812000000000001
10811,0,3.2812000000000001
10812,0,3.2812000000000001
10813,0,3.2812000000000001
10814,0,3.2812000000000001
10815,0,3.2812000000000001
10816,0,3.2812000000000001
10817,0,3.2812000000000001
10818,0,3.2812000000000001
10819,-3.3357999999999999,3.2755999999999998
10820,-10.6212,3.2625999999999999
10821,-16.691400000000002,3.2513999999999998
10822,-20.2194,3.2421000000000002
10823,-24.572099999999999,3.2309999999999999
10824,-28.2056,3.2235
10825,-27.814900000000002,3.2216999999999998
10826,-30.766300000000001,3.2141999999999999
10827,-16.896000000000001,3.2328000000000001
10828,-21.738499999999998,3.2254
10829,-20.975899999999999,3.2254
10830,-23.648299999999999,3.2216999999999998
10831,-31.454599999999999,3.2067999999999999
10832,-16.220199999999998,3.2290999999999999
10833,-16.765799999999999,3.2290999999999999
10834,-13.0952,3.2347000000000001
10835,-15.972200000000001,3.2309999999999999
10836,-17.609100000000002,3.2273000000000001
10837,-19.810199999999998,3.2235
10838,-7.9364999999999997,3.2421000000000002
10839,-10.77,3.2383999999999999
10840,-4.2968000000000002,3.2513999999999998
10841,-0.496,3.2589000000000001
10842,-8.9718999999999998,3.2458999999999998
10843,-18.886399999999998,3.2290999999999999
10844,-14.825100000000001,3.2328000000000001
10845,-6.5785999999999998,3.2496
10846,-6.5724,3.2496
10847,-6.5724,3.2496
10848,-6.5785999999999998,3.2496
10849,-6.5785999999999998,3.2513999999999998
10850,-7.7751999999999999,3.2496
10851,-11.464499999999999,3.2421000000000002
10852,-7.9364999999999997,3.2496
10853,-4.7866999999999997,3.2532999999999999
10854,0.48980000000000001,3.2645
10855,5.1711,3.2719
10856,6.0453000000000001,3.2755999999999998
10857,2.2568999999999999,3.2719
10858,15.2591,3.2961
10859,16.610800000000001,3.3016999999999999
10860,20.120200000000001,3.3109999999999999
10861,14.694900000000001,3.3035000000000001
10862,13.616,3.3035000000000001
10863,12.289099999999999,3.3035000000000001
10864,10.615,3.3016999999999999
10865,6.2126999999999999,3.2924000000000002
10866,0,3.2812000000000001
10867,0,3.2812000000000001
10868,0,3.2793000000000001
10869,0,3.2793000000000001
10870,0,3.2793000000000001
10871,0,3.2793000000000001
10872,0,3.2793000000000001
10873,0,3.2793000000000001
10874,0,3.2793000000000001
10875,-8.3332999999999995,3.2645
10876,-10.652200000000001,3.2606999999999999
10877,-17.057200000000002,3.2458999999999998
10878,-23.207999999999998,3.2328000000000001
10879,-27.3809,3.2235
10880,-32.204799999999999,3.2141999999999999
10881,-39.961500000000001,3.1956000000000002
10882,-35.596400000000003,3.2012
10883,-11.7683,3.2366000000000001
10884,-28.379200000000001,3.2124000000000001
10885,-24.5411,3.2161
10886,-18.650700000000001,3.2254
10887,-6.6096000000000004,3.2440000000000002
10888,-3.1869999999999998,3.2532999999999999
10889,0,3.2606999999999999
10890,0.72540000000000004,3.2625999999999999
10891,1.3702000000000001,3.2663000000000002
10892,3.7263999999999999,3.27
10893,17.695900000000002,3.2978999999999998
10894,18.1113,3.3016999999999999
10895,15.333500000000001,3.3016999999999999
10896,12.1713,3.2978999999999998
10897,8.9284999999999997,3.2924000000000002
10898,0,3.2774999999999999
10899,0,3.2774999999999999
10900,0,3.2755999999999998
10901,0,3.2755999999999998
10902,0,3.2755999999999998
10903,0,3.2755999999999998
10904,0,3.2755999999999998
10905,0,3.2774999999999999
10906,0,3.2774999999999999
10907,0,3.2774999999999999
10908,0,3.2774999999999999
10909,0,3.2774999999999999
10910,0,3.2774999999999999
10911,0,3.2774999999999999
10912,0,3.2774999999999999
10913,0,3.2774999999999999
10914,0,3.2774999999999999
10915,0,3.2774999999999999
10916,0,3.2774999999999999
10917,0,3.2793000000000001
10918,0,3.2774999999999999
10919,0,3.2793000000000001
10920,-10.509600000000001,3.2606999999999999
10921,-14.4655,3.2532999999999999
10922,-18.340699999999998,3.2421000000000002
10923,-22.811199999999999,3.2328000000000001
10924,-28.614799999999999,3.2198000000000002
10925,-33.444899999999997,3.2105000000000001
10926,-39.9739,3.1938
10927,-39.961500000000001,3.1919
10928,-22.0548,3.218
10929,-21.819099999999999,3.2198000000000002
10930,-39.967700000000001,3.1882000000000001
10931,-28.4102,3.2048999999999999
10932,-14.459300000000001,3.2273000000000001
10933,-24.844899999999999,3.2124000000000001
10934,-10.8568,3.2328000000000001
10935,-14.5771,3.2290999999999999
10936,-14.8499,3.2290999999999999
10937,-4.6254,3.2440000000000002
10938,-7.7690000000000001,3.2421000000000002
10939,-7.8186999999999998,3.2421000000000002
10940,-2.7033,3.2532999999999999
10941,-0.70679999999999998,3.2570000000000001
10942,-11.2599,3.2403
10943,-6.5785999999999998,3.2458999999999998
10944,0.53320000000000001,3.2606999999999999
10945,-4.5014000000000003,3.2532999999999999
10946,-4.4269999999999996,3.2551999999999999
10947,-2.5049000000000001,3.2589000000000001
10948,-6.3120000000000003,3.2532999999999999
10949,-6.3120000000000003,3.2532999999999999
10950,-6.3120000000000003,3.2532999999999999
10951,-6.3120000000000003,3.2532999999999999
10952,-6.2995999999999999,3.2532999999999999
10953,-2.4552999999999998,3.2589000000000001
10954,-8.1410999999999998,3.2513999999999998
10955,-8.1844999999999999,3.2496
10956,-11.061500000000001,3.2440000000000002
10957,-0.58279999999999998,3.2625999999999999
10958,-2.4615,3.2606999999999999
10959,-6.2126999999999999,3.2551999999999999
10960,-6.2251000000000003,3.2551999999999999
10961,-2.4243000000000001,3.2606999999999999
10962,-2.3374999999999999,3.2625999999999999
10963,-4.1852,3.2589000000000001
10964,6.0143000000000004,3.2755999999999998
10965,10.212,3.2848999999999999
10966,13.1386,3.2924000000000002
10967,13.851599999999999,3.2978999999999998
10968,14.8499,3.3016999999999999
10969,15.972200000000001,3.3054000000000001
10970,13.2936,3.3035000000000001
10971,13.299799999999999,3.3054000000000001
10972,10.683199999999999,3.3016999999999999
10973,6.8204000000000002,3.2961
10974,0,3.2812000000000001
10975,0,3.2812000000000001
10976,0,3.2812000000000001
10977,0,3.2793000000000001
10978,0,3.2793000000000001
10979,0,3.2793000000000001
10980,0,3.2793000000000001
10981,0,3.2793000000000001
10982,0,3.2793000000000001
10983,-3.9868000000000001,3.2719
10984,-7.5396000000000001,3.2663000000000002
10985,-6.6592000000000002,3.2663000000000002
10986,-3.6272000000000002,3.27
10987,-11.427300000000001,3.2570000000000001
10988,-7.1055999999999999,3.2625999999999999
10989,-6.6158000000000001,3.2625999999999999
10990,-10.2988,3.2570000000000001
10991,-15.8544,3.2440000000000002
10992,-17.4603,3.2403
10993,-16.3504,3.2403
10994,-13.9322,3.2421000000000002
10995,-13.492000000000001,3.2440000000000002
10996,-12.028700000000001,3.2458999999999998
10997,-13.337,3.2421000000000002
10998,-14.4655,3.2403
10999,-12.5806,3.2421000000000002
11000,-11.7807,3.2440000000000002
11001,-8.7052999999999994,3.2496
11002,-5.3136999999999999,3.2551999999999999
11003,-3.8256000000000001,3.2589000000000001
11004,-3.8256000000000001,3.2606999999999999
11005,-3.8256000000000001,3.2606999999999999
11006,-3.8256000000000001,3.2606999999999999
11007,-3.8256000000000001,3.2606999999999999
11008,-11.7745,3.2496
11009,-6.3491999999999997,3.2570000000000001
11010,-6.4236000000000004,3.2551999999999999
11011,0.73160000000000003,3.2682000000000002
11012,0.73160000000000003,3.27
11013,-0.78120000000000001,3.2682000000000002
11014,-3.8256000000000001,3.2625999999999999
11015,-3.8256000000000001,3.2625999999999999
11016,1.8105,3.2719
11017,6.2126999999999999,3.2812000000000001
11018,16.499199999999998,3.3016999999999999
11019,13.2936,3.2997999999999998
11020,10.689399999999999,3.2978999999999998
11021,0,3.2793000000000001
11022,0,3.2774999999999999
11023,0,3.2774999999999999
11024,0,3.2774999999999999
11025,0,3.2774999999999999
11026,0,3.2774999999999999
11027,0,3.2774999999999999
11028,0,3.2774999999999999
11029,0,3.2774999999999999
11030,0,3.2774999999999999
11031,0,3.2774999999999999
11032,0,3.2774999999999999
11033,0,3.2774999999999999
11034,0,3.2774999999999999
11035,0,3.2774999999999999
11036,0,3.2774999999999999
11037,0,3.2774999999999999
11038,0,3.2774999999999999
11039,0,3.2774999999999999
11040,0,3.2774999999999999
11041,-10.497199999999999,3.2606999999999999
11042,-14.453099999999999,3.2532999999999999
11043,-18.340699999999998,3.2421000000000002
11044,-22.588000000000001,3.2328000000000001
11045,-13.305999999999999,3.2458999999999998
11046,-13.0642,3.2458999999999998
11047,-11.0243,3.2496
11048,-2.1391,3.2645
11049,-2.1391,3.2663000000000002
11050,-6.2995999999999999,3.2589000000000001
11051,-4.1356000000000002,3.2625999999999999
11052,-2.1453000000000002,3.2663000000000002
11053,-0.1426,3.27
11054,1.054,3.2738
11055,-1.1408,3.2719
11056,0.29759999999999998,3.2738
11057,-6.2624000000000004,3.2625999999999999
11058,-3.218,3.2663000000000002
11059,-1.1408,3.27
11060,0.61380000000000001,3.2738
11061,-1.1097999999999999,3.2719
11062,-2.0585,3.27
11063,-3.0629,3.2682000000000002
11064,-6.2624000000000004,3.2645
11065,-7.2606000000000002,3.2606999999999999
11066,-10.460000000000001,3.2551999999999999
11067,-8.9408999999999992,3.2570000000000001
11068,-12.5434,3.2496
11069,-10.9809,3.2513999999999998
11070,-3.9371999999999998,3.2625999999999999
11071,-3.9868000000000001,3.2625999999999999
11072,-7.7380000000000004,3.2570000000000001
11073,-7.5457999999999998,3.2570000000000001
11074,-7.6698000000000004,3.2570000000000001
11075,-4.5758000000000001,3.2625999999999999
11076,-3.2242000000000002,3.2645
11077,-3.218,3.2645
11078,-5.3446999999999996,3.2606999999999999
11079,-14.9739,3.2440000000000002
11080,-20.4861,3.2328000000000001
11081,-15.2529,3.2383999999999999
11082,-10.825799999999999,3.2458999999999998
11083,-10.453799999999999,3.2458999999999998
11084,3.9805999999999999,3.2719
11085,17.702100000000002,3.2978999999999998
11086,16.213999999999999,3.3016999999999999
11087,13.089,3.2978999999999998
11088,9.7346000000000004,3.2924000000000002
11089,0,3.2774999999999999
11090,0,3.2774999999999999
11091,0,3.2774999999999999
11092,0,3.2774999999999999
11093,0,3.2774999999999999
11094,0,3.2774999999999999
11095,0,3.2774999999999999
11096,0,3.2774999999999999
11097,0,3.2774999999999999
11098,0,3.2774999999999999
11099,0,3.2774999999999999
11100,0,3.2774999999999999
11101,0,3.2774999999999999
11102,0,3.2774999999999999
11103,0,3.2774999999999999
11104,0,3.2774999999999999
11105,0,3.2774999999999999
11106,0,3.2774999999999999
11107,0,3.2793000000000001
11108,0,3.2774999999999999
11109,0,3.2793000000000001
11110,0,3.2793000000000001
11111,0,3.2793000000000001
11112,0,3.2793000000000001
11113,0,3.2793000000000001
11114,0,3.2793000000000001
11115,0,3.2793000000000001
11116,0,3.2793000000000001
11117,0,3.2793000000000001
11118,-6.4607999999999999,3.2682000000000002
11119,-8.1844999999999999,3.2645
11120,-17.150200000000002,3.2458999999999998
11121,-13.907400000000001,3.2513999999999998
11122,-16.424800000000001,3.2440000000000002
11123,-12.022500000000001,3.2513999999999998
11124,-11.6691,3.2513999999999998
11125,-20.021000000000001,3.2347000000000001
11126,-21.626899999999999,3.2309999999999999
11127,-16.5364,3.2366000000000001
11128,-15.742800000000001,3.2366000000000001
11129,-15.463699999999999,3.2366000000000001
11130,-17.534700000000001,3.2328000000000001
11131,-13.485799999999999,3.2383999999999999
11132,-7.6264000000000003,3.2496
11133,-9.1827000000000005,3.2458999999999998
11134,-5.6670999999999996,3.2551999999999999
11135,-5.7042999999999999,3.2551999999999999
11136,-4.1417999999999999,3.2589000000000001
11137,-6.5724,3.2551999999999999
11138,-5.7477,3.2570000000000001
11139,-4.1790000000000003,3.2589000000000001
11140,1.2958000000000001,3.2682000000000002
11141,1.2958000000000001,3.27
11142,10.131399999999999,3.2867999999999999
11143,11.2165,3.2905000000000002
11144,13.392799999999999,3.2978999999999998
11145,7.8559000000000001,3.2886000000000002
11146,6.2561999999999998,3.2867999999999999
11147,7.6449999999999996,3.2905000000000002
11148,0,3.2793000000000001
11149,0,3.2774999999999999
11150,0,3.2774999999999999
11151,0,3.2774999999999999
11152,0,3.2774999999999999
11153,0,3.2774999999999999
11154,0,3.2774999999999999
11155,0,3.2774999999999999
11156,0,3.2774999999999999
11157,0,3.2774999999999999
11158,0,3.2774999999999999
11159,0,3.2774999999999999
11160,0,3.2774999999999999
11161,0,3.2774999999999999
11162,0,3.2793000000000001
11163,0,3.2793000000000001
11164,0,3.2774999999999999
11165,0,3.2793000000000001
11166,-4.5758000000000001,3.2719
11167,-6.2624000000000004,3.2682000000000002
11168,-3.8628,3.27
11169,-6.9816000000000003,3.2645
11170,-14.006600000000001,3.2513999999999998
11171,-13.647,3.2513999999999998
11172,-15.978400000000001,3.2440000000000002
11173,-10.2182,3.2532999999999999
11174,-16.306999999999999,3.2403
11175,-5.1029,3.2606999999999999
11176,-0.10539999999999999,3.2682000000000002
11177,-2.0585,3.2682000000000002
11178,-16.858799999999999,3.2403
11179,-11.8613,3.2496
11180,-11.458299999999999,3.2496
11181,-16.927,3.2383999999999999
11182,-14.0997,3.2403
11183,-3.2242000000000002,3.2606999999999999
11184,0.84940000000000004,3.2682000000000002
11185,-10.212,3.2513999999999998
11186,-10.497199999999999,3.2496
11187,-5.6237000000000004,3.2570000000000001
11188,4.0983999999999998,3.2738
11189,3.6147999999999998,3.2755999999999998
11190,4.5385999999999997,3.2793000000000001
11191,11.092499999999999,3.2905000000000002
11192,10.9747,3.2961
11193,8.1721000000000004,3.2905000000000002
11194,0,3.2774999999999999
11195,0,3.2774999999999999
11196,0,3.2774999999999999
11197,0,3.2774999999999999
11198,0,3.2774999999999999
11199,0,3.2774999999999999
11200,-0.41539999999999999,3.2755999999999998
11201,-8.6990999999999996,3.2625999999999999
11202,-10.6708,3.2570000000000001
11203,-16.610800000000001,3.2440000000000002
11204,-20.3931,3.2366000000000001
11205,-12.022500000000001,3.2496
11206,-17.4603,3.2383999999999999
11207,-18.898800000000001,3.2328000000000001
11208,-17.249500000000001,3.2347000000000001
11209,-21.744700000000002,3.2273000000000001
11210,-20.932500000000001,3.2273000000000001
11211,-19.971399999999999,3.2273000000000001
11212,-16.220199999999998,3.2328000000000001
11213,-16.945599999999999,3.2309999999999999
11214,-11.8675,3.2383999999999999
11215,-10.776199999999999,3.2403
11216,-8.1038999999999994,3.2440000000000002
11217,-9.6725999999999992,3.2440000000000002
11218,-8.3828999999999994,3.2458999999999998
11219,-4.4951999999999996,3.2532999999999999
11220,0,3.2625999999999999
11221,-2.7839,3.2589000000000001
11222,-1.1408,3.2625999999999999
11223,1.3702000000000001,3.2682000000000002
11224,2.6103000000000001,3.2719
11225,6.7770000000000001,3.2793000000000001
11226,10.776199999999999,3.2886000000000002
11227,10.1066,3.2886000000000002
11228,11.7249,3.2961
11229,9.8523999999999994,3.2924000000000002
11230,5.2516999999999996,3.2867999999999999
11231,6.6840000000000002,3.2886000000000002
11232,0,3.2774999999999999
11233,0,3.2774999999999999
11234,0,3.2774999999999999
11235,0,3.2774999999999999
11236,-0.496,3.2755999999999998
11237,0,3.2774999999999999
11238,0,3.2774999999999999
11239,-9.6229999999999993,3.2606999999999999
11240,-10.6646,3.2570000000000001
11241,-17.819900000000001,3.2421000000000002
11242,-23.964500000000001,3.2290999999999999
11243,-24.1629,3.2254
11244,-16.152000000000001,3.2366000000000001
11245,-10.416600000000001,3.2458999999999998
11246,-13.0518,3.2421000000000002
11247,-14.2485,3.2383999999999999
11248,-15.8172,3.2366000000000001
11249,-16.5364,3.2328000000000001
11250,-25.279,3.218
11251,-23.003399999999999,3.2198000000000002
11252,-16.858799999999999,3.2290999999999999
11253,-10.9809,3.2383999999999999
11254,-8.2093000000000007,3.2440000000000002
11255,-12.289099999999999,3.2366000000000001
11256,-4.5819999999999999,3.2513999999999998
11257,-4.5758000000000001,3.2532999999999999
11258,-2.9016999999999999,3.2570000000000001
11259,0,3.2625999999999999
11260,-1.1841999999999999,3.2625999999999999
11261,-4.3898000000000001,3.2570000000000001
11262,-4.3836000000000004,3.2570000000000001
11263,-2.7776999999999998,3.2606999999999999
11264,2.0585,3.27
11265,-2.6598999999999999,3.2625999999999999
11266,-4.1852,3.2606999999999999
11267,-4.1790000000000003,3.2606999999999999
11268,-4.1852,3.2606999999999999
11269,-4.1852,3.2606999999999999
11270,-4.1913999999999998,3.2606999999999999
11271,-5.8220999999999998,3.2570000000000001
11272,-9.5361999999999991,3.2513999999999998
11273,-11.2165,3.2458999999999998
11274,-25.483599999999999,3.2216999999999998
11275,-19.376200000000001,3.2290999999999999
11276,-19.773,3.2254
11277,-20.541899999999998,3.2235
11278,-5.8220999999999998,3.2496
11279,-14.459300000000001,3.2347000000000001
11280,-12.0101,3.2383999999999999
11281,-10.497199999999999,3.2403
11282,-4.1417999999999999,3.2532999999999999
11283,-2.2197,3.2570000000000001
11284,-5.9027000000000003,3.2513999999999998
11285,-4.0178000000000003,3.2551999999999999
11286,-0.34100000000000003,3.2625999999999999
11287,1.3702000000000001,3.2663000000000002
11288,-3.9805999999999999,3.2589000000000001
11289,1.3702000000000001,3.2682000000000002
11290,1.3640000000000001,3.2682000000000002
11291,-3.6520000000000001,3.2606999999999999
11292,-0.086800000000000002,3.2682000000000002
11293,-3.5838000000000001,3.2625999999999999
11294,4.6936999999999998,3.2755999999999998
11295,2.0895000000000001,3.2738
11296,-3.1869999999999998,3.2645
11297,-4.8548999999999998,3.2625999999999999
11298,-4.8611000000000004,3.2606999999999999
11299,-4.8611000000000004,3.2606999999999999
11300,0,3.27
11301,-3.0629,3.2645
11302,-4.7432999999999996,3.2625999999999999
11303,-1.3453999999999999,3.2663000000000002
11304,0.73160000000000003,3.27
11305,2.6970999999999998,3.2755999999999998
11306,1.3764000000000001,3.2738
11307,2.6598999999999999,3.2774999999999999
11308,8.0108999999999995,3.2867999999999999
11309,9.6044,3.2905000000000002
11310,8.7797000000000001,3.2905000000000002
11311,6.6096000000000004,3.2886000000000002
11312,5.2516999999999996,3.2867999999999999
11313,-2.4243000000000001,3.2755999999999998
11314,-11.458299999999999,3.2589000000000001
11315,-10.894,3.2570000000000001
11316,-7.9427000000000003,3.2589000000000001
11317,-8.9780999999999995,3.2570000000000001
11318,-10.131399999999999,3.2551999999999999
11319,-10.453799999999999,3.2532999999999999
11320,-12.7232,3.2458999999999998
11321,-15.8544,3.2403
11322,-16.573599999999999,3.2383999999999999
11323,-11.6195,3.2440000000000002
11324,-3.9805999999999999,3.2589000000000001
11325,-6.3120000000000003,3.2551999999999999
11326,-6.3368000000000002,3.2570000000000001
11327,-6.4607999999999999,3.2570000000000001
11328,-11.650499999999999,3.2458999999999998
11329,-8.1721000000000004,3.2513999999999998
11330,-13.622199999999999,3.2403
11331,-6.2188999999999997,3.2551999999999999
11332,-6.2561999999999998,3.2551999999999999
11333,-6.2624000000000004,3.2551999999999999
11334,-2.9823,3.2606999999999999
11335,4.4146000000000001,3.2738
11336,2.0585,3.2719
11337,1.3702000000000001,3.2719
11338,6.1383000000000001,3.2812000000000001
11339,3.2551999999999999,3.2774999999999999
11340,1.2896000000000001,3.2738
11341,-7.3411999999999997,3.2606999999999999
11342,-7.4652000000000003,3.2589000000000001
11343,-8.9842999999999993,3.2551999999999999
11344,-6.3120000000000003,3.2589000000000001
11345,-10.6646,3.2513999999999998
11346,-12.5434,3.2458999999999998
11347,-11.5451,3.2458999999999998
11348,-8.0233000000000008,3.2532999999999999
11349,-11.985300000000001,3.2440000000000002
11350,-12.338699999999999,3.2421000000000002
11351,-7.1055999999999999,3.2532999999999999
11352,-2.9823,3.2606999999999999
11353,-2.9885000000000002,3.2606999999999999
11354,-2.9016999999999999,3.2606999999999999
11355,0.77500000000000002,3.2682000000000002
11356,0.77500000000000002,3.27
11357,-2.7839,3.2645
11358,-4.3402000000000003,3.2625999999999999
11359,0.77500000000000002,3.27
11360,0.77500000000000002,3.2719
11361,2.0213000000000001,3.2738
11362,-9.0959000000000003,3.2570000000000001
11363,-10.708,3.2513999999999998
11364,-8.0295000000000005,3.2551999999999999
11365,-6.7026000000000003,3.2570000000000001
11366,-1.1408,3.2663000000000002
11367,-6.7026000000000003,3.2570000000000001
11368,-4.3402000000000003,3.2606999999999999
11369,-4.3464,3.2606999999999999
11370,0,3.2682000000000002
11371,0.17979999999999999,3.27
11372,1.3702000000000001,3.2719
11373,0.1736,3.2719
11374,-2.6227,3.2663000000000002
11375,-4.1790000000000003,3.2645
11376,-4.1852,3.2645
11377,-0.98580000000000001,3.2682000000000002
11378,-2.5049000000000001,3.2663000000000002
11379,-4.1294000000000004,3.2645
11380,0.1736,3.2719
11381,0.17979999999999999,3.2719
11382,-3.9371999999999998,3.2645
11383,-7.7813999999999997,3.2589000000000001
11384,-2.4615,3.2663000000000002
11385,0.2046,3.2719
11386,3.8193999999999999,3.2774999999999999
11387,4.7743000000000002,3.2812000000000001
11388,5.9337,3.2848999999999999
11389,1.7299,3.2793000000000001
11390,-2.8582999999999998,3.2719
11391,-3.9371999999999998,3.2682000000000002
11392,-13.070399999999999,3.2532999999999999
11393,-12.3697,3.2513999999999998
11394,-10.9064,3.2513999999999998
11395,-5.8220999999999998,3.2606999999999999
11396,-5.8531000000000004,3.2606999999999999
11397,-10.050800000000001,3.2532999999999999
11398,-6.1073000000000004,3.2589000000000001
11399,-5.3446999999999996,3.2606999999999999
11400,-5.3818999999999999,3.2606999999999999
11401,-6.2624000000000004,3.2589000000000001
11402,0.2046,3.27
11403,-0.78739999999999999,3.2682000000000002
11404,-3.8256000000000001,3.2645
11405,-3.8256000000000001,3.2645
11406,0.2046,3.27
11407,-0.74399999999999999,3.27
11408,-0.74399999999999999,3.27
11409,-3.6272000000000002,3.2663000000000002
11410,-5.9089,3.2606999999999999
11411,-10.1066,3.2532999999999999
11412,-3.8256000000000001,3.2645
11413,0.73160000000000003,3.2719
11414,-3.7387999999999999,3.2645
11415,1.2896000000000001,3.2738
11416,-8.5441000000000003,3.2570000000000001
11417,-11.458299999999999,3.2513999999999998
11418,-10.329800000000001,3.2532999999999999
11419,1.2958000000000001,3.27
11420,4.8982999999999999,3.2774999999999999
11421,10.6088,3.2905000000000002
11422,8.9346999999999994,3.2886000000000002
11423,13.182,3.2997999999999998
11424,10.503399999999999,3.2978999999999998
11425,7.3411999999999997,3.2924000000000002
11426,0,3.2793000000000001
11427,0,3.2793000000000001
11428,0,3.2793000000000001
11429,0,3.2793000000000001
11430,0,3.2774999999999999
11431,0,3.2774999999999999
11432,-6.4607999999999999,3.2682000000000002
11433,-9.7035999999999998,3.2606999999999999
11434,-20.529499999999999,3.2383999999999999
11435,-22.098199999999999,3.2328000000000001
11436,-26.2896,3.2235
11437,-20.851900000000001,3.2290999999999999
11438,-12.4131,3.2421000000000002
11439,-15.643599999999999,3.2366000000000001
11440,-13.541600000000001,3.2383999999999999
11441,-12.2209,3.2403
11442,-14.4655,3.2366000000000001
11443,-21.093699999999998,3.2254
11444,-26.692699999999999,3.2141999999999999
11445,-19.177800000000001,3.2254
11446,-11.8179,3.2366000000000001
11447,-8.2960999999999991,3.2421000000000002
11448,-6.0639000000000003,3.2496
11449,-4.5014000000000003,3.2513999999999998
11450,-4.5014000000000003,3.2532999999999999
11451,3.6457999999999999,3.2682000000000002
11452,-1.1097999999999999,3.2625999999999999
11453,0.1736,3.2645
11454,0.77500000000000002,3.2663000000000002
11455,0.1736,3.2663000000000002
11456,1.2958000000000001,3.27
11457,0.1736,3.2682000000000002
11458,1.2896000000000001,3.2719
11459,5.8034999999999997,3.2793000000000001
11460,10.6088,3.2886000000000002
11461,1.2896000000000001,3.2755999999999998
11462,-2.8334999999999999,3.2682000000000002
11463,-6.3120000000000003,3.2625999999999999
11464,-10.7018,3.2532999999999999
11465,-9.1455000000000002,3.2551999999999999
11466,-0.54559999999999997,3.2682000000000002
11467,-3.2551999999999999,3.2645
11468,-5.4562999999999997,3.2606999999999999
11469,0.29759999999999998,3.27
11470,-3.2551999999999999,3.2645
11471,-3.2614000000000001,3.2645
11472,-12.4193,3.2496
11473,-9.6167999999999996,3.2532999999999999
11474,-11.2165,3.2496
11475,-6.0328999999999997,3.2570000000000001
11476,-7.4714,3.2551999999999999
11477,-8.9842999999999993,3.2513999999999998
11478,-5.4996999999999998,3.2570000000000001
11479,-2.4243000000000001,3.2625999999999999
11480,1.2958000000000001,3.27
11481,3.7326000000000001,3.2755999999999998
11482,0.73160000000000003,3.2719
11483,1.2524,3.2738
11484,0.29759999999999998,3.2719
11485,0.73160000000000003,3.2738
11486,1.3391999999999999,3.2755999999999998
11487,0.76880000000000004,3.2738
11488,4.5385999999999997,3.2812000000000001
11489,13.163399999999999,3.2978999999999998
11490,11.4521,3.2978999999999998
11491,8.2960999999999991,3.2924000000000002
11492,0,3.2793000000000001
11493,0,3.2774999999999999
11494,0,3.2774999999999999
11495,0,3.2774999999999999
11496,0,3.2774999999999999
11497,0,3.2774999999999999
11498,0,3.2774999999999999
11499,0,3.2774999999999999
11500,0,3.2774999999999999
11501,0,3.2774999999999999
11502,0,3.2774999999999999
11503,0,3.2774999999999999
11504,0,3.2774999999999999
11505,0,3.2774999999999999
11506,0,3.2774999999999999
11507,0,3.2774999999999999
11508,0,3.2774999999999999
11509,0,3.2774999999999999
11510,0,3.2774999999999999
11511,0,3.2774999999999999
11512,0,3.2774999999999999
11513,0,3.2774999999999999
11514,0,3.2774999999999999
11515,0,3.2774999999999999
11516,0,3.2793000000000001
11517,0,3.2793000000000001
11518,0,3.2793000000000001
11519,0,3.2793000000000001
11520,0,3.2793000000000001
11521,0,3.2793000000000001
11522,0,3.2774999999999999
11523,0,3.2774999999999999
11524,0,3.2793000000000001
11525,-3.9805999999999999,3.2719
11526,-9.0648999999999997,3.2625999999999999
11527,-16.021799999999999,3.2496
11528,-19.642800000000001,3.2383999999999999
11529,-24.014099999999999,3.2290999999999999
11530,-27.734300000000001,3.2198000000000002
11531,-15.339700000000001,3.2366000000000001
11532,-16.610800000000001,3.2347000000000001
11533,-20.752700000000001,3.2273000000000001
11534,-16.3752,3.2328000000000001
11535,-15.184699999999999,3.2347000000000001
11536,-13.1882,3.2366000000000001
11537,-13.6904,3.2366000000000001
11538,-15.625,3.2328000000000001
11539,-7.6512000000000002,3.2458999999999998
11540,-11.458299999999999,3.2403
11541,-10.9064,3.2403
11542,-9.6539999999999999,3.2421000000000002
11543,0,3.2606999999999999
11544,1.3702000000000001,3.2663000000000002
11545,1.3702000000000001,3.2663000000000002
11546,-4.1108000000000002,3.2589000000000001
11547,2.7715000000000001,3.27
11548,9.8710000000000004,3.2848999999999999
11549,10.317399999999999,3.2867999999999999
11550,4.1727999999999996,3.2793000000000001
11551,3.4535999999999998,3.2793000000000001
11552,11.607100000000001,3.2961
11553,10.968500000000001,3.2961
11554,7.4404000000000003,3.2905000000000002
11555,2.4491000000000001,3.2812000000000001
11556,0.60760000000000003,3.2793000000000001
11557,0,3.2774999999999999
11558,0,3.2774999999999999
11559,0,3.2774999999999999
11560,0,3.2774999999999999
11561,-0.5766,3.2755999999999998
11562,-2.2197,3.2719
11563,-2.2631000000000001,3.2719
11564,0,3.2755999999999998
11565,-0.58279999999999998,3.2755999999999998
11566,0,3.2755999999999998
11567,0,3.2774999999999999
11568,0,3.2755999999999998
11569,0,3.2774999999999999
11570,0,3.2774999999999999
11571,0,3.2774999999999999
11572,0,3.2774999999999999
11573,-0.41539999999999999,3.2774999999999999
11574,-1.8229,3.2738
11575,-3.4226000000000001,3.2719
11576,-6.6158000000000001,3.2663000000000002
11577,-15.091699999999999,3.2496
11578,-17.305299999999999,3.2421000000000002
11579,-20.213200000000001,3.2347000000000001
11580,-9.9019999999999992,3.2513999999999998
11581,-5.4625000000000004,3.2589000000000001
11582,-13.857799999999999,3.2440000000000002
11583,-19.8474,3.2328000000000001
11584,-20.1388,3.2290999999999999
11585,-13.1014,3.2403
11586,-5.1835000000000004,3.2551999999999999
11587,-3.9868000000000001,3.2570000000000001
11588,-4.0178000000000003,3.2589000000000001
11589,-6.2624000000000004,3.2551999999999999
11590,-11.8179,3.2440000000000002
11591,-9.1393000000000004,3.2496
11592,-12.5806,3.2421000000000002
11593,-11.7745,3.2421000000000002
11594,-10.1066,3.2440000000000002
11595,-2.3127,3.2589000000000001
11596,-2.2631000000000001,3.2606999999999999
11597,-6.0576999999999996,3.2551999999999999
11598,-8.9533000000000005,3.2496
11599,-9.1021000000000001,3.2496
11600,-6.4173999999999998,3.2532999999999999
11601,-9.3438999999999997,3.2496
11602,-6.2561999999999998,3.2532999999999999
11603,-7.7504,3.2513999999999998
11604,-5.6174999999999997,3.2551999999999999
11605,-4.1045999999999996,3.2570000000000001
11606,-4.1045999999999996,3.2589000000000001
11607,-2.4986999999999999,3.2606999999999999
11608,-2.4986999999999999,3.2606999999999999
11609,-4.0301999999999998,3.2589000000000001
11610,0.1736,3.2663000000000002
11611,-2.5792999999999999,3.2645
11612,0.73160000000000003,3.27
11613,1.2896000000000001,3.2719
11614,3.8069999999999999,3.2755999999999998
11615,4.7805,3.2793000000000001
11616,10.1004,3.2886000000000002
11617,6.4546000000000001,3.2848999999999999
11618,10.8444,3.2961
11619,4.9292999999999996,3.2867999999999999
11620,6.4112,3.2886000000000002
11621,7.6078000000000001,3.2905000000000002
11622,0,3.2793000000000001
11623,0,3.2774999999999999
11624,0,3.2774999999999999
11625,0,3.2774999999999999
11626,0,3.2774999999999999
11627,0,3.2774999999999999
11628,0,3.2774999999999999
11629,0,3.2774999999999999
11630,0,3.2774999999999999
11631,0,3.2774999999999999
11632,0,3.2774999999999999
11633,0,3.2774999999999999
11634,0,3.2774999999999999
11635,0,3.2774999999999999
11636,0,3.2774999999999999
11637,0,3.2774999999999999
11638,0,3.2774999999999999
11639,0,3.2774999999999999
11640,0,3.2774999999999999
11641,-6.7708000000000004,3.2663000000000002
11642,-10.652200000000001,3.2589000000000001
11643,-16.133400000000002,3.2458999999999998
11644,-22.277999999999999,3.2328000000000001
11645,-26.500399999999999,3.2235
11646,-31.367799999999999,3.2124000000000001
11647,-27.374700000000001,3.2141999999999999
11648,-24.206299999999999,3.218
11649,-9.3315000000000001,3.2421000000000002
11650,1.2462,3.2625999999999999
11651,1.2524,3.2645
11652,12.338699999999999,3.2848999999999999
11653,13.448600000000001,3.2905000000000002
11654,10.838200000000001,3.2905000000000002
11655,7.1799999999999997,3.2848999999999999
11656,0,3.2738
11657,0,3.2738
11658,0,3.2738
11659,0,3.2738
11660,0,3.2738
11661,0,3.2738
11662,0,3.2738
11663,0,3.2738
11664,0,3.2755999999999998
11665,0,3.2755999999999998
11666,0,3.2755999999999998
11667,0,3.2755999999999998
11668,0,3.2755999999999998
11669,-0.78120000000000001,3.2738
11670,-4.3402000000000003,3.2682000000000002
11671,-6.6158000000000001,3.2645
11672,-9.7408000000000001,3.2570000000000001
11673,-18.129899999999999,3.2403
11674,-15.1785,3.2421000000000002
11675,-8.1906999999999996,3.2551999999999999
11676,-2.5731000000000002,3.2645
11677,0.48359999999999997,3.27
11678,-3.3481999999999998,3.2645
11679,-3.9371999999999998,3.2645
11680,-1.5376000000000001,3.2682000000000002
11681,-8.2155000000000005,3.2570000000000001
11682,-13.3866,3.2458999999999998
11683,-14.694900000000001,3.2421000000000002
11684,-16.338000000000001,3.2383999999999999
11685,-13.175800000000001,3.2421000000000002
11686,-15.5443,3.2366000000000001
11687,-7.9861000000000004,3.2496
11688,-6.3120000000000003,3.2532999999999999
11689,-2.7839,3.2589000000000001
11690,0.29759999999999998,3.2663000000000002
11691,0.29759999999999998,3.2682000000000002
11692,-6.4607999999999999,3.2570000000000001
11693,-6.2995999999999999,3.2570000000000001
11694,-5.1338999999999997,3.2589000000000001
11695,-1.6307,3.2645
11696,-0.38440000000000002,3.2663000000000002
11697,-0.38440000000000002,3.2682000000000002
11698,-2.8273000000000001,3.2645
11699,-1.6307,3.2663000000000002
11700,5.4562999999999997,3.2793000000000001
11701,1.6493,3.2738
11702,0.33479999999999999,3.2719
11703,-6.9009999999999998,3.2606999999999999
11704,-4.7432999999999996,3.2625999999999999
11705,-4.7866999999999997,3.2625999999999999
11706,1.1718,3.2719
11707,8.3394999999999992,3.2848999999999999
11708,7.056,3.2867999999999999
11709,7.2544000000000004,3.2867999999999999
11710,0,3.2755999999999998
11711,0,3.2755999999999998
11712,0,3.2755999999999998
11713,0,3.2755999999999998
11714,0,3.2755999999999998
11715,0,3.2755999999999998
11716,0,3.2755999999999998
11717,0,3.2755999999999998
11718,0,3.2755999999999998
11719,0,3.2755999999999998
11720,0,3.2755999999999998
11721,0,3.2755999999999998
11722,0,3.2755999999999998
11723,0,3.2774999999999999
11724,-3.3420000000000001,3.27
11725,-0.496,3.2755999999999998
11726,-0.496,3.2755999999999998
11727,-0.496,3.2755999999999998
11728,-0.496,3.2755999999999998
11729,-2.2631000000000001,3.2719
11730,-4.7432999999999996,3.2682000000000002
11731,-3.5838000000000001,3.27
11732,-3.5838000000000001,3.27
11733,-4.5385999999999997,3.2663000000000002
11734,-9.5052000000000003,3.2589000000000001
11735,-11.551299999999999,3.2532999999999999
11736,-4.1852,3.2645
11737,0,3.2719
11738,0,3.2738
11739,0,3.2738
11740,-6.6158000000000001,3.2625999999999999
11741,-13.857799999999999,3.2496
11742,-22.061,3.2309999999999999
11743,-26.8477,3.2216999999999998
11744,-25.254200000000001,3.2198000000000002
11745,-17.540900000000001,3.2309999999999999
11746,-11.055300000000001,3.2403
11747,-7.5768000000000004,3.2496
11748,-12.1341,3.2403
11749,-10.6646,3.2421000000000002
11750,-9.6663999999999994,3.2440000000000002
11751,-8.5503,3.2458999999999998
11752,-3.6581999999999999,3.2570000000000001
11753,1.2896000000000001,3.2663000000000002
11754,1.2524,3.2663000000000002
11755,-3.4660000000000002,3.2606999999999999
11756,-3.4722,3.2606999999999999
11757,-3.4660000000000002,3.2606999999999999
11758,-3.4598,3.2606999999999999
11759,-3.4660000000000002,3.2606999999999999
11760,-9.6229999999999993,3.2513999999999998
11761,-5.0656999999999996,3.2570000000000001
11762,-8.5441000000000003,3.2513999999999998
11763,-5.9337,3.2551999999999999
11764,-7.4156000000000004,3.2532999999999999
11765,-8.9533000000000005,3.2496
11766,-6.2561999999999998,3.2551999999999999
11767,-5.5058999999999996,3.2551999999999999
11768,-7.7751999999999999,3.2513999999999998
11769,-6.4732000000000003,3.2551999999999999
11770,-13.901199999999999,3.2403
11771,-28.478400000000001,3.2141999999999999
11772,8.9284999999999997,3.2755999999999998
11773,-27.337499999999999,3.2161
11774,-6.2686000000000002,3.2496
11775,-2.9885000000000002,3.2570000000000001
11776,5.1338999999999997,3.27
11777,19.097200000000001,3.2997999999999998
11778,17.7331,3.3016999999999999
11779,15.091699999999999,3.3016999999999999
11780,11.985300000000001,3.2978999999999998
11781,8.6867000000000001,3.2924000000000002
11782,0,3.2774999999999999
11783,0,3.2755999999999998
11784,0,3.2755999999999998
11785,0,3.2755999999999998
11786,0,3.2755999999999998
11787,0,3.2755999999999998
11788,0,3.2755999999999998
11789,0,3.2755999999999998
11790,0,3.2755999999999998
11791,0,3.2755999999999998
11792,0,3.2755999999999998
11793,0,3.2755999999999998
11794,0,3.2755999999999998
11795,0,3.2755999999999998
11796,0,3.2755999999999998
11797,0,3.2755999999999998
11798,0,3.2774999999999999
11799,0,3.2755999999999998
11800,0,3.2755999999999998
11801,0,3.2755999999999998
11802,0,3.2774999999999999
11803,0,3.2774999999999999
11804,0,3.2774999999999999
11805,0,3.2774999999999999
11806,0,3.2774999999999999
11807,0,3.2774999999999999
11808,0,3.2774999999999999
11809,0,3.2774999999999999
11810,-4.9044999999999996,3.2682000000000002
11811,-10.6212,3.2570000000000001
11812,-17.819900000000001,3.2421000000000002
11813,-18.644500000000001,3.2383999999999999
11814,-16.5426,3.2403
11815,-15.0235,3.2403
11816,-9.5361999999999991,3.2513999999999998
11817,-26.091200000000001,3.2216999999999998
11818,-7.056,3.2513999999999998
11819,-14.1121,3.2383999999999999
11820,-11.098699999999999,3.2421000000000002
11821,-2.8273000000000001,3.2589000000000001
11822,-20.740300000000001,3.2273000000000001
11823,1.2462,3.2645
11824,0.84319999999999995,3.2663000000000002
11825,0.77500000000000002,3.2663000000000002
11826,1.2524,3.2682000000000002
11827,1.6927000000000001,3.2719
11828,1.2524,3.2719
11829,0.73160000000000003,3.2719
11830,4.1356000000000002,3.2774999999999999
11831,3.4535999999999998,3.2774999999999999
11832,3.0876999999999999,3.2774999999999999
11833,2.8893,3.2793000000000001
11834,4.3339999999999996,3.2812000000000001
11835,7.5334000000000003,3.2886000000000002
11836,0,3.2755999999999998
11837,0,3.2755999999999998
11838,0,3.2755999999999998
11839,0,3.2755999999999998
11840,0,3.2755999999999998
11841,0,3.2755999999999998
11842,0,3.2755999999999998
11843,0,3.2755999999999998
11844,0,3.2755999999999998
11845,0,3.2755999999999998
11846,0,3.2755999999999998
11847,0,3.2755999999999998
11848,0,3.2755999999999998
11849,0,3.2755999999999998
11850,0,3.2755999999999998
11851,0,3.2755999999999998
11852,0,3.2755999999999998
11853,0,3.2774999999999999
11854,0,3.2774999999999999
11855,0,3.2774999999999999
11856,0,3.2774999999999999
11857,0,3.2774999999999999
11858,0,3.2774999999999999
11859,0,3.2774999999999999
11860,0,3.2774999999999999
11861,0,3.2774999999999999
11862,0,3.2774999999999999
11863,0,3.2774999999999999
11864,0,3.2774999999999999
11865,0,3.2774999999999999
11866,0,3.2774999999999999
11867,-9.6229999999999993,3.2606999999999999
11868,-9.4431999999999992,3.2589000000000001
11869,-15.339700000000001,3.2458999999999998
11870,-18.700299999999999,3.2383999999999999
11871,-21.1309,3.2328000000000001
11872,-23.3568,3.2254
11873,-6.343,3.2532999999999999
11874,-9.3004999999999995,3.2496
11875,-27.821100000000001,3.218
11876,-13.1448,3.2383999999999999
11877,-10.6212,3.2421000000000002
11878,-4.5758000000000001,3.2551999999999999
11879,0.84940000000000004,3.2645
11880,1.7299,3.2682000000000002
11881,1.7361,3.27
11882,1.2524,3.27
11883,1.6493,3.2719
11884,11.4521,3.2886000000000002
11885,7.1738,3.2848999999999999
11886,-1.8167,3.27
11887,-4.5633999999999997,3.2663000000000002
11888,-4.7061000000000002,3.2645
11889,-6.0639000000000003,3.2606999999999999
11890,-12.022500000000001,3.2513999999999998
11891,-20.1326,3.2328000000000001
11892,-22.302800000000001,3.2273000000000001
11893,-20.541899999999998,3.2273000000000001
11894,-5.3695000000000004,3.2532999999999999
11895,-0.54559999999999997,3.2625999999999999
11896,-1.9097,3.2625999999999999
11897,5.7290999999999999,3.2755999999999998
11898,10.689399999999999,3.2867999999999999
11899,7.3411999999999997,3.2831000000000001
11900,4.1356000000000002,3.2793000000000001
11901,-1.9407000000000001,3.27
11902,-17.7393,3.2403
11903,-21.819099999999999,3.2309999999999999
11904,-20.8581,3.2290999999999999
11905,-21.0627,3.2273000000000001
11906,-15.2591,3.2347000000000001
11907,-8.5937000000000001,3.2440000000000002
11908,-7.3845999999999998,3.2496
11909,-5.3013000000000003,3.2532999999999999
11910,0.73160000000000003,3.2645
11911,-2.2259000000000002,3.2606999999999999
11912,-5.9398999999999997,3.2551999999999999
11913,-5.2516999999999996,3.2570000000000001
11914,-2.2631000000000001,3.2606999999999999
11915,-2.2197,3.2625999999999999
11916,-3.7511999999999999,3.2606999999999999
11917,-10.137600000000001,3.2496
11918,-10.336,3.2458999999999998
11919,-5.5058999999999996,3.2551999999999999
11920,0.2046,3.2645
11921,1.2958000000000001,3.2682000000000002
11922,-5.3013000000000003,3.2589000000000001
11923,-8.9408999999999992,3.2513999999999998
11924,-11.979100000000001,3.2440000000000002
11925,-4.1045999999999996,3.2570000000000001
11926,0.1736,3.2663000000000002
11927,-9.2570999999999994,3.2513999999999998
11928,-11.656700000000001,3.2440000000000002
11929,-14.2361,3.2383999999999999
11930,-18.650700000000001,3.2290999999999999
11931,-13.901199999999999,3.2366000000000001
11932,-11.8675,3.2383999999999999
11933,-8.9718999999999998,3.2440000000000002
11934,-9.1021000000000001,3.2440000000000002
11935,-9.2632999999999992,3.2440000000000002
11936,-5.1090999999999998,3.2513999999999998
11937,-1.6245000000000001,3.2589000000000001
11938,-3.2614000000000001,3.2570000000000001
11939,-3.2614000000000001,3.2570000000000001
11940,-6.6963999999999997,3.2513999999999998
11941,-10.825799999999999,3.2440000000000002
11942,0.73160000000000003,3.2645
11943,1.3702000000000001,3.2663000000000002
11944,0.72540000000000004,3.2663000000000002
11945,-8.8665000000000003,3.2513999999999998
11946,-12.0969,3.2421000000000002
11947,-10.745200000000001,3.2440000000000002
11948,-7.7069999999999999,3.2496
11949,-6.9071999999999996,3.2513999999999998
11950,-3.4163999999999999,3.2570000000000001
11951,1.3702000000000001,3.2663000000000002
11952,2.0895000000000001,3.27
11953,-6.5414000000000003,3.2551999999999999
11954,-8.9780999999999995,3.2496
11955,-12.295299999999999,3.2421000000000002
11956,-12.5806,3.2403
11957,-13.820600000000001,3.2366000000000001
11958,-11.5017,3.2403
11959,-8.2960999999999991,3.2458999999999998
11960,-1.9035,3.2589000000000001
11961,1.3764000000000001,3.2645
11962,21.378900000000002,3.3035000000000001
11963,19.5746,3.3054000000000001
11964,18.340699999999998,3.3054000000000001
11965,15.5753,3.3054000000000001
11966,12.4069,3.2997999999999998
11967,9.1331000000000007,3.2961
11968,0,3.2793000000000001
11969,0,3.2774999999999999
11970,0,3.2774999999999999
11971,0,3.2774999999999999
11972,0,3.2774999999999999
11973,0,3.2774999999999999
11974,0,3.2755999999999998
11975,0,3.2774999999999999
11976,0,3.2755999999999998
11977,0,3.2774999999999999
11978,0,3.2774999999999999
11979,0,3.2774999999999999
11980,0,3.2755999999999998
11981,0,3.2755999999999998
11982,0,3.2755999999999998
11983,0,3.2774999999999999
11984,0,3.2774999999999999
11985,0,3.2774999999999999
11986,0,3.2774999999999999
11987,0,3.2774999999999999
11988,0,3.2774999999999999
11989,0,3.2774999999999999
11990,0,3.2774999999999999
11991,0,3.2774999999999999
11992,0,3.2774999999999999
11993,0,3.2774999999999999
11994,0,3.2774999999999999
11995,0,3.2774999999999999
11996,0,3.2774999999999999
11997,0,3.2774999999999999
11998,0,3.2774999999999999
11999,0,3.2774999999999999
12000,0,3.2774999999999999
12001,0,3.2774999999999999
12002,0,3.2774999999999999
12003,0,3.2774999999999999
12004,0,3.2774999999999999
12005,0,3.2774999999999999
12006,0,3.2774999999999999
12007,0,3.2774999999999999
12008,0,3.2774999999999999
12009,0,3.2774999999999999
12010,-10.497199999999999,3.2606999999999999
12011,-14.453099999999999,3.2513999999999998
12012,-18.334499999999998,3.2403
12013,-22.811199999999999,3.2309999999999999
12014,-28.608599999999999,3.218
12015,-33.451099999999997,3.2067999999999999
12016,-29.247199999999999,3.2105000000000001
12017,-28.2056,3.2105000000000001
12018,-22.3462,3.218
12019,-12.1775,3.2347000000000001
12020,2.6970999999999998,3.2606999999999999
12021,1.8601000000000001,3.2625999999999999
12022,0.73160000000000003,3.2625999999999999
12023,-7.4279999999999999,3.2513999999999998
12024,-6.1383000000000001,3.2513999999999998
12025,-6.2188999999999997,3.2532999999999999
12026,-9.1021000000000001,3.2458999999999998
12027,-21.490500000000001,3.2254
12028,2.7715000000000001,3.2645
12029,14.050000000000001,3.2867999999999999
12030,6.1010999999999997,3.2774999999999999
12031,16.139600000000002,3.2978999999999998
12032,6.9691999999999998,3.2831000000000001
12033,1.054,3.2738
12034,-10.2182,3.2551999999999999
12035,-6.7708000000000004,3.2570000000000001
12036,-15.649800000000001,3.2403
12037,-26.779499999999999,3.2198000000000002
12038,-30.840699999999998,3.2086999999999999
12039,-39.967700000000001,3.1901000000000002
12040,-39.9739,3.1863000000000001
12041,-39.955300000000001,3.1825999999999999
12042,-39.9739,3.1808000000000001
12043,-25.2852,3.2048999999999999
12044,-39.9739,3.1789000000000001
12045,-30.127700000000001,3.1919
12046,-39.967700000000001,3.177
12047,-38.274999999999999,3.177
12048,-39.955300000000001,3.1732999999999998
12049,-29.166599999999999,3.1901000000000002
12050,-27.455300000000001,3.1919
12051,-25.892800000000001,3.1938
12052,-10.491,3.2216999999999998
12053,-6.4173999999999998,3.2290999999999999
12054,-8.7363,3.2273000000000001
12055,-6.2686000000000002,3.2328000000000001
12056,-10.2554,3.2273000000000001
12057,-10.2616,3.2290999999999999
12058,-10.2554,3.2290999999999999
12059,-10.2616,3.2290999999999999
12060,-14.831300000000001,3.2216999999999998
12061,-14.9057,3.2216999999999998
12062,-21.812899999999999,3.2105000000000001
12063,-24.491499999999998,3.2048999999999999
12064,-24.968900000000001,3.2031000000000001
12065,-20.734100000000002,3.2086999999999999
12066,-23.462299999999999,3.2048999999999999
12067,-26.2834,3.1974999999999998
12068,-21.899799999999999,3.2067999999999999
12069,-24.696100000000001,3.2012
12070,-30.127700000000001,3.1901000000000002
12071,-39.961500000000001,3.1732999999999998
12072,-39.558500000000002,3.1715
12073,-27.734300000000001,3.1901000000000002
12074,-22.811199999999999,3.1974999999999998
12075,-17.540900000000001,3.2086999999999999
12076,-12.388299999999999,3.218
12077,-7.4714,3.2273000000000001
12078,-14.7011,3.2161
12079,-19.9466,3.2086999999999999
12080,-23.021999999999998,3.2031000000000001
12081,-25.9238,3.1956000000000002
12082,-20.6907,3.2048999999999999
12083,-26.500399999999999,3.1938
12084,-21.124700000000001,3.2031000000000001
12085,-24.330300000000001,3.1974999999999998
12086,-18.8492,3.2067999999999999
12087,-16.220199999999998,3.2124000000000001
12088,-11.421099999999999,3.2198000000000002
12089,-16.0962,3.2141999999999999
12090,-16.102399999999999,3.2141999999999999
12091,-16.09,3.2141999999999999
12092,-16.09,3.2141999999999999
12093,-16.108599999999999,3.2141999999999999
12094,-13.3804,3.2198000000000002
12095,-8.3890999999999991,3.2273000000000001
12096,-8.2155000000000005,3.2290999999999999
12097,1.5314000000000001,3.2458999999999998
12098,-2.1391,3.2421000000000002
12099,-4.6315999999999997,3.2403
12100,-9.7469999999999999,3.2309999999999999
12101,-6.9753999999999996,3.2366000000000001
12102,-11.5761,3.2290999999999999
12103,-22.023800000000001,3.2124000000000001
12104,-16.858799999999999,3.218
12105,-16.896000000000001,3.218
12106,-14.3353,3.2216999999999998
12107,-7.0312000000000001,3.2328000000000001
12108,-4.1852,3.2403
12109,-4.1417999999999999,3.2403
12110,-3.9434,3.2421000000000002
12111,-1.0664,3.2496
12112,-20.734100000000002,3.2161
12113,-3.6272000000000002,3.2421000000000002
12114,-10.6646,3.2328000000000001
12115,-8.7052999999999994,3.2347000000000001
12116,-8.5441000000000003,3.2366000000000001
12117,-15.339700000000001,3.2235
12118,-11.104900000000001,3.2309999999999999
12119,-39.961500000000001,3.1825999999999999
12120,2.0895000000000001,3.2496
12121,-39.961500000000001,3.1808000000000001
12122,-13.957000000000001,3.2216999999999998
12123,-27.176300000000001,3.2012
12124,-39.955300000000001,3.177
12125,-28.478400000000001,3.1919
12126,-20.572900000000001,3.2067999999999999
12127,-26.413599999999999,3.1956000000000002
12128,-15.736599999999999,3.2141999999999999
12129,-10.9002,3.2235
12130,0,3.2421000000000002
12131,1.6927000000000001,3.2496
12132,4.7370999999999999,3.2570000000000001
12133,7.9364999999999997,3.2645
12134,6.6158000000000001,3.2645
12135,-12.853400000000001,3.2309999999999999
12136,-12.853400000000001,3.2309999999999999
12137,-3.2242000000000002,3.2458999999999998
12138,6.6901999999999999,3.2645
12139,-10.2554,3.2366000000000001
12140,-14.2919,3.2290999999999999
12141,-10.2616,3.2347000000000001
12142,-2.5855000000000001,3.2496
12143,-9.9391999999999996,3.2366000000000001
12144,-11.6257,3.2328000000000001
12145,-11.6257,3.2328000000000001
12146,-2.3437000000000001,3.2496
12147,0,3.2551999999999999
12148,0.17979999999999999,3.2570000000000001
12149,5.1711,3.2663000000000002
12150,8.0108999999999995,3.2719
12151,7.9861000000000004,3.2738
12152,9.1393000000000004,3.2774999999999999
12153,9.0587,3.2793000000000001
12154,7.8125,3.2774999999999999
12155,8.8603000000000005,3.2812000000000001
12156,15.2033,3.2924000000000002
12157,11.644299999999999,3.2886000000000002
12158,14.2113,3.2961
12159,10.0136,3.2886000000000002
12160,8.5751000000000008,3.2867999999999999
12161,5.6113,3.2812000000000001
12162,4.6936999999999998,3.2812000000000001
12163,-3.3420000000000001,3.2663000000000002
12164,1.3640000000000001,3.2738
12165,5.3013000000000003,3.2793000000000001
12166,8.9657,3.2867999999999999
12167,15.7738,3.3016999999999999
12168,17.850899999999999,3.3071999999999999
12169,5.9337,3.2867999999999999
12170,3.7635999999999998,3.2831000000000001
12171,1.6121000000000001,3.2793000000000001
12172,5.2516999999999996,3.2848999999999999
12173,4.7743000000000002,3.2848999999999999
12174,8.5441000000000003,3.2905000000000002
12175,3.8193999999999999,3.2831000000000001
12176,0,3.2774999999999999
12177,0,3.2755999999999998
12178,0,3.2755999999999998
12179,0,3.2755999999999998
12180,0,3.2755999999999998
12181,0,3.2755999999999998
12182,0,3.2738
12183,0,3.2738
12184,0,3.2738
12185,0,3.2738
12186,0,3.2738
12187,0,3.2738
12188,0,3.2738
12189,0,3.2738
12190,0,3.2738
12191,0,3.2738
12192,0,3.2738
12193,-3.3420000000000001,3.2682000000000002
12194,-10.6212,3.2551999999999999
12195,-16.685199999999998,3.2421000000000002
12196,-20.2194,3.2328000000000001
12197,-24.565899999999999,3.2235
12198,-28.2056,3.2141999999999999
12199,-27.808700000000002,3.2124000000000001
12200,-30.766300000000001,3.2048999999999999
12201,-16.902200000000001,3.2254
12202,-21.744700000000002,3.218
12203,-20.975899999999999,3.218
12204,-23.660699999999999,3.2124000000000001
12205,-31.454599999999999,3.1974999999999998
12206,-16.213999999999999,3.2216999999999998
12207,-16.778199999999998,3.2216999999999998
12208,-13.1076,3.2273000000000001
12209,-15.978400000000001,3.2235
12210,-17.615300000000001,3.2198000000000002
12211,-19.822600000000001,3.2161
12212,-7.9427000000000003,3.2347000000000001
12213,-10.782400000000001,3.2309999999999999
12214,-4.3029999999999999,3.2440000000000002
12215,-0.50219999999999998,3.2513999999999998
12216,-8.9842999999999993,3.2383999999999999
12217,-18.911200000000001,3.2216999999999998
12218,-14.831300000000001,3.2273000000000001
12219,-6.5972,3.2403
12220,-6.5785999999999998,3.2403
12221,-6.5848000000000004,3.2421000000000002
12222,-6.5785999999999998,3.2421000000000002
12223,-6.5785999999999998,3.2421000000000002
12224,-7.7751999999999999,3.2403
12225,-11.470700000000001,3.2347000000000001
12226,-7.9364999999999997,3.2403
12227,-4.7929000000000004,3.2458999999999998
12228,0.48980000000000001,3.2570000000000001
12229,5.1772999999999998,3.2663000000000002
12230,6.0514999999999999,3.27
12231,2.2568999999999999,3.2663000000000002
12232,15.2529,3.2886000000000002
12233,16.610800000000001,3.2961
12234,20.1326,3.3035000000000001
12235,14.694900000000001,3.2978999999999998
12236,13.616,3.2978999999999998
12237,12.295299999999999,3.2961
12238,10.6274,3.2924000000000002
12239,6.2003000000000004,3.2867999999999999
12240,0,3.2755999999999998
12241,0,3.2738
12242,0,3.2738
12243,0,3.2738
12244,0,3.2719
12245,0,3.2738
12246,0,3.2738
12247,0,3.2719
12248,0,3.2719
12249,-8.3457000000000008,3.2589000000000001
12250,-10.6646,3.2532999999999999
12251,-17.063400000000001,3.2383999999999999
12252,-23.214200000000002,3.2254
12253,-27.3809,3.2161
12254,-32.204799999999999,3.2048999999999999
12255,-39.961500000000001,3.1882000000000001
12256,-35.608800000000002,3.1919
12257,-11.7807,3.2290999999999999
12258,-28.379200000000001,3.2031000000000001
12259,-24.5473,3.2086999999999999
12260,-18.650700000000001,3.2161
12261,-6.6281999999999996,3.2366000000000001
12262,-3.1869999999999998,3.2440000000000002
12263,0,3.2532999999999999
12264,0.73160000000000003,3.2570000000000001
12265,1.3764000000000001,3.2589000000000001
12266,3.7450000000000001,3.2645
12267,17.695900000000002,3.2905000000000002
12268,18.1051,3.2961
12269,15.327299999999999,3.2961
12270,12.1713,3.2905000000000002
12271,8.9346999999999994,3.2867999999999999
12272,0,3.2719
12273,0,3.27
12274,0,3.27
12275,0,3.27
12276,0,3.27
12277,0,3.27
12278,0,3.27
12279,0,3.27
12280,0,3.27
12281,0,3.27
12282,0,3.27
12283,0,3.27
12284,0,3.27
12285,0,3.27
12286,0,3.27
12287,0,3.2719
12288,0,3.27
12289,0,3.2719
12290,0,3.2719
12291,0,3.2719
12292,0,3.2719
12293,0,3.2719
12294,-10.497199999999999,3.2532999999999999
12295,-14.459300000000001,3.2440000000000002
12296,-18.328299999999999,3.2347000000000001
12297,-22.817399999999999,3.2254
12298,-28.627199999999998,3.2124000000000001
12299,-33.444899999999997,3.2012
12300,-39.9801,3.1863000000000001
12301,-39.955300000000001,3.1825999999999999
12302,-22.0548,3.2105000000000001
12303,-21.825299999999999,3.2105000000000001
12304,-39.967700000000001,3.1789000000000001
12305,-28.4102,3.1956000000000002
12306,-14.4655,3.2198000000000002
12307,-24.851099999999999,3.2048999999999999
12308,-10.863,3.2254
12309,-14.5771,3.2216999999999998
12310,-14.862299999999999,3.2216999999999998
12311,-4.6254,3.2383999999999999
12312,-7.7751999999999999,3.2347000000000001
12313,-7.8249000000000004,3.2347000000000001
12314,-2.7094999999999998,3.2458999999999998
12315,-0.70679999999999998,3.2513999999999998
12316,-11.2661,3.2328000000000001
12317,-6.5785999999999998,3.2403
12318,0.53939999999999999,3.2551999999999999
12319,-4.4951999999999996,3.2458999999999998
12320,-4.4269999999999996,3.2458999999999998
12321,-2.5049000000000001,3.2513999999999998
12322,-6.2995999999999999,3.2440000000000002
12323,-6.3120000000000003,3.2440000000000002
12324,-6.3120000000000003,3.2440000000000002
12325,-6.3182,3.2440000000000002
12326,-6.3120000000000003,3.2458999999999998
12327,-2.4615,3.2532999999999999
12328,-8.1534999999999993,3.2421000000000002
12329,-8.1844999999999999,3.2421000000000002
12330,-11.055300000000001,3.2366000000000001
12331,-0.58279999999999998,3.2551999999999999
12332,-2.4615,3.2551999999999999
12333,-6.2251000000000003,3.2458999999999998
12334,-6.2251000000000003,3.2458999999999998
12335,-2.4243000000000001,3.2551999999999999
12336,-2.3437000000000001,3.2551999999999999
12337,-4.1852,3.2532999999999999
12338,6.0205000000000002,3.27
12339,10.224399999999999,3.2793000000000001
12340,13.1386,3.2867999999999999
12341,13.857799999999999,3.2905000000000002
12342,14.8499,3.2961
12343,15.965999999999999,3.2997999999999998
12344,13.299799999999999,3.2978999999999998
12345,13.299799999999999,3.2997999999999998
12346,10.683199999999999,3.2961
12347,6.8141999999999996,3.2886000000000002
12348,0,3.2755999999999998
12349,0,3.2755999999999998
12350,0,3.2738
12351,0,3.2738
12352,0,3.2738
12353,0,3.2738
12354,0,3.2738
12355,0,3.2738
12356,0,3.2738
12357,-3.9805999999999999,3.2663000000000002
12358,-7.5396000000000001,3.2589000000000001
12359,-6.6715999999999998,3.2589000000000001
12360,-3.6334,3.2645
12361,-11.421099999999999,3.2496
12362,-7.1117999999999997,3.2570000000000001
12363,-6.6219999999999999,3.2570000000000001
12364,-10.311199999999999,3.2496
12365,-15.8668,3.2383999999999999
12366,-17.4665,3.2328000000000001
12367,-16.331800000000001,3.2328000000000001
12368,-13.9322,3.2366000000000001
12369,-13.492000000000001,3.2366000000000001
12370,-12.0101,3.2383999999999999
12371,-13.349399999999999,3.2366000000000001
12372,-14.459300000000001,3.2328000000000001
12373,-12.574400000000001,3.2366000000000001
12374,-11.7807,3.2366000000000001
12375,-8.7114999999999991,3.2421000000000002
12376,-5.3013000000000003,3.2496
12377,-3.8256000000000001,3.2532999999999999
12378,-3.8256000000000001,3.2532999999999999
12379,-3.8193999999999999,3.2532999999999999
12380,-3.8256000000000001,3.2551999999999999
12381,-3.8256000000000001,3.2551999999999999
12382,-11.7745,3.2403
12383,-6.3554000000000004,3.2496
12384,-6.4236000000000004,3.2496
12385,0.73780000000000001,3.2625999999999999
12386,0.73160000000000003,3.2645
12387,-0.78739999999999999,3.2625999999999999
12388,-3.8256000000000001,3.2570000000000001
12389,-3.8256000000000001,3.2570000000000001
12390,1.8105,3.2663000000000002
12391,6.2188999999999997,3.2755999999999998
12392,16.499199999999998,3.2961
12393,13.299799999999999,3.2924000000000002
12394,10.683199999999999,3.2905000000000002
12395,0,3.2738
12396,0,3.2719
12397,0,3.2719
12398,0,3.2719
12399,0,3.2719
12400,0,3.2719
12401,0,3.2719
12402,0,3.2719
12403,0,3.2719
12404,0,3.2719
12405,0,3.2719
12406,0,3.2719
12407,0,3.2719
12408,0,3.2719
12409,0,3.2719
12410,0,3.2719
12411,0,3.2719
12412,0,3.2719
12413,0,3.2719
12414,0,3.2719
12415,-10.503399999999999,3.2551999999999999
12416,-14.459300000000001,3.2440000000000002
12417,-18.340699999999998,3.2347000000000001
12418,-22.569400000000002,3.2254
12419,-13.305999999999999,3.2383999999999999
12420,-13.058,3.2383999999999999
12421,-11.0243,3.2421000000000002
12422,-2.1515,3.2589000000000001
12423,-2.1453000000000002,3.2589000000000001
12424,-6.3120000000000003,3.2532999999999999
12425,-4.1417999999999999,3.2570000000000001
12426,-2.1453000000000002,3.2606999999999999
12427,-0.1426,3.2645
12428,1.0602,3.2682000000000002
12429,-1.147,3.2645
12430,0.29759999999999998,3.2682000000000002
12431,-6.2624000000000004,3.2570000000000001
12432,-3.2303999999999999,3.2606999999999999
12433,-1.1408,3.2645
12434,0.61380000000000001,3.2682000000000002
12435,-1.1097999999999999,3.2663000000000002
12436,-2.0585,3.2645
12437,-3.0691000000000002,3.2625999999999999
12438,-6.2686000000000002,3.2570000000000001
12439,-7.2729999999999997,3.2551999999999999
12440,-10.460000000000001,3.2496
12441,-8.9533000000000005,3.2496
12442,-12.5434,3.2421000000000002
12443,-10.9747,3.2421000000000002
12444,-3.9434,3.2570000000000001
12445,-3.9868000000000001,3.2570000000000001
12446,-7.7380000000000004,3.2513999999999998
12447,-7.5457999999999998,3.2513999999999998
12448,-7.6574,3.2496
12449,-4.5758000000000001,3.2551999999999999
12450,-3.2303999999999999,3.2570000000000001
12451,-3.2242000000000002,3.2589000000000001
12452,-5.3384999999999998,3.2551999999999999
12453,-14.9801,3.2366000000000001
12454,-20.5047,3.2254
12455,-15.2591,3.2328000000000001
12456,-10.825799999999999,3.2383999999999999
12457,-10.4724,3.2403
12458,3.9805999999999999,3.2663000000000002
12459,17.695900000000002,3.2924000000000002
12460,16.213999999999999,3.2961
12461,13.0952,3.2905000000000002
12462,9.7469999999999999,3.2886000000000002
12463,0,3.2719
12464,0,3.2719
12465,0,3.2719
12466,0,3.27
12467,0,3.2719
12468,0,3.2719
12469,0,3.2719
12470,0,3.2719
12471,0,3.27
12472,0,3.2719
12473,0,3.2719
12474,0,3.2719
12475,0,3.2719
12476,0,3.2719
12477,0,3.2719
12478,0,3.2719
12479,0,3.2719
12480,0,3.2719
12481,0,3.2719
12482,0,3.2719
12483,0,3.2738
12484,0,3.2719
12485,0,3.2719
12486,0,3.2719
12487,0,3.2738
12488,0,3.2738
12489,0,3.2738
12490,0,3.2738
12491,0,3.2738
12492,-6.4669999999999996,3.2625999999999999
12493,-8.1844999999999999,3.2570000000000001
12494,-17.143999999999998,3.2403
12495,-13.895,3.2421000000000002
12496,-16.424800000000001,3.2366000000000001
12497,-12.022500000000001,3.2421000000000002
12498,-11.650499999999999,3.2421000000000002
12499,-20.027200000000001,3.2273000000000001
12500,-21.620699999999999,3.2235
12501,-16.5488,3.2309999999999999
12502,-15.742800000000001,3.2309999999999999
12503,-15.4575,3.2309999999999999
12504,-17.534700000000001,3.2254
12505,-13.498200000000001,3.2309999999999999
12506,-7.6264000000000003,3.2421000000000002
12507,-9.1889000000000003,3.2403
12508,-5.6670999999999996,3.2458999999999998
12509,-5.6981000000000002,3.2496
12510,-4.1417999999999999,3.2513999999999998
12511,-6.5724,3.2458999999999998
12512,-5.7538999999999998,3.2496
12513,-4.1790000000000003,3.2532999999999999
12514,1.2958000000000001,3.2625999999999999
12515,1.2896000000000001,3.2645
12516,10.119,3.2812000000000001
12517,11.197900000000001,3.2848999999999999
12518,13.3742,3.2905000000000002
12519,7.8497000000000003,3.2848999999999999
12520,6.25,3.2831000000000001
12521,7.6574,3.2848999999999999
12522,0,3.2738
12523,0,3.2719
12524,0,3.2719
12525,0,3.2719
12526,0,3.2719
12527,0,3.2719
12528,0,3.2719
12529,0,3.2719
12530,0,3.2719
12531,0,3.2719
12532,0,3.2719
12533,0,3.2719
12534,0,3.2719
12535,0,3.2719
12536,0,3.2719
12537,0,3.2719
12538,0,3.2738
12539,0,3.2738
12540,-4.5758000000000001,3.2645
12541,-6.2624000000000004,3.2606999999999999
12542,-3.8628,3.2645
12543,-6.9753999999999996,3.2589000000000001
12544,-14.006600000000001,3.2440000000000002
12545,-13.6656,3.2421000000000002
12546,-15.978400000000001,3.2366000000000001
12547,-10.2182,3.2458999999999998
12548,-16.306999999999999,3.2347000000000001
12549,-5.1090999999999998,3.2532999999999999
12550,-0.10539999999999999,3.2625999999999999
12551,-2.0585,3.2606999999999999
12552,-16.858799999999999,3.2347000000000001
12553,-11.879899999999999,3.2403
12554,-11.470700000000001,3.2403
12555,-16.933199999999999,3.2309999999999999
12556,-14.1059,3.2347000000000001
12557,-3.2242000000000002,3.2532999999999999
12558,0.84940000000000004,3.2625999999999999
12559,-10.2182,3.2440000000000002
12560,-10.503399999999999,3.2421000000000002
12561,-5.6299000000000001,3.2513999999999998
12562,4.0860000000000003,3.2682000000000002
12563,3.621,3.27
12564,4.5385999999999997,3.2738
12565,11.098699999999999,3.2867999999999999
12566,10.9747,3.2886000000000002
12567,8.1659000000000006,3.2848999999999999
12568,0,3.2719
12569,0,3.2719
12570,0,3.2719
12571,0,3.2719
12572,0,3.2719
12573,0,3.2719
12574,-0.41539999999999999,3.2719
12575,-8.6990999999999996,3.2570000000000001
12576,-10.6646,3.2513999999999998
12577,-16.623200000000001,3.2383999999999999
12578,-20.3931,3.2290999999999999
12579,-12.022500000000001,3.2403
12580,-17.4665,3.2309999999999999
12581,-18.898800000000001,3.2273000000000001
12582,-17.255700000000001,3.2290999999999999
12583,-21.738499999999998,3.2198000000000002
12584,-20.932500000000001,3.2198000000000002
12585,-19.977599999999999,3.2198000000000002
12586,-16.213999999999999,3.2254
12587,-16.945599999999999,3.2235
12588,-11.8675,3.2309999999999999
12589,-10.788600000000001,3.2328000000000001
12590,-8.0976999999999997,3.2383999999999999
12591,-9.6663999999999994,3.2366000000000001
12592,-8.3828999999999994,3.2403
12593,-4.5014000000000003,3.2458999999999998
12594,0,3.2570000000000001
12595,-2.7839,3.2532999999999999
12596,-1.1408,3.2570000000000001
12597,1.3764000000000001,3.2625999999999999
12598,2.6103000000000001,3.2663000000000002
12599,6.7770000000000001,3.2738
12600,10.77,3.2831000000000001
12601,10.094200000000001,3.2848999999999999
12602,11.7249,3.2886000000000002
12603,9.8585999999999991,3.2867999999999999
12604,5.2579000000000002,3.2812000000000001
12605,6.6901999999999999,3.2848999999999999
12606,0,3.2738
12607,0,3.2719
12608,0,3.2719
12609,0,3.2719
12610,-0.496,3.27
12611,0,3.2719
12612,0,3.2719
12613,-9.6167999999999996,3.2551999999999999
12614,-10.6646,3.2513999999999998
12615,-17.819900000000001,3.2366000000000001
12616,-23.976900000000001,3.2235
12617,-24.1629,3.2198000000000002
12618,-16.145800000000001,3.2309999999999999
12619,-10.422800000000001,3.2403
12620,-13.0518,3.2347000000000001
12621,-14.267099999999999,3.2328000000000001
12622,-15.8172,3.2290999999999999
12623,-16.5426,3.2273000000000001
12624,-25.2852,3.2105000000000001
12625,-23.015799999999999,3.2141999999999999
12626,-16.852599999999999,3.2216999999999998
12627,-10.9747,3.2309999999999999
12628,-8.2155000000000005,3.2366000000000001
12629,-12.295299999999999,3.2309999999999999
12630,-4.5758000000000001,3.2440000000000002
12631,-4.5758000000000001,3.2458999999999998
12632,-2.9016999999999999,3.2513999999999998
12633,0,3.2570000000000001
12634,-1.1841999999999999,3.2570000000000001
12635,-4.3712,3.2513999999999998
12636,-4.3836000000000004,3.2513999999999998
12637,-2.7839,3.2551999999999999
12638,2.0585,3.2645
12639,-2.6722999999999999,3.2570000000000001
12640,-4.1852,3.2551999999999999
12641,-4.1790000000000003,3.2551999999999999
12642,-4.1852,3.2551999999999999
12643,-4.1852,3.2551999999999999
12644,-4.1852,3.2551999999999999
12645,-5.8220999999999998,3.2513999999999998
12646,-9.5361999999999991,3.2440000000000002
12647,-11.235099999999999,3.2403
12648,-25.483599999999999,3.2141999999999999
12649,-19.376200000000001,3.2216999999999998
12650,-19.779199999999999,3.2198000000000002
12651,-20.535699999999999,3.218
12652,-5.8220999999999998,3.2403
12653,-14.459300000000001,3.2273000000000001
12654,-12.028700000000001,3.2309999999999999
12655,-10.503399999999999,3.2328000000000001
12656,-4.1417999999999999,3.2458999999999998
12657,-2.2197,3.2513999999999998
12658,-5.9027000000000003,3.2440000000000002
12659,-4.0178000000000003,3.2496
12660,-0.34720000000000001,3.2570000000000001
12661,1.3764000000000001,3.2606999999999999
12662,-3.9868000000000001,3.2532999999999999
12663,1.3764000000000001,3.2625999999999999
12664,1.3764000000000001,3.2625999999999999
12665,-3.6581999999999999,3.2551999999999999
12666,-0.074399999999999994,3.2625999999999999
12667,-3.5775999999999999,3.2570000000000001
12668,4.6999000000000004,3.2719
12669,2.0895000000000001,3.2682000000000002
12670,-3.1869999999999998,3.2606999999999999
12671,-4.8673000000000002,3.2570000000000001
12672,-4.8611000000000004,3.2570000000000001
12673,-4.8548999999999998,3.2551999999999999
12674,0,3.2645
12675,-3.0629,3.2589000000000001
12676,-4.7432999999999996,3.2570000000000001
12677,-1.3453999999999999,3.2625999999999999
12678,0.73160000000000003,3.2663000000000002
12679,2.6970999999999998,3.27
12680,1.3702000000000001,3.2682000000000002
12681,2.6537000000000002,3.2719
12682,8.0046999999999997,3.2812000000000001
12683,9.6105999999999998,3.2867999999999999
12684,8.7797000000000001,3.2867999999999999
12685,6.6158000000000001,3.2831000000000001
12686,5.2579000000000002,3.2831000000000001
12687,-2.4243000000000001,3.2682000000000002
12688,-11.464499999999999,3.2532999999999999
12689,-10.9002,3.2513999999999998
12690,-7.9364999999999997,3.2551999999999999
12691,-8.9780999999999995,3.2513999999999998
12692,-10.137600000000001,3.2496
12693,-10.460000000000001,3.2458999999999998
12694,-12.754200000000001,3.2403
12695,-15.8606,3.2347000000000001
12696,-16.573599999999999,3.2309999999999999
12697,-11.6257,3.2383999999999999
12698,-3.9868000000000001,3.2532999999999999
12699,-6.3182,3.2496
12700,-6.343,3.2496
12701,-6.4607999999999999,3.2496
12702,-11.656700000000001,3.2403
12703,-8.1844999999999999,3.2440000000000002
12704,-13.6098,3.2347000000000001
12705,-6.2188999999999997,3.2458999999999998
12706,-6.2624000000000004,3.2496
12707,-6.2624000000000004,3.2496
12708,-2.9885000000000002,3.2551999999999999
12709,4.4207999999999998,3.2682000000000002
12710,2.0461,3.2663000000000002
12711,1.3702000000000001,3.2663000000000002
12712,6.1444999999999999,3.2755999999999998
12713,3.2551999999999999,3.2719
12714,1.2958000000000001,3.27
12715,-7.3411999999999997,3.2551999999999999
12716,-7.4714,3.2532999999999999
12717,-8.9905000000000008,3.2496
12718,-6.3182,3.2532999999999999
12719,-10.6708,3.2440000000000002
12720,-12.531000000000001,3.2403
12721,-11.5451,3.2403
12722,-8.0233000000000008,3.2458999999999998
12723,-11.979100000000001,3.2383999999999999
12724,-12.338699999999999,3.2366000000000001
12725,-7.1117999999999997,3.2458999999999998
12726,-2.9885000000000002,3.2532999999999999
12727,-2.9823,3.2551999999999999
12728,-2.9016999999999999,3.2570000000000001
12729,0.77500000000000002,3.2625999999999999
12730,0.77500000000000002,3.2645
12731,-2.7839,3.2589000000000001
12732,-4.3464,3.2570000000000001
12733,0.77500000000000002,3.2645
12734,0.77500000000000002,3.2663000000000002
12735,2.0213000000000001,3.2682000000000002
12736,-9.1021000000000001,3.2496
12737,-10.695600000000001,3.2440000000000002
12738,-8.0233000000000008,3.2496
12739,-6.7088000000000001,3.2513999999999998
12740,-1.1408,3.2606999999999999
12741,-6.7026000000000003,3.2532999999999999
12742,-4.3464,3.2551999999999999
12743,-4.3464,3.2551999999999999
12744,0,3.2645
12745,0.17979999999999999,3.2645
12746,1.3764000000000001,3.2682000000000002
12747,0.17979999999999999,3.2663000000000002
12748,-2.6164999999999998,3.2625999999999999
12749,-4.1852,3.2589000000000001
12750,-4.1852,3.2589000000000001
12751,-0.99199999999999999,3.2645
12752,-2.4986999999999999,3.2625999999999999
12753,-4.1479999999999997,3.2589000000000001
12754,0.1736,3.2663000000000002
12755,0.17979999999999999,3.2663000000000002
12756,-3.9371999999999998,3.2606999999999999
12757,-7.7751999999999999,3.2532999999999999
12758,-2.4615,3.2625999999999999
12759,0.21079999999999999,3.2663000000000002
12760,3.8069999999999999,3.2738
12761,4.7805,3.2774999999999999
12762,5.9337,3.2793000000000001
12763,1.7361,3.2738
12764,-2.8582999999999998,3.2663000000000002
12765,-3.9434,3.2625999999999999
12766,-13.058,3.2440000000000002
12767,-12.382099999999999,3.2440000000000002
12768,-10.9002,3.2440000000000002
12769,-5.8220999999999998,3.2551999999999999
12770,-5.8593000000000002,3.2551999999999999
12771,-10.050800000000001,3.2458999999999998
12772,-6.1073000000000004,3.2532999999999999
12773,-5.3446999999999996,3.2532999999999999
12774,-5.3880999999999997,3.2551999999999999
12775,-6.2686000000000002,3.2532999999999999
12776,0.21079999999999999,3.2645
12777,-0.78739999999999999,3.2625999999999999
12778,-3.8256000000000001,3.2589000000000001
12779,-3.8256000000000001,3.2589000000000001
12780,0.21079999999999999,3.2663000000000002
12781,-0.74399999999999999,3.2645
12782,-0.74399999999999999,3.2645
12783,-3.6272000000000002,3.2606999999999999
12784,-5.9027000000000003,3.2551999999999999
12785,-10.1066,3.2458999999999998
12786,-3.8256000000000001,3.2589000000000001
12787,0.73160000000000003,3.2663000000000002
12788,-3.7450000000000001,3.2589000000000001
12789,1.2958000000000001,3.2682000000000002
12790,-8.5441000000000003,3.2513999999999998
12791,-11.464499999999999,3.2440000000000002
12792,-10.3422,3.2440000000000002
12793,1.2958000000000001,3.2663000000000002
12794,4.9044999999999996,3.2738
12795,10.615,3.2848999999999999
12796,8.9284999999999997,3.2848999999999999
12797,13.1882,3.2961
12798,10.503399999999999,3.2924000000000002
12799,7.3411999999999997,3.2867999999999999
12800,0,3.2755999999999998
12801,0,3.2738
12802,0,3.2738
12803,0,3.2738
12804,0,3.2738
12805,0,3.2738
12806,-6.4732000000000003,3.2625999999999999
12807,-9.7035999999999998,3.2551999999999999
12808,-20.535699999999999,3.2328000000000001
12809,-22.098199999999999,3.2273000000000001
12810,-26.302,3.2161
12811,-20.851900000000001,3.2235
12812,-12.4193,3.2366000000000001
12813,-15.649800000000001,3.2309999999999999
12814,-13.541600000000001,3.2328000000000001
12815,-12.214700000000001,3.2347000000000001
12816,-14.4717,3.2309999999999999
12817,-21.099900000000002,3.2198000000000002
12818,-26.686499999999999,3.2086999999999999
12819,-19.184000000000001,3.218
12820,-11.8241,3.2309999999999999
12821,-8.2960999999999991,3.2366000000000001
12822,-6.0514999999999999,3.2421000000000002
12823,-4.4951999999999996,3.2458999999999998
12824,-4.4951999999999996,3.2458999999999998
12825,3.6520000000000001,3.2625999999999999
12826,-1.1097999999999999,3.2570000000000001
12827,0.17979999999999999,3.2606999999999999
12828,0.77500000000000002,3.2625999999999999
12829,0.17979999999999999,3.2625999999999999
12830,1.2958000000000001,3.2645
12831,0.1736,3.2645
12832,1.2958000000000001,3.2663000000000002
12833,5.8097000000000003,3.2755999999999998
12834,10.6212,3.2848999999999999
12835,1.2958000000000001,3.27
12836,-2.8273000000000001,3.2625999999999999
12837,-6.2995999999999999,3.2570000000000001
12838,-10.7018,3.2458999999999998
12839,-9.1455000000000002,3.2496
12840,-0.54559999999999997,3.2625999999999999
12841,-3.2614000000000001,3.2589000000000001
12842,-5.4625000000000004,3.2551999999999999
12843,0.29759999999999998,3.2645
12844,-3.2614000000000001,3.2606999999999999
12845,-3.2614000000000001,3.2589000000000001
12846,-12.4255,3.2421000000000002
12847,-9.6292000000000009,3.2458999999999998
12848,-11.2103,3.2421000000000002
12849,-6.0328999999999997,3.2513999999999998
12850,-7.4714,3.2496
12851,-8.9842999999999993,3.2440000000000002
12852,-5.5058999999999996,3.2513999999999998
12853,-2.4243000000000001,3.2570000000000001
12854,1.2958000000000001,3.2645
12855,3.7450000000000001,3.27
12856,0.73780000000000001,3.2663000000000002
12857,1.2585999999999999,3.2682000000000002
12858,0.29759999999999998,3.2663000000000002
12859,0.73780000000000001,3.2682000000000002
12860,1.3391999999999999,3.27
12861,0.77500000000000002,3.27
12862,4.5448000000000004,3.2755999999999998
12863,13.182,3.2924000000000002
12864,11.458299999999999,3.2924000000000002
12865,8.2898999999999994,3.2886000000000002
12866,0,3.2755999999999998
12867,0,3.2738
12868,0,3.2738
12869,0,3.2738
12870,0,3.2719
12871,0,3.2738
12872,0,3.2719
12873,0,3.2719
12874,0,3.2738
12875,0,3.2738
12876,0,3.2738
12877,0,3.2738
12878,0,3.2738
12879,0,3.2738
12880,0,3.2738
12881,0,3.2719
12882,0,3.2738
12883,0,3.2738
12884,0,3.2738
12885,0,3.2738
12886,0,3.2738
12887,0,3.2738
12888,0,3.2738
12889,0,3.2738
12890,0,3.2738
12891,0,3.2738
12892,0,3.2738
12893,0,3.2738
12894,0,3.2738
12895,0,3.2738
12896,0,3.2738
12897,0,3.2738
12898,0,3.2738
12899,-3.9868000000000001,3.2663000000000002
12900,-9.0710999999999995,3.2570000000000001
12901,-16.021799999999999,3.2421000000000002
12902,-19.642800000000001,3.2328000000000001
12903,-24.014099999999999,3.2235
12904,-27.734300000000001,3.2141999999999999
12905,-15.333500000000001,3.2309999999999999
12906,-16.623200000000001,3.2290999999999999
12907,-20.740300000000001,3.2216999999999998
12908,-16.381399999999999,3.2273000000000001
12909,-15.190899999999999,3.2290999999999999
12910,-13.1882,3.2309999999999999
12911,-13.6904,3.2309999999999999
12912,-15.625,3.2273000000000001
12913,-7.6574,3.2403
12914,-11.464499999999999,3.2347000000000001
12915,-10.9002,3.2347000000000001
12916,-9.6663999999999994,3.2366000000000001
12917,0,3.2551999999999999
12918,1.3702000000000001,3.2606999999999999
12919,1.3702000000000001,3.2625999999999999
12920,-4.1108000000000002,3.2532999999999999
12921,2.7776999999999998,3.2663000000000002
12922,9.8585999999999991,3.2793000000000001
12923,10.336,3.2831000000000001
12924,4.1790000000000003,3.2738
12925,3.4535999999999998,3.2738
12926,11.613300000000001,3.2886000000000002
12927,10.9809,3.2905000000000002
12928,7.4589999999999996,3.2848999999999999
12929,2.4491000000000001,3.2774999999999999
12930,0.61380000000000001,3.2738
12931,0,3.2719
12932,0,3.2719
12933,0,3.2719
12934,0,3.2719
12935,-0.58279999999999998,3.27
12936,-2.2197,3.2682000000000002
12937,-2.2631000000000001,3.2682000000000002
12938,0,3.2719
12939,-0.58279999999999998,3.27
12940,0,3.2719
12941,0,3.2719
12942,0,3.2719
12943,0,3.2719
12944,0,3.2719
12945,0,3.2719
12946,0,3.2719
12947,-0.41539999999999999,3.2719
12948,-1.8229,3.27
12949,-3.4226000000000001,3.2663000000000002
12950,-6.6219999999999999,3.2606999999999999
12951,-15.104100000000001,3.2421000000000002
12952,-17.292899999999999,3.2366000000000001
12953,-20.2318,3.2290999999999999
12954,-9.9082000000000008,3.2440000000000002
12955,-5.4687000000000001,3.2532999999999999
12956,-13.864000000000001,3.2383999999999999
12957,-19.872199999999999,3.2273000000000001
12958,-20.151199999999999,3.2235
12959,-13.1076,3.2347000000000001
12960,-5.1835000000000004,3.2496
12961,-3.9805999999999999,3.2532999999999999
12962,-4.0178000000000003,3.2532999999999999
12963,-6.2686000000000002,3.2496
12964,-11.8241,3.2383999999999999
12965,-9.1455000000000002,3.2421000000000002
12966,-12.5806,3.2366000000000001
12967,-11.7807,3.2366000000000001
12968,-10.1128,3.2383999999999999
12969,-2.3127,3.2532999999999999
12970,-2.2692999999999999,3.2551999999999999
12971,-6.0639000000000003,3.2496
12972,-8.9533000000000005,3.2421000000000002
12973,-9.1082999999999998,3.2421000000000002
12974,-6.4236000000000004,3.2458999999999998
12975,-9.3438999999999997,3.2421000000000002
12976,-6.2624000000000004,3.2458999999999998
12977,-7.7504,3.2440000000000002
12978,-5.6299000000000001,3.2496
12979,-4.1045999999999996,3.2532999999999999
12980,-4.1045999999999996,3.2532999999999999
12981,-2.5049000000000001,3.2570000000000001
12982,-2.5049000000000001,3.2570000000000001
12983,-4.0178000000000003,3.2551999999999999
12984,0.17979999999999999,3.2625999999999999
12985,-2.5792999999999999,3.2589000000000001
12986,0.73160000000000003,3.2645
12987,1.2896000000000001,3.2663000000000002
12988,3.8193999999999999,3.2719
12989,4.7805,3.2755999999999998
12990,10.1004,3.2848999999999999
12991,6.4607999999999999,3.2812000000000001
12992,10.8568,3.2905000000000002
12993,4.9292999999999996,3.2812000000000001
12994,6.4112,3.2848999999999999
12995,7.6078000000000001,3.2867999999999999
12996,0,3.2738
12997,0,3.2738
12998,0,3.2738
12999,0,3.2738
13000,0,3.2738
13001,0,3.2738
13002,0,3.2738
13003,0,3.2719
13004,0,3.2738
13005,0,3.2719
13006,0,3.2738
13007,0,3.2738
13008,0,3.2738
13009,0,3.2738
13010,0,3.2719
13011,0,3.2738
13012,0,3.2738
13013,0,3.2738
13014,0,3.2738
13015,-6.7831999999999999,3.2606999999999999
13016,-10.6646,3.2532999999999999
13017,-16.152000000000001,3.2403
13018,-22.290400000000002,3.2273000000000001
13019,-26.500399999999999,3.2161
13020,-31.367799999999999,3.2048999999999999
13021,-27.368500000000001,3.2086999999999999
13022,-24.206299999999999,3.2124000000000001
13023,-9.3438999999999997,3.2366000000000001
13024,1.2524,3.2570000000000001
13025,1.2585999999999999,3.2606999999999999
13026,12.338699999999999,3.2812000000000001
13027,13.461,3.2867999999999999
13028,10.8568,3.2848999999999999
13029,7.1738,3.2812000000000001
13030,0,3.27
13031,0,3.27
13032,0,3.27
13033,0,3.27
13034,0,3.27
13035,0,3.27
13036,0,3.27
13037,0,3.27
13038,0,3.27
13039,0,3.27
13040,0,3.27
13041,0,3.2719
13042,0,3.2719
13043,-0.78739999999999999,3.27
13044,-4.3464,3.2645
13045,-6.6219999999999999,3.2589000000000001
13046,-9.7408000000000001,3.2532999999999999
13047,-18.136099999999999,3.2347000000000001
13048,-15.1785,3.2366000000000001
13049,-8.1783000000000001,3.2496
13050,-2.5792999999999999,3.2589000000000001
13051,0.48980000000000001,3.2663000000000002
13052,-3.3481999999999998,3.2606999999999999
13053,-3.9371999999999998,3.2589000000000001
13054,-1.5376000000000001,3.2645
13055,-8.2279,3.2513999999999998
13056,-13.368,3.2403
13057,-14.7011,3.2366000000000001
13058,-16.338000000000001,3.2309999999999999
13059,-13.182,3.2366000000000001
13060,-15.5381,3.2309999999999999
13061,-7.9861000000000004,3.2421000000000002
13062,-6.3182,3.2458999999999998
13063,-2.7839,3.2551999999999999
13064,0.29759999999999998,3.2606999999999999
13065,0.29759999999999998,3.2625999999999999
13066,-6.4669999999999996,3.2513999999999998
13067,-6.3120000000000003,3.2513999999999998
13068,-5.1401000000000003,3.2532999999999999
13069,-1.6245000000000001,3.2589000000000001
13070,-0.38440000000000002,3.2625999999999999
13071,-0.38440000000000002,3.2625999999999999
13072,-2.8334999999999999,3.2589000000000001
13073,-1.6307,3.2625999999999999
13074,5.4500999999999999,3.2755999999999998
13075,1.6493,3.27
13076,0.33479999999999999,3.2682000000000002
13077,-6.9134000000000002,3.2551999999999999
13078,-4.7309000000000001,3.2589000000000001
13079,-4.7866999999999997,3.2570000000000001
13080,1.1779999999999999,3.2682000000000002
13081,8.3394999999999992,3.2812000000000001
13082,7.0435999999999996,3.2812000000000001
13083,7.2544000000000004,3.2831000000000001
13084,0,3.2719
13085,0,3.2719
13086,0,3.2719
13087,0,3.2719
13088,0,3.2719
13089,0,3.2719
13090,0,3.2719
13091,0,3.2719
13092,0,3.2719
13093,0,3.2719
13094,0,3.2719
13095,0,3.2719
13096,0,3.2719
13097,0,3.2719
13098,-3.3420000000000001,3.2663000000000002
13099,-0.50219999999999998,3.27
13100,-0.496,3.2719
13101,-0.50219999999999998,3.2719
13102,-0.50219999999999998,3.2719
13103,-2.2631000000000001,3.2682000000000002
13104,-4.7432999999999996,3.2625999999999999
13105,-3.5838000000000001,3.2645
13106,-3.5838000000000001,3.2645
13107,-4.5510000000000002,3.2625999999999999
13108,-9.4990000000000006,3.2532999999999999
13109,-11.5389,3.2458999999999998
13110,-4.1852,3.2606999999999999
13111,0,3.2682000000000002
13112,0,3.2682000000000002
13113,0,3.27
13114,-6.6219999999999999,3.2589000000000001
13115,-13.864000000000001,3.2421000000000002
13116,-22.061,3.2254
13117,-26.8415,3.2141999999999999
13118,-25.248000000000001,3.2141999999999999
13119,-17.534700000000001,3.2254
13120,-11.049099999999999,3.2347000000000001
13121,-7.5768000000000004,3.2421000000000002
13122,-12.1465,3.2347000000000001
13123,-10.6646,3.2366000000000001
13124,-9.6663999999999994,3.2383999999999999
13125,-8.5379000000000005,3.2403
13126,-3.6520000000000001,3.2513999999999998
13127,1.2958000000000001,3.2606999999999999
13128,1.2524,3.2625999999999999
13129,-3.4660000000000002,3.2551999999999999
13130,-3.4722,3.2551999999999999
13131,-3.4660000000000002,3.2551999999999999
13132,-3.4660000000000002,3.2570000000000001
13133,-3.4660000000000002,3.2570000000000001
13134,-9.6229999999999993,3.2440000000000002
13135,-5.0656999999999996,3.2532999999999999
13136,-8.5441000000000003,3.2458999999999998
13137,-5.9398999999999997,3.2513999999999998
13138,-7.4156000000000004,3.2458999999999998
13139,-8.9408999999999992,3.2440000000000002
13140,-6.2624000000000004,3.2496
13141,-5.5121000000000002,3.2513999999999998
13142,-7.7813999999999997,3.2458999999999998
13143,-6.4732000000000003,3.2496
13144,-13.901199999999999,3.2347000000000001
13145,-28.4908,3.2086999999999999
13146,8.9408999999999992,3.27
13147,-27.337499999999999,3.2105000000000001
13148,-6.2624000000000004,3.2421000000000002
13149,-2.9885000000000002,3.2513999999999998
13150,5.1276999999999999,3.2663000000000002
13151,19.078600000000002,3.2961
13152,17.7331,3.2978999999999998
13153,15.097899999999999,3.2978999999999998
13154,11.985300000000001,3.2924000000000002
13155,8.6990999999999996,3.2886000000000002
13156,0,3.2738
13157,0,3.2719
13158,0,3.2719
13159,0,3.2719
13160,0,3.2719
13161,0,3.2719
13162,0,3.2719
13163,0,3.2719
13164,0,3.2719
13165,0,3.2719
13166,0,3.2719
13167,0,3.2719
13168,0,3.2719
13169,0,3.2719
13170,0,3.2719
13171,0,3.2719
13172,0,3.2719
13173,0,3.2719
13174,0,3.2719
13175,0,3.2719
13176,0,3.2719
13177,0,3.2719
13178,0,3.2719
13179,0,3.2738
13180,0,3.2738
13181,0,3.2738
13182,0,3.2719
13183,0,3.2738
13184,-4.9044999999999996,3.2645
13185,-10.6212,3.2532999999999999
13186,-17.8323,3.2366000000000001
13187,-18.6631,3.2328000000000001
13188,-16.5426,3.2328000000000001
13189,-15.011100000000001,3.2347000000000001
13190,-9.5486000000000004,3.2440000000000002
13191,-26.091200000000001,3.2141999999999999
13192,-7.0621999999999998,3.2440000000000002
13193,-14.0997,3.2328000000000001
13194,-11.1111,3.2366000000000001
13195,-2.8273000000000001,3.2532999999999999
13196,-20.752700000000001,3.2216999999999998
13197,1.2524,3.2589000000000001
13198,0.84319999999999995,3.2606999999999999
13199,0.78120000000000001,3.2625999999999999
13200,1.2524,3.2645
13201,1.6927000000000001,3.2663000000000002
13202,1.2524,3.2663000000000002
13203,0.73160000000000003,3.2663000000000002
13204,4.1417999999999999,3.2738
13205,3.4535999999999998,3.2738
13206,3.0939000000000001,3.2738
13207,2.8893,3.2738
13208,4.3277999999999999,3.2774999999999999
13209,7.5396000000000001,3.2848999999999999
13210,0,3.2719
13211,0,3.2719
13212,0,3.2719
13213,0,3.2719
13214,0,3.2719
13215,0,3.2719
13216,0,3.2719
13217,0,3.2719
13218,0,3.2719
13219,0,3.2719
13220,0,3.2719
13221,0,3.2719
13222,0,3.2719
13223,0,3.2719
13224,0,3.2719
13225,0,3.2719
13226,0,3.2719
13227,0,3.2719
13228,0,3.2719
13229,0,3.2738
13230,0,3.2738
13231,0,3.2738
13232,0,3.2719
13233,0,3.2738
13234,0,3.2738
13235,0,3.2738
13236,0,3.2738
13237,0,3.2738
13238,0,3.2738
13239,0,3.2738
13240,0,3.2738
13241,-9.6167999999999996,3.2570000000000001
13242,-9.4431999999999992,3.2551999999999999
13243,-15.3459,3.2421000000000002
13244,-18.694099999999999,3.2328000000000001
13245,-21.1309,3.2254
13246,-23.375399999999999,3.2198000000000002
13247,-6.343,3.2496
13248,-9.3004999999999995,3.2421000000000002
13249,-27.821100000000001,3.2105000000000001
13250,-13.132400000000001,3.2328000000000001
13251,-10.6212,3.2366000000000001
13252,-4.5696000000000003,3.2496
13253,0.84940000000000004,3.2606999999999999
13254,1.7361,3.2645
13255,1.7361,3.2645
13256,1.2524,3.2663000000000002
13257,1.6555,3.2663000000000002
13258,11.458299999999999,3.2848999999999999
13259,7.1738,3.2812000000000001
13260,-1.8229,3.2663000000000002
13261,-4.5758000000000001,3.2606999999999999
13262,-4.7061000000000002,3.2606999999999999
13263,-6.0576999999999996,3.2570000000000001
13264,-12.022500000000001,3.2440000000000002
13265,-20.1388,3.2273000000000001
13266,-22.284199999999998,3.2216999999999998
13267,-20.548100000000002,3.2216999999999998
13268,-5.3695000000000004,3.2458999999999998
13269,-0.54559999999999997,3.2570000000000001
13270,-1.9035,3.2570000000000001
13271,5.7352999999999996,3.2719
13272,10.689399999999999,3.2831000000000001
13273,7.3474000000000004,3.2793000000000001
13274,4.1356000000000002,3.2755999999999998
13275,-1.9469000000000001,3.2663000000000002
13276,-17.7331,3.2347000000000001
13277,-21.825299999999999,3.2254
13278,-20.851900000000001,3.2235
13279,-21.0627,3.2198000000000002
13280,-15.2591,3.2290999999999999
13281,-8.5813000000000006,3.2403
13282,-7.3845999999999998,3.2421000000000002
13283,-5.3013000000000003,3.2458999999999998
13284,0.73780000000000001,3.2589000000000001
13285,-2.2259000000000002,3.2570000000000001
13286,-5.9398999999999997,3.2513999999999998
13287,-5.2579000000000002,3.2513999999999998
13288,-2.2692999999999999,3.2570000000000001
13289,-2.2259000000000002,3.2570000000000001
13290,-3.7450000000000001,3.2551999999999999
13291,-10.15,3.2421000000000002
13292,-10.3422,3.2403
13293,-5.5058999999999996,3.2496
13294,0.21079999999999999,3.2606999999999999
13295,1.2958000000000001,3.2645
13296,-5.3136999999999999,3.2532999999999999
13297,-8.9408999999999992,3.2440000000000002
13298,-11.9915,3.2383999999999999
13299,-4.1045999999999996,3.2532999999999999
13300,0.16739999999999999,3.2606999999999999
13301,-9.2632999999999992,3.2440000000000002
13302,-11.656700000000001,3.2383999999999999
13303,-14.217499999999999,3.2328000000000001
13304,-18.644500000000001,3.2235
13305,-13.895,3.2309999999999999
13306,-11.8613,3.2328000000000001
13307,-8.9780999999999995,3.2383999999999999
13308,-9.1144999999999996,3.2383999999999999
13309,-9.2632999999999992,3.2383999999999999
13310,-5.1090999999999998,3.2458999999999998
13311,-1.6245000000000001,3.2532999999999999
13312,-3.2614000000000001,3.2513999999999998
13313,-3.2675999999999998,3.2532999999999999
13314,-6.7026000000000003,3.2458999999999998
13315,-10.819599999999999,3.2383999999999999
13316,0.73780000000000001,3.2589000000000001
13317,1.3764000000000001,3.2625999999999999
13318,0.73160000000000003,3.2625999999999999
13319,-8.8541000000000007,3.2440000000000002
13320,-12.109299999999999,3.2383999999999999
13321,-10.745200000000001,3.2383999999999999
13322,-7.7069999999999999,3.2421000000000002
13323,-6.9071999999999996,3.2440000000000002
13324,-3.4226000000000001,3.2532999999999999
13325,1.3702000000000001,3.2625999999999999
13326,2.0895000000000001,3.2645
13327,-6.5414000000000003,3.2513999999999998
13328,-8.9780999999999995,3.2440000000000002
13329,-12.289099999999999,3.2366000000000001
13330,-12.5806,3.2347000000000001
13331,-13.820600000000001,3.2309999999999999
13332,-11.4955,3.2347000000000001
13333,-8.3085000000000004,3.2403
13334,-1.9097,3.2532999999999999
13335,1.3764000000000001,3.2606999999999999
13336,21.378900000000002,3.2997999999999998
13337,19.5746,3.3016999999999999
13338,18.340699999999998,3.3035000000000001
13339,15.5815,3.3016999999999999
13340,12.4131,3.2978999999999998
13341,9.1331000000000007,3.2905000000000002
13342,0,3.2755999999999998
13343,0,3.2738
13344,0,3.2738
13345,0,3.2738
13346,0,3.2738
13347,0,3.2719
13348,0,3.2719
13349,0,3.2719
13350,0,3.2719
13351,0,3.2719
13352,0,3.2719
13353,0,3.2719
13354,0,3.2719
13355,0,3.2719
13356,0,3.2719
13357,0,3.2719
13358,0,3.2719
13359,0,3.2719
13360,0,3.2738
13361,0,3.2719
13362,0,3.2719
13363,0,3.2738
13364,0,3.2738
13365,0,3.2738
13366,0,3.2719
13367,0,3.2738
13368,0,3.2738
13369,0,3.2738
13370,0,3.2738
13371,0,3.2738
13372,0,3.2738
13373,0,3.2738
13374,0,3.2738
13375,0,3.2738
13376,0,3.2738
13377,0,3.2738
13378,0,3.2738
13379,0,3.2738
13380,0,3.2738
13381,0,3.2738
13382,0,3.2738
13383,0,3.2738
13384,-10.497199999999999,3.2551999999999999
13385,-14.4655,3.2440000000000002
13386,-18.334499999999998,3.2347000000000001
13387,-22.817399999999999,3.2254
13388,-28.620999999999999,3.2105000000000001
13389,-33.451099999999997,3.1974999999999998
13390,-29.253399999999999,3.2031000000000001
13391,-28.2118,3.2031000000000001
13392,-22.3462,3.2105000000000001
13393,-12.1899,3.2273000000000001
13394,2.6970999999999998,3.2551999999999999
13395,1.8601000000000001,3.2589000000000001
13396,0.73160000000000003,3.2589000000000001
13397,-7.4218000000000002,3.2440000000000002
13398,-6.1383000000000001,3.2458999999999998
13399,-6.2188999999999997,3.2458999999999998
13400,-9.1021000000000001,3.2403
13401,-21.490500000000001,3.218
13402,2.7776999999999998,3.2606999999999999
13403,14.050000000000001,3.2831000000000001
13404,6.0949,3.2738
13405,16.139600000000002,3.2924000000000002
13406,6.9630000000000001,3.2793000000000001
13407,1.054,3.27
13408,-10.2182,3.2496
13409,-6.7831999999999999,3.2532999999999999
13410,-15.649800000000001,3.2347000000000001
13411,-26.773299999999999,3.2141999999999999
13412,-30.846900000000002,3.2031000000000001
13413,-39.961500000000001,3.1825999999999999
13414,-39.9739,3.177
13415,-39.967700000000001,3.1751999999999998
13416,-39.9739,3.1732999999999998
13417,-25.297599999999999,3.1938
13418,-39.9739,3.1696
13419,-30.1401,3.1844999999999999
13420,-39.961500000000001,3.1677
13421,-38.293599999999998,3.1696
13422,-39.967700000000001,3.1640000000000001
13423,-29.178999999999998,3.1808000000000001
13424,-27.455300000000001,3.1844999999999999
13425,-25.886600000000001,3.1863000000000001
13426,-10.497199999999999,3.2141999999999999
13427,-6.4236000000000004,3.2235
13428,-8.7424999999999997,3.2216999999999998
13429,-6.2624000000000004,3.2273000000000001
13430,-10.2616,3.2216999999999998
13431,-10.267799999999999,3.2216999999999998
13432,-10.273999999999999,3.2216999999999998
13433,-10.2554,3.2216999999999998
13434,-14.818899999999999,3.2161
13435,-14.8995,3.2161
13436,-21.819099999999999,3.2031000000000001
13437,-24.491499999999998,3.1956000000000002
13438,-24.968900000000001,3.1938
13439,-20.740300000000001,3.2012
13440,-23.4437,3.1956000000000002
13441,-26.271000000000001,3.1901000000000002
13442,-21.899799999999999,3.1956000000000002
13443,-24.683700000000002,3.1919
13444,-30.133900000000001,3.1825999999999999
13445,-39.967700000000001,3.1640000000000001
13446,-39.558500000000002,3.1621999999999999
13447,-27.740500000000001,3.1808000000000001
13448,-22.817399999999999,3.1901000000000002
13449,-17.540900000000001,3.2012
13450,-12.3697,3.2105000000000001
13451,-7.4652000000000003,3.2198000000000002
13452,-14.694900000000001,3.2086999999999999
13453,-19.9466,3.2012
13454,-23.015799999999999,3.1938
13455,-25.93,3.1882000000000001
13456,-20.696899999999999,3.1956000000000002
13457,-26.488,3.1863000000000001
13458,-21.1371,3.1938
13459,-24.342700000000001,3.1901000000000002
13460,-18.861599999999999,3.1974999999999998
13461,-16.232600000000001,3.2048999999999999
13462,-11.427300000000001,3.2124000000000001
13463,-16.102399999999999,3.2067999999999999
13464,-16.102399999999999,3.2067999999999999
13465,-16.102399999999999,3.2067999999999999
13466,-16.108599999999999,3.2067999999999999
13467,-16.0962,3.2067999999999999
13468,-13.3804,3.2124000000000001
13469,-8.3828999999999994,3.2216999999999998
13470,-8.2217000000000002,3.2235
13471,1.5376000000000001,3.2403
13472,-2.1453000000000002,3.2366000000000001
13473,-4.6254,3.2328000000000001
13474,-9.7531999999999996,3.2254
13475,-6.9816000000000003,3.2290999999999999
13476,-11.5761,3.2216999999999998
13477,-22.023800000000001,3.2048999999999999
13478,-16.858799999999999,3.2105000000000001
13479,-16.9146,3.2105000000000001
13480,-14.3415,3.2141999999999999
13481,-7.0125999999999999,3.2273000000000001
13482,-4.1852,3.2328000000000001
13483,-4.1479999999999997,3.2347000000000001
13484,-3.9434,3.2366000000000001
13485,-1.0726,3.2421000000000002
13486,-20.740300000000001,3.2105000000000001
13487,-3.6272000000000002,3.2366000000000001
13488,-10.6646,3.2254
13489,-8.6990999999999996,3.2290999999999999
13490,-8.5441000000000003,3.2290999999999999
13491,-15.3459,3.218
13492,-11.1111,3.2235
13493,-39.967700000000001,3.1732999999999998
13494,2.0956999999999999,3.2421000000000002
13495,-39.955300000000001,3.1732999999999998
13496,-13.950799999999999,3.2141999999999999
13497,-27.182500000000001,3.1901000000000002
13498,-39.967700000000001,3.1677
13499,-28.4846,3.1844999999999999
13500,-20.5915,3.1974999999999998
13501,-26.407399999999999,3.1882000000000001
13502,-15.749000000000001,3.2067999999999999
13503,-10.9002,3.2161
13504,0,3.2366000000000001
13505,1.6927000000000001,3.2421000000000002
13506,4.7370999999999999,3.2513999999999998
13507,7.9364999999999997,3.2589000000000001
13508,6.6158000000000001,3.2589000000000001
13509,-12.853400000000001,3.2254
13510,-12.853400000000001,3.2235
13511,-3.2242000000000002,3.2383999999999999
13512,6.6901999999999999,3.2589000000000001
13513,-10.2616,3.2309999999999999
13514,-14.2919,3.2216999999999998
13515,-10.2554,3.2290999999999999
13516,-2.5855000000000001,3.2421000000000002
13517,-9.9515999999999991,3.2290999999999999
13518,-11.6257,3.2273000000000001
13519,-11.6257,3.2273000000000001
13520,-2.3437000000000001,3.2421000000000002
13521,0,3.2496
13522,0.17979999999999999,3.2513999999999998
13523,5.1835000000000004,3.2606999999999999
13524,8.0233000000000008,3.2682000000000002
13525,7.9861000000000004,3.27
13526,9.1455000000000002,3.2738
13527,9.0587,3.2755999999999998
13528,7.8125,3.2738
13529,8.8541000000000007,3.2774999999999999
13530,15.197100000000001,3.2886000000000002
13531,11.650499999999999,3.2848999999999999
13532,14.2113,3.2905000000000002
13533,10.0198,3.2848999999999999
13534,8.5751000000000008,3.2831000000000001
13535,5.6113,3.2774999999999999
13536,4.6936999999999998,3.2774999999999999
13537,-3.3420000000000001,3.2625999999999999
13538,1.3764000000000001,3.27
13539,5.3013000000000003,3.2755999999999998
13540,8.9718999999999998,3.2831000000000001
13541,15.7738,3.2997999999999998
13542,17.857099999999999,3.3054000000000001
13543,5.9398999999999997,3.2848999999999999
13544,3.7698,3.2793000000000001
13545,1.6121000000000001,3.2755999999999998
13546,5.2579000000000002,3.2812000000000001
13547,4.7743000000000002,3.2812000000000001
13548,8.5441000000000003,3.2867999999999999
13549,3.8193999999999999,3.2793000000000001
13550,0,3.2738
13551,0,3.2719
13552,0,3.2719
13553,0,3.2719
13554,0,3.2719
13555,0,3.27
13556,0,3.27
13557,0,3.27
13558,0,3.27
13559,0,3.27
13560,0,3.27
13561,0,3.27
13562,0,3.27
13563,0,3.27
13564,0,3.27
13565,0,3.27
13566,0,3.27
13567,-3.3481999999999998,3.2645
13568,-10.6212,3.2513999999999998
13569,-16.697600000000001,3.2366000000000001
13570,-20.2194,3.2273000000000001
13571,-24.572099999999999,3.218
13572,-28.2118,3.2086999999999999
13573,-27.821100000000001,3.2067999999999999
13574,-30.766300000000001,3.1974999999999998
13575,-16.902200000000001,3.2198000000000002
13576,-21.750900000000001,3.2124000000000001
13577,-20.975899999999999,3.2124000000000001
13578,-23.660699999999999,3.2067999999999999
13579,-31.448399999999999,3.1901000000000002
13580,-16.220199999999998,3.2161
13581,-16.784400000000002,3.2161
13582,-13.1014,3.2216999999999998
13583,-15.9846,3.218
13584,-17.615300000000001,3.2141999999999999
13585,-19.816400000000002,3.2105000000000001
13586,-7.9427000000000003,3.2290999999999999
13587,-10.776199999999999,3.2254
13588,-4.3029999999999999,3.2383999999999999
13589,-0.50219999999999998,3.2458999999999998
13590,-8.9780999999999995,3.2328000000000001
13591,-18.892600000000002,3.2161
13592,-14.8375,3.2198000000000002
13593,-6.5848000000000004,3.2347000000000001
13594,-6.5848000000000004,3.2366000000000001
13595,-6.5785999999999998,3.2366000000000001
13596,-6.5785999999999998,3.2366000000000001
13597,-6.5785999999999998,3.2366000000000001
13598,-7.7813999999999997,3.2347000000000001
13599,-11.464499999999999,3.2290999999999999
13600,-7.9550999999999998,3.2347000000000001
13601,-4.7866999999999997,3.2403
13602,0.48980000000000001,3.2532999999999999
13603,5.1835000000000004,3.2625999999999999
13604,6.0576999999999996,3.2663000000000002
13605,2.2444999999999999,3.2606999999999999
13606,15.2529,3.2848999999999999
13607,16.6294,3.2905000000000002
13608,20.157399999999999,3.3016999999999999
13609,14.688700000000001,3.2961
13610,13.6098,3.2961
13611,12.289099999999999,3.2924000000000002
13612,10.615,3.2905000000000002
13613,6.2188999999999997,3.2831000000000001
13614,0,3.2719
13615,0,3.27
13616,0,3.27
13617,0,3.27
13618,0,3.27
13619,0,3.2682000000000002
13620,0,3.2682000000000002
13621,0,3.2682000000000002
13622,0,3.2682000000000002
13623,-8.3457000000000008,3.2551999999999999
13624,-10.6646,3.2458999999999998
13625,-17.057200000000002,3.2347000000000001
13626,-23.207999999999998,3.2198000000000002
13627,-27.3809,3.2105000000000001
13628,-32.204799999999999,3.1974999999999998
13629,-39.961500000000001,3.1808000000000001
13630,-35.596400000000003,3.1825999999999999
13631,-11.7745,3.2235
13632,-28.373000000000001,3.1956000000000002
13633,-24.5473,3.2012
13634,-18.6631,3.2105000000000001
13635,-6.6219999999999999,3.2309999999999999
13636,-3.1932,3.2403
13637,0,3.2458999999999998
13638,0.73780000000000001,3.2513999999999998
13639,1.3702000000000001,3.2551999999999999
13640,3.7450000000000001,3.2606999999999999
13641,17.695900000000002,3.2867999999999999
13642,18.1113,3.2924000000000002
13643,15.333500000000001,3.2905000000000002
13644,12.1775,3.2867999999999999
13645,8.9346999999999994,3.2831000000000001
13646,0,3.2682000000000002
13647,0,3.2663000000000002
13648,0,3.2663000000000002
13649,0,3.2663000000000002
13650,0,3.2663000000000002
13651,0,3.2663000000000002
13652,0,3.2663000000000002
13653,0,3.2663000000000002
13654,0,3.2663000000000002
13655,0,3.2663000000000002
13656,0,3.2663000000000002
13657,0,3.2663000000000002
13658,0,3.2663000000000002
13659,0,3.2663000000000002
13660,0,3.2682000000000002
13661,0,3.2682000000000002
13662,0,3.2682000000000002
13663,0,3.2682000000000002
13664,0,3.2682000000000002
13665,0,3.2682000000000002
13666,0,3.2682000000000002
13667,0,3.2682000000000002
13668,-10.491,3.2496
13669,-14.4655,3.2383999999999999
13670,-18.334499999999998,3.2290999999999999
13671,-22.811199999999999,3.2198000000000002
13672,-28.608599999999999,3.2067999999999999
13673,-33.451099999999997,3.1938
13674,-39.9739,3.1789000000000001
13675,-39.967700000000001,3.1751999999999998
13676,-22.061,3.2048999999999999
13677,-21.825299999999999,3.2048999999999999
13678,-39.967700000000001,3.1732999999999998
13679,-28.4102,3.1882000000000001
13680,-14.459300000000001,3.2141999999999999
13681,-24.851099999999999,3.1956000000000002
13682,-10.8506,3.2198000000000002
13683,-14.5709,3.2141999999999999
13684,-14.8499,3.2141999999999999
13685,-4.6254,3.2328000000000001
13686,-7.7751999999999999,3.2290999999999999
13687,-7.8249000000000004,3.2290999999999999
13688,-2.7033,3.2403
13689,-0.70679999999999998,3.2440000000000002
13690,-11.2661,3.2273000000000001
13691,-6.5785999999999998,3.2347000000000001
13692,0.53320000000000001,3.2496
13693,-4.5014000000000003,3.2421000000000002
13694,-4.4269999999999996,3.2421000000000002
13695,-2.5049000000000001,3.2458999999999998
13696,-6.2995999999999999,3.2403
13697,-6.3120000000000003,3.2403
13698,-6.3120000000000003,3.2403
13699,-6.3120000000000003,3.2403
13700,-6.2995999999999999,3.2403
13701,-2.4615,3.2496
13702,-8.1472999999999995,3.2383999999999999
13703,-8.1906999999999996,3.2366000000000001
13704,-11.0677,3.2309999999999999
13705,-0.58279999999999998,3.2513999999999998
13706,-2.4615,3.2496
13707,-6.2251000000000003,3.2421000000000002
13708,-6.2188999999999997,3.2421000000000002
13709,-2.4243000000000001,3.2496
13710,-2.3437000000000001,3.2513999999999998
13711,-4.1790000000000003,3.2458999999999998
13712,6.0205000000000002,3.2663000000000002
13713,10.212,3.2755999999999998
13714,13.1386,3.2848999999999999
13715,13.851599999999999,3.2886000000000002
13716,14.8499,3.2924000000000002
13717,15.972200000000001,3.2978999999999998
13718,13.305999999999999,3.2961
13719,13.2936,3.2961
13720,10.683199999999999,3.2905000000000002
13721,6.8141999999999996,3.2848999999999999
13722,0,3.2738
13723,0,3.2719
13724,0,3.2719
13725,0,3.27
13726,0,3.27
13727,0,3.27
13728,0,3.27
13729,0,3.27
13730,0,3.27
13731,-3.9868000000000001,3.2625999999999999
13732,-7.5519999999999996,3.2551999999999999
13733,-6.6715999999999998,3.2551999999999999
13734,-3.6334,3.2606999999999999
13735,-11.427300000000001,3.2440000000000002
13736,-7.1117999999999997,3.2513999999999998
13737,-6.6219999999999999,3.2532999999999999
13738,-10.2988,3.2440000000000002
13739,-15.879200000000001,3.2328000000000001
13740,-17.4727,3.2290999999999999
13741,-16.3504,3.2290999999999999
13742,-13.9322,3.2309999999999999
13743,-13.498200000000001,3.2309999999999999
13744,-12.028700000000001,3.2328000000000001
13745,-13.337,3.2309999999999999
13746,-14.4655,3.2273000000000001
13747,-12.574400000000001,3.2309999999999999
13748,-11.786899999999999,3.2309999999999999
13749,-8.7114999999999991,3.2366000000000001
13750,-5.3013000000000003,3.2421000000000002
13751,-3.8256000000000001,3.2458999999999998
13752,-3.8256000000000001,3.2496
13753,-3.8317999999999999,3.2496
13754,-3.8256000000000001,3.2496
13755,-3.8256000000000001,3.2513999999999998
13756,-11.7807,3.2347000000000001
13757,-6.3368000000000002,3.2440000000000002
13758,-6.4236000000000004,3.2440000000000002
13759,0.73160000000000003,3.2589000000000001
13760,0.73160000000000003,3.2589000000000001
13761,-0.78739999999999999,3.2570000000000001
13762,-3.8256000000000001,3.2532999999999999
13763,-3.8256000000000001,3.2532999999999999
13764,1.8105,3.2625999999999999
13765,6.2188999999999997,3.2719
13766,16.499199999999998,3.2924000000000002
13767,13.2936,3.2905000000000002
13768,10.695600000000001,3.2886000000000002
13769,0,3.27
13770,0,3.2682000000000002
13771,0,3.2682000000000002
13772,0,3.2682000000000002
13773,0,3.2682000000000002
13774,0,3.2682000000000002
13775,0,3.2682000000000002
13776,0,3.2682000000000002
13777,0,3.2682000000000002
13778,0,3.2682000000000002
13779,0,3.2682000000000002
13780,0,3.2682000000000002
13781,0,3.2682000000000002
13782,0,3.2682000000000002
13783,0,3.2682000000000002
13784,0,3.2682000000000002
13785,0,3.2682000000000002
13786,0,3.2682000000000002
13787,0,3.2682000000000002
13788,0,3.2682000000000002
13789,-10.497199999999999,3.2496
13790,-14.4655,3.2383999999999999
13791,-18.340699999999998,3.2309999999999999
13792,-22.588000000000001,3.2198000000000002
13793,-13.3184,3.2328000000000001
13794,-13.0642,3.2328000000000001
13795,-11.011900000000001,3.2366000000000001
13796,-2.1453000000000002,3.2532999999999999
13797,-2.1453000000000002,3.2551999999999999
13798,-6.3120000000000003,3.2496
13799,-4.1417999999999999,3.2532999999999999
13800,-2.1453000000000002,3.2570000000000001
13801,-0.13639999999999999,3.2606999999999999
13802,1.0602,3.2645
13803,-1.147,3.2606999999999999
13804,0.29759999999999998,3.2645
13805,-6.2561999999999998,3.2532999999999999
13806,-3.2242000000000002,3.2570000000000001
13807,-1.147,3.2606999999999999
13808,0.61380000000000001,3.2645
13809,-1.1097999999999999,3.2625999999999999
13810,-2.0647000000000002,3.2606999999999999
13811,-3.0629,3.2589000000000001
13812,-6.2624000000000004,3.2532999999999999
13813,-7.2729999999999997,3.2513999999999998
13814,-10.466200000000001,3.2421000000000002
13815,-8.9408999999999992,3.2440000000000002
13816,-12.5434,3.2366000000000001
13817,-10.9809,3.2383999999999999
13818,-3.9371999999999998,3.2513999999999998
13819,-3.9868000000000001,3.2532999999999999
13820,-7.7504,3.2440000000000002
13821,-7.5457999999999998,3.2440000000000002
13822,-7.6512000000000002,3.2440000000000002
13823,-4.5696000000000003,3.2513999999999998
13824,-3.2242000000000002,3.2532999999999999
13825,-3.2242000000000002,3.2532999999999999
13826,-5.3509000000000002,3.2513999999999998
13827,-14.9739,3.2328000000000001
13828,-20.4923,3.2198000000000002
13829,-15.2591,3.2273000000000001
13830,-10.825799999999999,3.2328000000000001
13831,-10.460000000000001,3.2347000000000001
13832,3.9805999999999999,3.2625999999999999
13833,17.689699999999998,3.2886000000000002
13834,16.220199999999998,3.2924000000000002
13835,13.089,3.2905000000000002
13836,9.7408000000000001,3.2848999999999999
13837,0,3.27
13838,0,3.2682000000000002
13839,0,3.2682000000000002
13840,0,3.2682000000000002
13841,0,3.2663000000000002
13842,0,3.2682000000000002
13843,0,3.2682000000000002
13844,0,3.2682000000000002
13845,0,3.2682000000000002
13846,0,3.2682000000000002
13847,0,3.2682000000000002
13848,0,3.2682000000000002
13849,0,3.2682000000000002
13850,0,3.2682000000000002
13851,0,3.2682000000000002
13852,0,3.2682000000000002
13853,0,3.2682000000000002
13854,0,3.2682000000000002
13855,0,3.2682000000000002
13856,0,3.27
13857,0,3.27
13858,0,3.27
13859,0,3.27
13860,0,3.27
13861,0,3.27
13862,0,3.27
13863,0,3.27
13864,0,3.27
13865,0,3.27
13866,-6.4732000000000003,3.2589000000000001
13867,-8.1844999999999999,3.2551999999999999
13868,-17.150200000000002,3.2347000000000001
13869,-13.907400000000001,3.2383999999999999
13870,-16.418600000000001,3.2309999999999999
13871,-12.022500000000001,3.2383999999999999
13872,-11.6753,3.2383999999999999
13873,-20.021000000000001,3.2216999999999998
13874,-21.633099999999999,3.218
13875,-16.5488,3.2235
13876,-15.736599999999999,3.2254
13877,-15.463699999999999,3.2254
13878,-17.540900000000001,3.2198000000000002
13879,-13.498200000000001,3.2273000000000001
13880,-7.6326000000000001,3.2366000000000001
13881,-9.1765000000000008,3.2347000000000001
13882,-5.6733000000000002,3.2421000000000002
13883,-5.7042999999999999,3.2421000000000002
13884,-4.1417999999999999,3.2458999999999998
13885,-6.5785999999999998,3.2421000000000002
13886,-5.7415000000000003,3.2440000000000002
13887,-4.1852,3.2496
13888,1.2958000000000001,3.2589000000000001
13889,1.2958000000000001,3.2606999999999999
13890,10.131399999999999,3.2774999999999999
13891,11.2165,3.2831000000000001
13892,13.368,3.2886000000000002
13893,7.8559000000000001,3.2812000000000001
13894,6.2624000000000004,3.2793000000000001
13895,7.6512000000000002,3.2831000000000001
13896,0,3.27
13897,0,3.27
13898,0,3.2682000000000002
13899,0,3.2682000000000002
13900,0,3.2682000000000002
13901,0,3.2682000000000002
13902,0,3.2682000000000002
13903,0,3.2682000000000002
13904,0,3.2682000000000002
13905,0,3.2682000000000002
13906,0,3.2682000000000002
13907,0,3.2682000000000002
13908,0,3.2682000000000002
13909,0,3.2682000000000002
13910,0,3.27
13911,0,3.27
13912,0,3.27
13913,0,3.27
13914,-4.5758000000000001,3.2625999999999999
13915,-6.2624000000000004,3.2570000000000001
13916,-3.8628,3.2606999999999999
13917,-6.9816000000000003,3.2551999999999999
13918,-14.0252,3.2403
13919,-13.6656,3.2383999999999999
13920,-15.9846,3.2328000000000001
13921,-10.224399999999999,3.2403
13922,-16.294599999999999,3.2290999999999999
13923,-5.1090999999999998,3.2496
13924,-0.10539999999999999,3.2589000000000001
13925,-2.0585,3.2570000000000001
13926,-16.864999999999998,3.2290999999999999
13927,-11.8675,3.2366000000000001
13928,-11.470700000000001,3.2366000000000001
13929,-16.951799999999999,3.2254
13930,-14.0997,3.2290999999999999
13931,-3.2242000000000002,3.2496
13932,0.84940000000000004,3.2589000000000001
13933,-10.2182,3.2383999999999999
13934,-10.497199999999999,3.2366000000000001
13935,-5.6174999999999997,3.2440000000000002
13936,4.0983999999999998,3.2645
13937,3.621,3.2663000000000002
13938,4.5448000000000004,3.27
13939,11.092499999999999,3.2831000000000001
13940,10.9747,3.2848999999999999
13941,8.1721000000000004,3.2831000000000001
13942,0,3.2682000000000002
13943,0,3.2682000000000002
13944,0,3.2682000000000002
13945,0,3.2682000000000002
13946,0,3.2682000000000002
13947,0,3.2682000000000002
13948,-0.41539999999999999,3.2663000000000002
13949,-8.7052999999999994,3.2532999999999999
13950,-10.6646,3.2458999999999998
13951,-16.623200000000001,3.2328000000000001
13952,-20.386900000000001,3.2235
13953,-12.022500000000001,3.2366000000000001
13954,-17.4541,3.2254
13955,-18.911200000000001,3.2216999999999998
13956,-17.249500000000001,3.2235
13957,-21.738499999999998,3.2141999999999999
13958,-20.944900000000001,3.2124000000000001
13959,-19.983799999999999,3.2141999999999999
13960,-16.232600000000001,3.2198000000000002
13961,-16.957999999999998,3.218
13962,-11.8675,3.2254
13963,-10.776199999999999,3.2290999999999999
13964,-8.1038999999999994,3.2328000000000001
13965,-9.6725999999999992,3.2309999999999999
13966,-8.3890999999999991,3.2347000000000001
13967,-4.5014000000000003,3.2403
13968,0,3.2532999999999999
13969,-2.7839,3.2496
13970,-1.1408,3.2532999999999999
13971,1.3702000000000001,3.2589000000000001
13972,2.6040999999999999,3.2625999999999999
13973,6.7770000000000001,3.27
13974,10.776199999999999,3.2793000000000001
13975,10.094200000000001,3.2812000000000001
13976,11.737299999999999,3.2867999999999999
13977,9.8523999999999994,3.2848999999999999
13978,5.2579000000000002,3.2774999999999999
13979,6.6840000000000002,3.2812000000000001
13980,0,3.27
13981,0,3.2682000000000002
13982,0,3.2682000000000002
13983,0,3.2682000000000002
13984,-0.496,3.2682000000000002
13985,0,3.2682000000000002
13986,0,3.2682000000000002
13987,-9.6167999999999996,3.2513999999999998
13988,-10.6708,3.2440000000000002
13989,-17.819900000000001,3.2309999999999999
13990,-23.9831,3.2161
13991,-24.1691,3.2141999999999999
13992,-16.145800000000001,3.2254
13993,-10.416600000000001,3.2347000000000001
13994,-13.0642,3.2290999999999999
13995,-14.273300000000001,3.2273000000000001
13996,-15.829599999999999,3.2235
13997,-16.5426,3.2216999999999998
13998,-25.303799999999999,3.2048999999999999
13999,-23.003399999999999,3.2067999999999999
14000,-16.852599999999999,3.2161
14001,-10.9747,3.2254
14002,-8.2155000000000005,3.2309999999999999
14003,-12.3139,3.2254
14004,-4.5758000000000001,3.2383999999999999
14005,-4.5819999999999999,3.2403
14006,-2.9016999999999999,3.2440000000000002
14007,0,3.2532999999999999
14008,-1.1841999999999999,3.2513999999999998
14009,-4.3898000000000001,3.2458999999999998
14010,-4.3898000000000001,3.2458999999999998
14011,-2.7839,3.2496
14012,2.0461,3.2606999999999999
14013,-2.6722999999999999,3.2532999999999999
14014,-4.1790000000000003,3.2496
14015,-4.1852,3.2496
14016,-4.1913999999999998,3.2496
14017,-4.1852,3.2513999999999998
14018,-4.1913999999999998,3.2513999999999998
14019,-5.8220999999999998,3.2458999999999998
14020,-9.5361999999999991,3.2383999999999999
14021,-11.2165,3.2347000000000001
14022,-25.489799999999999,3.2086999999999999
14023,-19.363800000000001,3.2161
14024,-19.773,3.2141999999999999
14025,-20.535699999999999,3.2105000000000001
14026,-5.8159000000000001,3.2347000000000001
14027,-14.4655,3.2216999999999998
14028,-12.022500000000001,3.2254
14029,-10.509600000000001,3.2290999999999999
14030,-4.1479999999999997,3.2403
14031,-2.2259000000000002,3.2440000000000002
14032,-5.9089,3.2383999999999999
14033,-4.0301999999999998,3.2421000000000002
14034,-0.34100000000000003,3.2532999999999999
14035,1.3764000000000001,3.2570000000000001
14036,-3.9868000000000001,3.2458999999999998
14037,1.3702000000000001,3.2570000000000001
14038,1.3702000000000001,3.2589000000000001
14039,-3.6581999999999999,3.2513999999999998
14040,-0.074399999999999994,3.2570000000000001
14041,-3.5838000000000001,3.2513999999999998
14042,4.6936999999999998,3.2663000000000002
14043,2.0895000000000001,3.2645
14044,-3.1869999999999998,3.2551999999999999
14045,-4.8548999999999998,3.2513999999999998
14046,-4.8611000000000004,3.2513999999999998
14047,-4.8611000000000004,3.2513999999999998
14048,0,3.2589000000000001
14049,-3.0691000000000002,3.2551999999999999
14050,-4.7495000000000003,3.2513999999999998
14051,-1.3515999999999999,3.2570000000000001
14052,0.73160000000000003,3.2625999999999999
14053,2.6970999999999998,3.2663000000000002
14054,1.3702000000000001,3.2645
14055,2.6537000000000002,3.2682000000000002
14056,8.0108999999999995,3.2793000000000001
14057,9.6105999999999998,3.2831000000000001
14058,8.7735000000000003,3.2831000000000001
14059,6.6096000000000004,3.2812000000000001
14060,5.2516999999999996,3.2793000000000001
14061,-2.4243000000000001,3.2663000000000002
14062,-11.464499999999999,3.2458999999999998
14063,-10.9064,3.2440000000000002
14064,-7.9427000000000003,3.2496
14065,-8.9780999999999995,3.2458999999999998
14066,-10.137600000000001,3.2421000000000002
14067,-10.4724,3.2403
14068,-12.7418,3.2366000000000001
14069,-15.8606,3.2290999999999999
14070,-16.598400000000002,3.2254
14071,-11.6319,3.2328000000000001
14072,-3.9868000000000001,3.2458999999999998
14073,-6.3182,3.2440000000000002
14074,-6.3491999999999997,3.2440000000000002
14075,-6.4669999999999996,3.2440000000000002
14076,-11.650499999999999,3.2347000000000001
14077,-8.1844999999999999,3.2403
14078,-13.622199999999999,3.2290999999999999
14079,-6.2251000000000003,3.2421000000000002
14080,-6.2561999999999998,3.2421000000000002
14081,-6.2624000000000004,3.2421000000000002
14082,-2.9823,3.2496
14083,4.4146000000000001,3.2645
14084,2.0585,3.2625999999999999
14085,1.3702000000000001,3.2625999999999999
14086,6.1506999999999996,3.2719
14087,3.2614000000000001,3.2682000000000002
14088,1.2958000000000001,3.2663000000000002
14089,-7.3474000000000004,3.2513999999999998
14090,-7.4714,3.2496
14091,-8.9842999999999993,3.2440000000000002
14092,-6.3120000000000003,3.2496
14093,-10.6708,3.2383999999999999
14094,-12.5434,3.2347000000000001
14095,-11.5451,3.2347000000000001
14096,-8.0295000000000005,3.2403
14097,-11.979100000000001,3.2328000000000001
14098,-12.338699999999999,3.2328000000000001
14099,-7.1180000000000003,3.2403
14100,-2.9885000000000002,3.2496
14101,-2.9885000000000002,3.2513999999999998
14102,-2.9016999999999999,3.2513999999999998
14103,0.78120000000000001,3.2589000000000001
14104,0.78120000000000001,3.2606999999999999
14105,-2.7900999999999998,3.2551999999999999
14106,-4.3525999999999998,3.2513999999999998
14107,0.77500000000000002,3.2606999999999999
14108,0.77500000000000002,3.2625999999999999
14109,2.0213000000000001,3.2645
14110,-9.1021000000000001,3.2440000000000002
14111,-10.7018,3.2403
14112,-8.0233000000000008,3.2421000000000002
14113,-6.7026000000000003,3.2440000000000002
14114,-1.1408,3.2570000000000001
14115,-6.7088000000000001,3.2458999999999998
14116,-4.3525999999999998,3.2513999999999998
14117,-4.3464,3.2513999999999998
14118,0,3.2589000000000001
14119,0.17979999999999999,3.2606999999999999
14120,1.3764000000000001,3.2645
14121,0.17979999999999999,3.2625999999999999
14122,-2.6227,3.2570000000000001
14123,-4.1852,3.2551999999999999
14124,-4.1852,3.2551999999999999
14125,-0.99199999999999999,3.2606999999999999
14126,-2.4986999999999999,3.2570000000000001
14127,-4.1417999999999999,3.2551999999999999
14128,0.13020000000000001,3.2625999999999999
14129,0.17979999999999999,3.2625999999999999
14130,-3.9371999999999998,3.2570000000000001
14131,-7.7690000000000001,3.2496
14132,-2.4676999999999998,3.2570000000000001
14133,0.21079999999999999,3.2625999999999999
14134,3.8193999999999999,3.27
14135,4.7805,3.2738
14136,5.9398999999999997,3.2755999999999998
14137,1.7361,3.27
14138,-2.8582999999999998,3.2625999999999999
14139,-3.9371999999999998,3.2606999999999999
14140,-13.058,3.2403
14141,-12.382099999999999,3.2383999999999999
14142,-10.9064,3.2403
14143,-5.8282999999999996,3.2496
14144,-5.8654999999999999,3.2496
14145,-10.057,3.2403
14146,-6.1135000000000002,3.2496
14147,-5.3446999999999996,3.2496
14148,-5.3880999999999997,3.2496
14149,-6.2561999999999998,3.2496
14150,0.21079999999999999,3.2606999999999999
14151,-0.78739999999999999,3.2589000000000001
14152,-3.8256000000000001,3.2551999999999999
14153,-3.8256000000000001,3.2551999999999999
14154,0.21079999999999999,3.2625999999999999
14155,-0.74399999999999999,3.2606999999999999
14156,-0.74399999999999999,3.2606999999999999
14157,-3.6334,3.2570000000000001
14158,-5.9027000000000003,3.2513999999999998
14159,-10.1066,3.2421000000000002
14160,-3.8193999999999999,3.2532999999999999
14161,0.73780000000000001,3.2625999999999999
14162,-3.7511999999999999,3.2551999999999999
14163,1.2958000000000001,3.2645
14164,-8.5503,3.2458999999999998
14165,-11.464499999999999,3.2383999999999999
14166,-10.336,3.2403
14167,1.2958000000000001,3.2606999999999999
14168,4.8921000000000001,3.27
14169,10.6212,3.2831000000000001
14170,8.9346999999999994,3.2831000000000001
14171,13.1882,3.2924000000000002
14172,10.503399999999999,3.2886000000000002
14173,7.3411999999999997,3.2848999999999999
14174,0,3.2719
14175,0,3.2719
14176,0,3.27
14177,0,3.27
14178,0,3.27
14179,0,3.27
14180,-6.4669999999999996,3.2589000000000001
14181,-9.6974,3.2513999999999998
14182,-20.541899999999998,3.2273000000000001
14183,-22.098199999999999,3.2216999999999998
14184,-26.2834,3.2105000000000001
14185,-20.851900000000001,3.218
14186,-12.4193,3.2309999999999999
14187,-15.649800000000001,3.2254
14188,-13.541600000000001,3.2273000000000001
14189,-12.2209,3.2290999999999999
14190,-14.459300000000001,3.2254
14191,-21.093699999999998,3.2141999999999999
14192,-26.705100000000002,3.2012
14193,-19.177800000000001,3.2124000000000001
14194,-11.8179,3.2235
14195,-8.3085000000000004,3.2309999999999999
14196,-6.0576999999999996,3.2366000000000001
14197,-4.5014000000000003,3.2403
14198,-4.5014000000000003,3.2421000000000002
14199,3.6520000000000001,3.2589000000000001
14200,-1.1097999999999999,3.2532999999999999
14201,0.1736,3.2551999999999999
14202,0.78120000000000001,3.2570000000000001
14203,0.17979999999999999,3.2570000000000001
14204,1.2958000000000001,3.2606999999999999
14205,0.17979999999999999,3.2589000000000001
14206,1.2958000000000001,3.2625999999999999
14207,5.8097000000000003,3.2719
14208,10.615,3.2812000000000001
14209,1.2958000000000001,3.2663000000000002
14210,-2.8273000000000001,3.2589000000000001
14211,-6.3120000000000003,3.2532999999999999
14212,-10.695600000000001,3.2421000000000002
14213,-9.1393000000000004,3.2421000000000002
14214,-0.54559999999999997,3.2589000000000001
14215,-3.2614000000000001,3.2551999999999999
14216,-5.4625000000000004,3.2513999999999998
14217,0.29759999999999998,3.2606999999999999
14218,-3.2551999999999999,3.2551999999999999
14219,-3.2614000000000001,3.2551999999999999
14220,-12.4255,3.2366000000000001
14221,-9.6167999999999996,3.2403
14222,-11.2165,3.2366000000000001
14223,-6.0266999999999999,3.2440000000000002
14224,-7.4589999999999996,3.2421000000000002
14225,-8.9842999999999993,3.2403
14226,-5.5058999999999996,3.2458999999999998
14227,-2.4304999999999999,3.2532999999999999
14228,1.2958000000000001,3.2606999999999999
14229,3.7450000000000001,3.2663000000000002
14230,0.73160000000000003,3.2625999999999999
14231,1.2524,3.2645
14232,0.29759999999999998,3.2625999999999999
14233,0.73780000000000001,3.2645
14234,1.3391999999999999,3.2663000000000002
14235,0.77500000000000002,3.2663000000000002
14236,4.5385999999999997,3.2738
14237,13.182,3.2905000000000002
14238,11.4521,3.2905000000000002
14239,8.2960999999999991,3.2867999999999999
14240,0,3.2719
14241,0,3.27
14242,0,3.27
14243,0,3.27
14244,0,3.27
14245,0,3.27
14246,0,3.27
14247,0,3.27
14248,0,3.27
14249,0,3.27
14250,0,3.27
14251,0,3.27
14252,0,3.27
14253,0,3.27
14254,0,3.27
14255,0,3.27
14256,0,3.27
14257,0,3.27
14258,0,3.27
14259,0,3.27
14260,0,3.27
14261,0,3.27
14262,0,3.27
14263,0,3.27
14264,0,3.27
14265,0,3.27
14266,0,3.27
14267,0,3.27
14268,0,3.27
14269,0,3.27
14270,0,3.2719
14271,0,3.2719
14272,0,3.27
14273,-3.9868000000000001,3.2645
14274,-9.0648999999999997,3.2532999999999999
14275,-16.021799999999999,3.2383999999999999
14276,-19.642800000000001,3.2290999999999999
14277,-24.014099999999999,3.218
14278,-27.740500000000001,3.2067999999999999
14279,-15.3521,3.2254
14280,-16.623200000000001,3.2235
14281,-20.740300000000001,3.2161
14282,-16.381399999999999,3.2216999999999998
14283,-15.1661,3.2235
14284,-13.1882,3.2254
14285,-13.7028,3.2254
14286,-15.6187,3.2216999999999998
14287,-7.6574,3.2347000000000001
14288,-11.458299999999999,3.2290999999999999
14289,-10.9064,3.2290999999999999
14290,-9.6539999999999999,3.2328000000000001
14291,0,3.2513999999999998
14292,1.3702000000000001,3.2551999999999999
14293,1.3702000000000001,3.2570000000000001
14294,-4.1108000000000002,3.2496
14295,2.7715000000000001,3.2625999999999999
14296,9.8585999999999991,3.2755999999999998
14297,10.336,3.2793000000000001
14298,4.1604000000000001,3.2719
14299,3.4535999999999998,3.2719
14300,11.607100000000001,3.2867999999999999
14301,10.9809,3.2867999999999999
14302,7.4527999999999999,3.2831000000000001
14303,2.4491000000000001,3.2738
14304,0.61380000000000001,3.27
14305,0,3.27
14306,0,3.27
14307,0,3.2682000000000002
14308,0,3.2682000000000002
14309,-0.58279999999999998,3.2682000000000002
14310,-2.2197,3.2645
14311,-2.2692999999999999,3.2645
14312,0,3.2682000000000002
14313,-0.58279999999999998,3.2663000000000002
14314,0,3.2682000000000002
14315,0,3.2682000000000002
14316,0,3.2682000000000002
14317,0,3.2682000000000002
14318,0,3.2682000000000002
14319,0,3.27
14320,0,3.27
14321,-0.41539999999999999,3.27
14322,-1.8229,3.2663000000000002
14323,-3.4226000000000001,3.2625999999999999
14324,-6.6219999999999999,3.2570000000000001
14325,-15.097899999999999,3.2383999999999999
14326,-17.311499999999999,3.2309999999999999
14327,-20.2194,3.2235
14328,-9.9082000000000008,3.2383999999999999
14329,-5.4687000000000001,3.2496
14330,-13.857799999999999,3.2328000000000001
14331,-19.8598,3.2216999999999998
14332,-20.1388,3.218
14333,-13.1014,3.2290999999999999
14334,-5.1835000000000004,3.2421000000000002
14335,-3.9868000000000001,3.2458999999999998
14336,-4.0178000000000003,3.2496
14337,-6.2686000000000002,3.2440000000000002
14338,-11.8241,3.2328000000000001
14339,-9.1393000000000004,3.2383999999999999
14340,-12.574400000000001,3.2309999999999999
14341,-11.7807,3.2309999999999999
14342,-10.1066,3.2347000000000001
14343,-2.3127,3.2496
14344,-2.2631000000000001,3.2513999999999998
14345,-6.0639000000000003,3.2440000000000002
14346,-8.9408999999999992,3.2383999999999999
14347,-9.1021000000000001,3.2383999999999999
14348,-6.4236000000000004,3.2421000000000002
14349,-9.3438999999999997,3.2366000000000001
14350,-6.2624000000000004,3.2421000000000002
14351,-7.7380000000000004,3.2383999999999999
14352,-5.6237000000000004,3.2440000000000002
14353,-4.1045999999999996,3.2458999999999998
14354,-4.1108000000000002,3.2496
14355,-2.5049000000000001,3.2513999999999998
14356,-2.5049000000000001,3.2532999999999999
14357,-4.0178000000000003,3.2496
14358,0.17979999999999999,3.2570000000000001
14359,-2.5792999999999999,3.2532999999999999
14360,0.73160000000000003,3.2606999999999999
14361,1.2958000000000001,3.2625999999999999
14362,3.8193999999999999,3.2682000000000002
14363,4.7805,3.2719
14364,10.1004,3.2831000000000001
14365,6.4484000000000004,3.2774999999999999
14366,10.8568,3.2867999999999999
14367,4.9292999999999996,3.2793000000000001
14368,6.4298000000000002,3.2812000000000001
14369,7.6201999999999996,3.2848999999999999
14370,0,3.2719
14371,0,3.27
14372,0,3.27
14373,0,3.27
14374,0,3.27
14375,0,3.27
14376,0,3.27
14377,0,3.27
14378,0,3.27
14379,0,3.27
14380,0,3.27
14381,0,3.27
14382,0,3.27
14383,0,3.27
14384,0,3.27
14385,0,3.27
14386,0,3.27
14387,0,3.27
14388,0,3.27
14389,-6.7831999999999999,3.2589000000000001
14390,-10.6708,3.2496
14391,-16.133400000000002,3.2347000000000001
14392,-22.302800000000001,3.2216999999999998
14393,-26.488,3.2105000000000001
14394,-31.367799999999999,3.1974999999999998
14395,-27.3809,3.2012
14396,-24.218699999999998,3.2048999999999999
14397,-9.3376999999999999,3.2309999999999999
14398,1.2524,3.2532999999999999
14399,1.2524,3.2551999999999999
14400,12.338699999999999,3.2774999999999999
14401,13.461,3.2848999999999999
14402,10.8568,3.2831000000000001
14403,7.1799999999999997,3.2793000000000001
14404,0,3.2663000000000002
14405,0,3.2663000000000002
14406,0,3.2663000000000002
14407,0,3.2663000000000002
14408,0,3.2663000000000002
14409,0,3.2663000000000002
14410,0,3.2663000000000002
14411,0,3.2663000000000002
14412,0,3.2663000000000002
14413,0,3.2682000000000002
14414,0,3.2682000000000002
14415,0,3.2682000000000002
14416,0,3.2682000000000002
14417,-0.78120000000000001,3.2663000000000002
14418,-4.3402000000000003,3.2606999999999999
14419,-6.6219999999999999,3.2551999999999999
14420,-9.7469999999999999,3.2458999999999998
14421,-18.129899999999999,3.2290999999999999
14422,-15.184699999999999,3.2309999999999999
14423,-8.1906999999999996,3.2421000000000002
14424,-2.5792999999999999,3.2551999999999999
14425,0.48980000000000001,3.2625999999999999
14426,-3.3420000000000001,3.2570000000000001
14427,-3.9371999999999998,3.2551999999999999
14428,-1.5438000000000001,3.2606999999999999
14429,-8.2093000000000007,3.2458999999999998
14430,-13.3804,3.2347000000000001
14431,-14.694900000000001,3.2309999999999999
14432,-16.331800000000001,3.2273000000000001
14433,-13.175800000000001,3.2309999999999999
14434,-15.5381,3.2254
14435,-7.9923000000000002,3.2383999999999999
14436,-6.3120000000000003,3.2421000000000002
14437,-2.7839,3.2496
14438,0.29759999999999998,3.2570000000000001
14439,0.29759999999999998,3.2589000000000001
14440,-6.4607999999999999,3.2458999999999998
14441,-6.3120000000000003,3.2458999999999998
14442,-5.1463000000000001,3.2496
14443,-1.6245000000000001,3.2551999999999999
14444,-0.38440000000000002,3.2589000000000001
14445,-0.38440000000000002,3.2589000000000001
14446,-2.8273000000000001,3.2551999999999999
14447,-1.6307,3.2589000000000001
14448,5.4500999999999999,3.2719
14449,1.6555,3.2663000000000002
14450,0.33479999999999999,3.2645
14451,-6.9071999999999996,3.2513999999999998
14452,-4.7495000000000003,3.2532999999999999
14453,-4.7866999999999997,3.2532999999999999
14454,1.1779999999999999,3.2645
14455,8.3457000000000008,3.2793000000000001
14456,7.056,3.2793000000000001
14457,7.2667999999999999,3.2812000000000001
14458,0,3.2682000000000002
14459,0,3.2682000000000002
14460,0,3.2682000000000002
14461,0,3.2682000000000002
14462,0,3.2682000000000002
14463,0,3.2682000000000002
14464,0,3.2682000000000002
14465,0,3.2682000000000002
14466,0,3.2682000000000002
14467,0,3.2682000000000002
14468,0,3.2682000000000002
14469,0,3.2682000000000002
14470,0,3.2682000000000002
14471,0,3.2682000000000002
14472,-3.3420000000000001,3.2625999999999999
14473,-0.50219999999999998,3.2682000000000002
14474,-0.496,3.2682000000000002
14475,-0.496,3.2682000000000002
14476,-0.50219999999999998,3.2682000000000002
14477,-2.2631000000000001,3.2645
14478,-4.7432999999999996,3.2606999999999999
14479,-3.5838000000000001,3.2606999999999999
14480,-3.5775999999999999,3.2606999999999999
14481,-4.5448000000000004,3.2589000000000001
14482,-9.5052000000000003,3.2496
14483,-11.5389,3.2421000000000002
14484,-4.1790000000000003,3.2551999999999999
14485,0,3.2645
14486,0,3.2645
14487,0,3.2663000000000002
14488,-6.6219999999999999,3.2532999999999999
14489,-13.851599999999999,3.2383999999999999
14490,-22.0548,3.2216999999999998
14491,-26.853899999999999,3.2086999999999999
14492,-25.254200000000001,3.2086999999999999
14493,-17.534700000000001,3.2198000000000002
14494,-11.055300000000001,3.2309999999999999
14495,-7.5768000000000004,3.2366000000000001
14496,-12.1465,3.2290999999999999
14497,-10.6646,3.2309999999999999
14498,-9.6539999999999999,3.2328000000000001
14499,-8.5503,3.2366000000000001
14500,-3.6520000000000001,3.2440000000000002
14501,1.2896000000000001,3.2570000000000001
14502,1.2524,3.2589000000000001
14503,-3.4722,3.2513999999999998
14504,-3.4660000000000002,3.2513999999999998
14505,-3.4660000000000002,3.2513999999999998
14506,-3.4722,3.2513999999999998
14507,-3.4660000000000002,3.2513999999999998
14508,-9.6292000000000009,3.2403
14509,-5.0656999999999996,3.2458999999999998
14510,-8.5441000000000003,3.2403
14511,-5.9398999999999997,3.2440000000000002
14512,-7.4156000000000004,3.2421000000000002
14513,-8.9533000000000005,3.2383999999999999
14514,-6.2624000000000004,3.2421000000000002
14515,-5.5058999999999996,3.2440000000000002
14516,-7.7751999999999999,3.2403
14517,-6.4607999999999999,3.2421000000000002
14518,-13.901199999999999,3.2290999999999999
14519,-28.4908,3.2012
14520,8.9408999999999992,3.2663000000000002
14521,-27.337499999999999,3.2031000000000001
14522,-6.2686000000000002,3.2366000000000001
14523,-2.9885000000000002,3.2440000000000002
14524,5.1338999999999997,3.2625999999999999
14525,19.091000000000001,3.2905000000000002
14526,17.726900000000001,3.2961
14527,15.097899999999999,3.2924000000000002
14528,11.972899999999999,3.2886000000000002
14529,8.7052999999999994,3.2848999999999999
14530,0,3.27
14531,0,3.2682000000000002
14532,0,3.2682000000000002
14533,0,3.2682000000000002
14534,0,3.2682000000000002
14535,0,3.2682000000000002
14536,0,3.2682000000000002
14537,0,3.2682000000000002
14538,0,3.2682000000000002
14539,0,3.2682000000000002
14540,0,3.2682000000000002
14541,0,3.2682000000000002
14542,0,3.2682000000000002
14543,0,3.2682000000000002
14544,0,3.2682000000000002
14545,0,3.2682000000000002
14546,0,3.2682000000000002
14547,0,3.2682000000000002
14548,0,3.2682000000000002
14549,0,3.2682000000000002
14550,0,3.2682000000000002
14551,0,3.2682000000000002
14552,0,3.27
14553,0,3.27
14554,0,3.27
14555,0,3.27
14556,0,3.27
14557,0,3.27
14558,-4.9044999999999996,3.2606999999999999
14559,-10.6212,3.2496
14560,-17.819900000000001,3.2328000000000001
14561,-18.6631,3.2273000000000001
14562,-16.5488,3.2290999999999999
14563,-15.004899999999999,3.2309999999999999
14564,-9.5424000000000007,3.2383999999999999
14565,-26.0974,3.2086999999999999
14566,-7.0621999999999998,3.2383999999999999
14567,-14.0997,3.2273000000000001
14568,-11.1111,3.2328000000000001
14569,-2.8273000000000001,3.2496
14570,-20.746500000000001,3.2161
14571,1.2462,3.2551999999999999
14572,0.84940000000000004,3.2570000000000001
14573,0.77500000000000002,3.2589000000000001
14574,1.2524,3.2606999999999999
14575,1.7051000000000001,3.2625999999999999
14576,1.2524,3.2625999999999999
14577,0.73780000000000001,3.2625999999999999
14578,4.1356000000000002,3.27
14579,3.4535999999999998,3.27
14580,3.1000999999999999,3.27
14581,2.9016999999999999,3.27
14582,4.3277999999999999,3.2738
14583,7.5396000000000001,3.2812000000000001
14584,0,3.27
14585,0,3.2682000000000002
14586,0,3.2682000000000002
14587,0,3.2682000000000002
14588,0,3.2682000000000002
14589,0,3.2682000000000002
14590,0,3.2682000000000002
14591,0,3.2682000000000002
14592,0,3.2682000000000002
14593,0,3.2682000000000002
14594,0,3.2682000000000002
14595,0,3.2682000000000002
14596,0,3.2682000000000002
14597,0,3.2682000000000002
14598,0,3.2682000000000002
14599,0,3.2682000000000002
14600,0,3.27
14601,0,3.27
14602,0,3.27
14603,0,3.27
14604,0,3.27
14605,0,3.27
14606,0,3.27
14607,0,3.27
14608,0,3.27
14609,0,3.27
14610,0,3.27
14611,0,3.27
14612,0,3.27
14613,0,3.27
14614,0,3.27
14615,-9.6229999999999993,3.2532999999999999
14616,-9.4618000000000002,3.2513999999999998
14617,-15.339700000000001,3.2366000000000001
14618,-18.700299999999999,3.2290999999999999
14619,-21.124700000000001,3.2216999999999998
14620,-23.381599999999999,3.2141999999999999
14621,-6.343,3.2421000000000002
14622,-9.2942999999999998,3.2383999999999999
14623,-27.814900000000002,3.2048999999999999
14624,-13.132400000000001,3.2273000000000001
14625,-10.633599999999999,3.2309999999999999
14626,-4.5758000000000001,3.2440000000000002
14627,0.84940000000000004,3.2570000000000001
14628,1.7361,3.2606999999999999
14629,1.7361,3.2625999999999999
14630,1.2524,3.2625999999999999
14631,1.6555,3.2645
14632,11.4521,3.2831000000000001
14633,7.1799999999999997,3.2774999999999999
14634,-1.8229,3.2625999999999999
14635,-4.5758000000000001,3.2570000000000001
14636,-4.7061000000000002,3.2570000000000001
14637,-6.0639000000000003,3.2532999999999999
14638,-12.028700000000001,3.2403
14639,-20.1388,3.2235
14640,-22.290400000000002,3.2161
14641,-20.541899999999998,3.2161
14642,-5.3695000000000004,3.2421000000000002
14643,-0.55179999999999996,3.2532999999999999
14644,-1.9097,3.2532999999999999
14645,5.7290999999999999,3.2682000000000002
14646,10.695600000000001,3.2793000000000001
14647,7.3474000000000004,3.2774999999999999
14648,4.1356000000000002,3.2719
14649,-1.9407000000000001,3.2625999999999999
14650,-17.7455,3.2309999999999999
14651,-21.825299999999999,3.2198000000000002
14652,-20.851900000000001,3.218
14653,-21.0565,3.2141999999999999
14654,-15.2653,3.2235
14655,-8.5751000000000008,3.2347000000000001
14656,-7.3722000000000003,3.2383999999999999
14657,-5.3013000000000003,3.2421000000000002
14658,0.73160000000000003,3.2551999999999999
14659,-2.2259000000000002,3.2513999999999998
14660,-5.9398999999999997,3.2440000000000002
14661,-5.2641,3.2458999999999998
14662,-2.2692999999999999,3.2532999999999999
14663,-2.2259000000000002,3.2532999999999999
14664,-3.7450000000000001,3.2513999999999998
14665,-10.143800000000001,3.2383999999999999
14666,-10.3422,3.2366000000000001
14667,-5.4996999999999998,3.2440000000000002
14668,0.21079999999999999,3.2570000000000001
14669,1.2958000000000001,3.2606999999999999
14670,-5.2950999999999997,3.2496
14671,-8.9533000000000005,3.2403
14672,-11.985300000000001,3.2328000000000001
14673,-4.1045999999999996,3.2458999999999998
14674,0.1736,3.2570000000000001
14675,-9.2570999999999994,3.2383999999999999
14676,-11.656700000000001,3.2328000000000001
14677,-14.217499999999999,3.2273000000000001
14678,-18.6693,3.218
14679,-13.901199999999999,3.2254
14680,-11.8613,3.2273000000000001
14681,-8.9842999999999993,3.2328000000000001
14682,-9.1082999999999998,3.2328000000000001
14683,-9.2570999999999994,3.2328000000000001
14684,-5.1153000000000004,3.2403
14685,-1.6245000000000001,3.2496
14686,-3.2614000000000001,3.2458999999999998
14687,-3.2614000000000001,3.2458999999999998
14688,-6.7088000000000001,3.2403
14689,-10.825799999999999,3.2328000000000001
14690,0.73160000000000003,3.2551999999999999
14691,1.3702000000000001,3.2570000000000001
14692,0.73780000000000001,3.2570000000000001
14693,-8.8665000000000003,3.2403
14694,-12.0969,3.2328000000000001
14695,-10.739000000000001,3.2328000000000001
14696,-7.7131999999999996,3.2383999999999999
14697,-6.9009999999999998,3.2403
14698,-3.4226000000000001,3.2458999999999998
14699,1.3764000000000001,3.2570000000000001
14700,2.0956999999999999,3.2606999999999999
14701,-6.5351999999999997,3.2440000000000002
14702,-8.9780999999999995,3.2383999999999999
14703,-12.307700000000001,3.2309999999999999
14704,-12.574400000000001,3.2290999999999999
14705,-13.8268,3.2254
14706,-11.4955,3.2290999999999999
14707,-8.3085000000000004,3.2347000000000001
14708,-1.9035,3.2458999999999998
14709,1.3702000000000001,3.2551999999999999
14710,21.385100000000001,3.2961
14711,19.5746,3.2978999999999998
14712,18.340699999999998,3.3016999999999999
14713,15.5753,3.2978999999999998
14714,12.4131,3.2961
14715,9.1331000000000007,3.2886000000000002
14716,0,3.2719
14717,0,3.27
14718,0,3.27
14719,0,3.27
14720,0,3.27
14721,0,3.2682000000000002
14722,0,3.2682000000000002
14723,0,3.2682000000000002
14724,0,3.2682000000000002
14725,0,3.2682000000000002
14726,0,3.2682000000000002
14727,0,3.2682000000000002
14728,0,3.2682000000000002
14729,0,3.2682000000000002
14730,0,3.27
14731,0,3.27
14732,0,3.2682000000000002
14733,0,3.2682000000000002
14734,0,3.2682000000000002
14735,0,3.27
14736,0,3.27
14737,0,3.27
14738,0,3.27
14739,0,3.27
14740,0,3.27
14741,0,3.27
14742,0,3.27
14743,0,3.27
14744,0,3.27
14745,0,3.27
14746,0,3.27
14747,0,3.27
14748,0,3.27
14749,0,3.27
14750,0,3.27
14751,0,3.27
14752,0,3.27
14753,0,3.27
14754,0,3.27
14755,0,3.27
14756,0,3.27
14757,0,3.27
14758,-10.497199999999999,3.2513999999999998
14759,-14.4655,3.2403
14760,-18.340699999999998,3.2309999999999999
14761,-22.811199999999999,3.2198000000000002
14762,-28.614799999999999,3.2048999999999999
14763,-33.438699999999997,3.1919
14764,-29.247199999999999,3.1956000000000002
14765,-28.2056,3.1938
14766,-22.34,3.2048999999999999
14767,-12.1713,3.2216999999999998
14768,2.7033,3.2513999999999998
14769,1.8663000000000001,3.2532999999999999
14770,0.73160000000000003,3.2551999999999999
14771,-7.4156000000000004,3.2383999999999999
14772,-6.1506999999999996,3.2403
14773,-6.2188999999999997,3.2403
14774,-9.1021000000000001,3.2366000000000001
14775,-21.496700000000001,3.2124000000000001
14776,2.7776999999999998,3.2551999999999999
14777,14.050000000000001,3.2793000000000001
14778,6.1010999999999997,3.27
14779,16.139600000000002,3.2905000000000002
14780,6.9691999999999998,3.2774999999999999
14781,1.0602,3.2663000000000002
14782,-10.224399999999999,3.2440000000000002
14783,-6.7831999999999999,3.2496
14784,-15.643599999999999,3.2309999999999999
14785,-26.779499999999999,3.2067999999999999
14786,-30.846900000000002,3.1938
14787,-39.967700000000001,3.1751999999999998
14788,-39.9739,3.1696
14789,-39.967700000000001,3.1659000000000002
14790,-39.9801,3.1640000000000001
14791,-25.2852,3.1863000000000001
14792,-39.967700000000001,3.1621999999999999
14793,-30.1401,3.1751999999999998
14794,-39.961500000000001,3.1583999999999999
14795,-38.281199999999998,3.1602999999999999
14796,-39.961500000000001,3.1566000000000001
14797,-29.178999999999998,3.1732999999999998
14798,-27.455300000000001,3.1751999999999998
14799,-25.899000000000001,3.1789000000000001
14800,-10.497199999999999,3.2067999999999999
14801,-6.4173999999999998,3.2161
14802,-8.7424999999999997,3.2141999999999999
14803,-6.2624000000000004,3.2198000000000002
14804,-10.2616,3.2141999999999999
14805,-10.2554,3.2141999999999999
14806,-10.2616,3.2161
14807,-10.2616,3.2161
14808,-14.825100000000001,3.2086999999999999
14809,-14.9057,3.2086999999999999
14810,-21.819099999999999,3.1938
14811,-24.503900000000002,3.1882000000000001
14812,-24.968900000000001,3.1844999999999999
14813,-20.721699999999998,3.1919
14814,-23.456099999999999,3.1863000000000001
14815,-26.2896,3.1808000000000001
14816,-21.893599999999999,3.1882000000000001
14817,-24.696100000000001,3.1825999999999999
14818,-30.127700000000001,3.1732999999999998
14819,-39.967700000000001,3.1547000000000001
14820,-39.570900000000002,3.1509999999999998
14821,-27.728100000000001,3.1715
14822,-22.811199999999999,3.1808000000000001
14823,-17.534700000000001,3.1901000000000002
14824,-12.388299999999999,3.2012
14825,-7.4589999999999996,3.2124000000000001
14826,-14.694900000000001,3.2012
14827,-19.934200000000001,3.1901000000000002
14828,-23.021999999999998,3.1844999999999999
14829,-25.9238,3.1789000000000001
14830,-20.6845,3.1863000000000001
14831,-26.494199999999999,3.177
14832,-21.1433,3.1844999999999999
14833,-24.330300000000001,3.1808000000000001
14834,-18.855399999999999,3.1882000000000001
14835,-16.220199999999998,3.1938
14836,-11.427300000000001,3.2048999999999999
14837,-16.0962,3.1956000000000002
14838,-16.0962,3.1956000000000002
14839,-16.102399999999999,3.1956000000000002
14840,-16.0962,3.1974999999999998
14841,-16.108599999999999,3.1974999999999998
14842,-13.3866,3.2031000000000001
14843,-8.3828999999999994,3.2124000000000001
14844,-8.2155000000000005,3.2141999999999999
14845,1.5314000000000001,3.2328000000000001
14846,-2.1453000000000002,3.2290999999999999
14847,-4.6254,3.2254
14848,-9.7531999999999996,3.218
14849,-6.9753999999999996,3.2216999999999998
14850,-11.5823,3.2141999999999999
14851,-22.023800000000001,3.1938
14852,-16.846399999999999,3.2031000000000001
14853,-16.896000000000001,3.2031000000000001
14854,-14.3291,3.2067999999999999
14855,-7.0312000000000001,3.2198000000000002
14856,-4.1852,3.2254
14857,-4.1356000000000002,3.2273000000000001
14858,-3.9371999999999998,3.2290999999999999
14859,-1.0664,3.2347000000000001
14860,-20.740300000000001,3.2012
14861,-3.6272000000000002,3.2290999999999999
14862,-10.6646,3.218
14863,-8.7052999999999994,3.2216999999999998
14864,-8.5441000000000003,3.2216999999999998
14865,-15.339700000000001,3.2105000000000001
14866,-11.104900000000001,3.2161
14867,-39.955300000000001,3.1640000000000001
14868,2.0956999999999999,3.2347000000000001
14869,-39.955300000000001,3.1621999999999999
14870,-13.950799999999999,3.2048999999999999
14871,-27.157699999999998,3.1808000000000001
14872,-39.9739,3.1566000000000001
14873,-28.4908,3.1732999999999998
14874,-20.5791,3.1882000000000001
14875,-26.407399999999999,3.177
14876,-15.7242,3.1956000000000002
14877,-10.9064,3.2067999999999999
14878,0,3.2273000000000001
14879,1.6865000000000001,3.2347000000000001
14880,4.7370999999999999,3.2421000000000002
14881,7.9302999999999999,3.2513999999999998
14882,6.6158000000000001,3.2532999999999999
14883,-12.8596,3.218
14884,-12.853400000000001,3.2161
14885,-3.2242000000000002,3.2309999999999999
14886,6.6840000000000002,3.2532999999999999
14887,-10.2554,3.2235
14888,-14.310499999999999,3.2141999999999999
14889,-10.2616,3.2198000000000002
14890,-2.5792999999999999,3.2347000000000001
14891,-9.9391999999999996,3.2216999999999998
14892,-11.6319,3.218
14893,-11.6257,3.218
14894,-2.3437000000000001,3.2347000000000001
14895,0,3.2403
14896,0.17979999999999999,3.2421000000000002
14897,5.1711,3.2551999999999999
14898,8.0170999999999992,3.2625999999999999
14899,7.9861000000000004,3.2645
14900,9.1268999999999991,3.2682000000000002
14901,9.0525000000000002,3.27
14902,7.8125,3.2682000000000002
14903,8.8541000000000007,3.2719
14904,15.2219,3.2848999999999999
14905,11.650499999999999,3.2812000000000001
14906,14.2113,3.2867999999999999
14907,10.026,3.2812000000000001
14908,8.5875000000000004,3.2793000000000001
14909,5.6174999999999997,3.2738
14910,4.6936999999999998,3.2719
14911,-3.3420000000000001,3.2570000000000001
14912,1.3702000000000001,3.2645
14913,5.3013000000000003,3.2719
14914,8.9780999999999995,3.2793000000000001
14915,15.7738,3.2924000000000002
14916,17.857099999999999,3.3016999999999999
14917,5.9398999999999997,3.2793000000000001
14918,3.7698,3.2755999999999998
14919,1.6183000000000001,3.27
14920,5.2641,3.2774999999999999
14921,4.7805,3.2755999999999998
14922,8.5441000000000003,3.2831000000000001
14923,3.8193999999999999,3.2755999999999998
14924,0,3.2682000000000002
14925,0,3.2682000000000002
14926,0,3.2663000000000002
14927,0,3.2663000000000002
14928,0,3.2663000000000002
14929,0,3.2663000000000002
14930,0,3.2663000000000002
14931,0,3.2663000000000002
14932,0,3.2663000000000002
14933,0,3.2663000000000002
14934,0,3.2663000000000002
14935,0,3.2663000000000002
14936,0,3.2663000000000002
14937,0,3.2663000000000002
14938,0,3.2663000000000002
14939,0,3.2663000000000002
14940,0,3.2663000000000002
14941,-3.3420000000000001,3.2589000000000001
14942,-10.6212,3.2440000000000002
14943,-16.697600000000001,3.2309999999999999
14944,-20.213200000000001,3.2216999999999998
14945,-24.565899999999999,3.2105000000000001
14946,-28.2056,3.2012
14947,-27.827300000000001,3.1974999999999998
14948,-30.772500000000001,3.1882000000000001
14949,-16.902200000000001,3.2124000000000001
14950,-21.732299999999999,3.2048999999999999
14951,-20.975899999999999,3.2048999999999999
14952,-23.660699999999999,3.1974999999999998
14953,-31.454599999999999,3.1825999999999999
14954,-16.238800000000001,3.2086999999999999
14955,-16.778199999999998,3.2086999999999999
14956,-13.1076,3.2141999999999999
14957,-15.9846,3.2105000000000001
14958,-17.621500000000001,3.2067999999999999
14959,-19.828800000000001,3.2031000000000001
14960,-7.9302999999999999,3.2235
14961,-10.788600000000001,3.218
14962,-4.2968000000000002,3.2309999999999999
14963,-0.50219999999999998,3.2403
14964,-8.9780999999999995,3.2254
14965,-18.892600000000002,3.2086999999999999
14966,-14.831300000000001,3.2141999999999999
14967,-6.5785999999999998,3.2273000000000001
14968,-6.5785999999999998,3.2290999999999999
14969,-6.5785999999999998,3.2309999999999999
14970,-6.5848000000000004,3.2309999999999999
14971,-6.5724,3.2309999999999999
14972,-7.7751999999999999,3.2290999999999999
14973,-11.464499999999999,3.2216999999999998
14974,-7.9364999999999997,3.2290999999999999
14975,-4.7866999999999997,3.2347000000000001
14976,0.48980000000000001,3.2440000000000002
14977,5.1772999999999998,3.2570000000000001
14978,6.0514999999999999,3.2606999999999999
14979,2.2507000000000001,3.2551999999999999
14980,15.2591,3.2812000000000001
14981,16.617000000000001,3.2867999999999999
14982,20.1264,3.2978999999999998
14983,14.7073,3.2886000000000002
14984,13.616,3.2886000000000002
14985,12.295299999999999,3.2886000000000002
14986,10.6212,3.2867999999999999
14987,6.2188999999999997,3.2793000000000001
14988,0,3.2682000000000002
14989,0,3.2663000000000002
14990,0,3.2663000000000002
14991,0,3.2645
14992,0,3.2645
14993,0,3.2645
14994,0,3.2645
14995,0,3.2645
14996,0,3.2645
14997,-8.3457000000000008,3.2496
14998,-10.6646,3.2403
14999,-17.057200000000002,3.2273000000000001
15000,-23.214200000000002,3.2141999999999999
15001,-27.374700000000001,3.2031000000000001
15002,-32.192399999999999,3.1882000000000001
15003,-39.955300000000001,3.1715
15004,-35.615000000000002,3.1751999999999998
15005,-11.7807,3.2161
15006,-28.379200000000001,3.1863000000000001
15007,-24.5411,3.1919
15008,-18.6631,3.2031000000000001
15009,-6.6219999999999999,3.2254
15010,-3.1932,3.2328000000000001
15011,0,3.2403
15012,0.73780000000000001,3.2440000000000002
15013,1.3764000000000001,3.2496
15014,3.7326000000000001,3.2551999999999999
15015,17.695900000000002,3.2831000000000001
15016,18.092700000000001,3.2886000000000002
15017,15.339700000000001,3.2867999999999999
15018,12.1713,3.2831000000000001
15019,8.9346999999999994,3.2793000000000001
15020,0,3.2625999999999999
15021,0,3.2625999999999999
15022,0,3.2625999999999999
15023,0,3.2606999999999999
15024,0,3.2606999999999999
15025,0,3.2606999999999999
15026,0,3.2606999999999999
15027,0,3.2606999999999999
15028,0,3.2606999999999999
15029,0,3.2625999999999999
15030,0,3.2606999999999999
15031,0,3.2625999999999999
15032,0,3.2625999999999999
15033,0,3.2625999999999999
15034,0,3.2625999999999999
15035,0,3.2625999999999999
15036,0,3.2625999999999999
15037,0,3.2625999999999999
15038,0,3.2625999999999999
15039,0,3.2625999999999999
15040,0,3.2645
15041,0,3.2645
15042,-10.497199999999999,3.2421000000000002
15043,-14.4655,3.2328000000000001
15044,-18.340699999999998,3.2235
15045,-22.811199999999999,3.2124000000000001
15046,-28.614799999999999,3.1974999999999998
15047,-33.438699999999997,3.1844999999999999
15048,-39.961500000000001,3.1696
15049,-39.967700000000001,3.1659000000000002
15050,-22.0672,3.1938
15051,-21.819099999999999,3.1956000000000002
15052,-39.9739,3.1640000000000001
15053,-28.4102,3.1808000000000001
15054,-14.4655,3.2048999999999999
15055,-24.851099999999999,3.1863000000000001
15056,-10.8506,3.2124000000000001
15057,-14.5709,3.2067999999999999
15058,-14.8561,3.2067999999999999
15059,-4.6254,3.2254
15060,-7.7751999999999999,3.2216999999999998
15061,-7.8249000000000004,3.2235
15062,-2.7033,3.2328000000000001
15063,-0.70679999999999998,3.2383999999999999
15064,-11.2599,3.2198000000000002
15065,-6.5785999999999998,3.2290999999999999
15066,0.53939999999999999,3.2421000000000002
15067,-4.4951999999999996,3.2347000000000001
15068,-4.4269999999999996,3.2366000000000001
15069,-2.4986999999999999,3.2403
15070,-6.3120000000000003,3.2328000000000001
15071,-6.2995999999999999,3.2328000000000001
15072,-6.3120000000000003,3.2328000000000001
15073,-6.3182,3.2328000000000001
15074,-6.3182,3.2328000000000001
15075,-2.4615,3.2403
15076,-8.1472999999999995,3.2309999999999999
15077,-8.1906999999999996,3.2309999999999999
15078,-11.061500000000001,3.2254
15079,-0.58279999999999998,3.2440000000000002
15080,-2.4615,3.2421000000000002
15081,-6.2188999999999997,3.2366000000000001
15082,-6.2251000000000003,3.2347000000000001
15083,-2.4243000000000001,3.2421000000000002
15084,-2.3437000000000001,3.2440000000000002
15085,-4.1852,3.2403
15086,6.0143000000000004,3.2606999999999999
15087,10.212,3.2719
15088,13.132400000000001,3.2793000000000001
15089,13.851599999999999,3.2831000000000001
15090,14.8499,3.2886000000000002
15091,15.972200000000001,3.2924000000000002
15092,13.305999999999999,3.2905000000000002
15093,13.299799999999999,3.2905000000000002
15094,10.689399999999999,3.2867999999999999
15095,6.8141999999999996,3.2812000000000001
15096,0,3.2682000000000002
15097,0,3.2682000000000002
15098,0,3.2663000000000002
15099,0,3.2663000000000002
15100,0,3.2663000000000002
15101,0,3.2663000000000002
15102,0,3.2645
15103,0,3.2663000000000002
15104,0,3.2645
15105,-3.9868000000000001,3.2570000000000001
15106,-7.5457999999999998,3.2496
15107,-6.6715999999999998,3.2496
15108,-3.6334,3.2551999999999999
15109,-11.427300000000001,3.2383999999999999
15110,-7.1117999999999997,3.2440000000000002
15111,-6.6281999999999996,3.2458999999999998
15112,-10.2988,3.2383999999999999
15113,-15.8544,3.2273000000000001
15114,-17.4665,3.2216999999999998
15115,-16.338000000000001,3.2216999999999998
15116,-13.9322,3.2235
15117,-13.498200000000001,3.2254
15118,-12.028700000000001,3.2273000000000001
15119,-13.3432,3.2235
15120,-14.459300000000001,3.2216999999999998
15121,-12.574400000000001,3.2235
15122,-11.786899999999999,3.2254
15123,-8.7052999999999994,3.2309999999999999
15124,-5.3013000000000003,3.2366000000000001
15125,-3.8317999999999999,3.2403
15126,-3.8193999999999999,3.2421000000000002
15127,-3.8256000000000001,3.2421000000000002
15128,-3.8256000000000001,3.2421000000000002
15129,-3.8256000000000001,3.2421000000000002
15130,-11.7807,3.2290999999999999
15131,-6.3368000000000002,3.2366000000000001
15132,-6.4298000000000002,3.2383999999999999
15133,0.73160000000000003,3.2532999999999999
15134,0.73160000000000003,3.2532999999999999
15135,-0.78739999999999999,3.2532999999999999
15136,-3.8256000000000001,3.2458999999999998
15137,-3.8256000000000001,3.2458999999999998
15138,1.8105,3.2589000000000001
15139,6.2188999999999997,3.2682000000000002
15140,16.511600000000001,3.2886000000000002
15141,13.305999999999999,3.2867999999999999
15142,10.695600000000001,3.2831000000000001
15143,0,3.2663000000000002
15144,0,3.2645
15145,0,3.2645
15146,0,3.2625999999999999
15147,0,3.2625999999999999
15148,0,3.2625999999999999
15149,0,3.2625999999999999
15150,0,3.2625999999999999
15151,0,3.2625999999999999
15152,0,3.2625999999999999
15153,0,3.2645
15154,0,3.2645
15155,0,3.2645
15156,0,3.2645
15157,0,3.2645
15158,0,3.2645
15159,0,3.2645
15160,0,3.2645
15161,0,3.2645
15162,0,3.2645
15163,-10.497199999999999,3.2440000000000002
15164,-14.4655,3.2347000000000001
15165,-18.334499999999998,3.2254
15166,-22.575600000000001,3.2124000000000001
15167,-13.305999999999999,3.2273000000000001
15168,-13.0642,3.2273000000000001
15169,-11.0305,3.2309999999999999
15170,-2.1453000000000002,3.2458999999999998
15171,-2.1453000000000002,3.2496
15172,-6.2995999999999999,3.2421000000000002
15173,-4.1479999999999997,3.2458999999999998
15174,-2.1453000000000002,3.2513999999999998
15175,-0.13639999999999999,3.2551999999999999
15176,1.054,3.2589000000000001
15177,-1.147,3.2570000000000001
15178,0.29759999999999998,3.2589000000000001
15179,-6.2686000000000002,3.2458999999999998
15180,-3.2242000000000002,3.2532999999999999
15181,-1.147,3.2570000000000001
15182,0.62,3.2606999999999999
15183,-1.1097999999999999,3.2570000000000001
15184,-2.0647000000000002,3.2551999999999999
15185,-3.0629,3.2551999999999999
15186,-6.2624000000000004,3.2458999999999998
15187,-7.2606000000000002,3.2440000000000002
15188,-10.466200000000001,3.2366000000000001
15189,-8.9408999999999992,3.2383999999999999
15190,-12.5372,3.2309999999999999
15191,-10.9809,3.2328000000000001
15192,-3.9434,3.2440000000000002
15193,-3.9929999999999999,3.2458999999999998
15194,-7.7504,3.2383999999999999
15195,-7.5519999999999996,3.2383999999999999
15196,-7.6574,3.2383999999999999
15197,-4.5758000000000001,3.2440000000000002
15198,-3.2242000000000002,3.2458999999999998
15199,-3.2303999999999999,3.2496
15200,-5.3446999999999996,3.2440000000000002
15201,-14.9801,3.2254
15202,-20.4923,3.2141999999999999
15203,-15.2591,3.2198000000000002
15204,-10.825799999999999,3.2273000000000001
15205,-10.466200000000001,3.2273000000000001
15206,3.9744000000000002,3.2570000000000001
15207,17.695900000000002,3.2848999999999999
15208,16.226400000000002,3.2867999999999999
15209,13.089,3.2848999999999999
15210,9.7346000000000004,3.2812000000000001
15211,0,3.2645
15212,0,3.2645
15213,0,3.2645
15214,0,3.2625999999999999
15215,0,3.2625999999999999
15216,0,3.2625999999999999
15217,0,3.2645
15218,0,3.2645
15219,0,3.2625999999999999
15220,0,3.2645
15221,0,3.2645
15222,0,3.2645
15223,0,3.2645
15224,0,3.2645
15225,0,3.2645
15226,0,3.2645
15227,0,3.2645
15228,0,3.2645
15229,0,3.2645
15230,0,3.2645
15231,0,3.2645
15232,0,3.2645
15233,0,3.2663000000000002
15234,0,3.2663000000000002
15235,0,3.2645
15236,0,3.2663000000000002
15237,0,3.2645
15238,0,3.2663000000000002
15239,0,3.2663000000000002
15240,-6.4669999999999996,3.2551999999999999
15241,-8.1844999999999999,3.2496
15242,-17.137799999999999,3.2290999999999999
15243,-13.901199999999999,3.2328000000000001
15244,-16.406199999999998,3.2254
15245,-12.022500000000001,3.2309999999999999
15246,-11.656700000000001,3.2328000000000001
15247,-20.014800000000001,3.2161
15248,-21.6145,3.2105000000000001
15249,-16.555,3.218
15250,-15.736599999999999,3.218
15251,-15.4575,3.218
15252,-17.534700000000001,3.2141999999999999
15253,-13.498200000000001,3.2198000000000002
15254,-7.6264000000000003,3.2309999999999999
15255,-9.1765000000000008,3.2290999999999999
15256,-5.6670999999999996,3.2347000000000001
15257,-5.7042999999999999,3.2366000000000001
15258,-4.1417999999999999,3.2403
15259,-6.5724,3.2366000000000001
15260,-5.7415000000000003,3.2383999999999999
15261,-4.1852,3.2403
15262,1.2958000000000001,3.2532999999999999
15263,1.2958000000000001,3.2551999999999999
15264,10.131399999999999,3.2738
15265,11.2227,3.2793000000000001
15266,13.368,3.2848999999999999
15267,7.8620999999999999,3.2774999999999999
15268,6.2436999999999996,3.2755999999999998
15269,7.6574,3.2793000000000001
15270,0,3.2645
15271,0,3.2645
15272,0,3.2645
15273,0,3.2645
15274,0,3.2645
15275,0,3.2645
15276,0,3.2645
15277,0,3.2645
15278,0,3.2645
15279,0,3.2645
15280,0,3.2645
15281,0,3.2645
15282,0,3.2645
15283,0,3.2645
15284,0,3.2645
15285,0,3.2645
15286,0,3.2645
15287,0,3.2645
15288,-4.5696000000000003,3.2570000000000001
15289,-6.2686000000000002,3.2532999999999999
15290,-3.8628,3.2570000000000001
15291,-6.9816000000000003,3.2496
15292,-14.0252,3.2347000000000001
15293,-13.6532,3.2328000000000001
15294,-15.978400000000001,3.2273000000000001
15295,-10.212,3.2347000000000001
15296,-16.306999999999999,3.2235
15297,-5.1090999999999998,3.2421000000000002
15298,-0.10539999999999999,3.2551999999999999
15299,-2.0647000000000002,3.2532999999999999
15300,-16.858799999999999,3.2235
15301,-11.8613,3.2309999999999999
15302,-11.464499999999999,3.2309999999999999
15303,-16.951799999999999,3.2198000000000002
15304,-14.0997,3.2235
15305,-3.2242000000000002,3.2421000000000002
15306,0.84940000000000004,3.2532999999999999
15307,-10.2182,3.2328000000000001
15308,-10.497199999999999,3.2309999999999999
15309,-5.6174999999999997,3.2403
15310,4.0983999999999998,3.2606999999999999
15311,3.621,3.2625999999999999
15312,4.5385999999999997,3.2645
15313,11.092499999999999,3.2793000000000001
15314,10.9809,3.2812000000000001
15315,8.1844999999999999,3.2793000000000001
15316,0,3.2645
15317,0,3.2645
15318,0,3.2645
15319,0,3.2645
15320,0,3.2645
15321,0,3.2645
15322,-0.41539999999999999,3.2625999999999999
15323,-8.7052999999999994,3.2458999999999998
15324,-10.6646,3.2403
15325,-16.617000000000001,3.2273000000000001
15326,-20.380700000000001,3.218
15327,-12.022500000000001,3.2309999999999999
15328,-17.4665,3.2198000000000002
15329,-18.905000000000001,3.2161
15330,-17.261900000000001,3.2161
15331,-21.744700000000002,3.2067999999999999
15332,-20.944900000000001,3.2067999999999999
15333,-19.977599999999999,3.2067999999999999
15334,-16.213999999999999,3.2124000000000001
15335,-16.945599999999999,3.2105000000000001
15336,-11.879899999999999,3.2198000000000002
15337,-10.776199999999999,3.2216999999999998
15338,-8.1100999999999992,3.2273000000000001
15339,-9.6725999999999992,3.2254
15340,-8.3828999999999994,3.2273000000000001
15341,-4.5014000000000003,3.2347000000000001
15342,0,3.2440000000000002
15343,-2.7839,3.2421000000000002
15344,-1.1408,3.2458999999999998
15345,1.3702000000000001,3.2532999999999999
15346,2.6227,3.2570000000000001
15347,6.7770000000000001,3.2663000000000002
15348,10.77,3.2755999999999998
15349,10.1066,3.2774999999999999
15350,11.7311,3.2812000000000001
15351,9.8585999999999991,3.2812000000000001
15352,5.2579000000000002,3.2738
15353,6.6901999999999999,3.2774999999999999
15354,0,3.2645
15355,0,3.2645
15356,0,3.2645
15357,0,3.2645
15358,-0.496,3.2625999999999999
15359,0,3.2645
15360,0,3.2645
15361,-9.6292000000000009,3.2440000000000002
15362,-10.6708,3.2403
15363,-17.807500000000001,3.2254
15364,-23.9831,3.2105000000000001
15365,-24.1691,3.2067999999999999
15366,-16.152000000000001,3.218
15367,-10.416600000000001,3.2273000000000001
15368,-13.0642,3.2235
15369,-14.260899999999999,3.2216999999999998
15370,-15.8172,3.218
15371,-16.5364,3.2141999999999999
15372,-25.303799999999999,3.1956000000000002
15373,-23.003399999999999,3.1974999999999998
15374,-16.852599999999999,3.2086999999999999
15375,-10.9809,3.2198000000000002
15376,-8.2279,3.2254
15377,-12.295299999999999,3.2198000000000002
15378,-4.5758000000000001,3.2328000000000001
15379,-4.5819999999999999,3.2347000000000001
15380,-2.9016999999999999,3.2383999999999999
15381,0,3.2440000000000002
15382,-1.1841999999999999,3.2440000000000002
15383,-4.3836000000000004,3.2403
15384,-4.3836000000000004,3.2403
15385,-2.7776999999999998,3.2421000000000002
15386,2.0585,3.2551999999999999
15387,-2.6598999999999999,3.2458999999999998
15388,-4.1790000000000003,3.2421000000000002
15389,-4.1852,3.2421000000000002
15390,-4.1790000000000003,3.2421000000000002
15391,-4.1852,3.2421000000000002
15392,-4.1852,3.2440000000000002
15393,-5.8220999999999998,3.2403
15394,-9.5424000000000007,3.2328000000000001
15395,-11.241300000000001,3.2290999999999999
15396,-25.489799999999999,3.2012
15397,-19.376200000000001,3.2086999999999999
15398,-19.779199999999999,3.2067999999999999
15399,-20.535699999999999,3.2031000000000001
15400,-5.8220999999999998,3.2290999999999999
15401,-14.459300000000001,3.2141999999999999
15402,-12.022500000000001,3.218
15403,-10.497199999999999,3.2216999999999998
15404,-4.1417999999999999,3.2328000000000001
15405,-2.2259000000000002,3.2383999999999999
15406,-5.9089,3.2328000000000001
15407,-4.0301999999999998,3.2366000000000001
15408,-0.34720000000000001,3.2440000000000002
15409,1.3702000000000001,3.2513999999999998
15410,-3.9929999999999999,3.2403
15411,1.3702000000000001,3.2532999999999999
15412,1.3702000000000001,3.2532999999999999
15413,-3.6705999999999999,3.2440000000000002
15414,-0.074399999999999994,3.2532999999999999
15415,-3.5775999999999999,3.2440000000000002
15416,4.6936999999999998,3.2625999999999999
15417,2.0956999999999999,3.2589000000000001
15418,-3.1869999999999998,3.2496
15419,-4.8611000000000004,3.2440000000000002
15420,-4.8611000000000004,3.2440000000000002
15421,-4.8611000000000004,3.2440000000000002
15422,0,3.2532999999999999
15423,-3.0691000000000002,3.2496
15424,-4.7432999999999996,3.2440000000000002
15425,-1.3453999999999999,3.2513999999999998
15426,0.73160000000000003,3.2570000000000001
15427,2.7033,3.2606999999999999
15428,1.3702000000000001,3.2589000000000001
15429,2.6598999999999999,3.2625999999999999
15430,8.0170999999999992,3.2738
15431,9.6167999999999996,3.2793000000000001
15432,8.7797000000000001,3.2793000000000001
15433,6.6158000000000001,3.2755999999999998
15434,5.2454999999999998,3.2738
15435,-2.4243000000000001,3.2606999999999999
15436,-11.470700000000001,3.2403
15437,-10.9064,3.2383999999999999
15438,-7.9364999999999997,3.2421000000000002
15439,-8.9780999999999995,3.2403
15440,-10.137600000000001,3.2366000000000001
15441,-10.466200000000001,3.2347000000000001
15442,-12.7418,3.2290999999999999
15443,-15.8606,3.2216999999999998
15444,-16.573599999999999,3.2198000000000002
15445,-11.6257,3.2273000000000001
15446,-3.9868000000000001,3.2403
15447,-6.3120000000000003,3.2366000000000001
15448,-6.343,3.2383999999999999
15449,-6.4669999999999996,3.2383999999999999
15450,-11.656700000000001,3.2273000000000001
15451,-8.1844999999999999,3.2328000000000001
15452,-13.616,3.2235
15453,-6.2126999999999999,3.2347000000000001
15454,-6.2624000000000004,3.2366000000000001
15455,-6.2686000000000002,3.2366000000000001
15456,-2.9823,3.2421000000000002
15457,4.4207999999999998,3.2589000000000001
15458,2.0585,3.2570000000000001
15459,1.3764000000000001,3.2570000000000001
15460,6.1383000000000001,3.2663000000000002
15461,3.2551999999999999,3.2645
15462,1.2958000000000001,3.2606999999999999
15463,-7.3474000000000004,3.2421000000000002
15464,-7.4652000000000003,3.2421000000000002
15465,-8.9842999999999993,3.2366000000000001
15466,-6.2995999999999999,3.2403
15467,-10.652200000000001,3.2328000000000001
15468,-12.5434,3.2273000000000001
15469,-11.551299999999999,3.2290999999999999
15470,-8.0295000000000005,3.2347000000000001
15471,-11.972899999999999,3.2273000000000001
15472,-12.338699999999999,3.2254
15473,-7.1055999999999999,3.2328000000000001
15474,-2.9885000000000002,3.2421000000000002
15475,-2.9885000000000002,3.2421000000000002
15476,-2.9016999999999999,3.2440000000000002
15477,0.77500000000000002,3.2532999999999999
15478,0.77500000000000002,3.2551999999999999
15479,-2.7839,3.2496
15480,-4.3464,3.2440000000000002
15481,0.77500000000000002,3.2551999999999999
15482,0.78120000000000001,3.2570000000000001
15483,2.0274999999999999,3.2606999999999999
15484,-9.1021000000000001,3.2383999999999999
15485,-10.708,3.2328000000000001
15486,-8.0295000000000005,3.2366000000000001
15487,-6.7088000000000001,3.2383999999999999
15488,-1.147,3.2513999999999998
15489,-6.7088000000000001,3.2403
15490,-4.3464,3.2440000000000002
15491,-4.3402000000000003,3.2440000000000002
15492,0,3.2532999999999999
15493,0.17979999999999999,3.2551999999999999
15494,1.3702000000000001,3.2589000000000001
15495,0.17979999999999999,3.2570000000000001
15496,-2.6227,3.2532999999999999
15497,-4.1852,3.2496
15498,-4.1852,3.2496
15499,-0.98580000000000001,3.2551999999999999
15500,-2.5110999999999999,3.2532999999999999
15501,-4.1417999999999999,3.2496
15502,0.1736,3.2570000000000001
15503,0.17979999999999999,3.2570000000000001
15504,-3.931,3.2513999999999998
15505,-7.7690000000000001,3.2421000000000002
15506,-2.4615,3.2513999999999998
15507,0.21079999999999999,3.2570000000000001
15508,3.8193999999999999,3.2645
15509,4.7805,3.2682000000000002
15510,5.9337,3.2719
15511,1.7299,3.2663000000000002
15512,-2.8645,3.2570000000000001
15513,-3.9371999999999998,3.2551999999999999
15514,-13.0642,3.2347000000000001
15515,-12.382099999999999,3.2328000000000001
15516,-10.9064,3.2347000000000001
15517,-5.8282999999999996,3.2421000000000002
15518,-5.8593000000000002,3.2421000000000002
15519,-10.057,3.2347000000000001
15520,-6.1010999999999997,3.2403
15521,-5.3509000000000002,3.2421000000000002
15522,-5.3818999999999999,3.2421000000000002
15523,-6.2686000000000002,3.2403
15524,0.21079999999999999,3.2532999999999999
15525,-0.78739999999999999,3.2532999999999999
15526,-3.8256000000000001,3.2496
15527,-3.8256000000000001,3.2496
15528,0.21079999999999999,3.2570000000000001
15529,-0.74399999999999999,3.2551999999999999
15530,-0.74399999999999999,3.2551999999999999
15531,-3.6272000000000002,3.2513999999999998
15532,-5.9089,3.2440000000000002
15533,-10.1004,3.2366000000000001
15534,-3.8317999999999999,3.2458999999999998
15535,0.73160000000000003,3.2570000000000001
15536,-3.7511999999999999,3.2496
15537,1.2958000000000001,3.2589000000000001
15538,-8.5503,3.2403
15539,-11.464499999999999,3.2328000000000001
15540,-10.3422,3.2328000000000001
15541,1.2958000000000001,3.2570000000000001
15542,4.8982999999999999,3.2645
15543,10.6212,3.2774999999999999
15544,8.9346999999999994,3.2774999999999999
15545,13.182,3.2867999999999999
15546,10.491,3.2848999999999999
15547,7.3411999999999997,3.2812000000000001
15548,0,3.2682000000000002
15549,0,3.2663000000000002
15550,0,3.2663000000000002
15551,0,3.2663000000000002
15552,0,3.2663000000000002
15553,0,3.2663000000000002
15554,-6.4669999999999996,3.2532999999999999
15555,-9.7035999999999998,3.2440000000000002
15556,-20.535699999999999,3.2216999999999998
15557,-22.104399999999998,3.2141999999999999
15558,-26.2834,3.2031000000000001
15559,-20.8581,3.2105000000000001
15560,-12.4255,3.2235
15561,-15.6622,3.218
15562,-13.535399999999999,3.2216999999999998
15563,-12.2209,3.2235
15564,-14.459300000000001,3.218
15565,-21.106100000000001,3.2048999999999999
15566,-26.698899999999998,3.1919
15567,-19.184000000000001,3.2048999999999999
15568,-11.8179,3.2161
15569,-8.2960999999999991,3.2254
15570,-6.0639000000000003,3.2290999999999999
15571,-4.5014000000000003,3.2328000000000001
15572,-4.4889999999999999,3.2347000000000001
15573,3.6581999999999999,3.2532999999999999
15574,-1.1097999999999999,3.2440000000000002
15575,0.155,3.2496
15576,0.77500000000000002,3.2513999999999998
15577,0.17979999999999999,3.2513999999999998
15578,1.2958000000000001,3.2551999999999999
15579,0.17979999999999999,3.2551999999999999
15580,1.2958000000000001,3.2570000000000001
15581,5.8159000000000001,3.2663000000000002
15582,10.6212,3.2774999999999999
15583,1.2958000000000001,3.2625999999999999
15584,-2.8273000000000001,3.2551999999999999
15585,-6.3120000000000003,3.2458999999999998
15586,-10.7142,3.2347000000000001
15587,-9.1331000000000007,3.2366000000000001
15588,-0.55179999999999996,3.2532999999999999
15589,-3.2551999999999999,3.2496
15590,-5.4625000000000004,3.2440000000000002
15591,0.29759999999999998,3.2551999999999999
15592,-3.2614000000000001,3.2496
15593,-3.2614000000000001,3.2496
15594,-12.431699999999999,3.2309999999999999
15595,-9.6229999999999993,3.2347000000000001
15596,-11.2227,3.2290999999999999
15597,-6.0328999999999997,3.2383999999999999
15598,-7.4652000000000003,3.2366000000000001
15599,-8.9780999999999995,3.2328000000000001
15600,-5.5121000000000002,3.2383999999999999
15601,-2.4304999999999999,3.2458999999999998
15602,1.2958000000000001,3.2551999999999999
15603,3.7326000000000001,3.2625999999999999
15604,0.73160000000000003,3.2570000000000001
15605,1.2524,3.2589000000000001
15606,0.29759999999999998,3.2570000000000001
15607,0.73160000000000003,3.2589000000000001
15608,1.3391999999999999,3.2606999999999999
15609,0.77500000000000002,3.2606999999999999
15610,4.5448000000000004,3.2682000000000002
15611,13.182,3.2848999999999999
15612,11.464499999999999,3.2848999999999999
15613,8.2836999999999996,3.2812000000000001
15614,0,3.2663000000000002
15615,0,3.2663000000000002
15616,0,3.2663000000000002
15617,0,3.2645
15618,0,3.2645
15619,0,3.2645
15620,0,3.2645
15621,0,3.2645
15622,0,3.2645
15623,0,3.2645
15624,0,3.2645
15625,0,3.2645
15626,0,3.2645
15627,0,3.2645
15628,0,3.2645
15629,0,3.2645
15630,0,3.2645
15631,0,3.2645
15632,0,3.2645
15633,0,3.2645
15634,0,3.2663000000000002
15635,0,3.2663000000000002
15636,0,3.2663000000000002
15637,0,3.2663000000000002
15638,0,3.2663000000000002
15639,0,3.2663000000000002
15640,0,3.2663000000000002
15641,0,3.2663000000000002
15642,0,3.2663000000000002
15643,0,3.2663000000000002
15644,0,3.2663000000000002
15645,0,3.2663000000000002
15646,0,3.2663000000000002
15647,-3.9868000000000001,3.2589000000000001
15648,-9.0648999999999997,3.2496
15649,-16.009399999999999,3.2309999999999999
15650,-19.6614,3.2216999999999998
15651,-24.014099999999999,3.2105000000000001
15652,-27.746700000000001,3.1974999999999998
15653,-15.339700000000001,3.2198000000000002
15654,-16.623200000000001,3.2161
15655,-20.746500000000001,3.2086999999999999
15656,-16.3752,3.2141999999999999
15657,-15.184699999999999,3.2161
15658,-13.1944,3.2198000000000002
15659,-13.6904,3.218
15660,-15.6187,3.2141999999999999
15661,-7.6574,3.2273000000000001
15662,-11.470700000000001,3.2216999999999998
15663,-10.9064,3.2235
15664,-9.6539999999999999,3.2254
15665,0,3.2440000000000002
15666,1.3764000000000001,3.2496
15667,1.3702000000000001,3.2513999999999998
15668,-4.1045999999999996,3.2421000000000002
15669,2.7776999999999998,3.2570000000000001
15670,9.8523999999999994,3.2719
15671,10.336,3.2755999999999998
15672,4.1852,3.2663000000000002
15673,3.4660000000000002,3.2663000000000002
15674,11.613300000000001,3.2831000000000001
15675,10.9809,3.2831000000000001
15676,7.4527999999999999,3.2793000000000001
15677,2.4491000000000001,3.27
15678,0.61380000000000001,3.2663000000000002
15679,0,3.2645
15680,0,3.2645
15681,0,3.2645
15682,0,3.2645
15683,-0.58279999999999998,3.2625999999999999
15684,-2.2259000000000002,3.2589000000000001
15685,-2.2631000000000001,3.2589000000000001
15686,0,3.2625999999999999
15687,-0.58279999999999998,3.2625999999999999
15688,0,3.2625999999999999
15689,0,3.2645
15690,0,3.2645
15691,0,3.2645
15692,0,3.2645
15693,0,3.2645
15694,0,3.2645
15695,-0.41539999999999999,3.2645
15696,-1.8229,3.2606999999999999
15697,-3.4226000000000001,3.2589000000000001
15698,-6.6219999999999999,3.2513999999999998
15699,-15.091699999999999,3.2328000000000001
15700,-17.292899999999999,3.2254
15701,-20.2194,3.2161
15702,-9.9019999999999992,3.2328000000000001
15703,-5.4687000000000001,3.2421000000000002
15704,-13.857799999999999,3.2273000000000001
15705,-19.8598,3.2141999999999999
15706,-20.145,3.2105000000000001
15707,-13.1014,3.2216999999999998
15708,-5.1772999999999998,3.2366000000000001
15709,-3.9868000000000001,3.2403
15710,-4.0301999999999998,3.2403
15711,-6.2624000000000004,3.2383999999999999
15712,-11.8179,3.2273000000000001
15713,-9.1393000000000004,3.2309999999999999
15714,-12.574400000000001,3.2235
15715,-11.786899999999999,3.2254
15716,-10.1066,3.2273000000000001
15717,-2.3003,3.2421000000000002
15718,-2.2692999999999999,3.2440000000000002
15719,-6.0639000000000003,3.2366000000000001
15720,-8.9533000000000005,3.2328000000000001
15721,-9.1021000000000001,3.2309999999999999
15722,-6.4236000000000004,3.2347000000000001
15723,-9.3376999999999999,3.2309999999999999
15724,-6.2624000000000004,3.2347000000000001
15725,-7.7442000000000002,3.2328000000000001
15726,-5.6237000000000004,3.2366000000000001
15727,-4.0983999999999998,3.2403
15728,-4.1045999999999996,3.2403
15729,-2.4986999999999999,3.2440000000000002
15730,-2.5049000000000001,3.2440000000000002
15731,-4.0301999999999998,3.2421000000000002
15732,0.1736,3.2513999999999998
15733,-2.5792999999999999,3.2458999999999998
15734,0.73160000000000003,3.2551999999999999
15735,1.2896000000000001,3.2570000000000001
15736,3.8193999999999999,3.2625999999999999
15737,4.7805,3.2663000000000002
15738,10.1066,3.2774999999999999
15739,6.4546000000000001,3.2738
15740,10.8444,3.2831000000000001
15741,4.9478999999999997,3.2738
15742,6.4236000000000004,3.2774999999999999
15743,7.6201999999999996,3.2793000000000001
15744,0,3.2663000000000002
15745,0,3.2663000000000002
15746,0,3.2663000000000002
15747,0,3.2645
15748,0,3.2645
15749,0,3.2645
15750,0,3.2645
15751,0,3.2645
15752,0,3.2645
15753,0,3.2645
15754,0,3.2645
15755,0,3.2645
15756,0,3.2645
15757,0,3.2645
15758,0,3.2645
15759,0,3.2645
15760,0,3.2645
15761,0,3.2645
15762,0,3.2663000000000002
15763,-6.7770000000000001,3.2532999999999999
15764,-10.6708,3.2421000000000002
15765,-16.145800000000001,3.2290999999999999
15766,-22.290400000000002,3.2141999999999999
15767,-26.494199999999999,3.2031000000000001
15768,-31.367799999999999,3.1882000000000001
15769,-27.374700000000001,3.1919
15770,-24.212499999999999,3.1956000000000002
15771,-9.3500999999999994,3.2235
15772,1.2524,3.2440000000000002
15773,1.2524,3.2496
15774,12.3263,3.2738
15775,13.448600000000001,3.2793000000000001
15776,10.8444,3.2793000000000001
15777,7.1799999999999997,3.2738
15778,0,3.2625999999999999
15779,0,3.2606999999999999
15780,0,3.2606999999999999
15781,0,3.2606999999999999
15782,0,3.2606999999999999
15783,0,3.2606999999999999
15784,0,3.2606999999999999
15785,0,3.2606999999999999
15786,0,3.2625999999999999
15787,0,3.2625999999999999
15788,0,3.2625999999999999
15789,0,3.2625999999999999
15790,0,3.2625999999999999
15791,-0.78120000000000001,3.2625999999999999
15792,-4.3464,3.2551999999999999
15793,-6.6158000000000001,3.2496
15794,-9.7469999999999999,3.2403
15795,-18.148499999999999,3.2235
15796,-15.184699999999999,3.2254
15797,-8.1906999999999996,3.2366000000000001
15798,-2.5792999999999999,3.2496
15799,0.48980000000000001,3.2570000000000001
15800,-3.3420000000000001,3.2513999999999998
15801,-3.9434,3.2496
15802,-1.5438000000000001,3.2551999999999999
15803,-8.2217000000000002,3.2403
15804,-13.3804,3.2290999999999999
15805,-14.7073,3.2254
15806,-16.3504,3.2198000000000002
15807,-13.182,3.2235
15808,-15.5443,3.218
15809,-7.9861000000000004,3.2309999999999999
15810,-6.3120000000000003,3.2347000000000001
15811,-2.7839,3.2421000000000002
15812,0.29759999999999998,3.2513999999999998
15813,0.29759999999999998,3.2532999999999999
15814,-6.4607999999999999,3.2403
15815,-6.3120000000000003,3.2383999999999999
15816,-5.1401000000000003,3.2421000000000002
15817,-1.6307,3.2496
15818,-0.38440000000000002,3.2532999999999999
15819,-0.38440000000000002,3.2532999999999999
15820,-2.8334999999999999,3.2496
15821,-1.6245000000000001,3.2532999999999999
15822,5.4562999999999997,3.2663000000000002
15823,1.6555,3.2606999999999999
15824,0.33479999999999999,3.2589000000000001
15825,-6.9071999999999996,3.2440000000000002
15826,-4.7495000000000003,3.2458999999999998
15827,-4.7866999999999997,3.2458999999999998
15828,1.1779999999999999,3.2589000000000001
15829,8.3394999999999992,3.2738
15830,7.056,3.2738
15831,7.2667999999999999,3.2755999999999998
15832,0,3.2645
15833,0,3.2625999999999999
15834,0,3.2625999999999999
15835,0,3.2625999999999999
15836,0,3.2625999999999999
15837,0,3.2625999999999999
15838,0,3.2625999999999999
15839,0,3.2625999999999999
15840,0,3.2645
15841,0,3.2625999999999999
15842,0,3.2645
15843,0,3.2645
15844,0,3.2645
15845,0,3.2645
15846,-3.3481999999999998,3.2570000000000001
15847,-0.496,3.2625999999999999
15848,-0.496,3.2625999999999999
15849,-0.50219999999999998,3.2625999999999999
15850,-0.50219999999999998,3.2625999999999999
15851,-2.2692999999999999,3.2589000000000001
15852,-4.7432999999999996,3.2551999999999999
15853,-3.5838000000000001,3.2570000000000001
15854,-3.5838000000000001,3.2551999999999999
15855,-4.5510000000000002,3.2532999999999999
15856,-9.5052000000000003,3.2421000000000002
15857,-11.5389,3.2366000000000001
15858,-4.1790000000000003,3.2496
15859,0,3.2589000000000001
15860,0,3.2589000000000001
15861,0,3.2606999999999999
15862,-6.6219999999999999,3.2496
15863,-13.857799999999999,3.2328000000000001
15864,-22.061,3.2141999999999999
15865,-26.853899999999999,3.2012
15866,-25.248000000000001,3.1974999999999998
15867,-17.5471,3.2124000000000001
15868,-11.055300000000001,3.2235
15869,-7.5830000000000002,3.2309999999999999
15870,-12.1403,3.2235
15871,-10.6646,3.2254
15872,-9.6663999999999994,3.2273000000000001
15873,-8.5503,3.2290999999999999
15874,-3.6581999999999999,3.2383999999999999
15875,1.2896000000000001,3.2513999999999998
15876,1.2524,3.2532999999999999
15877,-3.4722,3.2440000000000002
15878,-3.4722,3.2440000000000002
15879,-3.4722,3.2440000000000002
15880,-3.4660000000000002,3.2440000000000002
15881,-3.4660000000000002,3.2440000000000002
15882,-9.6292000000000009,3.2328000000000001
15883,-5.0656999999999996,3.2403
15884,-8.5441000000000003,3.2347000000000001
15885,-5.9398999999999997,3.2383999999999999
15886,-7.4156000000000004,3.2347000000000001
15887,-8.9533000000000005,3.2328000000000001
15888,-6.2624000000000004,3.2366000000000001
15889,-5.5058999999999996,3.2383999999999999
15890,-7.7751999999999999,3.2347000000000001
15891,-6.4669999999999996,3.2366000000000001
15892,-13.901199999999999,3.2216999999999998
15893,-28.4908,3.1919
15894,8.9346999999999994,3.2606999999999999
15895,-27.325099999999999,3.1938
15896,-6.2624000000000004,3.2309999999999999
15897,-2.9823,3.2383999999999999
15898,5.1338999999999997,3.2570000000000001
15899,19.097200000000001,3.2867999999999999
15900,17.7331,3.2886000000000002
15901,15.104100000000001,3.2886000000000002
15902,11.985300000000001,3.2848999999999999
15903,8.6990999999999996,3.2812000000000001
15904,0,3.2645
15905,0,3.2645
15906,0,3.2625999999999999
15907,0,3.2625999999999999
15908,0,3.2625999999999999
15909,0,3.2625999999999999
15910,0,3.2625999999999999
15911,0,3.2625999999999999
15912,0,3.2625999999999999
15913,0,3.2625999999999999
15914,0,3.2625999999999999
15915,0,3.2625999999999999
15916,0,3.2625999999999999
15917,0,3.2625999999999999
15918,0,3.2625999999999999
15919,0,3.2645
15920,0,3.2645
15921,0,3.2645
15922,0,3.2645
15923,0,3.2645
15924,0,3.2645
15925,0,3.2645
15926,0,3.2645
15927,0,3.2645
15928,0,3.2645
15929,0,3.2645
15930,0,3.2645
15931,0,3.2645
15932,-4.9107000000000003,3.2570000000000001
15933,-10.6274,3.2421000000000002
15934,-17.8261,3.2254
15935,-18.6693,3.2216999999999998
15936,-16.5364,3.2216999999999998
15937,-15.004899999999999,3.2235
15938,-9.5361999999999991,3.2328000000000001
15939,-26.1036,3.2012
15940,-7.056,3.2328000000000001
15941,-14.1059,3.2216999999999998
15942,-11.1111,3.2254
15943,-2.8273000000000001,3.2403
15944,-20.746500000000001,3.2086999999999999
15945,1.2524,3.2496
15946,0.84940000000000004,3.2513999999999998
15947,0.77500000000000002,3.2532999999999999
15948,1.2585999999999999,3.2551999999999999
15949,1.6927000000000001,3.2570000000000001
15950,1.2524,3.2570000000000001
15951,0.73160000000000003,3.2570000000000001
15952,4.1356000000000002,3.2645
15953,3.4660000000000002,3.2645
15954,3.1000999999999999,3.2663000000000002
15955,2.9016999999999999,3.2663000000000002
15956,4.3339999999999996,3.27
15957,7.5396000000000001,3.2755999999999998
15958,0,3.2625999999999999
15959,0,3.2625999999999999
15960,0,3.2625999999999999
15961,0,3.2625999999999999
15962,0,3.2625999999999999
15963,0,3.2625999999999999
15964,0,3.2625999999999999
15965,0,3.2625999999999999
15966,0,3.2625999999999999
15967,0,3.2625999999999999
15968,0,3.2645
15969,0,3.2625999999999999
15970,0,3.2645
15971,0,3.2645
15972,0,3.2645
15973,0,3.2645
15974,0,3.2645
15975,0,3.2645
15976,0,3.2645
15977,0,3.2645
15978,0,3.2645
15979,0,3.2645
15980,0,3.2645
15981,0,3.2645
15982,0,3.2645
15983,0,3.2645
15984,0,3.2645
15985,0,3.2645
15986,0,3.2645
15987,0,3.2663000000000002
15988,0,3.2663000000000002
15989,-9.6229999999999993,3.2458999999999998
15990,-9.468,3.2440000000000002
15991,-15.3459,3.2309999999999999
15992,-18.718900000000001,3.2216999999999998
15993,-21.1371,3.2141999999999999
15994,-23.3506,3.2067999999999999
15995,-6.343,3.2366000000000001
15996,-9.2942999999999998,3.2328000000000001
15997,-27.821100000000001,3.1956000000000002
15998,-13.1386,3.2198000000000002
15999,-10.6274,3.2254
16000,-4.5819999999999999,3.2366000000000001
16001,0.84940000000000004,3.2496
16002,1.7361,3.2532999999999999
16003,1.7361,3.2570000000000001
16004,1.2524,3.2570000000000001
16005,1.6555,3.2589000000000001
16006,11.464499999999999,3.2774999999999999
16007,7.1799999999999997,3.2738
16008,-1.8290999999999999,3.2570000000000001
16009,-4.5758000000000001,3.2513999999999998
16010,-4.7122999999999999,3.2513999999999998
16011,-6.0639000000000003,3.2458999999999998
16012,-12.0101,3.2328000000000001
16013,-20.1388,3.2161
16014,-22.284199999999998,3.2086999999999999
16015,-20.535699999999999,3.2086999999999999
16016,-5.3818999999999999,3.2347000000000001
16017,-0.54559999999999997,3.2458999999999998
16018,-1.9097,3.2458999999999998
16019,5.7352999999999996,3.2625999999999999
16020,10.689399999999999,3.2755999999999998
16021,7.3474000000000004,3.2719
16022,4.1356000000000002,3.2682000000000002
16023,-1.9407000000000001,3.2570000000000001
16024,-17.7393,3.2235
16025,-21.831499999999998,3.2124000000000001
16026,-20.851900000000001,3.2105000000000001
16027,-21.068899999999999,3.2067999999999999
16028,-15.2653,3.2161
16029,-8.5813000000000006,3.2273000000000001
16030,-7.3722000000000003,3.2309999999999999
16031,-5.3013000000000003,3.2347000000000001
16032,0.73780000000000001,3.2496
16033,-2.2197,3.2440000000000002
16034,-5.9523000000000001,3.2366000000000001
16035,-5.2579000000000002,3.2383999999999999
16036,-2.2631000000000001,3.2440000000000002
16037,-2.2259000000000002,3.2458999999999998
16038,-3.7511999999999999,3.2440000000000002
16039,-10.137600000000001,3.2309999999999999
16040,-10.329800000000001,3.2290999999999999
16041,-5.5058999999999996,3.2366000000000001
16042,0.21079999999999999,3.2496
16043,1.2958000000000001,3.2532999999999999
16044,-5.3013000000000003,3.2403
16045,-8.9346999999999994,3.2328000000000001
16046,-11.979100000000001,3.2273000000000001
16047,-4.1045999999999996,3.2403
16048,0.1736,3.2513999999999998
16049,-9.2632999999999992,3.2328000000000001
16050,-11.656700000000001,3.2273000000000001
16051,-14.217499999999999,3.2198000000000002
16052,-18.650700000000001,3.2105000000000001
16053,-13.901199999999999,3.2161
16054,-11.8675,3.2198000000000002
16055,-8.9780999999999995,3.2254
16056,-9.0959000000000003,3.2254
16057,-9.2570999999999994,3.2254
16058,-5.1029,3.2328000000000001
16059,-1.6245000000000001,3.2403
16060,-3.2614000000000001,3.2383999999999999
16061,-3.2551999999999999,3.2403
16062,-6.7026000000000003,3.2347000000000001
16063,-10.832000000000001,3.2254
16064,0.73780000000000001,3.2496
16065,1.3702000000000001,3.2513999999999998
16066,0.73780000000000001,3.2513999999999998
16067,-8.8603000000000005,3.2328000000000001
16068,-12.1031,3.2254
16069,-10.7514,3.2254
16070,-7.7069999999999999,3.2309999999999999
16071,-6.9009999999999998,3.2328000000000001
16072,-3.4163999999999999,3.2383999999999999
16073,1.3764000000000001,3.2513999999999998
16074,2.0895000000000001,3.2551999999999999
16075,-6.5476000000000001,3.2366000000000001
16076,-8.9842999999999993,3.2309999999999999
16077,-12.307700000000001,3.2254
16078,-12.574400000000001,3.2216999999999998
16079,-13.8268,3.2198000000000002
16080,-11.5017,3.2216999999999998
16081,-8.2960999999999991,3.2273000000000001
16082,-1.9097,3.2403
16083,1.3702000000000001,3.2496
16084,21.372699999999998,3.2905000000000002
16085,19.5746,3.2924000000000002
16086,18.340699999999998,3.2961
16087,15.5753,3.2924000000000002
16088,12.4131,3.2886000000000002
16089,9.1393000000000004,3.2831000000000001
16090,0,3.2663000000000002
16091,0,3.2663000000000002
16092,0,3.2645
16093,0,3.2645
16094,0,3.2645
16095,0,3.2645
16096,0,3.2625999999999999
16097,0,3.2625999999999999
16098,0,3.2625999999999999
16099,0,3.2625999999999999
16100,0,3.2625999999999999
16101,0,3.2625999999999999
16102,0,3.2625999999999999
16103,0,3.2625999999999999
16104,0,3.2625999999999999
16105,0,3.2645
16106,0,3.2645
16107,0,3.2625999999999999
16108,0,3.2645
16109,0,3.2645
16110,0,3.2645
16111,0,3.2645
16112,0,3.2645
16113,0,3.2645
16114,0,3.2645
16115,0,3.2645
16116,0,3.2645
16117,0,3.2645
16118,0,3.2645
16119,0,3.2645
16120,0,3.2645
16121,0,3.2645
16122,0,3.2645
16123,0,3.2645
16124,0,3.2645
16125,0,3.2645
16126,0,3.2645
16127,0,3.2663000000000002
16128,0,3.2645
16129,0,3.2645
16130,0,3.2645
16131,0,3.2663000000000002
16132,-10.497199999999999,3.2440000000000002
16133,-14.4655,3.2328000000000001
16134,-18.340699999999998,3.2235
16135,-22.805,3.2124000000000001
16136,-28.608599999999999,3.1956000000000002
16137,-33.451099999999997,3.1825999999999999
16138,-29.247199999999999,3.1863000000000001
16139,-28.2056,3.1844999999999999
16140,-22.3462,3.1938
16141,-12.1775,3.2141999999999999
16142,2.7033,3.2421000000000002
16143,1.8663000000000001,3.2458999999999998
16144,0.73780000000000001,3.2458999999999998
16145,-7.4218000000000002,3.2328000000000001
16146,-6.1444999999999999,3.2328000000000001
16147,-6.2188999999999997,3.2328000000000001
16148,-9.1082999999999998,3.2290999999999999
16149,-21.496700000000001,3.2048999999999999
16150,2.7776999999999998,3.2496
16151,14.050000000000001,3.2738
16152,6.0949,3.2645
16153,16.139600000000002,3.2848999999999999
16154,6.9691999999999998,3.2719
16155,1.054,3.2606999999999999
16156,-10.2182,3.2383999999999999
16157,-6.7831999999999999,3.2421000000000002
16158,-15.643599999999999,3.2235
16159,-26.773299999999999,3.1974999999999998
16160,-30.853100000000001,3.1863000000000001
16161,-39.967700000000001,3.1640000000000001
16162,-39.967700000000001,3.1602999999999999
16163,-39.9739,3.1566000000000001
16164,-39.967700000000001,3.1547000000000001
16165,-25.297599999999999,3.177
16166,-39.9739,3.1490999999999998
16167,-30.127700000000001,3.1659000000000002
16168,-39.961500000000001,3.1454
16169,-38.299799999999998,3.1473
16170,-39.955300000000001,3.1436000000000002
16171,-29.185199999999998,3.1621999999999999
16172,-27.449100000000001,3.1659000000000002
16173,-25.886600000000001,3.1677
16174,-10.503399999999999,3.1956000000000002
16175,-6.4236000000000004,3.2067999999999999
16176,-8.7424999999999997,3.2048999999999999
16177,-6.2747999999999999,3.2105000000000001
16178,-10.2616,3.2048999999999999
16179,-10.2554,3.2067999999999999
16180,-10.2554,3.2067999999999999
16181,-10.267799999999999,3.2067999999999999
16182,-14.825100000000001,3.1974999999999998
16183,-14.9057,3.1974999999999998
16184,-21.825299999999999,3.1844999999999999
16185,-24.491499999999998,3.177
16186,-24.981300000000001,3.1751999999999998
16187,-20.752700000000001,3.1825999999999999
16188,-23.456099999999999,3.177
16189,-26.277200000000001,3.1715
16190,-21.893599999999999,3.177
16191,-24.683700000000002,3.1732999999999998
16192,-30.133900000000001,3.1621999999999999
16193,-39.961500000000001,3.1417000000000002
16194,-39.583300000000001,3.1398000000000001
16195,-27.740500000000001,3.1602999999999999
16196,-22.817399999999999,3.1696
16197,-17.5471,3.1789000000000001
16198,-12.382099999999999,3.1901000000000002
16199,-7.4652000000000003,3.2031000000000001
16200,-14.7011,3.1901000000000002
16201,-19.934200000000001,3.1808000000000001
16202,-23.021999999999998,3.1732999999999998
16203,-25.9238,3.1677
16204,-20.709299999999999,3.177
16205,-26.494199999999999,3.1659000000000002
16206,-21.1433,3.1751999999999998
16207,-24.336500000000001,3.1696
16208,-18.855399999999999,3.1789000000000001
16209,-16.220199999999998,3.1844999999999999
16210,-11.421099999999999,3.1938
16211,-16.09,3.1863000000000001
16212,-16.102399999999999,3.1863000000000001
16213,-16.09,3.1863000000000001
16214,-16.108599999999999,3.1863000000000001
16215,-16.102399999999999,3.1863000000000001
16216,-13.392799999999999,3.1919
16217,-8.3890999999999991,3.2031000000000001
16218,-8.2217000000000002,3.2048999999999999
16219,1.5376000000000001,3.2235
16220,-2.1515,3.2216999999999998
16221,-4.6254,3.218
16222,-9.7469999999999999,3.2086999999999999
16223,-6.9753999999999996,3.2124000000000001
16224,-11.569900000000001,3.2048999999999999
16225,-22.023800000000001,3.1844999999999999
16226,-16.864999999999998,3.1901000000000002
16227,-16.9084,3.1901000000000002
16228,-14.3353,3.1938
16229,-7.0250000000000004,3.2105000000000001
16230,-4.1852,3.2161
16231,-4.1417999999999999,3.218
16232,-3.9371999999999998,3.2198000000000002
16233,-1.0664,3.2273000000000001
16234,-20.740300000000001,3.1901000000000002
16235,-3.6272000000000002,3.2198000000000002
16236,-10.6646,3.2086999999999999
16237,-8.7114999999999991,3.2124000000000001
16238,-8.5503,3.2124000000000001
16239,-15.3459,3.2012
16240,-11.104900000000001,3.2067999999999999
16241,-39.9739,3.1509999999999998
16242,2.0895000000000001,3.2254
16243,-39.967700000000001,3.1490999999999998
16244,-13.9384,3.1919
16245,-27.170100000000001,3.1696
16246,-39.9739,3.1436000000000002
16247,-28.497,3.1621999999999999
16248,-20.572900000000001,3.177
16249,-26.413599999999999,3.1659000000000002
16250,-15.749000000000001,3.1844999999999999
16251,-10.9064,3.1938
16252,0,3.218
16253,1.7051000000000001,3.2254
16254,4.7370999999999999,3.2328000000000001
16255,7.9364999999999997,3.2421000000000002
16256,6.6096000000000004,3.2421000000000002
16257,-12.8596,3.2086999999999999
16258,-12.853400000000001,3.2067999999999999
16259,-3.2242000000000002,3.2235
16260,6.6901999999999999,3.2421000000000002
16261,-10.2616,3.2141999999999999
16262,-14.2857,3.2048999999999999
16263,-10.2554,3.2105000000000001
16264,-2.5792999999999999,3.2254
16265,-9.9515999999999991,3.2124000000000001
16266,-11.6319,3.2086999999999999
16267,-11.6257,3.2086999999999999
16268,-2.3437000000000001,3.2254
16269,0,3.2309999999999999
16270,0.186,3.2347000000000001
16271,5.1772999999999998,3.2440000000000002
16272,8.0170999999999992,3.2532999999999999
16273,7.9861000000000004,3.2551999999999999
16274,9.1455000000000002,3.2589000000000001
16275,9.0587,3.2606999999999999
16276,7.8186999999999998,3.2606999999999999
16277,8.8603000000000005,3.2645
16278,15.2095,3.2774999999999999
16279,11.656700000000001,3.2719
16280,14.217499999999999,3.2793000000000001
16281,10.0198,3.2738
16282,8.5813000000000006,3.2719
16283,5.6174999999999997,3.2663000000000002
16284,4.6936999999999998,3.2645
16285,-3.3420000000000001,3.2496
16286,1.3702000000000001,3.2570000000000001
16287,5.3013000000000003,3.2645
16288,8.9780999999999995,3.2719
16289,15.786199999999999,3.2867999999999999
16290,17.857099999999999,3.2924000000000002
16291,5.9398999999999997,3.2719
16292,3.7759999999999998,3.2682000000000002
16293,1.6183000000000001,3.2645
16294,5.2579000000000002,3.27
16295,4.7805,3.27
16296,8.5441000000000003,3.2755999999999998
16297,3.8193999999999999,3.2682000000000002
16298,0,3.2606999999999999
16299,0,3.2606999999999999
16300,0,3.2589000000000001
16301,0,3.2589000000000001
16302,0,3.2589000000000001
16303,0,3.2589000000000001
16304,0,3.2589000000000001
16305,0,3.2589000000000001
16306,0,3.2589000000000001
16307,0,3.2589000000000001
16308,0,3.2589000000000001
16309,0,3.2570000000000001
16310,0,3.2589000000000001
16311,0,3.2589000000000001
16312,0,3.2589000000000001
16313,0,3.2589000000000001
16314,0,3.2570000000000001
16315,-3.3481999999999998,3.2513999999999998
16316,-10.6212,3.2347000000000001
16317,-16.697600000000001,3.2216999999999998
16318,-20.213200000000001,3.2124000000000001
16319,-24.565899999999999,3.2012
16320,-28.2118,3.1882000000000001
16321,-27.808700000000002,3.1863000000000001
16322,-30.760100000000001,3.177
16323,-16.902200000000001,3.2031000000000001
16324,-21.744700000000002,3.1919
16325,-20.975899999999999,3.1919
16326,-23.660699999999999,3.1863000000000001
16327,-31.460799999999999,3.1715
16328,-16.220199999999998,3.1956000000000002
16329,-16.771999999999998,3.1956000000000002
16330,-13.1014,3.2048999999999999
16331,-15.978400000000001,3.1974999999999998
16332,-17.621500000000001,3.1938
16333,-19.822600000000001,3.1901000000000002
16334,-7.9364999999999997,3.2124000000000001
16335,-10.788600000000001,3.2086999999999999
16336,-4.3029999999999999,3.2216999999999998
16337,-0.496,3.2309999999999999
16338,-8.9842999999999993,3.2161
16339,-18.905000000000001,3.1956000000000002
16340,-14.825100000000001,3.2031000000000001
16341,-6.5848000000000004,3.218
16342,-6.5724,3.2198000000000002
16343,-6.5785999999999998,3.2198000000000002
16344,-6.5785999999999998,3.2216999999999998
16345,-6.5785999999999998,3.2216999999999998
16346,-7.7751999999999999,3.2198000000000002
16347,-11.464499999999999,3.2124000000000001
16348,-7.9427000000000003,3.218
16349,-4.7866999999999997,3.2254
16350,0.48980000000000001,3.2366000000000001
16351,5.1772999999999998,3.2458999999999998
16352,6.0514999999999999,3.2532999999999999
16353,2.2507000000000001,3.2458999999999998
16354,15.2591,3.2738
16355,16.617000000000001,3.2793000000000001
16356,20.1326,3.2886000000000002
16357,14.688700000000001,3.2831000000000001
16358,13.622199999999999,3.2812000000000001
16359,12.295299999999999,3.2812000000000001
16360,10.6212,3.2793000000000001
16361,6.2188999999999997,3.2719
16362,0,3.2589000000000001
16363,0,3.2589000000000001
16364,0,3.2570000000000001
16365,0,3.2570000000000001
16366,0,3.2570000000000001
16367,0,3.2570000000000001
16368,0,3.2570000000000001
16369,0,3.2570000000000001
16370,0,3.2570000000000001
16371,-8.3457000000000008,3.2383999999999999
16372,-10.6708,3.2328000000000001
16373,-17.063400000000001,3.218
16374,-23.220400000000001,3.2048999999999999
16375,-27.3809,3.1901000000000002
16376,-32.204799999999999,3.177
16377,-39.955300000000001,3.1602999999999999
16378,-35.615000000000002,3.1621999999999999
16379,-11.7807,3.2048999999999999
16380,-28.379200000000001,3.1751999999999998
16381,-24.5349,3.1808000000000001
16382,-18.650700000000001,3.1901000000000002
16383,-6.6219999999999999,3.2141999999999999
16384,-3.1932,3.2235
16385,0,3.2309999999999999
16386,0.73160000000000003,3.2347000000000001
16387,1.3764000000000001,3.2383999999999999
16388,3.7450000000000001,3.2440000000000002
16389,17.695900000000002,3.2755999999999998
16390,18.1113,3.2812000000000001
16391,15.333500000000001,3.2793000000000001
16392,12.1713,3.2755999999999998
16393,8.9346999999999994,3.2719
16394,0,3.2551999999999999
16395,0,3.2532999999999999
16396,0,3.2532999999999999
16397,0,3.2532999999999999
16398,0,3.2532999999999999
16399,0,3.2532999999999999
16400,0,3.2532999999999999
16401,0,3.2532999999999999
16402,0,3.2532999999999999
16403,0,3.2532999999999999
16404,0,3.2532999999999999
16405,0,3.2551999999999999
16406,0,3.2532999999999999
16407,0,3.2551999999999999
16408,0,3.2551999999999999
16409,0,3.2551999999999999
16410,0,3.2551999999999999
16411,0,3.2551999999999999
16412,0,3.2551999999999999
16413,0,3.2551999999999999
16414,0,3.2551999999999999
16415,0,3.2551999999999999
16416,-10.503399999999999,3.2347000000000001
16417,-14.459300000000001,3.2235
16418,-18.340699999999998,3.2141999999999999
16419,-22.823599999999999,3.2031000000000001
16420,-28.608599999999999,3.1863000000000001
16421,-33.451099999999997,3.1732999999999998
16422,-39.967700000000001,3.1583999999999999
16423,-39.9739,3.1547000000000001
16424,-22.0672,3.1825999999999999
16425,-21.825299999999999,3.1844999999999999
16426,-39.967700000000001,3.1490999999999998
16427,-28.416399999999999,3.1677
16428,-14.4655,3.1919
16429,-24.857299999999999,3.1751999999999998
16430,-10.8568,3.2012
16431,-14.5709,3.1938
16432,-14.862299999999999,3.1956000000000002
16433,-4.6315999999999997,3.2161
16434,-7.7751999999999999,3.2124000000000001
16435,-7.8249000000000004,3.2124000000000001
16436,-2.7033,3.2235
16437,-0.70679999999999998,3.2290999999999999
16438,-11.2661,3.2105000000000001
16439,-6.5848000000000004,3.218
16440,0.53939999999999999,3.2328000000000001
16441,-4.5014000000000003,3.2254
16442,-4.4332000000000003,3.2254
16443,-2.5049000000000001,3.2290999999999999
16444,-6.3182,3.2235
16445,-6.3120000000000003,3.2235
16446,-6.3182,3.2235
16447,-6.3120000000000003,3.2235
16448,-6.3120000000000003,3.2235
16449,-2.4615,3.2309999999999999
16450,-8.1472999999999995,3.2216999999999998
16451,-8.1844999999999999,3.2198000000000002
16452,-11.061500000000001,3.2141999999999999
16453,-0.58279999999999998,3.2347000000000001
16454,-2.4552999999999998,3.2328000000000001
16455,-6.2251000000000003,3.2254
16456,-6.2188999999999997,3.2254
16457,-2.4304999999999999,3.2328000000000001
16458,-2.3437000000000001,3.2328000000000001
16459,-4.1852,3.2309999999999999
16460,6.0205000000000002,3.2532999999999999
16461,10.230600000000001,3.2625999999999999
16462,13.1386,3.2719
16463,13.857799999999999,3.2755999999999998
16464,14.8561,3.2793000000000001
16465,15.978400000000001,3.2848999999999999
16466,13.299799999999999,3.2812000000000001
16467,13.299799999999999,3.2831000000000001
16468,10.695600000000001,3.2793000000000001
16469,6.8141999999999996,3.2738
16470,0,3.2606999999999999
16471,0,3.2589000000000001
16472,0,3.2589000000000001
16473,0,3.2570000000000001
16474,0,3.2570000000000001
16475,0,3.2570000000000001
16476,0,3.2570000000000001
16477,0,3.2570000000000001
16478,0,3.2570000000000001
16479,-3.9868000000000001,3.2496
16480,-7.5457999999999998,3.2403
16481,-6.6592000000000002,3.2403
16482,-3.621,3.2440000000000002
16483,-11.427300000000001,3.2290999999999999
16484,-7.1117999999999997,3.2366000000000001
16485,-6.6158000000000001,3.2366000000000001
16486,-10.317399999999999,3.2290999999999999
16487,-15.885400000000001,3.2161
16488,-17.4665,3.2124000000000001
16489,-16.331800000000001,3.2105000000000001
16490,-13.9384,3.2141999999999999
16491,-13.498200000000001,3.2141999999999999
16492,-12.022500000000001,3.2161
16493,-13.337,3.2141999999999999
16494,-14.4717,3.2105000000000001
16495,-12.5806,3.2124000000000001
16496,-11.793100000000001,3.2141999999999999
16497,-8.7052999999999994,3.2198000000000002
16498,-5.3136999999999999,3.2273000000000001
16499,-3.8317999999999999,3.2309999999999999
16500,-3.8256000000000001,3.2309999999999999
16501,-3.8256000000000001,3.2328000000000001
16502,-3.8256000000000001,3.2328000000000001
16503,-3.8317999999999999,3.2328000000000001
16504,-11.786899999999999,3.218
16505,-6.343,3.2273000000000001
16506,-6.4298000000000002,3.2273000000000001
16507,0.73780000000000001,3.2421000000000002
16508,0.73780000000000001,3.2440000000000002
16509,-0.78739999999999999,3.2403
16510,-3.8256000000000001,3.2366000000000001
16511,-3.8317999999999999,3.2366000000000001
16512,1.8167,3.2496
16513,6.2251000000000003,3.2589000000000001
16514,16.505400000000002,3.2812000000000001
16515,13.2936,3.2793000000000001
16516,10.689399999999999,3.2755999999999998
16517,0,3.2570000000000001
16518,0,3.2551999999999999
16519,0,3.2551999999999999
16520,0,3.2551999999999999
16521,0,3.2551999999999999
16522,0,3.2551999999999999
16523,0,3.2551999999999999
16524,0,3.2551999999999999
16525,0,3.2551999999999999
16526,0,3.2551999999999999
16527,0,3.2551999999999999
16528,0,3.2551999999999999
16529,0,3.2551999999999999
16530,0,3.2551999999999999
16531,0,3.2551999999999999
16532,0,3.2551999999999999
16533,0,3.2551999999999999
16534,0,3.2551999999999999
16535,0,3.2570000000000001
16536,0,3.2570000000000001
16537,-10.497199999999999,3.2347000000000001
16538,-14.453099999999999,3.2235
16539,-18.353100000000001,3.2141999999999999
16540,-22.563199999999998,3.2031000000000001
16541,-13.2936,3.218
16542,-13.058,3.218
16543,-11.011900000000001,3.2198000000000002
16544,-2.1453000000000002,3.2366000000000001
16545,-2.1453000000000002,3.2383999999999999
16546,-6.2995999999999999,3.2328000000000001
16547,-4.1417999999999999,3.2366000000000001
16548,-2.1453000000000002,3.2403
16549,-0.1426,3.2440000000000002
16550,1.0602,3.2496
16551,-1.147,3.2458999999999998
16552,0.30380000000000001,3.2496
16553,-6.2686000000000002,3.2366000000000001
16554,-3.2242000000000002,3.2403
16555,-1.147,3.2458999999999998
16556,0.61380000000000001,3.2513999999999998
16557,-1.1097999999999999,3.2496
16558,-2.0585,3.2458999999999998
16559,-3.0567000000000002,3.2440000000000002
16560,-6.2624000000000004,3.2366000000000001
16561,-7.2606000000000002,3.2347000000000001
16562,-10.466200000000001,3.2273000000000001
16563,-8.9595000000000002,3.2290999999999999
16564,-12.5434,3.2198000000000002
16565,-10.9871,3.2216999999999998
16566,-3.9371999999999998,3.2347000000000001
16567,-3.9868000000000001,3.2366000000000001
16568,-7.7442000000000002,3.2290999999999999
16569,-7.5457999999999998,3.2290999999999999
16570,-7.6574,3.2290999999999999
16571,-4.5696000000000003,3.2328000000000001
16572,-3.2242000000000002,3.2366000000000001
16573,-3.2303999999999999,3.2383999999999999
16574,-5.3446999999999996,3.2347000000000001
16575,-14.9863,3.2161
16576,-20.4923,3.2031000000000001
16577,-15.2591,3.2105000000000001
16578,-10.825799999999999,3.2161
16579,-10.460000000000001,3.218
16580,3.9805999999999999,3.2458999999999998
16581,17.695900000000002,3.2774999999999999
16582,16.232600000000001,3.2793000000000001
16583,13.089,3.2774999999999999
16584,9.7346000000000004,3.2738
16585,0,3.2570000000000001
16586,0,3.2551999999999999
16587,0,3.2551999999999999
16588,0,3.2551999999999999
16589,0,3.2551999999999999
16590,0,3.2551999999999999
16591,0,3.2551999999999999
16592,0,3.2551999999999999
16593,0,3.2551999999999999
16594,0,3.2551999999999999
16595,0,3.2551999999999999
16596,0,3.2551999999999999
16597,0,3.2551999999999999
16598,0,3.2551999999999999
16599,0,3.2551999999999999
16600,0,3.2551999999999999
16601,0,3.2551999999999999
16602,0,3.2551999999999999
16603,0,3.2570000000000001
16604,0,3.2570000000000001
16605,0,3.2570000000000001
16606,0,3.2570000000000001
16607,0,3.2570000000000001
16608,0,3.2570000000000001
16609,0,3.2570000000000001
16610,0,3.2570000000000001
16611,0,3.2570000000000001
16612,0,3.2570000000000001
16613,0,3.2570000000000001
16614,-6.4607999999999999,3.2440000000000002
16615,-8.1844999999999999,3.2383999999999999
16616,-17.131599999999999,3.2198000000000002
16617,-13.901199999999999,3.2216999999999998
16618,-16.418600000000001,3.2161
16619,-12.028700000000001,3.2216999999999998
16620,-11.656700000000001,3.2216999999999998
16621,-20.021000000000001,3.2048999999999999
16622,-21.620699999999999,3.1974999999999998
16623,-16.5426,3.2067999999999999
16624,-15.718,3.2067999999999999
16625,-15.4513,3.2067999999999999
16626,-17.540900000000001,3.2031000000000001
16627,-13.485799999999999,3.2086999999999999
16628,-7.6201999999999996,3.2198000000000002
16629,-9.1889000000000003,3.218
16630,-5.6547000000000001,3.2254
16631,-5.7042999999999999,3.2254
16632,-4.1417999999999999,3.2290999999999999
16633,-6.5785999999999998,3.2254
16634,-5.7415000000000003,3.2273000000000001
16635,-4.1790000000000003,3.2309999999999999
16636,1.2958000000000001,3.2421000000000002
16637,1.2958000000000001,3.2440000000000002
16638,10.131399999999999,3.2645
16639,11.2165,3.27
16640,13.3742,3.2774999999999999
16641,7.8559000000000001,3.27
16642,6.2561999999999998,3.2682000000000002
16643,7.6635999999999997,3.27
16644,0,3.2570000000000001
16645,0,3.2570000000000001
16646,0,3.2551999999999999
16647,0,3.2551999999999999
16648,0,3.2551999999999999
16649,0,3.2551999999999999
16650,0,3.2551999999999999
16651,0,3.2551999999999999
16652,0,3.2551999999999999
16653,0,3.2551999999999999
16654,0,3.2570000000000001
16655,0,3.2551999999999999
16656,0,3.2551999999999999
16657,0,3.2551999999999999
16658,0,3.2570000000000001
16659,0,3.2570000000000001
16660,0,3.2570000000000001
16661,0,3.2570000000000001
16662,-4.5819999999999999,3.2458999999999998
16663,-6.2624000000000004,3.2421000000000002
16664,-3.8628,3.2458999999999998
16665,-6.9753999999999996,3.2383999999999999
16666,-14.0252,3.2235
16667,-13.671799999999999,3.2216999999999998
16668,-15.978400000000001,3.2161
16669,-10.236800000000001,3.2254
16670,-16.294599999999999,3.2124000000000001
16671,-5.1090999999999998,3.2328000000000001
16672,-0.10539999999999999,3.2440000000000002
16673,-2.0647000000000002,3.2421000000000002
16674,-16.858799999999999,3.2141999999999999
16675,-11.8613,3.2198000000000002
16676,-11.464499999999999,3.2198000000000002
16677,-16.951799999999999,3.2086999999999999
16678,-14.093500000000001,3.2124000000000001
16679,-3.218,3.2328000000000001
16680,0.84940000000000004,3.2421000000000002
16681,-10.224399999999999,3.2235
16682,-10.497199999999999,3.2216999999999998
16683,-5.6174999999999997,3.2290999999999999
16684,4.1045999999999996,3.2513999999999998
16685,3.6272000000000002,3.2532999999999999
16686,4.5385999999999997,3.2570000000000001
16687,11.092499999999999,3.27
16688,10.9747,3.2738
16689,8.1844999999999999,3.27
16690,0,3.2551999999999999
16691,0,3.2551999999999999
16692,0,3.2551999999999999
16693,0,3.2551999999999999
16694,0,3.2551999999999999
16695,0,3.2551999999999999
16696,-0.42159999999999997,3.2551999999999999
16697,-8.7052999999999994,3.2366000000000001
16698,-10.6708,3.2309999999999999
16699,-16.623200000000001,3.218
16700,-20.386900000000001,3.2067999999999999
16701,-12.022500000000001,3.2198000000000002
16702,-17.4665,3.2086999999999999
16703,-18.905000000000001,3.2031000000000001
16704,-17.255700000000001,3.2048999999999999
16705,-21.738499999999998,3.1938
16706,-20.932500000000001,3.1938
16707,-19.983799999999999,3.1938
16708,-16.232600000000001,3.2012
16709,-16.933199999999999,3.1974999999999998
16710,-11.879899999999999,3.2086999999999999
16711,-10.782400000000001,3.2105000000000001
16712,-8.1100999999999992,3.2161
16713,-9.6539999999999999,3.2141999999999999
16714,-8.3828999999999994,3.2161
16715,-4.5014000000000003,3.2254
16716,0,3.2347000000000001
16717,-2.7839,3.2309999999999999
16718,-1.147,3.2347000000000001
16719,1.3764000000000001,3.2403
16720,2.6103000000000001,3.2458999999999998
16721,6.7831999999999999,3.2570000000000001
16722,10.776199999999999,3.2663000000000002
16723,10.1004,3.2682000000000002
16724,11.7311,3.2738
16725,9.8523999999999994,3.2719
16726,5.2579000000000002,3.2645
16727,6.6840000000000002,3.2682000000000002
16728,0,3.2570000000000001
16729,0,3.2551999999999999
16730,0,3.2551999999999999
16731,0,3.2551999999999999
16732,-0.496,3.2532999999999999
16733,0,3.2551999999999999
16734,0,3.2551999999999999
16735,-9.6292000000000009,3.2347000000000001
16736,-10.6646,3.2290999999999999
16737,-17.8261,3.2141999999999999
16738,-23.976900000000001,3.1974999999999998
16739,-24.1753,3.1938
16740,-16.139600000000002,3.2067999999999999
16741,-10.416600000000001,3.218
16742,-13.0642,3.2124000000000001
16743,-14.267099999999999,3.2105000000000001
16744,-15.8172,3.2048999999999999
16745,-16.5426,3.2031000000000001
16746,-25.297599999999999,3.1825999999999999
16747,-23.015799999999999,3.1863000000000001
16748,-16.852599999999999,3.1956000000000002
16749,-10.9871,3.2067999999999999
16750,-8.2217000000000002,3.2141999999999999
16751,-12.307700000000001,3.2067999999999999
16752,-4.5696000000000003,3.2216999999999998
16753,-4.5758000000000001,3.2235
16754,-2.9016999999999999,3.2273000000000001
16755,0,3.2347000000000001
16756,-1.1841999999999999,3.2347000000000001
16757,-4.3836000000000004,3.2290999999999999
16758,-4.3836000000000004,3.2290999999999999
16759,-2.7839,3.2328000000000001
16760,2.0461,3.2421000000000002
16761,-2.6722999999999999,3.2347000000000001
16762,-4.1852,3.2328000000000001
16763,-4.1852,3.2328000000000001
16764,-4.1852,3.2328000000000001
16765,-4.1913999999999998,3.2328000000000001
16766,-4.1852,3.2328000000000001
16767,-5.8220999999999998,3.2290999999999999
16768,-9.5361999999999991,3.2216999999999998
16769,-11.2227,3.218
16770,-25.489799999999999,3.1882000000000001
16771,-19.382400000000001,3.1956000000000002
16772,-19.7668,3.1919
16773,-20.541899999999998,3.1882000000000001
16774,-5.8159000000000001,3.218
16775,-14.459300000000001,3.2031000000000001
16776,-12.028700000000001,3.2067999999999999
16777,-10.491,3.2086999999999999
16778,-4.1417999999999999,3.2216999999999998
16779,-2.2197,3.2273000000000001
16780,-5.9089,3.2216999999999998
16781,-4.0301999999999998,3.2254
16782,-0.34720000000000001,3.2328000000000001
16783,1.3764000000000001,3.2383999999999999
16784,-3.9929999999999999,3.2309999999999999
16785,1.3764000000000001,3.2403
16786,1.3764000000000001,3.2421000000000002
16787,-3.6581999999999999,3.2328000000000001
16788,-0.080600000000000005,3.2403
16789,-3.5838000000000001,3.2347000000000001
16790,4.6936999999999998,3.2513999999999998
16791,2.0956999999999999,3.2496
16792,-3.1932,3.2383999999999999
16793,-4.8611000000000004,3.2328000000000001
16794,-4.8673000000000002,3.2328000000000001
16795,-4.8611000000000004,3.2328000000000001
16796,0,3.2421000000000002
16797,-3.0629,3.2366000000000001
16798,-4.7432999999999996,3.2328000000000001
16799,-1.3515999999999999,3.2403
16800,0.73780000000000001,3.2440000000000002
16801,2.7033,3.2513999999999998
16802,1.3764000000000001,3.2496
16803,2.6537000000000002,3.2532999999999999
16804,8.0108999999999995,3.2645
16805,9.6167999999999996,3.27
16806,8.7797000000000001,3.27
16807,6.6096000000000004,3.2682000000000002
16808,5.2516999999999996,3.2663000000000002
16809,-2.4180999999999999,3.2513999999999998
16810,-11.458299999999999,3.2309999999999999
16811,-10.9064,3.2290999999999999
16812,-7.9364999999999997,3.2328000000000001
16813,-8.9780999999999995,3.2290999999999999
16814,-10.143800000000001,3.2254
16815,-10.466200000000001,3.2235
16816,-12.7418,3.218
16817,-15.8606,3.2105000000000001
16818,-16.579799999999999,3.2067999999999999
16819,-11.6257,3.2161
16820,-3.9868000000000001,3.2290999999999999
16821,-6.3120000000000003,3.2254
16822,-6.343,3.2273000000000001
16823,-6.4669999999999996,3.2273000000000001
16824,-11.656700000000001,3.2161
16825,-8.1721000000000004,3.2216999999999998
16826,-13.622199999999999,3.2105000000000001
16827,-6.2188999999999997,3.2235
16828,-6.2686000000000002,3.2254
16829,-6.2624000000000004,3.2254
16830,-2.9885000000000002,3.2309999999999999
16831,4.4207999999999998,3.2496
16832,2.0585,3.2458999999999998
16833,1.3702000000000001,3.2458999999999998
16834,6.1383000000000001,3.2570000000000001
16835,3.2427999999999999,3.2532999999999999
16836,1.2958000000000001,3.2513999999999998
16837,-7.3474000000000004,3.2328000000000001
16838,-7.4652000000000003,3.2309999999999999
16839,-8.9842999999999993,3.2273000000000001
16840,-6.3120000000000003,3.2309999999999999
16841,-10.6646,3.2216999999999998
16842,-12.5372,3.2161
16843,-11.5389,3.2161
16844,-8.0295000000000005,3.2235
16845,-11.979100000000001,3.2161
16846,-12.344900000000001,3.2141999999999999
16847,-7.1117999999999997,3.2216999999999998
16848,-2.9885000000000002,3.2309999999999999
16849,-2.9885000000000002,3.2328000000000001
16850,-2.9016999999999999,3.2328000000000001
16851,0.77500000000000002,3.2403
16852,0.77500000000000002,3.2421000000000002
16853,-2.7839,3.2366000000000001
16854,-4.3402000000000003,3.2328000000000001
16855,0.77500000000000002,3.2440000000000002
16856,0.77500000000000002,3.2440000000000002
16857,2.0213000000000001,3.2496
16858,-9.1021000000000001,3.2273000000000001
16859,-10.7018,3.2216999999999998
16860,-8.0233000000000008,3.2254
16861,-6.6963999999999997,3.2273000000000001
16862,-1.147,3.2383999999999999
16863,-6.7088000000000001,3.2290999999999999
16864,-4.3464,3.2328000000000001
16865,-4.3402000000000003,3.2328000000000001
16866,0,3.2421000000000002
16867,0.17979999999999999,3.2421000000000002
16868,1.3764000000000001,3.2458999999999998
16869,0.17979999999999999,3.2440000000000002
16870,-2.6164999999999998,3.2403
16871,-4.1790000000000003,3.2366000000000001
16872,-4.1852,3.2366000000000001
16873,-0.99199999999999999,3.2421000000000002
16874,-2.5049000000000001,3.2403
16875,-4.1417999999999999,3.2366000000000001
16876,0.17979999999999999,3.2458999999999998
16877,0.17979999999999999,3.2458999999999998
16878,-3.9434,3.2383999999999999
16879,-7.7751999999999999,3.2309999999999999
16880,-2.4552999999999998,3.2403
16881,0.21079999999999999,3.2440000000000002
16882,3.8193999999999999,3.2551999999999999
16883,4.7805,3.2589000000000001
16884,5.9398999999999997,3.2625999999999999
16885,1.7361,3.2551999999999999
16886,-2.8582999999999998,3.2440000000000002
16887,-3.9371999999999998,3.2421000000000002
16888,-13.058,3.2235
16889,-12.388299999999999,3.2216999999999998
16890,-10.9002,3.2235
16891,-5.8220999999999998,3.2309999999999999
16892,-5.8654999999999999,3.2309999999999999
16893,-10.0632,3.2235
16894,-6.1073000000000004,3.2309999999999999
16895,-5.3446999999999996,3.2309999999999999
16896,-5.3818999999999999,3.2309999999999999
16897,-6.2624000000000004,3.2290999999999999
16898,0.21079999999999999,3.2421000000000002
16899,-0.78739999999999999,3.2421000000000002
16900,-3.8256000000000001,3.2366000000000001
16901,-3.8317999999999999,3.2366000000000001
16902,0.21079999999999999,3.2440000000000002
16903,-0.74399999999999999,3.2440000000000002
16904,-0.74399999999999999,3.2440000000000002
16905,-3.621,3.2383999999999999
16906,-5.9027000000000003,3.2347000000000001
16907,-10.1066,3.2254
16908,-3.8256000000000001,3.2366000000000001
16909,0.73780000000000001,3.2440000000000002
16910,-3.7450000000000001,3.2366000000000001
16911,1.2958000000000001,3.2496
16912,-8.5441000000000003,3.2290999999999999
16913,-11.470700000000001,3.2216999999999998
16914,-10.336,3.2216999999999998
16915,1.302,3.2440000000000002
16916,4.8982999999999999,3.2551999999999999
16917,10.615,3.2682000000000002
16918,8.9346999999999994,3.2682000000000002
16919,13.1944,3.2774999999999999
16920,10.503399999999999,3.2755999999999998
16921,7.3411999999999997,3.2719
16922,0,3.2589000000000001
16923,0,3.2570000000000001
16924,0,3.2570000000000001
16925,0,3.2551999999999999
16926,0,3.2551999999999999
16927,0,3.2551999999999999
16928,-6.4669999999999996,3.2421000000000002
16929,-9.7097999999999995,3.2328000000000001
16930,-20.541899999999998,3.2105000000000001
16931,-22.110600000000002,3.2031000000000001
16932,-26.2896,3.1882000000000001
16933,-20.8643,3.1956000000000002
16934,-12.4255,3.2105000000000001
16935,-15.649800000000001,3.2048999999999999
16936,-13.535399999999999,3.2086999999999999
16937,-12.2209,3.2105000000000001
16938,-14.453099999999999,3.2067999999999999
16939,-21.099900000000002,3.1901000000000002
16940,-26.686499999999999,3.1789000000000001
16941,-19.184000000000001,3.1901000000000002
16942,-11.8179,3.2048999999999999
16943,-8.3085000000000004,3.2124000000000001
16944,-6.0639000000000003,3.218
16945,-4.4951999999999996,3.2216999999999998
16946,-4.5014000000000003,3.2235
16947,3.6581999999999999,3.2403
16948,-1.1097999999999999,3.2328000000000001
16949,0.17979999999999999,3.2366000000000001
16950,0.77500000000000002,3.2403
16951,0.17979999999999999,3.2403
16952,1.2958000000000001,3.2421000000000002
16953,0.17979999999999999,3.2421000000000002
16954,1.2958000000000001,3.2440000000000002
16955,5.8097000000000003,3.2570000000000001
16956,10.6212,3.2663000000000002
16957,1.2958000000000001,3.2513999999999998
16958,-2.8273000000000001,3.2421000000000002
16959,-6.3120000000000003,3.2347000000000001
16960,-10.7018,3.2235
16961,-9.1455000000000002,3.2254
16962,-0.54559999999999997,3.2403
16963,-3.2675999999999998,3.2366000000000001
16964,-5.4625000000000004,3.2328000000000001
16965,0.29759999999999998,3.2440000000000002
16966,-3.2551999999999999,3.2383999999999999
16967,-3.2614000000000001,3.2383999999999999
16968,-12.4255,3.2198000000000002
16969,-9.6167999999999996,3.2235
16970,-11.2165,3.218
16971,-6.0266999999999999,3.2273000000000001
16972,-7.4652000000000003,3.2254
16973,-8.9780999999999995,3.2216999999999998
16974,-5.5058999999999996,3.2273000000000001
16975,-2.4180999999999999,3.2347000000000001
16976,1.2958000000000001,3.2421000000000002
16977,3.7326000000000001,3.2513999999999998
16978,0.73780000000000001,3.2440000000000002
16979,1.2524,3.2458999999999998
16980,0.29759999999999998,3.2458999999999998
16981,0.73780000000000001,3.2458999999999998
16982,1.3391999999999999,3.2496
16983,0.78120000000000001,3.2496
16984,4.5448000000000004,3.2570000000000001
16985,13.182,3.2755999999999998
16986,11.464499999999999,3.2755999999999998
16987,8.2960999999999991,3.2719
16988,0,3.2570000000000001
16989,0,3.2551999999999999
16990,0,3.2551999999999999
16991,0,3.2551999999999999
16992,0,3.2551999999999999
16993,0,3.2551999999999999
16994,0,3.2551999999999999
16995,0,3.2551999999999999
16996,0,3.2551999999999999
16997,0,3.2551999999999999
16998,0,3.2551999999999999
16999,0,3.2551999999999999
17000,0,3.2551999999999999
17001,0,3.2551999999999999
17002,0,3.2551999999999999
17003,0,3.2551999999999999
17004,0,3.2551999999999999
17005,0,3.2551999999999999
17006,0,3.2551999999999999
17007,0,3.2551999999999999
17008,0,3.2551999999999999
17009,0,3.2551999999999999
17010,0,3.2551999999999999
17011,0,3.2551999999999999
17012,0,3.2551999999999999
17013,0,3.2551999999999999
17014,0,3.2551999999999999
17015,0,3.2551999999999999
17016,0,3.2551999999999999
17017,0,3.2551999999999999
17018,0,3.2551999999999999
17019,0,3.2570000000000001
17020,0,3.2551999999999999
17021,-3.9805999999999999,3.2496
17022,-9.0525000000000002,3.2366000000000001
17023,-16.021799999999999,3.2198000000000002
17024,-19.6614,3.2105000000000001
17025,-24.014099999999999,3.1956000000000002
17026,-27.734300000000001,3.1844999999999999
17027,-15.3459,3.2067999999999999
17028,-16.623200000000001,3.2048999999999999
17029,-20.734100000000002,3.1938
17030,-16.381399999999999,3.2012
17031,-15.1785,3.2031000000000001
17032,-13.169600000000001,3.2067999999999999
17033,-13.7028,3.2048999999999999
17034,-15.625,3.2012
17035,-7.6512000000000002,3.2161
17036,-11.464499999999999,3.2086999999999999
17037,-10.9002,3.2105000000000001
17038,-9.6663999999999994,3.2124000000000001
17039,0,3.2309999999999999
17040,1.3702000000000001,3.2366000000000001
17041,1.3702000000000001,3.2383999999999999
17042,-4.1108000000000002,3.2309999999999999
17043,2.7776999999999998,3.2440000000000002
17044,9.8585999999999991,3.2606999999999999
17045,10.336,3.2645
17046,4.1852,3.2551999999999999
17047,3.4660000000000002,3.2551999999999999
17048,11.6195,3.2719
17049,10.9809,3.2738
17050,7.4589999999999996,3.2682000000000002
17051,2.4491000000000001,3.2606999999999999
17052,0.61380000000000001,3.2551999999999999
17053,0,3.2532999999999999
17054,0,3.2532999999999999
17055,0,3.2532999999999999
17056,0,3.2532999999999999
17057,-0.5766,3.2532999999999999
17058,-2.2259000000000002,3.2496
17059,-2.2631000000000001,3.2458999999999998
17060,0,3.2532999999999999
17061,-0.58279999999999998,3.2513999999999998
17062,0,3.2532999999999999
17063,0,3.2532999999999999
17064,0,3.2532999999999999
17065,0,3.2532999999999999
17066,0,3.2532999999999999
17067,0,3.2532999999999999
17068,0,3.2532999999999999
17069,-0.41539999999999999,3.2532999999999999
17070,-1.8290999999999999,3.2513999999999998
17071,-3.4226000000000001,3.2458999999999998
17072,-6.6219999999999999,3.2383999999999999
17073,-15.104100000000001,3.2198000000000002
17074,-17.311499999999999,3.2124000000000001
17075,-20.213200000000001,3.2048999999999999
17076,-9.9019999999999992,3.2216999999999998
17077,-5.4625000000000004,3.2290999999999999
17078,-13.857799999999999,3.2141999999999999
17079,-19.8598,3.2012
17080,-20.163599999999999,3.1956000000000002
17081,-13.1076,3.2086999999999999
17082,-5.1835000000000004,3.2235
17083,-3.9805999999999999,3.2290999999999999
17084,-4.0178000000000003,3.2290999999999999
17085,-6.2624000000000004,3.2254
17086,-11.8179,3.2141999999999999
17087,-9.1455000000000002,3.218
17088,-12.5806,3.2124000000000001
17089,-11.7745,3.2124000000000001
17090,-10.1066,3.2141999999999999
17091,-2.3127,3.2290999999999999
17092,-2.2631000000000001,3.2309999999999999
17093,-6.0639000000000003,3.2254
17094,-8.9533000000000005,3.2198000000000002
17095,-9.1082999999999998,3.218
17096,-6.4298000000000002,3.2235
17097,-9.3376999999999999,3.218
17098,-6.2624000000000004,3.2235
17099,-7.7442000000000002,3.2198000000000002
17100,-5.6237000000000004,3.2254
17101,-4.1108000000000002,3.2273000000000001
17102,-4.1045999999999996,3.2273000000000001
17103,-2.4986999999999999,3.2328000000000001
17104,-2.4986999999999999,3.2328000000000001
17105,-4.0301999999999998,3.2309999999999999
17106,0.17979999999999999,3.2383999999999999
17107,-2.5792999999999999,3.2347000000000001
17108,0.73160000000000003,3.2421000000000002
17109,1.2958000000000001,3.2440000000000002
17110,3.8193999999999999,3.2513999999999998
17111,4.7805,3.2551999999999999
17112,10.094200000000001,3.2663000000000002
17113,6.4607999999999999,3.2625999999999999
17114,10.8444,3.2719
17115,4.9417,3.2625999999999999
17116,6.4112,3.2663000000000002
17117,7.6201999999999996,3.27
17118,0,3.2551999999999999
17119,0,3.2551999999999999
17120,0,3.2551999999999999
17121,0,3.2532999999999999
17122,0,3.2532999999999999
17123,0,3.2551999999999999
17124,0,3.2532999999999999
17125,0,3.2532999999999999
17126,0,3.2532999999999999
17127,0,3.2532999999999999
17128,0,3.2551999999999999
17129,0,3.2532999999999999
17130,0,3.2532999999999999
17131,0,3.2532999999999999
17132,0,3.2551999999999999
17133,0,3.2551999999999999
17134,0,3.2551999999999999
17135,0,3.2551999999999999
17136,0,3.2551999999999999
17137,-6.7770000000000001,3.2403
17138,-10.6708,3.2309999999999999
17139,-16.133400000000002,3.218
17140,-22.302800000000001,3.2031000000000001
17141,-26.488,3.1882000000000001
17142,-31.373999999999999,3.1751999999999998
17143,-27.374700000000001,3.1789000000000001
17144,-24.218699999999998,3.1825999999999999
17145,-9.3438999999999997,3.2105000000000001
17146,1.2524,3.2328000000000001
17147,1.2585999999999999,3.2366000000000001
17148,12.344900000000001,3.2625999999999999
17149,13.4672,3.2682000000000002
17150,10.8568,3.2682000000000002
17151,7.1799999999999997,3.2645
17152,0,3.2513999999999998
17153,0,3.2496
17154,0,3.2496
17155,0,3.2496
17156,0,3.2496
17157,0,3.2496
17158,0,3.2513999999999998
17159,0,3.2513999999999998
17160,0,3.2513999999999998
17161,0,3.2513999999999998
17162,0,3.2513999999999998
17163,0,3.2513999999999998
17164,0,3.2513999999999998
17165,-0.78120000000000001,3.2513999999999998
17166,-4.3464,3.2421000000000002
17167,-6.6158000000000001,3.2366000000000001
17168,-9.7469999999999999,3.2290999999999999
17169,-18.142299999999999,3.2105000000000001
17170,-15.184699999999999,3.2124000000000001
17171,-8.1844999999999999,3.2254
17172,-2.5792999999999999,3.2347000000000001
17173,0.48980000000000001,3.2421000000000002
17174,-3.3420000000000001,3.2366000000000001
17175,-3.9371999999999998,3.2366000000000001
17176,-1.5438000000000001,3.2403
17177,-8.2217000000000002,3.2273000000000001
17178,-13.3804,3.2161
17179,-14.7073,3.2124000000000001
17180,-16.338000000000001,3.2067999999999999
17181,-13.175800000000001,3.2105000000000001
17182,-15.5319,3.2048999999999999
17183,-7.9798999999999998,3.218
17184,-6.3120000000000003,3.2216999999999998
17185,-2.7776999999999998,3.2309999999999999
17186,0.29759999999999998,3.2366000000000001
17187,0.29759999999999998,3.2383999999999999
17188,-6.4669999999999996,3.2273000000000001
17189,-6.3120000000000003,3.2273000000000001
17190,-5.1401000000000003,3.2290999999999999
17191,-1.6307,3.2366000000000001
17192,-0.38440000000000002,3.2383999999999999
17193,-0.38440000000000002,3.2403
17194,-2.8334999999999999,3.2366000000000001
17195,-1.6245000000000001,3.2383999999999999
17196,5.4625000000000004,3.2551999999999999
17197,1.6555,3.2496
17198,0.33479999999999999,3.2458999999999998
17199,-6.9071999999999996,3.2328000000000001
17200,-4.7432999999999996,3.2347000000000001
17201,-4.7866999999999997,3.2347000000000001
17202,1.1779999999999999,3.2458999999999998
17203,8.3394999999999992,3.2625999999999999
17204,7.0621999999999998,3.2625999999999999
17205,7.2544000000000004,3.2645
17206,0,3.2532999999999999
17207,0,3.2513999999999998
17208,0,3.2513999999999998
17209,0,3.2513999999999998
17210,0,3.2513999999999998
17211,0,3.2513999999999998
17212,0,3.2513999999999998
17213,0,3.2513999999999998
17214,0,3.2513999999999998
17215,0,3.2532999999999999
17216,0,3.2532999999999999
17217,0,3.2532999999999999
17218,0,3.2532999999999999
17219,0,3.2532999999999999
17220,-3.3420000000000001,3.2440000000000002
17221,-0.50219999999999998,3.2513999999999998
17222,-0.496,3.2513999999999998
17223,-0.496,3.2513999999999998
17224,-0.50219999999999998,3.2513999999999998
17225,-2.2631000000000001,3.2496
17226,-4.7309000000000001,3.2421000000000002
17227,-3.5838000000000001,3.2421000000000002
17228,-3.5838000000000001,3.2421000000000002
17229,-4.5448000000000004,3.2403
17230,-9.4990000000000006,3.2290999999999999
17231,-11.5451,3.2254
17232,-4.1852,3.2366000000000001
17233,0,3.2458999999999998
17234,0,3.2458999999999998
17235,0,3.2496
17236,-6.6158000000000001,3.2347000000000001
17237,-13.8764,3.2198000000000002
17238,-22.042400000000001,3.2012
17239,-26.853899999999999,3.1863000000000001
17240,-25.254200000000001,3.1844999999999999
17241,-17.534700000000001,3.1956000000000002
17242,-11.055300000000001,3.2105000000000001
17243,-7.5768000000000004,3.218
17244,-12.1465,3.2086999999999999
17245,-10.652200000000001,3.2124000000000001
17246,-9.6539999999999999,3.2141999999999999
17247,-8.5441000000000003,3.2161
17248,-3.6581999999999999,3.2254
17249,1.2896000000000001,3.2366000000000001
17250,1.2524,3.2383999999999999
17251,-3.4660000000000002,3.2309999999999999
17252,-3.4660000000000002,3.2309999999999999
17253,-3.4660000000000002,3.2309999999999999
17254,-3.4722,3.2328000000000001
17255,-3.4722,3.2328000000000001
17256,-9.6229999999999993,3.2198000000000002
17257,-5.0656999999999996,3.2273000000000001
17258,-8.5441000000000003,3.2216999999999998
17259,-5.9523000000000001,3.2254
17260,-7.4218000000000002,3.2235
17261,-8.9408999999999992,3.2198000000000002
17262,-6.2561999999999998,3.2235
17263,-5.5121000000000002,3.2254
17264,-7.7813999999999997,3.2216999999999998
17265,-6.4732000000000003,3.2235
17266,-13.8888,3.2086999999999999
17267,-28.497,3.177
17268,8.9284999999999997,3.2458999999999998
17269,-27.325099999999999,3.1789000000000001
17270,-6.2624000000000004,3.2161
17271,-2.9885000000000002,3.2254
17272,5.1338999999999997,3.2421000000000002
17273,19.097200000000001,3.2738
17274,17.7393,3.2774999999999999
17275,15.091699999999999,3.2774999999999999
17276,11.985300000000001,3.2738
17277,8.6990999999999996,3.27
17278,0,3.2532999999999999
17279,0,3.2532999999999999
17280,0,3.2513999999999998
17281,0,3.2513999999999998
17282,0,3.2513999999999998
17283,0,3.2513999999999998
17284,0,3.2513999999999998
17285,0,3.2513999999999998
17286,0,3.2513999999999998
17287,0,3.2513999999999998
17288,0,3.2513999999999998
17289,0,3.2513999999999998
17290,0,3.2513999999999998
17291,0,3.2513999999999998
17292,0,3.2513999999999998
17293,0,3.2513999999999998
17294,0,3.2513999999999998
17295,0,3.2513999999999998
17296,0,3.2513999999999998
17297,0,3.2513999999999998
17298,0,3.2532999999999999
17299,0,3.2532999999999999
17300,0,3.2532999999999999
17301,0,3.2532999999999999
17302,0,3.2532999999999999
17303,0,3.2532999999999999
17304,0,3.2532999999999999
17305,0,3.2532999999999999
17306,-4.8982999999999999,3.2421000000000002
17307,-10.6274,3.2290999999999999
17308,-17.8261,3.2124000000000001
17309,-18.650700000000001,3.2086999999999999
17310,-16.5364,3.2086999999999999
17311,-15.0297,3.2105000000000001
17312,-9.5424000000000007,3.218
17313,-26.091200000000001,3.1844999999999999
17314,-7.056,3.2198000000000002
17315,-14.0997,3.2067999999999999
17316,-11.1111,3.2124000000000001
17317,-2.8334999999999999,3.2273000000000001
17318,-20.734100000000002,3.1938
17319,1.2524,3.2347000000000001
17320,0.84940000000000004,3.2366000000000001
17321,0.78120000000000001,3.2383999999999999
17322,1.2585999999999999,3.2421000000000002
17323,1.6927000000000001,3.2440000000000002
17324,1.2524,3.2440000000000002
17325,0.73780000000000001,3.2440000000000002
17326,4.1356000000000002,3.2532999999999999
17327,3.4722,3.2532999999999999
17328,3.0939000000000001,3.2532999999999999
17329,2.9016999999999999,3.2532999999999999
17330,4.3339999999999996,3.2570000000000001
17331,7.5334000000000003,3.2645
17332,0,3.2513999999999998
17333,0,3.2513999999999998
17334,0,3.2513999999999998
17335,0,3.2513999999999998
17336,0,3.2513999999999998
17337,0,3.2513999999999998
17338,0,3.2513999999999998
17339,0,3.2513999999999998
17340,0,3.2513999999999998
17341,0,3.2513999999999998
17342,0,3.2513999999999998
17343,0,3.2513999999999998
17344,0,3.2513999999999998
17345,0,3.2513999999999998
17346,0,3.2513999999999998
17347,0,3.2513999999999998
17348,0,3.2532999999999999
17349,0,3.2532999999999999
17350,0,3.2532999999999999
17351,0,3.2532999999999999
17352,0,3.2532999999999999
17353,0,3.2532999999999999
17354,0,3.2532999999999999
17355,0,3.2532999999999999
17356,0,3.2532999999999999
17357,0,3.2532999999999999
17358,0,3.2532999999999999
17359,0,3.2532999999999999
17360,0,3.2532999999999999
17361,0,3.2532999999999999
17362,0,3.2532999999999999
17363,-9.6292000000000009,3.2328000000000001
17364,-9.4618000000000002,3.2309999999999999
17365,-15.3459,3.218
17366,-18.706499999999998,3.2086999999999999
17367,-21.1309,3.2012
17368,-23.375399999999999,3.1919
17369,-6.3491999999999997,3.2216999999999998
17370,-9.3004999999999995,3.218
17371,-27.802499999999998,3.1808000000000001
17372,-13.1386,3.2067999999999999
17373,-10.6274,3.2105000000000001
17374,-4.5696000000000003,3.2235
17375,0.84940000000000004,3.2347000000000001
17376,1.7423,3.2403
17377,1.7361,3.2421000000000002
17378,1.2524,3.2421000000000002
17379,1.6555,3.2440000000000002
17380,11.464499999999999,3.2663000000000002
17381,7.1799999999999997,3.2625999999999999
17382,-1.8229,3.2440000000000002
17383,-4.5819999999999999,3.2383999999999999
17384,-4.7122999999999999,3.2366000000000001
17385,-6.0576999999999996,3.2328000000000001
17386,-12.022500000000001,3.2198000000000002
17387,-20.145,3.2012
17388,-22.290400000000002,3.1919
17389,-20.541899999999998,3.1919
17390,-5.3695000000000004,3.2216999999999998
17391,-0.54559999999999997,3.2328000000000001
17392,-1.9097,3.2328000000000001
17393,5.7352999999999996,3.2496
17394,10.695600000000001,3.2625999999999999
17395,7.3474000000000004,3.2589000000000001
17396,4.1356000000000002,3.2551999999999999
17397,-1.9469000000000001,3.2421000000000002
17398,-17.7455,3.2105000000000001
17399,-21.825299999999999,3.1956000000000002
17400,-20.8581,3.1938
17401,-21.0627,3.1901000000000002
17402,-15.2653,3.2012
17403,-8.5751000000000008,3.2141999999999999
17404,-7.3845999999999998,3.2161
17405,-5.3136999999999999,3.2216999999999998
17406,0.73780000000000001,3.2347000000000001
17407,-2.2259000000000002,3.2309999999999999
17408,-5.9523000000000001,3.2235
17409,-5.2641,3.2254
17410,-2.2692999999999999,3.2309999999999999
17411,-2.2321,3.2328000000000001
17412,-3.7450000000000001,3.2290999999999999
17413,-10.143800000000001,3.218
17414,-10.3422,3.2161
17415,-5.5058999999999996,3.2235
17416,0.21079999999999999,3.2366000000000001
17417,1.2958000000000001,3.2403
17418,-5.3136999999999999,3.2290999999999999
17419,-8.9408999999999992,3.2198000000000002
17420,-11.985300000000001,3.2141999999999999
17421,-4.1045999999999996,3.2273000000000001
17422,0.1736,3.2366000000000001
17423,-9.2632999999999992,3.2198000000000002
17424,-11.650499999999999,3.2124000000000001
17425,-14.217499999999999,3.2067999999999999
17426,-18.6631,3.1938
17427,-13.895,3.2031000000000001
17428,-11.8613,3.2067999999999999
17429,-8.9780999999999995,3.2105000000000001
17430,-9.1082999999999998,3.2105000000000001
17431,-9.2570999999999994,3.2105000000000001
17432,-5.1090999999999998,3.2198000000000002
17433,-1.6307,3.2273000000000001
17434,-3.2675999999999998,3.2254
17435,-3.2551999999999999,3.2273000000000001
17436,-6.7026000000000003,3.2198000000000002
17437,-10.825799999999999,3.2124000000000001
17438,0.73780000000000001,3.2328000000000001
17439,1.3764000000000001,3.2366000000000001
17440,0.73160000000000003,3.2366000000000001
17441,-8.8665000000000003,3.2198000000000002
17442,-12.1031,3.2124000000000001
17443,-10.739000000000001,3.2124000000000001
17444,-7.7008000000000001,3.2161
17445,-6.9071999999999996,3.218
17446,-3.4287999999999998,3.2254
17447,1.3702000000000001,3.2366000000000001
17448,2.0956999999999999,3.2383999999999999
17449,-6.5476000000000001,3.2235
17450,-8.9780999999999995,3.218
17451,-12.295299999999999,3.2105000000000001
17452,-12.5806,3.2086999999999999
17453,-13.820600000000001,3.2048999999999999
17454,-11.507899999999999,3.2067999999999999
17455,-8.3085000000000004,3.2124000000000001
17456,-1.9035,3.2254
17457,1.3702000000000001,3.2347000000000001
17458,21.372699999999998,3.2774999999999999
17459,19.5684,3.2812000000000001
17460,18.340699999999998,3.2831000000000001
17461,15.562900000000001,3.2812000000000001
17462,12.4131,3.2774999999999999
17463,9.1393000000000004,3.2719
17464,0,3.2551999999999999
17465,0,3.2532999999999999
17466,0,3.2532999999999999
17467,0,3.2513999999999998
17468,0,3.2513999999999998
17469,0,3.2513999999999998
17470,0,3.2513999999999998
17471,0,3.2513999999999998
17472,0,3.2513999999999998
17473,0,3.2513999999999998
17474,0,3.2513999999999998
17475,0,3.2513999999999998
17476,0,3.2513999999999998
17477,0,3.2513999999999998
17478,0,3.2513999999999998
17479,0,3.2513999999999998
17480,0,3.2513999999999998
17481,0,3.2513999999999998
17482,0,3.2513999999999998
17483,0,3.2513999999999998
17484,0,3.2513999999999998
17485,0,3.2513999999999998
17486,0,3.2513999999999998
17487,0,3.2513999999999998
17488,0,3.2532999999999999
17489,0,3.2513999999999998
17490,0,3.2532999999999999
17491,0,3.2532999999999999
17492,0,3.2532999999999999
17493,0,3.2513999999999998
17494,0,3.2532999999999999
17495,0,3.2532999999999999
17496,0,3.2532999999999999
17497,0,3.2532999999999999
17498,0,3.2532999999999999
17499,0,3.2532999999999999
17500,0,3.2532999999999999
17501,0,3.2532999999999999
17502,0,3.2532999999999999
17503,0,3.2532999999999999
17504,0,3.2532999999999999
17505,0,3.2532999999999999
17506,-10.503399999999999,3.2309999999999999
17507,-14.4655,3.2198000000000002
17508,-18.346900000000002,3.2105000000000001
17509,-22.823599999999999,3.1956000000000002
17510,-28.614799999999999,3.1808000000000001
17511,-33.457299999999996,3.1659000000000002
17512,-29.253399999999999,3.1696
17513,-28.2118,3.1696
17514,-22.3338,3.1789000000000001
17515,-12.1837,3.1974999999999998
17516,2.7033,3.2290999999999999
17517,1.8663000000000001,3.2309999999999999
17518,0.73780000000000001,3.2328000000000001
17519,-7.4279999999999999,3.218
17520,-6.1383000000000001,3.2198000000000002
17521,-6.2188999999999997,3.2198000000000002
17522,-9.1021000000000001,3.2141999999999999
17523,-21.496700000000001,3.1882000000000001
17524,2.7839,3.2328000000000001
17525,14.0562,3.2606999999999999
17526,6.1010999999999997,3.2513999999999998
17527,16.133400000000002,3.2719
17528,6.9630000000000001,3.2589000000000001
17529,1.0602,3.2496
17530,-10.236800000000001,3.2254
17531,-6.7831999999999999,3.2273000000000001
17532,-15.6746,3.2105000000000001
17533,-26.779499999999999,3.1825999999999999
17534,-30.853100000000001,3.1696
17535,-39.955300000000001,3.1454
17536,-39.961500000000001,3.1417000000000002
17537,-39.967700000000001,3.1379999999999999
17538,-39.9739,3.1343000000000001
17539,-25.279,3.1602999999999999
17540,-39.955300000000001,3.1324000000000001
17541,-30.1525,3.1473
17542,-39.967700000000001,3.1286999999999998
17543,-38.281199999999998,3.1305000000000001
17544,-39.9739,3.125
17545,-29.172799999999999,3.1436000000000002
17546,-27.455300000000001,3.1473
17547,-25.892800000000001,3.1490999999999998
17548,-10.503399999999999,3.1808000000000001
17549,-6.4236000000000004,3.1901000000000002
17550,-8.7363,3.1882000000000001
17551,-6.2686000000000002,3.1956000000000002
17552,-10.2554,3.1901000000000002
17553,-10.2616,3.1901000000000002
17554,-10.267799999999999,3.1901000000000002
17555,-10.2616,3.1919
17556,-14.825100000000001,3.1825999999999999
17557,-14.9057,3.1825999999999999
17558,-21.825299999999999,3.1677
17559,-24.491499999999998,3.1621999999999999
17560,-24.981300000000001,3.1602999999999999
17561,-20.734100000000002,3.1659000000000002
17562,-23.456099999999999,3.1602999999999999
17563,-26.2896,3.1547000000000001
17564,-21.899799999999999,3.1621999999999999
17565,-24.689900000000002,3.1566000000000001
17566,-30.1525,3.1436000000000002
17567,-39.967700000000001,3.125
17568,-39.558500000000002,3.1231
17569,-27.740500000000001,3.1417000000000002
17570,-22.823599999999999,3.1509999999999998
17571,-17.540900000000001,3.1640000000000001
17572,-12.388299999999999,3.1751999999999998
17573,-7.4589999999999996,3.1863000000000001
17574,-14.694900000000001,3.1751999999999998
17575,-19.934200000000001,3.1640000000000001
17576,-23.015799999999999,3.1583999999999999
17577,-25.942399999999999,3.1490999999999998
17578,-20.696899999999999,3.1602999999999999
17579,-26.512799999999999,3.1473
17580,-21.1433,3.1583999999999999
17581,-24.324100000000001,3.1509999999999998
17582,-18.8492,3.1621999999999999
17583,-16.232600000000001,3.1677
17584,-11.427300000000001,3.177
17585,-16.108599999999999,3.1696
17586,-16.108599999999999,3.1715
17587,-16.114799999999999,3.1715
17588,-16.102399999999999,3.1715
17589,-16.108599999999999,3.1715
17590,-13.3866,3.177
17591,-8.3828999999999994,3.1863000000000001
17592,-8.2279,3.1882000000000001
17593,1.5376000000000001,3.2105000000000001
17594,-2.1453000000000002,3.2067999999999999
17595,-4.6254,3.2031000000000001
17596,-9.7531999999999996,3.1919
17597,-6.9816000000000003,3.1956000000000002
17598,-11.5761,3.1882000000000001
17599,-22.023800000000001,3.1677
17600,-16.858799999999999,3.1751999999999998
17601,-16.9084,3.1751999999999998
17602,-14.3353,3.1789000000000001
17603,-7.0250000000000004,3.1919
17604,-4.1790000000000003,3.2012
17605,-4.1479999999999997,3.2031000000000001
17606,-3.9371999999999998,3.2048999999999999
17607,-1.0726,3.2124000000000001
17608,-20.734100000000002,3.1732999999999998
17609,-3.6272000000000002,3.2048999999999999
17610,-10.6646,3.1919
17611,-8.7052999999999994,3.1938
17612,-8.5379000000000005,3.1956000000000002
17613,-15.3459,3.1825999999999999
17614,-11.1111,3.1901000000000002
17615,-39.961500000000001,3.1343000000000001
17616,2.0895000000000001,3.2105000000000001
17617,-39.9739,3.1324000000000001
17618,-13.9322,3.177
17619,-27.176300000000001,3.1509999999999998
17620,-39.961500000000001,3.125
17621,-28.4846,3.1436000000000002
17622,-20.5915,3.1583999999999999
17623,-26.419799999999999,3.1473
17624,-15.742800000000001,3.1677
17625,-10.9064,3.1789000000000001
17626,0,3.2031000000000001
17627,1.6927000000000001,3.2086999999999999
17628,4.7370999999999999,3.218
17629,7.9364999999999997,3.2273000000000001
17630,6.6158000000000001,3.2273000000000001
17631,-12.8596,3.1919
17632,-12.8596,3.1882000000000001
17633,-3.2242000000000002,3.2086999999999999
17634,6.6840000000000002,3.2273000000000001
17635,-10.2616,3.1974999999999998
17636,-14.2919,3.1882000000000001
17637,-10.2616,3.1938
17638,-2.5792999999999999,3.2105000000000001
17639,-9.9391999999999996,3.1956000000000002
17640,-11.6257,3.1919
17641,-11.6257,3.1901000000000002
17642,-2.3437000000000001,3.2105000000000001
17643,0,3.2161
17644,0.186,3.218
17645,5.1772999999999998,3.2290999999999999
17646,8.0170999999999992,3.2366000000000001
17647,7.9861000000000004,3.2403
17648,9.1393000000000004,3.2440000000000002
17649,9.0587,3.2458999999999998
17650,7.8125,3.2458999999999998
17651,8.8541000000000007,3.2496
17652,15.2095,3.2645
17653,11.650499999999999,3.2589000000000001
17654,14.217499999999999,3.2663000000000002
17655,10.0198,3.2606999999999999
17656,8.5813000000000006,3.2589000000000001
17657,5.6113,3.2532999999999999
17658,4.6999000000000004,3.2513999999999998
17659,-3.3481999999999998,3.2328000000000001
17660,1.3764000000000001,3.2403
17661,5.3075000000000001,3.2496
17662,8.9780999999999995,3.2589000000000001
17663,15.786199999999999,3.2719
17664,17.850899999999999,3.2793000000000001
17665,5.9398999999999997,3.2589000000000001
17666,3.7759999999999998,3.2551999999999999
17667,1.6183000000000001,3.2496
17668,5.2579000000000002,3.2570000000000001
17669,4.7805,3.2551999999999999
17670,8.5441000000000003,3.2625999999999999
17671,3.8317999999999999,3.2551999999999999
17672,0,3.2458999999999998
17673,0,3.2440000000000002
17674,0,3.2440000000000002
17675,0,3.2440000000000002
17676,0,3.2440000000000002
17677,0,3.2440000000000002
17678,0,3.2421000000000002
17679,0,3.2421000000000002
17680,0,3.2421000000000002
17681,0,3.2421000000000002
17682,0,3.2421000000000002
17683,0,3.2421000000000002
17684,0,3.2421000000000002
17685,0,3.2421000000000002
17686,0,3.2421000000000002
17687,0,3.2421000000000002
17688,0,3.2421000000000002
17689,-3.3420000000000001,3.2347000000000001
17690,-10.6274,3.2216999999999998
17691,-16.691400000000002,3.2067999999999999
17692,-20.213200000000001,3.1938
17693,-24.565899999999999,3.1825999999999999
17694,-28.2242,3.1715
17695,-27.814900000000002,3.1696
17696,-30.766300000000001,3.1602999999999999
17697,-16.9084,3.1825999999999999
17698,-21.738499999999998,3.1751999999999998
17699,-20.975899999999999,3.1751999999999998
17700,-23.660699999999999,3.1696
17701,-31.466999999999999,3.1509999999999998
17702,-16.213999999999999,3.1789000000000001
17703,-16.778199999999998,3.1789000000000001
17704,-13.113799999999999,3.1844999999999999
17705,-15.9846,3.1808000000000001
17706,-17.615300000000001,3.177
17707,-19.816400000000002,3.1715
17708,-7.9364999999999997,3.1938
17709,-10.776199999999999,3.1901000000000002
17710,-4.3029999999999999,3.2048999999999999
17711,-0.496,3.2141999999999999
17712,-8.9780999999999995,3.1974999999999998
17713,-18.898800000000001,3.1789000000000001
17714,-14.831300000000001,3.1844999999999999
17715,-6.5785999999999998,3.2012
17716,-6.5848000000000004,3.2031000000000001
17717,-6.5785999999999998,3.2031000000000001
17718,-6.5848000000000004,3.2031000000000001
17719,-6.5785999999999998,3.2048999999999999
17720,-7.7751999999999999,3.2031000000000001
17721,-11.458299999999999,3.1938
17722,-7.9427000000000003,3.2012
17723,-4.7929000000000004,3.2086999999999999
17724,0.48980000000000001,3.2198000000000002
17725,5.1835000000000004,3.2309999999999999
17726,6.0514999999999999,3.2347000000000001
17727,2.2568999999999999,3.2290999999999999
17728,15.2653,3.2570000000000001
17729,16.6294,3.2645
17730,20.1326,3.2738
17731,14.694900000000001,3.2682000000000002
17732,13.616,3.2682000000000002
17733,12.289099999999999,3.2663000000000002
17734,10.6212,3.2645
17735,6.2126999999999999,3.2570000000000001
17736,0,3.2440000000000002
17737,0,3.2421000000000002
17738,0,3.2403
17739,0,3.2403
17740,0,3.2403
17741,0,3.2403
17742,0,3.2403
17743,0,3.2403
17744,0,3.2403
17745,-8.3457000000000008,3.2235
17746,-10.6646,3.2161
17747,-17.063400000000001,3.2012
17748,-23.207999999999998,3.1844999999999999
17749,-27.368500000000001,3.1732999999999998
17750,-32.204799999999999,3.1602999999999999
17751,-39.961500000000001,3.1398000000000001
17752,-35.615000000000002,3.1417000000000002
17753,-11.7807,3.1863000000000001
17754,-28.379200000000001,3.1566000000000001
17755,-24.5411,3.1621999999999999
17756,-18.650700000000001,3.1715
17757,-6.6158000000000001,3.1938
17758,-3.1869999999999998,3.2048999999999999
17759,0,3.2141999999999999
17760,0.73780000000000001,3.218
17761,1.3764000000000001,3.2216999999999998
17762,3.7326000000000001,3.2290999999999999
17763,17.695900000000002,3.2589000000000001
17764,18.1113,3.2645
17765,15.333500000000001,3.2645
17766,12.1713,3.2606999999999999
17767,8.9408999999999992,3.2570000000000001
17768,0,3.2383999999999999
17769,0,3.2366000000000001
17770,0,3.2366000000000001
17771,0,3.2366000000000001
17772,0,3.2366000000000001
17773,0,3.2366000000000001
17774,0,3.2366000000000001
17775,0,3.2366000000000001
17776,0,3.2366000000000001
17777,0,3.2366000000000001
17778,0,3.2366000000000001
17779,0,3.2366000000000001
17780,0,3.2366000000000001
17781,0,3.2366000000000001
17782,0,3.2366000000000001
17783,0,3.2366000000000001
17784,0,3.2366000000000001
17785,0,3.2383999999999999
17786,0,3.2383999999999999
17787,0,3.2366000000000001
17788,0,3.2383999999999999
17789,0,3.2383999999999999
17790,-10.497199999999999,3.218
17791,-14.4655,3.2086999999999999
17792,-18.340699999999998,3.1956000000000002
17793,-22.817399999999999,3.1825999999999999
17794,-28.614799999999999,3.1677
17795,-33.457299999999996,3.1547000000000001
17796,-39.967700000000001,3.1360999999999999
17797,-39.967700000000001,3.1324000000000001
17798,-22.0672,3.1640000000000001
17799,-21.831499999999998,3.1640000000000001
17800,-39.961500000000001,3.1286999999999998
17801,-28.404,3.1454
17802,-14.4655,3.1732999999999998
17803,-24.838699999999999,3.1566000000000001
17804,-10.863,3.1808000000000001
17805,-14.5709,3.177
17806,-14.8561,3.177
17807,-4.6254,3.1956000000000002
17808,-7.7751999999999999,3.1919
17809,-7.8249000000000004,3.1938
17810,-2.7033,3.2067999999999999
17811,-0.70679999999999998,3.2124000000000001
17812,-11.2661,3.1919
17813,-6.5785999999999998,3.2012
17814,0.53939999999999999,3.2141999999999999
17815,-4.5076000000000001,3.2067999999999999
17816,-4.4269999999999996,3.2086999999999999
17817,-2.5049000000000001,3.2124000000000001
17818,-6.3120000000000003,3.2067999999999999
17819,-6.2995999999999999,3.2067999999999999
17820,-6.2995999999999999,3.2067999999999999
17821,-6.2995999999999999,3.2067999999999999
17822,-6.3120000000000003,3.2067999999999999
17823,-2.4615,3.2141999999999999
17824,-8.1534999999999993,3.2048999999999999
17825,-8.1906999999999996,3.2031000000000001
17826,-11.061500000000001,3.1956000000000002
17827,-0.58279999999999998,3.2161
17828,-2.4615,3.2161
17829,-6.2188999999999997,3.2086999999999999
17830,-6.2188999999999997,3.2086999999999999
17831,-2.4243000000000001,3.2161
17832,-2.3437000000000001,3.2161
17833,-4.1852,3.2141999999999999
17834,6.0143000000000004,3.2328000000000001
17835,10.224399999999999,3.2440000000000002
17836,13.1386,3.2551999999999999
17837,13.851599999999999,3.2606999999999999
17838,14.8499,3.2645
17839,15.978400000000001,3.27
17840,13.299799999999999,3.2663000000000002
17841,13.299799999999999,3.2682000000000002
17842,10.683199999999999,3.2645
17843,6.8141999999999996,3.2589000000000001
17844,0,3.2440000000000002
17845,0,3.2421000000000002
17846,0,3.2403
17847,0,3.2403
17848,0,3.2403
17849,0,3.2383999999999999
17850,0,3.2383999999999999
17851,0,3.2383999999999999
17852,0,3.2383999999999999
17853,-3.9868000000000001,3.2309999999999999
17854,-7.5457999999999998,3.2235
17855,-6.6715999999999998,3.2235
17856,-3.6334,3.2273000000000001
17857,-11.421099999999999,3.2124000000000001
17858,-7.1117999999999997,3.218
17859,-6.6219999999999999,3.2198000000000002
17860,-10.311199999999999,3.2105000000000001
17861,-15.8668,3.1974999999999998
17862,-17.4665,3.1919
17863,-16.338000000000001,3.1919
17864,-13.9322,3.1938
17865,-13.498200000000001,3.1938
17866,-12.0101,3.1956000000000002
17867,-13.3432,3.1938
17868,-14.459300000000001,3.1901000000000002
17869,-12.568199999999999,3.1938
17870,-11.7807,3.1938
17871,-8.7052999999999994,3.2012
17872,-5.3013000000000003,3.2086999999999999
17873,-3.8256000000000001,3.2124000000000001
17874,-3.8193999999999999,3.2141999999999999
17875,-3.8256000000000001,3.2141999999999999
17876,-3.8256000000000001,3.2161
17877,-3.8256000000000001,3.2161
17878,-11.786899999999999,3.2012
17879,-6.3368000000000002,3.2105000000000001
17880,-6.4298000000000002,3.2105000000000001
17881,0.73780000000000001,3.2235
17882,0.73160000000000003,3.2254
17883,-0.78120000000000001,3.2235
17884,-3.8317999999999999,3.2198000000000002
17885,-3.8317999999999999,3.218
17886,1.8105,3.2290999999999999
17887,6.2188999999999997,3.2403
17888,16.505400000000002,3.2645
17889,13.2936,3.2625999999999999
17890,10.689399999999999,3.2589000000000001
17891,0,3.2383999999999999
17892,0,3.2366000000000001
17893,0,3.2366000000000001
17894,0,3.2366000000000001
17895,0,3.2366000000000001
17896,0,3.2366000000000001
17897,0,3.2366000000000001
17898,0,3.2366000000000001
17899,0,3.2366000000000001
17900,0,3.2366000000000001
17901,0,3.2366000000000001
17902,0,3.2366000000000001
17903,0,3.2366000000000001
17904,0,3.2366000000000001
17905,0,3.2366000000000001
17906,0,3.2366000000000001
17907,0,3.2366000000000001
17908,0,3.2383999999999999
17909,0,3.2366000000000001
17910,0,3.2366000000000001
17911,-10.503399999999999,3.218
17912,-14.453099999999999,3.2067999999999999
17913,-18.334499999999998,3.1938
17914,-22.563199999999998,3.1825999999999999
17915,-13.305999999999999,3.1974999999999998
17916,-13.058,3.1974999999999998
17917,-11.011900000000001,3.2012
17918,-2.1453000000000002,3.218
17919,-2.1453000000000002,3.2216999999999998
17920,-6.3120000000000003,3.2141999999999999
17921,-4.1417999999999999,3.218
17922,-2.1453000000000002,3.2216999999999998
17923,-0.1426,3.2273000000000001
17924,1.0602,3.2309999999999999
17925,-1.147,3.2273000000000001
17926,0.29759999999999998,3.2309999999999999
17927,-6.2686000000000002,3.218
17928,-3.2303999999999999,3.2235
17929,-1.147,3.2273000000000001
17930,0.62,3.2328000000000001
17931,-1.1097999999999999,3.2290999999999999
17932,-2.0585,3.2273000000000001
17933,-3.0629,3.2254
17934,-6.2624000000000004,3.2198000000000002
17935,-7.2606000000000002,3.2161
17936,-10.466200000000001,3.2086999999999999
17937,-8.9408999999999992,3.2105000000000001
17938,-12.5434,3.2031000000000001
17939,-10.9871,3.2031000000000001
17940,-3.9434,3.2161
17941,-3.9868000000000001,3.218
17942,-7.7504,3.2105000000000001
17943,-7.5457999999999998,3.2105000000000001
17944,-7.6512000000000002,3.2105000000000001
17945,-4.5758000000000001,3.2161
17946,-3.2242000000000002,3.218
17947,-3.2242000000000002,3.2198000000000002
17948,-5.3446999999999996,3.2161
17949,-14.9739,3.1956000000000002
17950,-20.4985,3.1808000000000001
17951,-15.2529,3.1882000000000001
17952,-10.825799999999999,3.1956000000000002
17953,-10.460000000000001,3.1974999999999998
17954,3.9805999999999999,3.2273000000000001
17955,17.702100000000002,3.2589000000000001
17956,16.232600000000001,3.2625999999999999
17957,13.089,3.2606999999999999
17958,9.7346000000000004,3.2570000000000001
17959,0,3.2366000000000001
17960,0,3.2366000000000001
17961,0,3.2366000000000001
17962,0,3.2347000000000001
17963,0,3.2347000000000001
17964,0,3.2366000000000001
17965,0,3.2347000000000001
17966,0,3.2347000000000001
17967,0,3.2347000000000001
17968,0,3.2347000000000001
17969,0,3.2366000000000001
17970,0,3.2366000000000001
17971,0,3.2366000000000001
17972,0,3.2366000000000001
17973,0,3.2366000000000001
17974,0,3.2366000000000001
17975,0,3.2366000000000001
17976,0,3.2366000000000001
17977,0,3.2366000000000001
17978,0,3.2366000000000001
17979,0,3.2366000000000001
17980,0,3.2366000000000001
17981,0,3.2366000000000001
17982,0,3.2366000000000001
17983,0,3.2383999999999999
17984,0,3.2366000000000001
17985,0,3.2383999999999999
17986,0,3.2383999999999999
17987,0,3.2383999999999999
17988,-6.4607999999999999,3.2254
17989,-8.1844999999999999,3.2198000000000002
17990,-17.137799999999999,3.2012
17991,-13.901199999999999,3.2031000000000001
17992,-16.424800000000001,3.1956000000000002
17993,-12.022500000000001,3.2031000000000001
17994,-11.644299999999999,3.2031000000000001
17995,-20.021000000000001,3.1844999999999999
17996,-21.620699999999999,3.1789000000000001
17997,-16.5364,3.1844999999999999
17998,-15.742800000000001,3.1863000000000001
17999,-15.4575,3.1863000000000001
18000,-17.540900000000001,3.1808000000000001
18001,-13.485799999999999,3.1863000000000001
18002,-7.6264000000000003,3.2012
18003,-9.1827000000000005,3.1974999999999998
18004,-5.6670999999999996,3.2048999999999999
18005,-5.7042999999999999,3.2067999999999999
18006,-4.1479999999999997,3.2105000000000001
18007,-6.5785999999999998,3.2067999999999999
18008,-5.7415000000000003,3.2086999999999999
18009,-4.1852,3.2124000000000001
18010,1.2958000000000001,3.2235
18011,1.2958000000000001,3.2254
18012,10.137600000000001,3.2440000000000002
18013,11.2165,3.2513999999999998
18014,13.3742,3.2589000000000001
18015,7.8620999999999999,3.2513999999999998
18016,6.2561999999999998,3.2496
18017,7.6574,3.2532999999999999
18018,0,3.2383999999999999
18019,0,3.2366000000000001
18020,0,3.2366000000000001
18021,0,3.2366000000000001
18022,0,3.2366000000000001
18023,0,3.2366000000000001
18024,0,3.2366000000000001
18025,0,3.2366000000000001
18026,0,3.2366000000000001
18027,0,3.2366000000000001
18028,0,3.2366000000000001
18029,0,3.2366000000000001
18030,0,3.2366000000000001
18031,0,3.2366000000000001
18032,0,3.2366000000000001
18033,0,3.2366000000000001
18034,0,3.2366000000000001
18035,0,3.2366000000000001
18036,-4.5819999999999999,3.2290999999999999
18037,-6.2561999999999998,3.2235
18038,-3.8628,3.2273000000000001
18039,-6.9753999999999996,3.2216999999999998
18040,-14.019,3.2048999999999999
18041,-13.6656,3.2031000000000001
18042,-15.978400000000001,3.1938
18043,-10.224399999999999,3.2048999999999999
18044,-16.294599999999999,3.1919
18045,-5.1029,3.2124000000000001
18046,-0.10539999999999999,3.2235
18047,-2.0647000000000002,3.2216999999999998
18048,-16.858799999999999,3.1919
18049,-11.8675,3.1974999999999998
18050,-11.464499999999999,3.2012
18051,-16.951799999999999,3.1863000000000001
18052,-14.0997,3.1901000000000002
18053,-3.2242000000000002,3.2124000000000001
18054,0.84940000000000004,3.2216999999999998
18055,-10.212,3.2031000000000001
18056,-10.503399999999999,3.2012
18057,-5.6299000000000001,3.2105000000000001
18058,4.1045999999999996,3.2290999999999999
18059,3.621,3.2309999999999999
18060,4.5448000000000004,3.2366000000000001
18061,11.092499999999999,3.2532999999999999
18062,10.9747,3.2551999999999999
18063,8.1721000000000004,3.2532999999999999
18064,0,3.2366000000000001
18065,0,3.2347000000000001
18066,0,3.2347000000000001
18067,0,3.2347000000000001
18068,0,3.2347000000000001
18069,0,3.2347000000000001
18070,-0.41539999999999999,3.2347000000000001
18071,-8.7114999999999991,3.218
18072,-10.6646,3.2105000000000001
18073,-16.617000000000001,3.1956000000000002
18074,-20.380700000000001,3.1863000000000001
18075,-12.0101,3.1974999999999998
18076,-17.4665,3.1863000000000001
18077,-18.898800000000001,3.1825999999999999
18078,-17.249500000000001,3.1825999999999999
18079,-21.744700000000002,3.1732999999999998
18080,-20.944900000000001,3.1715
18081,-19.983799999999999,3.1715
18082,-16.220199999999998,3.1789000000000001
18083,-16.951799999999999,3.177
18084,-11.8675,3.1863000000000001
18085,-10.77,3.1882000000000001
18086,-8.0976999999999997,3.1938
18087,-9.6539999999999999,3.1919
18088,-8.3704999999999998,3.1956000000000002
18089,-4.4951999999999996,3.2048999999999999
18090,0,3.2141999999999999
18091,-2.7839,3.2124000000000001
18092,-1.147,3.2161
18093,1.3764000000000001,3.2216999999999998
18094,2.6103000000000001,3.2273000000000001
18095,6.7831999999999999,3.2366000000000001
18096,10.77,3.2496
18097,10.1066,3.2513999999999998
18098,11.7311,3.2551999999999999
18099,9.8585999999999991,3.2551999999999999
18100,5.2516999999999996,3.2458999999999998
18101,6.6901999999999999,3.2513999999999998
18102,0,3.2366000000000001
18103,0,3.2366000000000001
18104,0,3.2347000000000001
18105,0,3.2347000000000001
18106,-0.496,3.2328000000000001
18107,0,3.2347000000000001
18108,0,3.2347000000000001
18109,-9.6167999999999996,3.2161
18110,-10.6646,3.2105000000000001
18111,-17.8261,3.1938
18112,-23.976900000000001,3.177
18113,-24.1815,3.1732999999999998
18114,-16.145800000000001,3.1844999999999999
18115,-10.416600000000001,3.1956000000000002
18116,-13.0642,3.1901000000000002
18117,-14.267099999999999,3.1882000000000001
18118,-15.823399999999999,3.1825999999999999
18119,-16.5426,3.1808000000000001
18120,-25.2728,3.1621999999999999
18121,-23.021999999999998,3.1640000000000001
18122,-16.852599999999999,3.1732999999999998
18123,-10.9809,3.1844999999999999
18124,-8.2155000000000005,3.1919
18125,-12.295299999999999,3.1844999999999999
18126,-4.5758000000000001,3.2012
18127,-4.5819999999999999,3.2031000000000001
18128,-2.9016999999999999,3.2067999999999999
18129,0,3.2161
18130,-1.1841999999999999,3.2141999999999999
18131,-4.3836000000000004,3.2105000000000001
18132,-4.3959999999999999,3.2086999999999999
18133,-2.7776999999999998,3.2124000000000001
18134,2.0585,3.2235
18135,-2.6722999999999999,3.2161
18136,-4.1790000000000003,3.2124000000000001
18137,-4.1852,3.2124000000000001
18138,-4.1790000000000003,3.2141999999999999
18139,-4.1852,3.2124000000000001
18140,-4.1852,3.2124000000000001
18141,-5.8220999999999998,3.2105000000000001
18142,-9.5361999999999991,3.2012
18143,-11.2227,3.1956000000000002
18144,-25.489799999999999,3.1659000000000002
18145,-19.376200000000001,3.1732999999999998
18146,-19.779199999999999,3.1715
18147,-20.541899999999998,3.1677
18148,-5.8220999999999998,3.1956000000000002
18149,-14.453099999999999,3.1808000000000001
18150,-12.022500000000001,3.1844999999999999
18151,-10.497199999999999,3.1882000000000001
18152,-4.1417999999999999,3.2031000000000001
18153,-2.2259000000000002,3.2067999999999999
18154,-5.9027000000000003,3.2031000000000001
18155,-4.0301999999999998,3.2067999999999999
18156,-0.34100000000000003,3.2141999999999999
18157,1.3764000000000001,3.2198000000000002
18158,-3.9805999999999999,3.2105000000000001
18159,1.3702000000000001,3.2216999999999998
18160,1.3702000000000001,3.2216999999999998
18161,-3.6705999999999999,3.2141999999999999
18162,-0.080600000000000005,3.2216999999999998
18163,-3.5775999999999999,3.2141999999999999
18164,4.6936999999999998,3.2309999999999999
18165,2.0895000000000001,3.2273000000000001
18166,-3.1869999999999998,3.218
18167,-4.8611000000000004,3.2161
18168,-4.8673000000000002,3.2141999999999999
18169,-4.8611000000000004,3.2141999999999999
18170,0,3.2235
18171,-3.0691000000000002,3.218
18172,-4.7495000000000003,3.2141999999999999
18173,-1.3515999999999999,3.2216999999999998
18174,0.73780000000000001,3.2254
18175,2.6970999999999998,3.2309999999999999
18176,1.3764000000000001,3.2290999999999999
18177,2.6598999999999999,3.2328000000000001
18178,8.0108999999999995,3.2440000000000002
18179,9.6044,3.2513999999999998
18180,8.7858999999999998,3.2532999999999999
18181,6.6096000000000004,3.2496
18182,5.2516999999999996,3.2458999999999998
18183,-2.4243000000000001,3.2309999999999999
18184,-11.470700000000001,3.2124000000000001
18185,-10.9064,3.2105000000000001
18186,-7.9364999999999997,3.2124000000000001
18187,-8.9842999999999993,3.2105000000000001
18188,-10.131399999999999,3.2067999999999999
18189,-10.466200000000001,3.2048999999999999
18190,-12.7418,3.1974999999999998
18191,-15.8668,3.1882000000000001
18192,-16.573599999999999,3.1844999999999999
18193,-11.6257,3.1938
18194,-3.9868000000000001,3.2105000000000001
18195,-6.3120000000000003,3.2067999999999999
18196,-6.3368000000000002,3.2067999999999999
18197,-6.4732000000000003,3.2067999999999999
18198,-11.656700000000001,3.1938
18199,-8.1844999999999999,3.2012
18200,-13.616,3.1901000000000002
18201,-6.2188999999999997,3.2048999999999999
18202,-6.2624000000000004,3.2048999999999999
18203,-6.2624000000000004,3.2048999999999999
18204,-2.9885000000000002,3.2124000000000001
18205,4.4207999999999998,3.2273000000000001
18206,2.0585,3.2254
18207,1.3702000000000001,3.2254
18208,6.1444999999999999,3.2366000000000001
18209,3.2551999999999999,3.2328000000000001
18210,1.2958000000000001,3.2309999999999999
18211,-7.3474000000000004,3.2141999999999999
18212,-7.4652000000000003,3.2124000000000001
18213,-8.9718999999999998,3.2067999999999999
18214,-6.2934000000000001,3.2105000000000001
18215,-10.6708,3.2012
18216,-12.5372,3.1938
18217,-11.5389,3.1938
18218,-8.0295000000000005,3.2031000000000001
18219,-11.979100000000001,3.1938
18220,-12.3325,3.1919
18221,-7.1117999999999997,3.2031000000000001
18222,-2.9885000000000002,3.2105000000000001
18223,-2.9885000000000002,3.2124000000000001
18224,-2.9016999999999999,3.2141999999999999
18225,0.77500000000000002,3.2216999999999998
18226,0.77500000000000002,3.2235
18227,-2.7776999999999998,3.218
18228,-4.3525999999999998,3.2141999999999999
18229,0.78120000000000001,3.2235
18230,0.77500000000000002,3.2254
18231,2.0274999999999999,3.2290999999999999
18232,-9.1021000000000001,3.2086999999999999
18233,-10.7018,3.2031000000000001
18234,-8.0295000000000005,3.2048999999999999
18235,-6.7026000000000003,3.2067999999999999
18236,-1.147,3.218
18237,-6.7088000000000001,3.2086999999999999
18238,-4.3402000000000003,3.2124000000000001
18239,-4.3402000000000003,3.2124000000000001
18240,0,3.2216999999999998
18241,0.17979999999999999,3.2235
18242,1.3764000000000001,3.2273000000000001
18243,0.17979999999999999,3.2254
18244,-2.6227,3.2198000000000002
18245,-4.1852,3.218
18246,-4.1852,3.2161
18247,-0.98580000000000001,3.2216999999999998
18248,-2.5049000000000001,3.2198000000000002
18249,-4.1417999999999999,3.2161
18250,0.1736,3.2254
18251,0.17979999999999999,3.2273000000000001
18252,-3.9371999999999998,3.2198000000000002
18253,-7.7876000000000003,3.2105000000000001
18254,-2.4615,3.2198000000000002
18255,0.21079999999999999,3.2254
18256,3.8256000000000001,3.2347000000000001
18257,4.7743000000000002,3.2383999999999999
18258,5.9337,3.2403
18259,1.7361,3.2347000000000001
18260,-2.8582999999999998,3.2254
18261,-3.9371999999999998,3.2235
18262,-13.070399999999999,3.2048999999999999
18263,-12.3697,3.2012
18264,-10.9064,3.2031000000000001
18265,-5.8282999999999996,3.2105000000000001
18266,-5.8654999999999999,3.2124000000000001
18267,-10.050800000000001,3.2031000000000001
18268,-6.1073000000000004,3.2105000000000001
18269,-5.3509000000000002,3.2105000000000001
18270,-5.3880999999999997,3.2124000000000001
18271,-6.2624000000000004,3.2086999999999999
18272,0.21079999999999999,3.2216999999999998
18273,-0.78739999999999999,3.2216999999999998
18274,-3.8256000000000001,3.2161
18275,-3.8256000000000001,3.2161
18276,0.21079999999999999,3.2235
18277,-0.74399999999999999,3.2235
18278,-0.74399999999999999,3.2235
18279,-3.621,3.2198000000000002
18280,-5.8964999999999996,3.2141999999999999
18281,-10.094200000000001,3.2048999999999999
18282,-3.8256000000000001,3.2161
18283,0.73160000000000003,3.2254
18284,-3.7511999999999999,3.218
18285,1.2958000000000001,3.2273000000000001
18286,-8.5441000000000003,3.2086999999999999
18287,-11.464499999999999,3.2012
18288,-10.3422,3.2012
18289,1.2958000000000001,3.2235
18290,4.8982999999999999,3.2328000000000001
18291,10.6212,3.2496
18292,8.9346999999999994,3.2496
18293,13.163399999999999,3.2589000000000001
18294,10.503399999999999,3.2570000000000001
18295,7.3411999999999997,3.2532999999999999
18296,0,3.2366000000000001
18297,0,3.2347000000000001
18298,0,3.2347000000000001
18299,0,3.2347000000000001
18300,0,3.2347000000000001
18301,0,3.2347000000000001
18302,-6.4607999999999999,3.2216999999999998
18303,-9.7035999999999998,3.2141999999999999
18304,-20.541899999999998,3.1882000000000001
18305,-22.091999999999999,3.1808000000000001
18306,-26.2896,3.1677
18307,-20.845700000000001,3.1732999999999998
18308,-12.4193,3.1882000000000001
18309,-15.649800000000001,3.1825999999999999
18310,-13.535399999999999,3.1844999999999999
18311,-12.2209,3.1882000000000001
18312,-14.453099999999999,3.1825999999999999
18313,-21.099900000000002,3.1696
18314,-26.698899999999998,3.1566000000000001
18315,-19.177800000000001,3.1677
18316,-11.8241,3.1808000000000001
18317,-8.2960999999999991,3.1882000000000001
18318,-6.0576999999999996,3.1938
18319,-4.5014000000000003,3.2012
18320,-4.5014000000000003,3.2031000000000001
18321,3.6520000000000001,3.2198000000000002
18322,-1.1097999999999999,3.2141999999999999
18323,0.17979999999999999,3.2161
18324,0.78120000000000001,3.2198000000000002
18325,0.17979999999999999,3.2198000000000002
18326,1.2958000000000001,3.2235
18327,0.17979999999999999,3.2216999999999998
18328,1.2958000000000001,3.2254
18329,5.8159000000000001,3.2347000000000001
18330,10.6212,3.2458999999999998
18331,1.2958000000000001,3.2309999999999999
18332,-2.8334999999999999,3.2216999999999998
18333,-6.3120000000000003,3.2141999999999999
18334,-10.7142,3.2048999999999999
18335,-9.1331000000000007,3.2048999999999999
18336,-0.54559999999999997,3.2216999999999998
18337,-3.2614000000000001,3.2161
18338,-5.4687000000000001,3.2124000000000001
18339,0.29759999999999998,3.2235
18340,-3.2675999999999998,3.218
18341,-3.2614000000000001,3.218
18342,-12.4255,3.1974999999999998
18343,-9.6229999999999993,3.2031000000000001
18344,-11.2165,3.1956000000000002
18345,-6.0328999999999997,3.2067999999999999
18346,-7.4652000000000003,3.2048999999999999
18347,-8.9780999999999995,3.2012
18348,-5.5058999999999996,3.2067999999999999
18349,-2.4243000000000001,3.2141999999999999
18350,1.2958000000000001,3.2216999999999998
18351,3.7450000000000001,3.2290999999999999
18352,0.73780000000000001,3.2254
18353,1.2524,3.2273000000000001
18354,0.29759999999999998,3.2254
18355,0.73780000000000001,3.2273000000000001
18356,1.3391999999999999,3.2290999999999999
18357,0.77500000000000002,3.2290999999999999
18358,4.5385999999999997,3.2366000000000001
18359,13.182,3.2570000000000001
18360,11.458299999999999,3.2570000000000001
18361,8.2960999999999991,3.2532999999999999
18362,0,3.2366000000000001
18363,0,3.2347000000000001
18364,0,3.2347000000000001
18365,0,3.2347000000000001
18366,0,3.2328000000000001
18367,0,3.2328000000000001
18368,0,3.2328000000000001
18369,0,3.2328000000000001
18370,0,3.2328000000000001
18371,0,3.2328000000000001
18372,0,3.2328000000000001
18373,0,3.2328000000000001
18374,0,3.2328000000000001
18375,0,3.2328000000000001
18376,0,3.2328000000000001
18377,0,3.2328000000000001
18378,0,3.2347000000000001
18379,0,3.2347000000000001
18380,0,3.2347000000000001
18381,0,3.2347000000000001
18382,0,3.2347000000000001
18383,0,3.2347000000000001
18384,0,3.2347000000000001
18385,0,3.2347000000000001
18386,0,3.2347000000000001
18387,0,3.2347000000000001
18388,0,3.2347000000000001
18389,0,3.2347000000000001
18390,0,3.2347000000000001
18391,0,3.2347000000000001
18392,0,3.2347000000000001
18393,0,3.2347000000000001
18394,0,3.2347000000000001
18395,-3.9868000000000001,3.2273000000000001
18396,-9.0648999999999997,3.2161
18397,-16.027999999999999,3.1974999999999998
18398,-19.6614,3.1863000000000001
18399,-24.020299999999999,3.1751999999999998
18400,-27.734300000000001,3.1621999999999999
18401,-15.339700000000001,3.1825999999999999
18402,-16.617000000000001,3.1808000000000001
18403,-20.746500000000001,3.1715
18404,-16.3752,3.177
18405,-15.190899999999999,3.1789000000000001
18406,-13.1882,3.1825999999999999
18407,-13.7028,3.1808000000000001
18408,-15.612500000000001,3.177
18409,-7.6574,3.1919
18410,-11.464499999999999,3.1863000000000001
18411,-10.912599999999999,3.1863000000000001
18412,-9.6663999999999994,3.1901000000000002
18413,0,3.2105000000000001
18414,1.3764000000000001,3.2161
18415,1.3764000000000001,3.218
18416,-4.1045999999999996,3.2086999999999999
18417,2.7776999999999998,3.2235
18418,9.8585999999999991,3.2383999999999999
18419,10.329800000000001,3.2440000000000002
18420,4.1727999999999996,3.2347000000000001
18421,3.4722,3.2347000000000001
18422,11.613300000000001,3.2532999999999999
18423,10.9871,3.2551999999999999
18424,7.4652000000000003,3.2496
18425,2.4491000000000001,3.2383999999999999
18426,0.61380000000000001,3.2347000000000001
18427,0,3.2328000000000001
18428,0,3.2328000000000001
18429,0,3.2328000000000001
18430,0,3.2328000000000001
18431,-0.58279999999999998,3.2309999999999999
18432,-2.2259000000000002,3.2273000000000001
18433,-2.2692999999999999,3.2273000000000001
18434,0,3.2309999999999999
18435,-0.58279999999999998,3.2309999999999999
18436,0,3.2309999999999999
18437,0,3.2328000000000001
18438,0,3.2328000000000001
18439,0,3.2328000000000001
18440,0,3.2328000000000001
18441,0,3.2328000000000001
18442,0,3.2328000000000001
18443,-0.41539999999999999,3.2328000000000001
18444,-1.8229,3.2290999999999999
18445,-3.4226000000000001,3.2254
18446,-6.6219999999999999,3.218
18447,-15.097899999999999,3.2012
18448,-17.305299999999999,3.1901000000000002
18449,-20.207000000000001,3.1808000000000001
18450,-9.9019999999999992,3.2012
18451,-5.4625000000000004,3.2086999999999999
18452,-13.857799999999999,3.1919
18453,-19.872199999999999,3.177
18454,-20.145,3.1732999999999998
18455,-13.1014,3.1844999999999999
18456,-5.1897000000000002,3.2031000000000001
18457,-3.9805999999999999,3.2067999999999999
18458,-4.0364000000000004,3.2086999999999999
18459,-6.2624000000000004,3.2048999999999999
18460,-11.8179,3.1919
18461,-9.1393000000000004,3.1956000000000002
18462,-12.5806,3.1882000000000001
18463,-11.7807,3.1882000000000001
18464,-10.1066,3.1919
18465,-2.3127,3.2086999999999999
18466,-2.2631000000000001,3.2105000000000001
18467,-6.0639000000000003,3.2048999999999999
18468,-8.9533000000000005,3.1974999999999998
18469,-9.1082999999999998,3.1956000000000002
18470,-6.4173999999999998,3.2031000000000001
18471,-9.3376999999999999,3.1938
18472,-6.2686000000000002,3.2012
18473,-7.7504,3.1974999999999998
18474,-5.6237000000000004,3.2031000000000001
18475,-4.1045999999999996,3.2067999999999999
18476,-4.1045999999999996,3.2086999999999999
18477,-2.5049000000000001,3.2105000000000001
18478,-2.5049000000000001,3.2124000000000001
18479,-4.0178000000000003,3.2105000000000001
18480,0.17979999999999999,3.218
18481,-2.5792999999999999,3.2141999999999999
18482,0.73780000000000001,3.2216999999999998
18483,1.2958000000000001,3.2235
18484,3.8193999999999999,3.2290999999999999
18485,4.7743000000000002,3.2328000000000001
18486,10.1004,3.2458999999999998
18487,6.4546000000000001,3.2403
18488,10.863,3.2532999999999999
18489,4.9417,3.2421000000000002
18490,6.4112,3.2458999999999998
18491,7.6078000000000001,3.2513999999999998
18492,0,3.2347000000000001
18493,0,3.2347000000000001
18494,0,3.2328000000000001
18495,0,3.2328000000000001
18496,0,3.2328000000000001
18497,0,3.2328000000000001
18498,0,3.2328000000000001
18499,0,3.2328000000000001
18500,0,3.2328000000000001
18501,0,3.2328000000000001
18502,0,3.2328000000000001
18503,0,3.2328000000000001
18504,0,3.2328000000000001
18505,0,3.2328000000000001
18506,0,3.2328000000000001
18507,0,3.2328000000000001
18508,0,3.2328000000000001
18509,0,3.2328000000000001
18510,0,3.2328000000000001
18511,-6.7831999999999999,3.2198000000000002
18512,-10.6646,3.2105000000000001
18513,-16.145800000000001,3.1956000000000002
18514,-22.302800000000001,3.1789000000000001
18515,-26.488,3.1659000000000002
18516,-31.373999999999999,3.1509999999999998
18517,-27.368500000000001,3.1547000000000001
18518,-24.212499999999999,3.1583999999999999
18519,-9.3500999999999994,3.1863000000000001
18520,1.2585999999999999,3.2105000000000001
18521,1.2585999999999999,3.2141999999999999
18522,12.338699999999999,3.2383999999999999
18523,13.461,3.2496
18524,10.8444,3.2458999999999998
18525,7.1862000000000004,3.2421000000000002
18526,0,3.2290999999999999
18527,0,3.2273000000000001
18528,0,3.2290999999999999
18529,0,3.2290999999999999
18530,0,3.2273000000000001
18531,0,3.2273000000000001
18532,0,3.2290999999999999
18533,0,3.2290999999999999
18534,0,3.2290999999999999
18535,0,3.2290999999999999
18536,0,3.2290999999999999
18537,0,3.2290999999999999
18538,0,3.2290999999999999
18539,-0.78739999999999999,3.2290999999999999
18540,-4.3464,3.2216999999999998
18541,-6.6158000000000001,3.2161
18542,-9.7469999999999999,3.2086999999999999
18543,-18.136099999999999,3.1882000000000001
18544,-15.1785,3.1901000000000002
18545,-8.1906999999999996,3.2031000000000001
18546,-2.5792999999999999,3.2141999999999999
18547,0.48359999999999997,3.2216999999999998
18548,-3.3481999999999998,3.2161
18549,-3.9371999999999998,3.2141999999999999
18550,-1.5438000000000001,3.2198000000000002
18551,-8.2155000000000005,3.2067999999999999
18552,-13.3866,3.1938
18553,-14.694900000000001,3.1882000000000001
18554,-16.344200000000001,3.1825999999999999
18555,-13.182,3.1863000000000001
18556,-15.5381,3.1808000000000001
18557,-7.9861000000000004,3.1938
18558,-6.3182,3.2012
18559,-2.7839,3.2086999999999999
18560,0.29759999999999998,3.2161
18561,0.29759999999999998,3.218
18562,-6.4732000000000003,3.2067999999999999
18563,-6.3120000000000003,3.2048999999999999
18564,-5.1463000000000001,3.2067999999999999
18565,-1.6307,3.2141999999999999
18566,-0.38440000000000002,3.218
18567,-0.38440000000000002,3.2198000000000002
18568,-2.8397000000000001,3.2141999999999999
18569,-1.6245000000000001,3.218
18570,5.4562999999999997,3.2328000000000001
18571,1.6493,3.2273000000000001
18572,0.33479999999999999,3.2254
18573,-6.9134000000000002,3.2105000000000001
18574,-4.7495000000000003,3.2141999999999999
18575,-4.7866999999999997,3.2124000000000001
18576,1.1718,3.2254
18577,8.3457000000000008,3.2403
18578,7.056,3.2403
18579,7.2544000000000004,3.2440000000000002
18580,0,3.2309999999999999
18581,0,3.2290999999999999
18582,0,3.2290999999999999
18583,0,3.2290999999999999
18584,0,3.2309999999999999
18585,0,3.2290999999999999
18586,0,3.2290999999999999
18587,0,3.2290999999999999
18588,0,3.2309999999999999
18589,0,3.2309999999999999
18590,0,3.2309999999999999
18591,0,3.2309999999999999
18592,0,3.2309999999999999
18593,0,3.2309999999999999
18594,-3.3481999999999998,3.2254
18595,-0.50219999999999998,3.2290999999999999
18596,-0.50219999999999998,3.2290999999999999
18597,-0.50219999999999998,3.2290999999999999
18598,-0.50219999999999998,3.2290999999999999
18599,-2.2631000000000001,3.2254
18600,-4.7495000000000003,3.2216999999999998
18601,-3.5838000000000001,3.2216999999999998
18602,-3.5838000000000001,3.2216999999999998
18603,-4.5510000000000002,3.2198000000000002
18604,-9.5052000000000003,3.2086999999999999
18605,-11.5389,3.2031000000000001
18606,-4.1852,3.2161
18607,0,3.2235
18608,0,3.2254
18609,0,3.2273000000000001
18610,-6.6158000000000001,3.2141999999999999
18611,-13.864000000000001,3.1956000000000002
18612,-22.0548,3.177
18613,-26.8477,3.1621999999999999
18614,-25.254200000000001,3.1602999999999999
18615,-17.540900000000001,3.1732999999999998
18616,-11.061500000000001,3.1844999999999999
18617,-7.5768000000000004,3.1938
18618,-12.152699999999999,3.1844999999999999
18619,-10.6646,3.1882000000000001
18620,-9.6663999999999994,3.1901000000000002
18621,-8.5379000000000005,3.1919
18622,-3.6581999999999999,3.2031000000000001
18623,1.2958000000000001,3.2141999999999999
18624,1.2524,3.218
18625,-3.4660000000000002,3.2105000000000001
18626,-3.4660000000000002,3.2105000000000001
18627,-3.4722,3.2105000000000001
18628,-3.4722,3.2105000000000001
18629,-3.4722,3.2105000000000001
18630,-9.6229999999999993,3.1974999999999998
18631,-5.0656999999999996,3.2067999999999999
18632,-8.5441000000000003,3.1974999999999998
18633,-5.9398999999999997,3.2031000000000001
18634,-7.4218000000000002,3.2012
18635,-8.9533000000000005,3.1956000000000002
18636,-6.2561999999999998,3.2012
18637,-5.5058999999999996,3.2031000000000001
18638,-7.7751999999999999,3.1974999999999998
18639,-6.4669999999999996,3.2012
18640,-13.901199999999999,3.1844999999999999
18641,-28.4908,3.1547000000000001
18642,8.9346999999999994,3.2235
18643,-27.331299999999999,3.1566000000000001
18644,-6.2686000000000002,3.1938
18645,-2.9885000000000002,3.2031000000000001
18646,5.1338999999999997,3.2216999999999998
18647,19.091000000000001,3.2551999999999999
18648,17.7393,3.2589000000000001
18649,15.104100000000001,3.2570000000000001
18650,11.972899999999999,3.2551999999999999
18651,8.6928999999999998,3.2496
18652,0,3.2328000000000001
18653,0,3.2309999999999999
18654,0,3.2290999999999999
18655,0,3.2290999999999999
18656,0,3.2290999999999999
18657,0,3.2290999999999999
18658,0,3.2290999999999999
18659,0,3.2290999999999999
18660,0,3.2290999999999999
18661,0,3.2290999999999999
18662,0,3.2290999999999999
18663,0,3.2290999999999999
18664,0,3.2290999999999999
18665,0,3.2290999999999999
18666,0,3.2290999999999999
18667,0,3.2309999999999999
18668,0,3.2309999999999999
18669,0,3.2309999999999999
18670,0,3.2309999999999999
18671,0,3.2309999999999999
18672,0,3.2309999999999999
18673,0,3.2309999999999999
18674,0,3.2309999999999999
18675,0,3.2309999999999999
18676,0,3.2309999999999999
18677,0,3.2309999999999999
18678,0,3.2309999999999999
18679,0,3.2309999999999999
18680,-4.9044999999999996,3.2216999999999998
18681,-10.6274,3.2086999999999999
18682,-17.813700000000001,3.1901000000000002
18683,-18.6693,3.1844999999999999
18684,-16.5364,3.1844999999999999
18685,-15.011100000000001,3.1844999999999999
18686,-9.5424000000000007,3.1956000000000002
18687,-26.1036,3.1621999999999999
18688,-7.0621999999999998,3.1956000000000002
18689,-14.0997,3.1825999999999999
18690,-11.104900000000001,3.1882000000000001
18691,-2.8334999999999999,3.2048999999999999
18692,-20.734100000000002,3.1696
18693,1.2524,3.2124000000000001
18694,0.84940000000000004,3.2141999999999999
18695,0.78120000000000001,3.218
18696,1.2524,3.2198000000000002
18697,1.6927000000000001,3.2216999999999998
18698,1.2585999999999999,3.2216999999999998
18699,0.73780000000000001,3.2235
18700,4.1356000000000002,3.2290999999999999
18701,3.4535999999999998,3.2309999999999999
18702,3.0876999999999999,3.2309999999999999
18703,2.9016999999999999,3.2328000000000001
18704,4.3464,3.2347000000000001
18705,7.5396000000000001,3.2440000000000002
18706,0,3.2290999999999999
18707,0,3.2290999999999999
18708,0,3.2290999999999999
18709,0,3.2290999999999999
18710,0,3.2290999999999999
18711,0,3.2290999999999999
18712,0,3.2290999999999999
18713,0,3.2290999999999999
18714,0,3.2290999999999999
18715,0,3.2290999999999999
18716,0,3.2290999999999999
18717,0,3.2290999999999999
18718,0,3.2290999999999999
18719,0,3.2290999999999999
18720,0,3.2290999999999999
18721,0,3.2290999999999999
18722,0,3.2290999999999999
18723,0,3.2309999999999999
18724,0,3.2309999999999999
18725,0,3.2309999999999999
18726,0,3.2309999999999999
18727,0,3.2309999999999999
18728,0,3.2309999999999999
18729,0,3.2309999999999999
18730,0,3.2309999999999999
18731,0,3.2309999999999999
18732,0,3.2309999999999999
18733,0,3.2309999999999999
18734,0,3.2309999999999999
18735,0,3.2309999999999999
18736,0,3.2309999999999999
18737,-9.6229999999999993,3.2124000000000001
18738,-9.4618000000000002,3.2105000000000001
18739,-15.3459,3.1938
18740,-18.700299999999999,3.1844999999999999
18741,-21.1309,3.1751999999999998
18742,-23.363,3.1677
18743,-6.3368000000000002,3.1974999999999998
18744,-9.3129000000000008,3.1938
18745,-27.814900000000002,3.1566000000000001
18746,-13.1386,3.1808000000000001
18747,-10.615,3.1863000000000001
18748,-4.5758000000000001,3.2012
18749,0.84940000000000004,3.2124000000000001
18750,1.7361,3.218
18751,1.7361,3.2198000000000002
18752,1.2524,3.2216999999999998
18753,1.6555,3.2235
18754,11.458299999999999,3.2440000000000002
18755,7.1738,3.2403
18756,-1.8229,3.2235
18757,-4.5758000000000001,3.2161
18758,-4.7122999999999999,3.2141999999999999
18759,-6.0576999999999996,3.2105000000000001
18760,-12.0101,3.1974999999999998
18761,-20.1388,3.177
18762,-22.302800000000001,3.1696
18763,-20.535699999999999,3.1677
18764,-5.3818999999999999,3.1956000000000002
18765,-0.54559999999999997,3.2105000000000001
18766,-1.9097,3.2105000000000001
18767,5.7415000000000003,3.2273000000000001
18768,10.695600000000001,3.2403
18769,7.3411999999999997,3.2366000000000001
18770,4.1356000000000002,3.2328000000000001
18771,-1.9469000000000001,3.2216999999999998
18772,-17.7455,3.1863000000000001
18773,-21.819099999999999,3.1732999999999998
18774,-20.8643,3.1715
18775,-21.0565,3.1677
18776,-15.2591,3.1751999999999998
18777,-8.5813000000000006,3.1882000000000001
18778,-7.3845999999999998,3.1919
18779,-5.3013000000000003,3.1974999999999998
18780,0.73160000000000003,3.2124000000000001
18781,-2.2259000000000002,3.2086999999999999
18782,-5.9523000000000001,3.2012
18783,-5.2579000000000002,3.2031000000000001
18784,-2.2631000000000001,3.2105000000000001
18785,-2.2259000000000002,3.2105000000000001
18786,-3.7450000000000001,3.2086999999999999
18787,-10.143800000000001,3.1938
18788,-10.329800000000001,3.1919
18789,-5.5058999999999996,3.2012
18790,0.21079999999999999,3.2141999999999999
18791,1.302,3.218
18792,-5.2950999999999997,3.2067999999999999
18793,-8.9408999999999992,3.1974999999999998
18794,-11.985300000000001,3.1882000000000001
18795,-4.1108000000000002,3.2048999999999999
18796,0.16120000000000001,3.2141999999999999
18797,-9.2632999999999992,3.1956000000000002
18798,-11.6691,3.1882000000000001
18799,-14.217499999999999,3.1825999999999999
18800,-18.6631,3.1715
18801,-13.907400000000001,3.1789000000000001
18802,-11.8613,3.1808000000000001
18803,-8.9842999999999993,3.1863000000000001
18804,-9.1021000000000001,3.1863000000000001
18805,-9.2632999999999992,3.1863000000000001
18806,-5.1090999999999998,3.1956000000000002
18807,-1.6245000000000001,3.2048999999999999
18808,-3.2614000000000001,3.2031000000000001
18809,-3.2614000000000001,3.2048999999999999
18810,-6.7026000000000003,3.1956000000000002
18811,-10.825799999999999,3.1882000000000001
18812,0.73780000000000001,3.2105000000000001
18813,1.3764000000000001,3.2141999999999999
18814,0.73780000000000001,3.2141999999999999
18815,-8.8665000000000003,3.1956000000000002
18816,-12.0969,3.1882000000000001
18817,-10.745200000000001,3.1882000000000001
18818,-7.7069999999999999,3.1938
18819,-6.9071999999999996,3.1938
18820,-3.4226000000000001,3.2031000000000001
18821,1.3764000000000001,3.2141999999999999
18822,2.0956999999999999,3.218
18823,-6.5476000000000001,3.2031000000000001
18824,-8.9718999999999998,3.1938
18825,-12.307700000000001,3.1863000000000001
18826,-12.5806,3.1844999999999999
18827,-13.8268,3.1789000000000001
18828,-11.507899999999999,3.1825999999999999
18829,-8.3147000000000002,3.1882000000000001
18830,-1.9097,3.2031000000000001
18831,1.3702000000000001,3.2124000000000001
18832,21.385100000000001,3.2570000000000001
18833,19.5684,3.2606999999999999
18834,18.334499999999998,3.2625999999999999
18835,15.5877,3.2606999999999999
18836,12.4255,3.2570000000000001
18837,9.1393000000000004,3.2532999999999999
18838,0,3.2328000000000001
18839,0,3.2309999999999999
18840,0,3.2309999999999999
18841,0,3.2309999999999999
18842,0,3.2290999999999999
18843,0,3.2290999999999999
18844,0,3.2290999999999999
18845,0,3.2290999999999999
18846,0,3.2290999999999999
18847,0,3.2290999999999999
18848,0,3.2290999999999999
18849,0,3.2290999999999999
18850,0,3.2290999999999999
18851,0,3.2290999999999999
18852,0,3.2290999999999999
18853,0,3.2290999999999999
18854,0,3.2290999999999999
18855,0,3.2290999999999999
18856,0,3.2290999999999999
18857,0,3.2290999999999999
18858,0,3.2290999999999999
18859,0,3.2290999999999999
18860,0,3.2290999999999999
18861,0,3.2290999999999999
18862,0,3.2290999999999999
18863,0,3.2290999999999999
18864,0,3.2290999999999999
18865,0,3.2290999999999999
18866,0,3.2290999999999999
18867,0,3.2290999999999999
18868,0,3.2309999999999999
18869,0,3.2309999999999999
18870,0,3.2290999999999999
18871,0,3.2309999999999999
18872,0,3.2309999999999999
18873,0,3.2309999999999999
18874,0,3.2309999999999999
18875,0,3.2309999999999999
18876,0,3.2309999999999999
18877,0,3.2309999999999999
18878,0,3.2309999999999999
18879,0,3.2309999999999999
18880,-10.503399999999999,3.2105000000000001
18881,-14.4717,3.1974999999999998
18882,-18.346900000000002,3.1863000000000001
18883,-22.823599999999999,3.1732999999999998
18884,-28.614799999999999,3.1566000000000001
18885,-33.451099999999997,3.1398000000000001
18886,-29.259599999999999,3.1436000000000002
18887,-28.230399999999999,3.1417000000000002
18888,-22.3462,3.1509999999999998
18889,-12.1775,3.1732999999999998
18890,2.6970999999999998,3.2048999999999999
18891,1.8663000000000001,3.2086999999999999
18892,0.73780000000000001,3.2105000000000001
18893,-7.4279999999999999,3.1938
18894,-6.1444999999999999,3.1956000000000002
18895,-6.2188999999999997,3.1956000000000002
18896,-9.1082999999999998,3.1901000000000002
18897,-21.496700000000001,3.1640000000000001
18898,2.7776999999999998,3.2105000000000001
18899,14.0562,3.2383999999999999
18900,6.0949,3.2273000000000001
18901,16.145800000000001,3.2513999999999998
18902,6.9691999999999998,3.2366000000000001
18903,1.0602,3.2254
18904,-10.2182,3.2031000000000001
18905,-6.7770000000000001,3.2067999999999999
18906,-15.6622,3.1863000000000001
18907,-26.773299999999999,3.1583999999999999
18908,-30.846900000000002,3.1436000000000002
18909,-39.967700000000001,3.1212
18910,-39.967700000000001,3.1156000000000001
18911,-39.961500000000001,3.1118999999999999
18912,-39.967700000000001,3.1082000000000001
18913,-25.297599999999999,3.1343000000000001
18914,-39.9739,3.1063000000000001
18915,-30.133900000000001,3.1212
18916,-39.9739,3.1008
18917,-38.262599999999999,3.1008
18918,-39.967700000000001,3.097
18919,-29.172799999999999,3.1175000000000002
18920,-27.455300000000001,3.1212
18921,-25.886600000000001,3.125
18922,-10.503399999999999,3.1547000000000001
18923,-6.4236000000000004,3.1659000000000002
18924,-8.7486999999999995,3.1640000000000001
18925,-6.2624000000000004,3.1715
18926,-10.267799999999999,3.1659000000000002
18927,-10.2616,3.1659000000000002
18928,-10.2616,3.1659000000000002
18929,-10.2616,3.1659000000000002
18930,-14.831300000000001,3.1583999999999999
18931,-14.9057,3.1566000000000001
18932,-21.819099999999999,3.1417000000000002
18933,-24.503900000000002,3.1343000000000001
18934,-24.968900000000001,3.1324000000000001
18935,-20.740300000000001,3.1379999999999999
18936,-23.456099999999999,3.1343000000000001
18937,-26.2834,3.1267999999999998
18938,-21.899799999999999,3.1343000000000001
18939,-24.689900000000002,3.1286999999999998
18940,-30.127700000000001,3.1175000000000002
18941,-39.9739,3.0952000000000002
18942,-39.564700000000002,3.0933000000000002
18943,-27.746700000000001,3.1156000000000001
18944,-22.817399999999999,3.125
18945,-17.540900000000001,3.1360999999999999
18946,-12.3697,3.1473
18947,-7.4652000000000003,3.1602999999999999
18948,-14.694900000000001,3.1473
18949,-19.9466,3.1379999999999999
18950,-23.003399999999999,3.1305000000000001
18951,-25.9238,3.1231
18952,-20.696899999999999,3.1324000000000001
18953,-26.488,3.1212
18954,-21.1371,3.1305000000000001
18955,-24.342700000000001,3.125
18956,-18.8492,3.1343000000000001
18957,-16.207799999999999,3.1398000000000001
18958,-11.421099999999999,3.1509999999999998
18959,-16.108599999999999,3.1417000000000002
18960,-16.0962,3.1436000000000002
18961,-16.102399999999999,3.1436000000000002
18962,-16.0962,3.1436000000000002
18963,-16.108599999999999,3.1436000000000002
18964,-13.3866,3.1490999999999998
18965,-8.3828999999999994,3.1602999999999999
18966,-8.2155000000000005,3.1621999999999999
18967,1.5376000000000001,3.1825999999999999
18968,-2.1453000000000002,3.1808000000000001
18969,-4.6192000000000002,3.1751999999999998
18970,-9.7469999999999999,3.1677
18971,-6.9816000000000003,3.1715
18972,-11.5761,3.1640000000000001
18973,-22.030000000000001,3.1398000000000001
18974,-16.852599999999999,3.1473
18975,-16.902200000000001,3.1473
18976,-14.3477,3.1509999999999998
18977,-7.0250000000000004,3.1677
18978,-4.1852,3.1751999999999998
18979,-4.1479999999999997,3.177
18980,-3.9371999999999998,3.1789000000000001
18981,-1.0664,3.1863000000000001
18982,-20.734100000000002,3.1473
18983,-3.6334,3.1789000000000001
18984,-10.6708,3.1659000000000002
18985,-8.7052999999999994,3.1696
18986,-8.5379000000000005,3.1715
18987,-15.333500000000001,3.1583999999999999
18988,-11.1111,3.1640000000000001
18989,-39.961500000000001,3.1063000000000001
18990,2.0895000000000001,3.1825999999999999
18991,-39.967700000000001,3.1025999999999998
18992,-13.9384,3.1490999999999998
18993,-27.182500000000001,3.125
18994,-39.961500000000001,3.0952000000000002
18995,-28.4846,3.1156000000000001
18996,-20.5791,3.1305000000000001
18997,-26.413599999999999,3.1194000000000002
18998,-15.7552,3.1379999999999999
18999,-10.9002,3.1490999999999998
19000,0,3.1751999999999998
19001,1.6927000000000001,3.1825999999999999
19002,4.7370999999999999,3.1919
19003,7.9364999999999997,3.2031000000000001
19004,6.6158000000000001,3.2048999999999999
19005,-12.8596,3.1659000000000002
19006,-12.8596,3.1640000000000001
19007,-3.2242000000000002,3.1808000000000001
19008,6.6901999999999999,3.2048999999999999
19009,-10.267799999999999,3.1732999999999998
19010,-14.3043,3.1621999999999999
19011,-10.267799999999999,3.1677
19012,-2.5855000000000001,3.1825999999999999
19013,-9.9391999999999996,3.1696
19014,-11.6381,3.1659000000000002
19015,-11.6257,3.1659000000000002
19016,-2.3437000000000001,3.1825999999999999
19017,0,3.1901000000000002
19018,0.17979999999999999,3.1919
19019,5.1835000000000004,3.2067999999999999
19020,8.0170999999999992,3.2141999999999999
19021,7.9861000000000004,3.2161
19022,9.1393000000000004,3.2216999999999998
19023,9.0587,3.2235
19024,7.8125,3.2216999999999998
19025,8.8541000000000007,3.2254
19026,15.2219,3.2403
19027,11.656700000000001,3.2366000000000001
19028,14.223699999999999,3.2421000000000002
19029,10.0198,3.2366000000000001
19030,8.5813000000000006,3.2347000000000001
19031,5.6174999999999997,3.2290999999999999
19032,4.6999000000000004,3.2273000000000001
19033,-3.3420000000000001,3.2124000000000001
19034,1.3764000000000001,3.2198000000000002
19035,5.3013000000000003,3.2273000000000001
19036,8.9718999999999998,3.2347000000000001
19037,15.786199999999999,3.2513999999999998
19038,17.857099999999999,3.2589000000000001
19039,5.9337,3.2366000000000001
19040,3.7698,3.2309999999999999
19041,1.6183000000000001,3.2273000000000001
19042,5.2579000000000002,3.2328000000000001
19043,4.7805,3.2328000000000001
19044,8.5441000000000003,3.2403
19045,3.8193999999999999,3.2328000000000001
19046,0,3.2235
19047,0,3.2235
19048,0,3.2216999999999998
19049,0,3.2216999999999998
19050,0,3.2216999999999998
19051,0,3.2216999999999998
19052,0,3.2216999999999998
19053,0,3.2216999999999998
19054,0,3.2216999999999998
19055,0,3.2198000000000002
19056,0,3.2216999999999998
19057,0,3.2198000000000002
19058,0,3.2198000000000002
19059,0,3.2198000000000002
19060,0,3.2198000000000002
19061,0,3.2198000000000002
19062,0,3.2198000000000002
19063,-3.3420000000000001,3.2141999999999999
19064,-10.633599999999999,3.1974999999999998
19065,-16.691400000000002,3.1808000000000001
19066,-20.213200000000001,3.1715
19067,-24.572099999999999,3.1583999999999999
19068,-28.2242,3.1454
19069,-27.827300000000001,3.1417000000000002
19070,-30.766300000000001,3.1324000000000001
19071,-16.902200000000001,3.1583999999999999
19072,-21.744700000000002,3.1473
19073,-20.975899999999999,3.1473
19074,-23.660699999999999,3.1398000000000001
19075,-31.448399999999999,3.1231
19076,-16.213999999999999,3.1490999999999998
19077,-16.784400000000002,3.1490999999999998
19078,-13.1076,3.1583999999999999
19079,-15.978400000000001,3.1547000000000001
19080,-17.609100000000002,3.1473
19081,-19.816400000000002,3.1436000000000002
19082,-7.9364999999999997,3.1677
19083,-10.782400000000001,3.1640000000000001
19084,-4.2968000000000002,3.177
19085,-0.50219999999999998,3.1863000000000001
19086,-8.9842999999999993,3.1732999999999998
19087,-18.898800000000001,3.1509999999999998
19088,-14.818899999999999,3.1583999999999999
19089,-6.5785999999999998,3.1732999999999998
19090,-6.5724,3.1751999999999998
19091,-6.5785999999999998,3.1751999999999998
19092,-6.5785999999999998,3.177
19093,-6.5848000000000004,3.177
19094,-7.7813999999999997,3.1751999999999998
19095,-11.458299999999999,3.1677
19096,-7.9427000000000003,3.1732999999999998
19097,-4.7805,3.1808000000000001
19098,0.48980000000000001,3.1919
19099,5.1835000000000004,3.2067999999999999
19100,6.0576999999999996,3.2105000000000001
19101,2.2507000000000001,3.2067999999999999
19102,15.2591,3.2328000000000001
19103,16.6294,3.2403
19104,20.1264,3.2513999999999998
19105,14.694900000000001,3.2440000000000002
19106,13.6098,3.2440000000000002
19107,12.2829,3.2421000000000002
19108,10.6212,3.2403
19109,6.2188999999999997,3.2328000000000001
19110,0,3.2216999999999998
19111,0,3.2198000000000002
19112,0,3.218
19113,0,3.218
19114,0,3.218
19115,0,3.218
19116,0,3.218
19117,0,3.2161
19118,0,3.2161
19119,-8.3457000000000008,3.2012
19120,-10.6708,3.1919
19121,-17.050999999999998,3.177
19122,-23.220400000000001,3.1602999999999999
19123,-27.374700000000001,3.1454
19124,-32.204799999999999,3.1305000000000001
19125,-39.955300000000001,3.1101000000000001
19126,-35.602600000000002,3.1137999999999999
19127,-11.786899999999999,3.1583999999999999
19128,-28.366800000000001,3.1267999999999998
19129,-24.5473,3.1324000000000001
19130,-18.650700000000001,3.1417000000000002
19131,-6.6219999999999999,3.1677
19132,-3.1932,3.177
19133,0,3.1863000000000001
19134,0.73780000000000001,3.1919
19135,1.3702000000000001,3.1956000000000002
19136,3.7326000000000001,3.2031000000000001
19137,17.708300000000001,3.2347000000000001
19138,18.1051,3.2403
19139,15.333500000000001,3.2383999999999999
19140,12.1713,3.2366000000000001
19141,8.9346999999999994,3.2309999999999999
19142,0,3.2141999999999999
19143,0,3.2141999999999999
19144,0,3.2124000000000001
19145,0,3.2124000000000001
19146,0,3.2124000000000001
19147,0,3.2124000000000001
19148,0,3.2124000000000001
19149,0,3.2124000000000001
19150,0,3.2124000000000001
19151,0,3.2124000000000001
19152,0,3.2124000000000001
19153,0,3.2124000000000001
19154,0,3.2141999999999999
19155,0,3.2141999999999999
19156,0,3.2141999999999999
19157,0,3.2141999999999999
19158,0,3.2141999999999999
19159,0,3.2141999999999999
19160,0,3.2141999999999999
19161,0,3.2141999999999999
19162,0,3.2141999999999999
19163,0,3.2141999999999999
19164,-10.497199999999999,3.1919
19165,-14.459300000000001,3.1808000000000001
19166,-18.353100000000001,3.1696
19167,-22.811199999999999,3.1566000000000001
19168,-28.614799999999999,3.1398000000000001
19169,-33.457299999999996,3.125
19170,-39.9739,3.1082000000000001
19171,-39.967700000000001,3.1008
19172,-22.0548,3.1324000000000001
19173,-21.812899999999999,3.1343000000000001
19174,-39.967700000000001,3.097
19175,-28.3978,3.1156000000000001
19176,-14.459300000000001,3.1436000000000002
19177,-24.844899999999999,3.125
19178,-10.8506,3.1509999999999998
19179,-14.5771,3.1454
19180,-14.8561,3.1454
19181,-4.6254,3.1677
19182,-7.7751999999999999,3.1640000000000001
19183,-7.8186999999999998,3.1659000000000002
19184,-2.7033,3.177
19185,-0.70679999999999998,3.1825999999999999
19186,-11.2599,3.1640000000000001
19187,-6.5724,3.1715
19188,0.53939999999999999,3.1882000000000001
19189,-4.5014000000000003,3.1808000000000001
19190,-4.4332000000000003,3.1808000000000001
19191,-2.5049000000000001,3.1844999999999999
19192,-6.3182,3.1789000000000001
19193,-6.3182,3.177
19194,-6.2995999999999999,3.177
19195,-6.3120000000000003,3.1789000000000001
19196,-6.3120000000000003,3.1789000000000001
19197,-2.4676999999999998,3.1863000000000001
19198,-8.1472999999999995,3.1751999999999998
19199,-8.1906999999999996,3.1751999999999998
19200,-11.049099999999999,3.1696
19201,-0.58279999999999998,3.1882000000000001
19202,-2.4615,3.1863000000000001
19203,-6.2188999999999997,3.1808000000000001
19204,-6.2251000000000003,3.1808000000000001
19205,-2.4243000000000001,3.1882000000000001
19206,-2.3437000000000001,3.1882000000000001
19207,-4.1852,3.1863000000000001
19208,6.0143000000000004,3.2086999999999999
19209,10.212,3.2198000000000002
19210,13.1386,3.2290999999999999
19211,13.857799999999999,3.2347000000000001
19212,14.8499,3.2403
19213,15.972200000000001,3.2440000000000002
19214,13.2936,3.2421000000000002
19215,13.305999999999999,3.2440000000000002
19216,10.695600000000001,3.2403
19217,6.8141999999999996,3.2328000000000001
19218,0,3.2198000000000002
19219,0,3.218
19220,0,3.218
19221,0,3.2161
19222,0,3.2161
19223,0,3.2161
19224,0,3.2161
19225,0,3.2161
19226,0,3.2161
19227,-3.9868000000000001,3.2086999999999999
19228,-7.5396000000000001,3.1974999999999998
19229,-6.6592000000000002,3.1974999999999998
19230,-3.6334,3.2031000000000001
19231,-11.421099999999999,3.1863000000000001
19232,-7.1055999999999999,3.1919
19233,-6.6281999999999996,3.1919
19234,-10.311199999999999,3.1844999999999999
19235,-15.8606,3.1715
19236,-17.4665,3.1659000000000002
19237,-16.344200000000001,3.1640000000000001
19238,-13.9322,3.1677
19239,-13.498200000000001,3.1677
19240,-12.028700000000001,3.1696
19241,-13.349399999999999,3.1659000000000002
19242,-14.4717,3.1640000000000001
19243,-12.574400000000001,3.1659000000000002
19244,-11.7807,3.1677
19245,-8.7052999999999994,3.1732999999999998
19246,-5.3013000000000003,3.1808000000000001
19247,-3.8256000000000001,3.1844999999999999
19248,-3.8193999999999999,3.1863000000000001
19249,-3.8256000000000001,3.1863000000000001
19250,-3.8317999999999999,3.1863000000000001
19251,-3.8256000000000001,3.1882000000000001
19252,-11.7807,3.1732999999999998
19253,-6.3491999999999997,3.1808000000000001
19254,-6.4236000000000004,3.1808000000000001
19255,0.73160000000000003,3.1956000000000002
19256,0.73780000000000001,3.1974999999999998
19257,-0.78739999999999999,3.1974999999999998
19258,-3.8256000000000001,3.1919
19259,-3.8256000000000001,3.1919
19260,1.8105,3.2048999999999999
19261,6.2188999999999997,3.2141999999999999
19262,16.505400000000002,3.2383999999999999
19263,13.305999999999999,3.2366000000000001
19264,10.7018,3.2347000000000001
19265,0,3.2141999999999999
19266,0,3.2141999999999999
19267,0,3.2124000000000001
19268,0,3.2124000000000001
19269,0,3.2124000000000001
19270,0,3.2124000000000001
19271,0,3.2105000000000001
19272,0,3.2124000000000001
19273,0,3.2124000000000001
19274,0,3.2124000000000001
19275,0,3.2124000000000001
19276,0,3.2124000000000001
19277,0,3.2124000000000001
19278,0,3.2124000000000001
19279,0,3.2124000000000001
19280,0,3.2124000000000001
19281,0,3.2141999999999999
19282,0,3.2124000000000001
19283,0,3.2124000000000001
19284,0,3.2124000000000001
19285,-10.503399999999999,3.1901000000000002
19286,-14.4655,3.1789000000000001
19287,-18.353100000000001,3.1677
19288,-22.563199999999998,3.1547000000000001
19289,-13.2936,3.1696
19290,-13.0642,3.1696
19291,-11.0243,3.1732999999999998
19292,-2.1515,3.1901000000000002
19293,-2.1453000000000002,3.1938
19294,-6.3182,3.1863000000000001
19295,-4.1479999999999997,3.1901000000000002
19296,-2.1453000000000002,3.1938
19297,-0.1426,3.2012
19298,1.054,3.2048999999999999
19299,-1.147,3.2031000000000001
19300,0.29759999999999998,3.2048999999999999
19301,-6.2624000000000004,3.1919
19302,-3.2242000000000002,3.1956000000000002
19303,-1.147,3.2031000000000001
19304,0.61380000000000001,3.2067999999999999
19305,-1.1097999999999999,3.2048999999999999
19306,-2.0647000000000002,3.2031000000000001
19307,-3.0691000000000002,3.2012
19308,-6.2686000000000002,3.1919
19309,-7.2667999999999999,3.1882000000000001
19310,-10.466200000000001,3.1808000000000001
19311,-8.9533000000000005,3.1825999999999999
19312,-12.5496,3.1732999999999998
19313,-10.9809,3.1751999999999998
19314,-3.9371999999999998,3.1882000000000001
19315,-3.9805999999999999,3.1901000000000002
19316,-7.7504,3.1825999999999999
19317,-7.5457999999999998,3.1825999999999999
19318,-7.6574,3.1825999999999999
19319,-4.5819999999999999,3.1882000000000001
19320,-3.2242000000000002,3.1901000000000002
19321,-3.2242000000000002,3.1919
19322,-5.3446999999999996,3.1882000000000001
19323,-14.9801,3.1677
19324,-20.517099999999999,3.1509999999999998
19325,-15.2529,3.1602999999999999
19326,-10.825799999999999,3.1677
19327,-10.4724,3.1696
19328,3.9868000000000001,3.1974999999999998
19329,17.702100000000002,3.2309999999999999
19330,16.220199999999998,3.2366000000000001
19331,13.0952,3.2347000000000001
19332,9.7531999999999996,3.2309999999999999
19333,0,3.2124000000000001
19334,0,3.2124000000000001
19335,0,3.2105000000000001
19336,0,3.2105000000000001
19337,0,3.2105000000000001
19338,0,3.2105000000000001
19339,0,3.2105000000000001
19340,0,3.2105000000000001
19341,0,3.2105000000000001
19342,0,3.2105000000000001
19343,0,3.2105000000000001
19344,0,3.2105000000000001
19345,0,3.2105000000000001
19346,0,3.2124000000000001
19347,0,3.2105000000000001
19348,0,3.2124000000000001
19349,0,3.2124000000000001
19350,0,3.2124000000000001
19351,0,3.2124000000000001
19352,0,3.2124000000000001
19353,0,3.2124000000000001
19354,0,3.2124000000000001
19355,0,3.2124000000000001
19356,0,3.2124000000000001
19357,0,3.2124000000000001
19358,0,3.2124000000000001
19359,0,3.2124000000000001
19360,0,3.2124000000000001
19361,0,3.2141999999999999
19362,-6.4669999999999996,3.2012
19363,-8.1844999999999999,3.1938
19364,-17.131599999999999,3.1732999999999998
19365,-13.901199999999999,3.1751999999999998
19366,-16.424800000000001,3.1677
19367,-12.022500000000001,3.1751999999999998
19368,-11.656700000000001,3.1751999999999998
19369,-20.027200000000001,3.1566000000000001
19370,-21.620699999999999,3.1473
19371,-16.5426,3.1566000000000001
19372,-15.749000000000001,3.1566000000000001
19373,-15.463699999999999,3.1566000000000001
19374,-17.540900000000001,3.1490999999999998
19375,-13.498200000000001,3.1583999999999999
19376,-7.6264000000000003,3.1696
19377,-9.1827000000000005,3.1696
19378,-5.6670999999999996,3.1751999999999998
19379,-5.7042999999999999,3.177
19380,-4.1479999999999997,3.1808000000000001
19381,-6.5848000000000004,3.177
19382,-5.7415000000000003,3.1789000000000001
19383,-4.1852,3.1825999999999999
19384,1.2958000000000001,3.1956000000000002
19385,1.2958000000000001,3.1974999999999998
19386,10.131399999999999,3.218
19387,11.2165,3.2254
19388,13.3742,3.2328000000000001
19389,7.8559000000000001,3.2254
19390,6.2561999999999998,3.2235
19391,7.6512000000000002,3.2273000000000001
19392,0,3.2124000000000001
19393,0,3.2124000000000001
19394,0,3.2124000000000001
19395,0,3.2105000000000001
19396,0,3.2105000000000001
19397,0,3.2105000000000001
19398,0,3.2105000000000001
19399,0,3.2105000000000001
19400,0,3.2105000000000001
19401,0,3.2105000000000001
19402,0,3.2105000000000001
19403,0,3.2105000000000001
19404,0,3.2124000000000001
19405,0,3.2105000000000001
19406,0,3.2124000000000001
19407,0,3.2124000000000001
19408,0,3.2124000000000001
19409,0,3.2124000000000001
19410,-4.5758000000000001,3.2031000000000001
19411,-6.2561999999999998,3.1956000000000002
19412,-3.8628,3.2012
19413,-6.9753999999999996,3.1938
19414,-14.0314,3.177
19415,-13.6656,3.1751999999999998
19416,-15.9846,3.1677
19417,-10.2182,3.177
19418,-16.288399999999999,3.1640000000000001
19419,-5.1090999999999998,3.1844999999999999
19420,-0.10539999999999999,3.1956000000000002
19421,-2.0647000000000002,3.1938
19422,-16.858799999999999,3.1640000000000001
19423,-11.8613,3.1715
19424,-11.470700000000001,3.1715
19425,-16.945599999999999,3.1583999999999999
19426,-14.1121,3.1621999999999999
19427,-3.2242000000000002,3.1825999999999999
19428,0.84940000000000004,3.1938
19429,-10.2182,3.1732999999999998
19430,-10.509600000000001,3.1715
19431,-5.6237000000000004,3.1808000000000001
19432,4.0983999999999998,3.2031000000000001
19433,3.621,3.2048999999999999
19434,4.5448000000000004,3.2086999999999999
19435,11.098699999999999,3.2254
19436,10.9809,3.2290999999999999
19437,8.1721000000000004,3.2254
19438,0,3.2105000000000001
19439,0,3.2086999999999999
19440,0,3.2086999999999999
19441,0,3.2086999999999999
19442,0,3.2086999999999999
19443,0,3.2105000000000001
19444,-0.41539999999999999,3.2086999999999999
19445,-8.7052999999999994,3.1901000000000002
19446,-10.6646,3.1825999999999999
19447,-16.617000000000001,3.1696
19448,-20.380700000000001,3.1583999999999999
19449,-12.022500000000001,3.1696
19450,-17.4665,3.1583999999999999
19451,-18.905000000000001,3.1509999999999998
19452,-17.255700000000001,3.1509999999999998
19453,-21.738499999999998,3.1417000000000002
19454,-20.944900000000001,3.1398000000000001
19455,-19.989999999999998,3.1398000000000001
19456,-16.232600000000001,3.1473
19457,-16.933199999999999,3.1436000000000002
19458,-11.8613,3.1566000000000001
19459,-10.788600000000001,3.1583999999999999
19460,-8.1100999999999992,3.1640000000000001
19461,-9.6663999999999994,3.1621999999999999
19462,-8.3890999999999991,3.1659000000000002
19463,-4.5076000000000001,3.1732999999999998
19464,0,3.1844999999999999
19465,-2.7776999999999998,3.1825999999999999
19466,-1.147,3.1863000000000001
19467,1.3764000000000001,3.1919
19468,2.6227,3.1974999999999998
19469,6.7831999999999999,3.2086999999999999
19470,10.776199999999999,3.2198000000000002
19471,10.1128,3.2235
19472,11.743499999999999,3.2290999999999999
19473,9.8585999999999991,3.2273000000000001
19474,5.2579000000000002,3.2198000000000002
19475,6.6840000000000002,3.2235
19476,0,3.2105000000000001
19477,0,3.2105000000000001
19478,0,3.2086999999999999
19479,0,3.2086999999999999
19480,-0.496,3.2086999999999999
19481,0,3.2086999999999999
19482,0,3.2086999999999999
19483,-9.6229999999999993,3.1882000000000001
19484,-10.6646,3.1825999999999999
19485,-17.8323,3.1659000000000002
19486,-23.976900000000001,3.1473
19487,-24.1753,3.1417000000000002
19488,-16.133400000000002,3.1547000000000001
19489,-10.429,3.1659000000000002
19490,-13.0642,3.1602999999999999
19491,-14.273300000000001,3.1583999999999999
19492,-15.823399999999999,3.1509999999999998
19493,-16.5426,3.1490999999999998
19494,-25.297599999999999,3.1305000000000001
19495,-23.015799999999999,3.1305000000000001
19496,-16.858799999999999,3.1417000000000002
19497,-10.9871,3.1547000000000001
19498,-8.2217000000000002,3.1621999999999999
19499,-12.295299999999999,3.1547000000000001
19500,-4.5758000000000001,3.1696
19501,-4.5758000000000001,3.1715
19502,-2.9016999999999999,3.177
19503,0,3.1844999999999999
19504,-1.1841999999999999,3.1844999999999999
19505,-4.3898000000000001,3.1789000000000001
19506,-4.3836000000000004,3.1789000000000001
19507,-2.7776999999999998,3.1825999999999999
19508,2.0585,3.1938
19509,-2.6598999999999999,3.1863000000000001
19510,-4.1790000000000003,3.1825999999999999
19511,-4.1852,3.1825999999999999
19512,-4.1790000000000003,3.1825999999999999
19513,-4.1790000000000003,3.1825999999999999
19514,-4.1852,3.1825999999999999
19515,-5.8282999999999996,3.1808000000000001
19516,-9.5486000000000004,3.1715
19517,-11.235099999999999,3.1677
19518,-25.489799999999999,3.1343000000000001
19519,-19.376200000000001,3.1417000000000002
19520,-19.773,3.1379999999999999
19521,-20.535699999999999,3.1343000000000001
19522,-5.8220999999999998,3.1640000000000001
19523,-14.453099999999999,3.1473
19524,-12.0101,3.1547000000000001
19525,-10.509600000000001,3.1566000000000001
19526,-4.1356000000000002,3.1696
19527,-2.2197,3.1751999999999998
19528,-5.9027000000000003,3.1715
19529,-4.0364000000000004,3.1751999999999998
19530,-0.34720000000000001,3.1825999999999999
19531,1.3764000000000001,3.1882000000000001
19532,-3.9929999999999999,3.1789000000000001
19533,1.3702000000000001,3.1919
19534,1.3764000000000001,3.1919
19535,-3.6581999999999999,3.1844999999999999
19536,-0.080600000000000005,3.1919
19537,-3.5838000000000001,3.1844999999999999
19538,4.6936999999999998,3.2031000000000001
19539,2.1019000000000001,3.2012
19540,-3.1932,3.1882000000000001
19541,-4.8673000000000002,3.1844999999999999
19542,-4.8673000000000002,3.1844999999999999
19543,-4.8673000000000002,3.1825999999999999
19544,0,3.1919
19545,-3.0629,3.1882000000000001
19546,-4.7309000000000001,3.1844999999999999
19547,-1.3453999999999999,3.1901000000000002
19548,0.73780000000000001,3.1956000000000002
19549,2.6970999999999998,3.2031000000000001
19550,1.3702000000000001,3.2012
19551,2.6537000000000002,3.2048999999999999
19552,8.0233000000000008,3.218
19553,9.6105999999999998,3.2235
19554,8.7735000000000003,3.2235
19555,6.6158000000000001,3.2216999999999998
19556,5.2579000000000002,3.2198000000000002
19557,-2.4243000000000001,3.2048999999999999
19558,-11.476900000000001,3.1825999999999999
19559,-10.9002,3.1808000000000001
19560,-7.9364999999999997,3.1825999999999999
19561,-8.9842999999999993,3.1789000000000001
19562,-10.143800000000001,3.1751999999999998
19563,-10.466200000000001,3.1732999999999998
19564,-12.7418,3.1677
19565,-15.8606,3.1583999999999999
19566,-16.579799999999999,3.1547000000000001
19567,-11.6257,3.1621999999999999
19568,-3.9929999999999999,3.1789000000000001
19569,-6.3120000000000003,3.1751999999999998
19570,-6.343,3.1751999999999998
19571,-6.4669999999999996,3.1751999999999998
19572,-11.6691,3.1659000000000002
19573,-8.1844999999999999,3.1696
19574,-13.616,3.1583999999999999
19575,-6.2251000000000003,3.1715
19576,-6.2561999999999998,3.1732999999999998
19577,-6.2686000000000002,3.1732999999999998
19578,-2.9885000000000002,3.1808000000000001
19579,4.4269999999999996,3.1974999999999998
19580,2.0585,3.1956000000000002
19581,1.3764000000000001,3.1956000000000002
19582,6.1444999999999999,3.2086999999999999
19583,3.2614000000000001,3.2048999999999999
19584,1.2958000000000001,3.2031000000000001
19585,-7.3474000000000004,3.1825999999999999
19586,-7.4652000000000003,3.1808000000000001
19587,-8.9780999999999995,3.177
19588,-6.3182,3.1808000000000001
19589,-10.6646,3.1715
19590,-12.531000000000001,3.1640000000000001
19591,-11.5451,3.1659000000000002
19592,-8.0233000000000008,3.1715
19593,-11.972899999999999,3.1621999999999999
19594,-12.344900000000001,3.1602999999999999
19595,-7.1117999999999997,3.1696
19596,-2.9885000000000002,3.1789000000000001
19597,-2.9823,3.1808000000000001
19598,-2.9016999999999999,3.1825999999999999
19599,0.77500000000000002,3.1901000000000002
19600,0.78120000000000001,3.1919
19601,-2.7839,3.1863000000000001
19602,-4.3464,3.1825999999999999
19603,0.78120000000000001,3.1938
19604,0.78120000000000001,3.1956000000000002
19605,2.0213000000000001,3.2012
19606,-9.1144999999999996,3.177
19607,-10.708,3.1715
19608,-8.0233000000000008,3.1732999999999998
19609,-6.7026000000000003,3.177
19610,-1.147,3.1882000000000001
19611,-6.7088000000000001,3.177
19612,-4.3464,3.1808000000000001
19613,-4.3464,3.1825999999999999
19614,0,3.1919
19615,0.17979999999999999,3.1919
19616,1.3764000000000001,3.1956000000000002
19617,0.17979999999999999,3.1956000000000002
19618,-2.6288999999999998,3.1901000000000002
19619,-4.1852,3.1863000000000001
19620,-4.1913999999999998,3.1863000000000001
19621,-0.98580000000000001,3.1919
19622,-2.5049000000000001,3.1901000000000002
19623,-4.1356000000000002,3.1863000000000001
19624,0.17979999999999999,3.1956000000000002
19625,0.17979999999999999,3.1956000000000002
19626,-3.9371999999999998,3.1882000000000001
19627,-7.7813999999999997,3.1789000000000001
19628,-2.4615,3.1882000000000001
19629,0.21079999999999999,3.1956000000000002
19630,3.8193999999999999,3.2048999999999999
19631,4.7805,3.2086999999999999
19632,5.9398999999999997,3.2141999999999999
19633,1.7361,3.2067999999999999
19634,-2.8645,3.1956000000000002
19635,-3.9371999999999998,3.1919
19636,-13.0518,3.1732999999999998
19637,-12.388299999999999,3.1696
19638,-10.9064,3.1715
19639,-5.8159000000000001,3.1808000000000001
19640,-5.8654999999999999,3.1808000000000001
19641,-10.0632,3.1715
19642,-6.1073000000000004,3.1789000000000001
19643,-5.3509000000000002,3.1808000000000001
19644,-5.3818999999999999,3.1789000000000001
19645,-6.2686000000000002,3.1789000000000001
19646,0.217,3.1901000000000002
19647,-0.78739999999999999,3.1901000000000002
19648,-3.8256000000000001,3.1863000000000001
19649,-3.8256000000000001,3.1844999999999999
19650,0.21079999999999999,3.1938
19651,-0.74399999999999999,3.1938
19652,-0.74399999999999999,3.1938
19653,-3.6334,3.1882000000000001
19654,-5.9027000000000003,3.1825999999999999
19655,-10.1004,3.1732999999999998
19656,-3.8256000000000001,3.1844999999999999
19657,0.73780000000000001,3.1938
19658,-3.7450000000000001,3.1863000000000001
19659,1.302,3.1956000000000002
19660,-8.5379000000000005,3.1789000000000001
19661,-11.476900000000001,3.1696
19662,-10.3422,3.1696
19663,1.302,3.1919
19664,4.8921000000000001,3.2031000000000001
19665,10.6212,3.218
19666,8.9346999999999994,3.2198000000000002
19667,13.182,3.2309999999999999
19668,10.4848,3.2290999999999999
19669,7.3411999999999997,3.2235
19670,0,3.2105000000000001
19671,0,3.2086999999999999
19672,0,3.2086999999999999
19673,0,3.2067999999999999
19674,0,3.2067999999999999
19675,0,3.2067999999999999
19676,-6.4607999999999999,3.1919
19677,-9.7035999999999998,3.1844999999999999
19678,-20.541899999999998,3.1583999999999999
19679,-22.104399999999998,3.1473
19680,-26.2834,3.1343000000000001
19681,-20.851900000000001,3.1398000000000001
19682,-12.4255,3.1566000000000001
19683,-15.6622,3.1490999999999998
19684,-13.535399999999999,3.1509999999999998
19685,-12.2271,3.1566000000000001
19686,-14.4717,3.1490999999999998
19687,-21.099900000000002,3.1343000000000001
19688,-26.692699999999999,3.1212
19689,-19.171600000000002,3.1324000000000001
19690,-11.8179,3.1473
19691,-8.3085000000000004,3.1566000000000001
19692,-6.0576999999999996,3.1621999999999999
19693,-4.5014000000000003,3.1677
19694,-4.5014000000000003,3.1696
19695,3.6520000000000001,3.1882000000000001
19696,-1.1097999999999999,3.1808000000000001
19697,0.17979999999999999,3.1844999999999999
19698,0.77500000000000002,3.1882000000000001
19699,0.17979999999999999,3.1882000000000001
19700,1.302,3.1919
19701,0.17979999999999999,3.1901000000000002
19702,1.2958000000000001,3.1938
19703,5.8159000000000001,3.2048999999999999
19704,10.6274,3.218
19705,1.2958000000000001,3.2031000000000001
19706,-2.8334999999999999,3.1919
19707,-6.3120000000000003,3.1825999999999999
19708,-10.7018,3.1732999999999998
19709,-9.1393000000000004,3.1732999999999998
19710,-0.54559999999999997,3.1901000000000002
19711,-3.2614000000000001,3.1863000000000001
19712,-5.4625000000000004,3.1808000000000001
19713,0.29759999999999998,3.1919
19714,-3.2675999999999998,3.1863000000000001
19715,-3.2614000000000001,3.1863000000000001
19716,-12.431699999999999,3.1677
19717,-9.6229999999999993,3.1696
19718,-11.2227,3.1659000000000002
19719,-6.0266999999999999,3.1732999999999998
19720,-7.4775999999999998,3.1715
19721,-8.9780999999999995,3.1677
19722,-5.5058999999999996,3.1751999999999998
19723,-2.4180999999999999,3.1808000000000001
19724,1.2958000000000001,3.1901000000000002
19725,3.7326000000000001,3.1974999999999998
19726,0.73780000000000001,3.1938
19727,1.2524,3.1956000000000002
19728,0.29759999999999998,3.1938
19729,0.73160000000000003,3.1956000000000002
19730,1.3391999999999999,3.1974999999999998
19731,0.77500000000000002,3.1974999999999998
19732,4.5385999999999997,3.2067999999999999
19733,13.182,3.2273000000000001
19734,11.4521,3.2273000000000001
19735,8.2960999999999991,3.2235
19736,0,3.2086999999999999
19737,0,3.2067999999999999
19738,0,3.2067999999999999
19739,0,3.2048999999999999
19740,0,3.2048999999999999
19741,0,3.2048999999999999
19742,0,3.2048999999999999
19743,0,3.2048999999999999
19744,0,3.2048999999999999
19745,0,3.2048999999999999
19746,0,3.2048999999999999
19747,0,3.2048999999999999
19748,0,3.2048999999999999
19749,0,3.2048999999999999
19750,0,3.2048999999999999
19751,0,3.2048999999999999
19752,0,3.2048999999999999
19753,0,3.2048999999999999
19754,0,3.2048999999999999
19755,0,3.2067999999999999
19756,0,3.2067999999999999
19757,0,3.2067999999999999
19758,0,3.2067999999999999
19759,0,3.2067999999999999
19760,0,3.2067999999999999
19761,0,3.2067999999999999
19762,0,3.2067999999999999
19763,0,3.2067999999999999
19764,0,3.2067999999999999
19765,0,3.2067999999999999
19766,0,3.2067999999999999
19767,0,3.2067999999999999
19768,0,3.2067999999999999
19769,-3.9868000000000001,3.1974999999999998
19770,-9.0648999999999997,3.1863000000000001
19771,-16.034199999999998,3.1677
19772,-19.649000000000001,3.1566000000000001
19773,-24.0017,3.1417000000000002
19774,-27.740500000000001,3.1286999999999998
19775,-15.339700000000001,3.1490999999999998
19776,-16.617000000000001,3.1454
19777,-20.734100000000002,3.1360999999999999
19778,-16.381399999999999,3.1436000000000002
19779,-15.184699999999999,3.1454
19780,-13.182,3.1490999999999998
19781,-13.6966,3.1473
19782,-15.625,3.1417000000000002
19783,-7.6574,3.1602999999999999
19784,-11.4521,3.1509999999999998
19785,-10.9002,3.1547000000000001
19786,-9.6539999999999999,3.1566000000000001
19787,0,3.177
19788,1.3702000000000001,3.1825999999999999
19789,1.3764000000000001,3.1863000000000001
19790,-4.1045999999999996,3.177
19791,2.7839,3.1901000000000002
19792,9.8710000000000004,3.2105000000000001
19793,10.336,3.2141999999999999
19794,4.1790000000000003,3.2048999999999999
19795,3.4660000000000002,3.2048999999999999
19796,11.6195,3.2216999999999998
19797,10.9747,3.2235
19798,7.4589999999999996,3.2198000000000002
19799,2.4491000000000001,3.2105000000000001
19800,0.62,3.2067999999999999
19801,0,3.2048999999999999
19802,0,3.2031000000000001
19803,0,3.2031000000000001
19804,0,3.2031000000000001
19805,-0.58279999999999998,3.2031000000000001
19806,-2.2197,3.1974999999999998
19807,-2.2631000000000001,3.1974999999999998
19808,0,3.2012
19809,-0.58279999999999998,3.2012
19810,0,3.2031000000000001
19811,0,3.2031000000000001
19812,0,3.2031000000000001
19813,0,3.2031000000000001
19814,0,3.2048999999999999
19815,0,3.2031000000000001
19816,0,3.2031000000000001
19817,-0.41539999999999999,3.2031000000000001
19818,-1.8229,3.2012
19819,-3.4163999999999999,3.1956000000000002
19820,-6.6219999999999999,3.1882000000000001
19821,-15.104100000000001,3.1677
19822,-17.317699999999999,3.1602999999999999
19823,-20.2194,3.1473
19824,-9.9082000000000008,3.1677
19825,-5.4687000000000001,3.1751999999999998
19826,-13.8764,3.1602999999999999
19827,-19.8598,3.1436000000000002
19828,-20.145,3.1398000000000001
19829,-13.1014,3.1509999999999998
19830,-5.1897000000000002,3.1677
19831,-3.9929999999999999,3.1732999999999998
19832,-4.0301999999999998,3.1751999999999998
19833,-6.2624000000000004,3.1715
19834,-11.830299999999999,3.1602999999999999
19835,-9.1331000000000007,3.1640000000000001
19836,-12.5806,3.1566000000000001
19837,-11.7807,3.1566000000000001
19838,-10.1004,3.1583999999999999
19839,-2.3127,3.1751999999999998
19840,-2.2631000000000001,3.177
19841,-6.0576999999999996,3.1715
19842,-8.9408999999999992,3.1640000000000001
19843,-9.1021000000000001,3.1640000000000001
19844,-6.4236000000000004,3.1677
19845,-9.3376999999999999,3.1621999999999999
19846,-6.2686000000000002,3.1677
19847,-7.7504,3.1659000000000002
19848,-5.6237000000000004,3.1696
19849,-4.1108000000000002,3.1732999999999998
19850,-4.117,3.1732999999999998
19851,-2.4986999999999999,3.177
19852,-2.5049000000000001,3.1789000000000001
19853,-4.0301999999999998,3.177
19854,0.17979999999999999,3.1844999999999999
19855,-2.5792999999999999,3.1808000000000001
19856,0.73780000000000001,3.1882000000000001
19857,1.2958000000000001,3.1919
19858,3.8256000000000001,3.1974999999999998
19859,4.7805,3.2031000000000001
19860,10.1004,3.2161
19861,6.4546000000000001,3.2124000000000001
19862,10.8444,3.2216999999999998
19863,4.9417,3.2124000000000001
19864,6.4236000000000004,3.2161
19865,7.6078000000000001,3.2198000000000002
19866,0,3.2067999999999999
19867,0,3.2048999999999999
19868,0,3.2031000000000001
19869,0,3.2031000000000001
19870,0,3.2031000000000001
19871,0,3.2031000000000001
19872,0,3.2031000000000001
19873,0,3.2031000000000001
19874,0,3.2031000000000001
19875,0,3.2031000000000001
19876,0,3.2031000000000001
19877,0,3.2031000000000001
19878,0,3.2031000000000001
19879,0,3.2031000000000001
19880,0,3.2031000000000001
19881,0,3.2048999999999999
19882,0,3.2031000000000001
19883,0,3.2048999999999999
19884,0,3.2048999999999999
19885,-6.7770000000000001,3.1882000000000001
19886,-10.6708,3.177
19887,-16.145800000000001,3.1640000000000001
19888,-22.290400000000002,3.1454
19889,-26.494199999999999,3.1305000000000001
19890,-31.367799999999999,3.1156000000000001
19891,-27.374700000000001,3.1194000000000002
19892,-24.218699999999998,3.1212
19893,-9.3376999999999999,3.1490999999999998
19894,1.2524,3.1751999999999998
19895,1.2524,3.1808000000000001
19896,12.344900000000001,3.2086999999999999
19897,13.461,3.218
19898,10.863,3.2161
19899,7.1799999999999997,3.2124000000000001
19900,0,3.1974999999999998
19901,0,3.1974999999999998
19902,0,3.1974999999999998
19903,0,3.1956000000000002
19904,0,3.1956000000000002
19905,0,3.1974999999999998
19906,0,3.1974999999999998
19907,0,3.1974999999999998
19908,0,3.1974999999999998
19909,0,3.1974999999999998
19910,0,3.1974999999999998
19911,0,3.1974999999999998
19912,0,3.1974999999999998
19913,-0.78739999999999999,3.1974999999999998
19914,-4.3402000000000003,3.1901000000000002
19915,-6.6158000000000001,3.1844999999999999
19916,-9.7469999999999999,3.1751999999999998
19917,-18.142299999999999,3.1566000000000001
19918,-15.184699999999999,3.1566000000000001
19919,-8.1844999999999999,3.1696
19920,-2.5792999999999999,3.1808000000000001
19921,0.48980000000000001,3.1901000000000002
19922,-3.3420000000000001,3.1825999999999999
19923,-3.9371999999999998,3.1825999999999999
19924,-1.5438000000000001,3.1863000000000001
19925,-8.2217000000000002,3.1732999999999998
19926,-13.3866,3.1621999999999999
19927,-14.694900000000001,3.1566000000000001
19928,-16.344200000000001,3.1473
19929,-13.182,3.1509999999999998
19930,-15.5443,3.1454
19931,-7.9798999999999998,3.1621999999999999
19932,-6.2995999999999999,3.1659000000000002
19933,-2.7839,3.1732999999999998
19934,0.29759999999999998,3.1825999999999999
19935,0.29759999999999998,3.1844999999999999
19936,-6.4669999999999996,3.1732999999999998
19937,-6.3182,3.1715
19938,-5.1463000000000001,3.1732999999999998
19939,-1.6307,3.1808000000000001
19940,-0.3906,3.1844999999999999
19941,-0.38440000000000002,3.1863000000000001
19942,-2.8334999999999999,3.1825999999999999
19943,-1.6307,3.1844999999999999
19944,5.4625000000000004,3.2012
19945,1.6555,3.1956000000000002
19946,0.33479999999999999,3.1938
19947,-6.9134000000000002,3.1789000000000001
19948,-4.7495000000000003,3.1808000000000001
19949,-4.7866999999999997,3.1808000000000001
19950,1.1779999999999999,3.1919
19951,8.3394999999999992,3.2105000000000001
19952,7.0621999999999998,3.2105000000000001
19953,7.2544000000000004,3.2141999999999999
19954,0,3.2012
19955,0,3.1974999999999998
19956,0,3.1974999999999998
19957,0,3.1974999999999998
19958,0,3.1974999999999998
19959,0,3.1974999999999998
19960,0,3.1974999999999998
19961,0,3.1974999999999998
19962,0,3.2012
19963,0,3.2012
19964,0,3.2012
19965,0,3.2012
19966,0,3.2012
19967,0,3.2012
19968,-3.3420000000000001,3.1919
19969,-0.496,3.1974999999999998
19970,-0.50219999999999998,3.1974999999999998
19971,-0.50219999999999998,3.1974999999999998
19972,-0.50219999999999998,3.1974999999999998
19973,-2.2692999999999999,3.1938
19974,-4.7432999999999996,3.1882000000000001
19975,-3.5838000000000001,3.1901000000000002
19976,-3.5838000000000001,3.1901000000000002
19977,-4.5448000000000004,3.1863000000000001
19978,-9.5052000000000003,3.177
19979,-11.5389,3.1696
19980,-4.1852,3.1825999999999999
19981,0,3.1919
19982,0,3.1938
19983,0,3.1938
19984,-6.6219999999999999,3.1808000000000001
19985,-13.864000000000001,3.1640000000000001
19986,-22.0672,3.1417000000000002
19987,-26.8477,3.1267999999999998
19988,-25.260400000000001,3.125
19989,-17.528500000000001,3.1360999999999999
19990,-11.055300000000001,3.1490999999999998
19991,-7.5953999999999997,3.1583999999999999
19992,-12.1403,3.1490999999999998
19993,-10.6646,3.1509999999999998
19994,-9.6663999999999994,3.1547000000000001
19995,-8.5441000000000003,3.1583999999999999
19996,-3.6581999999999999,3.1677
19997,1.302,3.1808000000000001
19998,1.2524,3.1825999999999999
19999,-3.4722,3.1751999999999998
20000,-3.4660000000000002,3.1751999999999998
20001,-3.4660000000000002,3.1751999999999998
20002,-3.4660000000000002,3.1751999999999998
20003,-3.4722,3.177
20004,-9.6229999999999993,3.1640000000000001
20005,-5.0719000000000003,3.1715
20006,-8.5503,3.1640000000000001
20007,-5.9523000000000001,3.1696
20008,-7.4156000000000004,3.1659000000000002
20009,-8.9533000000000005,3.1621999999999999
20010,-6.2624000000000004,3.1677
20011,-5.5058999999999996,3.1677
20012,-7.7690000000000001,3.1640000000000001
20013,-6.4669999999999996,3.1659000000000002
20014,-13.901199999999999,3.1490999999999998
20015,-28.4846,3.1156000000000001
20016,8.9346999999999994,3.1901000000000002
20017,-27.337499999999999,3.1194000000000002
20018,-6.2624000000000004,3.1583999999999999
20019,-2.9885000000000002,3.1677
20020,5.1338999999999997,3.1863000000000001
20021,19.103400000000001,3.2216999999999998
20022,17.7331,3.2254
20023,15.097899999999999,3.2254
20024,11.985300000000001,3.2235
20025,8.6990999999999996,3.218
20026,0,3.2012
20027,0,3.2012
20028,0,3.1974999999999998
20029,0,3.1974999999999998
20030,0,3.1974999999999998
20031,0,3.1974999999999998
20032,0,3.1974999999999998
20033,0,3.1974999999999998
20034,0,3.1974999999999998
20035,0,3.1974999999999998
20036,0,3.1974999999999998
20037,0,3.1974999999999998
20038,0,3.1974999999999998
20039,0,3.1974999999999998
20040,0,3.1974999999999998
20041,0,3.1974999999999998
20042,0,3.1974999999999998
20043,0,3.1974999999999998
20044,0,3.1974999999999998
20045,0,3.1974999999999998
20046,0,3.1974999999999998
20047,0,3.1974999999999998
20048,0,3.2012
20049,0,3.1974999999999998
20050,0,3.2012
20051,0,3.2012
20052,0,3.2012
20053,0,3.2012
20054,-4.8982999999999999,3.1901000000000002
20055,-10.6212,3.1751999999999998
20056,-17.813700000000001,3.1583999999999999
20057,-18.6693,3.1490999999999998
20058,-16.5426,3.1490999999999998
20059,-15.011100000000001,3.1509999999999998
20060,-9.5424000000000007,3.1621999999999999
20061,-26.072600000000001,3.125
20062,-7.0621999999999998,3.1602999999999999
20063,-14.1059,3.1454
20064,-11.104900000000001,3.1509999999999998
20065,-2.8273000000000001,3.1696
20066,-20.734100000000002,3.1324000000000001
20067,1.2524,3.177
20068,0.84940000000000004,3.1808000000000001
20069,0.77500000000000002,3.1825999999999999
20070,1.2524,3.1844999999999999
20071,1.6927000000000001,3.1882000000000001
20072,1.2585999999999999,3.1882000000000001
20073,0.73780000000000001,3.1901000000000002
20074,4.1417999999999999,3.1974999999999998
20075,3.4660000000000002,3.1974999999999998
20076,3.1000999999999999,3.1974999999999998
20077,2.8893,3.2012
20078,4.3339999999999996,3.2048999999999999
20079,7.5396000000000001,3.2124000000000001
20080,0,3.1974999999999998
20081,0,3.1956000000000002
20082,0,3.1956000000000002
20083,0,3.1956000000000002
20084,0,3.1974999999999998
20085,0,3.1974999999999998
20086,0,3.1956000000000002
20087,0,3.1956000000000002
20088,0,3.1956000000000002
20089,0,3.1956000000000002
20090,0,3.1974999999999998
20091,0,3.1974999999999998
20092,0,3.1974999999999998
20093,0,3.1974999999999998
20094,0,3.1974999999999998
20095,0,3.1974999999999998
20096,0,3.1974999999999998
20097,0,3.1974999999999998
20098,0,3.1974999999999998
20099,0,3.1974999999999998
20100,0,3.1974999999999998
20101,0,3.1974999999999998
20102,0,3.1974999999999998
20103,0,3.1974999999999998
20104,0,3.2012
20105,0,3.2012
20106,0,3.2012
20107,0,3.2012
20108,0,3.2012
20109,0,3.2012
20110,0,3.2012
20111,-9.6292000000000009,3.1808000000000001
20112,-9.4618000000000002,3.177
20113,-15.3521,3.1621999999999999
20114,-18.694099999999999,3.1490999999999998
20115,-21.1433,3.1398000000000001
20116,-23.381599999999999,3.1305000000000001
20117,-6.3368000000000002,3.1640000000000001
20118,-9.3004999999999995,3.1602999999999999
20119,-27.821100000000001,3.1194000000000002
20120,-13.1386,3.1436000000000002
20121,-10.6274,3.1490999999999998
20122,-4.5758000000000001,3.1640000000000001
20123,0.84940000000000004,3.177
20124,1.7361,3.1825999999999999
20125,1.7423,3.1863000000000001
20126,1.2524,3.1863000000000001
20127,1.6555,3.1882000000000001
20128,11.464499999999999,3.2124000000000001
20129,7.1799999999999997,3.2086999999999999
20130,-1.8290999999999999,3.1901000000000002
20131,-4.5819999999999999,3.1825999999999999
20132,-4.7122999999999999,3.1808000000000001
20133,-6.0576999999999996,3.177
20134,-12.028700000000001,3.1640000000000001
20135,-20.1388,3.1417000000000002
20136,-22.290400000000002,3.1324000000000001
20137,-20.541899999999998,3.1305000000000001
20138,-5.3818999999999999,3.1621999999999999
20139,-0.54559999999999997,3.1751999999999998
20140,-1.9097,3.1732999999999998
20141,5.7352999999999996,3.1919
20142,10.695600000000001,3.2086999999999999
20143,7.3411999999999997,3.2048999999999999
20144,4.1356000000000002,3.2012
20145,-1.9469000000000001,3.1882000000000001
20146,-17.7455,3.1547000000000001
20147,-21.825299999999999,3.1379999999999999
20148,-20.8581,3.1343000000000001
20149,-21.0627,3.1305000000000001
20150,-15.2529,3.1379999999999999
20151,-8.5813000000000006,3.1509999999999998
20152,-7.3722000000000003,3.1566000000000001
20153,-5.3013000000000003,3.1621999999999999
20154,0.73780000000000001,3.1751999999999998
20155,-2.2197,3.1732999999999998
20156,-5.9337,3.1659000000000002
20157,-5.2702999999999998,3.1677
20158,-2.2631000000000001,3.1732999999999998
20159,-2.2259000000000002,3.1751999999999998
20160,-3.7511999999999999,3.1732999999999998
20161,-10.137600000000001,3.1583999999999999
20162,-10.3484,3.1566000000000001
20163,-5.5058999999999996,3.1659000000000002
20164,0.21079999999999999,3.177
20165,1.302,3.1825999999999999
20166,-5.3013000000000003,3.1715
20167,-8.9346999999999994,3.1621999999999999
20168,-11.9915,3.1547000000000001
20169,-4.1045999999999996,3.1677
20170,0.086800000000000002,3.1789000000000001
20171,-9.2570999999999994,3.1602999999999999
20172,-11.656700000000001,3.1509999999999998
20173,-14.217499999999999,3.1436000000000002
20174,-18.6693,3.1324000000000001
20175,-13.901199999999999,3.1398000000000001
20176,-11.8675,3.1436000000000002
20177,-8.9780999999999995,3.1473
20178,-9.1082999999999998,3.1490999999999998
20179,-9.2508999999999997,3.1490999999999998
20180,-5.1090999999999998,3.1583999999999999
20181,-1.6307,3.1677
20182,-3.2614000000000001,3.1659000000000002
20183,-3.2614000000000001,3.1677
20184,-6.7026000000000003,3.1602999999999999
20185,-10.825799999999999,3.1490999999999998
20186,0.73780000000000001,3.1732999999999998
20187,1.3702000000000001,3.1789000000000001
20188,0.73780000000000001,3.1789000000000001
20189,-8.8665000000000003,3.1602999999999999
20190,-12.1031,3.1490999999999998
20191,-10.7514,3.1509999999999998
20192,-7.7131999999999996,3.1566000000000001
20193,-6.9134000000000002,3.1583999999999999
20194,-3.4226000000000001,3.1659000000000002
20195,1.3702000000000001,3.177
20196,2.0956999999999999,3.1808000000000001
20197,-6.5476000000000001,3.1659000000000002
20198,-8.9780999999999995,3.1583999999999999
20199,-12.307700000000001,3.1490999999999998
20200,-12.593,3.1454
20201,-13.8268,3.1417000000000002
20202,-11.5017,3.1436000000000002
20203,-8.3147000000000002,3.1490999999999998
20204,-1.9035,3.1659000000000002
20205,1.3764000000000001,3.1751999999999998
20206,21.385100000000001,3.2216999999999998
20207,19.5746,3.2254
20208,18.340699999999998,3.2290999999999999
20209,15.5815,3.2273000000000001
20210,12.4193,3.2235
20211,9.1393000000000004,3.2198000000000002
20212,0,3.2012
20213,0,3.1974999999999998
20214,0,3.1974999999999998
20215,0,3.1956000000000002
20216,0,3.1956000000000002
20217,0,3.1956000000000002
20218,0,3.1956000000000002
20219,0,3.1938
20220,0,3.1938
20221,0,3.1938
20222,0,3.1938
20223,0,3.1938
20224,0,3.1938
20225,0,3.1956000000000002
20226,0,3.1956000000000002
20227,0,3.1956000000000002
20228,0,3.1938
20229,0,3.1956000000000002
20230,0,3.1956000000000002
20231,0,3.1956000000000002
20232,0,3.1956000000000002
20233,0,3.1956000000000002
20234,0,3.1956000000000002
20235,0,3.1956000000000002
20236,0,3.1956000000000002
20237,0,3.1956000000000002
20238,0,3.1956000000000002
20239,0,3.1956000000000002
20240,0,3.1956000000000002
20241,0,3.1956000000000002
20242,0,3.1956000000000002
20243,0,3.1956000000000002
20244,0,3.1956000000000002
20245,0,3.1956000000000002
20246,0,3.1974999999999998
20247,0,3.1956000000000002
20248,0,3.1956000000000002
20249,0,3.1974999999999998
20250,0,3.1974999999999998
20251,0,3.1974999999999998
20252,0,3.1974999999999998
20253,0,3.1974999999999998
20254,-10.497199999999999,3.1751999999999998
20255,-14.459300000000001,3.1640000000000001
20256,-18.346900000000002,3.1490999999999998
20257,-22.817399999999999,3.1360999999999999
20258,-28.620999999999999,3.1175000000000002
20259,-33.451099999999997,3.0989
20260,-29.253399999999999,3.1025999999999998
20261,-28.2118,3.1008
20262,-22.3338,3.1118999999999999
20263,-12.1837,3.1324000000000001
20264,2.6970999999999998,3.1659000000000002
20265,1.8601000000000001,3.1715
20266,0.73780000000000001,3.1732999999999998
20267,-7.4218000000000002,3.1583999999999999
20268,-6.1444999999999999,3.1583999999999999
20269,-6.2126999999999999,3.1602999999999999
20270,-9.1144999999999996,3.1509999999999998
20271,-21.490500000000001,3.125
20272,2.7776999999999998,3.1732999999999998
20273,14.0562,3.2031000000000001
20274,6.1073000000000004,3.1919
20275,16.139600000000002,3.2161
20276,6.9753999999999996,3.2031000000000001
20277,1.0602,3.1901000000000002
20278,-10.2182,3.1659000000000002
20279,-6.7708000000000004,3.1696
20280,-15.649800000000001,3.1473
20281,-26.779499999999999,3.1194000000000002
20282,-30.853100000000001,3.1025999999999998
20283,-39.961500000000001,3.0783999999999998
20284,-39.949100000000001,3.0710000000000002
20285,-39.961500000000001,3.0672999999999999
20286,-39.967700000000001,3.0636000000000001
20287,-25.309999999999999,3.0876999999999999
20288,-39.967700000000001,3.0598000000000001
20289,-30.133900000000001,3.0766
20290,-39.9739,3.0543
20291,-38.293599999999998,3.0543
20292,-39.9739,3.0487000000000002
20293,-29.178999999999998,3.0710000000000002
20294,-27.449100000000001,3.0747
20295,-25.899000000000001,3.0783999999999998
20296,-10.497199999999999,3.1101000000000001
20297,-6.4236000000000004,3.1231
20298,-8.7363,3.1212
20299,-6.2686000000000002,3.1286999999999998
20300,-10.2616,3.1212
20301,-10.2616,3.1231
20302,-10.2616,3.1231
20303,-10.2554,3.1231
20304,-14.818899999999999,3.1156000000000001
20305,-14.9057,3.1137999999999999
20306,-21.819099999999999,3.097
20307,-24.497699999999998,3.0895999999999999
20308,-24.968900000000001,3.0859000000000001
20309,-20.740300000000001,3.0933000000000002
20310,-23.456099999999999,3.0876999999999999
20311,-26.2896,3.0802999999999998
20312,-21.905999999999999,3.0876999999999999
20313,-24.683700000000002,3.0821999999999998
20314,-30.121500000000001,3.0691000000000002
20315,-39.967700000000001,3.0468000000000002
20316,-39.564700000000002,3.0430999999999999
20317,-27.740500000000001,3.0672999999999999
20318,-22.817399999999999,3.0766
20319,-17.5471,3.0876999999999999
20320,-12.382099999999999,3.1008
20321,-7.4714,3.1156000000000001
20322,-14.694900000000001,3.1008
20323,-19.9466,3.0914999999999999
20324,-23.015799999999999,3.0821999999999998
20325,-25.942399999999999,3.0766
20326,-20.696899999999999,3.0859000000000001
20327,-26.494199999999999,3.0729000000000002
20328,-21.1371,3.0821999999999998
20329,-24.317900000000002,3.0766
20330,-18.843,3.0859000000000001
20331,-16.213999999999999,3.0933000000000002
20332,-11.427300000000001,3.1063000000000001
20333,-16.108599999999999,3.0952000000000002
20334,-16.09,3.0952000000000002
20335,-16.108599999999999,3.097
20336,-16.0962,3.097
20337,-16.108599999999999,3.097
20338,-13.3804,3.1025999999999998
20339,-8.3953000000000007,3.1156000000000001
20340,-8.2217000000000002,3.1175000000000002
20341,1.5314000000000001,3.1398000000000001
20342,-2.1453000000000002,3.1360999999999999
20343,-4.6254,3.1324000000000001
20344,-9.7531999999999996,3.1231
20345,-6.9816000000000003,3.1286999999999998
20346,-11.5761,3.1194000000000002
20347,-22.030000000000001,3.0933000000000002
20348,-16.858799999999999,3.1008
20349,-16.896000000000001,3.1008
20350,-14.3353,3.1063000000000001
20351,-7.0312000000000001,3.1231
20352,-4.1852,3.1305000000000001
20353,-4.1417999999999999,3.1324000000000001
20354,-3.9371999999999998,3.1343000000000001
20355,-1.0664,3.1436000000000002
20356,-20.740300000000001,3.1025999999999998
20357,-3.6272000000000002,3.1343000000000001
20358,-10.6646,3.1231
20359,-8.6990999999999996,3.1267999999999998
20360,-8.5441000000000003,3.1267999999999998
20361,-15.3459,3.1118999999999999
20362,-11.1111,3.1194000000000002
20363,-39.961500000000001,3.0560999999999998
20364,2.0956999999999999,3.1379999999999999
20365,-39.961500000000001,3.0543
20366,-13.9384,3.1008
20367,-27.176300000000001,3.0766
20368,-39.967700000000001,3.0449999999999999
20369,-28.478400000000001,3.0653999999999999
20370,-20.572900000000001,3.0802999999999998
20371,-26.419799999999999,3.0691000000000002
20372,-15.742800000000001,3.0914999999999999
20373,-10.912599999999999,3.1025999999999998
20374,0,3.1305000000000001
20375,1.7051000000000001,3.1379999999999999
20376,4.7432999999999996,3.1490999999999998
20377,7.9364999999999997,3.1602999999999999
20378,6.6158000000000001,3.1621999999999999
20379,-12.8596,3.1231
20380,-12.8596,3.1194000000000002
20381,-3.2242000000000002,3.1379999999999999
20382,6.6840000000000002,3.1621999999999999
20383,-10.2616,3.1286999999999998
20384,-14.3043,3.1175000000000002
20385,-10.267799999999999,3.125
20386,-2.5855000000000001,3.1398000000000001
20387,-9.9391999999999996,3.1267999999999998
20388,-11.6319,3.1212
20389,-11.6319,3.1212
20390,-2.3437000000000001,3.1398000000000001
20391,0,3.1473
20392,0.17979999999999999,3.1490999999999998
20393,5.1772999999999998,3.1640000000000001
20394,8.0108999999999995,3.1732999999999998
20395,7.9798999999999998,3.177
20396,9.1393000000000004,3.1808000000000001
20397,9.0587,3.1844999999999999
20398,7.8125,3.1825999999999999
20399,8.8603000000000005,3.1863000000000001
20400,15.2033,3.2031000000000001
20401,11.650499999999999,3.1974999999999998
20402,14.217499999999999,3.2067999999999999
20403,10.0198,3.2012
20404,8.5875000000000004,3.1974999999999998
20405,5.6174999999999997,3.1919
20406,4.6999000000000004,3.1901000000000002
20407,-3.3420000000000001,3.1732999999999998
20408,1.3764000000000001,3.1808000000000001
20409,5.3013000000000003,3.1882000000000001
20410,8.9718999999999998,3.1974999999999998
20411,15.7676,3.2141999999999999
20412,17.857099999999999,3.2216999999999998
20413,5.9398999999999997,3.2012
20414,3.7759999999999998,3.1938
20415,1.6183000000000001,3.1901000000000002
20416,5.2516999999999996,3.1956000000000002
20417,4.7805,3.1956000000000002
20418,8.5503,3.2048999999999999
20419,3.8193999999999999,3.1956000000000002
20420,0,3.1863000000000001
20421,0,3.1863000000000001
20422,0,3.1844999999999999
20423,0,3.1844999999999999
20424,0,3.1844999999999999
20425,0,3.1825999999999999
20426,0,3.1825999999999999
20427,0,3.1825999999999999
20428,0,3.1825999999999999
20429,0,3.1825999999999999
20430,0,3.1825999999999999
20431,0,3.1825999999999999
20432,0,3.1825999999999999
20433,0,3.1825999999999999
20434,0,3.1825999999999999
20435,0,3.1825999999999999
20436,0,3.1825999999999999
20437,-3.3481999999999998,3.1751999999999998
20438,-10.6274,3.1583999999999999
20439,-16.703800000000001,3.1417000000000002
20440,-20.213200000000001,3.1305000000000001
20441,-24.584499999999998,3.1156000000000001
20442,-28.199400000000001,3.1008
20443,-27.814900000000002,3.0952000000000002
20444,-30.778700000000001,3.0859000000000001
20445,-16.9084,3.1118999999999999
20446,-21.750900000000001,3.1008
20447,-20.9697,3.1008
20448,-23.648299999999999,3.0933000000000002
20449,-31.448399999999999,3.0747
20450,-16.220199999999998,3.1025999999999998
20451,-16.771999999999998,3.1025999999999998
20452,-13.1076,3.1118999999999999
20453,-15.972200000000001,3.1063000000000001
20454,-17.609100000000002,3.1008
20455,-19.816400000000002,3.0952000000000002
20456,-7.9364999999999997,3.1212
20457,-10.77,3.1175000000000002
20458,-4.3029999999999999,3.1324000000000001
20459,-0.496,3.1436000000000002
20460,-8.9780999999999995,3.1286999999999998
20461,-18.898800000000001,3.1063000000000001
20462,-14.818899999999999,3.1118999999999999
20463,-6.5785999999999998,3.1286999999999998
20464,-6.5785999999999998,3.1305000000000001
20465,-6.5785999999999998,3.1305000000000001
20466,-6.5848000000000004,3.1324000000000001
20467,-6.5848000000000004,3.1324000000000001
20468,-7.7690000000000001,3.1305000000000001
20469,-11.458299999999999,3.1231
20470,-7.9302999999999999,3.1286999999999998
20471,-4.7866999999999997,3.1360999999999999
20472,0.48980000000000001,3.1490999999999998
20473,5.1772999999999998,3.1640000000000001
20474,6.0514999999999999,3.1696
20475,2.2568999999999999,3.1640000000000001
20476,15.2591,3.1938
20477,16.610800000000001,3.2031000000000001
20478,20.1326,3.2141999999999999
20479,14.7011,3.2086999999999999
20480,13.616,3.2086999999999999
20481,12.295299999999999,3.2067999999999999
20482,10.615,3.2048999999999999
20483,6.2251000000000003,3.1956000000000002
20484,0,3.1825999999999999
20485,0,3.1808000000000001
20486,0,3.1808000000000001
20487,0,3.1789000000000001
20488,0,3.1789000000000001
20489,0,3.1789000000000001
20490,0,3.1789000000000001
20491,0,3.1789000000000001
20492,0,3.177
20493,-8.3394999999999992,3.1621999999999999
20494,-10.6646,3.1509999999999998
20495,-17.057200000000002,3.1360999999999999
20496,-23.214200000000002,3.1175000000000002
20497,-27.374700000000001,3.1008
20498,-32.210999999999999,3.0840000000000001
20499,-39.9739,3.0617000000000001
20500,-35.621200000000002,3.0653999999999999
20501,-11.786899999999999,3.1118999999999999
20502,-28.373000000000001,3.0783999999999998
20503,-24.5535,3.0840000000000001
20504,-18.650700000000001,3.0933000000000002
20505,-6.6219999999999999,3.1212
20506,-3.1869999999999998,3.1324000000000001
20507,0,3.1436000000000002
20508,0.73780000000000001,3.1490999999999998
20509,1.3702000000000001,3.1547000000000001
20510,3.7326000000000001,3.1621999999999999
20511,17.695900000000002,3.1938
20512,18.092700000000001,3.2031000000000001
20513,15.333500000000001,3.2031000000000001
20514,12.1713,3.1974999999999998
20515,8.9346999999999994,3.1938
20516,0,3.177
20517,0,3.1751999999999998
20518,0,3.1751999999999998
20519,0,3.1732999999999998
20520,0,3.1732999999999998
20521,0,3.1732999999999998
20522,0,3.1732999999999998
20523,0,3.1732999999999998
20524,0,3.1751999999999998
20525,0,3.1732999999999998
20526,0,3.1751999999999998
20527,0,3.1732999999999998
20528,0,3.1751999999999998
20529,0,3.1732999999999998
20530,0,3.1751999999999998
20531,0,3.1751999999999998
20532,0,3.1751999999999998
20533,0,3.1751999999999998
20534,0,3.1751999999999998
20535,0,3.1751999999999998
20536,0,3.1751999999999998
20537,0,3.1751999999999998
20538,-10.497199999999999,3.1547000000000001
20539,-14.4655,3.1398000000000001
20540,-18.340699999999998,3.1286999999999998
20541,-22.817399999999999,3.1137999999999999
20542,-28.614799999999999,3.0952000000000002
20543,-33.457299999999996,3.0783999999999998
20544,-39.961500000000001,3.0560999999999998
20545,-39.9739,3.0505
20546,-22.061,3.0840000000000001
20547,-21.819099999999999,3.0859000000000001
20548,-39.961500000000001,3.0468000000000002
20549,-28.404,3.0672999999999999
20550,-14.4655,3.0952000000000002
20551,-24.851099999999999,3.0766
20552,-10.869199999999999,3.1063000000000001
20553,-14.5709,3.0989
20554,-14.8561,3.0989
20555,-4.6254,3.1231
20556,-7.7690000000000001,3.1194000000000002
20557,-7.8249000000000004,3.1212
20558,-2.7094999999999998,3.1324000000000001
20559,-0.70679999999999998,3.1398000000000001
20560,-11.2537,3.1212
20561,-6.5848000000000004,3.1286999999999998
20562,0.53939999999999999,3.1454
20563,-4.5014000000000003,3.1379999999999999
20564,-4.4269999999999996,3.1379999999999999
20565,-2.5049000000000001,3.1436000000000002
20566,-6.3182,3.1360999999999999
20567,-6.3120000000000003,3.1360999999999999
20568,-6.3120000000000003,3.1360999999999999
20569,-6.2995999999999999,3.1360999999999999
20570,-6.3120000000000003,3.1360999999999999
20571,-2.4615,3.1436000000000002
20572,-8.1534999999999993,3.1343000000000001
20573,-8.1844999999999999,3.1324000000000001
20574,-11.061500000000001,3.1267999999999998
20575,-0.58279999999999998,3.1473
20576,-2.4615,3.1454
20577,-6.2188999999999997,3.1379999999999999
20578,-6.2251000000000003,3.1379999999999999
20579,-2.4304999999999999,3.1454
20580,-2.3437000000000001,3.1473
20581,-4.1913999999999998,3.1454
20582,6.0143000000000004,3.1677
20583,10.224399999999999,3.1808000000000001
20584,13.1386,3.1901000000000002
20585,13.851599999999999,3.1974999999999998
20586,14.8499,3.2031000000000001
20587,15.972200000000001,3.2086999999999999
20588,13.2936,3.2067999999999999
20589,13.3184,3.2086999999999999
20590,10.689399999999999,3.2048999999999999
20591,6.8141999999999996,3.1974999999999998
20592,0,3.1825999999999999
20593,0,3.1808000000000001
20594,0,3.1808000000000001
20595,0,3.1789000000000001
20596,0,3.1789000000000001
20597,0,3.1789000000000001
20598,0,3.1789000000000001
20599,0,3.1789000000000001
20600,0,3.1789000000000001
20601,-3.9929999999999999,3.1696
20602,-7.5519999999999996,3.1602999999999999
20603,-6.6715999999999998,3.1602999999999999
20604,-3.6334,3.1659000000000002
20605,-11.427300000000001,3.1473
20606,-7.1117999999999997,3.1547000000000001
20607,-6.6219999999999999,3.1547000000000001
20608,-10.2988,3.1436000000000002
20609,-15.8606,3.1305000000000001
20610,-17.4727,3.1231
20611,-16.338000000000001,3.1231
20612,-13.9322,3.125
20613,-13.498200000000001,3.125
20614,-12.022500000000001,3.1267999999999998
20615,-13.349399999999999,3.1231
20616,-14.459300000000001,3.1194000000000002
20617,-12.593,3.1212
20618,-11.7807,3.1231
20619,-8.7114999999999991,3.1305000000000001
20620,-5.3136999999999999,3.1379999999999999
20621,-3.8317999999999999,3.1417000000000002
20622,-3.8256000000000001,3.1436000000000002
20623,-3.8256000000000001,3.1454
20624,-3.8256000000000001,3.1454
20625,-3.8256000000000001,3.1473
20626,-11.7807,3.1305000000000001
20627,-6.3368000000000002,3.1398000000000001
20628,-6.4173999999999998,3.1398000000000001
20629,0.73780000000000001,3.1566000000000001
20630,0.73780000000000001,3.1602999999999999
20631,-0.78739999999999999,3.1583999999999999
20632,-3.8317999999999999,3.1509999999999998
20633,-3.8317999999999999,3.1509999999999998
20634,1.8167,3.1640000000000001
20635,6.2251000000000003,3.1751999999999998
20636,16.499199999999998,3.2012
20637,13.305999999999999,3.2012
20638,10.695600000000001,3.1974999999999998
20639,0,3.177
20640,0,3.1751999999999998
20641,0,3.1751999999999998
20642,0,3.1751999999999998
20643,0,3.1751999999999998
20644,0,3.1751999999999998
20645,0,3.1732999999999998
20646,0,3.1732999999999998
20647,0,3.1751999999999998
20648,0,3.1732999999999998
20649,0,3.1751999999999998
20650,0,3.1751999999999998
20651,0,3.1751999999999998
20652,0,3.1751999999999998
20653,0,3.1751999999999998
20654,0,3.1751999999999998
20655,0,3.1751999999999998
20656,0,3.1751999999999998
20657,0,3.1751999999999998
20658,0,3.1751999999999998
20659,-10.491,3.1547000000000001
20660,-14.4655,3.1398000000000001
20661,-18.340699999999998,3.1267999999999998
20662,-22.563199999999998,3.1137999999999999
20663,-13.312200000000001,3.1286999999999998
20664,-13.058,3.1286999999999998
20665,-11.0243,3.1305000000000001
20666,-2.1453000000000002,3.1490999999999998
20667,-2.1515,3.1547000000000001
20668,-6.3120000000000003,3.1454
20669,-4.1356000000000002,3.1490999999999998
20670,-2.1453000000000002,3.1566000000000001
20671,-0.1426,3.1621999999999999
20672,1.0602,3.1659000000000002
20673,-1.147,3.1621999999999999
20674,0.30380000000000001,3.1659000000000002
20675,-6.2561999999999998,3.1509999999999998
20676,-3.2242000000000002,3.1583999999999999
20677,-1.147,3.1621999999999999
20678,0.61380000000000001,3.1677
20679,-1.1097999999999999,3.1659000000000002
20680,-2.0647000000000002,3.1640000000000001
20681,-3.0629,3.1602999999999999
20682,-6.2686000000000002,3.1547000000000001
20683,-7.2667999999999999,3.1490999999999998
20684,-10.460000000000001,3.1398000000000001
20685,-8.9533000000000005,3.1417000000000002
20686,-12.531000000000001,3.1324000000000001
20687,-10.9871,3.1343000000000001
20688,-3.931,3.1473
20689,-3.9868000000000001,3.1490999999999998
20690,-7.7442000000000002,3.1417000000000002
20691,-7.5396000000000001,3.1417000000000002
20692,-7.6574,3.1417000000000002
20693,-4.5758000000000001,3.1473
20694,-3.218,3.1509999999999998
20695,-3.2242000000000002,3.1509999999999998
20696,-5.3446999999999996,3.1473
20697,-14.9801,3.1267999999999998
20698,-20.5047,3.1101000000000001
20699,-15.2653,3.1175000000000002
20700,-10.832000000000001,3.125
20701,-10.466200000000001,3.1267999999999998
20702,3.9744000000000002,3.1583999999999999
20703,17.695900000000002,3.1938
20704,16.226400000000002,3.1974999999999998
20705,13.0952,3.1974999999999998
20706,9.7469999999999999,3.1938
20707,0,3.1751999999999998
20708,0,3.1732999999999998
20709,0,3.1732999999999998
20710,0,3.1732999999999998
20711,0,3.1732999999999998
20712,0,3.1732999999999998
20713,0,3.1732999999999998
20714,0,3.1732999999999998
20715,0,3.1732999999999998
20716,0,3.1732999999999998
20717,0,3.1732999999999998
20718,0,3.1732999999999998
20719,0,3.1751999999999998
20720,0,3.1732999999999998
20721,0,3.1732999999999998
20722,0,3.1751999999999998
20723,0,3.1751999999999998
20724,0,3.1751999999999998
20725,0,3.1751999999999998
20726,0,3.1751999999999998
20727,0,3.1751999999999998
20728,0,3.1751999999999998
20729,0,3.1751999999999998
20730,0,3.1751999999999998
20731,0,3.1751999999999998
20732,0,3.1751999999999998
20733,0,3.177
20734,0,3.177
20735,0,3.177
20736,-6.4669999999999996,3.1640000000000001
20737,-8.1783000000000001,3.1566000000000001
20738,-17.137799999999999,3.1343000000000001
20739,-13.901199999999999,3.1360999999999999
20740,-16.431000000000001,3.1267999999999998
20741,-12.022500000000001,3.1343000000000001
20742,-11.650499999999999,3.1324000000000001
20743,-20.021000000000001,3.1137999999999999
20744,-21.620699999999999,3.1063000000000001
20745,-16.5364,3.1137999999999999
20746,-15.742800000000001,3.1137999999999999
20747,-15.463699999999999,3.1137999999999999
20748,-17.540900000000001,3.1082000000000001
20749,-13.498200000000001,3.1156000000000001
20750,-7.6326000000000001,3.1286999999999998
20751,-9.1889000000000003,3.1267999999999998
20752,-5.6547000000000001,3.1343000000000001
20753,-5.7042999999999999,3.1360999999999999
20754,-4.1417999999999999,3.1398000000000001
20755,-6.5785999999999998,3.1360999999999999
20756,-5.7477,3.1379999999999999
20757,-4.1790000000000003,3.1417000000000002
20758,1.2958000000000001,3.1566000000000001
20759,1.2958000000000001,3.1583999999999999
20760,10.1252,3.1808000000000001
20761,11.2165,3.1882000000000001
20762,13.3742,3.1956000000000002
20763,7.8559000000000001,3.1882000000000001
20764,6.25,3.1863000000000001
20765,7.6512000000000002,3.1901000000000002
20766,0,3.177
20767,0,3.1751999999999998
20768,0,3.1751999999999998
20769,0,3.1751999999999998
20770,0,3.1751999999999998
20771,0,3.1751999999999998
20772,0,3.1732999999999998
20773,0,3.1751999999999998
20774,0,3.1751999999999998
20775,0,3.1751999999999998
20776,0,3.1751999999999998
20777,0,3.1751999999999998
20778,0,3.1751999999999998
20779,0,3.1751999999999998
20780,0,3.1751999999999998
20781,0,3.1751999999999998
20782,0,3.1751999999999998
20783,0,3.1751999999999998
20784,-4.5819999999999999,3.1659000000000002
20785,-6.2624000000000004,3.1602999999999999
20786,-3.8628,3.1640000000000001
20787,-6.9816000000000003,3.1566000000000001
20788,-14.0252,3.1379999999999999
20789,-13.671799999999999,3.1360999999999999
20790,-15.965999999999999,3.1286999999999998
20791,-10.2182,3.1360999999999999
20792,-16.306999999999999,3.1231
20793,-5.1090999999999998,3.1436000000000002
20794,-0.10539999999999999,3.1583999999999999
20795,-2.0585,3.1566000000000001
20796,-16.858799999999999,3.125
20797,-11.8613,3.1305000000000001
20798,-11.464499999999999,3.1305000000000001
20799,-16.945599999999999,3.1156000000000001
20800,-14.1121,3.1194000000000002
20801,-3.2242000000000002,3.1417000000000002
20802,0.84319999999999995,3.1547000000000001
20803,-10.2182,3.1324000000000001
20804,-10.497199999999999,3.1305000000000001
20805,-5.6299000000000001,3.1398000000000001
20806,4.0860000000000003,3.1640000000000001
20807,3.6272000000000002,3.1659000000000002
20808,4.5385999999999997,3.1715
20809,11.092499999999999,3.1882000000000001
20810,10.9747,3.1919
20811,8.1844999999999999,3.1901000000000002
20812,0,3.1732999999999998
20813,0,3.1732999999999998
20814,0,3.1732999999999998
20815,0,3.1732999999999998
20816,0,3.1732999999999998
20817,0,3.1732999999999998
20818,-0.41539999999999999,3.1715
20819,-8.6990999999999996,3.1547000000000001
20820,-10.6646,3.1454
20821,-16.617000000000001,3.1305000000000001
20822,-20.374500000000001,3.1175000000000002
20823,-12.028700000000001,3.1305000000000001
20824,-17.4727,3.1175000000000002
20825,-18.911200000000001,3.1101000000000001
20826,-17.261900000000001,3.1118999999999999
20827,-21.744700000000002,3.097
20828,-20.9511,3.0952000000000002
20829,-19.977599999999999,3.0952000000000002
20830,-16.220199999999998,3.1025999999999998
20831,-16.933199999999999,3.1008
20832,-11.8675,3.1118999999999999
20833,-10.776199999999999,3.1156000000000001
20834,-8.0976999999999997,3.1231
20835,-9.6663999999999994,3.1212
20836,-8.3890999999999991,3.1231
20837,-4.5014000000000003,3.1324000000000001
20838,0,3.1454
20839,-2.7839,3.1417000000000002
20840,-1.147,3.1473
20841,1.3702000000000001,3.1547000000000001
20842,2.6103000000000001,3.1602999999999999
20843,6.7770000000000001,3.1715
20844,10.776199999999999,3.1844999999999999
20845,10.1066,3.1863000000000001
20846,11.7311,3.1938
20847,9.8523999999999994,3.1919
20848,5.2454999999999998,3.1844999999999999
20849,6.7026000000000003,3.1882000000000001
20850,0,3.1751999999999998
20851,0,3.1732999999999998
20852,0,3.1732999999999998
20853,0,3.1732999999999998
20854,-0.496,3.1732999999999998
20855,0,3.1732999999999998
20856,0,3.1732999999999998
20857,-9.6292000000000009,3.1509999999999998
20858,-10.6646,3.1454
20859,-17.819900000000001,3.1267999999999998
20860,-23.976900000000001,3.1082000000000001
20861,-24.1629,3.0989
20862,-16.152000000000001,3.1137999999999999
20863,-10.422800000000001,3.125
20864,-13.058,3.1194000000000002
20865,-14.267099999999999,3.1156000000000001
20866,-15.823399999999999,3.1118999999999999
20867,-16.5488,3.1082000000000001
20868,-25.297599999999999,3.0859000000000001
20869,-23.021999999999998,3.0859000000000001
20870,-16.858799999999999,3.097
20871,-10.9871,3.1118999999999999
20872,-8.2155000000000005,3.1194000000000002
20873,-12.307700000000001,3.1118999999999999
20874,-4.5758000000000001,3.1286999999999998
20875,-4.5758000000000001,3.1305000000000001
20876,-2.9079000000000002,3.1360999999999999
20877,0,3.1454
20878,-1.1903999999999999,3.1454
20879,-4.3898000000000001,3.1398000000000001
20880,-4.3836000000000004,3.1398000000000001
20881,-2.7839,3.1436000000000002
20882,2.0585,3.1566000000000001
20883,-2.6722999999999999,3.1473
20884,-4.1852,3.1436000000000002
20885,-4.1852,3.1436000000000002
20886,-4.1852,3.1436000000000002
20887,-4.1852,3.1454
20888,-4.1790000000000003,3.1454
20889,-5.8282999999999996,3.1417000000000002
20890,-9.5361999999999991,3.1324000000000001
20891,-11.2227,3.1267999999999998
20892,-25.483599999999999,3.0914999999999999
20893,-19.376200000000001,3.0989
20894,-19.779199999999999,3.0952000000000002
20895,-20.541899999999998,3.0914999999999999
20896,-5.8159000000000001,3.1231
20897,-14.459300000000001,3.1063000000000001
20898,-12.0349,3.1101000000000001
20899,-10.497199999999999,3.1156000000000001
20900,-4.1479999999999997,3.1286999999999998
20901,-2.2259000000000002,3.1343000000000001
20902,-5.9089,3.1305000000000001
20903,-4.0301999999999998,3.1343000000000001
20904,-0.34100000000000003,3.1436000000000002
20905,1.3764000000000001,3.1509999999999998
20906,-3.9868000000000001,3.1417000000000002
20907,1.3764000000000001,3.1547000000000001
20908,1.3764000000000001,3.1566000000000001
20909,-3.6581999999999999,3.1454
20910,-0.080600000000000005,3.1547000000000001
20911,-3.5838000000000001,3.1473
20912,4.6936999999999998,3.1659000000000002
20913,2.0956999999999999,3.1640000000000001
20914,-3.1869999999999998,3.1547000000000001
20915,-4.8611000000000004,3.1473
20916,-4.8611000000000004,3.1473
20917,-4.8673000000000002,3.1454
20918,0,3.1583999999999999
20919,-3.0691000000000002,3.1509999999999998
20920,-4.7432999999999996,3.1473
20921,-1.3515999999999999,3.1566000000000001
20922,0.73780000000000001,3.1602999999999999
20923,2.7033,3.1659000000000002
20924,1.3764000000000001,3.1659000000000002
20925,2.6598999999999999,3.1696
20926,8.0108999999999995,3.1825999999999999
20927,9.6167999999999996,3.1882000000000001
20928,8.7797000000000001,3.1901000000000002
20929,6.6158000000000001,3.1882000000000001
20930,5.2579000000000002,3.1863000000000001
20931,-2.4243000000000001,3.1715
20932,-11.464499999999999,3.1473
20933,-10.9064,3.1436000000000002
20934,-7.9427000000000003,3.1473
20935,-8.9780999999999995,3.1436000000000002
20936,-10.143800000000001,3.1379999999999999
20937,-10.466200000000001,3.1360999999999999
20938,-12.7418,3.1286999999999998
20939,-15.8668,3.1194000000000002
20940,-16.573599999999999,3.1137999999999999
20941,-11.6195,3.1231
20942,-3.9868000000000001,3.1379999999999999
20943,-6.3120000000000003,3.1360999999999999
20944,-6.3368000000000002,3.1360999999999999
20945,-6.4669999999999996,3.1360999999999999
20946,-11.650499999999999,3.125
20947,-8.1844999999999999,3.1305000000000001
20948,-13.622199999999999,3.1194000000000002
20949,-6.2126999999999999,3.1324000000000001
20950,-6.2624000000000004,3.1343000000000001
20951,-6.2624000000000004,3.1343000000000001
20952,-2.9885000000000002,3.1417000000000002
20953,4.4207999999999998,3.1621999999999999
20954,2.0585,3.1602999999999999
20955,1.3702000000000001,3.1602999999999999
20956,6.1444999999999999,3.1732999999999998
20957,3.2551999999999999,3.1696
20958,1.2958000000000001,3.1677
20959,-7.3474000000000004,3.1473
20960,-7.4714,3.1436000000000002
20961,-8.9905000000000008,3.1379999999999999
20962,-6.2995999999999999,3.1417000000000002
20963,-10.6708,3.1324000000000001
20964,-12.5434,3.1267999999999998
20965,-11.5451,3.125
20966,-8.0233000000000008,3.1324000000000001
20967,-11.985300000000001,3.1231
20968,-12.344900000000001,3.1212
20969,-7.1117999999999997,3.1305000000000001
20970,-2.9885000000000002,3.1398000000000001
20971,-2.9885000000000002,3.1417000000000002
20972,-2.9079000000000002,3.1436000000000002
20973,0.78120000000000001,3.1547000000000001
20974,0.77500000000000002,3.1566000000000001
20975,-2.7839,3.1490999999999998
20976,-4.3464,3.1473
20977,0.77500000000000002,3.1583999999999999
20978,0.77500000000000002,3.1602999999999999
20979,2.0213000000000001,3.1640000000000001
20980,-9.1082999999999998,3.1398000000000001
20981,-10.708,3.1343000000000001
20982,-8.0233000000000008,3.1360999999999999
20983,-6.7088000000000001,3.1379999999999999
20984,-1.147,3.1509999999999998
20985,-6.7026000000000003,3.1398000000000001
20986,-4.3464,3.1436000000000002
20987,-4.3402000000000003,3.1436000000000002
20988,0,3.1566000000000001
20989,0.17979999999999999,3.1583999999999999
20990,1.3764000000000001,3.1621999999999999
20991,0.17979999999999999,3.1602999999999999
20992,-2.6164999999999998,3.1566000000000001
20993,-4.1790000000000003,3.1509999999999998
20994,-4.1852,3.1490999999999998
20995,-0.99199999999999999,3.1583999999999999
20996,-2.5049000000000001,3.1547000000000001
20997,-4.1356000000000002,3.1509999999999998
20998,0.16739999999999999,3.1602999999999999
20999,0.17979999999999999,3.1621999999999999
21000,-3.9371999999999998,3.1547000000000001
21001,-7.7751999999999999,3.1436000000000002
21002,-2.4615,3.1547000000000001
21003,0.21079999999999999,3.1602999999999999
21004,3.8193999999999999,3.1715
21005,4.7805,3.1751999999999998
21006,5.9398999999999997,3.1789000000000001
21007,1.7423,3.1732999999999998
21008,-2.8582999999999998,3.1640000000000001
21009,-3.9371999999999998,3.1602999999999999
21010,-13.0642,3.1360999999999999
21011,-12.382099999999999,3.1343000000000001
21012,-10.9064,3.1343000000000001
21013,-5.8159000000000001,3.1436000000000002
21014,-5.8593000000000002,3.1436000000000002
21015,-10.057,3.1343000000000001
21016,-6.1135000000000002,3.1417000000000002
21017,-5.3509000000000002,3.1417000000000002
21018,-5.3880999999999997,3.1436000000000002
21019,-6.2624000000000004,3.1417000000000002
21020,0.21079999999999999,3.1566000000000001
21021,-0.78739999999999999,3.1566000000000001
21022,-3.8256000000000001,3.1490999999999998
21023,-3.8256000000000001,3.1490999999999998
21024,0.21079999999999999,3.1583999999999999
21025,-0.74399999999999999,3.1583999999999999
21026,-0.74399999999999999,3.1602999999999999
21027,-3.6272000000000002,3.1547000000000001
21028,-5.9089,3.1473
21029,-10.1128,3.1360999999999999
21030,-3.8256000000000001,3.1473
21031,0.73780000000000001,3.1602999999999999
21032,-3.7450000000000001,3.1509999999999998
21033,1.302,3.1621999999999999
21034,-8.5441000000000003,3.1417000000000002
21035,-11.464499999999999,3.1324000000000001
21036,-10.3422,3.1324000000000001
21037,1.2958000000000001,3.1583999999999999
21038,4.8921000000000001,3.1696
21039,10.615,3.1844999999999999
21040,8.9346999999999994,3.1863000000000001
21041,13.169600000000001,3.1974999999999998
21042,10.503399999999999,3.1956000000000002
21043,7.3474000000000004,3.1919
21044,0,3.177
21045,0,3.1751999999999998
21046,0,3.1751999999999998
21047,0,3.1751999999999998
21048,0,3.1732999999999998
21049,0,3.1751999999999998
21050,-6.4607999999999999,3.1602999999999999
21051,-9.7035999999999998,3.1490999999999998
21052,-20.541899999999998,3.1212
21053,-22.098199999999999,3.1118999999999999
21054,-26.2896,3.0952000000000002
21055,-20.8581,3.0989
21056,-12.4193,3.1175000000000002
21057,-15.649800000000001,3.1101000000000001
21058,-13.535399999999999,3.1137999999999999
21059,-12.2209,3.1156000000000001
21060,-14.4655,3.1101000000000001
21061,-21.093699999999998,3.0933000000000002
21062,-26.698899999999998,3.0766
21063,-19.184000000000001,3.0895999999999999
21064,-11.830299999999999,3.1063000000000001
21065,-8.3085000000000004,3.1156000000000001
21066,-6.0701000000000001,3.1231
21067,-4.5014000000000003,3.1267999999999998
21068,-4.5014000000000003,3.1286999999999998
21069,3.6520000000000001,3.1490999999999998
21070,-1.1097999999999999,3.1436000000000002
21071,0.17979999999999999,3.1473
21072,0.77500000000000002,3.1509999999999998
21073,0.17979999999999999,3.1509999999999998
21074,1.2958000000000001,3.1566000000000001
21075,0.17979999999999999,3.1566000000000001
21076,1.2958000000000001,3.1602999999999999
21077,5.8220999999999998,3.1715
21078,10.615,3.1844999999999999
21079,1.2958000000000001,3.1677
21080,-2.8273000000000001,3.1583999999999999
21081,-6.3120000000000003,3.1490999999999998
21082,-10.7018,3.1360999999999999
21083,-9.1516999999999999,3.1360999999999999
21084,-0.54559999999999997,3.1566000000000001
21085,-3.2614000000000001,3.1490999999999998
21086,-5.4625000000000004,3.1454
21087,0.30380000000000001,3.1583999999999999
21088,-3.2614000000000001,3.1509999999999998
21089,-3.2614000000000001,3.1509999999999998
21090,-12.431699999999999,3.1305000000000001
21091,-9.6292000000000009,3.1324000000000001
21092,-11.2227,3.1267999999999998
21093,-6.0328999999999997,3.1379999999999999
21094,-7.4652000000000003,3.1343000000000001
21095,-8.9780999999999995,3.1305000000000001
21096,-5.5058999999999996,3.1360999999999999
21097,-2.4304999999999999,3.1436000000000002
21098,1.2958000000000001,3.1547000000000001
21099,3.7326000000000001,3.1640000000000001
21100,0.73780000000000001,3.1602999999999999
21101,1.2524,3.1621999999999999
21102,0.30380000000000001,3.1621999999999999
21103,0.73780000000000001,3.1640000000000001
21104,1.3391999999999999,3.1659000000000002
21105,0.78120000000000001,3.1659000000000002
21106,4.5448000000000004,3.1732999999999998
21107,13.182,3.1938
21108,11.464499999999999,3.1956000000000002
21109,8.2960999999999991,3.1919
21110,0,3.1751999999999998
21111,0,3.1751999999999998
21112,0,3.1732999999999998
21113,0,3.1732999999999998
21114,0,3.1732999999999998
21115,0,3.1732999999999998
21116,0,3.1732999999999998
21117,0,3.1732999999999998
21118,0,3.1732999999999998
21119,0,3.1732999999999998
21120,0,3.1732999999999998
21121,0,3.1732999999999998
21122,0,3.1732999999999998
21123,0,3.1732999999999998
21124,0,3.1732999999999998
21125,0,3.1732999999999998
21126,0,3.1732999999999998
21127,0,3.1732999999999998
21128,0,3.1732999999999998
21129,0,3.1732999999999998
21130,0,3.1732999999999998
21131,0,3.1732999999999998
21132,0,3.1732999999999998
21133,0,3.1732999999999998
21134,0,3.1751999999999998
21135,0,3.1751999999999998
21136,0,3.1751999999999998
21137,0,3.1751999999999998
21138,0,3.1751999999999998
21139,0,3.1751999999999998
21140,0,3.1751999999999998
21141,0,3.1751999999999998
21142,0,3.1751999999999998
21143,-3.9868000000000001,3.1677
21144,-9.0648999999999997,3.1547000000000001
21145,-16.027999999999999,3.1343000000000001
21146,-19.649000000000001,3.1212
21147,-24.026499999999999,3.1025999999999998
21148,-27.740500000000001,3.0895999999999999
21149,-15.339700000000001,3.1118999999999999
21150,-16.617000000000001,3.1082000000000001
21151,-20.740300000000001,3.0952000000000002
21152,-16.393799999999999,3.1025999999999998
21153,-15.1785,3.1025999999999998
21154,-13.1882,3.1101000000000001
21155,-13.6966,3.1082000000000001
21156,-15.6187,3.1008
21157,-7.6449999999999996,3.1194000000000002
21158,-11.470700000000001,3.1137999999999999
21159,-10.9064,3.1137999999999999
21160,-9.6539999999999999,3.1175000000000002
21161,0,3.1379999999999999
21162,1.3764000000000001,3.1454
21163,1.3764000000000001,3.1490999999999998
21164,-4.1108000000000002,3.1398000000000001
21165,2.7776999999999998,3.1566000000000001
21166,9.8523999999999994,3.1751999999999998
21167,10.336,3.1808000000000001
21168,4.1790000000000003,3.1732999999999998
21169,3.4660000000000002,3.1715
21170,11.6195,3.1901000000000002
21171,10.968500000000001,3.1919
21172,7.4589999999999996,3.1882000000000001
21173,2.4491000000000001,3.1789000000000001
21174,0.62,3.1751999999999998
21175,0,3.1732999999999998
21176,0,3.1715
21177,0,3.1715
21178,0,3.1715
21179,-0.58279999999999998,3.1696
21180,-2.2259000000000002,3.1659000000000002
21181,-2.2692999999999999,3.1659000000000002
21182,0,3.1696
21183,-0.5766,3.1696
21184,0,3.1715
21185,0,3.1715
21186,0,3.1715
21187,0,3.1715
21188,0,3.1715
21189,0,3.1715
21190,0,3.1732999999999998
21191,-0.42159999999999997,3.1715
21192,-1.8229,3.1677
21193,-3.4226000000000001,3.1640000000000001
21194,-6.6219999999999999,3.1566000000000001
21195,-15.104100000000001,3.1343000000000001
21196,-17.292899999999999,3.125
21197,-20.2318,3.1118999999999999
21198,-9.9019999999999992,3.1305000000000001
21199,-5.4562999999999997,3.1398000000000001
21200,-13.857799999999999,3.1231
21201,-19.872199999999999,3.1063000000000001
21202,-20.1326,3.0989
21203,-13.1014,3.1137999999999999
21204,-5.1835000000000004,3.1305000000000001
21205,-3.9929999999999999,3.1360999999999999
21206,-4.0301999999999998,3.1379999999999999
21207,-6.2686000000000002,3.1343000000000001
21208,-11.830299999999999,3.1212
21209,-9.1455000000000002,3.125
21210,-12.5806,3.1175000000000002
21211,-11.786899999999999,3.1175000000000002
21212,-10.1066,3.1194000000000002
21213,-2.3003,3.1360999999999999
21214,-2.2631000000000001,3.1398000000000001
21215,-6.0639000000000003,3.1324000000000001
21216,-8.9408999999999992,3.1267999999999998
21217,-9.1082999999999998,3.125
21218,-6.4236000000000004,3.1305000000000001
21219,-9.3438999999999997,3.125
21220,-6.2624000000000004,3.1305000000000001
21221,-7.7380000000000004,3.1286999999999998
21222,-5.6299000000000001,3.1324000000000001
21223,-4.1108000000000002,3.1360999999999999
21224,-4.0983999999999998,3.1360999999999999
21225,-2.5049000000000001,3.1417000000000002
21226,-2.5049000000000001,3.1436000000000002
21227,-4.0301999999999998,3.1398000000000001
21228,0.1736,3.1490999999999998
21229,-2.5792999999999999,3.1454
21230,0.73780000000000001,3.1547000000000001
21231,1.2958000000000001,3.1583999999999999
21232,3.8193999999999999,3.1659000000000002
21233,4.7805,3.1696
21234,10.1066,3.1844999999999999
21235,6.4607999999999999,3.1808000000000001
21236,10.8444,3.1901000000000002
21237,4.9417,3.1808000000000001
21238,6.4236000000000004,3.1844999999999999
21239,7.6078000000000001,3.1882000000000001
21240,0,3.1751999999999998
21241,0,3.1732999999999998
21242,0,3.1732999999999998
21243,0,3.1715
21244,0,3.1732999999999998
21245,0,3.1715
21246,0,3.1715
21247,0,3.1715
21248,0,3.1715
21249,0,3.1715
21250,0,3.1715
21251,0,3.1715
21252,0,3.1715
21253,0,3.1732999999999998
21254,0,3.1732999999999998
21255,0,3.1732999999999998
21256,0,3.1732999999999998
21257,0,3.1732999999999998
21258,0,3.1732999999999998
21259,-6.7831999999999999,3.1583999999999999
21260,-10.652200000000001,3.1454
21261,-16.133400000000002,3.1305000000000001
21262,-22.290400000000002,3.1118999999999999
21263,-26.494199999999999,3.0933000000000002
21264,-31.373999999999999,3.0747
21265,-27.368500000000001,3.0766
21266,-24.212499999999999,3.0783999999999998
21267,-9.3438999999999997,3.1101000000000001
21268,1.2524,3.1379999999999999
21269,1.2524,3.1436000000000002
21270,12.338699999999999,3.1732999999999998
21271,13.442399999999999,3.1844999999999999
21272,10.8568,3.1844999999999999
21273,7.1799999999999997,3.1808000000000001
21274,0,3.1677
21275,0,3.1659000000000002
21276,0,3.1659000000000002
21277,0,3.1659000000000002
21278,0,3.1659000000000002
21279,0,3.1659000000000002
21280,0,3.1659000000000002
21281,0,3.1677
21282,0,3.1677
21283,0,3.1677
21284,0,3.1677
21285,0,3.1677
21286,0,3.1677
21287,-0.78739999999999999,3.1677
21288,-4.3402000000000003,3.1602999999999999
21289,-6.6158000000000001,3.1509999999999998
21290,-9.7531999999999996,3.1417000000000002
21291,-18.142299999999999,3.1212
21292,-15.1723,3.1212
21293,-8.1844999999999999,3.1324000000000001
21294,-2.5855000000000001,3.1454
21295,0.48980000000000001,3.1566000000000001
21296,-3.3420000000000001,3.1490999999999998
21297,-3.931,3.1473
21298,-1.5438000000000001,3.1547000000000001
21299,-8.2093000000000007,3.1398000000000001
21300,-13.3866,3.1267999999999998
21301,-14.694900000000001,3.1194000000000002
21302,-16.338000000000001,3.1118999999999999
21303,-13.175800000000001,3.1156000000000001
21304,-15.5319,3.1082000000000001
21305,-7.9923000000000002,3.1231
21306,-6.3120000000000003,3.1286999999999998
21307,-2.7839,3.1379999999999999
21308,0.29759999999999998,3.1454
21309,0.29759999999999998,3.1490999999999998
21310,-6.4669999999999996,3.1360999999999999
21311,-6.3120000000000003,3.1360999999999999
21312,-5.1463000000000001,3.1379999999999999
21313,-1.6307,3.1454
21314,-0.38440000000000002,3.1490999999999998
21315,-0.38440000000000002,3.1509999999999998
21316,-2.8334999999999999,3.1473
21317,-1.6307,3.1509999999999998
21318,5.4500999999999999,3.1677
21319,1.6493,3.1640000000000001
21320,0.34100000000000003,3.1621999999999999
21321,-6.9071999999999996,3.1454
21322,-4.7495000000000003,3.1473
21323,-4.7866999999999997,3.1454
21324,1.1779999999999999,3.1602999999999999
21325,8.3394999999999992,3.1789000000000001
21326,7.056,3.1789000000000001
21327,7.2544000000000004,3.1825999999999999
21328,0,3.1696
21329,0,3.1696
21330,0,3.1677
21331,0,3.1677
21332,0,3.1677
21333,0,3.1677
21334,0,3.1696
21335,0,3.1677
21336,0,3.1696
21337,0,3.1696
21338,0,3.1696
21339,0,3.1696
21340,0,3.1696
21341,0,3.1696
21342,-3.3420000000000001,3.1621999999999999
21343,-0.50219999999999998,3.1677
21344,-0.50219999999999998,3.1677
21345,-0.50219999999999998,3.1677
21346,-0.496,3.1677
21347,-2.2692999999999999,3.1640000000000001
21348,-4.7495000000000003,3.1583999999999999
21349,-3.5775999999999999,3.1602999999999999
21350,-3.5838000000000001,3.1602999999999999
21351,-4.5510000000000002,3.1566000000000001
21352,-9.5052000000000003,3.1436000000000002
21353,-11.5451,3.1360999999999999
21354,-4.1852,3.1490999999999998
21355,0,3.1602999999999999
21356,0,3.1621999999999999
21357,0,3.1640000000000001
21358,-6.6281999999999996,3.1490999999999998
21359,-13.8764,3.1305000000000001
21360,-22.061,3.1063000000000001
21361,-26.8477,3.0876999999999999
21362,-25.254200000000001,3.0840000000000001
21363,-17.540900000000001,3.0952000000000002
21364,-11.055300000000001,3.1118999999999999
21365,-7.5768000000000004,3.1212
21366,-12.1465,3.1118999999999999
21367,-10.6646,3.1137999999999999
21368,-9.6539999999999999,3.1175000000000002
21369,-8.5503,3.1194000000000002
21370,-3.6705999999999999,3.1305000000000001
21371,1.2958000000000001,3.1436000000000002
21372,1.2524,3.1473
21373,-3.4660000000000002,3.1398000000000001
21374,-3.4722,3.1398000000000001
21375,-3.4660000000000002,3.1398000000000001
21376,-3.4660000000000002,3.1417000000000002
21377,-3.4660000000000002,3.1417000000000002
21378,-9.6354000000000006,3.1286999999999998
21379,-5.0656999999999996,3.1360999999999999
21380,-8.5441000000000003,3.1286999999999998
21381,-5.9523000000000001,3.1324000000000001
21382,-7.4156000000000004,3.1286999999999998
21383,-8.9408999999999992,3.125
21384,-6.2686000000000002,3.1305000000000001
21385,-5.5058999999999996,3.1324000000000001
21386,-7.7813999999999997,3.1286999999999998
21387,-6.4669999999999996,3.1305000000000001
21388,-13.907400000000001,3.1137999999999999
21389,-28.4846,3.0747
21390,8.9346999999999994,3.1547000000000001
21391,-27.331299999999999,3.0783999999999998
21392,-6.2624000000000004,3.1194000000000002
21393,-2.9823,3.1286999999999998
21394,5.1401000000000003,3.1509999999999998
21395,19.1096,3.1882000000000001
21396,17.7393,3.1938
21397,15.097899999999999,3.1956000000000002
21398,11.985300000000001,3.1938
21399,8.6928999999999998,3.1882000000000001
21400,0,3.1715
21401,0,3.1696
21402,0,3.1696
21403,0,3.1677
21404,0,3.1677
21405,0,3.1677
21406,0,3.1677
21407,0,3.1677
21408,0,3.1677
21409,0,3.1677
21410,0,3.1677
21411,0,3.1677
21412,0,3.1677
21413,0,3.1696
21414,0,3.1696
21415,0,3.1696
21416,0,3.1696
21417,0,3.1696
21418,0,3.1696
21419,0,3.1696
21420,0,3.1696
21421,0,3.1696
21422,0,3.1715
21423,0,3.1715
21424,0,3.1696
21425,0,3.1715
21426,0,3.1715
21427,0,3.1715
21428,-4.9044999999999996,3.1602999999999999
21429,-10.6212,3.1436000000000002
21430,-17.8261,3.125
21431,-18.6693,3.1156000000000001
21432,-16.5364,3.1156000000000001
21433,-15.0297,3.1156000000000001
21434,-9.5424000000000007,3.125
21435,-26.0974,3.0859000000000001
21436,-7.056,3.1231
21437,-14.1059,3.1101000000000001
21438,-11.1111,3.1137999999999999
21439,-2.8273000000000001,3.1324000000000001
21440,-20.740300000000001,3.0933000000000002
21441,1.2524,3.1398000000000001
21442,0.84940000000000004,3.1436000000000002
21443,0.78120000000000001,3.1473
21444,1.2585999999999999,3.1509999999999998
21445,1.6927000000000001,3.1566000000000001
21446,1.2524,3.1583999999999999
21447,0.73160000000000003,3.1566000000000001
21448,4.1356000000000002,3.1659000000000002
21449,3.4660000000000002,3.1677
21450,3.0939000000000001,3.1677
21451,2.8893,3.1696
21452,4.3339999999999996,3.1732999999999998
21453,7.5334000000000003,3.1825999999999999
21454,0,3.1677
21455,0,3.1677
21456,0,3.1677
21457,0,3.1677
21458,0,3.1677
21459,0,3.1677
21460,0,3.1677
21461,0,3.1677
21462,0,3.1677
21463,0,3.1677
21464,0,3.1677
21465,0,3.1677
21466,0,3.1677
21467,0,3.1696
21468,0,3.1696
21469,0,3.1696
21470,0,3.1696
21471,0,3.1696
21472,0,3.1696
21473,0,3.1696
21474,0,3.1696
21475,0,3.1696
21476,0,3.1696
21477,0,3.1696
21478,0,3.1696
21479,0,3.1696
21480,0,3.1715
21481,0,3.1715
21482,0,3.1715
21483,0,3.1715
21484,0,3.1715
21485,-9.6229999999999993,3.1490999999999998
21486,-9.4618000000000002,3.1454
21487,-15.3521,3.1305000000000001
21488,-18.700299999999999,3.1175000000000002
21489,-21.124700000000001,3.1063000000000001
21490,-23.363,3.0933000000000002
21491,-6.3368000000000002,3.1267999999999998
21492,-9.3004999999999995,3.1231
21493,-27.821100000000001,3.0802999999999998
21494,-13.132400000000001,3.1063000000000001
21495,-10.6212,3.1137999999999999
21496,-4.5758000000000001,3.1267999999999998
21497,0.84940000000000004,3.1417000000000002
21498,1.7361,3.1473
21499,1.7423,3.1509999999999998
21500,1.2524,3.1547000000000001
21501,1.6555,3.1566000000000001
21502,11.464499999999999,3.1808000000000001
21503,7.1799999999999997,3.177
21504,-1.8290999999999999,3.1602999999999999
21505,-4.5758000000000001,3.1509999999999998
21506,-4.7061000000000002,3.1490999999999998
21507,-6.0639000000000003,3.1454
21508,-12.028700000000001,3.1286999999999998
21509,-20.145,3.1082000000000001
21510,-22.302800000000001,3.0933000000000002
21511,-20.541899999999998,3.0914999999999999
21512,-5.3818999999999999,3.125
21513,-0.54559999999999997,3.1379999999999999
21514,-1.9097,3.1398000000000001
21515,5.7415000000000003,3.1602999999999999
21516,10.695600000000001,3.1751999999999998
21517,7.3474000000000004,3.1732999999999998
21518,4.1417999999999999,3.1696
21519,-1.9469000000000001,3.1583999999999999
21520,-17.7331,3.1194000000000002
21521,-21.812899999999999,3.1008
21522,-20.8581,3.0952000000000002
21523,-21.0565,3.0895999999999999
21524,-15.2529,3.0989
21525,-8.5813000000000006,3.1137999999999999
21526,-7.3845999999999998,3.1194000000000002
21527,-5.3136999999999999,3.125
21528,0.73780000000000001,3.1398000000000001
21529,-2.2259000000000002,3.1379999999999999
21530,-5.9398999999999997,3.1305000000000001
21531,-5.2579000000000002,3.1305000000000001
21532,-2.2631000000000001,3.1379999999999999
21533,-2.2197,3.1398000000000001
21534,-3.7511999999999999,3.1379999999999999
21535,-10.143800000000001,3.1231
21536,-10.3422,3.1194000000000002
21537,-5.5058999999999996,3.1286999999999998
21538,0.21079999999999999,3.1417000000000002
21539,1.2958000000000001,3.1473
21540,-5.3136999999999999,3.1360999999999999
21541,-8.9533000000000005,3.1267999999999998
21542,-11.985300000000001,3.1175000000000002
21543,-4.1108000000000002,3.1324000000000001
21544,0.17979999999999999,3.1436000000000002
21545,-9.2632999999999992,3.125
21546,-11.656700000000001,3.1175000000000002
21547,-14.223699999999999,3.1082000000000001
21548,-18.6693,3.0933000000000002
21549,-13.8888,3.1008
21550,-11.8551,3.1025999999999998
21551,-8.9842999999999993,3.1118999999999999
21552,-9.1144999999999996,3.1118999999999999
21553,-9.2632999999999992,3.1118999999999999
21554,-5.1029,3.1212
21555,-1.6245000000000001,3.1305000000000001
21556,-3.2614000000000001,3.1305000000000001
21557,-3.2614000000000001,3.1305000000000001
21558,-6.7026000000000003,3.1231
21559,-10.819599999999999,3.1137999999999999
21560,0.73780000000000001,3.1379999999999999
21561,1.3702000000000001,3.1436000000000002
21562,0.73160000000000003,3.1454
21563,-8.8603000000000005,3.125
21564,-12.0969,3.1137999999999999
21565,-10.745200000000001,3.1137999999999999
21566,-7.7131999999999996,3.1194000000000002
21567,-6.9071999999999996,3.1212
21568,-3.4287999999999998,3.1286999999999998
21569,1.3702000000000001,3.1417000000000002
21570,2.0956999999999999,3.1473
21571,-6.5476000000000001,3.1305000000000001
21572,-8.9780999999999995,3.1231
21573,-12.307700000000001,3.1118999999999999
21574,-12.5806,3.1101000000000001
21575,-13.820600000000001,3.1025999999999998
21576,-11.507899999999999,3.1063000000000001
21577,-8.3085000000000004,3.1137999999999999
21578,-1.9097,3.1286999999999998
21579,1.3764000000000001,3.1379999999999999
21580,21.385100000000001,3.1882000000000001
21581,19.587,3.1956000000000002
21582,18.346900000000002,3.2012
21583,15.5815,3.2012
21584,12.4131,3.1956000000000002
21585,9.1455000000000002,3.1901000000000002
21586,0,3.1732999999999998
21587,0,3.1715
21588,0,3.1696
21589,0,3.1696
21590,0,3.1696
21591,0,3.1677
21592,0,3.1677
21593,0,3.1677
21594,0,3.1677
21595,0,3.1677
21596,0,3.1677
21597,0,3.1677
21598,0,3.1677
21599,0,3.1677
21600,0,3.1677
21601,0,3.1677
21602,0,3.1677
21603,0,3.1677
21604,0,3.1677
21605,0,3.1677
21606,0,3.1677
21607,0,3.1677
21608,0,3.1677
21609,0,3.1677
21610,0,3.1677
21611,0,3.1696
21612,0,3.1696
21613,0,3.1696
21614,0,3.1696
21615,0,3.1696
21616,0,3.1696
21617,0,3.1696
21618,0,3.1696
21619,0,3.1696
21620,0,3.1696
21621,0,3.1696
21622,0,3.1696
21623,0,3.1696
21624,0,3.1696
21625,0,3.1715
21626,0,3.1696
21627,0,3.1696
21628,-10.497199999999999,3.1454
21629,-14.459300000000001,3.1324000000000001
21630,-18.346900000000002,3.1194000000000002
21631,-22.811199999999999,3.1008
21632,-28.608599999999999,3.0802999999999998
21633,-33.457299999999996,3.0598000000000001
21634,-29.247199999999999,3.0617000000000001
21635,-28.2118,3.0598000000000001
21636,-22.3338,3.0691000000000002
21637,-12.1837,3.0895999999999999
21638,2.7033,3.1286999999999998
21639,1.8601000000000001,3.1343000000000001
21640,0.73160000000000003,3.1360999999999999
21641,-7.4156000000000004,3.1212
21642,-6.1444999999999999,3.1231
21643,-6.2188999999999997,3.1231
21644,-9.1082999999999998,3.1156000000000001
21645,-21.496700000000001,3.0840000000000001
21646,2.7776999999999998,3.1360999999999999
21647,14.0562,3.1696
21648,6.1010999999999997,3.1602999999999999
21649,16.139600000000002,3.1863000000000001
21650,6.9691999999999998,3.1732999999999998
21651,1.0602,3.1621999999999999
21652,-10.2182,3.1343000000000001
21653,-6.7770000000000001,3.1379999999999999
21654,-15.643599999999999,3.1156000000000001
21655,-26.767099999999999,3.0821999999999998
21656,-30.846900000000002,3.0636000000000001
21657,-39.9739,3.0318999999999998
21658,-39.961500000000001,3.0226000000000002
21659,-39.9739,3.0171000000000001
21660,-39.9739,3.0095999999999998
21661,-25.297599999999999,3.0394000000000001
21662,-39.949100000000001,3.0059
21663,-30.133900000000001,3.0245000000000002
21664,-39.9739,3.0003000000000002
21665,-38.281199999999998,3.0003000000000002
21666,-39.967700000000001,2.9929000000000001
21667,-29.166599999999999,3.0152000000000001
21668,-27.455300000000001,3.0207999999999999
21669,-25.886600000000001,3.0226000000000002
21670,-10.491,3.0598000000000001
21671,-6.4236000000000004,3.0747
21672,-8.7239000000000004,3.0747
21673,-6.2624000000000004,3.0821999999999998
21674,-10.2616,3.0766
21675,-10.2616,3.0766
21676,-10.2554,3.0766
21677,-10.2616,3.0783999999999998
21678,-14.825100000000001,3.0672999999999999
21679,-14.8995,3.0653999999999999
21680,-21.819099999999999,3.0487000000000002
21681,-24.491499999999998,3.0375000000000001
21682,-24.975100000000001,3.0337999999999998
21683,-20.740300000000001,3.0411999999999999
21684,-23.4499,3.0337999999999998
21685,-26.2896,3.0264000000000002
21686,-21.893599999999999,3.0337999999999998
21687,-24.689900000000002,3.0264000000000002
21688,-30.133900000000001,3.0095999999999998
21689,-39.9739,2.9853999999999998
21690,-39.564700000000002,2.9799000000000002
21691,-27.746700000000001,3.0022000000000002
21692,-22.823599999999999,3.0152000000000001
21693,-17.540900000000001,3.0301
21694,-12.3697,3.0430999999999999
21695,-7.4589999999999996,3.0598000000000001
21696,-14.688700000000001,3.0468000000000002
21697,-19.934200000000001,3.0337999999999998
21698,-23.015799999999999,3.0245000000000002
21699,-25.93,3.0152000000000001
21700,-20.703099999999999,3.0245000000000002
21701,-26.494199999999999,3.0078
21702,-21.1371,3.0207999999999999
21703,-24.336500000000001,3.0133000000000001
21704,-18.8492,3.0245000000000002
21705,-16.232600000000001,3.0318999999999998
21706,-11.421099999999999,3.0449999999999999
21707,-16.102399999999999,3.0356999999999998
21708,-16.102399999999999,3.0356999999999998
21709,-16.102399999999999,3.0356999999999998
21710,-16.0962,3.0356999999999998
21711,-16.0962,3.0356999999999998
21712,-13.3804,3.0411999999999999
21713,-8.3704999999999998,3.0543
21714,-8.2155000000000005,3.0598000000000001
21715,1.5314000000000001,3.0859000000000001
21716,-2.1453000000000002,3.0840000000000001
21717,-4.6254,3.0802999999999998
21718,-9.7469999999999999,3.0691000000000002
21719,-6.9753999999999996,3.0747
21720,-11.5823,3.0636000000000001
21721,-22.023800000000001,3.0356999999999998
21722,-16.852599999999999,3.0411999999999999
21723,-16.902200000000001,3.0411999999999999
21724,-14.3415,3.0449999999999999
21725,-7.0250000000000004,3.0636000000000001
21726,-4.1790000000000003,3.0747
21727,-4.1417999999999999,3.0783999999999998
21728,-3.931,3.0802999999999998
21729,-1.0664,3.0895999999999999
21730,-20.740300000000001,3.0449999999999999
21731,-3.6272000000000002,3.0783999999999998
21732,-10.652200000000001,3.0672999999999999
21733,-8.7114999999999991,3.0710000000000002
21734,-8.5441000000000003,3.0710000000000002
21735,-15.339700000000001,3.0524
21736,-11.1111,3.0617000000000001
21737,-39.9801,2.9872999999999998
21738,2.0956999999999999,3.0783999999999998
21739,-39.961500000000001,2.9836
21740,-13.926,3.0337999999999998
21741,-27.170100000000001,3.0022000000000002
21742,-39.967700000000001,2.9668000000000001
21743,-28.4908,2.9853999999999998
21744,-20.572900000000001,3.0022000000000002
21745,-26.419799999999999,2.9891999999999999
21746,-15.749000000000001,3.0152000000000001
21747,-10.912599999999999,3.0282
21748,0,3.0598000000000001
21749,1.6927000000000001,3.0729000000000002
21750,4.7432999999999996,3.0859000000000001
21751,7.9364999999999997,3.1008
21752,6.6158000000000001,3.1063000000000001
21753,-12.8596,3.0636000000000001
21754,-12.8658,3.0560999999999998
21755,-3.2242000000000002,3.0766
21756,6.6901999999999999,3.1025999999999998
21757,-10.2616,3.0691000000000002
21758,-14.2919,3.0543
21759,-10.2616,3.0617000000000001
21760,-2.5792999999999999,3.0783999999999998
21761,-9.9391999999999996,3.0636000000000001
21762,-11.6319,3.0560999999999998
21763,-11.6257,3.0543
21764,-2.3437000000000001,3.0766
21765,0,3.0859000000000001
21766,0.17979999999999999,3.0914999999999999
21767,5.1772999999999998,3.1082000000000001
21768,8.0108999999999995,3.1194000000000002
21769,7.9798999999999998,3.1231
21770,9.1393000000000004,3.1305000000000001
21771,9.0587,3.1343000000000001
21772,7.8125,3.1360999999999999
21773,8.8665000000000003,3.1398000000000001
21774,15.2095,3.1583999999999999
21775,11.656700000000001,3.1547000000000001
21776,14.2113,3.1640000000000001
21777,10.0198,3.1583999999999999
21778,8.5751000000000008,3.1566000000000001
21779,5.6237000000000004,3.1490999999999998
21780,4.7061000000000002,3.1473
21781,-3.3420000000000001,3.1305000000000001
21782,1.3764000000000001,3.1379999999999999
21783,5.3013000000000003,3.1454
21784,8.9780999999999995,3.1583999999999999
21785,15.786199999999999,3.1751999999999998
21786,17.850899999999999,3.1825999999999999
21787,5.9275000000000002,3.1640000000000001
21788,3.7759999999999998,3.1583999999999999
21789,1.6183000000000001,3.1509999999999998
21790,5.2516999999999996,3.1583999999999999
21791,4.7805,3.1583999999999999
21792,8.5441000000000003,3.1677
21793,3.8193999999999999,3.1583999999999999
21794,0,3.1490999999999998
21795,0,3.1473
21796,0,3.1473
21797,0,3.1454
21798,0,3.1454
21799,0,3.1454
21800,0,3.1454
21801,0,3.1436000000000002
21802,0,3.1436000000000002
21803,0,3.1436000000000002
21804,0,3.1436000000000002
21805,0,3.1436000000000002
21806,0,3.1436000000000002
21807,0,3.1436000000000002
21808,0,3.1436000000000002
21809,0,3.1436000000000002
21810,0,3.1436000000000002
21811,-3.3481999999999998,3.1360999999999999
21812,-10.633599999999999,3.1194000000000002
21813,-16.697600000000001,3.0989
21814,-20.2194,3.0840000000000001
21815,-24.584499999999998,3.0653999999999999
21816,-28.2056,3.0468000000000002
21817,-27.814900000000002,3.0375000000000001
21818,-30.766300000000001,3.0226000000000002
21819,-16.896000000000001,3.0487000000000002
21820,-21.744700000000002,3.0356999999999998
21821,-20.982099999999999,3.0337999999999998
21822,-23.648299999999999,3.0245000000000002
21823,-31.454599999999999,2.9984999999999999
21824,-16.220199999999998,3.0301
21825,-16.778199999999998,3.0301
21826,-13.1014,3.0394000000000001
21827,-15.9846,3.0337999999999998
21828,-17.609100000000002,3.0282
21829,-19.816400000000002,3.0207999999999999
21830,-7.9550999999999998,3.0468000000000002
21831,-10.782400000000001,3.0449999999999999
21832,-4.3029999999999999,3.0617000000000001
21833,-0.496,3.0766
21834,-8.9780999999999995,3.0598000000000001
21835,-18.905000000000001,3.0337999999999998
21836,-14.825100000000001,3.0356999999999998
21837,-6.5785999999999998,3.0543
21838,-6.5848000000000004,3.0598000000000001
21839,-6.5724,3.0617000000000001
21840,-6.5724,3.0636000000000001
21841,-6.5785999999999998,3.0636000000000001
21842,-7.7751999999999999,3.0617000000000001
21843,-11.470700000000001,3.0505
21844,-7.9427000000000003,3.0560999999999998
21845,-4.7929000000000004,3.0672999999999999
21846,0.48980000000000001,3.0821999999999998
21847,5.1772999999999998,3.097
21848,6.0453000000000001,3.1063000000000001
21849,2.2568999999999999,3.1008
21850,15.2653,3.1343000000000001
21851,16.6294,3.1454
21852,20.1264,3.1602999999999999
21853,14.7011,3.1566000000000001
21854,13.616,3.1566000000000001
21855,12.295299999999999,3.1566000000000001
21856,10.6212,3.1566000000000001
21857,6.2126999999999999,3.1473
21858,0,3.1343000000000001
21859,0,3.1324000000000001
21860,0,3.1305000000000001
21861,0,3.1286999999999998
21862,0,3.1286999999999998
21863,0,3.1286999999999998
21864,0,3.1286999999999998
21865,0,3.1267999999999998
21866,0,3.1267999999999998
21867,-8.3394999999999992,3.1101000000000001
21868,-10.6646,3.0989
21869,-17.057200000000002,3.0783999999999998
21870,-23.214200000000002,3.0543
21871,-27.368500000000001,3.0356999999999998
21872,-32.210999999999999,3.0133000000000001
21873,-39.967700000000001,2.9799000000000002
21874,-35.615000000000002,2.9780000000000002
21875,-11.7807,3.0301
21876,-28.373000000000001,2.9910000000000001
21877,-24.5411,2.9946999999999999
21878,-18.6631,3.0059
21879,-6.6219999999999999,3.0375000000000001
21880,-3.1869999999999998,3.0505
21881,0,3.0672999999999999
21882,0.73780000000000001,3.0729000000000002
21883,1.3764000000000001,3.0802999999999998
21884,3.7450000000000001,3.0895999999999999
21885,17.702100000000002,3.1286999999999998
21886,18.1113,3.1398000000000001
21887,15.333500000000001,3.1417000000000002
21888,12.1713,3.1398000000000001
21889,8.9346999999999994,3.1360999999999999
21890,0,3.1175000000000002
21891,0,3.1156000000000001
21892,0,3.1156000000000001
21893,0,3.1156000000000001
21894,0,3.1137999999999999
21895,0,3.1137999999999999
21896,0,3.1137999999999999
21897,0,3.1137999999999999
21898,0,3.1156000000000001
21899,0,3.1156000000000001
21900,0,3.1156000000000001
21901,0,3.1156000000000001
21902,0,3.1156000000000001
21903,0,3.1156000000000001
21904,0,3.1156000000000001
21905,0,3.1156000000000001
21906,0,3.1175000000000002
21907,0,3.1175000000000002
21908,0,3.1175000000000002
21909,0,3.1175000000000002
21910,0,3.1175000000000002
21911,0,3.1175000000000002
21912,-10.503399999999999,3.0933000000000002
21913,-14.4655,3.0783999999999998
21914,-18.334499999999998,3.0636000000000001
21915,-22.823599999999999,3.0430999999999999
21916,-28.608599999999999,3.0188999999999999
21917,-33.451099999999997,2.9946999999999999
21918,-39.9739,2.9668000000000001
21919,-39.967700000000001,2.9538000000000002
21920,-22.061,2.9872999999999998
21921,-21.825299999999999,2.9891999999999999
21922,-39.967700000000001,2.9407999999999999
21923,-28.3916,2.9594
21924,-14.4655,2.9929000000000001
21925,-24.844899999999999,2.9706000000000001
21926,-10.8506,3.0022000000000002
21927,-14.5771,2.9965999999999999
21928,-14.8499,2.9965999999999999
21929,-4.6254,3.0245000000000002
21930,-7.7751999999999999,3.0207999999999999
21931,-7.8186999999999998,3.0245000000000002
21932,-2.7033,3.0375000000000001
21933,-0.70679999999999998,3.0468000000000002
21934,-11.2599,3.0245000000000002
21935,-6.5724,3.0337999999999998
21936,0.53939999999999999,3.0524
21937,-4.4951999999999996,3.0449999999999999
21938,-4.4207999999999998,3.0468000000000002
21939,-2.5049000000000001,3.0524
21940,-6.3120000000000003,3.0449999999999999
21941,-6.3120000000000003,3.0430999999999999
21942,-6.2995999999999999,3.0430999999999999
21943,-6.3120000000000003,3.0430999999999999
21944,-6.3120000000000003,3.0430999999999999
21945,-2.4615,3.0524
21946,-8.1534999999999993,3.0411999999999999
21947,-8.1721000000000004,3.0394000000000001
21948,-11.0677,3.0301
21949,-0.58279999999999998,3.0543
21950,-2.4615,3.0543
21951,-6.2251000000000003,3.0449999999999999
21952,-6.2188999999999997,3.0449999999999999
21953,-2.4243000000000001,3.0543
21954,-2.3437000000000001,3.0560999999999998
21955,-4.1790000000000003,3.0524
21956,6.0205000000000002,3.0802999999999998
21957,10.230600000000001,3.0952000000000002
21958,13.1386,3.1101000000000001
21959,13.851599999999999,3.1194000000000002
21960,14.8561,3.125
21961,15.972200000000001,3.1324000000000001
21962,13.305999999999999,3.1324000000000001
21963,13.305999999999999,3.1343000000000001
21964,10.683199999999999,3.1324000000000001
21965,6.8204000000000002,3.125
21966,0,3.1118999999999999
21967,0,3.1101000000000001
21968,0,3.1082000000000001
21969,0,3.1063000000000001
21970,0,3.1063000000000001
21971,0,3.1063000000000001
21972,0,3.1025999999999998
21973,0,3.1025999999999998
21974,0,3.1025999999999998
21975,-3.9868000000000001,3.0933000000000002
21976,-7.5396000000000001,3.0840000000000001
21977,-6.6715999999999998,3.0821999999999998
21978,-3.6334,3.0876999999999999
21979,-11.414899999999999,3.0691000000000002
21980,-7.0994000000000002,3.0747
21981,-6.6281999999999996,3.0747
21982,-10.2988,3.0636000000000001
21983,-15.8606,3.0449999999999999
21984,-17.4665,3.0356999999999998
21985,-16.331800000000001,3.0318999999999998
21986,-13.950799999999999,3.0318999999999998
21987,-13.492000000000001,3.0301
21988,-12.022500000000001,3.0318999999999998
21989,-13.337,3.0264000000000002
21990,-14.453099999999999,3.0207999999999999
21991,-12.5806,3.0226000000000002
21992,-11.7807,3.0226000000000002
21993,-8.7114999999999991,3.0301
21994,-5.2950999999999997,3.0394000000000001
21995,-3.8256000000000001,3.0449999999999999
21996,-3.8256000000000001,3.0468000000000002
21997,-3.8256000000000001,3.0487000000000002
21998,-3.8317999999999999,3.0505
21999,-3.8256000000000001,3.0505
22000,-11.7807,3.0318999999999998
22001,-6.3368000000000002,3.0411999999999999
22002,-6.4298000000000002,3.0411999999999999
22003,0.73780000000000001,3.0617000000000001
22004,0.73780000000000001,3.0653999999999999
22005,-0.78739999999999999,3.0653999999999999
22006,-3.8317999999999999,3.0560999999999998
22007,-3.8193999999999999,3.0560999999999998
22008,1.8105,3.0710000000000002
22009,6.2126999999999999,3.0859000000000001
22010,16.492999999999999,3.1156000000000001
22011,13.299799999999999,3.1156000000000001
22012,10.689399999999999,3.1156000000000001
22013,0,3.0933000000000002
22014,0,3.0914999999999999
22015,0,3.0914999999999999
22016,0,3.0895999999999999
22017,0,3.0895999999999999
22018,0,3.0895999999999999
22019,0,3.0895999999999999
22020,0,3.0895999999999999
22021,0,3.0895999999999999
22022,0,3.0895999999999999
22023,0,3.0895999999999999
22024,0,3.0895999999999999
22025,0,3.0895999999999999
22026,0,3.0914999999999999
22027,0,3.0914999999999999
22028,0,3.0914999999999999
22029,0,3.0914999999999999
22030,0,3.0914999999999999
22031,0,3.0914999999999999
22032,0,3.0914999999999999
22033,-10.497199999999999,3.0691000000000002
22034,-14.459300000000001,3.0505
22035,-18.353100000000001,3.0356999999999998
22036,-22.569400000000002,3.0171000000000001
22037,-13.312200000000001,3.0301
22038,-13.0642,3.0282
22039,-11.0243,3.0318999999999998
22040,-2.1453000000000002,3.0524
22041,-2.1515,3.0543
22042,-6.2995999999999999,3.0487000000000002
22043,-4.1356000000000002,3.0524
22044,-2.1453000000000002,3.0598000000000001
22045,-0.1426,3.0653999999999999
22046,1.0602,3.0710000000000002
22047,-1.147,3.0691000000000002
22048,0.29759999999999998,3.0729000000000002
22049,-6.2561999999999998,3.0560999999999998
22050,-3.2242000000000002,3.0636000000000001
22051,-1.147,3.0691000000000002
22052,0.62,3.0747
22053,-1.1097999999999999,3.0729000000000002
22054,-2.0585,3.0710000000000002
22055,-3.0691000000000002,3.0672999999999999
22056,-6.2686000000000002,3.0598000000000001
22057,-7.2667999999999999,3.0524
22058,-10.460000000000001,3.0430999999999999
22059,-8.9408999999999992,3.0430999999999999
22060,-12.5434,3.0318999999999998
22061,-10.9809,3.0318999999999998
22062,-3.9434,3.0468000000000002
22063,-3.9868000000000001,3.0487000000000002
22064,-7.7504,3.0394000000000001
22065,-7.5457999999999998,3.0394000000000001
22066,-7.6698000000000004,3.0375000000000001
22067,-4.5819999999999999,3.0430999999999999
22068,-3.2242000000000002,3.0468000000000002
22069,-3.2242000000000002,3.0487000000000002
22070,-5.3446999999999996,3.0449999999999999
22071,-14.9863,3.0188999999999999
22072,-20.4923,2.9984999999999999
22073,-15.2591,3.0022000000000002
22074,-10.832000000000001,3.0095999999999998
22075,-10.466200000000001,3.0095999999999998
22076,3.9744000000000002,3.0468000000000002
22077,17.695900000000002,3.0895999999999999
22078,16.226400000000002,3.0989
22079,13.089,3.1008
22080,9.7346000000000004,3.0989
22081,0,3.0783999999999998
22082,0,3.0783999999999998
22083,0,3.0766
22084,0,3.0766
22085,0,3.0766
22086,0,3.0766
22087,0,3.0766
22088,0,3.0766
22089,0,3.0766
22090,0,3.0783999999999998
22091,0,3.0783999999999998
22092,0,3.0783999999999998
22093,0,3.0783999999999998
22094,0,3.0783999999999998
22095,0,3.0783999999999998
22096,0,3.0783999999999998
22097,0,3.0802999999999998
22098,0,3.0802999999999998
22099,0,3.0802999999999998
22100,0,3.0802999999999998
22101,0,3.0802999999999998
22102,0,3.0802999999999998
22103,0,3.0802999999999998
22104,0,3.0802999999999998
22105,0,3.0821999999999998
22106,0,3.0821999999999998
22107,0,3.0821999999999998
22108,0,3.0821999999999998
22109,0,3.0821999999999998
22110,-6.4607999999999999,3.0672999999999999
22111,-8.1844999999999999,3.0598000000000001
22112,-17.137799999999999,3.0337999999999998
22113,-13.901199999999999,3.0318999999999998
22114,-16.424800000000001,3.0207999999999999
22115,-12.028700000000001,3.0264000000000002
22116,-11.650499999999999,3.0245000000000002
22117,-20.021000000000001,3.0003000000000002
22118,-21.6145,2.9872999999999998
22119,-16.5426,2.9929000000000001
22120,-15.742800000000001,2.9910000000000001
22121,-15.463699999999999,2.9891999999999999
22122,-17.5471,2.9817
22123,-13.5044,2.9872999999999998
22124,-7.6201999999999996,3.0022000000000002
22125,-9.1765000000000008,3.0003000000000002
22126,-5.6547000000000001,3.0095999999999998
22127,-5.6981000000000002,3.0133000000000001
22128,-4.1356000000000002,3.0188999999999999
22129,-6.5848000000000004,3.0152000000000001
22130,-5.7415000000000003,3.0171000000000001
22131,-4.1852,3.0226000000000002
22132,1.2958000000000001,3.0375000000000001
22133,1.2958000000000001,3.0411999999999999
22134,10.143800000000001,3.0672999999999999
22135,11.2165,3.0783999999999998
22136,13.3804,3.0895999999999999
22137,7.8559000000000001,3.0821999999999998
22138,6.2624000000000004,3.0821999999999998
22139,7.6512000000000002,3.0876999999999999
22140,0,3.0729000000000002
22141,0,3.0710000000000002
22142,0,3.0691000000000002
22143,0,3.0691000000000002
22144,0,3.0691000000000002
22145,0,3.0691000000000002
22146,0,3.0691000000000002
22147,0,3.0691000000000002
22148,0,3.0691000000000002
22149,0,3.0691000000000002
22150,0,3.0710000000000002
22151,0,3.0710000000000002
22152,0,3.0710000000000002
22153,0,3.0710000000000002
22154,0,3.0710000000000002
22155,0,3.0710000000000002
22156,0,3.0710000000000002
22157,0,3.0710000000000002
22158,-4.5758000000000001,3.0617000000000001
22159,-6.2561999999999998,3.0543
22160,-3.8690000000000002,3.0560999999999998
22161,-6.9753999999999996,3.0487000000000002
22162,-14.019,3.0282
22163,-13.6656,3.0226000000000002
22164,-15.9846,3.0095999999999998
22165,-10.224399999999999,3.0207999999999999
22166,-16.294599999999999,3.0003000000000002
22167,-5.1090999999999998,3.0264000000000002
22168,-0.10539999999999999,3.0411999999999999
22169,-2.0647000000000002,3.0394000000000001
22170,-16.858799999999999,3.0022000000000002
22171,-11.8675,3.0059
22172,-11.464499999999999,3.004
22173,-16.945599999999999,2.9891999999999999
22174,-14.0997,2.9891999999999999
22175,-3.218,3.0152000000000001
22176,0.84940000000000004,3.0301
22177,-10.2182,3.0059
22178,-10.503399999999999,3.0022000000000002
22179,-5.6299000000000001,3.0133000000000001
22180,4.0983999999999998,3.0394000000000001
22181,3.6272000000000002,3.0449999999999999
22182,4.5448000000000004,3.0505
22183,11.092499999999999,3.0729000000000002
22184,10.9747,3.0783999999999998
22185,8.1721000000000004,3.0783999999999998
22186,0,3.0617000000000001
22187,0,3.0617000000000001
22188,0,3.0598000000000001
22189,0,3.0598000000000001
22190,0,3.0598000000000001
22191,0,3.0598000000000001
22192,-0.41539999999999999,3.0598000000000001
22193,-8.7052999999999994,3.0375000000000001
22194,-10.6646,3.0282
22195,-16.617000000000001,3.0078
22196,-20.386900000000001,2.9891999999999999
22197,-12.022500000000001,3.0022000000000002
22198,-17.4603,2.9853999999999998
22199,-18.898800000000001,2.9761000000000002
22200,-17.255700000000001,2.9723999999999999
22201,-21.744700000000002,2.9557000000000002
22202,-20.9573,2.9500999999999999
22203,-19.977599999999999,2.9481999999999999
22204,-16.232600000000001,2.952
22205,-16.951799999999999,2.9500999999999999
22206,-11.8675,2.9594
22207,-10.782400000000001,2.9649999999999999
22208,-8.1100999999999992,2.9723999999999999
22209,-9.6663999999999994,2.9706000000000001
22210,-8.3828999999999994,2.9742999999999999
22211,-4.5014000000000003,2.9853999999999998
22212,0,3.0003000000000002
22213,-2.7839,2.9984999999999999
22214,-1.1408,3.004
22215,1.3764000000000001,3.0152000000000001
22216,2.6103000000000001,3.0226000000000002
22217,6.7770000000000001,3.0375000000000001
22218,10.77,3.0524
22219,10.1066,3.0560999999999998
22220,11.737299999999999,3.0672999999999999
22221,9.8523999999999994,3.0691000000000002
22222,5.2641,3.0617000000000001
22223,6.6901999999999999,3.0653999999999999
22224,0,3.0505
22225,0,3.0487000000000002
22226,0,3.0487000000000002
22227,0,3.0487000000000002
22228,-0.496,3.0468000000000002
22229,0,3.0487000000000002
22230,0,3.0487000000000002
22231,-9.6229999999999993,3.0264000000000002
22232,-10.652200000000001,3.0171000000000001
22233,-17.819900000000001,2.9929000000000001
22234,-23.9831,2.9668000000000001
22235,-24.1815,2.9538000000000002
22236,-16.139600000000002,2.9649999999999999
22237,-10.422800000000001,2.9761000000000002
22238,-13.0642,2.9706000000000001
22239,-14.267099999999999,2.9649999999999999
22240,-15.8172,2.9557000000000002
22241,-16.5488,2.9500999999999999
22242,-25.309999999999999,2.9222000000000001
22243,-23.003399999999999,2.9184999999999999
22244,-16.852599999999999,2.9296000000000002
22245,-10.9809,2.9426999999999999
22246,-8.2217000000000002,2.952
22247,-12.307700000000001,2.9445000000000001
22248,-4.5819999999999999,2.9649999999999999
22249,-4.5819999999999999,2.9687000000000001
22250,-2.9079000000000002,2.9761000000000002
22251,0,2.9872999999999998
22252,-1.1841999999999999,2.9891999999999999
22253,-4.3898000000000001,2.9836
22254,-4.3836000000000004,2.9836
22255,-2.7839,2.9891999999999999
22256,2.0585,3.0022000000000002
22257,-2.6722999999999999,2.9946999999999999
22258,-4.1852,2.9910000000000001
22259,-4.1913999999999998,2.9910000000000001
22260,-4.1852,2.9910000000000001
22261,-4.1790000000000003,2.9910000000000001
22262,-4.1852,2.9910000000000001
22263,-5.8220999999999998,2.9853999999999998
22264,-9.5424000000000007,2.9761000000000002
22265,-11.2165,2.9687000000000001
22266,-25.495999999999999,2.9241000000000001
22267,-19.376200000000001,2.9278
22268,-19.779199999999999,2.9184999999999999
22269,-20.548100000000002,2.9091999999999998
22270,-5.8159000000000001,2.9445000000000001
22271,-14.459300000000001,2.9278
22272,-12.028700000000001,2.9315000000000002
22273,-10.503399999999999,2.9333999999999998
22274,-4.1417999999999999,2.952
22275,-2.2259000000000002,2.9613
22276,-5.9027000000000003,2.9557000000000002
22277,-4.0301999999999998,2.9613
22278,-0.34720000000000001,2.9742999999999999
22279,1.3702000000000001,2.9836
22280,-3.9929999999999999,2.9723999999999999
22281,1.3702000000000001,2.9872999999999998
22282,1.3764000000000001,2.9910000000000001
22283,-3.6581999999999999,2.9817
22284,-0.074399999999999994,2.9891999999999999
22285,-3.5775999999999999,2.9836
22286,4.6999000000000004,3.004
22287,2.0956999999999999,3.0022000000000002
22288,-3.1932,2.9910000000000001
22289,-4.8611000000000004,2.9853999999999998
22290,-4.8673000000000002,2.9836
22291,-4.8611000000000004,2.9817
22292,0,2.9929000000000001
22293,-3.0691000000000002,2.9891999999999999
22294,-4.7432999999999996,2.9836
22295,-1.3515999999999999,2.9910000000000001
22296,0.73160000000000003,2.9984999999999999
22297,2.6970999999999998,3.0059
22298,1.3764000000000001,3.0059
22299,2.6598999999999999,3.0095999999999998
22300,8.0046999999999997,3.0264000000000002
22301,9.6105999999999998,3.0356999999999998
22302,8.7797000000000001,3.0375000000000001
22303,6.6158000000000001,3.0375000000000001
22304,5.2579000000000002,3.0356999999999998
22305,-2.4243000000000001,3.0188999999999999
22306,-11.458299999999999,2.9929000000000001
22307,-10.9064,2.9872999999999998
22308,-7.9427000000000003,2.9891999999999999
22309,-8.9718999999999998,2.9817
22310,-10.143800000000001,2.9761000000000002
22311,-10.4724,2.9706000000000001
22312,-12.7232,2.9594
22313,-15.8606,2.9464000000000001
22314,-16.579799999999999,2.9371
22315,-11.6319,2.9445000000000001
22316,-3.9929999999999999,2.9649999999999999
22317,-6.3120000000000003,2.9594
22318,-6.3368000000000002,2.9594
22319,-6.4732000000000003,2.9594
22320,-11.656700000000001,2.9464000000000001
22321,-8.1906999999999996,2.952
22322,-13.622199999999999,2.9352
22323,-6.2251000000000003,2.9500999999999999
22324,-6.2561999999999998,2.952
22325,-6.2686000000000002,2.952
22326,-2.9823,2.9613
22327,4.4269999999999996,2.9853999999999998
22328,2.0461,2.9853999999999998
22329,1.3702000000000001,2.9872999999999998
22330,6.1444999999999999,3.0022000000000002
22331,3.2551999999999999,3.0003000000000002
22332,1.2958000000000001,2.9984999999999999
22333,-7.3536000000000001,2.9780000000000002
22334,-7.4714,2.9723999999999999
22335,-8.9780999999999995,2.9649999999999999
22336,-6.2995999999999999,2.9687000000000001
22337,-10.6646,2.9538000000000002
22338,-12.5434,2.9445000000000001
22339,-11.5451,2.9407999999999999
22340,-8.0295000000000005,2.9481999999999999
22341,-11.972899999999999,2.9352
22342,-12.338699999999999,2.9315000000000002
22343,-7.1055999999999999,2.9407999999999999
22344,-2.9885000000000002,2.9538000000000002
22345,-2.9823,2.9557000000000002
22346,-2.9079000000000002,2.9575
22347,0.77500000000000002,2.9706000000000001
22348,0.78120000000000001,2.9761000000000002
22349,-2.7839,2.9687000000000001
22350,-4.3525999999999998,2.9649999999999999
22351,0.78120000000000001,2.9780000000000002
22352,0.78120000000000001,2.9799000000000002
22353,2.0213000000000001,2.9853999999999998
22354,-9.1082999999999998,2.9594
22355,-10.708,2.9481999999999999
22356,-8.0233000000000008,2.9500999999999999
22357,-6.7088000000000001,2.952
22358,-1.147,2.9668000000000001
22359,-6.7088000000000001,2.9538000000000002
22360,-4.3464,2.9575
22361,-4.3525999999999998,2.9575
22362,0,2.9706000000000001
22363,0.186,2.9742999999999999
22364,1.3764000000000001,2.9799000000000002
22365,0.17979999999999999,2.9799000000000002
22366,-2.6227,2.9742999999999999
22367,-4.1790000000000003,2.9706000000000001
22368,-4.1790000000000003,2.9687000000000001
22369,-0.98580000000000001,2.9761000000000002
22370,-2.5049000000000001,2.9723999999999999
22371,-4.1417999999999999,2.9687000000000001
22372,0.17979999999999999,2.9780000000000002
22373,0.186,2.9817
22374,-3.9434,2.9723999999999999
22375,-7.7813999999999997,2.9594
22376,-2.4615,2.9706000000000001
22377,0.21079999999999999,2.9780000000000002
22378,3.8193999999999999,2.9891999999999999
22379,4.7805,2.9965999999999999
22380,5.9398999999999997,3.0022000000000002
22381,1.7423,2.9965999999999999
22382,-2.8645,2.9853999999999998
22383,-3.9371999999999998,2.9799000000000002
22384,-13.0518,2.9538000000000002
22385,-12.388299999999999,2.9464000000000001
22386,-10.9002,2.9445000000000001
22387,-5.8220999999999998,2.9538000000000002
22388,-5.8716999999999997,2.9538000000000002
22389,-10.0632,2.9426999999999999
22390,-6.1135000000000002,2.9481999999999999
22391,-5.3446999999999996,2.9500999999999999
22392,-5.3818999999999999,2.9500999999999999
22393,-6.2624000000000004,2.9481999999999999
22394,0.21079999999999999,2.9649999999999999
22395,-0.78739999999999999,2.9668000000000001
22396,-3.8256000000000001,2.9594
22397,-3.8317999999999999,2.9575
22398,0.21079999999999999,2.9706000000000001
22399,-0.74399999999999999,2.9706000000000001
22400,-0.75019999999999998,2.9706000000000001
22401,-3.6334,2.9649999999999999
22402,-5.9089,2.9557000000000002
22403,-10.1066,2.9426999999999999
22404,-3.8193999999999999,2.9538000000000002
22405,0.73780000000000001,2.9687000000000001
22406,-3.7511999999999999,2.9594
22407,1.2958000000000001,2.9723999999999999
22408,-8.5564999999999998,2.9500999999999999
22409,-11.470700000000001,2.9371
22410,-10.3422,2.9333999999999998
22411,1.2958000000000001,2.9613
22412,4.9044999999999996,2.9761000000000002
22413,10.6212,2.9965999999999999
22414,8.9346999999999994,3.0003000000000002
22415,13.1882,3.0188999999999999
22416,10.491,3.0171000000000001
22417,7.3474000000000004,3.0152000000000001
22418,0,2.9965999999999999
22419,0,2.9965999999999999
22420,0,2.9946999999999999
22421,0,2.9946999999999999
22422,0,2.9929000000000001
22423,0,2.9929000000000001
22424,-6.4607999999999999,2.9780000000000002
22425,-9.7035999999999998,2.9649999999999999
22426,-20.541899999999998,2.9315000000000002
22427,-22.091999999999999,2.911
22428,-26.2896,2.8887
22429,-20.8643,2.8887
22430,-12.4255,2.9036
22431,-15.6622,2.8942999999999999
22432,-13.535399999999999,2.8961999999999999
22433,-12.2209,2.8961999999999999
22434,-14.459300000000001,2.8887
22435,-21.106100000000001,2.8645
22436,-26.692699999999999,2.8403999999999998
22437,-19.190200000000001,2.8515000000000001
22438,-11.8241,2.8700999999999999
22439,-8.2960999999999991,2.8813
22440,-6.0639000000000003,2.8906000000000001
22441,-4.5014000000000003,2.8980000000000001
22442,-4.5014000000000003,2.9016999999999999
22443,3.6581999999999999,2.9278
22444,-1.1097999999999999,2.9241000000000001
22445,0.17979999999999999,2.9296000000000002
22446,0.78120000000000001,2.9352
22447,0.17979999999999999,2.9371
22448,1.2958000000000001,2.9426999999999999
22449,0.17979999999999999,2.9426999999999999
22450,1.302,2.9464000000000001
22451,5.8097000000000003,2.9613
22452,10.633599999999999,2.9799000000000002
22453,1.2958000000000001,2.9613
22454,-2.8334999999999999,2.952
22455,-6.3120000000000003,2.9407999999999999
22456,-10.7018,2.9258999999999999
22457,-9.1393000000000004,2.9241000000000001
22458,-0.55179999999999996,2.9426999999999999
22459,-3.2614000000000001,2.9371
22460,-5.4625000000000004,2.9315000000000002
22461,0.29759999999999998,2.9445000000000001
22462,-3.2614000000000001,2.9388999999999998
22463,-3.2614000000000001,2.9388999999999998
22464,-12.431699999999999,2.911
22465,-9.6167999999999996,2.9129
22466,-11.2227,2.9036
22467,-6.0328999999999997,2.9129
22468,-7.4714,2.9091999999999998
22469,-8.9780999999999995,2.9036
22470,-5.5121000000000002,2.911
22471,-2.4243000000000001,2.9222000000000001
22472,1.302,2.9333999999999998
22473,3.7326000000000001,2.9445000000000001
22474,0.73780000000000001,2.9426999999999999
22475,1.2524,2.9464000000000001
22476,0.30380000000000001,2.9464000000000001
22477,0.73780000000000001,2.9481999999999999
22478,1.3391999999999999,2.952
22479,0.78120000000000001,2.952
22480,4.5385999999999997,2.9649999999999999
22481,13.169600000000001,2.9891999999999999
22482,11.470700000000001,2.9929000000000001
22483,8.2960999999999991,2.9891999999999999
22484,0,2.9723999999999999
22485,0,2.9706000000000001
22486,0,2.9706000000000001
22487,0,2.9687000000000001
22488,0,2.9687000000000001
22489,0,2.9687000000000001
22490,0,2.9687000000000001
22491,0,2.9687000000000001
22492,0,2.9687000000000001
22493,0,2.9687000000000001
22494,0,2.9687000000000001
22495,0,2.9687000000000001
22496,0,2.9687000000000001
22497,0,2.9706000000000001
22498,0,2.9706000000000001
22499,0,2.9706000000000001
22500,0,2.9706000000000001
22501,0,2.9706000000000001
22502,0,2.9706000000000001
22503,0,2.9706000000000001
22504,0,2.9706000000000001
22505,0,2.9706000000000001
22506,0,2.9706000000000001
22507,0,2.9723999999999999
22508,0,2.9723999999999999
22509,0,2.9723999999999999
22510,0,2.9723999999999999
22511,0,2.9723999999999999
22512,0,2.9723999999999999
22513,0,2.9723999999999999
22514,0,2.9723999999999999
22515,0,2.9723999999999999
22516,0,2.9723999999999999
22517,-3.9868000000000001,2.9613
22518,-9.0648999999999997,2.9464000000000001
22519,-16.021799999999999,2.9241000000000001
22520,-19.6676,2.9036
22521,-24.014099999999999,2.8794
22522,-27.734300000000001,2.8552
22523,-15.3521,2.8757000000000001
22524,-16.623200000000001,2.8664000000000001
22525,-20.734100000000002,2.8515000000000001
22526,-16.387599999999999,2.8552
22527,-15.184699999999999,2.8552
22528,-13.1882,2.8571
22529,-13.709,2.8534000000000002
22530,-15.625,2.8458999999999999
22531,-7.6574,2.8645
22532,-11.470700000000001,2.8571
22533,-10.9064,2.8571
22534,-9.6663999999999994,2.859
22535,0,2.8868999999999998
22536,1.3764000000000001,2.8999000000000001
22537,1.3764000000000001,2.9055
22538,-4.1108000000000002,2.8961999999999999
22539,2.7839,2.9165999999999999
22540,9.8585999999999991,2.9407999999999999
22541,10.336,2.9500999999999999
22542,4.1790000000000003,2.9426999999999999
22543,3.4535999999999998,2.9426999999999999
22544,11.613300000000001,2.9668000000000001
22545,10.9747,2.9723999999999999
22546,7.4589999999999996,2.9687000000000001
22547,2.4552999999999998,2.9575
22548,0.61380000000000001,2.952
22549,0,2.952
22550,0,2.9500999999999999
22551,0,2.9500999999999999
22552,0,2.9500999999999999
22553,-0.58279999999999998,2.9481999999999999
22554,-2.2197,2.9445000000000001
22555,-2.2692999999999999,2.9426999999999999
22556,0,2.9464000000000001
22557,-0.58279999999999998,2.9481999999999999
22558,0,2.9481999999999999
22559,0,2.9500999999999999
22560,0,2.9481999999999999
22561,0,2.9500999999999999
22562,0,2.9500999999999999
22563,0,2.9500999999999999
22564,0,2.9500999999999999
22565,-0.41539999999999999,2.9500999999999999
22566,-1.8229,2.9464000000000001
22567,-3.4226000000000001,2.9407999999999999
22568,-6.6158000000000001,2.9315000000000002
22569,-15.104100000000001,2.9036
22570,-17.2867,2.8887
22571,-20.2194,2.8719999999999999
22572,-9.9082000000000008,2.8887
22573,-5.4625000000000004,2.8999000000000001
22574,-13.851599999999999,2.8776000000000002
22575,-19.8598,2.8515000000000001
22576,-20.1388,2.8403999999999998
22577,-13.113799999999999,2.8515000000000001
22578,-5.1835000000000004,2.8738000000000001
22579,-3.9868000000000001,2.8813
22580,-4.0301999999999998,2.8831000000000002
22581,-6.2624000000000004,2.8794
22582,-11.830299999999999,2.8626999999999998
22583,-9.1393000000000004,2.8645
22584,-12.5806,2.8534000000000002
22585,-11.7807,2.8515000000000001
22586,-10.1128,2.8515000000000001
22587,-2.3127,2.8738000000000001
22588,-2.2692999999999999,2.8794
22589,-6.0576999999999996,2.8719999999999999
22590,-8.9533000000000005,2.8607999999999998
22591,-9.1144999999999996,2.8571
22592,-6.4173999999999998,2.8626999999999998
22593,-9.3438999999999997,2.8552
22594,-6.2624000000000004,2.8607999999999998
22595,-7.7504,2.8571
22596,-5.6237000000000004,2.8607999999999998
22597,-4.1108000000000002,2.8664000000000001
22598,-4.1045999999999996,2.8700999999999999
22599,-2.4986999999999999,2.8757000000000001
22600,-2.5049000000000001,2.8776000000000002
22601,-4.0301999999999998,2.8738000000000001
22602,0.17979999999999999,2.8868999999999998
22603,-2.5792999999999999,2.8831000000000002
22604,0.73780000000000001,2.8923999999999999
22605,1.2958000000000001,2.8961999999999999
22606,3.8193999999999999,2.9073000000000002
22607,4.7805,2.9165999999999999
22608,10.1066,2.9333999999999998
22609,6.4607999999999999,2.9315000000000002
22610,10.838200000000001,2.9464000000000001
22611,4.9478999999999997,2.9371
22612,6.4112,2.9426999999999999
22613,7.6201999999999996,2.9481999999999999
22614,0,2.9315000000000002
22615,0,2.9315000000000002
22616,0,2.9296000000000002
22617,0,2.9296000000000002
22618,0,2.9296000000000002
22619,0,2.9296000000000002
22620,0,2.9296000000000002
22621,0,2.9296000000000002
22622,0,2.9296000000000002
22623,0,2.9296000000000002
22624,0,2.9296000000000002
22625,0,2.9296000000000002
22626,0,2.9296000000000002
22627,0,2.9296000000000002
22628,0,2.9296000000000002
22629,0,2.9296000000000002
22630,0,2.9315000000000002
22631,0,2.9315000000000002
22632,0,2.9315000000000002
22633,-6.7831999999999999,2.9129
22634,-10.652200000000001,2.8980000000000001
22635,-16.139600000000002,2.8757000000000001
22636,-22.309000000000001,2.8477999999999999
22637,-26.494199999999999,2.8199000000000001
22638,-31.367799999999999,2.7900999999999998
22639,-27.368500000000001,2.7827000000000002
22640,-24.212499999999999,2.7808000000000002
22641,-9.3438999999999997,2.8142999999999998
22642,1.2524,2.8515000000000001
22643,1.2585999999999999,2.8607999999999998
22644,12.338699999999999,2.9016999999999999
22645,13.442399999999999,2.9203000000000001
22646,10.8568,2.9241000000000001
22647,7.1799999999999997,2.9222000000000001
22648,0,2.9055
22649,0,2.9055
22650,0,2.9055
22651,0,2.9055
22652,0,2.9073000000000002
22653,0,2.9073000000000002
22654,0,2.9073000000000002
22655,0,2.9091999999999998
22656,0,2.9091999999999998
22657,0,2.9091999999999998
22658,0,2.9091999999999998
22659,0,2.911
22660,0,2.911
22661,-0.78120000000000001,2.9091999999999998
22662,-4.3402000000000003,2.8999000000000001
22663,-6.6219999999999999,2.8923999999999999
22664,-9.7469999999999999,2.8794
22665,-18.142299999999999,2.8496999999999999
22666,-15.1785,2.8458999999999999
22667,-8.1844999999999999,2.8571
22668,-2.5731000000000002,2.8738000000000001
22669,0.48980000000000001,2.8849999999999998
22670,-3.3420000000000001,2.8776000000000002
22671,-3.9371999999999998,2.8776000000000002
22672,-1.5438000000000001,2.8831000000000002
22673,-8.2155000000000005,2.8645
22674,-13.3866,2.8458999999999999
22675,-14.7011,2.8348
22676,-16.344200000000001,2.8199000000000001
22677,-13.182,2.8199000000000001
22678,-15.5381,2.8087
22679,-7.9861000000000004,2.8254999999999999
22680,-6.3120000000000003,2.8311000000000002
22681,-2.7839,2.8422000000000001
22682,0.29759999999999998,2.8552
22683,0.29759999999999998,2.8607999999999998
22684,-6.4669999999999996,2.8458999999999999
22685,-6.3182,2.8422000000000001
22686,-5.1401000000000003,2.8458999999999999
22687,-1.6307,2.8552
22688,-0.38440000000000002,2.8607999999999998
22689,-0.3906,2.8645
22690,-2.8273000000000001,2.859
22691,-1.6307,2.8626999999999998
22692,5.4625000000000004,2.8849999999999998
22693,1.6555,2.8813
22694,0.33479999999999999,2.8794
22695,-6.9071999999999996,2.859
22696,-4.7432999999999996,2.8607999999999998
22697,-4.7866999999999997,2.859
22698,1.1779999999999999,2.8757000000000001
22699,8.3394999999999992,2.8980000000000001
22700,7.056,2.9016999999999999
22701,7.2667999999999999,2.9073000000000002
22702,0,2.8942999999999999
22703,0,2.8923999999999999
22704,0,2.8923999999999999
22705,0,2.8923999999999999
22706,0,2.8923999999999999
22707,0,2.8923999999999999
22708,0,2.8923999999999999
22709,0,2.8942999999999999
22710,0,2.8942999999999999
22711,0,2.8942999999999999
22712,0,2.8942999999999999
22713,0,2.8942999999999999
22714,0,2.8942999999999999
22715,0,2.8961999999999999
22716,-3.3481999999999998,2.8868999999999998
22717,-0.496,2.8923999999999999
22718,-0.496,2.8923999999999999
22719,-0.50219999999999998,2.8942999999999999
22720,-0.496,2.8942999999999999
22721,-2.2692999999999999,2.8906000000000001
22722,-4.7432999999999996,2.8813
22723,-3.5838000000000001,2.8831000000000002
22724,-3.5775999999999999,2.8813
22725,-4.5510000000000002,2.8776000000000002
22726,-9.5052000000000003,2.8607999999999998
22727,-11.5451,2.8477999999999999
22728,-4.1852,2.8626999999999998
22729,0,2.8757000000000001
22730,0,2.8794
22731,0,2.8813
22732,-6.6158000000000001,2.8626999999999998
22733,-13.857799999999999,2.8403999999999998
22734,-22.0672,2.8050000000000002
22735,-26.8477,2.7751999999999999
22736,-25.254200000000001,2.7604000000000002
22737,-17.540900000000001,2.7696999999999998
22738,-11.061500000000001,2.7864
22739,-7.5830000000000002,2.7957000000000001
22740,-12.1465,2.7845
22741,-10.6646,2.7864
22742,-9.6478000000000002,2.7864
22743,-8.5503,2.7883
22744,-3.6705999999999999,2.8031000000000001
22745,1.2958000000000001,2.8235999999999999
22746,1.2585999999999999,2.8311000000000002
22747,-3.4660000000000002,2.8199000000000001
22748,-3.4722,2.8199000000000001
22749,-3.4660000000000002,2.8235999999999999
22750,-3.4722,2.8235999999999999
22751,-3.4660000000000002,2.8235999999999999
22752,-9.6292000000000009,2.8050000000000002
22753,-5.0656999999999996,2.8125
22754,-8.5503,2.8012999999999999
22755,-5.9398999999999997,2.8050000000000002
22756,-7.4218000000000002,2.8012999999999999
22757,-8.9533000000000005,2.7938000000000001
22758,-6.2747999999999999,2.7993999999999999
22759,-5.4996999999999998,2.8012999999999999
22760,-7.7876000000000003,2.7938000000000001
22761,-6.4607999999999999,2.7957000000000001
22762,-13.907400000000001,2.7696999999999998
22763,-28.497,2.7157
22764,8.9284999999999997,2.8125
22765,-27.337499999999999,2.7176
22766,-6.2686000000000002,2.7622
22767,-2.9885000000000002,2.7789999999999999
22768,5.1401000000000003,2.8069000000000002
22769,19.103400000000001,2.8607999999999998
22770,17.7393,2.8776000000000002
22771,15.0793,2.8831000000000002
22772,11.985300000000001,2.8831000000000002
22773,8.6990999999999996,2.8813
22774,0,2.8607999999999998
22775,0,2.8571
22776,0,2.8571
22777,0,2.8571
22778,0,2.8552
22779,0,2.8552
22780,0,2.8571
22781,0,2.8552
22782,0,2.8571
22783,0,2.8571
22784,0,2.8571
22785,0,2.8571
22786,0,2.8571
22787,0,2.859
22788,0,2.859
22789,0,2.859
22790,0,2.859
22791,0,2.859
22792,0,2.859
22793,0,2.859
22794,0,2.8607999999999998
22795,0,2.8607999999999998
22796,0,2.8607999999999998
22797,0,2.8607999999999998
22798,0,2.8607999999999998
22799,0,2.8607999999999998
22800,0,2.8626999999999998
22801,0,2.8626999999999998
22802,-4.9107000000000003,2.8496999999999999
22803,-10.6274,2.8311000000000002
22804,-17.8261,2.8012999999999999
22805,-18.6631,2.7864
22806,-16.530200000000001,2.7789999999999999
22807,-15.0297,2.7751999999999999
22808,-9.5424000000000007,2.7845
22809,-26.085000000000001,2.7305999999999999
22810,-7.056,2.7715000000000001
22811,-14.0997,2.7511000000000001
22812,-11.1173,2.7547999999999999
22813,-2.8273000000000001,2.7789999999999999
22814,-20.721699999999998,2.7286999999999999
22815,1.2524,2.7827000000000002
22816,0.84940000000000004,2.7919999999999998
22817,0.77500000000000002,2.7976000000000001
22818,1.2585999999999999,2.8050000000000002
22819,1.7051000000000001,2.8106
22820,1.2585999999999999,2.8125
22821,0.73780000000000001,2.8142999999999998
22822,4.1356000000000002,2.8292000000000002
22823,3.4660000000000002,2.8311000000000002
22824,3.0939000000000001,2.8348
22825,2.8893,2.8365999999999998
22826,4.3402000000000003,2.8441000000000001
22827,7.5396000000000001,2.8552
22828,0,2.8403999999999998
22829,0,2.8384999999999998
22830,0,2.8384999999999998
22831,0,2.8384999999999998
22832,0,2.8384999999999998
22833,0,2.8384999999999998
22834,0,2.8403999999999998
22835,0,2.8403999999999998
22836,0,2.8403999999999998
22837,0,2.8403999999999998
22838,0,2.8403999999999998
22839,0,2.8403999999999998
22840,0,2.8422000000000001
22841,0,2.8422000000000001
22842,0,2.8422000000000001
22843,0,2.8422000000000001
22844,0,2.8422000000000001
22845,0,2.8422000000000001
22846,0,2.8441000000000001
22847,0,2.8441000000000001
22848,0,2.8441000000000001
22849,0,2.8441000000000001
22850,0,2.8441000000000001
22851,0,2.8458999999999999
22852,0,2.8458999999999999
22853,0,2.8458999999999999
22854,0,2.8458999999999999
22855,0,2.8458999999999999
22856,0,2.8458999999999999
22857,0,2.8458999999999999
22858,0,2.8477999999999999
22859,-9.6229999999999993,2.8199000000000001
22860,-9.468,2.8125
22861,-15.339700000000001,2.7900999999999998
22862,-18.694099999999999,2.7677999999999998
22863,-21.1309,2.7473000000000001
22864,-23.3568,2.7250000000000001
22865,-6.3368000000000002,2.7641
22866,-9.3004999999999995,2.7585000000000002
22867,-27.827300000000001,2.6970999999999998
22868,-13.1448,2.7212999999999998
22869,-10.6274,2.7286999999999999
22870,-4.5881999999999996,2.7473000000000001
22871,0.84319999999999995,2.7677999999999998
22872,1.7361,2.7789999999999999
22873,1.7361,2.7864
22874,1.2524,2.7900999999999998
22875,1.6555,2.7957000000000001
22876,11.458299999999999,2.8292000000000002
22877,7.1799999999999997,2.8273000000000001
22878,-1.8229,2.8069000000000002
22879,-4.5758000000000001,2.7957000000000001
22880,-4.7061000000000002,2.7938000000000001
22881,-6.0639000000000003,2.7864
22882,-12.022500000000001,2.7641
22883,-20.1388,2.7305999999999999
22884,-22.284199999999998,2.7046000000000001
22885,-20.541899999999998,2.6953
22886,-5.3880999999999997,2.7324999999999999
22887,-0.54559999999999997,2.7511000000000001
22888,-1.9097,2.7528999999999999
22889,5.7352999999999996,2.7827000000000002
22890,10.689399999999999,2.8069000000000002
22891,7.3474000000000004,2.8087
22892,4.1356000000000002,2.8069000000000002
22893,-1.9469000000000001,2.7919999999999998
22894,-17.7393,2.7418
22895,-21.825299999999999,2.7101000000000002
22896,-20.839500000000001,2.6953
22897,-21.0627,2.6804000000000001
22898,-15.2529,2.6859999999999999
22899,-8.5937000000000001,2.7008000000000001
22900,-7.3907999999999996,2.7063999999999999
22901,-5.2950999999999997,2.7120000000000002
22902,0.73780000000000001,2.7362000000000002
22903,-2.2259000000000002,2.7343000000000002
22904,-5.9398999999999997,2.7231999999999998
22905,-5.2641,2.7231999999999998
22906,-2.2631000000000001,2.7343000000000002
22907,-2.2259000000000002,2.7362000000000002
22908,-3.7511999999999999,2.7343000000000002
22909,-10.137600000000001,2.7120000000000002
22910,-10.336,2.7046000000000001
22911,-5.5058999999999996,2.7139000000000002
22912,0.21079999999999999,2.7343000000000002
22913,1.2896000000000001,2.7435999999999998
22914,-5.3013000000000003,2.7286999999999999
22915,-8.9595000000000002,2.7120000000000002
22916,-11.972899999999999,2.6953
22917,-4.1108000000000002,2.7139000000000002
22918,0.1116,2.7305999999999999
22919,-9.2570999999999994,2.7046000000000001
22920,-11.644299999999999,2.6897000000000002
22921,-14.223699999999999,2.6728999999999998
22922,-18.650700000000001,2.6488
22923,-13.901199999999999,2.6505999999999998
22924,-11.879899999999999,2.6505999999999998
22925,-8.9718999999999998,2.6562000000000001
22926,-9.1021000000000001,2.6543000000000001
22927,-9.2570999999999994,2.6524999999999999
22928,-5.1090999999999998,2.6655000000000002
22929,-1.6307,2.6804000000000001
22930,-3.2551999999999999,2.6804000000000001
22931,-3.2675999999999998,2.6821999999999999
22932,-6.7088000000000001,2.6711
22933,-10.832000000000001,2.6543000000000001
22934,0.73160000000000003,2.6878000000000002
22935,1.3702000000000001,2.6989999999999998
22936,0.73780000000000001,2.7027000000000001
22937,-8.8665000000000003,2.6728999999999998
22938,-12.1031,2.6562000000000001
22939,-10.739000000000001,2.6505999999999998
22940,-7.7069999999999999,2.6543000000000001
22941,-6.9134000000000002,2.6543000000000001
22942,-3.4163999999999999,2.6655000000000002
22943,1.3702000000000001,2.6859999999999999
22944,2.0956999999999999,2.6953
22945,-6.5351999999999997,2.6711
22946,-8.9780999999999995,2.6581000000000001
22947,-12.295299999999999,2.6395
22948,-12.568199999999999,2.6282999999999999
22949,-13.814399999999999,2.6153
22950,-11.5017,2.6133999999999999
22951,-8.3085000000000004,2.6190000000000002
22952,-1.9097,2.6432000000000002
22953,1.3702000000000001,2.6598999999999999
22954,21.385100000000001,2.7362000000000002
22955,19.5932,2.7566000000000002
22956,18.346900000000002,2.7696999999999998
22957,15.5753,2.7770999999999999
22958,12.4131,2.7770999999999999
22959,9.1331000000000007,2.7751999999999999
22960,0,2.7511000000000001
22961,0,2.7473000000000001
22962,0,2.7454999999999998
22963,0,2.7454999999999998
22964,0,2.7454999999999998
22965,0,2.7435999999999998
22966,0,2.7435999999999998
22967,0,2.7435999999999998
22968,0,2.7435999999999998
22969,0,2.7435999999999998
22970,0,2.7454999999999998
22971,0,2.7435999999999998
22972,0,2.7454999999999998
22973,0,2.7454999999999998
22974,0,2.7454999999999998
22975,0,2.7454999999999998
22976,0,2.7454999999999998
22977,0,2.7454999999999998
22978,0,2.7454999999999998
22979,0,2.7454999999999998
22980,0,2.7473000000000001
22981,0,2.7473000000000001
22982,0,2.7473000000000001
22983,0,2.7473000000000001
22984,0,2.7473000000000001
22985,0,2.7473000000000001
22986,0,2.7473000000000001
22987,0,2.7492000000000001
22988,0,2.7492000000000001
22989,0,2.7492000000000001
22990,0,2.7492000000000001
22991,0,2.7492000000000001
22992,0,2.7492000000000001
22993,0,2.7492000000000001
22994,0,2.7511000000000001
22995,0,2.7511000000000001
22996,0,2.7511000000000001
22997,0,2.7511000000000001
22998,0,2.7511000000000001
22999,0,2.7511000000000001
23000,0,2.7528999999999999
23001,0,2.7511000000000001
23002,-10.509600000000001,2.7193999999999998
23003,-14.459300000000001,2.6989999999999998
23004,-18.346900000000002,2.6728999999999998
23005,-22.817399999999999,2.6413000000000002
23006,-28.614799999999999,2.6004
23007,-33.451099999999997,2.5575999999999999
23008,-29.241,2.5427
23009,-28.2118,2.5223
23010,-22.3338,2.5240999999999998
23011,-12.1837,2.5501999999999998
23012,2.7033,2.6059999999999999
23013,1.8601000000000001,2.6190000000000002
23014,0.73160000000000003,2.6263999999999998
23015,-7.4156000000000004,2.6059999999999999
23016,-6.1444999999999999,2.6059999999999999
23017,-6.2188999999999997,2.6040999999999999
23018,-9.1082999999999998,2.593
23019,-21.490500000000001,2.5390000000000001
23020,2.7776999999999998,2.6078000000000001
23021,14.0625,2.6636000000000002
23022,6.0949,2.6598999999999999
23023,16.152000000000001,2.7046000000000001
23024,6.9630000000000001,2.6915
23025,1.0602,2.6804000000000001
23026,-10.212,2.6413000000000002
23027,-6.7893999999999997,2.6413000000000002
23028,-15.6622,2.6023000000000001
23029,-26.767099999999999,2.5409000000000002
23030,-30.840699999999998,2.4906000000000001
23031,-39.9739,2.4144000000000001
23032,-39.961500000000001,2.3622999999999998
23033,-39.967700000000001,2.3456000000000001
