time_s,current_A,voltage_V
0,0,3.6328
1,0,3.629
2,0,3.6234999999999999
3,0,3.6215999999999999
4,0,3.6179000000000001
5,0,3.6160000000000001
6,0,3.6122999999999998
7,0,3.6103999999999998
8,0,3.6086
9,0,3.6049000000000002
10,0,3.6030000000000002
11,0,3.6011000000000002
12,0,3.5992999999999999
13,0,3.5973999999999999
14,0,3.5956000000000001
15,0,3.5937000000000001
16,0,3.5918000000000001
17,0,3.5899999999999999
18,0,3.5880999999999998
19,0,3.5863
20,0,3.5844
21,0,3.5844
22,0,3.5825
23,0,3.5807000000000002
24,0,3.577
25,0,3.5750999999999999
26,0,3.5731999999999999
27,0,3.5731999999999999
28,0,3.5714000000000001
29,0,3.5714000000000001
30,0,3.5695000000000001
31,0,3.5676999999999999
32,0,3.5657999999999999
33,0,3.5657999999999999
34,0,3.5638999999999998
35,0,3.5638999999999998
36,0,3.5621
37,0,3.5602
38,0,3.5602
39,0,3.5583999999999998
40,0,3.5583999999999998
41,0,3.5565000000000002
42,0,3.5565000000000002
43,0,3.5546000000000002
44,0,3.5546000000000002
45,0,3.5546000000000002
46,0,3.5528
47,0,3.5528
48,0,3.5508999999999999
49,0,3.5508999999999999
50,0,3.5491000000000001
51,0,3.5491000000000001
52,0,3.5491000000000001
53,0,3.5472000000000001
54,0,3.5472000000000001
55,0,3.5453000000000001
56,0,3.5453000000000001
57,0,3.5434999999999999
58,0,3.5434999999999999
59,0,3.5434999999999999
60,0,3.5434999999999999
61,0,3.5415999999999999
62,0,3.5415999999999999
63,0,3.5398000000000001
64,0,3.5398000000000001
65,0,3.5398000000000001
66,0,3.5398000000000001
67,0,3.5379
68,0,3.5379
69,0,3.5379
70,0,3.536
71,0,3.536
72,0,3.536
73,0,3.5341999999999998
74,0,3.5341999999999998
75,0,3.5341999999999998
76,0,3.5341999999999998
77,0,3.5341999999999998
78,0,3.5323000000000002
79,0,3.5323000000000002
80,0,3.5323000000000002
81,0,3.5286
82,0,3.5286
83,0,3.5286
84,0,3.5286
85,0,3.5266999999999999
86,0,3.5266999999999999
87,0,3.5266999999999999
88,0,3.5266999999999999
89,0,3.5266999999999999
90,0,3.5249000000000001
91,0,3.5249000000000001
92,0,3.5249000000000001
93,0,3.5249000000000001
94,0,3.5230000000000001
95,0,3.5230000000000001
96,0,3.5230000000000001
97,0,3.5230000000000001
98,0,3.5230000000000001
99,0,3.5211999999999999
100,0,3.5211999999999999
101,0,3.5211999999999999
102,0,3.5211999999999999
103,0,3.5211999999999999
104,0,3.5192999999999999
105,0,3.5192999999999999
106,0,3.5192999999999999
107,0,3.5192999999999999
108,0,3.5192999999999999
109,0,3.5192999999999999
110,0,3.5173999999999999
111,0,3.5173999999999999
112,0,3.5173999999999999
113,0,3.5173999999999999
114,0,3.5173999999999999
115,0,3.5173999999999999
116,0,3.5173999999999999
117,0,3.5156000000000001
118,0,3.5156000000000001
119,0,3.5156000000000001
120,0,3.5156000000000001
121,0,3.5156000000000001
122,0,3.5156000000000001
123,0,3.5137
124,0,3.5137
125,0,3.5137
126,0,3.5137
127,0,3.5137
128,0,3.5137
129,0,3.5118999999999998
130,0,3.5118999999999998
131,0,3.5118999999999998
132,0,3.5118999999999998
133,0,3.5118999999999998
134,0,3.5118999999999998
135,0,3.5118999999999998
136,0,3.5099999999999998
137,0,3.5099999999999998
138,0,3.5099999999999998
139,0,3.5099999999999998
140,0,3.5099999999999998
141,0,3.5099999999999998
142,0,3.5081000000000002
143,0,3.5081000000000002
144,0,3.5081000000000002
145,0,3.5081000000000002
146,0,3.5081000000000002
147,0,3.5081000000000002
148,0,3.5081000000000002
149,0,3.5081000000000002
150,0,3.5081000000000002
151,0,3.5081000000000002
152,0,3.5063
153,0,3.5063
154,0,3.5063
155,0,3.5063
156,0,3.5063
157,0,3.5063
158,0,3.5063
159,0,3.5063
160,0,3.5044
161,0,3.5044
162,0,3.5044
163,0,3.5044
164,0,3.5044
165,0,3.5044
166,0,3.5044
167,0,3.5044
168,0,3.5026000000000002
169,0,3.5044
170,0,3.5044
171,0,3.5026000000000002
172,0,3.5026000000000002
173,0,3.5026000000000002
174,0,3.5026000000000002
175,0,3.5026000000000002
176,0,3.5026000000000002
177,0,3.5026000000000002
178,0,3.5007000000000001
179,0,3.5007000000000001
180,0,3.5007000000000001
181,0,3.5007000000000001
182,0,3.5007000000000001
183,0,3.5007000000000001
184,0,3.5007000000000001
185,0,3.5007000000000001
186,0,3.5007000000000001
187,0,3.5007000000000001
188,0,3.5007000000000001
189,0,3.5007000000000001
190,0,3.4988000000000001
191,0,3.4988000000000001
192,0,3.4988000000000001
193,0,3.4988000000000001
194,0,3.4988000000000001
195,0,3.4988000000000001
196,0,3.4988000000000001
197,0,3.4988000000000001
198,0,3.4988000000000001
199,0,3.4969999999999999
200,0,3.4988000000000001
201,0,3.4969999999999999
202,0,3.4969999999999999
203,0,3.4969999999999999
204,0,3.4969999999999999
205,0,3.4969999999999999
206,0,3.4969999999999999
207,0,3.4969999999999999
208,0,3.4969999999999999
209,0,3.4969999999999999
210,0,3.4969999999999999
211,0,3.4969999999999999
212,0,3.4969999999999999
213,0,3.4950999999999999
214,0,3.4950999999999999
215,0,3.4950999999999999
216,0,3.4950999999999999
217,0,3.4950999999999999
218,0,3.4950999999999999
219,0,3.4950999999999999
220,0,3.4950999999999999
221,0,3.4950999999999999
222,0,3.4950999999999999
223,0,3.4950999999999999
224,0,3.4933000000000001
225,0,3.4933000000000001
226,0,3.4933000000000001
227,0,3.4933000000000001
228,0,3.4933000000000001
229,0,3.4933000000000001
230,0,3.4933000000000001
231,0,3.4933000000000001
232,0,3.4933000000000001
233,0,3.4933000000000001
234,0,3.4933000000000001
235,0,3.4933000000000001
236,0,3.4933000000000001
237,0,3.4914000000000001
238,0,3.4914000000000001
239,0,3.4914000000000001
240,0,3.4914000000000001
241,0,3.4914000000000001
242,0,3.4914000000000001
243,0,3.4914000000000001
244,0,3.4914000000000001
245,0,3.4914000000000001
246,0,3.4914000000000001
247,0,3.4914000000000001
248,0,3.4914000000000001
249,0,3.4914000000000001
250,0,3.4895
251,0,3.4895
252,0,3.4895
253,0,3.4895
254,0,3.4895
255,0,3.4895
256,0,3.4895
257,0,3.4895
258,0,3.4895
259,0,3.4895
260,0,3.4895
261,0,3.4895
262,0,3.4895
263,0,3.4895
264,0,3.4895
265,0,3.4895
266,0,3.4876999999999998
267,0,3.4876999999999998
268,0,3.4876999999999998
269,0,3.4876999999999998
270,0,3.4876999999999998
271,0,3.4876999999999998
272,0,3.4876999999999998
273,0,3.4876999999999998
274,0,3.4876999999999998
275,0,3.4876999999999998
276,0,3.4876999999999998
277,0,3.4876999999999998
278,0,3.4876999999999998
279,0,3.4876999999999998
280,0,3.4876999999999998
281,0,3.4876999999999998
282,0,3.4857999999999998
283,0,3.4876999999999998
284,0,3.4857999999999998
285,0,3.4857999999999998
286,0,3.4857999999999998
287,0,3.4857999999999998
288,0,3.4857999999999998
289,0,3.4857999999999998
290,0,3.4857999999999998
291,0,3.4857999999999998
292,0,3.4857999999999998
293,0,3.4857999999999998
294,0,3.4857999999999998
295,0,3.4857999999999998
296,0,3.4857999999999998
297,0,3.4857999999999998
298,0,3.4821
299,0,3.4857999999999998
300,0,3.4821
301,0,3.4857999999999998
302,0,3.4821
303,0,3.4821
304,0,3.4821
305,0,3.4821
306,0,3.4821
307,0,3.4821
308,0,3.4821
309,0,3.4821
310,0,3.4821
311,0,3.4821
312,0,3.4821
313,0,3.4821
314,0,3.4821
315,0,3.4802
316,0,3.4821
317,0,3.4802
318,0,3.4802
319,0,3.4802
320,0,3.4802
321,0,3.4802
322,0,3.4802
323,0,3.4802
324,0,3.4802
325,0,3.4802
326,0,3.4802
327,0,3.4802
328,0,3.4802
329,0,3.4802
330,0,3.4802
331,0,3.4802
332,0,3.4802
333,0,3.4784000000000002
334,0,3.4802
335,0,3.4802
336,0,3.4802
337,0,3.4802
338,0,3.4784000000000002
339,0,3.4802
340,0,3.4784000000000002
341,0,3.4784000000000002
342,0,3.4784000000000002
343,0,3.4784000000000002
344,0,3.4784000000000002
345,0,3.4784000000000002
346,0,3.4784000000000002
347,0,3.4784000000000002
348,0,3.4784000000000002
349,0,3.4784000000000002
350,0,3.4784000000000002
351,0,3.4784000000000002
352,0,3.4784000000000002
353,0,3.4784000000000002
354,0,3.4784000000000002
355,0,3.4784000000000002
356,0,3.4784000000000002
357,0,3.4784000000000002
358,0,3.4784000000000002
359,0,3.4784000000000002
360,0,3.4784000000000002
361,0,3.4765000000000001
362,0,3.4784000000000002
363,0,3.4765000000000001
364,0,3.4765000000000001
365,0,3.4765000000000001
366,0,3.4765000000000001
367,0,3.4765000000000001
368,0,3.4765000000000001
369,0,3.4765000000000001
370,0,3.4765000000000001
371,0,3.4765000000000001
372,0,3.4765000000000001
373,0,3.4765000000000001
374,0,3.4765000000000001
375,0,3.4765000000000001
376,0,3.4765000000000001
377,0,3.4765000000000001
378,0,3.4765000000000001
379,0,3.4765000000000001
380,0,3.4746999999999999
381,0,3.4765000000000001
382,0,3.4746999999999999
383,0,3.4746999999999999
384,0,3.4746999999999999
385,0,3.4746999999999999
386,0,3.4746999999999999
387,0,3.4746999999999999
388,0,3.4746999999999999
389,0,3.4746999999999999
390,0,3.4746999999999999
391,0,3.4746999999999999
392,0,3.4746999999999999
393,0,3.4746999999999999
394,0,3.4746999999999999
395,0,3.4746999999999999
396,0,3.4746999999999999
397,0,3.4746999999999999
398,0,3.4746999999999999
399,0,3.4746999999999999
400,0,3.4746999999999999
401,0,3.4746999999999999
402,0,3.4746999999999999
403,0,3.4727999999999999
404,0,3.4746999999999999
405,0,3.4727999999999999
406,0,3.4746999999999999
407,0,3.4727999999999999
408,0,3.4746999999999999
409,0,3.4727999999999999
410,0,3.4727999999999999
411,0,3.4727999999999999
412,0,3.4727999999999999
413,0,3.4727999999999999
414,0,3.4727999999999999
415,0,3.4727999999999999
416,0,3.4727999999999999
417,0,3.4727999999999999
418,0,3.4727999999999999
419,0,3.4727999999999999
420,0,3.4727999999999999
421,0,3.4727999999999999
422,0,3.4727999999999999
423,0,3.4727999999999999
424,0,3.4727999999999999
425,0,3.4727999999999999
426,0,3.4727999999999999
427,0,3.4727999999999999
428,0,3.4727999999999999
429,0,3.4727999999999999
430,0,3.4727999999999999
431,0,3.4727999999999999
432,0,3.4727999999999999
433,0,3.4727999999999999
434,0,3.4727999999999999
435,0,3.4727999999999999
436,0,3.4708999999999999
437,0,3.4708999999999999
438,0,3.4708999999999999
439,0,3.4708999999999999
440,0,3.4708999999999999
441,0,3.4708999999999999
442,0,3.4708999999999999
443,0,3.4708999999999999
444,0,3.4708999999999999
445,0,3.4708999999999999
446,0,3.4708999999999999
447,0,3.4708999999999999
448,0,3.4708999999999999
449,0,3.4708999999999999
450,0,3.4708999999999999
451,0,3.4708999999999999
452,0,3.4708999999999999
453,0,3.4708999999999999
454,0,3.4708999999999999
455,0,3.4708999999999999
456,0,3.4708999999999999
457,0,3.4708999999999999
458,0,3.4708999999999999
459,0,3.4708999999999999
460,0,3.4708999999999999
461,0,3.4708999999999999
462,0,3.4708999999999999
463,0,3.4691000000000001
464,0,3.4708999999999999
465,0,3.4691000000000001
466,0,3.4708999999999999
467,0,3.4691000000000001
468,0,3.4691000000000001
469,0,3.4708999999999999
470,0,3.4691000000000001
471,0,3.4691000000000001
472,0,3.4691000000000001
473,0,3.4691000000000001
474,0,3.4691000000000001
475,0,3.4691000000000001
476,0,3.4691000000000001
477,0,3.4691000000000001
478,0,3.4691000000000001
479,0,3.4691000000000001
480,0,3.4691000000000001
481,0,3.4691000000000001
482,0,3.4691000000000001
483,0,3.4691000000000001
484,0,3.4691000000000001
485,0,3.4691000000000001
486,0,3.4691000000000001
487,0,3.4691000000000001
488,0,3.4691000000000001
489,0,3.4691000000000001
490,0,3.4691000000000001
491,0,3.4691000000000001
492,0,3.4691000000000001
493,0,3.4691000000000001
494,0,3.4691000000000001
495,0,3.4691000000000001
496,0,3.4672000000000001
497,0,3.4691000000000001
498,0,3.4672000000000001
499,0,3.4672000000000001
500,0,3.4672000000000001
501,0,3.4672000000000001
502,0,3.4672000000000001
503,0,3.4672000000000001
504,0,3.4672000000000001
505,0,3.4672000000000001
506,0,3.4672000000000001
507,0,3.4672000000000001
508,0,3.4672000000000001
509,0,3.4672000000000001
510,0,3.4672000000000001
511,0,3.4672000000000001
512,0,3.4672000000000001
513,0,3.4672000000000001
514,0,3.4672000000000001
515,0,3.4672000000000001
516,0,3.4672000000000001
517,0,3.4672000000000001
518,0,3.4672000000000001
519,0,3.4672000000000001
520,0,3.4672000000000001
521,0,3.4672000000000001
522,0,3.4672000000000001
523,0,3.4672000000000001
524,0,3.4672000000000001
525,0,3.4672000000000001
526,0,3.4672000000000001
527,0,3.4672000000000001
528,0,3.4672000000000001
529,0,3.4653999999999998
530,0,3.4672000000000001
531,0,3.4672000000000001
532,0,3.4672000000000001
533,0,3.4653999999999998
534,0,3.4672000000000001
535,0,3.4672000000000001
536,0,3.4672000000000001
537,0,3.4653999999999998
538,0,3.4653999999999998
539,0,3.4653999999999998
540,0,3.4653999999999998
541,0,3.4653999999999998
542,0,3.4653999999999998
543,0,3.4653999999999998
544,0,3.4653999999999998
545,0,3.4653999999999998
546,0,3.4653999999999998
547,0,3.4653999999999998
548,0,3.4653999999999998
549,0,3.4653999999999998
550,0,3.4653999999999998
551,0,3.4653999999999998
552,0,3.4653999999999998
553,0,3.4653999999999998
554,0,3.4653999999999998
555,0,3.4653999999999998
556,0,3.4653999999999998
557,0,3.4653999999999998
558,0,3.4653999999999998
559,0,3.4653999999999998
560,0,3.4653999999999998
561,0,3.4653999999999998
562,0,3.4653999999999998
563,0,3.4653999999999998
564,0,3.4653999999999998
565,0,3.4653999999999998
566,0,3.4634999999999998
567,0,3.4653999999999998
568,0,3.4653999999999998
569,0,3.4653999999999998
570,0,3.4634999999999998
571,0,3.4634999999999998
572,0,3.4653999999999998
573,0,3.4634999999999998
574,0,3.4653999999999998
575,0,3.4634999999999998
576,0,3.4634999999999998
577,0,3.4634999999999998
578,0,3.4634999999999998
579,0,3.4653999999999998
580,0,3.4634999999999998
581,0,3.4634999999999998
582,0,3.4634999999999998
583,0,3.4634999999999998
584,0,3.4634999999999998
585,0,3.4634999999999998
586,0,3.4634999999999998
587,0,3.4634999999999998
588,0,3.4634999999999998
589,0,3.4634999999999998
590,0,3.4634999999999998
591,0,3.4634999999999998
592,0,3.4634999999999998
593,0,3.4634999999999998
594,0,3.4634999999999998
595,0,3.4634999999999998
596,0,3.4634999999999998
597,0,3.4634999999999998
598,0,3.4634999999999998
599,0,3.4634999999999998
600,0,3.4634999999999998
601,0,3.4634999999999998
602,0,3.4634999999999998
603,0,3.4634999999999998
604,0,3.4634999999999998
605,0,3.4634999999999998
606,0,3.4634999999999998
607,0,3.4634999999999998
608,0,3.4634999999999998
609,0,3.4634999999999998
610,0,3.4634999999999998
611,0,3.4634999999999998
612,0,3.4634999999999998
613,0,3.4615999999999998
614,0,3.4634999999999998
615,0,3.4615999999999998
616,0,3.4634999999999998
617,0,3.4615999999999998
618,0,3.4634999999999998
619,0,3.4615999999999998
620,0,3.4615999999999998
621,0,3.4615999999999998
622,0,3.4615999999999998
623,0,3.4615999999999998
624,0,3.4615999999999998
625,0,3.4615999999999998
626,0,3.4615999999999998
627,0,3.4615999999999998
628,0,3.4615999999999998
629,0,3.4615999999999998
630,0,3.4615999999999998
631,0,3.4615999999999998
632,0,3.4615999999999998
633,0,3.4615999999999998
634,0,3.4615999999999998
635,0,3.4615999999999998
636,0,3.4615999999999998
637,0,3.4615999999999998
638,0,3.4615999999999998
639,0,3.4615999999999998
640,0,3.4615999999999998
641,0,3.4615999999999998
642,0,3.4615999999999998
643,0,3.4615999999999998
644,0,3.4615999999999998
645,0,3.4615999999999998
646,0,3.4615999999999998
647,0,3.4615999999999998
648,0,3.4615999999999998
649,0,3.4615999999999998
650,0,3.4615999999999998
651,0,3.4615999999999998
652,0,3.4615999999999998
653,0,3.4615999999999998
654,0,3.4615999999999998
655,0,3.4615999999999998
656,0,3.4615999999999998
657,0,3.4615999999999998
658,0,3.4615999999999998
659,0,3.4615999999999998
660,0,3.4615999999999998
661,0,3.4615999999999998
662,0,3.4615999999999998
663,0,3.4598
664,0,3.4598
665,0,3.4598
666,0,3.4615999999999998
667,0,3.4598
668,0,3.4598
669,0,3.4598
670,0,3.4598
671,0,3.4598
672,0,3.4598
673,0,3.4615999999999998
674,0,3.4598
675,0,3.4598
676,0,3.4598
677,0,3.4598
678,0,3.4598
679,0,3.4598
680,0,3.4598
681,0,3.4598
682,0,3.4598
683,0,3.4598
684,0,3.4598
685,0,3.4598
686,0,3.4598
687,0,3.4598
688,0,3.4598
689,0,3.4598
690,0,3.4598
691,0,3.4598
692,0,3.4598
693,0,3.4598
694,0,3.4598
695,0,3.4598
696,0,3.4598
697,0,3.4598
698,0,3.4598
699,0,3.4598
700,0,3.4598
701,0,3.4598
702,0,3.4598
703,0,3.4598
704,0,3.4598
705,0,3.4598
706,0,3.4598
707,0,3.4598
708,0,3.4598
709,0,3.4598
710,0,3.4598
711,0,3.4598
712,0,3.4598
713,0,3.4598
714,0,3.4598
715,0,3.4598
716,0,3.4598
717,0,3.4598
718,0,3.4579
719,0,3.4598
720,0,3.4579
721,0,3.4579
722,0,3.4579
723,0,3.4579
724,0,3.4579
725,0,3.4579
726,0,3.4579
727,0,3.4579
728,0,3.4579
729,0,3.4579
730,0,3.4579
731,0,3.4579
732,0,3.4579
733,0,3.4579
734,0,3.4579
735,0,3.4579
736,0,3.4579
737,0,3.4579
738,0,3.4579
739,0,3.4579
740,0,3.4579
741,0,3.4579
742,0,3.4579
743,0,3.4579
744,0,3.4579
745,0,3.4579
746,0,3.4579
747,0,3.4579
748,0,3.4579
749,0,3.4579
750,0,3.4579
751,0,3.4579
752,0,3.4579
753,0,3.4579
754,0,3.4579
755,0,3.4579
756,0,3.4579
757,0,3.4579
758,0,3.4579
759,0,3.4579
760,0,3.4579
761,0,3.4579
762,0,3.4579
763,0,3.4579
764,0,3.4579
765,0,3.4579
766,0,3.4579
767,0,3.4579
768,0,3.4579
769,0,3.4579
770,0,3.4579
771,0,3.4579
772,0,3.4561000000000002
773,0,3.4579
774,0,3.4561000000000002
775,0,3.4579
776,0,3.4579
777,0,3.4579
778,0,3.4579
779,0,3.4579
780,0,3.4561000000000002
781,0,3.4561000000000002
782,0,3.4561000000000002
783,0,3.4561000000000002
784,0,3.4579
785,0,3.4561000000000002
786,0,3.4561000000000002
787,0,3.4561000000000002
788,0,3.4561000000000002
789,0,3.4561000000000002
790,0,3.4579
791,0,3.4561000000000002
792,0,3.4561000000000002
793,0,3.4561000000000002
794,0,3.4561000000000002
795,0,3.4561000000000002
796,0,3.4561000000000002
797,0,3.4561000000000002
798,0,3.4561000000000002
799,0,3.4561000000000002
800,0,3.4561000000000002
801,0,3.4561000000000002
802,0,3.4561000000000002
803,0,3.4561000000000002
804,0,3.4561000000000002
805,0,3.4561000000000002
806,0,3.4561000000000002
807,0,3.4561000000000002
808,0,3.4561000000000002
809,0,3.4561000000000002
810,0,3.4561000000000002
811,0,3.4561000000000002
812,0,3.4561000000000002
813,0,3.4561000000000002
814,0,3.4561000000000002
815,0,3.4561000000000002
816,0,3.4561000000000002
817,0,3.4561000000000002
818,0,3.4561000000000002
819,0,3.4561000000000002
820,0,3.4561000000000002
821,0,3.4561000000000002
822,0,3.4561000000000002
823,0,3.4561000000000002
824,0,3.4561000000000002
825,0,3.4561000000000002
826,0,3.4561000000000002
827,0,3.4561000000000002
828,0,3.4561000000000002
829,0,3.4561000000000002
830,0,3.4561000000000002
831,0,3.4561000000000002
832,0,3.4561000000000002
833,0,3.4561000000000002
834,0,3.4561000000000002
835,0,3.4561000000000002
836,0,3.4561000000000002
837,0,3.4561000000000002
838,0,3.4561000000000002
839,0,3.4561000000000002
840,0,3.4561000000000002
841,0,3.4561000000000002
842,0,3.4561000000000002
843,0,3.4561000000000002
844,0,3.4561000000000002
845,0,3.4542000000000002
846,0,3.4561000000000002
847,0,3.4542000000000002
848,0,3.4561000000000002
849,0,3.4561000000000002
850,0,3.4561000000000002
851,0,3.4561000000000002
852,0,3.4561000000000002
853,0,3.4542000000000002
854,0,3.4542000000000002
855,0,3.4542000000000002
856,0,3.4542000000000002
857,0,3.4542000000000002
858,0,3.4542000000000002
859,0,3.4542000000000002
860,0,3.4542000000000002
861,0,3.4542000000000002
862,0,3.4542000000000002
863,0,3.4542000000000002
864,0,3.4542000000000002
865,0,3.4542000000000002
866,0,3.4542000000000002
867,0,3.4542000000000002
868,0,3.4542000000000002
869,0,3.4542000000000002
870,0,3.4542000000000002
871,0,3.4542000000000002
872,0,3.4542000000000002
873,0,3.4542000000000002
874,0,3.4542000000000002
875,0,3.4542000000000002
876,0,3.4542000000000002
877,0,3.4542000000000002
878,0,3.4542000000000002
879,0,3.4542000000000002
880,0,3.4542000000000002
881,0,3.4542000000000002
882,0,3.4542000000000002
883,0,3.4542000000000002
884,0,3.4542000000000002
885,0,3.4542000000000002
886,0,3.4542000000000002
887,0,3.4542000000000002
888,0,3.4542000000000002
889,0,3.4542000000000002
890,0,3.4542000000000002
891,0,3.4542000000000002
892,0,3.4542000000000002
893,0,3.4542000000000002
894,0,3.4542000000000002
895,0,3.4542000000000002
896,0,3.4542000000000002
897,0,3.4542000000000002
898,0,3.4542000000000002
899,0,3.4542000000000002
900,0,3.4542000000000002
901,0,3.4542000000000002
902,0,3.4542000000000002
903,0,3.4542000000000002
904,0,3.4542000000000002
905,0,3.4542000000000002
906,0,3.4542000000000002
907,0,3.4542000000000002
908,0,3.4542000000000002
909,0,3.4542000000000002
910,0,3.4542000000000002
911,0,3.4542000000000002
912,0,3.4542000000000002
913,0,3.4542000000000002
914,0,3.4542000000000002
915,0,3.4542000000000002
916,0,3.4542000000000002
917,0,3.4542000000000002
918,0,3.4542000000000002
919,0,3.4542000000000002
920,0,3.4523000000000001
921,0,3.4542000000000002
922,0,3.4523000000000001
923,0,3.4542000000000002
924,0,3.4542000000000002
925,0,3.4523000000000001
926,0,3.4523000000000001
927,0,3.4523000000000001
928,0,3.4523000000000001
929,0,3.4523000000000001
930,0,3.4542000000000002
931,0,3.4523000000000001
932,0,3.4523000000000001
933,0,3.4542000000000002
934,0,3.4542000000000002
935,0,3.4523000000000001
936,0,3.4523000000000001
937,0,3.4523000000000001
938,0,3.4523000000000001
939,0,3.4523000000000001
940,0,3.4523000000000001
941,0,3.4523000000000001
942,0,3.4523000000000001
943,0,3.4523000000000001
944,0,3.4523000000000001
945,0,3.4523000000000001
946,0,3.4523000000000001
947,0,3.4523000000000001
948,0,3.4523000000000001
949,0,3.4523000000000001
950,0,3.4523000000000001
951,0,3.4523000000000001
952,0,3.4523000000000001
953,0,3.4523000000000001
954,0,3.4523000000000001
955,0,3.4523000000000001
956,0,3.4523000000000001
957,0,3.4523000000000001
958,0,3.4523000000000001
959,0,3.4523000000000001
960,0,3.4523000000000001
961,0,3.4523000000000001
962,0,3.4523000000000001
963,0,3.4523000000000001
964,0,3.4523000000000001
965,0,3.4523000000000001
966,0,3.4523000000000001
967,0,3.4523000000000001
968,0,3.4523000000000001
969,0,3.4523000000000001
970,0,3.4523000000000001
971,0,3.4523000000000001
972,0,3.4523000000000001
973,0,3.4523000000000001
974,0,3.4523000000000001
975,0,3.4523000000000001
976,0,3.4523000000000001
977,0,3.4523000000000001
978,0,3.4523000000000001
979,0,3.4523000000000001
980,0,3.4523000000000001
981,0,3.4523000000000001
982,0,3.4523000000000001
983,0,3.4523000000000001
984,0,3.4523000000000001
985,0,3.4523000000000001
986,0,3.4523000000000001
987,0,3.4523000000000001
988,0,3.4523000000000001
989,0,3.4523000000000001
990,0,3.4523000000000001
991,0,3.4523000000000001
992,0,3.4523000000000001
993,0,3.4523000000000001
994,0,3.4523000000000001
995,0,3.4523000000000001
996,0,3.4523000000000001
997,0,3.4523000000000001
998,0,3.4523000000000001
999,0,3.4523000000000001
1000,0,3.4523000000000001
1001,0,3.4523000000000001
1002,0,3.4523000000000001
1003,0,3.4523000000000001
1004,0,3.4523000000000001
1005,0,3.4523000000000001
1006,0,3.4523000000000001
1007,0,3.4523000000000001
1008,0,3.4523000000000001
1009,0,3.4523000000000001
1010,0,3.4523000000000001
1011,0,3.4523000000000001
1012,0,3.4523000000000001
1013,0,3.4504999999999999
1014,0,3.4523000000000001
1015,0,3.4523000000000001
1016,0,3.4523000000000001
1017,0,3.4523000000000001
1018,0,3.4523000000000001
1019,0,3.4504999999999999
1020,0,3.4504999999999999
1021,0,3.4523000000000001
1022,0,3.4523000000000001
1023,0,3.4523000000000001
1024,0,3.4504999999999999
1025,0,3.4504999999999999
1026,0,3.4504999999999999
1027,0,3.4523000000000001
1028,0,3.4504999999999999
1029,0,3.4504999999999999
1030,0,3.4504999999999999
1031,0,3.4504999999999999
1032,0,3.4523000000000001
1033,0,3.4523000000000001
1034,0,3.4504999999999999
1035,0,3.4504999999999999
1036,0,3.4504999999999999
1037,0,3.4504999999999999
1038,0,3.4523000000000001
1039,0,3.4504999999999999
1040,0,3.4504999999999999
1041,0,3.4504999999999999
1042,0,3.4504999999999999
1043,0,3.4504999999999999
1044,0,3.4504999999999999
1045,0,3.4504999999999999
1046,0,3.4504999999999999
1047,0,3.4504999999999999
1048,0,3.4504999999999999
1049,0,3.4504999999999999
1050,0,3.4504999999999999
1051,0,3.4504999999999999
1052,0,3.4504999999999999
1053,0,3.4504999999999999
1054,0,3.4504999999999999
1055,0,3.4504999999999999
1056,0,3.4504999999999999
1057,0,3.4504999999999999
1058,0,3.4504999999999999
1059,0,3.4504999999999999
1060,0,3.4504999999999999
1061,0,3.4504999999999999
1062,0,3.4504999999999999
1063,0,3.4504999999999999
1064,0,3.4504999999999999
1065,0,3.4504999999999999
1066,0,3.4504999999999999
1067,0,3.4504999999999999
1068,0,3.4504999999999999
1069,0,3.4504999999999999
1070,0,3.4504999999999999
1071,0,3.4504999999999999
1072,0,3.4504999999999999
1073,0,3.4504999999999999
1074,0,3.4504999999999999
1075,0,3.4504999999999999
1076,0,3.4504999999999999
1077,0,3.4504999999999999
1078,0,3.4504999999999999
1079,0,3.4504999999999999
1080,0,3.4504999999999999
1081,0,3.4504999999999999
1082,0,3.4504999999999999
1083,0,3.4504999999999999
1084,0,3.4504999999999999
1085,0,3.4504999999999999
1086,0,3.4504999999999999
1087,0,3.4504999999999999
1088,0,3.4504999999999999
1089,0,3.4504999999999999
1090,0,3.4504999999999999
1091,0,3.4504999999999999
1092,0,3.4504999999999999
1093,0,3.4504999999999999
1094,0,3.4504999999999999
1095,0,3.4504999999999999
1096,0,3.4504999999999999
1097,0,3.4504999999999999
1098,0,3.4504999999999999
1099,0,3.4504999999999999
1100,0,3.4504999999999999
1101,0,3.4504999999999999
1102,0,3.4504999999999999
1103,0,3.4504999999999999
1104,0,3.4504999999999999
1105,0,3.4504999999999999
1106,0,3.4504999999999999
1107,0,3.4504999999999999
1108,0,3.4485999999999999
1109,0,3.4504999999999999
1110,0,3.4504999999999999
1111,0,3.4504999999999999
1112,0,3.4485999999999999
1113,0,3.4504999999999999
1114,0,3.4504999999999999
1115,0,3.4504999999999999
1116,0,3.4504999999999999
1117,0,3.4504999999999999
1118,0,3.4504999999999999
1119,0,3.4504999999999999
1120,0,3.4504999999999999
1121,0,3.4504999999999999
1122,0,3.4504999999999999
1123,0,3.4504999999999999
1124,0,3.4485999999999999
1125,0,3.4504999999999999
1126,0,3.4504999999999999
1127,0,3.4504999999999999
1128,0,3.4504999999999999
1129,0,3.4504999999999999
1130,0,3.4504999999999999
1131,0,3.4485999999999999
1132,0,3.4504999999999999
1133,0,3.4485999999999999
1134,0,3.4485999999999999
1135,0,3.4504999999999999
1136,0,3.4485999999999999
1137,0,3.4485999999999999
1138,0,3.4504999999999999
1139,0,3.4485999999999999
1140,0,3.4485999999999999
1141,0,3.4485999999999999
1142,0,3.4485999999999999
1143,0,3.4485999999999999
1144,0,3.4485999999999999
1145,0,3.4485999999999999
1146,0,3.4485999999999999
1147,0,3.4485999999999999
1148,0,3.4485999999999999
1149,0,3.4485999999999999
1150,0,3.4485999999999999
1151,0,3.4485999999999999
1152,0,3.4485999999999999
1153,0,3.4485999999999999
1154,0,3.4485999999999999
1155,0,3.4485999999999999
1156,0,3.4485999999999999
1157,0,3.4485999999999999
1158,0,3.4485999999999999
1159,0,3.4485999999999999
1160,0,3.4485999999999999
1161,0,3.4485999999999999
1162,0,3.4485999999999999
1163,0,3.4485999999999999
1164,0,3.4485999999999999
1165,0,3.4485999999999999
1166,0,3.4485999999999999
1167,0,3.4485999999999999
1168,0,3.4485999999999999
1169,0,3.4485999999999999
1170,0,3.4485999999999999
1171,0,3.4485999999999999
1172,0,3.4485999999999999
1173,0,3.4485999999999999
1174,0,3.4485999999999999
1175,0,3.4485999999999999
1176,0,3.4485999999999999
1177,0,3.4485999999999999
1178,0,3.4485999999999999
1179,0,3.4485999999999999
1180,0,3.4485999999999999
1181,0,3.4485999999999999
1182,0,3.4485999999999999
1183,0,3.4485999999999999
1184,0,3.4485999999999999
1185,0,3.4485999999999999
1186,0,3.4485999999999999
1187,0,3.4485999999999999
1188,0,3.4485999999999999
1189,0,3.4485999999999999
1190,0,3.4485999999999999
1191,0,3.4485999999999999
1192,0,3.4485999999999999
1193,0,3.4485999999999999
1194,0,3.4485999999999999
1195,0,3.4485999999999999
1196,0,3.4485999999999999
1197,0,3.4485999999999999
1198,0,3.4485999999999999
1199,0,3.4485999999999999
1200,0,3.4485999999999999
1201,0,3.4485999999999999
1202,0,3.4485999999999999
1203,0,3.4485999999999999
1204,0,3.4485999999999999
1205,0,3.4485999999999999
1206,0,3.4485999999999999
1207,0,3.4485999999999999
1208,0,3.4485999999999999
1209,0,3.4485999999999999
1210,0,3.4485999999999999
1211,0,3.4485999999999999
1212,0,3.4485999999999999
1213,0,3.4485999999999999
1214,0,3.4485999999999999
1215,0,3.4485999999999999
1216,0,3.4485999999999999
1217,0,3.4485999999999999
1218,0,3.4485999999999999
1219,0,3.4485999999999999
1220,0,3.4485999999999999
1221,0,3.4485999999999999
1222,0,3.4485999999999999
1223,0,3.4485999999999999
1224,0,3.4485999999999999
1225,0,3.4485999999999999
1226,0,3.4485999999999999
1227,0,3.4485999999999999
1228,0,3.4485999999999999
1229,0,3.4485999999999999
1230,0,3.4468000000000001
1231,0,3.4485999999999999
1232,0,3.4485999999999999
1233,0,3.4485999999999999
1234,0,3.4485999999999999
1235,0,3.4485999999999999
1236,0,3.4485999999999999
1237,0,3.4485999999999999
1238,0,3.4485999999999999
1239,0,3.4485999999999999
1240,0,3.4485999999999999
1241,0,3.4485999999999999
1242,0,3.4485999999999999
1243,0,3.4485999999999999
1244,0,3.4485999999999999
1245,0,3.4485999999999999
1246,0,3.4485999999999999
1247,0,3.4485999999999999
1248,0,3.4485999999999999
1249,0,3.4485999999999999
1250,0,3.4468000000000001
1251,0,3.4468000000000001
1252,0,3.4468000000000001
1253,0,3.4468000000000001
1254,0,3.4468000000000001
1255,0,3.4485999999999999
1256,0,3.4485999999999999
1257,0,3.4485999999999999
1258,0,3.4485999999999999
1259,0,3.4485999999999999
1260,0,3.4468000000000001
1261,0,3.4468000000000001
1262,0,3.4468000000000001
1263,0,3.4468000000000001
1264,0,3.4468000000000001
1265,0,3.4468000000000001
1266,0,3.4468000000000001
1267,0,3.4485999999999999
1268,0,3.4468000000000001
1269,0,3.4468000000000001
1270,0,3.4468000000000001
1271,0,3.4468000000000001
1272,0,3.4468000000000001
1273,0,3.4468000000000001
1274,0,3.4468000000000001
1275,0,3.4468000000000001
1276,0,3.4468000000000001
1277,0,3.4468000000000001
1278,0,3.4468000000000001
1279,0,3.4468000000000001
1280,0,3.4468000000000001
1281,0,3.4468000000000001
1282,0,3.4468000000000001
1283,0,3.4468000000000001
1284,0,3.4468000000000001
1285,0,3.4468000000000001
1286,0,3.4468000000000001
1287,0,3.4468000000000001
1288,0,3.4468000000000001
1289,0,3.4468000000000001
1290,0,3.4468000000000001
1291,0,3.4468000000000001
1292,0,3.4468000000000001
1293,0,3.4468000000000001
1294,0,3.4468000000000001
1295,0,3.4468000000000001
1296,0,3.4468000000000001
1297,0,3.4468000000000001
1298,0,3.4468000000000001
1299,0,3.4468000000000001
1300,0,3.4468000000000001
1301,0,3.4468000000000001
1302,0,3.4468000000000001
1303,0,3.4468000000000001
1304,0,3.4468000000000001
1305,0,3.4468000000000001
1306,0,3.4468000000000001
1307,0,3.4468000000000001
1308,0,3.4468000000000001
1309,0,3.4468000000000001
1310,0,3.4468000000000001
1311,0,3.4468000000000001
1312,0,3.4468000000000001
1313,0,3.4468000000000001
1314,0,3.4468000000000001
1315,0,3.4468000000000001
1316,0,3.4468000000000001
1317,0,3.4468000000000001
1318,0,3.4468000000000001
1319,0,3.4468000000000001
1320,0,3.4468000000000001
1321,0,3.4468000000000001
1322,0,3.4468000000000001
1323,0,3.4468000000000001
1324,0,3.4468000000000001
1325,0,3.4468000000000001
1326,0,3.4468000000000001
1327,0,3.4468000000000001
1328,0,3.4468000000000001
1329,0,3.4468000000000001
1330,0,3.4468000000000001
1331,0,3.4468000000000001
1332,0,3.4468000000000001
1333,0,3.4468000000000001
1334,0,3.4468000000000001
1335,0,3.4468000000000001
1336,0,3.4468000000000001
1337,0,3.4468000000000001
1338,0,3.4468000000000001
1339,0,3.4468000000000001
1340,0,3.4468000000000001
1341,0,3.4468000000000001
1342,0,3.4468000000000001
1343,0,3.4468000000000001
1344,0,3.4468000000000001
1345,0,3.4468000000000001
1346,0,3.4468000000000001
1347,0,3.4468000000000001
1348,0,3.4468000000000001
1349,0,3.4468000000000001
1350,0,3.4468000000000001
1351,0,3.4468000000000001
1352,0,3.4468000000000001
1353,0,3.4468000000000001
1354,0,3.4468000000000001
1355,0,3.4468000000000001
1356,0,3.4468000000000001
1357,0,3.4468000000000001
1358,0,3.4468000000000001
1359,0,3.4468000000000001
1360,0,3.4468000000000001
1361,0,3.4468000000000001
1362,0,3.4468000000000001
1363,0,3.4468000000000001
1364,0,3.4468000000000001
1365,0,3.4468000000000001
1366,0,3.4468000000000001
1367,0,3.4468000000000001
1368,0,3.4468000000000001
1369,0,3.4468000000000001
1370,0,3.4468000000000001
1371,0,3.4449000000000001
1372,0,3.4449000000000001
1373,0,3.4468000000000001
1374,0,3.4468000000000001
1375,0,3.4468000000000001
1376,0,3.4449000000000001
1377,0,3.4468000000000001
1378,0,3.4468000000000001
1379,0,3.4449000000000001
1380,0,3.4468000000000001
1381,0,3.4468000000000001
1382,0,3.4468000000000001
1383,0,3.4468000000000001
1384,0,3.4449000000000001
1385,0,3.4468000000000001
1386,0,3.4468000000000001
1387,0,3.4468000000000001
1388,0,3.4449000000000001
1389,0,3.4468000000000001
1390,0,3.4468000000000001
1391,0,3.4449000000000001
1392,0,3.4468000000000001
1393,0,3.4468000000000001
1394,0,3.4449000000000001
1395,0,3.4449000000000001
1396,0,3.4449000000000001
1397,0,3.4449000000000001
1398,0,3.4468000000000001
1399,0,3.4468000000000001
1400,0,3.4449000000000001
1401,0,3.4468000000000001
1402,0,3.4449000000000001
1403,0,3.4449000000000001
1404,0,3.4468000000000001
1405,0,3.4449000000000001
1406,0,3.4468000000000001
1407,0,3.4468000000000001
1408,0,3.4468000000000001
1409,0,3.4449000000000001
1410,0,3.4449000000000001
1411,0,3.4449000000000001
1412,0,3.4449000000000001
1413,0,3.4449000000000001
1414,0,3.4468000000000001
1415,0,3.4468000000000001
1416,0,3.4449000000000001
1417,0,3.4449000000000001
1418,0,3.4449000000000001
1419,0,3.4449000000000001
1420,0,3.4449000000000001
1421,0,3.4449000000000001
1422,0,3.4449000000000001
1423,0,3.4449000000000001
1424,0,3.4449000000000001
1425,0,3.4449000000000001
1426,0,3.4449000000000001
1427,0,3.4449000000000001
1428,0,3.4449000000000001
1429,0,3.4449000000000001
1430,0,3.4449000000000001
1431,0,3.4449000000000001
1432,0,3.4449000000000001
1433,0,3.4449000000000001
1434,0,3.4449000000000001
1435,0,3.4449000000000001
1436,0,3.4449000000000001
1437,0,3.4449000000000001
1438,0,3.4449000000000001
1439,0,3.4449000000000001
1440,0,3.4449000000000001
1441,0,3.4449000000000001
1442,0,3.4449000000000001
1443,0,3.4449000000000001
1444,0,3.4449000000000001
1445,0,3.4449000000000001
1446,0,3.4449000000000001
1447,0,3.4449000000000001
1448,0,3.4449000000000001
1449,0,3.4449000000000001
1450,0,3.4449000000000001
1451,0,3.4449000000000001
1452,0,3.4449000000000001
1453,0,3.4449000000000001
1454,0,3.4449000000000001
1455,0,3.4449000000000001
1456,0,3.4449000000000001
1457,0,3.4449000000000001
1458,0,3.4449000000000001
1459,0,3.4449000000000001
1460,0,3.4449000000000001
1461,0,3.4449000000000001
1462,0,3.4449000000000001
1463,0,3.4449000000000001
1464,0,3.4449000000000001
1465,0,3.4449000000000001
1466,0,3.4449000000000001
1467,0,3.4449000000000001
1468,0,3.4449000000000001
1469,0,3.4449000000000001
1470,0,3.4449000000000001
1471,0,3.4449000000000001
1472,0,3.4449000000000001
1473,0,3.4449000000000001
1474,0,3.4449000000000001
1475,0,3.4449000000000001
1476,0,3.4449000000000001
1477,0,3.4449000000000001
1478,0,3.4449000000000001
1479,0,3.4449000000000001
1480,0,3.4449000000000001
1481,0,3.4449000000000001
1482,0,3.4449000000000001
1483,0,3.4449000000000001
1484,0,3.4449000000000001
1485,0,3.4449000000000001
1486,0,3.4449000000000001
1487,0,3.4449000000000001
1488,0,3.4449000000000001
1489,0,3.4449000000000001
1490,0,3.4449000000000001
1491,0,3.4449000000000001
1492,0,3.4449000000000001
1493,0,3.4449000000000001
1494,0,3.4449000000000001
1495,0,3.4449000000000001
1496,0,3.4449000000000001
1497,0,3.4449000000000001
1498,0,3.4449000000000001
1499,0,3.4449000000000001
1500,0,3.4449000000000001
1501,0,3.4449000000000001
1502,0,3.4449000000000001
1503,0,3.4449000000000001
1504,0,3.4449000000000001
1505,0,3.4449000000000001
1506,0,3.4449000000000001
1507,0,3.4449000000000001
1508,0,3.4449000000000001
1509,0,3.4449000000000001
1510,0,3.4449000000000001
1511,0,3.4449000000000001
1512,0,3.4449000000000001
1513,0,3.4449000000000001
1514,0,3.4449000000000001
1515,0,3.4449000000000001
1516,0,3.4449000000000001
1517,0,3.4449000000000001
1518,0,3.4449000000000001
1519,0,3.4449000000000001
1520,0,3.4449000000000001
1521,0,3.4449000000000001
1522,0,3.4449000000000001
1523,0,3.4449000000000001
1524,0,3.4449000000000001
1525,0,3.4449000000000001
1526,0,3.4449000000000001
1527,0,3.4449000000000001
1528,0,3.4449000000000001
1529,0,3.4449000000000001
1530,0,3.4449000000000001
1531,0,3.4449000000000001
1532,0,3.4449000000000001
1533,0,3.4449000000000001
1534,0,3.4449000000000001
1535,0,3.4449000000000001
1536,0,3.4449000000000001
1537,0,3.4449000000000001
1538,0,3.4449000000000001
1539,0,3.4449000000000001
1540,0,3.4449000000000001
1541,0,3.4430000000000001
1542,0,3.4449000000000001
1543,0,3.4449000000000001
1544,0,3.4449000000000001
1545,0,3.4449000000000001
1546,0,3.4449000000000001
1547,0,3.4449000000000001
1548,0,3.4430000000000001
1549,0,3.4449000000000001
1550,0,3.4449000000000001
1551,0,3.4449000000000001
1552,0,3.4449000000000001
1553,0,3.4449000000000001
1554,0,3.4449000000000001
1555,0,3.4449000000000001
1556,0,3.4449000000000001
1557,0,3.4430000000000001
1558,0,3.4449000000000001
1559,0,3.4449000000000001
1560,0,3.4430000000000001
1561,0,3.4430000000000001
1562,0,3.4430000000000001
1563,0,3.4430000000000001
1564,0,3.4430000000000001
1565,0,3.4449000000000001
1566,0,3.4430000000000001
1567,0,3.4430000000000001
1568,0,3.4430000000000001
1569,0,3.4430000000000001
1570,0,3.4449000000000001
1571,0,3.4430000000000001
1572,0,3.4430000000000001
1573,0,3.4430000000000001
1574,0,3.4449000000000001
1575,0,3.4449000000000001
1576,0,3.4449000000000001
1577,0,3.4430000000000001
1578,0,3.4430000000000001
1579,0,3.4449000000000001
1580,0,3.4430000000000001
1581,0,3.4430000000000001
1582,0,3.4430000000000001
1583,0,3.4449000000000001
1584,0,3.4430000000000001
1585,0,3.4430000000000001
1586,0,3.4430000000000001
1587,0,3.4430000000000001
1588,0,3.4430000000000001
1589,0,3.4430000000000001
1590,0,3.4430000000000001
1591,0,3.4430000000000001
1592,0,3.4430000000000001
1593,0,3.4430000000000001
1594,0,3.4430000000000001
1595,0,3.4430000000000001
1596,0,3.4430000000000001
1597,0,3.4430000000000001
1598,0,3.4430000000000001
1599,0,3.4430000000000001
1600,0,3.4430000000000001
1601,0,3.4430000000000001
1602,0,3.4430000000000001
1603,0,3.4430000000000001
1604,0,3.4430000000000001
1605,0,3.4430000000000001
1606,0,3.4430000000000001
1607,0,3.4430000000000001
1608,0,3.4430000000000001
1609,0,3.4430000000000001
1610,0,3.4430000000000001
1611,0,3.4430000000000001
1612,0,3.4430000000000001
1613,0,3.4430000000000001
1614,0,3.4430000000000001
1615,0,3.4430000000000001
1616,0,3.4430000000000001
1617,0,3.4430000000000001
1618,0,3.4430000000000001
1619,0,3.4430000000000001
1620,0,3.4430000000000001
1621,0,3.4430000000000001
1622,0,3.4430000000000001
1623,0,3.4430000000000001
1624,0,3.4430000000000001
1625,0,3.4430000000000001
1626,0,3.4430000000000001
1627,0,3.4430000000000001
1628,0,3.4430000000000001
1629,0,3.4430000000000001
1630,0,3.4430000000000001
1631,0,3.4430000000000001
1632,0,3.4430000000000001
1633,0,3.4430000000000001
1634,0,3.4430000000000001
1635,0,3.4430000000000001
1636,0,3.4430000000000001
1637,0,3.4430000000000001
1638,0,3.4430000000000001
1639,0,3.4430000000000001
1640,0,3.4430000000000001
1641,0,3.4430000000000001
1642,0,3.4430000000000001
1643,0,3.4430000000000001
1644,0,3.4430000000000001
1645,0,3.4430000000000001
1646,0,3.4430000000000001
1647,0,3.4430000000000001
1648,0,3.4430000000000001
1649,0,3.4430000000000001
1650,0,3.4430000000000001
1651,0,3.4430000000000001
1652,0,3.4430000000000001
1653,0,3.4430000000000001
1654,0,3.4430000000000001
1655,0,3.4430000000000001
1656,0,3.4430000000000001
1657,0,3.4430000000000001
1658,0,3.4430000000000001
1659,0,3.4430000000000001
1660,0,3.4430000000000001
1661,0,3.4430000000000001
1662,0,3.4430000000000001
1663,0,3.4430000000000001
1664,0,3.4430000000000001
1665,0,3.4430000000000001
1666,0,3.4430000000000001
1667,0,3.4430000000000001
1668,0,3.4430000000000001
1669,0,3.4430000000000001
1670,0,3.4430000000000001
1671,0,3.4430000000000001
1672,0,3.4430000000000001
1673,0,3.4430000000000001
1674,0,3.4430000000000001
1675,0,3.4430000000000001
1676,0,3.4430000000000001
1677,0,3.4430000000000001
1678,0,3.4430000000000001
1679,0,3.4430000000000001
1680,0,3.4430000000000001
1681,0,3.4430000000000001
1682,0,3.4430000000000001
1683,0,3.4430000000000001
1684,0,3.4430000000000001
1685,0,3.4430000000000001
1686,0,3.4430000000000001
1687,0,3.4430000000000001
1688,0,3.4430000000000001
1689,0,3.4430000000000001
1690,0,3.4430000000000001
1691,0,3.4430000000000001
1692,0,3.4430000000000001
1693,0,3.4430000000000001
1694,0,3.4430000000000001
1695,0,3.4430000000000001
1696,0,3.4430000000000001
1697,0,3.4430000000000001
1698,0,3.4430000000000001
1699,0,3.4430000000000001
1700,0,3.4430000000000001
1701,0,3.4430000000000001
1702,0,3.4430000000000001
1703,0,3.4430000000000001
1704,0,3.4430000000000001
1705,0,3.4430000000000001
1706,0,3.4430000000000001
1707,0,3.4430000000000001
1708,0,3.4430000000000001
1709,0,3.4430000000000001
1710,0,3.4430000000000001
1711,0,3.4430000000000001
1712,0,3.4430000000000001
1713,0,3.4430000000000001
1714,0,3.4430000000000001
1715,0,3.4430000000000001
1716,0,3.4430000000000001
1717,0,3.4430000000000001
1718,0,3.4430000000000001
1719,0,3.4430000000000001
1720,0,3.4430000000000001
1721,0,3.4430000000000001
1722,0,3.4430000000000001
1723,0,3.4430000000000001
1724,0,3.4430000000000001
1725,0,3.4430000000000001
1726,0,3.4430000000000001
1727,0,3.4430000000000001
1728,0,3.4430000000000001
1729,0,3.4430000000000001
1730,0,3.4430000000000001
1731,0,3.4430000000000001
1732,0,3.4430000000000001
1733,0,3.4430000000000001
1734,0,3.4430000000000001
1735,0,3.4430000000000001
1736,0,3.4430000000000001
1737,0,3.4430000000000001
1738,0,3.4430000000000001
1739,0,3.4430000000000001
1740,0,3.4430000000000001
1741,0,3.4430000000000001
1742,0,3.4430000000000001
1743,0,3.4430000000000001
1744,0,3.4430000000000001
1745,0,3.4430000000000001
1746,0,3.4430000000000001
1747,0,3.4430000000000001
1748,0,3.4430000000000001
1749,0,3.4430000000000001
1750,0,3.4430000000000001
1751,0,3.4430000000000001
1752,0,3.4430000000000001
1753,0,3.4430000000000001
1754,0,3.4430000000000001
1755,0,3.4430000000000001
1756,0,3.4430000000000001
1757,0,3.4430000000000001
1758,0,3.4430000000000001
1759,0,3.4430000000000001
1760,0,3.4411999999999998
1761,0,3.4411999999999998
1762,0,3.4430000000000001
1763,0,3.4430000000000001
1764,0,3.4430000000000001
1765,0,3.4430000000000001
1766,0,3.4430000000000001
1767,0,3.4430000000000001
1768,0,3.4411999999999998
1769,0,3.4430000000000001
1770,0,3.4430000000000001
1771,0,3.4411999999999998
1772,0,3.4411999999999998
1773,0,3.4411999999999998
1774,0,3.4411999999999998
1775,0,3.4411999999999998
1776,0,3.4430000000000001
1777,0,3.4430000000000001
1778,0,3.4411999999999998
1779,0,3.4430000000000001
1780,0,3.4411999999999998
1781,0,3.4430000000000001
1782,0,3.4411999999999998
1783,0,3.4411999999999998
1784,0,3.4430000000000001
1785,0,3.4411999999999998
1786,0,3.4430000000000001
1787,0,3.4411999999999998
1788,0,3.4411999999999998
1789,0,3.4411999999999998
1790,0,3.4411999999999998
1791,0,3.4411999999999998
1792,0,3.4430000000000001
1793,0,3.4430000000000001
1794,0,3.4411999999999998
1795,0,3.4430000000000001
1796,0,3.4411999999999998
1797,0,3.4411999999999998
1798,0,3.4411999999999998
1799,0,3.4411999999999998
1800,0,3.4430000000000001
1801,0,3.4411999999999998
1802,0,3.4411999999999998
1803,0,3.4411999999999998
1804,0,3.4411999999999998
1805,0,3.4411999999999998
1806,0,3.4411999999999998
1807,0,3.4430000000000001
1808,0,3.4411999999999998
1809,0,3.4411999999999998
1810,0,3.4430000000000001
1811,0,3.4430000000000001
1812,0,3.4411999999999998
1813,0,3.4411999999999998
1814,0,3.4411999999999998
1815,0,3.4411999999999998
1816,0,3.4411999999999998
1817,0,3.4411999999999998
1818,0,3.4411999999999998
1819,0,3.4411999999999998
1820,0,3.4411999999999998
1821,0,3.4411999999999998
1822,0,3.4411999999999998
1823,0,3.4411999999999998
1824,0,3.4430000000000001
1825,0,3.4411999999999998
1826,0,3.4411999999999998
1827,0,3.4411999999999998
1828,0,3.4411999999999998
1829,0,3.4411999999999998
1830,0,3.4411999999999998
1831,0,3.4411999999999998
1832,0,3.4411999999999998
1833,0,3.4411999999999998
1834,0,3.4411999999999998
1835,0,3.4411999999999998
1836,0,3.4411999999999998
1837,0,3.4411999999999998
1838,0,3.4411999999999998
1839,0,3.4411999999999998
1840,0,3.4411999999999998
1841,0,3.4411999999999998
1842,0,3.4411999999999998
1843,0,3.4411999999999998
1844,0,3.4411999999999998
1845,0,3.4411999999999998
1846,0,3.4411999999999998
1847,0,3.4411999999999998
1848,0,3.4411999999999998
1849,0,3.4411999999999998
1850,0,3.4411999999999998
1851,0,3.4411999999999998
1852,0,3.4411999999999998
1853,0,3.4411999999999998
1854,0,3.4411999999999998
1855,0,3.4411999999999998
1856,0,3.4411999999999998
1857,0,3.4411999999999998
1858,0,3.4411999999999998
1859,0,3.4411999999999998
1860,0,3.4411999999999998
1861,0,3.4411999999999998
1862,0,3.4411999999999998
1863,0,3.4411999999999998
1864,0,3.4411999999999998
1865,0,3.4411999999999998
1866,0,3.4411999999999998
1867,0,3.4411999999999998
1868,0,3.4411999999999998
1869,0,3.4411999999999998
1870,0,3.4411999999999998
1871,0,3.4411999999999998
1872,0,3.4411999999999998
1873,0,3.4411999999999998
1874,0,3.4411999999999998
1875,0,3.4411999999999998
1876,0,3.4411999999999998
1877,0,3.4411999999999998
1878,0,3.4411999999999998
1879,0,3.4411999999999998
1880,0,3.4411999999999998
1881,0,3.4411999999999998
1882,0,3.4411999999999998
1883,0,3.4411999999999998
1884,0,3.4411999999999998
1885,0,3.4411999999999998
1886,0,3.4411999999999998
1887,0,3.4411999999999998
1888,0,3.4411999999999998
1889,0,3.4411999999999998
1890,0,3.4411999999999998
1891,0,3.4411999999999998
1892,0,3.4411999999999998
1893,0,3.4411999999999998
1894,0,3.4411999999999998
1895,0,3.4411999999999998
1896,0,3.4411999999999998
1897,0,3.4411999999999998
1898,0,3.4411999999999998
1899,0,3.4411999999999998
1900,0,3.4411999999999998
1901,0,3.4411999999999998
1902,0,3.4411999999999998
1903,0,3.4411999999999998
1904,0,3.4411999999999998
1905,0,3.4411999999999998
1906,0,3.4411999999999998
1907,0,3.4411999999999998
1908,0,3.4411999999999998
1909,0,3.4411999999999998
1910,0,3.4411999999999998
1911,0,3.4411999999999998
1912,0,3.4411999999999998
1913,0,3.4411999999999998
1914,0,3.4411999999999998
1915,0,3.4411999999999998
1916,0,3.4411999999999998
1917,0,3.4411999999999998
1918,0,3.4411999999999998
1919,0,3.4411999999999998
1920,0,3.4411999999999998
1921,0,3.4411999999999998
1922,0,3.4411999999999998
1923,0,3.4411999999999998
1924,0,3.4411999999999998
1925,0,3.4411999999999998
1926,0,3.4411999999999998
1927,0,3.4411999999999998
1928,0,3.4411999999999998
1929,0,3.4411999999999998
1930,0,3.4411999999999998
1931,0,3.4411999999999998
1932,0,3.4411999999999998
1933,0,3.4411999999999998
1934,0,3.4411999999999998
1935,0,3.4411999999999998
1936,0,3.4411999999999998
1937,0,3.4411999999999998
1938,0,3.4411999999999998
1939,0,3.4411999999999998
1940,0,3.4411999999999998
1941,0,3.4411999999999998
1942,0,3.4411999999999998
1943,0,3.4411999999999998
1944,0,3.4411999999999998
1945,0,3.4411999999999998
1946,0,3.4411999999999998
1947,0,3.4411999999999998
1948,0,3.4411999999999998
1949,0,3.4411999999999998
1950,0,3.4411999999999998
1951,0,3.4411999999999998
1952,0,3.4411999999999998
1953,0,3.4411999999999998
1954,0,3.4411999999999998
1955,0,3.4411999999999998
1956,0,3.4411999999999998
1957,0,3.4411999999999998
1958,0,3.4411999999999998
1959,0,3.4411999999999998
1960,0,3.4411999999999998
1961,0,3.4411999999999998
1962,0,3.4411999999999998
1963,0,3.4411999999999998
1964,0,3.4411999999999998
1965,0,3.4411999999999998
1966,0,3.4411999999999998
1967,0,3.4411999999999998
1968,0,3.4411999999999998
1969,0,3.4411999999999998
1970,0,3.4411999999999998
1971,0,3.4411999999999998
1972,0,3.4411999999999998
1973,0,3.4411999999999998
1974,0,3.4392999999999998
1975,0,3.4411999999999998
1976,0,3.4411999999999998
1977,0,3.4411999999999998
1978,0,3.4411999999999998
1979,0,3.4411999999999998
1980,0,3.4411999999999998
1981,0,3.4411999999999998
1982,0,3.4411999999999998
1983,0,3.4392999999999998
1984,0,3.4411999999999998
1985,0,3.4392999999999998
1986,0,3.4411999999999998
1987,0,3.4411999999999998
1988,0,3.4411999999999998
1989,0,3.4411999999999998
1990,0,3.4411999999999998
1991,0,3.4411999999999998
1992,0,3.4411999999999998
1993,0,3.4411999999999998
1994,0,3.4411999999999998
1995,0,3.4411999999999998
1996,0,3.4392999999999998
1997,0,3.4392999999999998
1998,0,3.4392999999999998
1999,0,3.4411999999999998
2000,0,3.4411999999999998
2001,0,3.4411999999999998
2002,0,3.4411999999999998
2003,0,3.4411999999999998
2004,0,3.4411999999999998
2005,0,3.4411999999999998
2006,0,3.4411999999999998
2007,0,3.4411999999999998
2008,0,3.4411999999999998
2009,0,3.4392999999999998
2010,0,3.4411999999999998
2011,0,3.4411999999999998
2012,0,3.4392999999999998
2013,0,3.4411999999999998
2014,0,3.4392999999999998
2015,0,3.4392999999999998
2016,0,3.4411999999999998
2017,0,3.4411999999999998
2018,0,3.4392999999999998
2019,0,3.4392999999999998
2020,0,3.4411999999999998
2021,0,3.4411999999999998
2022,0,3.4411999999999998
2023,0,3.4411999999999998
2024,0,3.4392999999999998
2025,0,3.4411999999999998
2026,0,3.4411999999999998
2027,0,3.4392999999999998
2028,0,3.4392999999999998
2029,0,3.4411999999999998
2030,0,3.4392999999999998
2031,0,3.4392999999999998
2032,0,3.4392999999999998
2033,0,3.4392999999999998
2034,0,3.4411999999999998
2035,0,3.4392999999999998
2036,0,3.4392999999999998
2037,0,3.4392999999999998
2038,0,3.4411999999999998
2039,0,3.4392999999999998
2040,0,3.4411999999999998
2041,0,3.4392999999999998
2042,0,3.4392999999999998
2043,0,3.4392999999999998
2044,0,3.4411999999999998
2045,0,3.4392999999999998
2046,0,3.4392999999999998
2047,0,3.4392999999999998
2048,0,3.4411999999999998
2049,0,3.4392999999999998
2050,0,3.4392999999999998
2051,0,3.4392999999999998
2052,0,3.4411999999999998
2053,0,3.4392999999999998
2054,0,3.4392999999999998
2055,0,3.4392999999999998
2056,0,3.4392999999999998
2057,0,3.4392999999999998
2058,0,3.4392999999999998
2059,0,3.4392999999999998
2060,0,3.4392999999999998
2061,0,3.4392999999999998
2062,0,3.4392999999999998
2063,0,3.4392999999999998
2064,0,3.4392999999999998
2065,0,3.4392999999999998
2066,0,3.4392999999999998
2067,0,3.4392999999999998
2068,0,3.4392999999999998
2069,0,3.4392999999999998
2070,0,3.4392999999999998
2071,0,3.4392999999999998
2072,0,3.4392999999999998
2073,0,3.4392999999999998
2074,0,3.4392999999999998
2075,0,3.4392999999999998
2076,0,3.4411999999999998
2077,0,3.4392999999999998
2078,0,3.4392999999999998
2079,0,3.4392999999999998
2080,0,3.4392999999999998
2081,0,3.4392999999999998
2082,0,3.4392999999999998
2083,0,3.4392999999999998
2084,0,3.4392999999999998
2085,0,3.4392999999999998
2086,0,3.4392999999999998
2087,0,3.4392999999999998
2088,0,3.4392999999999998
2089,0,3.4392999999999998
2090,0,3.4392999999999998
2091,0,3.4392999999999998
2092,0,3.4392999999999998
2093,0,3.4392999999999998
2094,0,3.4392999999999998
2095,0,3.4392999999999998
2096,0,3.4392999999999998
2097,0,3.4392999999999998
2098,0,3.4392999999999998
2099,0,3.4392999999999998
2100,0,3.4392999999999998
2101,0,3.4392999999999998
2102,0,3.4392999999999998
2103,0,3.4392999999999998
2104,0,3.4392999999999998
2105,0,3.4392999999999998
2106,0,3.4392999999999998
2107,0,3.4392999999999998
2108,0,3.4392999999999998
2109,0,3.4392999999999998
2110,0,3.4392999999999998
2111,0,3.4392999999999998
2112,0,3.4392999999999998
2113,0,3.4392999999999998
2114,0,3.4392999999999998
2115,0,3.4392999999999998
2116,0,3.4392999999999998
2117,0,3.4392999999999998
2118,0,3.4392999999999998
2119,0,3.4392999999999998
2120,0,3.4392999999999998
2121,0,3.4392999999999998
2122,0,3.4392999999999998
2123,0,3.4392999999999998
2124,0,3.4392999999999998
2125,0,3.4392999999999998
2126,0,3.4392999999999998
2127,0,3.4392999999999998
2128,0,3.4392999999999998
2129,0,3.4392999999999998
2130,0,3.4392999999999998
2131,0,3.4392999999999998
2132,0,3.4392999999999998
2133,0,3.4392999999999998
2134,0,3.4392999999999998
2135,0,3.4392999999999998
2136,0,3.4392999999999998
2137,0,3.4392999999999998
2138,0,3.4392999999999998
2139,0,3.4392999999999998
2140,0,3.4392999999999998
2141,0,3.4392999999999998
2142,0,3.4392999999999998
2143,0,3.4392999999999998
2144,0,3.4392999999999998
2145,0,3.4392999999999998
2146,0,3.4392999999999998
2147,0,3.4392999999999998
2148,0,3.4392999999999998
2149,0,3.4392999999999998
2150,0,3.4392999999999998
2151,0,3.4392999999999998
2152,0,3.4392999999999998
2153,0,3.4392999999999998
2154,0,3.4392999999999998
2155,0,3.4392999999999998
2156,0,3.4392999999999998
2157,0,3.4392999999999998
2158,0,3.4392999999999998
2159,0,3.4392999999999998
2160,0,3.4392999999999998
2161,0,3.4392999999999998
2162,0,3.4392999999999998
2163,0,3.4392999999999998
2164,0,3.4392999999999998
2165,0,3.4392999999999998
2166,0,3.4392999999999998
2167,0,3.4392999999999998
2168,0,3.4392999999999998
2169,0,3.4392999999999998
2170,0,3.4392999999999998
2171,0,3.4392999999999998
2172,0,3.4392999999999998
2173,0,3.4392999999999998
2174,0,3.4392999999999998
2175,0,3.4392999999999998
2176,0,3.4392999999999998
2177,0,3.4392999999999998
2178,0,3.4392999999999998
2179,0,3.4392999999999998
2180,0,3.4392999999999998
2181,0,3.4392999999999998
2182,0,3.4392999999999998
2183,0,3.4392999999999998
2184,0,3.4392999999999998
2185,0,3.4392999999999998
2186,0,3.4392999999999998
2187,0,3.4392999999999998
2188,0,3.4392999999999998
2189,0,3.4392999999999998
2190,0,3.4392999999999998
2191,0,3.4392999999999998
2192,0,3.4392999999999998
2193,0,3.4392999999999998
2194,0,3.4392999999999998
2195,0,3.4392999999999998
2196,0,3.4392999999999998
2197,0,3.4392999999999998
2198,0,3.4392999999999998
2199,0,3.4392999999999998
2200,0,3.4392999999999998
2201,0,3.4392999999999998
2202,0,3.4392999999999998
2203,0,3.4392999999999998
2204,0,3.4392999999999998
2205,0,3.4392999999999998
2206,0,3.4392999999999998
2207,0,3.4392999999999998
2208,0,3.4392999999999998
2209,0,3.4392999999999998
2210,0,3.4392999999999998
2211,0,3.4392999999999998
2212,0,3.4392999999999998
2213,0,3.4392999999999998
2214,0,3.4392999999999998
2215,0,3.4392999999999998
2216,0,3.4392999999999998
2217,0,3.4392999999999998
2218,0,3.4392999999999998
2219,0,3.4392999999999998
2220,0,3.4392999999999998
2221,0,3.4392999999999998
2222,0,3.4392999999999998
2223,0,3.4392999999999998
2224,0,3.4392999999999998
2225,0,3.4392999999999998
2226,0,3.4392999999999998
2227,0,3.4392999999999998
2228,0,3.4392999999999998
2229,0,3.4392999999999998
2230,0,3.4392999999999998
2231,0,3.4392999999999998
2232,0,3.4392999999999998
2233,0,3.4392999999999998
2234,0,3.4392999999999998
2235,0,3.4392999999999998
2236,0,3.4392999999999998
2237,0,3.4392999999999998
2238,0,3.4392999999999998
2239,0,3.4392999999999998
2240,0,3.4392999999999998
2241,0,3.4392999999999998
2242,0,3.4392999999999998
2243,0,3.4392999999999998
2244,0,3.4392999999999998
2245,0,3.4392999999999998
2246,0,3.4392999999999998
2247,0,3.4392999999999998
2248,0,3.4392999999999998
2249,0,3.4392999999999998
2250,0,3.4392999999999998
2251,0,3.4392999999999998
2252,0,3.4392999999999998
2253,0,3.4392999999999998
2254,0,3.4392999999999998
2255,0,3.4392999999999998
2256,0,3.4392999999999998
2257,0,3.4392999999999998
2258,0,3.4392999999999998
2259,0,3.4392999999999998
2260,0,3.4392999999999998
2261,0,3.4392999999999998
2262,0,3.4392999999999998
2263,0,3.4392999999999998
2264,0,3.4392999999999998
2265,0,3.4392999999999998
2266,0,3.4392999999999998
2267,0,3.4392999999999998
2268,0,3.4392999999999998
2269,0,3.4392999999999998
2270,0,3.4392999999999998
2271,0,3.4392999999999998
2272,0,3.4392999999999998
2273,0,3.4392999999999998
2274,0,3.4392999999999998
2275,0,3.4392999999999998
2276,0,3.4392999999999998
2277,0,3.4392999999999998
2278,0,3.4392999999999998
2279,0,3.4392999999999998
2280,0,3.4392999999999998
2281,0,3.4392999999999998
2282,0,3.4356
2283,0,3.4392999999999998
2284,0,3.4392999999999998
2285,0,3.4392999999999998
2286,0,3.4356
2287,0,3.4392999999999998
2288,0,3.4392999999999998
2289,0,3.4392999999999998
2290,0,3.4392999999999998
2291,0,3.4392999999999998
2292,0,3.4392999999999998
2293,0,3.4392999999999998
2294,0,3.4392999999999998
2295,0,3.4392999999999998
2296,0,3.4392999999999998
2297,0,3.4392999999999998
2298,0,3.4392999999999998
2299,0,3.4356
2300,0,3.4392999999999998
2301,0,3.4392999999999998
2302,0,3.4392999999999998
2303,0,3.4392999999999998
2304,0,3.4392999999999998
2305,0,3.4392999999999998
2306,0,3.4356
2307,0,3.4392999999999998
2308,0,3.4392999999999998
2309,0,3.4356
2310,0,3.4392999999999998
2311,0,3.4392999999999998
2312,0,3.4392999999999998
2313,0,3.4356
2314,0,3.4356
2315,0,3.4392999999999998
2316,0,3.4392999999999998
2317,0,3.4392999999999998
2318,0,3.4356
2319,0,3.4392999999999998
2320,0,3.4392999999999998
2321,0,3.4392999999999998
2322,0,3.4392999999999998
2323,0,3.4392999999999998
2324,0,3.4392999999999998
2325,0,3.4392999999999998
2326,0,3.4356
2327,0,3.4356
2328,0,3.4392999999999998
2329,0,3.4356
2330,0,3.4392999999999998
2331,0,3.4392999999999998
2332,0,3.4356
2333,0,3.4356
2334,0,3.4392999999999998
2335,0,3.4356
2336,0,3.4356
2337,0,3.4356
2338,0,3.4356
2339,0,3.4356
2340,0,3.4356
2341,0,3.4392999999999998
2342,0,3.4356
2343,0,3.4392999999999998
2344,0,3.4356
2345,0,3.4392999999999998
2346,0,3.4356
2347,0,3.4356
2348,0,3.4392999999999998
2349,0,3.4356
2350,0,3.4356
2351,0,3.4392999999999998
2352,0,3.4356
2353,0,3.4392999999999998
2354,0,3.4356
2355,0,3.4356
2356,0,3.4356
2357,0,3.4356
2358,0,3.4356
2359,0,3.4356
2360,0,3.4356
2361,0,3.4356
2362,0,3.4356
2363,0,3.4392999999999998
2364,0,3.4356
2365,0,3.4356
2366,0,3.4392999999999998
2367,0,3.4356
2368,0,3.4356
2369,0,3.4356
2370,0,3.4356
2371,0,3.4356
2372,0,3.4356
2373,0,3.4356
2374,0,3.4356
2375,0,3.4392999999999998
2376,0,3.4356
2377,0,3.4356
2378,0,3.4356
2379,0,3.4356
2380,0,3.4392999999999998
2381,0,3.4356
2382,0,3.4392999999999998
2383,0,3.4356
2384,0,3.4356
2385,0,3.4356
2386,0,3.4356
2387,0,3.4356
2388,0,3.4356
2389,0,3.4392999999999998
2390,0,3.4356
2391,0,3.4356
2392,0,3.4356
2393,0,3.4356
2394,0,3.4356
2395,0,3.4356
2396,0,3.4356
2397,0,3.4356
2398,0,3.4356
2399,0,3.4356
2400,0,3.4356
2401,0,3.4356
2402,0,3.4356
2403,0,3.4356
2404,0,3.4356
2405,0,3.4356
2406,0,3.4356
2407,0,3.4356
2408,0,3.4356
2409,0,3.4356
2410,0,3.4356
2411,0,3.4356
2412,0,3.4356
2413,0,3.4356
2414,0,3.4356
2415,0,3.4356
2416,0,3.4356
2417,0,3.4356
2418,0,3.4356
2419,0,3.4356
2420,0,3.4356
2421,0,3.4356
2422,0,3.4356
2423,0,3.4356
2424,0,3.4356
2425,0,3.4356
2426,0,3.4356
2427,0,3.4356
2428,0,3.4356
2429,0,3.4356
2430,0,3.4356
2431,0,3.4356
2432,0,3.4356
2433,0,3.4356
2434,0,3.4356
2435,0,3.4356
2436,0,3.4356
2437,0,3.4356
2438,0,3.4356
2439,0,3.4356
2440,0,3.4356
2441,0,3.4356
2442,0,3.4356
2443,0,3.4356
2444,0,3.4356
2445,0,3.4356
2446,0,3.4356
2447,0,3.4356
2448,0,3.4356
2449,0,3.4356
2450,0,3.4356
2451,0,3.4356
2452,0,3.4356
2453,0,3.4356
2454,0,3.4356
2455,0,3.4356
2456,0,3.4356
2457,0,3.4356
2458,0,3.4356
2459,0,3.4356
2460,0,3.4356
2461,0,3.4356
2462,0,3.4356
2463,0,3.4356
2464,0,3.4356
2465,0,3.4356
2466,0,3.4356
2467,0,3.4356
2468,0,3.4356
2469,0,3.4356
2470,0,3.4356
2471,0,3.4356
2472,0,3.4356
2473,0,3.4356
2474,0,3.4356
2475,0,3.4356
2476,0,3.4356
2477,0,3.4356
2478,0,3.4356
2479,0,3.4356
2480,0,3.4356
2481,0,3.4356
2482,0,3.4356
2483,0,3.4356
2484,0,3.4356
2485,0,3.4356
2486,0,3.4356
2487,0,3.4356
2488,0,3.4356
2489,0,3.4356
2490,0,3.4356
2491,0,3.4356
2492,0,3.4356
2493,0,3.4356
2494,0,3.4356
2495,0,3.4356
2496,0,3.4356
2497,0,3.4356
2498,0,3.4356
2499,0,3.4356
2500,0,3.4356
2501,0,3.4356
2502,0,3.4356
2503,0,3.4356
2504,0,3.4356
2505,0,3.4356
2506,0,3.4356
2507,0,3.4356
2508,0,3.4356
2509,0,3.4356
2510,0,3.4356
2511,0,3.4356
2512,0,3.4356
2513,0,3.4356
2514,0,3.4356
2515,0,3.4356
2516,0,3.4356
2517,0,3.4356
2518,0,3.4356
2519,0,3.4356
2520,0,3.4356
2521,0,3.4356
2522,0,3.4356
2523,0,3.4356
2524,0,3.4356
2525,0,3.4356
2526,0,3.4356
2527,0,3.4356
2528,0,3.4356
2529,0,3.4356
2530,0,3.4356
2531,0,3.4356
2532,0,3.4356
2533,0,3.4356
2534,0,3.4356
2535,0,3.4356
2536,0,3.4356
2537,0,3.4356
2538,0,3.4356
2539,0,3.4356
2540,0,3.4356
2541,0,3.4356
2542,0,3.4356
2543,0,3.4356
2544,0,3.4356
2545,0,3.4356
2546,0,3.4356
2547,0,3.4356
2548,0,3.4356
2549,0,3.4356
2550,0,3.4356
2551,0,3.4356
2552,0,3.4356
2553,0,3.4356
2554,0,3.4356
2555,0,3.4356
2556,0,3.4356
2557,0,3.4356
2558,0,3.4356
2559,0,3.4356
2560,0,3.4356
2561,0,3.4356
2562,0,3.4356
2563,0,3.4356
2564,0,3.4356
2565,0,3.4356
2566,0,3.4356
2567,0,3.4356
2568,0,3.4356
2569,0,3.4356
2570,0,3.4356
2571,0,3.4356
2572,0,3.4356
2573,0,3.4356
2574,0,3.4356
2575,0,3.4356
2576,0,3.4356
2577,0,3.4356
2578,0,3.4356
2579,0,3.4356
2580,0,3.4356
2581,0,3.4356
2582,0,3.4356
2583,0,3.4356
2584,0,3.4356
2585,0,3.4356
2586,0,3.4356
2587,0,3.4356
2588,0,3.4356
2589,0,3.4356
2590,0,3.4356
2591,0,3.4356
2592,0,3.4356
2593,0,3.4356
2594,0,3.4356
2595,0,3.4356
2596,0,3.4356
2597,0,3.4356
2598,0,3.4356
2599,0,3.4356
2600,0,3.4356
2601,0,3.4356
2602,0,3.4356
2603,0,3.4356
2604,0,3.4356
2605,0,3.4356
2606,0,3.4356
2607,0,3.4356
2608,0,3.4356
2609,0,3.4356
2610,0,3.4356
2611,0,3.4356
2612,0,3.4356
2613,0,3.4356
2614,0,3.4356
2615,0,3.4356
2616,0,3.4356
2617,0,3.4356
2618,0,3.4356
2619,0,3.4356
2620,0,3.4356
2621,0,3.4356
2622,0,3.4356
2623,0,3.4356
2624,0,3.4356
2625,0,3.4356
2626,0,3.4356
2627,0,3.4356
2628,0,3.4356
2629,0,3.4356
2630,0,3.4356
2631,0,3.4356
2632,0,3.4356
2633,0,3.4356
2634,0,3.4356
2635,0,3.4356
2636,0,3.4356
2637,0,3.4356
2638,0,3.4356
2639,0,3.4356
2640,0,3.4356
2641,0,3.4356
2642,0,3.4356
2643,0,3.4356
2644,0,3.4356
2645,0,3.4356
2646,0,3.4356
2647,0,3.4356
2648,0,3.4356
2649,0,3.4356
2650,0,3.4356
2651,0,3.4356
2652,0,3.4356
2653,0,3.4356
2654,0,3.4356
2655,0,3.4356
2656,0,3.4356
2657,0,3.4356
2658,0,3.4356
2659,0,3.4356
2660,0,3.4356
2661,0,3.4356
2662,0,3.4356
2663,0,3.4356
2664,0,3.4356
2665,0,3.4356
2666,0,3.4356
2667,0,3.4337
2668,0,3.4337
2669,0,3.4356
2670,0,3.4356
2671,0,3.4337
2672,0,3.4356
2673,0,3.4337
2674,0,3.4356
2675,0,3.4356
2676,0,3.4337
2677,0,3.4356
2678,0,3.4356
2679,0,3.4337
2680,0,3.4356
2681,0,3.4356
2682,0,3.4356
2683,0,3.4356
2684,0,3.4356
2685,0,3.4356
2686,0,3.4356
2687,0,3.4356
2688,0,3.4356
2689,0,3.4356
2690,0,3.4356
2691,0,3.4337
2692,0,3.4356
2693,0,3.4356
2694,0,3.4356
2695,0,3.4337
2696,0,3.4356
2697,0,3.4337
2698,0,3.4356
2699,0,3.4356
2700,0,3.4337
2701,0,3.4356
2702,0,3.4356
2703,0,3.4356
2704,0,3.4356
2705,0,3.4356
2706,0,3.4356
2707,0,3.4337
2708,0,3.4337
2709,0,3.4337
2710,0,3.4356
2711,0,3.4337
2712,0,3.4356
2713,0,3.4337
2714,0,3.4356
2715,0,3.4356
2716,0,3.4356
2717,0,3.4337
2718,0,3.4356
2719,0,3.4356
2720,0,3.4356
2721,0,3.4356
2722,0,3.4356
2723,0,3.4337
2724,0,3.4356
2725,0,3.4337
2726,0,3.4337
2727,0,3.4337
2728,0,3.4356
2729,0,3.4337
2730,0,3.4337
2731,0,3.4337
2732,0,3.4337
2733,0,3.4337
2734,0,3.4337
2735,0,3.4337
2736,0,3.4337
2737,0,3.4356
2738,0,3.4337
2739,0,3.4337
2740,0,3.4356
2741,0,3.4337
2742,0,3.4356
2743,0,3.4337
2744,0,3.4337
2745,0,3.4337
2746,0,3.4337
2747,0,3.4337
2748,0,3.4337
2749,0,3.4356
2750,0,3.4356
2751,0,3.4337
2752,0,3.4356
2753,0,3.4356
2754,0,3.4337
2755,0,3.4337
2756,0,3.4356
2757,0,3.4337
2758,0,3.4337
2759,0,3.4356
2760,0,3.4337
2761,0,3.4337
2762,0,3.4337
2763,0,3.4337
2764,0,3.4337
2765,0,3.4356
2766,0,3.4356
2767,0,3.4356
2768,0,3.4337
2769,0,3.4337
2770,0,3.4337
2771,0,3.4337
2772,0,3.4337
2773,0,3.4337
2774,0,3.4337
2775,0,3.4337
2776,0,3.4337
2777,0,3.4337
2778,0,3.4337
2779,0,3.4356
2780,0,3.4337
2781,0,3.4337
2782,0,3.4356
2783,0,3.4337
2784,0,3.4337
2785,0,3.4337
2786,0,3.4356
2787,0,3.4337
2788,0,3.4337
2789,0,3.4337
2790,0,3.4337
2791,0,3.4337
2792,0,3.4337
2793,0,3.4337
2794,0,3.4337
2795,0,3.4337
2796,0,3.4337
2797,0,3.4337
2798,0,3.4337
2799,0,3.4337
2800,0,3.4337
2801,0,3.4337
2802,0,3.4337
2803,0,3.4337
2804,0,3.4337
2805,0,3.4337
2806,0,3.4337
2807,0,3.4337
2808,0,3.4337
2809,0,3.4337
2810,0,3.4337
2811,0,3.4337
2812,0,3.4337
2813,0,3.4337
2814,0,3.4337
2815,0,3.4337
2816,0,3.4337
2817,0,3.4337
2818,0,3.4337
2819,0,3.4337
2820,0,3.4337
2821,0,3.4337
2822,0,3.4337
2823,0,3.4337
2824,0,3.4337
2825,0,3.4337
2826,0,3.4337
2827,0,3.4337
2828,0,3.4337
2829,0,3.4337
2830,0,3.4337
2831,0,3.4337
2832,0,3.4337
2833,0,3.4337
2834,0,3.4337
2835,0,3.4337
2836,0,3.4337
2837,0,3.4337
2838,0,3.4337
2839,0,3.4337
2840,0,3.4337
2841,0,3.4337
2842,0,3.4337
2843,0,3.4337
2844,0,3.4337
2845,0,3.4337
2846,0,3.4337
2847,0,3.4337
2848,0,3.4337
2849,0,3.4337
2850,0,3.4337
2851,0,3.4337
2852,0,3.4337
2853,0,3.4337
2854,0,3.4337
2855,0,3.4337
2856,0,3.4337
2857,0,3.4337
2858,0,3.4337
2859,0,3.4337
2860,0,3.4337
2861,0,3.4337
2862,0,3.4337
2863,0,3.4337
2864,0,3.4337
2865,0,3.4337
2866,0,3.4337
2867,0,3.4337
2868,0,3.4337
2869,0,3.4337
2870,0,3.4337
2871,0,3.4337
2872,0,3.4337
2873,0,3.4337
2874,0,3.4337
2875,0,3.4337
2876,0,3.4337
2877,0,3.4337
2878,0,3.4337
2879,0,3.4337
2880,0,3.4337
2881,0,3.4337
2882,0,3.4337
2883,0,3.4337
2884,0,3.4337
2885,0,3.4337
2886,0,3.4337
2887,0,3.4337
2888,0,3.4337
2889,0,3.4337
2890,0,3.4337
2891,0,3.4337
2892,0,3.4337
2893,0,3.4337
2894,0,3.4337
2895,0,3.4337
2896,0,3.4337
2897,0,3.4337
2898,0,3.4337
2899,0,3.4337
2900,0,3.4337
2901,0,3.4337
2902,0,3.4337
2903,0,3.4337
2904,0,3.4337
2905,0,3.4337
2906,0,3.4337
2907,0,3.4337
2908,0,3.4337
2909,0,3.4337
2910,0,3.4337
2911,0,3.4337
2912,0,3.4337
2913,0,3.4337
2914,0,3.4337
2915,0,3.4337
2916,0,3.4337
2917,0,3.4337
2918,0,3.4337
2919,0,3.4337
2920,0,3.4337
2921,0,3.4337
2922,0,3.4337
2923,0,3.4337
2924,0,3.4337
2925,0,3.4337
2926,0,3.4337
2927,0,3.4337
2928,0,3.4337
2929,0,3.4337
2930,0,3.4337
2931,0,3.4337
2932,0,3.4337
2933,0,3.4337
2934,0,3.4337
2935,0,3.4337
2936,0,3.4337
2937,0,3.4337
2938,0,3.4337
2939,0,3.4337
2940,0,3.4337
2941,0,3.4337
2942,0,3.4337
2943,0,3.4337
2944,0,3.4337
2945,0,3.4337
2946,0,3.4337
2947,0,3.4337
2948,0,3.4337
2949,0,3.4337
2950,0,3.4337
2951,0,3.4337
2952,0,3.4337
2953,0,3.4337
2954,0,3.4337
2955,0,3.4337
2956,0,3.4337
2957,0,3.4337
2958,0,3.4337
2959,0,3.4337
2960,0,3.4337
2961,0,3.4337
2962,0,3.4337
2963,0,3.4337
2964,0,3.4337
2965,0,3.4337
2966,0,3.4337
2967,0,3.4337
2968,0,3.4337
2969,0,3.4337
2970,0,3.4337
2971,0,3.4337
2972,0,3.4337
2973,0,3.4337
2974,0,3.4337
2975,0,3.4337
2976,0,3.4337
2977,0,3.4337
2978,0,3.4337
2979,0,3.4337
2980,0,3.4337
2981,0,3.4337
2982,0,3.4337
2983,0,3.4337
2984,0,3.4337
2985,0,3.4337
2986,0,3.4337
2987,0,3.4337
2988,0,3.4337
2989,0,3.4337
2990,0,3.4337
2991,0,3.4337
2992,0,3.4337
2993,0,3.4337
2994,0,3.4337
2995,0,3.4337
2996,0,3.4337
2997,0,3.4337
2998,0,3.4337
2999,0,3.4337
3000,0,3.4337
3001,0,3.4337
3002,0,3.4337
3003,0,3.4337
3004,0,3.4337
3005,0,3.4337
3006,0,3.4337
3007,0,3.4337
3008,0,3.4337
3009,0,3.4337
3010,0,3.4337
3011,0,3.4337
3012,0,3.4337
3013,0,3.4337
3014,0,3.4337
3015,0,3.4337
3016,0,3.4337
3017,0,3.4337
3018,0,3.4337
3019,0,3.4337
3020,0,3.4337
3021,0,3.4337
3022,0,3.4337
3023,0,3.4337
3024,0,3.4337
3025,0,3.4337
3026,0,3.4337
3027,0,3.4337
3028,0,3.4337
3029,0,3.4337
3030,0,3.4337
3031,0,3.4337
3032,0,3.4337
3033,0,3.4337
3034,0,3.4337
3035,0,3.4337
3036,0,3.4337
3037,0,3.4337
3038,0,3.4337
3039,0,3.4337
3040,0,3.4337
3041,0,3.4337
3042,0,3.4337
3043,0,3.4337
3044,0,3.4337
3045,0,3.4337
3046,0,3.4337
3047,0,3.4337
3048,0,3.4337
3049,0,3.4337
3050,0,3.4337
3051,0,3.4337
3052,0,3.4337
3053,0,3.4337
3054,0,3.4337
3055,0,3.4337
3056,0,3.4337
3057,0,3.4337
3058,0,3.4337
3059,0,3.4337
3060,0,3.4337
3061,0,3.4337
3062,0,3.4337
3063,0,3.4337
3064,0,3.4337
3065,0,3.4337
3066,0,3.4337
3067,0,3.4337
3068,0,3.4337
3069,0,3.4337
3070,0,3.4337
3071,0,3.4337
3072,0,3.4337
3073,0,3.4337
3074,0,3.4337
3075,0,3.4337
3076,0,3.4337
3077,0,3.4337
3078,0,3.4337
3079,0,3.4337
3080,0,3.4337
3081,0,3.4337
3082,0,3.4337
3083,0,3.4337
3084,0,3.4337
3085,0,3.4337
3086,0,3.4337
3087,0,3.4337
3088,0,3.4337
3089,0,3.4337
3090,0,3.4337
3091,0,3.4337
3092,0,3.4337
3093,0,3.4337
3094,0,3.4337
3095,0,3.4337
3096,0,3.4337
3097,0,3.4337
3098,0,3.4337
3099,0,3.4337
3100,0,3.4337
3101,0,3.4337
3102,0,3.4337
3103,0,3.4337
3104,0,3.4337
3105,0,3.4337
3106,0,3.4337
3107,0,3.4337
3108,0,3.4337
3109,0,3.4337
3110,0,3.4337
3111,0,3.4337
3112,0,3.4337
3113,0,3.4337
3114,0,3.4337
3115,0,3.4337
3116,0,3.4337
3117,0,3.4319000000000002
3118,0,3.4337
3119,0,3.4337
3120,0,3.4337
3121,0,3.4337
3122,0,3.4337
3123,0,3.4337
3124,0,3.4337
3125,0,3.4337
3126,0,3.4337
3127,0,3.4337
3128,0,3.4337
3129,0,3.4337
3130,0,3.4337
3131,0,3.4337
3132,0,3.4337
3133,0,3.4337
3134,0,3.4337
3135,0,3.4337
3136,0,3.4337
3137,0,3.4337
3138,0,3.4337
3139,0,3.4337
3140,0,3.4337
3141,0,3.4337
3142,0,3.4337
3143,0,3.4337
3144,0,3.4337
3145,0,3.4337
3146,0,3.4337
3147,0,3.4337
3148,0,3.4337
3149,0,3.4319000000000002
3150,0,3.4337
3151,0,3.4337
3152,0,3.4319000000000002
3153,0,3.4337
3154,0,3.4337
3155,0,3.4319000000000002
3156,0,3.4337
3157,0,3.4337
3158,0,3.4337
3159,0,3.4337
3160,0,3.4337
3161,0,3.4337
3162,0,3.4337
3163,0,3.4337
3164,0,3.4337
3165,0,3.4337
3166,0,3.4337
3167,0,3.4337
3168,0,3.4337
3169,0,3.4337
3170,0,3.4337
3171,0,3.4337
3172,0,3.4337
3173,0,3.4337
3174,0,3.4337
3175,0,3.4337
3176,0,3.4337
3177,0,3.4337
3178,0,3.4337
3179,0,3.4337
3180,0,3.4337
3181,0,3.4337
3182,0,3.4337
3183,0,3.4337
3184,0,3.4337
3185,0,3.4337
3186,0,3.4337
3187,0,3.4337
3188,0,3.4337
3189,0,3.4337
3190,0,3.4319000000000002
3191,0,3.4337
3192,0,3.4337
3193,0,3.4337
3194,0,3.4337
3195,0,3.4319000000000002
3196,0,3.4337
3197,0,3.4337
3198,0,3.4337
3199,0,3.4337
3200,0,3.4337
3201,0,3.4337
3202,0,3.4337
3203,0,3.4337
3204,0,3.4337
3205,0,3.4337
3206,0,3.4319000000000002
3207,0,3.4337
3208,0,3.4319000000000002
3209,0,3.4337
3210,0,3.4319000000000002
3211,0,3.4337
3212,0,3.4337
3213,0,3.4337
3214,0,3.4337
3215,0,3.4337
3216,0,3.4337
3217,0,3.4319000000000002
3218,0,3.4337
3219,0,3.4319000000000002
3220,0,3.4319000000000002
3221,0,3.4319000000000002
3222,0,3.4337
3223,0,3.4319000000000002
3224,0,3.4337
3225,0,3.4319000000000002
3226,0,3.4337
3227,0,3.4319000000000002
3228,0,3.4319000000000002
3229,0,3.4319000000000002
3230,0,3.4319000000000002
3231,0,3.4319000000000002
3232,0,3.4319000000000002
3233,0,3.4319000000000002
3234,0,3.4337
3235,0,3.4337
3236,0,3.4319000000000002
3237,0,3.4319000000000002
3238,0,3.4337
3239,0,3.4337
3240,0,3.4337
3241,0,3.4337
3242,0,3.4337
3243,0,3.4337
3244,0,3.4319000000000002
3245,0,3.4319000000000002
3246,0,3.4337
3247,0,3.4319000000000002
3248,0,3.4319000000000002
3249,0,3.4337
3250,0,3.4337
3251,0,3.4319000000000002
3252,0,3.4337
3253,0,3.4337
3254,0,3.4337
3255,0,3.4337
3256,0,3.4319000000000002
3257,0,3.4337
3258,0,3.4319000000000002
3259,0,3.4319000000000002
3260,0,3.4337
3261,0,3.4337
3262,0,3.4319000000000002
3263,0,3.4319000000000002
3264,0,3.4337
3265,0,3.4337
3266,0,3.4319000000000002
3267,0,3.4337
3268,0,3.4337
3269,0,3.4319000000000002
3270,0,3.4319000000000002
3271,0,3.4337
3272,0,3.4319000000000002
3273,0,3.4319000000000002
3274,0,3.4319000000000002
3275,0,3.4337
3276,0,3.4337
3277,0,3.4319000000000002
3278,0,3.4319000000000002
3279,0,3.4337
3280,0,3.4319000000000002
3281,0,3.4319000000000002
3282,0,3.4337
3283,0,3.4319000000000002
3284,0,3.4319000000000002
3285,0,3.4319000000000002
3286,0,3.4319000000000002
3287,0,3.4319000000000002
3288,0,3.4319000000000002
3289,0,3.4319000000000002
3290,0,3.4319000000000002
3291,0,3.4319000000000002
3292,0,3.4319000000000002
3293,0,3.4319000000000002
3294,0,3.4319000000000002
3295,0,3.4319000000000002
3296,0,3.4319000000000002
3297,0,3.4319000000000002
3298,0,3.4319000000000002
3299,0,3.4337
3300,0,3.4319000000000002
3301,0,3.4319000000000002
3302,0,3.4337
3303,0,3.4319000000000002
3304,0,3.4319000000000002
3305,0,3.4319000000000002
3306,0,3.4319000000000002
3307,0,3.4319000000000002
3308,0,3.4319000000000002
3309,0,3.4319000000000002
3310,0,3.4337
3311,0,3.4337
3312,0,3.4319000000000002
3313,0,3.4337
3314,0,3.4319000000000002
3315,0,3.4319000000000002
3316,0,3.4319000000000002
3317,0,3.4319000000000002
3318,0,3.4319000000000002
3319,0,3.4319000000000002
3320,0,3.4319000000000002
3321,0,3.4319000000000002
3322,0,3.4319000000000002
3323,0,3.4319000000000002
3324,0,3.4319000000000002
3325,0,3.4319000000000002
3326,0,3.4319000000000002
3327,0,3.4319000000000002
3328,0,3.4319000000000002
3329,0,3.4319000000000002
3330,0,3.4319000000000002
3331,0,3.4319000000000002
3332,0,3.4319000000000002
3333,0,3.4319000000000002
3334,0,3.4319000000000002
3335,0,3.4319000000000002
3336,0,3.4319000000000002
3337,0,3.4319000000000002
3338,0,3.4319000000000002
3339,0,3.4319000000000002
3340,0,3.4319000000000002
3341,0,3.4319000000000002
3342,0,3.4319000000000002
3343,0,3.4319000000000002
3344,0,3.4337
3345,0,3.4319000000000002
3346,0,3.4319000000000002
3347,0,3.4319000000000002
3348,0,3.4319000000000002
3349,0,3.4319000000000002
3350,0,3.4319000000000002
3351,0,3.4319000000000002
3352,0,3.4319000000000002
3353,0,3.4319000000000002
3354,0,3.4319000000000002
3355,0,3.4319000000000002
3356,0,3.4319000000000002
3357,0,3.4319000000000002
3358,0,3.4319000000000002
3359,0,3.4337
3360,0,3.4319000000000002
3361,0,3.4319000000000002
3362,0,3.4319000000000002
3363,0,3.4337
3364,0,3.4319000000000002
3365,0,3.4319000000000002
3366,0,3.4319000000000002
3367,0,3.4319000000000002
3368,0,3.4319000000000002
3369,0,3.4319000000000002
3370,0,3.4319000000000002
3371,0,3.4319000000000002
3372,0,3.4319000000000002
3373,0,3.4319000000000002
3374,0,3.4319000000000002
3375,0,3.4319000000000002
3376,0,3.4319000000000002
3377,0,3.4319000000000002
3378,0,3.4319000000000002
3379,0,3.4319000000000002
3380,0,3.4319000000000002
3381,0,3.4319000000000002
3382,0,3.4319000000000002
3383,0,3.4319000000000002
3384,0,3.4319000000000002
3385,0,3.4319000000000002
3386,0,3.4319000000000002
3387,0,3.4319000000000002
3388,0,3.4319000000000002
3389,0,3.4319000000000002
3390,0,3.4319000000000002
3391,0,3.4319000000000002
3392,0,3.4319000000000002
3393,0,3.4319000000000002
3394,0,3.4319000000000002
3395,0,3.4319000000000002
3396,0,3.4319000000000002
3397,0,3.4319000000000002
3398,0,3.4319000000000002
3399,0,3.4319000000000002
3400,0,3.4319000000000002
3401,0,3.4319000000000002
3402,0,3.4319000000000002
3403,0,3.4319000000000002
3404,0,3.4319000000000002
3405,0,3.4319000000000002
3406,0,3.4319000000000002
3407,0,3.4319000000000002
3408,0,3.4319000000000002
3409,0,3.4319000000000002
3410,0,3.4319000000000002
3411,0,3.4319000000000002
3412,0,3.4319000000000002
3413,0,3.4319000000000002
3414,0,3.4319000000000002
3415,0,3.4319000000000002
3416,0,3.4319000000000002
3417,0,3.4319000000000002
3418,0,3.4319000000000002
3419,0,3.4319000000000002
3420,0,3.4319000000000002
3421,0,3.4319000000000002
3422,0,3.4319000000000002
3423,0,3.4319000000000002
3424,0,3.4319000000000002
3425,0,3.4319000000000002
3426,0,3.4319000000000002
3427,0,3.4319000000000002
3428,0,3.4319000000000002
3429,0,3.4319000000000002
3430,0,3.4319000000000002
3431,0,3.4319000000000002
3432,0,3.4319000000000002
3433,0,3.4319000000000002
3434,0,3.4319000000000002
3435,0,3.4319000000000002
3436,0,3.4319000000000002
3437,0,3.4319000000000002
3438,0,3.4319000000000002
3439,0,3.4319000000000002
3440,0,3.4319000000000002
3441,0,3.4319000000000002
3442,0,3.4319000000000002
3443,0,3.4319000000000002
3444,0,3.4319000000000002
3445,0,3.4319000000000002
3446,0,3.4319000000000002
3447,0,3.4319000000000002
3448,0,3.4319000000000002
3449,0,3.4319000000000002
3450,0,3.4319000000000002
3451,0,3.4319000000000002
3452,0,3.4319000000000002
3453,0,3.4319000000000002
3454,0,3.4319000000000002
3455,0,3.4319000000000002
3456,0,3.4319000000000002
3457,0,3.4319000000000002
3458,0,3.4319000000000002
3459,0,3.4319000000000002
3460,0,3.4319000000000002
3461,0,3.4319000000000002
3462,0,3.4319000000000002
3463,0,3.4319000000000002
3464,0,3.4319000000000002
3465,0,3.4319000000000002
3466,0,3.4319000000000002
3467,0,3.4319000000000002
3468,0,3.4319000000000002
3469,0,3.4319000000000002
3470,0,3.4319000000000002
3471,0,3.4319000000000002
3472,0,3.4319000000000002
3473,0,3.4319000000000002
3474,0,3.4319000000000002
3475,0,3.4319000000000002
3476,0,3.4319000000000002
3477,0,3.4319000000000002
3478,0,3.4319000000000002
3479,0,3.4319000000000002
3480,0,3.4319000000000002
3481,0,3.4319000000000002
3482,0,3.4319000000000002
3483,0,3.4319000000000002
3484,0,3.4319000000000002
3485,0,3.4319000000000002
3486,0,3.4319000000000002
3487,0,3.4319000000000002
3488,0,3.4319000000000002
3489,0,3.4319000000000002
3490,0,3.4319000000000002
3491,0,3.4319000000000002
3492,0,3.4319000000000002
3493,0,3.4319000000000002
3494,0,3.4319000000000002
3495,0,3.4319000000000002
3496,0,3.4319000000000002
3497,0,3.4319000000000002
3498,0,3.4319000000000002
3499,0,3.4319000000000002
3500,0,3.4319000000000002
3501,0,3.4319000000000002
3502,0,3.4319000000000002
3503,0,3.4319000000000002
3504,0,3.4319000000000002
3505,0,3.4319000000000002
3506,0,3.4319000000000002
3507,0,3.4319000000000002
3508,0,3.4319000000000002
3509,0,3.4319000000000002
3510,0,3.4319000000000002
3511,0,3.4319000000000002
3512,0,3.4319000000000002
3513,0,3.4319000000000002
3514,0,3.4319000000000002
3515,0,3.4319000000000002
3516,0,3.4319000000000002
3517,0,3.4319000000000002
3518,0,3.4319000000000002
3519,0,3.4319000000000002
3520,0,3.4319000000000002
3521,0,3.4319000000000002
3522,0,3.4319000000000002
3523,0,3.4319000000000002
3524,0,3.4319000000000002
3525,0,3.4319000000000002
3526,0,3.4319000000000002
3527,0,3.4319000000000002
3528,0,3.4319000000000002
3529,0,3.4319000000000002
3530,0,3.4319000000000002
3531,0,3.4319000000000002
3532,0,3.4319000000000002
3533,0,3.4319000000000002
3534,0,3.4319000000000002
3535,0,3.4319000000000002
3536,0,3.4319000000000002
3537,0,3.4319000000000002
3538,0,3.4319000000000002
3539,0,3.4319000000000002
3540,0,3.4319000000000002
3541,0,3.4319000000000002
3542,0,3.4319000000000002
3543,0,3.4319000000000002
3544,0,3.4319000000000002
3545,0,3.4319000000000002
3546,0,3.4319000000000002
3547,0,3.4319000000000002
3548,0,3.4319000000000002
3549,0,3.4319000000000002
3550,0,3.4319000000000002
3551,0,3.4319000000000002
3552,0,3.4319000000000002
3553,0,3.4319000000000002
3554,0,3.4319000000000002
3555,0,3.4319000000000002
3556,0,3.4319000000000002
3557,0,3.4319000000000002
3558,0,3.4319000000000002
3559,0,3.4319000000000002
3560,0,3.4319000000000002
3561,0,3.4319000000000002
3562,0,3.4319000000000002
3563,0,3.4319000000000002
3564,0,3.4319000000000002
3565,0,3.4319000000000002
3566,0,3.4319000000000002
3567,0,3.4319000000000002
3568,0,3.4319000000000002
3569,0,3.4319000000000002
3570,0,3.4319000000000002
3571,0,3.4319000000000002
3572,0,3.4319000000000002
3573,0,3.4319000000000002
3574,0,3.4319000000000002
3575,0,3.4319000000000002
3576,0,3.4319000000000002
3577,0,3.4319000000000002
3578,0,3.4319000000000002
3579,0,3.4319000000000002
3580,0,3.4319000000000002
3581,0,3.4319000000000002
3582,0,3.4319000000000002
3583,0,3.4319000000000002
3584,0,3.4319000000000002
3585,0,3.4319000000000002
3586,0,3.4319000000000002
3587,0,3.4319000000000002
3588,0,3.4319000000000002
3589,0,3.4319000000000002
3590,0,3.4319000000000002
3591,0,3.4319000000000002
3592,0,3.4319000000000002
3593,0,3.4319000000000002
3594,0,3.4319000000000002
3595,0,3.4319000000000002
3596,0,3.4319000000000002
3597,0,3.4319000000000002
3598,0,3.4319000000000002
3599,0,3.4319000000000002
3600,0,3.4319000000000002
3601,-0.080600000000000005,3.3927999999999998
3602,-0.65100000000000002,3.3908999999999998
3603,-0.64480000000000004,3.3908999999999998
3604,-0.65100000000000002,3.3908999999999998
3605,-0.65100000000000002,3.3908999999999998
3606,-0.65100000000000002,3.3872
3607,-0.65100000000000002,3.3872
3608,-0.65100000000000002,3.3872
3609,-0.65720000000000001,3.3872
3610,-0.65100000000000002,3.3872
3611,-0.65100000000000002,3.3872
3612,-0.65100000000000002,3.3872
3613,-0.65720000000000001,3.3872
3614,-2.7404999999999999,3.3816000000000002
3615,-4.1604000000000001,3.3778999999999999
3616,-5.7725,3.3723000000000001
3617,-7.2172000000000001,3.3668
3618,-2.1391,3.3742000000000001
3619,-2.0522999999999998,3.3742000000000001
3620,-2.0522999999999998,3.3742000000000001
3621,-2.0522999999999998,3.3742000000000001
3622,-2.0522999999999998,3.3742000000000001
3623,-2.0522999999999998,3.3723000000000001
3624,-2.0522999999999998,3.3723000000000001
3625,-2.0522999999999998,3.3723000000000001
3626,-0.29139999999999999,3.3742000000000001
3627,-0.7006,3.3742000000000001
3628,-1.0602,3.3742000000000001
3629,-1.3391999999999999,3.3742000000000001
3630,-1.4570000000000001,3.3723000000000001
3631,-0.65720000000000001,3.3742000000000001
3632,-0.65100000000000002,3.3742000000000001
3633,-0.65100000000000002,3.3742000000000001
3634,-0.65100000000000002,3.3742000000000001
3635,-0.65100000000000002,3.3742000000000001
3636,-0.65100000000000002,3.3742000000000001
3637,-0.65100000000000002,3.3742000000000001
3638,-0.65720000000000001,3.3742000000000001
3639,-0.65100000000000002,3.3723000000000001
3640,-0.65100000000000002,3.3742000000000001
3641,-0.65100000000000002,3.3723000000000001
3642,-0.65100000000000002,3.3723000000000001
3643,-0.65100000000000002,3.3723000000000001
3644,-0.65720000000000001,3.3723000000000001
3645,-0.65100000000000002,3.3723000000000001
3646,-0.65100000000000002,3.3723000000000001
3647,-0.65100000000000002,3.3723000000000001
3648,-0.65100000000000002,3.3723000000000001
3649,-0.65100000000000002,3.3723000000000001
3650,-0.65100000000000002,3.3723000000000001
3651,-0.65100000000000002,3.3723000000000001
3652,-2.0895000000000001,3.3685999999999998
3653,-2.8210999999999999,3.3668
3654,-3.6520000000000001,3.3649
3655,-4.4889999999999999,3.3612000000000002
3656,-5.1772999999999998,3.3574999999999999
3657,-6.0824999999999996,3.3555999999999999
3658,-7.0064000000000002,3.3519000000000001
3659,-7.7380000000000004,3.3481999999999998
3660,-8.8975000000000009,3.3407
3661,-9.9082000000000008,3.3370000000000002
3662,-10.5654,3.3332999999999999
3663,-11.886100000000001,3.3277000000000001
3664,-3.5775999999999999,3.3407
3665,-3.4598,3.3443999999999998
3666,-3.4598,3.3443999999999998
3667,-3.4598,3.3443999999999998
3668,-3.4598,3.3407
3669,-3.4660000000000002,3.3407
3670,-3.4598,3.3407
3671,-3.4660000000000002,3.3407
3672,-3.4660000000000002,3.3407
3673,-3.4660000000000002,3.3389000000000002
3674,-3.4598,3.3389000000000002
3675,-3.4598,3.3389000000000002
3676,-3.4598,3.3389000000000002
3677,-3.4598,3.3370000000000002
3678,-3.4598,3.3370000000000002
3679,-3.4660000000000002,3.3370000000000002
3680,-3.4598,3.3370000000000002
3681,-3.4598,3.3351000000000002
3682,-3.4598,3.3351000000000002
3683,-3.4660000000000002,3.3351000000000002
3684,-3.4660000000000002,3.3351000000000002
3685,-3.4474,3.3351000000000002
3686,-3.4598,3.3332999999999999
3687,-3.4598,3.3332999999999999
3688,1.3640000000000001,3.3407
3689,1.1718,3.3443999999999998
3690,0.93000000000000005,3.3443999999999998
3691,0.63859999999999995,3.3443999999999998
3692,0.39679999999999999,3.3443999999999998
3693,0.19839999999999999,3.3443999999999998
3694,-0.1178,3.3443999999999998
3695,-0.78120000000000001,3.3407
3696,-1.1035999999999999,3.3407
3697,-1.3391999999999999,3.3407
3698,-1.4632000000000001,3.3389000000000002
3699,-0.65100000000000002,3.3407
3700,-0.65100000000000002,3.3407
3701,-0.65100000000000002,3.3407
3702,-0.65720000000000001,3.3407
3703,-0.65100000000000002,3.3407
3704,-0.65720000000000001,3.3407
3705,-0.65100000000000002,3.3407
3706,-0.65100000000000002,3.3407
3707,-0.65720000000000001,3.3407
3708,-0.65100000000000002,3.3407
3709,-0.65100000000000002,3.3407
3710,-0.65100000000000002,3.3407
3711,-0.65100000000000002,3.3407
3712,-0.65720000000000001,3.3407
3713,-0.65720000000000001,3.3407
3714,-0.65100000000000002,3.3407
3715,-0.65100000000000002,3.3407
3716,-0.65100000000000002,3.3407
3717,-0.65720000000000001,3.3407
3718,-0.65100000000000002,3.3407
3719,-0.65100000000000002,3.3407
3720,-1.7733000000000001,3.3389000000000002
3721,-2.1391,3.3370000000000002
3722,-2.6164999999999998,3.3370000000000002
3723,-2.9761000000000002,3.3351000000000002
3724,-3.4102000000000001,3.3332999999999999
3725,-3.8565999999999998,3.3313999999999999
3726,-4.4207999999999998,3.3313999999999999
3727,-4.7432999999999996,3.3296000000000001
3728,-5.1835000000000004,3.3277000000000001
3729,-5.6981000000000002,3.3258000000000001
3730,-6.4236000000000004,3.3239999999999998
3731,-7.5334000000000003,3.3203
3732,-6.4917999999999996,3.3220999999999998
3733,-7.7690000000000001,3.3184
3734,-8.3085000000000004,3.3165
3735,-9.2136999999999993,3.3128000000000002
3736,-9.4431999999999992,3.3109999999999999
3737,-9.9268000000000001,3.3090999999999999
3738,-10.466200000000001,3.3071999999999999
3739,-11.414899999999999,3.3035000000000001
3740,-11.5327,3.3035000000000001
3741,-12.0783,3.2997999999999998
3742,-12.654999999999999,3.2978999999999998
3743,-13.7338,3.2924000000000002
3744,-13.820600000000001,3.2905000000000002
3745,-14.453099999999999,3.2886000000000002
3746,-5.2516999999999996,3.3054000000000001
3747,-5.1338999999999997,3.3054000000000001
3748,-5.1338999999999997,3.3054000000000001
3749,-5.1401000000000003,3.3054000000000001
3750,-5.1401000000000003,3.3054000000000001
3751,-5.1401000000000003,3.3054000000000001
3752,-5.1338999999999997,3.3054000000000001
3753,-5.1401000000000003,3.3054000000000001
3754,-5.1338999999999997,3.3054000000000001
3755,-5.1401000000000003,3.3054000000000001
3756,-5.1338999999999997,3.3054000000000001
3757,-5.1338999999999997,3.3054000000000001
3758,0.96099999999999997,3.3147000000000002
3759,0.96099999999999997,3.3147000000000002
3760,0.63859999999999995,3.3165
3761,0.76880000000000004,3.3165
3762,0.63859999999999995,3.3165
3763,0.35959999999999998,3.3165
3764,0.44640000000000002,3.3165
3765,0.32240000000000002,3.3165
3766,-3.621,3.3109999999999999
3767,-3.6892,3.3109999999999999
3768,-3.6953999999999998,3.3090999999999999
3769,-3.6953999999999998,3.3090999999999999
3770,-3.6953999999999998,3.3090999999999999
3771,-3.6953999999999998,3.3090999999999999
3772,-3.6953999999999998,3.3090999999999999
3773,-3.6892,3.3090999999999999
3774,-3.6892,3.3090999999999999
3775,-3.6953999999999998,3.3090999999999999
3776,-3.6892,3.3090999999999999
3777,-3.6953999999999998,3.3090999999999999
3778,-3.6892,3.3071999999999999
3779,1.6802999999999999,3.3165
3780,1.4942,3.3184
3781,1.3206,3.3184
3782,0.93000000000000005,3.3184
3783,0.63859999999999995,3.3165
3784,0.40300000000000002,3.3165
3785,0.124,3.3165
3786,-0.13020000000000001,3.3165
3787,-0.73160000000000003,3.3165
3788,-1.1035999999999999,3.3147000000000002
3789,-1.3391999999999999,3.3147000000000002
3790,-1.4570000000000001,3.3147000000000002
3791,-0.65100000000000002,3.3165
3792,-0.65100000000000002,3.3165
3793,-0.65100000000000002,3.3165
3794,-0.65720000000000001,3.3165
3795,-0.65720000000000001,3.3165
3796,-0.65100000000000002,3.3165
3797,-0.65100000000000002,3.3165
3798,-0.65720000000000001,3.3165
3799,-0.65100000000000002,3.3165
3800,-0.65100000000000002,3.3165
3801,-0.65100000000000002,3.3165
3802,-0.65100000000000002,3.3165
3803,-0.65100000000000002,3.3165
3804,-0.65100000000000002,3.3165
3805,-0.65100000000000002,3.3165
3806,-0.65100000000000002,3.3165
3807,-0.65100000000000002,3.3165
3808,-0.65720000000000001,3.3165
3809,-0.65720000000000001,3.3165
3810,-2.7404999999999999,3.3147000000000002
3811,-4.1727999999999996,3.3109999999999999
3812,-5.8220999999999998,3.3090999999999999
3813,-7.2110000000000003,3.3054000000000001
3814,-2.1762999999999999,3.3128000000000002
3815,-2.0585,3.3128000000000002
3816,-2.0585,3.3128000000000002
3817,-2.0585,3.3128000000000002
3818,-2.0522999999999998,3.3128000000000002
3819,-2.0522999999999998,3.3128000000000002
3820,-2.0585,3.3128000000000002
3821,-2.0585,3.3128000000000002
3822,-0.29139999999999999,3.3165
3823,-0.7006,3.3147000000000002
3824,-1.0602,3.3147000000000002
3825,-1.3391999999999999,3.3147000000000002
3826,-1.4632000000000001,3.3147000000000002
3827,-0.65100000000000002,3.3165
3828,-0.65720000000000001,3.3147000000000002
3829,-0.65100000000000002,3.3147000000000002
3830,-0.65100000000000002,3.3165
3831,-0.65100000000000002,3.3165
3832,-0.65100000000000002,3.3165
3833,-0.65720000000000001,3.3165
3834,-0.65720000000000001,3.3165
3835,-0.65720000000000001,3.3165
3836,-0.65100000000000002,3.3165
3837,-0.65100000000000002,3.3165
3838,-0.65720000000000001,3.3165
3839,-0.65720000000000001,3.3165
3840,-0.65720000000000001,3.3165
3841,-0.65100000000000002,3.3165
3842,-0.65100000000000002,3.3165
3843,-0.65720000000000001,3.3165
3844,-0.65720000000000001,3.3165
3845,-0.65100000000000002,3.3165
3846,-0.65100000000000002,3.3165
3847,-0.65100000000000002,3.3165
3848,-2.0895000000000001,3.3147000000000002
3849,-2.8273000000000001,3.3128000000000002
3850,-3.6520000000000001,3.3109999999999999
3851,-4.5014000000000003,3.3090999999999999
3852,-5.1711,3.3071999999999999
3853,-6.1321000000000003,3.3054000000000001
3854,-7.0250000000000004,3.3035000000000001
3855,-7.7442000000000002,3.3016999999999999
3856,-8.9408999999999992,3.2997999999999998
3857,-9.9329999999999998,3.2961
3858,-10.5778,3.2924000000000002
3859,-11.886100000000001,3.2886000000000002
3860,-3.5714000000000001,3.3035000000000001
3861,-3.4598,3.3035000000000001
3862,-3.4660000000000002,3.3035000000000001
3863,-3.4660000000000002,3.3035000000000001
3864,-3.4598,3.3035000000000001
3865,-3.4598,3.3035000000000001
3866,-3.4660000000000002,3.3035000000000001
3867,-3.4598,3.3035000000000001
3868,-3.4660000000000002,3.3035000000000001
3869,-3.4598,3.3035000000000001
3870,-3.4598,3.3035000000000001
3871,-3.4598,3.3035000000000001
3872,-3.4598,3.3035000000000001
3873,-3.4474,3.3035000000000001
3874,-3.4660000000000002,3.3035000000000001
3875,-3.4660000000000002,3.3035000000000001
3876,-3.4598,3.3035000000000001
3877,-3.4598,3.3035000000000001
3878,-3.4660000000000002,3.3035000000000001
3879,-3.4598,3.3035000000000001
3880,-3.4598,3.3035000000000001
3881,-3.4598,3.3035000000000001
3882,-3.4598,3.3035000000000001
3883,-3.4598,3.3035000000000001
3884,1.3640000000000001,3.3109999999999999
3885,1.1966000000000001,3.3109999999999999
3886,0.93000000000000005,3.3109999999999999
3887,0.63859999999999995,3.3109999999999999
3888,0.40300000000000002,3.3109999999999999
3889,0.19839999999999999,3.3109999999999999
3890,-0.19220000000000001,3.3109999999999999
3891,-0.78120000000000001,3.3109999999999999
3892,-1.1035999999999999,3.3109999999999999
3893,-1.3391999999999999,3.3090999999999999
3894,-1.4570000000000001,3.3090999999999999
3895,-0.65100000000000002,3.3109999999999999
3896,-0.65720000000000001,3.3109999999999999
3897,-0.65100000000000002,3.3109999999999999
3898,-0.65720000000000001,3.3109999999999999
3899,-0.65100000000000002,3.3109999999999999
3900,-0.65100000000000002,3.3109999999999999
3901,-0.65100000000000002,3.3109999999999999
3902,-0.65100000000000002,3.3109999999999999
3903,-0.65100000000000002,3.3109999999999999
3904,-0.65100000000000002,3.3128000000000002
3905,-0.65100000000000002,3.3109999999999999
3906,-0.65100000000000002,3.3128000000000002
3907,-0.65100000000000002,3.3128000000000002
3908,-0.65100000000000002,3.3109999999999999
3909,-0.65100000000000002,3.3128000000000002
3910,-0.65100000000000002,3.3128000000000002
3911,-0.65100000000000002,3.3128000000000002
3912,-0.65100000000000002,3.3128000000000002
3913,-0.65100000000000002,3.3128000000000002
3914,-0.65720000000000001,3.3128000000000002
3915,-0.65100000000000002,3.3128000000000002
3916,-1.7670999999999999,3.3109999999999999
3917,-2.1328999999999998,3.3109999999999999
3918,-2.6164999999999998,3.3090999999999999
3919,-2.9761000000000002,3.3090999999999999
3920,-3.4102000000000001,3.3071999999999999
3921,-3.8628,3.3071999999999999
3922,-4.4580000000000002,3.3054000000000001
3923,-4.7247000000000003,3.3054000000000001
3924,-5.2206999999999999,3.3035000000000001
3925,-5.7042999999999999,3.3016999999999999
3926,-6.4607999999999999,3.2997999999999998
3927,-7.5396000000000001,3.2978999999999998
3928,-6.5289999999999999,3.2997999999999998
3929,-7.7690000000000001,3.2961
3930,-8.3332999999999995,3.2961
3931,-9.2136999999999993,3.2924000000000002
3932,-9.4556000000000004,3.2905000000000002
3933,-9.9391999999999996,3.2886000000000002
3934,-10.460000000000001,3.2867999999999999
3935,-11.414899999999999,3.2848999999999999
3936,-11.563700000000001,3.2848999999999999
3937,-12.0845,3.2831000000000001
3938,-12.6488,3.2812000000000001
3939,-13.74,3.2774999999999999
3940,-13.8392,3.2774999999999999
3941,-14.459300000000001,3.2755999999999998
3942,-5.2579000000000002,3.2905000000000002
3943,-5.1338999999999997,3.2905000000000002
3944,-5.1401000000000003,3.2905000000000002
3945,-5.1276999999999999,3.2905000000000002
3946,-5.1338999999999997,3.2905000000000002
3947,-5.1338999999999997,3.2905000000000002
3948,-5.1338999999999997,3.2924000000000002
3949,-5.1338999999999997,3.2924000000000002
3950,-5.1338999999999997,3.2924000000000002
3951,-5.1276999999999999,3.2924000000000002
3952,-5.1338999999999997,3.2924000000000002
3953,-5.1338999999999997,3.2924000000000002
3954,0.96099999999999997,3.3035000000000001
3955,1.0044,3.3054000000000001
3956,0.63859999999999995,3.3054000000000001
3957,0.76259999999999994,3.3054000000000001
3958,0.63859999999999995,3.3054000000000001
3959,0.35959999999999998,3.3054000000000001
3960,0.44019999999999998,3.3071999999999999
3961,0.32240000000000002,3.3071999999999999
3962,-3.621,3.2997999999999998
3963,-3.6953999999999998,3.3016999999999999
3964,-3.6892,3.2997999999999998
3965,-3.6953999999999998,3.2997999999999998
3966,-3.6953999999999998,3.2997999999999998
3967,-3.6953999999999998,3.2997999999999998
3968,-3.6892,3.2997999999999998
3969,-3.6892,3.2997999999999998
3970,-3.6953999999999998,3.2997999999999998
3971,-3.6953999999999998,3.2997999999999998
3972,-3.7016,3.2997999999999998
3973,-3.6892,3.2997999999999998
3974,-3.6892,3.2997999999999998
3975,1.6802999999999999,3.3090999999999999
3976,1.4942,3.3090999999999999
3977,1.3268,3.3090999999999999
3978,0.93000000000000005,3.3090999999999999
3979,0.63859999999999995,3.3090999999999999
3980,0.40300000000000002,3.3090999999999999
3981,0.124,3.3090999999999999
3982,-0.10539999999999999,3.3090999999999999
3983,-0.73160000000000003,3.3071999999999999
3984,-1.1035999999999999,3.3071999999999999
3985,-1.3391999999999999,3.3071999999999999
3986,-1.4632000000000001,3.3071999999999999
3987,-0.65100000000000002,3.3090999999999999
3988,-0.65720000000000001,3.3090999999999999
3989,-0.65720000000000001,3.3090999999999999
3990,-0.65100000000000002,3.3090999999999999
3991,-0.65100000000000002,3.3090999999999999
3992,-0.65720000000000001,3.3090999999999999
3993,-0.65100000000000002,3.3090999999999999
3994,-0.65100000000000002,3.3090999999999999
3995,-0.65720000000000001,3.3090999999999999
3996,-0.65100000000000002,3.3090999999999999
3997,-0.65100000000000002,3.3090999999999999
3998,-0.65100000000000002,3.3090999999999999
3999,-0.65720000000000001,3.3090999999999999
4000,-0.65100000000000002,3.3090999999999999
4001,-0.65100000000000002,3.3109999999999999
4002,-0.65100000000000002,3.3109999999999999
4003,-0.65100000000000002,3.3109999999999999
4004,-0.65720000000000001,3.3109999999999999
4005,-0.65720000000000001,3.3109999999999999
4006,-2.7404999999999999,3.3071999999999999
4007,-4.1790000000000003,3.3054000000000001
4008,-5.8097000000000003,3.3016999999999999
4009,-7.2172000000000001,3.2978999999999998
4010,-2.1762999999999999,3.3054000000000001
4011,-2.0895000000000001,3.3054000000000001
4012,-2.0895000000000001,3.3071999999999999
4013,-2.0895000000000001,3.3071999999999999
4014,-2.0895000000000001,3.3071999999999999
4015,-2.0895000000000001,3.3071999999999999
4016,-2.0895000000000001,3.3071999999999999
4017,-2.0895000000000001,3.3071999999999999
4018,-0.29759999999999998,3.3090999999999999
4019,-0.7006,3.3090999999999999
4020,-1.0602,3.3090999999999999
4021,-1.3391999999999999,3.3090999999999999
4022,-1.4570000000000001,3.3090999999999999
4023,-0.65100000000000002,3.3090999999999999
4024,-0.65100000000000002,3.3090999999999999
4025,-0.65100000000000002,3.3109999999999999
4026,-0.65100000000000002,3.3090999999999999
4027,-0.65720000000000001,3.3109999999999999
4028,-0.65720000000000001,3.3109999999999999
4029,-0.65100000000000002,3.3109999999999999
4030,-0.65100000000000002,3.3109999999999999
4031,-0.65100000000000002,3.3109999999999999
4032,-0.65720000000000001,3.3109999999999999
4033,-0.65720000000000001,3.3109999999999999
4034,-0.65100000000000002,3.3109999999999999
4035,-0.65720000000000001,3.3109999999999999
4036,-0.65100000000000002,3.3109999999999999
4037,-0.65100000000000002,3.3109999999999999
4038,-0.65100000000000002,3.3109999999999999
4039,-0.65100000000000002,3.3109999999999999
4040,-0.65100000000000002,3.3109999999999999
4041,-0.65100000000000002,3.3109999999999999
4042,-0.65100000000000002,3.3109999999999999
4043,-0.65100000000000002,3.3109999999999999
4044,-2.1019000000000001,3.3090999999999999
4045,-2.8210999999999999,3.3071999999999999
4046,-3.6457999999999999,3.3071999999999999
4047,-4.4951999999999996,3.3054000000000001
4048,-5.1835000000000004,3.3035000000000001
4049,-6.1321000000000003,3.3016999999999999
4050,-7.0435999999999996,3.2997999999999998
4051,-7.7690000000000001,3.2961
4052,-8.9346999999999994,3.2924000000000002
4053,-9.9329999999999998,3.2905000000000002
4054,-10.6212,3.2886000000000002
4055,-11.923299999999999,3.2848999999999999
4056,-3.5714000000000001,3.2997999999999998
4057,-3.4969999999999999,3.3016999999999999
4058,-3.5032000000000001,3.3016999999999999
4059,-3.4969999999999999,3.3016999999999999
4060,-3.5032000000000001,3.3016999999999999
4061,-3.4969999999999999,3.3016999999999999
4062,-3.4969999999999999,3.3016999999999999
4063,-3.4908000000000001,3.3016999999999999
4064,-3.5032000000000001,3.3016999999999999
4065,-3.4969999999999999,3.3016999999999999
4066,-3.4969999999999999,3.3016999999999999
4067,-3.4969999999999999,3.3016999999999999
4068,-3.4969999999999999,3.3016999999999999
4069,-3.5032000000000001,3.3016999999999999
4070,-3.4969999999999999,3.3016999999999999
4071,-3.4908000000000001,3.3016999999999999
4072,-3.4969999999999999,3.3016999999999999
4073,-3.4969999999999999,3.3016999999999999
4074,-3.4969999999999999,3.3016999999999999
4075,-3.4969999999999999,3.3016999999999999
4076,-3.4908000000000001,3.3016999999999999
4077,-3.4969999999999999,3.3016999999999999
4078,-3.4969999999999999,3.3016999999999999
4079,-3.4969999999999999,3.3016999999999999
4080,1.3640000000000001,3.3090999999999999
4081,1.1966000000000001,3.3090999999999999
4082,0.91759999999999997,3.3090999999999999
4083,0.63859999999999995,3.3090999999999999
4084,0.40300000000000002,3.3109999999999999
4085,0.19839999999999999,3.3090999999999999
4086,-0.1178,3.3090999999999999
4087,-0.77500000000000002,3.3090999999999999
4088,-1.0911999999999999,3.3071999999999999
4089,-1.3391999999999999,3.3071999999999999
4090,-1.4632000000000001,3.3071999999999999
4091,-0.65100000000000002,3.3090999999999999
4092,-0.65100000000000002,3.3090999999999999
4093,-0.65100000000000002,3.3090999999999999
4094,-0.65720000000000001,3.3090999999999999
4095,-0.65100000000000002,3.3090999999999999
4096,-0.65100000000000002,3.3090999999999999
4097,-0.65100000000000002,3.3090999999999999
4098,-0.65100000000000002,3.3090999999999999
4099,-0.65720000000000001,3.3109999999999999
4100,-0.65100000000000002,3.3109999999999999
4101,-0.65100000000000002,3.3109999999999999
4102,-0.65100000000000002,3.3109999999999999
4103,-0.65100000000000002,3.3109999999999999
4104,-0.65100000000000002,3.3109999999999999
4105,-0.65100000000000002,3.3109999999999999
4106,-0.65100000000000002,3.3109999999999999
4107,-0.65720000000000001,3.3109999999999999
4108,-0.65100000000000002,3.3109999999999999
4109,-0.65100000000000002,3.3109999999999999
4110,-0.65100000000000002,3.3109999999999999
4111,-0.65100000000000002,3.3109999999999999
4112,-1.7795000000000001,3.3090999999999999
4113,-2.1391,3.3090999999999999
4114,-2.6164999999999998,3.3071999999999999
4115,-2.9761000000000002,3.3071999999999999
4116,-3.4163999999999999,3.3054000000000001
4117,-3.8565999999999998,3.3054000000000001
4118,-4.4580000000000002,3.3035000000000001
4119,-4.7309000000000001,3.3035000000000001
4120,-5.2206999999999999,3.3016999999999999
4121,-5.6981000000000002,3.3016999999999999
4122,-6.4607999999999999,3.2997999999999998
4123,-7.5396000000000001,3.2961
4124,-6.5289999999999999,3.2978999999999998
4125,-7.7751999999999999,3.2961
4126,-8.3332999999999995,3.2924000000000002
4127,-9.2199000000000009,3.2905000000000002
4128,-9.4618000000000002,3.2886000000000002
4129,-9.9825999999999997,3.2867999999999999
4130,-10.4848,3.2867999999999999
4131,-11.458299999999999,3.2848999999999999
4132,-11.563700000000001,3.2831000000000001
4133,-12.1403,3.2812000000000001
4134,-12.6922,3.2793000000000001
4135,-13.777200000000001,3.2774999999999999
4136,-13.895,3.2755999999999998
4137,-14.496499999999999,3.2755999999999998
4138,-5.2579000000000002,3.2905000000000002
4139,-5.1835000000000004,3.2905000000000002
4140,-5.1772999999999998,3.2905000000000002
4141,-5.1772999999999998,3.2905000000000002
4142,-5.1772999999999998,3.2905000000000002
4143,-5.1772999999999998,3.2924000000000002
4144,-5.1772999999999998,3.2905000000000002
4145,-5.1835000000000004,3.2905000000000002
4146,-5.1772999999999998,3.2905000000000002
4147,-5.1772999999999998,3.2924000000000002
4148,-5.1711,3.2924000000000002
4149,-5.1711,3.2924000000000002
4150,0.96099999999999997,3.3035000000000001
4151,1.0044,3.3054000000000001
4152,0.63859999999999995,3.3054000000000001
4153,0.76880000000000004,3.3054000000000001
4154,0.63859999999999995,3.3054000000000001
4155,0.35959999999999998,3.3054000000000001
4156,0.44640000000000002,3.3071999999999999
4157,0.32240000000000002,3.3071999999999999
4158,-3.6272000000000002,3.3016999999999999
4159,-3.6953999999999998,3.2997999999999998
4160,-3.6953999999999998,3.2997999999999998
4161,-3.6953999999999998,3.2997999999999998
4162,-3.6953999999999998,3.2997999999999998
4163,-3.6953999999999998,3.2997999999999998
4164,-3.6953999999999998,3.2997999999999998
4165,-3.6892,3.2997999999999998
4166,-3.6953999999999998,3.2997999999999998
4167,-3.6953999999999998,3.2997999999999998
4168,-3.6892,3.2997999999999998
4169,-3.6953999999999998,3.2997999999999998
4170,-3.6953999999999998,3.2997999999999998
4171,1.6865000000000001,3.3090999999999999
4172,1.4942,3.3090999999999999
4173,1.3268,3.3090999999999999
4174,0.93000000000000005,3.3090999999999999
4175,0.63859999999999995,3.3090999999999999
4176,0.40300000000000002,3.3090999999999999
4177,0.1178,3.3090999999999999
4178,-0.10539999999999999,3.3090999999999999
4179,-0.72540000000000004,3.3090999999999999
4180,-1.1035999999999999,3.3071999999999999
4181,-1.3391999999999999,3.3071999999999999
4182,-1.4570000000000001,3.3071999999999999
4183,-0.65100000000000002,3.3071999999999999
4184,-0.65100000000000002,3.3090999999999999
4185,-0.65100000000000002,3.3090999999999999
4186,-0.65100000000000002,3.3090999999999999
4187,-0.65100000000000002,3.3090999999999999
4188,-0.66959999999999997,3.3090999999999999
4189,-0.66959999999999997,3.3090999999999999
4190,-0.66959999999999997,3.3090999999999999
4191,-0.66959999999999997,3.3090999999999999
4192,-0.66959999999999997,3.3090999999999999
4193,-0.65720000000000001,3.3090999999999999
4194,-0.66959999999999997,3.3090999999999999
4195,-0.66959999999999997,3.3090999999999999
4196,-0.66959999999999997,3.3090999999999999
4197,-0.65720000000000001,3.3090999999999999
4198,-0.66959999999999997,3.3109999999999999
4199,-0.65720000000000001,3.3090999999999999
4200,-0.66959999999999997,3.3090999999999999
4201,-0.66959999999999997,3.3109999999999999
4202,-2.7528999999999999,3.3071999999999999
4203,-4.1790000000000003,3.3035000000000001
4204,-5.8220999999999998,3.3016999999999999
4205,-7.2606000000000002,3.2978999999999998
4206,-2.1949000000000001,3.3054000000000001
4207,-2.1080999999999999,3.3054000000000001
4208,-2.1019000000000001,3.3054000000000001
4209,-2.1019000000000001,3.3054000000000001
4210,-2.1080999999999999,3.3054000000000001
4211,-2.1080999999999999,3.3054000000000001
4212,-2.1019000000000001,3.3054000000000001
4213,-2.1019000000000001,3.3071999999999999
4214,-0.30380000000000001,3.3090999999999999
4215,-0.70679999999999998,3.3090999999999999
4216,-1.0664,3.3090999999999999
4217,-1.3453999999999999,3.3071999999999999
4218,-1.4694,3.3071999999999999
4219,-0.66959999999999997,3.3090999999999999
4220,-0.65720000000000001,3.3090999999999999
4221,-0.66959999999999997,3.3090999999999999
4222,-0.65720000000000001,3.3109999999999999
4223,-0.66959999999999997,3.3090999999999999
4224,-0.65720000000000001,3.3090999999999999
4225,-0.66959999999999997,3.3090999999999999
4226,-0.66959999999999997,3.3109999999999999
4227,-0.66959999999999997,3.3109999999999999
4228,-0.66959999999999997,3.3109999999999999
4229,-0.66959999999999997,3.3109999999999999
4230,-0.66959999999999997,3.3109999999999999
4231,-0.66959999999999997,3.3109999999999999
4232,-0.66959999999999997,3.3109999999999999
4233,-0.66959999999999997,3.3109999999999999
4234,-0.66959999999999997,3.3109999999999999
4235,-0.66959999999999997,3.3109999999999999
4236,-0.66959999999999997,3.3109999999999999
4237,-0.66959999999999997,3.3109999999999999
4238,-0.66959999999999997,3.3109999999999999
4239,-0.66959999999999997,3.3109999999999999
4240,-2.1515,3.3090999999999999
4241,-2.8334999999999999,3.3071999999999999
4242,-3.7078000000000002,3.3054000000000001
4243,-4.5076000000000001,3.3035000000000001
4244,-5.1897000000000002,3.3016999999999999
4245,-6.1506999999999996,3.2997999999999998
4246,-7.0621999999999998,3.2978999999999998
4247,-7.7751999999999999,3.2961
4248,-8.9408999999999992,3.2924000000000002
4249,-9.9578000000000007,3.2905000000000002
4250,-10.6274,3.2886000000000002
4251,-11.929500000000001,3.2848999999999999
4252,-3.6272000000000002,3.2997999999999998
4253,-3.5032000000000001,3.2997999999999998
4254,-3.5093999999999999,3.2997999999999998
4255,-3.5032000000000001,3.3016999999999999
4256,-3.5032000000000001,3.3016999999999999
4257,-3.5093999999999999,3.3016999999999999
4258,-3.5093999999999999,3.3016999999999999
4259,-3.5093999999999999,3.3016999999999999
4260,-3.5093999999999999,3.3016999999999999
4261,-3.5093999999999999,3.2997999999999998
4262,-3.5093999999999999,3.3016999999999999
4263,-3.5093999999999999,3.3016999999999999
4264,-3.5032000000000001,3.3016999999999999
4265,-3.5032000000000001,3.3016999999999999
4266,-3.5093999999999999,3.3016999999999999
4267,-3.5093999999999999,3.3016999999999999
4268,-3.5093999999999999,3.3016999999999999
4269,-3.5032000000000001,3.3016999999999999
4270,-3.5093999999999999,3.3016999999999999
4271,-3.5032000000000001,3.3016999999999999
4272,-3.5032000000000001,3.3016999999999999
4273,-3.5093999999999999,3.3016999999999999
4274,-3.5093999999999999,3.3016999999999999
4275,-3.5093999999999999,3.3016999999999999
4276,1.3764000000000001,3.3090999999999999
4277,1.2214,3.3090999999999999
4278,0.94240000000000002,3.3090999999999999
4279,0.66339999999999999,3.3090999999999999
4280,0.41539999999999999,3.3090999999999999
4281,0.21079999999999999,3.3090999999999999
4282,-0.34100000000000003,3.3090999999999999
4283,-0.78739999999999999,3.3090999999999999
4284,-1.1097999999999999,3.3071999999999999
4285,-1.3453999999999999,3.3071999999999999
4286,-1.4694,3.3071999999999999
4287,-0.66959999999999997,3.3090999999999999
4288,-0.66959999999999997,3.3090999999999999
4289,-0.66959999999999997,3.3090999999999999
4290,-0.66959999999999997,3.3090999999999999
4291,-0.66959999999999997,3.3090999999999999
4292,-0.66959999999999997,3.3090999999999999
4293,-0.66959999999999997,3.3090999999999999
4294,-0.66959999999999997,3.3109999999999999
4295,-0.66959999999999997,3.3109999999999999
4296,-0.65720000000000001,3.3090999999999999
4297,-0.66959999999999997,3.3090999999999999
4298,-0.66959999999999997,3.3109999999999999
4299,-0.66959999999999997,3.3109999999999999
4300,-0.66959999999999997,3.3090999999999999
4301,-0.66959999999999997,3.3109999999999999
4302,-0.66959999999999997,3.3109999999999999
4303,-0.66959999999999997,3.3109999999999999
4304,-0.66959999999999997,3.3109999999999999
4305,-0.66959999999999997,3.3109999999999999
4306,-0.66959999999999997,3.3109999999999999
4307,-0.65720000000000001,3.3109999999999999
4308,-1.7795000000000001,3.3090999999999999
4309,-2.1515,3.3071999999999999
4310,-2.6227,3.3071999999999999
4311,-3.0318999999999998,3.3071999999999999
4312,-3.4226000000000001,3.3054000000000001
4313,-3.8628,3.3054000000000001
4314,-4.4703999999999997,3.3035000000000001
4315,-4.7866999999999997,3.3016999999999999
4316,-5.2206999999999999,3.3016999999999999
4317,-5.7538999999999998,3.2997999999999998
4318,-6.4669999999999996,3.2978999999999998
4319,-7.5830000000000002,3.2961
4320,-6.5476000000000001,3.2978999999999998
4321,-7.8249000000000004,3.2924000000000002
4322,-8.3519000000000005,3.2924000000000002
4323,-9.2632999999999992,3.2905000000000002
4324,-9.5114000000000001,3.2886000000000002
4325,-9.9949999999999992,3.2867999999999999
4326,-10.491,3.2867999999999999
4327,-11.464499999999999,3.2831000000000001
4328,-11.6257,3.2831000000000001
4329,-12.1341,3.2812000000000001
4330,-12.6922,3.2793000000000001
4331,-13.8268,3.2774999999999999
4332,-13.895,3.2755999999999998
4333,-14.496499999999999,3.2755999999999998
4334,-5.2641,3.2886000000000002
4335,-5.1835000000000004,3.2905000000000002
4336,-5.1835000000000004,3.2905000000000002
4337,-5.1897000000000002,3.2905000000000002
4338,-5.1897000000000002,3.2905000000000002
4339,-5.1835000000000004,3.2905000000000002
4340,-5.1897000000000002,3.2905000000000002
4341,-5.1835000000000004,3.2905000000000002
4342,-5.1897000000000002,3.2924000000000002
4343,-5.1835000000000004,3.2905000000000002
4344,-5.1897000000000002,3.2905000000000002
4345,-5.1835000000000004,3.2924000000000002
4346,0.97340000000000004,3.3035000000000001
4347,1.0167999999999999,3.3054000000000001
4348,0.65720000000000001,3.3054000000000001
4349,0.78120000000000001,3.3054000000000001
4350,0.65720000000000001,3.3054000000000001
4351,0.37819999999999998,3.3054000000000001
4352,0.45879999999999999,3.3054000000000001
4353,0.33479999999999999,3.3071999999999999
4354,-3.6272000000000002,3.2997999999999998
4355,-3.7016,3.2997999999999998
4356,-3.7016,3.2997999999999998
4357,-3.7078000000000002,3.2997999999999998
4358,-3.7016,3.2997999999999998
4359,-3.7016,3.2997999999999998
4360,-3.7078000000000002,3.2997999999999998
4361,-3.7078000000000002,3.2997999999999998
4362,-3.7078000000000002,3.2997999999999998
4363,-3.7016,3.2997999999999998
4364,-3.7016,3.2997999999999998
4365,-3.7078000000000002,3.2997999999999998
4366,-3.7016,3.2997999999999998
4367,1.7051000000000001,3.3090999999999999
4368,1.5065999999999999,3.3090999999999999
4369,1.3391999999999999,3.3090999999999999
4370,0.93620000000000003,3.3090999999999999
4371,0.65720000000000001,3.3090999999999999
4372,0.41539999999999999,3.3090999999999999
4373,0.13639999999999999,3.3090999999999999
4374,-0.34100000000000003,3.3090999999999999
4375,-0.74399999999999999,3.3071999999999999
4376,-1.1097999999999999,3.3071999999999999
4377,-1.3453999999999999,3.3071999999999999
4378,-1.4694,3.3071999999999999
4379,-0.66959999999999997,3.3071999999999999
4380,-0.66959999999999997,3.3090999999999999
4381,-0.66959999999999997,3.3090999999999999
4382,-0.66959999999999997,3.3090999999999999
4383,-0.66959999999999997,3.3090999999999999
4384,-0.66959999999999997,3.3090999999999999
4385,-0.66959999999999997,3.3090999999999999
4386,-0.66959999999999997,3.3090999999999999
4387,-0.65720000000000001,3.3090999999999999
4388,-0.66959999999999997,3.3090999999999999
4389,-0.66959999999999997,3.3090999999999999
4390,-0.66959999999999997,3.3090999999999999
4391,-0.66959999999999997,3.3090999999999999
4392,-0.66959999999999997,3.3090999999999999
4393,-0.66959999999999997,3.3090999999999999
4394,-0.66959999999999997,3.3090999999999999
4395,-0.66959999999999997,3.3090999999999999
4396,-0.66959999999999997,3.3109999999999999
4397,-0.65720000000000001,3.3090999999999999
4398,-0.66959999999999997,3.3109999999999999
4399,-0.66959999999999997,3.3109999999999999
4400,-0.66959999999999997,3.3109999999999999
4401,-0.66959999999999997,3.3109999999999999
4402,-0.66959999999999997,3.3109999999999999
4403,-0.66959999999999997,3.3109999999999999
4404,-0.66959999999999997,3.3109999999999999
4405,-0.65720000000000001,3.3109999999999999
4406,-0.66959999999999997,3.3109999999999999
4407,-2.3127,3.3071999999999999
4408,-3.2614000000000001,3.3054000000000001
4409,-4.2720000000000002,3.3035000000000001
4410,-5.2641,3.3016999999999999
4411,-6.2624000000000004,3.2997999999999998
4412,-2.1453000000000002,3.3071999999999999
4413,-2.1019000000000001,3.3071999999999999
4414,-5.6547000000000001,3.2997999999999998
4415,-6.3739999999999997,3.2997999999999998
4416,-7.2606000000000002,3.2961
4417,-7.7504,3.2961
4418,-8.4262999999999995,3.2924000000000002
4419,-9.1082999999999998,3.2905000000000002
4420,-10.143800000000001,3.2886000000000002
4421,-10.5778,3.2867999999999999
4422,-11.235099999999999,3.2848999999999999
4423,-3.8256000000000001,3.2978999999999998
4424,-3.7450000000000001,3.2997999999999998
4425,-10.553000000000001,3.2867999999999999
4426,-11.148300000000001,3.2831000000000001
4427,-11.2723,3.2831000000000001
4428,-12.2271,3.2812000000000001
4429,-12.7852,3.2793000000000001
4430,-13.3432,3.2774999999999999
4431,-13.392799999999999,3.2774999999999999
4432,-14.502700000000001,3.2738
4433,-5.3136999999999999,3.2886000000000002
4434,-5.1897000000000002,3.2905000000000002
4435,-12.698399999999999,3.2774999999999999
4436,-13.857799999999999,3.2755999999999998
4437,-13.7524,3.2738
4438,-14.8375,3.2719
4439,-14.7073,3.2719
4440,-15.190899999999999,3.27
4441,-16.344200000000001,3.2682000000000002
4442,-16.1768,3.2682000000000002
4443,-16.691400000000002,3.2663000000000002
4444,-17.9377,3.2645
4445,-17.770299999999999,3.2645
4446,-19.097200000000001,3.2606999999999999
4447,-18.936,3.2606999999999999
4448,-8.4634999999999998,3.2774999999999999
4449,-8.3890999999999991,3.2774999999999999
4450,-8.3890999999999991,3.2774999999999999
4451,-8.3890999999999991,3.2774999999999999
4452,-8.3890999999999991,3.2774999999999999
4453,-8.3953000000000007,3.2793000000000001
4454,-8.3890999999999991,3.2793000000000001
4455,-8.3890999999999991,3.2793000000000001
4456,-8.3828999999999994,3.2793000000000001
4457,-8.3890999999999991,3.2793000000000001
4458,-8.3704999999999998,3.2793000000000001
4459,-8.3953000000000007,3.2793000000000001
4460,-8.3953000000000007,3.2793000000000001
4461,-8.3953000000000007,3.2793000000000001
4462,-8.3890999999999991,3.2793000000000001
4463,-8.3890999999999991,3.2793000000000001
4464,-8.3890999999999991,3.2812000000000001
4465,-8.3890999999999991,3.2812000000000001
4466,-8.3890999999999991,3.2812000000000001
4467,-8.3828999999999994,3.2812000000000001
4468,-8.3828999999999994,3.2812000000000001
4469,-8.3890999999999991,3.2812000000000001
4470,-8.3828999999999994,3.2812000000000001
4471,-8.3828999999999994,3.2793000000000001
4472,-8.3953000000000007,3.2812000000000001
4473,-8.3890999999999991,3.2812000000000001
4474,-8.3828999999999994,3.2812000000000001
4475,-8.3890999999999991,3.2812000000000001
4476,-8.3890999999999991,3.2812000000000001
4477,-8.3890999999999991,3.2812000000000001
4478,-8.3890999999999991,3.2812000000000001
4479,-8.3828999999999994,3.2812000000000001
4480,-8.3828999999999994,3.2812000000000001
4481,-8.3953000000000007,3.2812000000000001
4482,-8.3890999999999991,3.2812000000000001
4483,-8.3890999999999991,3.2812000000000001
4484,-8.3890999999999991,3.2812000000000001
4485,-8.3890999999999991,3.2812000000000001
4486,-8.3890999999999991,3.2812000000000001
4487,-8.3890999999999991,3.2812000000000001
4488,-8.3890999999999991,3.2812000000000001
4489,-8.3828999999999994,3.2812000000000001
4490,-8.3828999999999994,3.2812000000000001
4491,-8.3828999999999994,3.2812000000000001
4492,-8.3890999999999991,3.2812000000000001
4493,-8.3890999999999991,3.2812000000000001
4494,-8.3890999999999991,3.2812000000000001
4495,-8.3828999999999994,3.2812000000000001
4496,-8.3828999999999994,3.2812000000000001
4497,-8.3890999999999991,3.2812000000000001
4498,3.8938000000000001,3.3035000000000001
4499,3.8999999999999999,3.3054000000000001
4500,3.7450000000000001,3.3054000000000001
4501,3.5775999999999999,3.3071999999999999
4502,3.3792,3.3071999999999999
4503,3.2242000000000002,3.3071999999999999
4504,3.0257000000000001,3.3090999999999999
4505,2.8210999999999999,3.3090999999999999
4506,-5.0347,3.2961
4507,-5.1835000000000004,3.2961
4508,-5.1897000000000002,3.2924000000000002
4509,-5.1835000000000004,3.2924000000000002
4510,-5.1835000000000004,3.2924000000000002
4511,-5.1897000000000002,3.2924000000000002
4512,-5.1897000000000002,3.2924000000000002
4513,-5.1897000000000002,3.2924000000000002
4514,-5.1897000000000002,3.2924000000000002
4515,-5.1897000000000002,3.2924000000000002
4516,-5.1835000000000004,3.2924000000000002
4517,-5.1897000000000002,3.2924000000000002
4518,-5.1835000000000004,3.2924000000000002
4519,-5.1897000000000002,3.2924000000000002
4520,-5.1959,3.2924000000000002
4521,-5.1897000000000002,3.2924000000000002
4522,-5.1835000000000004,3.2924000000000002
4523,-5.1897000000000002,3.2924000000000002
4524,-5.1959,3.2924000000000002
4525,-5.1897000000000002,3.2924000000000002
4526,-5.1897000000000002,3.2924000000000002
4527,-5.1897000000000002,3.2924000000000002
4528,-5.1897000000000002,3.2924000000000002
4529,-5.1835000000000004,3.2924000000000002
4530,-5.1897000000000002,3.2924000000000002
4531,-5.1897000000000002,3.2924000000000002
4532,-5.1897000000000002,3.2924000000000002
4533,-5.1959,3.2924000000000002
4534,-5.1835000000000004,3.2924000000000002
4535,-5.1835000000000004,3.2924000000000002
4536,-5.1897000000000002,3.2924000000000002
4537,-5.1897000000000002,3.2924000000000002
4538,-5.1835000000000004,3.2924000000000002
4539,-5.1897000000000002,3.2924000000000002
4540,-5.1897000000000002,3.2924000000000002
4541,-5.1897000000000002,3.2924000000000002
4542,-5.1835000000000004,3.2924000000000002
4543,-5.1835000000000004,3.2924000000000002
4544,-5.1897000000000002,3.2924000000000002
4545,-5.1835000000000004,3.2924000000000002
4546,-5.1835000000000004,3.2924000000000002
4547,-5.1835000000000004,3.2924000000000002
4548,-5.1835000000000004,3.2924000000000002
4549,-5.1835000000000004,3.2924000000000002
4550,-5.1835000000000004,3.2924000000000002
4551,-5.1897000000000002,3.2924000000000002
4552,-5.1959,3.2924000000000002
4553,-5.1835000000000004,3.2924000000000002
4554,-5.1835000000000004,3.2924000000000002
4555,-5.1897000000000002,3.2924000000000002
4556,-5.1897000000000002,3.2924000000000002
4557,-5.1835000000000004,3.2924000000000002
4558,-5.1835000000000004,3.2924000000000002
4559,-5.1835000000000004,3.2924000000000002
4560,-5.1835000000000004,3.2924000000000002
4561,-5.1897000000000002,3.2924000000000002
4562,-5.1897000000000002,3.2924000000000002
4563,-5.1835000000000004,3.2924000000000002
4564,-5.1897000000000002,3.2924000000000002
4565,-5.1835000000000004,3.2924000000000002
4566,-5.1897000000000002,3.2924000000000002
4567,-5.1835000000000004,3.2924000000000002
4568,-5.1897000000000002,3.2924000000000002
4569,-5.1772999999999998,3.2924000000000002
4570,-5.1959,3.2924000000000002
4571,-5.1897000000000002,3.2924000000000002
4572,-5.1835000000000004,3.2924000000000002
4573,-5.1897000000000002,3.2924000000000002
4574,-5.1897000000000002,3.2924000000000002
4575,-12.7418,3.2793000000000001
4576,-13.895,3.2774999999999999
4577,-13.771000000000001,3.2755999999999998
4578,-14.8561,3.2738
4579,-14.738300000000001,3.2738
4580,-15.2157,3.2719
4581,-16.381399999999999,3.2682000000000002
4582,-16.232600000000001,3.2682000000000002
4583,-16.753399999999999,3.2682000000000002
4584,-17.974900000000002,3.2645
4585,-17.8261,3.2645
4586,-19.134399999999999,3.2606999999999999
4587,-18.973199999999999,3.2606999999999999
4588,-8.5007000000000001,3.2774999999999999
4589,-8.3704999999999998,3.2774999999999999
4590,-8.3704999999999998,3.2774999999999999
4591,-8.3890999999999991,3.2793000000000001
4592,-8.3890999999999991,3.2793000000000001
4593,-8.3704999999999998,3.2793000000000001
4594,-8.3890999999999991,3.2793000000000001
4595,-8.3953000000000007,3.2793000000000001
4596,-8.3828999999999994,3.2793000000000001
4597,-8.3890999999999991,3.2793000000000001
4598,-8.3828999999999994,3.2793000000000001
4599,-8.3890999999999991,3.2793000000000001
4600,-8.3828999999999994,3.2812000000000001
4601,-8.3828999999999994,3.2812000000000001
4602,-8.3890999999999991,3.2812000000000001
4603,-8.3890999999999991,3.2812000000000001
4604,-8.3890999999999991,3.2812000000000001
4605,-8.3828999999999994,3.2812000000000001
4606,-8.3890999999999991,3.2812000000000001
4607,-8.3890999999999991,3.2812000000000001
4608,-8.3953000000000007,3.2812000000000001
4609,-8.3953000000000007,3.2812000000000001
4610,-8.3890999999999991,3.2812000000000001
4611,-8.3890999999999991,3.2812000000000001
4612,-8.3953000000000007,3.2812000000000001
4613,-8.3890999999999991,3.2812000000000001
4614,-8.3828999999999994,3.2812000000000001
4615,-8.3890999999999991,3.2812000000000001
4616,-8.3890999999999991,3.2812000000000001
4617,-8.3890999999999991,3.2812000000000001
4618,-8.3828999999999994,3.2812000000000001
4619,-8.3953000000000007,3.2812000000000001
4620,-8.4324999999999992,3.2812000000000001
4621,-8.4324999999999992,3.2812000000000001
4622,-8.4324999999999992,3.2812000000000001
4623,-8.4262999999999995,3.2812000000000001
4624,-8.4324999999999992,3.2812000000000001
4625,-8.4262999999999995,3.2812000000000001
4626,-8.4324999999999992,3.2812000000000001
4627,-8.4262999999999995,3.2812000000000001
4628,-8.4200999999999997,3.2812000000000001
4629,-8.4262999999999995,3.2812000000000001
4630,-8.4262999999999995,3.2812000000000001
4631,-8.4262999999999995,3.2812000000000001
4632,-8.4262999999999995,3.2812000000000001
4633,-8.4324999999999992,3.2812000000000001
4634,-8.4262999999999995,3.2812000000000001
4635,-8.4262999999999995,3.2812000000000001
4636,-8.4262999999999995,3.2812000000000001
4637,-8.4324999999999992,3.2812000000000001
4638,-14.738300000000001,3.27
4639,-14.3415,3.27
4640,-15.2963,3.2682000000000002
4641,-14.8375,3.2682000000000002
4642,-15.811,3.2663000000000002
4643,-15.333500000000001,3.2663000000000002
4644,-16.381399999999999,3.2645
4645,-16.666599999999999,3.2645
4646,-16.145800000000001,3.2645
4647,-17.224699999999999,3.2625999999999999
4648,-16.697600000000001,3.2625999999999999
4649,-17.819900000000001,3.2606999999999999
4650,-17.249500000000001,3.2606999999999999
4651,-18.433700000000002,3.2589000000000001
4652,-18.780999999999999,3.2570000000000001
4653,-18.142299999999999,3.2589000000000001
4654,-19.376200000000001,3.2570000000000001
4655,-18.787199999999999,3.2570000000000001
4656,-20.021000000000001,3.2551999999999999
4657,-19.419599999999999,3.2551999999999999
4658,-20.703099999999999,3.2532999999999999
4659,-21.0565,3.2513999999999998
4660,-20.430299999999999,3.2513999999999998
4661,-21.7819,3.2496
4662,-21.106100000000001,3.2496
4663,-22.501200000000001,3.2458999999999998
4664,-21.825299999999999,3.2458999999999998
4665,-23.207999999999998,3.2440000000000002
4666,-23.666899999999998,3.2440000000000002
4667,-22.953800000000001,3.2440000000000002
4668,-24.423300000000001,3.2403
4669,-23.697900000000001,3.2421000000000002
4670,-25.198399999999999,3.2383999999999999
4671,-24.472899999999999,3.2403
4672,-26.053999999999998,3.2366000000000001
4673,-16.424800000000001,3.2532999999999999
4674,-16.338000000000001,3.2551999999999999
4675,-16.3504,3.2551999999999999
4676,-16.344200000000001,3.2551999999999999
4677,-16.3504,3.2570000000000001
4678,-16.3504,3.2551999999999999
4679,-16.344200000000001,3.2551999999999999
4680,-16.338000000000001,3.2570000000000001
4681,-16.338000000000001,3.2551999999999999
4682,-16.331800000000001,3.2570000000000001
4683,-16.3504,3.2570000000000001
4684,-16.3504,3.2570000000000001
4685,-16.338000000000001,3.2570000000000001
4686,-16.338000000000001,3.2570000000000001
4687,-16.3504,3.2570000000000001
4688,-16.338000000000001,3.2570000000000001
4689,-16.338000000000001,3.2570000000000001
4690,-16.338000000000001,3.2570000000000001
4691,-16.344200000000001,3.2570000000000001
4692,-16.338000000000001,3.2570000000000001
4693,-16.338000000000001,3.2570000000000001
4694,-16.344200000000001,3.2570000000000001
4695,-16.338000000000001,3.2570000000000001
4696,-16.344200000000001,3.2570000000000001
4697,-16.331800000000001,3.2570000000000001
4698,-16.338000000000001,3.2570000000000001
4699,-16.387599999999999,3.2570000000000001
4700,-16.381399999999999,3.2570000000000001
4701,-16.381399999999999,3.2570000000000001
4702,-16.3752,3.2570000000000001
4703,-27.7529,3.2366000000000001
4704,-28.373000000000001,3.2347000000000001
4705,-28.899999999999999,3.2328000000000001
4706,-29.457999999999998,3.2309999999999999
4707,-30.016100000000002,3.2290999999999999
4708,-30.567900000000002,3.2273000000000001
4709,-31.181699999999999,3.2273000000000001
4710,-31.733599999999999,3.2254
4711,-32.3474,3.2235
4712,-32.973700000000001,3.2216999999999998
4713,-33.568899999999999,3.2198000000000002
4714,-34.250900000000001,3.218
4715,-34.883400000000002,3.2161
4716,-35.559199999999997,3.2161
4717,-36.278500000000001,3.2141999999999999
4718,-36.972900000000003,3.2124000000000001
4719,-37.686,3.2105000000000001
4720,-38.454799999999999,3.2086999999999999
4721,-39.211300000000001,3.2067999999999999
4722,-39.9739,3.2048999999999999
4723,-24.776700000000002,3.2273000000000001
4724,-24.689900000000002,3.2290999999999999
4725,-24.696100000000001,3.2309999999999999
4726,-24.696100000000001,3.2290999999999999
4727,-24.696100000000001,3.2309999999999999
4728,-24.683700000000002,3.2309999999999999
4729,-24.683700000000002,3.2309999999999999
4730,-24.745699999999999,3.2309999999999999
4731,-24.7333,3.2309999999999999
4732,-24.7333,3.2309999999999999
4733,2.8210999999999999,3.2774999999999999
4734,3.2551999999999999,3.2812000000000001
4735,3.5775999999999999,3.2848999999999999
4736,3.8256000000000001,3.2886000000000002
4737,4.0612000000000004,3.2905000000000002
4738,4.2968000000000002,3.2924000000000002
4739,4.4951999999999996,3.2961
4740,4.6688000000000001,3.2961
4741,4.8239000000000001,3.2978999999999998
4742,4.9044999999999996,3.2997999999999998
4743,4.9478999999999997,3.3016999999999999
4744,4.9541000000000004,3.3016999999999999
4745,4.9044999999999996,3.3035000000000001
4746,4.8611000000000004,3.3035000000000001
4747,4.7805,3.3035000000000001
4748,4.7061000000000002,3.3054000000000001
4749,9.9825999999999997,3.3147000000000002
4750,9.9825999999999997,3.3165
4751,9.0091000000000001,3.3165
4752,8.8045000000000009,3.3165
4753,7.9427000000000003,3.3165
4754,7.6574,3.3165
4755,6.7893999999999997,3.3165
4756,6.4669999999999996,3.3165
4757,8.2279,3.3184
4758,7.0994000000000002,3.3184
4759,5.8902999999999999,3.3165
4760,4.7370999999999999,3.3147000000000002
4761,3.7450000000000001,3.3128000000000002
4762,2.7715000000000001,3.3128000000000002
4763,1.8167,3.3109999999999999
4764,0.41539999999999999,3.3071999999999999
4765,-0.74399999999999999,3.3054000000000001
4766,-1.4259999999999999,3.3054000000000001
4767,-0.66959999999999997,3.3054000000000001
4768,-0.66959999999999997,3.3054000000000001
4769,-0.66959999999999997,3.3054000000000001
4770,-0.66959999999999997,3.3054000000000001
4771,-0.66959999999999997,3.3054000000000001
4772,-0.66959999999999997,3.3054000000000001
4773,-0.66959999999999997,3.3054000000000001
4774,-0.66959999999999997,3.3054000000000001
4775,-0.66959999999999997,3.3054000000000001
4776,-0.66959999999999997,3.3071999999999999
4777,-0.66959999999999997,3.3054000000000001
4778,-0.66959999999999997,3.3054000000000001
4779,-0.66959999999999997,3.3071999999999999
4780,-0.66959999999999997,3.3071999999999999
4781,-0.65720000000000001,3.3071999999999999
4782,-0.66959999999999997,3.3071999999999999
4783,-0.66959999999999997,3.3071999999999999
4784,-0.66959999999999997,3.3071999999999999
4785,-0.66959999999999997,3.3071999999999999
4786,-0.086800000000000002,3.3071999999999999
4787,-0.66959999999999997,3.3071999999999999
4788,-0.66959999999999997,3.3071999999999999
4789,-0.66959999999999997,3.3071999999999999
4790,-0.66959999999999997,3.3071999999999999
4791,-0.66959999999999997,3.3071999999999999
4792,-0.66959999999999997,3.3071999999999999
4793,-0.66959999999999997,3.3071999999999999
4794,-0.66959999999999997,3.3071999999999999
4795,-0.66959999999999997,3.3071999999999999
4796,-0.66959999999999997,3.3071999999999999
4797,-0.67579999999999996,3.3071999999999999
4798,-0.66959999999999997,3.3071999999999999
4799,-2.7467000000000001,3.3035000000000001
4800,-4.1913999999999998,3.3016999999999999
4801,-5.7786999999999997,3.2978999999999998
4802,-7.2295999999999996,3.2961
4803,-2.1515,3.3035000000000001
4804,-2.0647000000000002,3.3035000000000001
4805,-2.0647000000000002,3.3035000000000001
4806,-2.0647000000000002,3.3035000000000001
4807,-2.0647000000000002,3.3035000000000001
4808,-2.0647000000000002,3.3054000000000001
4809,-2.0647000000000002,3.3035000000000001
4810,-2.0647000000000002,3.3035000000000001
4811,-0.30380000000000001,3.3071999999999999
4812,-0.71299999999999997,3.3071999999999999
4813,-1.0664,3.3071999999999999
4814,-1.3453999999999999,3.3071999999999999
4815,-1.4694,3.3054000000000001
4816,-0.66959999999999997,3.3071999999999999
4817,-0.66959999999999997,3.3071999999999999
4818,-0.66959999999999997,3.3071999999999999
4819,-0.66959999999999997,3.3071999999999999
4820,-0.66959999999999997,3.3071999999999999
4821,-0.66959999999999997,3.3090999999999999
4822,-0.66959999999999997,3.3090999999999999
4823,-0.67579999999999996,3.3071999999999999
4824,-0.66959999999999997,3.3090999999999999
4825,-0.66959999999999997,3.3090999999999999
4826,-0.66959999999999997,3.3090999999999999
4827,-0.66959999999999997,3.3071999999999999
4828,-0.66959999999999997,3.3090999999999999
4829,-0.66959999999999997,3.3090999999999999
4830,-0.66959999999999997,3.3090999999999999
4831,-0.66959999999999997,3.3090999999999999
4832,-0.66959999999999997,3.3090999999999999
4833,-0.66959999999999997,3.3090999999999999
4834,-0.66959999999999997,3.3090999999999999
4835,-0.66959999999999997,3.3090999999999999
4836,-0.66959999999999997,3.3090999999999999
4837,-2.1080999999999999,3.3071999999999999
4838,-2.8334999999999999,3.3054000000000001
4839,-3.6581999999999999,3.3035000000000001
4840,-4.5076000000000001,3.3016999999999999
4841,-5.1897000000000002,3.2997999999999998
4842,-6.1135000000000002,3.2978999999999998
4843,-7.0312000000000001,3.2961
4844,-7.7442000000000002,3.2924000000000002
4845,-8.9037000000000006,3.2905000000000002
4846,-9.9019999999999992,3.2886000000000002
4847,-10.584,3.2867999999999999
4848,-11.8985,3.2831000000000001
4849,-3.5838000000000001,3.2978999999999998
4850,-3.4722,3.2997999999999998
4851,-3.4722,3.2997999999999998
4852,-3.4722,3.2997999999999998
4853,-3.4722,3.2997999999999998
4854,-3.4660000000000002,3.2997999999999998
4855,-3.4784000000000002,3.2997999999999998
4856,-3.4722,3.2997999999999998
4857,-3.4722,3.2997999999999998
4858,-3.4722,3.2997999999999998
4859,-3.4722,3.2997999999999998
4860,-3.4722,3.2997999999999998
4861,-3.4722,3.3016999999999999
4862,-3.4660000000000002,3.2997999999999998
4863,-3.4660000000000002,3.3016999999999999
4864,-3.4722,3.3016999999999999
4865,-3.4722,3.2997999999999998
4866,-3.4660000000000002,3.3016999999999999
4867,-3.4722,3.3016999999999999
4868,-3.4660000000000002,3.3016999999999999
4869,-3.4722,3.3016999999999999
4870,-3.4722,3.3016999999999999
4871,-3.4722,3.3016999999999999
4872,-3.4660000000000002,3.3016999999999999
4873,1.3764000000000001,3.3090999999999999
4874,1.1779999999999999,3.3090999999999999
4875,0.93620000000000003,3.3109999999999999
4876,0.66339999999999999,3.3090999999999999
4877,0.40920000000000001,3.3090999999999999
4878,0.21079999999999999,3.3090999999999999
4879,-0.34100000000000003,3.3090999999999999
4880,-0.78739999999999999,3.3090999999999999
4881,-1.1160000000000001,3.3071999999999999
4882,-1.3515999999999999,3.3071999999999999
4883,-1.4694,3.3071999999999999
4884,-0.66959999999999997,3.3090999999999999
4885,-0.66959999999999997,3.3090999999999999
4886,-0.66959999999999997,3.3090999999999999
4887,-0.66959999999999997,3.3090999999999999
4888,-0.66959999999999997,3.3090999999999999
4889,-0.66959999999999997,3.3090999999999999
4890,-0.66959999999999997,3.3090999999999999
4891,-0.66959999999999997,3.3090999999999999
4892,-0.66959999999999997,3.3090999999999999
4893,-0.66959999999999997,3.3090999999999999
4894,-0.66959999999999997,3.3090999999999999
4895,-0.66959999999999997,3.3090999999999999
4896,-0.66959999999999997,3.3090999999999999
4897,-0.66959999999999997,3.3090999999999999
4898,-0.66959999999999997,3.3109999999999999
4899,-0.65720000000000001,3.3090999999999999
4900,-0.66959999999999997,3.3090999999999999
4901,-0.66959999999999997,3.3109999999999999
4902,-0.66959999999999997,3.3109999999999999
4903,-0.66959999999999997,3.3109999999999999
4904,-0.66959999999999997,3.3109999999999999
4905,-1.7857000000000001,3.3090999999999999
4906,-2.1453000000000002,3.3071999999999999
4907,-2.6227,3.3071999999999999
4908,-2.9885000000000002,3.3054000000000001
4909,-3.4163999999999999,3.3054000000000001
4910,-3.8690000000000002,3.3035000000000001
4911,-4.4332000000000003,3.3035000000000001
4912,-4.7432999999999996,3.3016999999999999
4913,-5.1897000000000002,3.3016999999999999
4914,-5.7042999999999999,3.2997999999999998
4915,-6.4298000000000002,3.2978999999999998
4916,-7.5396000000000001,3.2961
4917,-6.4980000000000002,3.2961
4918,-7.7751999999999999,3.2924000000000002
4919,-8.3085000000000004,3.2924000000000002
4920,-9.2385000000000002,3.2886000000000002
4921,-9.4618000000000002,3.2886000000000002
4922,-9.9515999999999991,3.2867999999999999
4923,-10.466200000000001,3.2848999999999999
4924,-11.427300000000001,3.2831000000000001
4925,-11.5389,3.2831000000000001
4926,-12.1031,3.2812000000000001
4927,-12.667400000000001,3.2793000000000001
4928,-13.7462,3.2774999999999999
4929,-13.8268,3.2755999999999998
4930,-14.4717,3.2755999999999998
4931,-5.2579000000000002,3.2905000000000002
4932,-5.1463000000000001,3.2905000000000002
4933,-5.1401000000000003,3.2924000000000002
4934,-5.1401000000000003,3.2924000000000002
4935,-5.1401000000000003,3.2924000000000002
4936,-5.1401000000000003,3.2924000000000002
4937,-5.1463000000000001,3.2924000000000002
4938,-5.1463000000000001,3.2924000000000002
4939,-5.1401000000000003,3.2924000000000002
4940,-5.1401000000000003,3.2924000000000002
4941,-5.1463000000000001,3.2924000000000002
4942,-5.1463000000000001,3.2924000000000002
4943,0.97340000000000004,3.3054000000000001
4944,0.97960000000000003,3.3054000000000001
4945,0.66339999999999999,3.3054000000000001
4946,0.78120000000000001,3.3071999999999999
4947,0.65720000000000001,3.3071999999999999
4948,0.37819999999999998,3.3071999999999999
4949,0.45879999999999999,3.3071999999999999
4950,0.34100000000000003,3.3071999999999999
4951,-3.6334,3.3016999999999999
4952,-3.7078000000000002,3.3016999999999999
4953,-3.7016,3.3016999999999999
4954,-3.7078000000000002,3.3016999999999999
4955,-3.7078000000000002,3.3016999999999999
4956,-3.7016,3.3016999999999999
4957,-3.7016,3.3016999999999999
4958,-3.7078000000000002,3.3016999999999999
4959,-3.7016,3.3016999999999999
4960,-3.7078000000000002,3.3016999999999999
4961,-3.7078000000000002,3.3016999999999999
4962,-3.7016,3.3016999999999999
4963,-3.7078000000000002,3.3016999999999999
4964,1.6927000000000001,3.3109999999999999
4965,1.5065999999999999,3.3109999999999999
4966,1.3391999999999999,3.3109999999999999
4967,0.94240000000000002,3.3109999999999999
4968,0.66339999999999999,3.3109999999999999
4969,0.41539999999999999,3.3109999999999999
4970,0.13639999999999999,3.3109999999999999
4971,-0.33479999999999999,3.3090999999999999
4972,-0.75019999999999998,3.3090999999999999
4973,-1.1160000000000001,3.3090999999999999
4974,-1.3515999999999999,3.3071999999999999
4975,-1.4694,3.3071999999999999
4976,-0.66959999999999997,3.3090999999999999
4977,-0.66959999999999997,3.3090999999999999
4978,-0.67579999999999996,3.3090999999999999
4979,-0.66959999999999997,3.3090999999999999
4980,-0.66959999999999997,3.3090999999999999
4981,-0.65720000000000001,3.3090999999999999
4982,-0.66959999999999997,3.3090999999999999
4983,-0.66959999999999997,3.3109999999999999
4984,-0.66959999999999997,3.3090999999999999
4985,-0.66959999999999997,3.3090999999999999
4986,-0.66959999999999997,3.3109999999999999
4987,-0.66959999999999997,3.3109999999999999
4988,-0.66959999999999997,3.3109999999999999
4989,-0.66959999999999997,3.3109999999999999
4990,-0.66959999999999997,3.3109999999999999
4991,-0.65720000000000001,3.3109999999999999
4992,-0.66959999999999997,3.3109999999999999
4993,-0.66959999999999997,3.3109999999999999
4994,-0.66959999999999997,3.3109999999999999
4995,-2.7528999999999999,3.3071999999999999
4996,-4.1913999999999998,3.3035000000000001
4997,-5.8220999999999998,3.3016999999999999
4998,-7.2295999999999996,3.2978999999999998
4999,-2.1886999999999999,3.3054000000000001
5000,-2.0647000000000002,3.3071999999999999
5001,-2.0647000000000002,3.3071999999999999
5002,-2.0647000000000002,3.3071999999999999
5003,-2.0647000000000002,3.3071999999999999
5004,-2.0709,3.3071999999999999
5005,-2.0647000000000002,3.3071999999999999
5006,-2.0647000000000002,3.3071999999999999
5007,-0.30380000000000001,3.3109999999999999
5008,-0.71299999999999997,3.3090999999999999
5009,-1.0726,3.3090999999999999
5010,-1.3515999999999999,3.3090999999999999
5011,-1.4632000000000001,3.3090999999999999
5012,-0.66959999999999997,3.3109999999999999
5013,-0.66959999999999997,3.3090999999999999
5014,-0.66959999999999997,3.3109999999999999
5015,-0.66959999999999997,3.3109999999999999
5016,-0.65720000000000001,3.3109999999999999
5017,-0.66959999999999997,3.3109999999999999
5018,-0.66959999999999997,3.3109999999999999
5019,-0.66959999999999997,3.3109999999999999
5020,-0.66959999999999997,3.3109999999999999
5021,-0.65720000000000001,3.3109999999999999
5022,-0.66959999999999997,3.3109999999999999
5023,-0.65720000000000001,3.3109999999999999
5024,-0.66959999999999997,3.3109999999999999
5025,-0.66959999999999997,3.3109999999999999
5026,-0.66959999999999997,3.3109999999999999
5027,-0.66959999999999997,3.3109999999999999
5028,-0.66959999999999997,3.3109999999999999
5029,-0.66959999999999997,3.3109999999999999
5030,-0.66959999999999997,3.3109999999999999
5031,-0.66959999999999997,3.3109999999999999
5032,-0.66959999999999997,3.3109999999999999
5033,-2.1019000000000001,3.3090999999999999
5034,-2.8273000000000001,3.3071999999999999
5035,-3.6581999999999999,3.3054000000000001
5036,-4.5076000000000001,3.3035000000000001
5037,-5.1897000000000002,3.3016999999999999
5038,-6.1506999999999996,3.2997999999999998
5039,-7.0250000000000004,3.2978999999999998
5040,-7.7380000000000004,3.2961
5041,-8.9533000000000005,3.2924000000000002
5042,-9.9329999999999998,3.2905000000000002
5043,-10.5778,3.2886000000000002
5044,-11.9047,3.2848999999999999
5045,-3.5838000000000001,3.2997999999999998
5046,-3.4660000000000002,3.3016999999999999
5047,-3.4722,3.3016999999999999
5048,-3.4660000000000002,3.3016999999999999
5049,-3.4660000000000002,3.3016999999999999
5050,-3.4660000000000002,3.3016999999999999
5051,-3.4722,3.3016999999999999
5052,-3.4722,3.3016999999999999
5053,-3.4660000000000002,3.3016999999999999
5054,-3.4722,3.3016999999999999
5055,-3.4722,3.3016999999999999
5056,-3.4784000000000002,3.3016999999999999
5057,-3.4660000000000002,3.3016999999999999
5058,-3.4660000000000002,3.3016999999999999
5059,-3.4722,3.3016999999999999
5060,-3.4660000000000002,3.3016999999999999
5061,-3.4722,3.3016999999999999
5062,-3.4722,3.3016999999999999
5063,-3.4660000000000002,3.3016999999999999
5064,-3.4660000000000002,3.3016999999999999
5065,-3.4722,3.3016999999999999
5066,-3.4660000000000002,3.3035000000000001
5067,-3.4660000000000002,3.3016999999999999
5068,-3.4722,3.3016999999999999
5069,1.3702000000000001,3.3109999999999999
5070,1.2214,3.3109999999999999
5071,0.93620000000000003,3.3109999999999999
5072,0.65720000000000001,3.3109999999999999
5073,0.41539999999999999,3.3109999999999999
5074,0.21079999999999999,3.3109999999999999
5075,-0.3286,3.3109999999999999
5076,-0.78739999999999999,3.3090999999999999
5077,-1.1097999999999999,3.3090999999999999
5078,-1.3515999999999999,3.3090999999999999
5079,-1.4694,3.3090999999999999
5080,-0.66959999999999997,3.3109999999999999
5081,-0.66959999999999997,3.3109999999999999
5082,-0.65720000000000001,3.3109999999999999
5083,-0.66959999999999997,3.3109999999999999
5084,-0.66959999999999997,3.3109999999999999
5085,-0.66959999999999997,3.3109999999999999
5086,-0.66959999999999997,3.3109999999999999
5087,-0.66959999999999997,3.3109999999999999
5088,-0.66959999999999997,3.3109999999999999
5089,-0.65720000000000001,3.3109999999999999
5090,-0.66959999999999997,3.3109999999999999
5091,-0.66959999999999997,3.3109999999999999
5092,-0.66959999999999997,3.3109999999999999
5093,-0.66959999999999997,3.3109999999999999
5094,-0.66959999999999997,3.3109999999999999
5095,-0.66959999999999997,3.3109999999999999
5096,-0.66959999999999997,3.3109999999999999
5097,-0.65720000000000001,3.3109999999999999
5098,-0.66959999999999997,3.3109999999999999
5099,-0.66959999999999997,3.3109999999999999
5100,-0.66959999999999997,3.3128000000000002
5101,-1.7857000000000001,3.3090999999999999
5102,-2.1453000000000002,3.3090999999999999
5103,-2.6227,3.3071999999999999
5104,-2.9885000000000002,3.3071999999999999
5105,-3.4287999999999998,3.3054000000000001
5106,-3.8628,3.3054000000000001
5107,-4.4641999999999999,3.3035000000000001
5108,-4.7432999999999996,3.3035000000000001
5109,-5.2268999999999997,3.3016999999999999
5110,-5.7104999999999997,3.3016999999999999
5111,-6.4607999999999999,3.2997999999999998
5112,-7.5457999999999998,3.2978999999999998
5113,-6.5476000000000001,3.2978999999999998
5114,-7.7813999999999997,3.2961
5115,-8.3457000000000008,3.2924000000000002
5116,-9.2385000000000002,3.2905000000000002
5117,-9.4618000000000002,3.2886000000000002
5118,-9.9578000000000007,3.2886000000000002
5119,-10.460000000000001,3.2867999999999999
5120,-11.427300000000001,3.2848999999999999
5121,-11.5761,3.2831000000000001
5122,-12.1031,3.2831000000000001
5123,-12.654999999999999,3.2812000000000001
5124,-13.7524,3.2774999999999999
5125,-13.864000000000001,3.2774999999999999
5126,-14.4655,3.2755999999999998
5127,-5.2641,3.2905000000000002
5128,-5.1524999999999999,3.2905000000000002
5129,-5.1401000000000003,3.2924000000000002
5130,-5.1401000000000003,3.2924000000000002
5131,-5.1401000000000003,3.2924000000000002
5132,-5.1401000000000003,3.2924000000000002
5133,-5.1463000000000001,3.2924000000000002
5134,-5.1401000000000003,3.2961
5135,-5.1463000000000001,3.2924000000000002
5136,-5.1463000000000001,3.2961
5137,-5.1463000000000001,3.2961
5138,-5.1463000000000001,3.2961
5139,0.97340000000000004,3.3054000000000001
5140,1.0167999999999999,3.3071999999999999
5141,0.65720000000000001,3.3071999999999999
5142,0.78120000000000001,3.3090999999999999
5143,0.66339999999999999,3.3090999999999999
5144,0.37819999999999998,3.3090999999999999
5145,0.45879999999999999,3.3090999999999999
5146,0.33479999999999999,3.3090999999999999
5147,-3.6272000000000002,3.3035000000000001
5148,-3.7016,3.3016999999999999
5149,-3.7016,3.3016999999999999
5150,-3.7016,3.3016999999999999
5151,-3.7016,3.3016999999999999
5152,-3.6953999999999998,3.3016999999999999
5153,-3.7016,3.3016999999999999
5154,-3.7016,3.3016999999999999
5155,-3.7016,3.3016999999999999
5156,-3.7016,3.3016999999999999
5157,-3.7016,3.3016999999999999
5158,-3.7078000000000002,3.3016999999999999
5159,-3.7016,3.3016999999999999
5160,1.7051000000000001,3.3109999999999999
5161,1.5127999999999999,3.3109999999999999
5162,1.3391999999999999,3.3128000000000002
5163,0.94240000000000002,3.3109999999999999
5164,0.66339999999999999,3.3109999999999999
5165,0.41539999999999999,3.3109999999999999
5166,0.13639999999999999,3.3109999999999999
5167,-0.34100000000000003,3.3109999999999999
5168,-0.75019999999999998,3.3090999999999999
5169,-1.1097999999999999,3.3090999999999999
5170,-1.3515999999999999,3.3090999999999999
5171,-1.4694,3.3090999999999999
5172,-0.66959999999999997,3.3090999999999999
5173,-0.66959999999999997,3.3109999999999999
5174,-0.66959999999999997,3.3109999999999999
5175,-0.66959999999999997,3.3109999999999999
5176,-0.66959999999999997,3.3109999999999999
5177,-0.66959999999999997,3.3109999999999999
5178,-0.66959999999999997,3.3109999999999999
5179,-0.66959999999999997,3.3109999999999999
5180,-0.66959999999999997,3.3109999999999999
5181,-0.66959999999999997,3.3109999999999999
5182,-0.66959999999999997,3.3109999999999999
5183,-0.65720000000000001,3.3109999999999999
5184,-0.66959999999999997,3.3109999999999999
5185,-0.65720000000000001,3.3109999999999999
5186,-0.66959999999999997,3.3109999999999999
5187,-0.66959999999999997,3.3109999999999999
5188,-0.66959999999999997,3.3109999999999999
5189,-0.66959999999999997,3.3109999999999999
5190,-0.65720000000000001,3.3109999999999999
5191,-2.7467000000000001,3.3090999999999999
5192,-4.1790000000000003,3.3054000000000001
5193,-5.8220999999999998,3.3016999999999999
5194,-7.2233999999999998,3.2978999999999998
5195,-2.1886999999999999,3.3071999999999999
5196,-2.1080999999999999,3.3071999999999999
5197,-2.1019000000000001,3.3071999999999999
5198,-2.1019000000000001,3.3071999999999999
5199,-2.1080999999999999,3.3071999999999999
5200,-2.1019000000000001,3.3071999999999999
5201,-2.1019000000000001,3.3071999999999999
5202,-2.1019000000000001,3.3071999999999999
5203,-0.30380000000000001,3.3109999999999999
5204,-0.71299999999999997,3.3109999999999999
5205,-1.0726,3.3109999999999999
5206,-1.3515999999999999,3.3090999999999999
5207,-1.4694,3.3090999999999999
5208,-0.66959999999999997,3.3109999999999999
5209,-0.66959999999999997,3.3109999999999999
5210,-0.65720000000000001,3.3109999999999999
5211,-0.66959999999999997,3.3109999999999999
5212,-0.66959999999999997,3.3109999999999999
5213,-0.66959999999999997,3.3109999999999999
5214,-0.66959999999999997,3.3109999999999999
5215,-0.66959999999999997,3.3109999999999999
5216,-0.66959999999999997,3.3109999999999999
5217,-0.66959999999999997,3.3109999999999999
5218,-0.66959999999999997,3.3109999999999999
5219,-0.66959999999999997,3.3109999999999999
5220,-0.66959999999999997,3.3128000000000002
5221,-0.66959999999999997,3.3128000000000002
5222,-0.66959999999999997,3.3128000000000002
5223,-0.66959999999999997,3.3128000000000002
5224,-0.66959999999999997,3.3128000000000002
5225,-0.66959999999999997,3.3128000000000002
5226,-0.66959999999999997,3.3128000000000002
5227,-0.66959999999999997,3.3128000000000002
5228,-0.66959999999999997,3.3128000000000002
5229,-2.1019000000000001,3.3109999999999999
5230,-2.8334999999999999,3.3090999999999999
5231,-3.6705999999999999,3.3071999999999999
5232,-4.5014000000000003,3.3054000000000001
5233,-5.1835000000000004,3.3035000000000001
5234,-6.1444999999999999,3.3016999999999999
5235,-7.0683999999999996,3.2997999999999998
5236,-7.7751999999999999,3.2961
5237,-8.9595000000000002,3.2924000000000002
5238,-9.9391999999999996,3.2905000000000002
5239,-10.6212,3.2886000000000002
5240,-11.9419,3.2848999999999999
5241,-3.5962000000000001,3.2997999999999998
5242,-3.5093999999999999,3.3016999999999999
5243,-3.5093999999999999,3.3016999999999999
5244,-3.5093999999999999,3.3016999999999999
5245,-3.4969999999999999,3.3016999999999999
5246,-3.5093999999999999,3.3016999999999999
5247,-3.5032000000000001,3.3016999999999999
5248,-3.4969999999999999,3.3016999999999999
5249,-3.5032000000000001,3.3035000000000001
5250,-3.5032000000000001,3.3016999999999999
5251,-3.5032000000000001,3.3016999999999999
5252,-3.5093999999999999,3.3035000000000001
5253,-3.5093999999999999,3.3035000000000001
5254,-3.5093999999999999,3.3016999999999999
5255,-3.5032000000000001,3.3035000000000001
5256,-3.5093999999999999,3.3016999999999999
5257,-3.5093999999999999,3.3035000000000001
5258,-3.5032000000000001,3.3035000000000001
5259,-3.5032000000000001,3.3035000000000001
5260,-3.5093999999999999,3.3016999999999999
5261,-3.5093999999999999,3.3035000000000001
5262,-3.5093999999999999,3.3035000000000001
5263,-3.5093999999999999,3.3016999999999999
5264,-3.5093999999999999,3.3035000000000001
5265,1.3764000000000001,3.3109999999999999
5266,1.2214,3.3109999999999999
5267,0.94240000000000002,3.3109999999999999
5268,0.65720000000000001,3.3109999999999999
5269,0.41539999999999999,3.3128000000000002
5270,0.21079999999999999,3.3109999999999999
5271,-0.3286,3.3109999999999999
5272,-0.78739999999999999,3.3109999999999999
5273,-1.1097999999999999,3.3090999999999999
5274,-1.3515999999999999,3.3090999999999999
5275,-1.4694,3.3090999999999999
5276,-0.66959999999999997,3.3109999999999999
5277,-0.66959999999999997,3.3109999999999999
5278,-0.66959999999999997,3.3109999999999999
5279,-0.66959999999999997,3.3109999999999999
5280,-0.66959999999999997,3.3109999999999999
5281,-0.66959999999999997,3.3109999999999999
5282,-0.66959999999999997,3.3109999999999999
5283,-0.66959999999999997,3.3109999999999999
5284,-0.66959999999999997,3.3109999999999999
5285,-0.66959999999999997,3.3109999999999999
5286,-0.66959999999999997,3.3109999999999999
5287,-0.66959999999999997,3.3109999999999999
5288,-0.66959999999999997,3.3128000000000002
5289,-0.66959999999999997,3.3109999999999999
5290,-0.65720000000000001,3.3109999999999999
5291,-0.65720000000000001,3.3128000000000002
5292,-0.66959999999999997,3.3109999999999999
5293,-0.66959999999999997,3.3109999999999999
5294,-0.66959999999999997,3.3128000000000002
5295,-0.65720000000000001,3.3128000000000002
5296,-0.66959999999999997,3.3128000000000002
5297,-1.7857000000000001,3.3090999999999999
5298,-2.1453000000000002,3.3090999999999999
5299,-2.6227,3.3090999999999999
5300,-2.9761000000000002,3.3071999999999999
5301,-3.4226000000000001,3.3071999999999999
5302,-3.8628,3.3054000000000001
5303,-4.4703999999999997,3.3054000000000001
5304,-4.7432999999999996,3.3035000000000001
5305,-5.2268999999999997,3.3035000000000001
5306,-5.6981000000000002,3.3016999999999999
5307,-6.4732000000000003,3.2997999999999998
5308,-7.5457999999999998,3.2978999999999998
5309,-6.5414000000000003,3.2978999999999998
5310,-7.7813999999999997,3.2961
5311,-8.3519000000000005,3.2924000000000002
5312,-9.2261000000000006,3.2905000000000002
5313,-9.468,3.2905000000000002
5314,-9.9887999999999995,3.2886000000000002
5315,-10.503399999999999,3.2867999999999999
5316,-11.464499999999999,3.2848999999999999
5317,-11.5823,3.2831000000000001
5318,-12.152699999999999,3.2831000000000001
5319,-12.704599999999999,3.2812000000000001
5320,-13.7834,3.2774999999999999
5321,-13.901199999999999,3.2774999999999999
5322,-14.502700000000001,3.2755999999999998
5323,-5.2702999999999998,3.2905000000000002
5324,-5.1835000000000004,3.2905000000000002
5325,-5.1897000000000002,3.2924000000000002
5326,-5.1897000000000002,3.2924000000000002
5327,-5.1835000000000004,3.2924000000000002
5328,-5.1772999999999998,3.2924000000000002
5329,-5.1897000000000002,3.2924000000000002
5330,-5.1835000000000004,3.2924000000000002
5331,-5.1897000000000002,3.2924000000000002
5332,-5.1835000000000004,3.2924000000000002
5333,-5.1835000000000004,3.2924000000000002
5334,-5.1897000000000002,3.2961
5335,0.97960000000000003,3.3054000000000001
5336,1.0167999999999999,3.3071999999999999
5337,0.65720000000000001,3.3071999999999999
5338,0.78120000000000001,3.3071999999999999
5339,0.65720000000000001,3.3090999999999999
5340,0.37819999999999998,3.3090999999999999
5341,0.45879999999999999,3.3090999999999999
5342,0.34100000000000003,3.3090999999999999
5343,-3.6272000000000002,3.3035000000000001
5344,-3.7016,3.3016999999999999
5345,-3.7078000000000002,3.3016999999999999
5346,-3.7016,3.3016999999999999
5347,-3.7016,3.3016999999999999
5348,-3.7016,3.3016999999999999
5349,-3.6953999999999998,3.3016999999999999
5350,-3.7016,3.3016999999999999
5351,-3.7078000000000002,3.3016999999999999
5352,-3.7078000000000002,3.3016999999999999
5353,-3.7078000000000002,3.3016999999999999
5354,-3.7016,3.3016999999999999
5355,-3.7078000000000002,3.3016999999999999
5356,1.7051000000000001,3.3109999999999999
5357,1.5065999999999999,3.3109999999999999
5358,1.3391999999999999,3.3128000000000002
5359,0.94240000000000002,3.3109999999999999
5360,0.66339999999999999,3.3109999999999999
5361,0.41539999999999999,3.3109999999999999
5362,0.13639999999999999,3.3109999999999999
5363,-0.34100000000000003,3.3109999999999999
5364,-0.75019999999999998,3.3090999999999999
5365,-1.1097999999999999,3.3090999999999999
5366,-1.3515999999999999,3.3090999999999999
5367,-1.4694,3.3090999999999999
5368,-0.66959999999999997,3.3109999999999999
5369,-0.65720000000000001,3.3109999999999999
5370,-0.66959999999999997,3.3109999999999999
5371,-0.66959999999999997,3.3109999999999999
5372,-0.66959999999999997,3.3109999999999999
5373,-0.66959999999999997,3.3109999999999999
5374,-0.66959999999999997,3.3109999999999999
5375,-0.66959999999999997,3.3109999999999999
5376,-0.66959999999999997,3.3109999999999999
5377,-0.66959999999999997,3.3109999999999999
5378,-0.66959999999999997,3.3109999999999999
5379,-0.66959999999999997,3.3109999999999999
5380,-0.66959999999999997,3.3109999999999999
5381,-0.66959999999999997,3.3109999999999999
5382,-0.66959999999999997,3.3109999999999999
5383,-0.66959999999999997,3.3109999999999999
5384,-0.66959999999999997,3.3109999999999999
5385,-0.66959999999999997,3.3109999999999999
5386,-0.66959999999999997,3.3109999999999999
5387,-2.7528999999999999,3.3090999999999999
5388,-4.1852,3.3054000000000001
5389,-5.8220999999999998,3.3016999999999999
5390,-7.2667999999999999,3.2997999999999998
5391,-2.1886999999999999,3.3071999999999999
5392,-2.1080999999999999,3.3071999999999999
5393,-2.1019000000000001,3.3071999999999999
5394,-2.1080999999999999,3.3071999999999999
5395,-2.1080999999999999,3.3071999999999999
5396,-2.1080999999999999,3.3071999999999999
5397,-2.1080999999999999,3.3071999999999999
5398,-2.1080999999999999,3.3090999999999999
5399,-0.30380000000000001,3.3109999999999999
5400,-0.70679999999999998,3.3109999999999999
5401,-1.0664,3.3109999999999999
5402,-1.3515999999999999,3.3090999999999999
5403,-1.4694,3.3090999999999999
5404,-0.66959999999999997,3.3109999999999999
5405,-0.66959999999999997,3.3109999999999999
5406,-0.66959999999999997,3.3109999999999999
5407,-0.66959999999999997,3.3109999999999999
5408,-0.66959999999999997,3.3109999999999999
5409,-0.66959999999999997,3.3109999999999999
5410,-0.66959999999999997,3.3128000000000002
5411,-0.66959999999999997,3.3109999999999999
5412,-0.66959999999999997,3.3109999999999999
5413,-0.66959999999999997,3.3128000000000002
5414,-0.66959999999999997,3.3109999999999999
5415,-0.66959999999999997,3.3128000000000002
5416,-0.66959999999999997,3.3128000000000002
5417,-0.66959999999999997,3.3128000000000002
5418,-0.66959999999999997,3.3128000000000002
5419,-0.65720000000000001,3.3128000000000002
5420,-0.65720000000000001,3.3128000000000002
5421,-0.66959999999999997,3.3128000000000002
5422,-0.66959999999999997,3.3128000000000002
5423,-0.66959999999999997,3.3128000000000002
5424,-0.66959999999999997,3.3128000000000002
5425,-2.1515,3.3109999999999999
5426,-2.8334999999999999,3.3090999999999999
5427,-3.7078000000000002,3.3071999999999999
5428,-4.4951999999999996,3.3054000000000001
5429,-5.1835000000000004,3.3035000000000001
5430,-6.1444999999999999,3.3016999999999999
5431,-7.0621999999999998,3.2997999999999998
5432,-7.7751999999999999,3.2978999999999998
5433,-8.9533000000000005,3.2924000000000002
5434,-9.9515999999999991,3.2905000000000002
5435,-10.6274,3.2886000000000002
5436,-11.935700000000001,3.2848999999999999
5437,-3.6272000000000002,3.2997999999999998
5438,-3.5032000000000001,3.3016999999999999
5439,-3.5032000000000001,3.3016999999999999
5440,-3.5093999999999999,3.3016999999999999
5441,-3.5032000000000001,3.3016999999999999
5442,-3.5093999999999999,3.3016999999999999
5443,-3.5032000000000001,3.3035000000000001
5444,-3.5032000000000001,3.3035000000000001
5445,-3.5093999999999999,3.3035000000000001
5446,-3.5093999999999999,3.3016999999999999
5447,-3.5093999999999999,3.3016999999999999
5448,-3.5093999999999999,3.3016999999999999
5449,-3.5093999999999999,3.3016999999999999
5450,-3.4969999999999999,3.3035000000000001
5451,-3.5032000000000001,3.3035000000000001
5452,-3.5032000000000001,3.3016999999999999
5453,-3.5032000000000001,3.3035000000000001
5454,-3.5032000000000001,3.3016999999999999
5455,-3.5032000000000001,3.3016999999999999
5456,-3.5093999999999999,3.3035000000000001
5457,-3.5032000000000001,3.3016999999999999
5458,-3.5093999999999999,3.3035000000000001
5459,-3.5032000000000001,3.3035000000000001
5460,-3.5032000000000001,3.3016999999999999
5461,1.3764000000000001,3.3109999999999999
5462,1.2214,3.3128000000000002
5463,0.94240000000000002,3.3128000000000002
5464,0.66339999999999999,3.3109999999999999
5465,0.41539999999999999,3.3128000000000002
5466,0.217,3.3109999999999999
5467,-0.34100000000000003,3.3109999999999999
5468,-0.78739999999999999,3.3109999999999999
5469,-1.1097999999999999,3.3090999999999999
5470,-1.3515999999999999,3.3090999999999999
5471,-1.4694,3.3090999999999999
5472,-0.66959999999999997,3.3109999999999999
5473,-0.66959999999999997,3.3109999999999999
5474,-0.66959999999999997,3.3109999999999999
5475,-0.66959999999999997,3.3109999999999999
5476,-0.66959999999999997,3.3109999999999999
5477,-0.66959999999999997,3.3109999999999999
5478,-0.66959999999999997,3.3109999999999999
5479,-0.67579999999999996,3.3109999999999999
5480,-0.66959999999999997,3.3109999999999999
5481,-0.66959999999999997,3.3109999999999999
5482,-0.66959999999999997,3.3109999999999999
5483,-0.66959999999999997,3.3109999999999999
5484,-0.66959999999999997,3.3128000000000002
5485,-0.66959999999999997,3.3109999999999999
5486,-0.66959999999999997,3.3128000000000002
5487,-0.66959999999999997,3.3128000000000002
5488,-0.66959999999999997,3.3128000000000002
5489,-0.66959999999999997,3.3128000000000002
5490,-0.66959999999999997,3.3128000000000002
5491,-0.66959999999999997,3.3128000000000002
5492,-0.66959999999999997,3.3128000000000002
5493,-1.7857000000000001,3.3109999999999999
5494,-2.1453000000000002,3.3090999999999999
5495,-2.6227,3.3090999999999999
5496,-3.0318999999999998,3.3071999999999999
5497,-3.4163999999999999,3.3071999999999999
5498,-3.8628,3.3054000000000001
5499,-4.4641999999999999,3.3054000000000001
5500,-4.7866999999999997,3.3035000000000001
5501,-5.2268999999999997,3.3016999999999999
5502,-5.7538999999999998,3.3016999999999999
5503,-6.4669999999999996,3.2997999999999998
5504,-7.5830000000000002,3.2978999999999998
5505,-6.5414000000000003,3.2978999999999998
5506,-7.8186999999999998,3.2961
5507,-8.3519000000000005,3.2924000000000002
5508,-9.2632999999999992,3.2905000000000002
5509,-9.5052000000000003,3.2886000000000002
5510,-9.9825999999999997,3.2886000000000002
5511,-10.503399999999999,3.2867999999999999
5512,-11.464499999999999,3.2848999999999999
5513,-11.6319,3.2831000000000001
5514,-12.1465,3.2812000000000001
5515,-12.710800000000001,3.2793000000000001
5516,-13.833,3.2774999999999999
5517,-13.895,3.2774999999999999
5518,-14.502700000000001,3.2755999999999998
5519,-5.2641,3.2905000000000002
5520,-5.1959,3.2905000000000002
5521,-5.1835000000000004,3.2905000000000002
5522,-5.1959,3.2924000000000002
5523,-5.1835000000000004,3.2924000000000002
5524,-5.1959,3.2924000000000002
5525,-5.1835000000000004,3.2924000000000002
5526,-5.1835000000000004,3.2924000000000002
5527,-5.1897000000000002,3.2924000000000002
5528,-5.1897000000000002,3.2924000000000002
5529,-5.1897000000000002,3.2961
5530,-5.1897000000000002,3.2924000000000002
5531,0.97960000000000003,3.3054000000000001
5532,1.0167999999999999,3.3071999999999999
5533,0.66339999999999999,3.3071999999999999
5534,0.77500000000000002,3.3071999999999999
5535,0.66339999999999999,3.3090999999999999
5536,0.37819999999999998,3.3090999999999999
5537,0.45879999999999999,3.3090999999999999
5538,0.33479999999999999,3.3090999999999999
5539,-3.6272000000000002,3.3035000000000001
5540,-3.7016,3.3016999999999999
5541,-3.7016,3.3016999999999999
5542,-3.7078000000000002,3.3016999999999999
5543,-3.7078000000000002,3.3016999999999999
5544,-3.7078000000000002,3.3016999999999999
5545,-3.7016,3.3016999999999999
5546,-3.7016,3.3016999999999999
5547,-3.7016,3.3016999999999999
5548,-3.7078000000000002,3.3016999999999999
5549,-3.7078000000000002,3.3016999999999999
5550,-3.7016,3.3016999999999999
5551,-3.7016,3.3016999999999999
5552,1.6927000000000001,3.3109999999999999
5553,1.5127999999999999,3.3109999999999999
5554,1.3391999999999999,3.3128000000000002
5555,0.94240000000000002,3.3128000000000002
5556,0.66339999999999999,3.3109999999999999
5557,0.41539999999999999,3.3109999999999999
5558,0.13020000000000001,3.3109999999999999
5559,-0.31619999999999998,3.3109999999999999
5560,-0.75019999999999998,3.3090999999999999
5561,-1.1097999999999999,3.3090999999999999
5562,-1.3515999999999999,3.3090999999999999
5563,-1.4694,3.3090999999999999
5564,-0.65720000000000001,3.3109999999999999
5565,-0.66959999999999997,3.3109999999999999
5566,-0.66959999999999997,3.3109999999999999
5567,-0.66959999999999997,3.3109999999999999
5568,-0.66959999999999997,3.3109999999999999
5569,-0.66959999999999997,3.3109999999999999
5570,-0.66959999999999997,3.3109999999999999
5571,-0.66959999999999997,3.3109999999999999
5572,-0.66959999999999997,3.3109999999999999
5573,-0.65720000000000001,3.3109999999999999
5574,-0.66959999999999997,3.3109999999999999
5575,-0.66959999999999997,3.3109999999999999
5576,-0.66959999999999997,3.3109999999999999
5577,-0.66959999999999997,3.3109999999999999
5578,-0.66959999999999997,3.3109999999999999
5579,-0.66959999999999997,3.3109999999999999
5580,-0.66959999999999997,3.3128000000000002
5581,-0.66959999999999997,3.3128000000000002
5582,-0.66959999999999997,3.3128000000000002
5583,-0.66959999999999997,3.3109999999999999
5584,-0.66959999999999997,3.3128000000000002
5585,-0.66959999999999997,3.3128000000000002
5586,-0.66959999999999997,3.3128000000000002
5587,-0.66959999999999997,3.3128000000000002
5588,-0.66959999999999997,3.3128000000000002
5589,-0.66959999999999997,3.3128000000000002
5590,-0.66959999999999997,3.3128000000000002
5591,-0.66959999999999997,3.3128000000000002
5592,-2.3127,3.3090999999999999
5593,-3.2614000000000001,3.3071999999999999
5594,-4.2657999999999996,3.3054000000000001
5595,-5.2641,3.3035000000000001
5596,-6.2686000000000002,3.3016999999999999
5597,-2.1453000000000002,3.3071999999999999
5598,-2.1019000000000001,3.3090999999999999
5599,-5.6670999999999996,3.3016999999999999
5600,-6.3925999999999998,3.2997999999999998
5601,-7.2606000000000002,3.2978999999999998
5602,-7.7504,3.2961
5603,-8.4324999999999992,3.2924000000000002
5604,-9.1082999999999998,3.2905000000000002
5605,-10.143800000000001,3.2886000000000002
5606,-10.5778,3.2867999999999999
5607,-11.235099999999999,3.2848999999999999
5608,-3.8256000000000001,3.2997999999999998
5609,-3.7511999999999999,3.2997999999999998
5610,-10.553000000000001,3.2867999999999999
5611,-11.135899999999999,3.2848999999999999
5612,-11.278499999999999,3.2831000000000001
5613,-12.2271,3.2812000000000001
5614,-12.7852,3.2793000000000001
5615,-13.349399999999999,3.2774999999999999
5616,-13.3866,3.2774999999999999
5617,-14.508900000000001,3.2738
5618,-5.3136999999999999,3.2905000000000002
5619,-5.1897000000000002,3.2905000000000002
5620,-12.698399999999999,3.2774999999999999
5621,-13.864000000000001,3.2755999999999998
5622,-13.758599999999999,3.2738
5623,-14.825100000000001,3.2738
5624,-14.688700000000001,3.2719
5625,-15.184699999999999,3.27
5626,-16.338000000000001,3.2682000000000002
5627,-16.183,3.2682000000000002
5628,-16.703800000000001,3.2663000000000002
5629,-17.9377,3.2625999999999999
5630,-17.782699999999998,3.2625999999999999
5631,-19.097200000000001,3.2589000000000001
5632,-18.936,3.2589000000000001
5633,-8.4573,3.2755999999999998
5634,-8.3828999999999994,3.2774999999999999
5635,-8.3953000000000007,3.2774999999999999
5636,-8.3890999999999991,3.2793000000000001
5637,-8.3953000000000007,3.2793000000000001
5638,-8.3890999999999991,3.2793000000000001
5639,-8.3953000000000007,3.2793000000000001
5640,-8.3890999999999991,3.2793000000000001
5641,-8.3890999999999991,3.2812000000000001
5642,-8.3828999999999994,3.2793000000000001
5643,-8.3953000000000007,3.2793000000000001
5644,-8.3890999999999991,3.2812000000000001
5645,-8.3890999999999991,3.2812000000000001
5646,-8.3953000000000007,3.2812000000000001
5647,-8.3890999999999991,3.2812000000000001
5648,-8.3890999999999991,3.2812000000000001
5649,-8.3828999999999994,3.2812000000000001
5650,-8.3828999999999994,3.2812000000000001
5651,-8.3890999999999991,3.2812000000000001
5652,-8.3953000000000007,3.2812000000000001
5653,-8.3890999999999991,3.2812000000000001
5654,-8.3953000000000007,3.2812000000000001
5655,-8.3890999999999991,3.2812000000000001
5656,-8.3890999999999991,3.2812000000000001
5657,-8.3828999999999994,3.2812000000000001
5658,-8.3890999999999991,3.2812000000000001
5659,-8.3828999999999994,3.2812000000000001
5660,-8.3890999999999991,3.2812000000000001
5661,-8.3890999999999991,3.2812000000000001
5662,-8.3953000000000007,3.2812000000000001
5663,-8.3890999999999991,3.2812000000000001
5664,-8.3953000000000007,3.2812000000000001
5665,-8.3890999999999991,3.2812000000000001
5666,-8.3953000000000007,3.2812000000000001
5667,-8.3890999999999991,3.2812000000000001
5668,-8.3828999999999994,3.2812000000000001
5669,-8.3890999999999991,3.2812000000000001
5670,-8.3890999999999991,3.2812000000000001
5671,-8.3890999999999991,3.2812000000000001
5672,-8.3890999999999991,3.2812000000000001
5673,-8.3890999999999991,3.2812000000000001
5674,-8.3890999999999991,3.2812000000000001
5675,-8.3953000000000007,3.2812000000000001
5676,-8.3953000000000007,3.2812000000000001
5677,-8.3890999999999991,3.2812000000000001
5678,-8.3828999999999994,3.2812000000000001
5679,-8.3890999999999991,3.2812000000000001
5680,-8.3953000000000007,3.2812000000000001
5681,-8.3828999999999994,3.2812000000000001
5682,-8.3890999999999991,3.2812000000000001
5683,3.8999999999999999,3.3035000000000001
5684,3.8938000000000001,3.3054000000000001
5685,3.7450000000000001,3.3071999999999999
5686,3.5775999999999999,3.3090999999999999
5687,3.3792,3.3090999999999999
5688,3.2242000000000002,3.3090999999999999
5689,3.0194999999999999,3.3109999999999999
5690,2.8210999999999999,3.3109999999999999
5691,-5.0160999999999998,3.2978999999999998
5692,-5.1897000000000002,3.2961
5693,-5.1897000000000002,3.2961
5694,-5.1897000000000002,3.2961
5695,-5.1897000000000002,3.2961
5696,-5.1897000000000002,3.2961
5697,-5.1835000000000004,3.2961
5698,-5.1835000000000004,3.2961
5699,-5.1835000000000004,3.2961
5700,-5.1897000000000002,3.2961
5701,-5.1897000000000002,3.2961
5702,-5.1897000000000002,3.2961
5703,-5.1835000000000004,3.2961
5704,-5.1835000000000004,3.2924000000000002
5705,-5.1835000000000004,3.2924000000000002
5706,-5.1835000000000004,3.2924000000000002
5707,-5.1835000000000004,3.2924000000000002
5708,-5.1835000000000004,3.2924000000000002
5709,-5.1897000000000002,3.2924000000000002
5710,-5.1897000000000002,3.2924000000000002
5711,-5.1835000000000004,3.2924000000000002
5712,-5.1897000000000002,3.2924000000000002
5713,-5.1897000000000002,3.2924000000000002
5714,-5.1897000000000002,3.2924000000000002
5715,-5.1897000000000002,3.2924000000000002
5716,-5.1897000000000002,3.2961
5717,-5.1835000000000004,3.2924000000000002
5718,-5.1897000000000002,3.2924000000000002
5719,-5.1835000000000004,3.2924000000000002
5720,-5.1835000000000004,3.2924000000000002
5721,-5.1835000000000004,3.2924000000000002
5722,-5.1897000000000002,3.2924000000000002
5723,-5.1897000000000002,3.2924000000000002
5724,-5.1897000000000002,3.2924000000000002
5725,-5.1897000000000002,3.2924000000000002
5726,-5.1897000000000002,3.2924000000000002
5727,-5.1835000000000004,3.2924000000000002
5728,-5.1897000000000002,3.2924000000000002
5729,-5.1897000000000002,3.2924000000000002
5730,-5.1897000000000002,3.2924000000000002
5731,-5.1897000000000002,3.2924000000000002
5732,-5.1835000000000004,3.2924000000000002
5733,-5.1897000000000002,3.2924000000000002
5734,-5.1897000000000002,3.2924000000000002
5735,-5.1959,3.2924000000000002
5736,-5.1835000000000004,3.2924000000000002
5737,-5.1897000000000002,3.2924000000000002
5738,-5.1835000000000004,3.2924000000000002
5739,-5.1897000000000002,3.2924000000000002
5740,-5.1897000000000002,3.2924000000000002
5741,-5.1897000000000002,3.2924000000000002
5742,-5.1897000000000002,3.2924000000000002
5743,-5.1897000000000002,3.2924000000000002
5744,-5.1897000000000002,3.2924000000000002
5745,-5.1897000000000002,3.2924000000000002
5746,-5.1959,3.2924000000000002
5747,-5.1897000000000002,3.2924000000000002
5748,-5.1897000000000002,3.2924000000000002
5749,-5.1897000000000002,3.2924000000000002
5750,-5.1835000000000004,3.2924000000000002
5751,-5.1897000000000002,3.2924000000000002
5752,-5.1897000000000002,3.2924000000000002
5753,-5.1772999999999998,3.2924000000000002
5754,-5.1897000000000002,3.2924000000000002
5755,-5.1835000000000004,3.2924000000000002
5756,-5.1897000000000002,3.2924000000000002
5757,-5.1835000000000004,3.2924000000000002
5758,-5.1835000000000004,3.2924000000000002
5759,-5.1897000000000002,3.2924000000000002
5760,-12.7418,3.2793000000000001
5761,-13.907400000000001,3.2774999999999999
5762,-13.777200000000001,3.2755999999999998
5763,-14.8499,3.2738
5764,-14.7445,3.2719
5765,-15.2219,3.27
5766,-16.381399999999999,3.2682000000000002
5767,-16.213999999999999,3.2682000000000002
5768,-16.747199999999999,3.2663000000000002
5769,-17.987300000000001,3.2625999999999999
5770,-17.8261,3.2625999999999999
5771,-19.159199999999998,3.2589000000000001
5772,-18.985600000000002,3.2589000000000001
5773,-8.5130999999999997,3.2755999999999998
5774,-8.3828999999999994,3.2774999999999999
5775,-8.3890999999999991,3.2774999999999999
5776,-8.3953000000000007,3.2793000000000001
5777,-8.3828999999999994,3.2793000000000001
5778,-8.3828999999999994,3.2793000000000001
5779,-8.3890999999999991,3.2793000000000001
5780,-8.3953000000000007,3.2793000000000001
5781,-8.3828999999999994,3.2793000000000001
5782,-8.3828999999999994,3.2793000000000001
5783,-8.3953000000000007,3.2793000000000001
5784,-8.3890999999999991,3.2793000000000001
5785,-8.3953000000000007,3.2793000000000001
5786,-8.3890999999999991,3.2793000000000001
5787,-8.3890999999999991,3.2793000000000001
5788,-8.3890999999999991,3.2793000000000001
5789,-8.3890999999999991,3.2812000000000001
5790,-8.3890999999999991,3.2793000000000001
5791,-8.3953000000000007,3.2793000000000001
5792,-8.3890999999999991,3.2793000000000001
5793,-8.3890999999999991,3.2793000000000001
5794,-8.3890999999999991,3.2812000000000001
5795,-8.3890999999999991,3.2812000000000001
5796,-8.3704999999999998,3.2812000000000001
5797,-8.3890999999999991,3.2793000000000001
5798,-8.3953000000000007,3.2793000000000001
5799,-8.3828999999999994,3.2812000000000001
5800,-8.3890999999999991,3.2793000000000001
5801,-8.3890999999999991,3.2812000000000001
5802,-8.3890999999999991,3.2812000000000001
5803,-8.3828999999999994,3.2812000000000001
5804,-8.3953000000000007,3.2793000000000001
5805,-8.4262999999999995,3.2812000000000001
5806,-8.4324999999999992,3.2812000000000001
5807,-8.4324999999999992,3.2812000000000001
5808,-8.4262999999999995,3.2812000000000001
5809,-8.4262999999999995,3.2812000000000001
5810,-8.4324999999999992,3.2793000000000001
5811,-8.4262999999999995,3.2812000000000001
5812,-8.4262999999999995,3.2812000000000001
5813,-8.4262999999999995,3.2812000000000001
5814,-8.4324999999999992,3.2812000000000001
5815,-8.4387000000000008,3.2812000000000001
5816,-8.4387000000000008,3.2812000000000001
5817,-8.4324999999999992,3.2793000000000001
5818,-8.4324999999999992,3.2812000000000001
5819,-8.4387000000000008,3.2812000000000001
5820,-8.4324999999999992,3.2793000000000001
5821,-8.4324999999999992,3.2812000000000001
5822,-8.4324999999999992,3.2812000000000001
5823,-14.7507,3.27
5824,-14.3415,3.27
5825,-15.2963,3.2682000000000002
5826,-14.825100000000001,3.2682000000000002
5827,-15.823399999999999,3.2645
5828,-15.3459,3.2645
5829,-16.381399999999999,3.2625999999999999
5830,-16.666599999999999,3.2625999999999999
5831,-16.145800000000001,3.2625999999999999
5832,-17.224699999999999,3.2606999999999999
5833,-16.697600000000001,3.2606999999999999
5834,-17.8323,3.2589000000000001
5835,-17.261900000000001,3.2589000000000001
5836,-18.446100000000001,3.2570000000000001
5837,-18.780999999999999,3.2551999999999999
5838,-18.142299999999999,3.2551999999999999
5839,-19.382400000000001,3.2532999999999999
5840,-18.793399999999998,3.2532999999999999
5841,-20.021000000000001,3.2513999999999998
5842,-19.419599999999999,3.2513999999999998
5843,-20.696899999999999,3.2496
5844,-21.0627,3.2458999999999998
5845,-20.424099999999999,3.2496
5846,-21.7819,3.2440000000000002
5847,-21.112300000000001,3.2440000000000002
5848,-22.5136,3.2421000000000002
5849,-21.819099999999999,3.2421000000000002
5850,-23.220400000000001,3.2403
5851,-23.660699999999999,3.2383999999999999
5852,-22.947600000000001,3.2383999999999999
5853,-24.417100000000001,3.2366000000000001
5854,-23.697900000000001,3.2366000000000001
5855,-25.216999999999999,3.2347000000000001
5856,-24.4605,3.2347000000000001
5857,-26.047799999999999,3.2328000000000001
5858,-16.431000000000001,3.2496
5859,-16.331800000000001,3.2496
5860,-16.344200000000001,3.2513999999999998
5861,-16.338000000000001,3.2513999999999998
5862,-16.344200000000001,3.2513999999999998
5863,-16.3504,3.2513999999999998
5864,-16.344200000000001,3.2513999999999998
5865,-16.344200000000001,3.2513999999999998
5866,-16.338000000000001,3.2532999999999999
5867,-16.331800000000001,3.2513999999999998
5868,-16.344200000000001,3.2513999999999998
5869,-16.338000000000001,3.2532999999999999
5870,-16.3504,3.2532999999999999
5871,-16.338000000000001,3.2532999999999999
5872,-16.3504,3.2532999999999999
5873,-16.3504,3.2532999999999999
5874,-16.344200000000001,3.2532999999999999
5875,-16.338000000000001,3.2532999999999999
5876,-16.338000000000001,3.2532999999999999
5877,-16.344200000000001,3.2532999999999999
5878,-16.344200000000001,3.2532999999999999
5879,-16.344200000000001,3.2532999999999999
5880,-16.338000000000001,3.2532999999999999
5881,-16.331800000000001,3.2532999999999999
5882,-16.344200000000001,3.2532999999999999
5883,-16.344200000000001,3.2532999999999999
5884,-16.381399999999999,3.2532999999999999
5885,-16.387599999999999,3.2532999999999999
5886,-16.3752,3.2532999999999999
5887,-16.381399999999999,3.2532999999999999
5888,-27.7529,3.2328000000000001
5889,-28.3916,3.2290999999999999
5890,-28.906199999999998,3.2273000000000001
5891,-29.464200000000002,3.2254
5892,-29.997499999999999,3.2235
5893,-30.567900000000002,3.2216999999999998
5894,-31.1755,3.2198000000000002
5895,-31.739799999999999,3.218
5896,-32.341200000000001,3.2161
5897,-32.967500000000001,3.2161
5898,-33.5627,3.2141999999999999
5899,-34.257100000000001,3.2124000000000001
5900,-34.889600000000002,3.2105000000000001
5901,-35.577800000000003,3.2086999999999999
5902,-36.278500000000001,3.2067999999999999
5903,-36.966700000000003,3.2048999999999999
5904,-37.6798,3.2031000000000001
5905,-38.454799999999999,3.2012
5906,-39.205100000000002,3.1974999999999998
5907,-39.9739,3.1956000000000002
5908,-24.770499999999998,3.2216999999999998
5909,-24.689900000000002,3.2216999999999998
5910,-24.689900000000002,3.2235
5911,-24.696100000000001,3.2235
5912,-24.683700000000002,3.2235
5913,-24.689900000000002,3.2235
5914,-24.689900000000002,3.2235
5915,-24.7395,3.2235
5916,-24.745699999999999,3.2254
5917,-24.7395,3.2235
5918,2.8210999999999999,3.2719
5919,3.2614000000000001,3.2774999999999999
5920,3.5775999999999999,3.2793000000000001
5921,3.8256000000000001,3.2831000000000001
5922,4.0674000000000001,3.2848999999999999
5923,4.2906000000000004,3.2867999999999999
5924,4.5014000000000003,3.2886000000000002
5925,4.6501999999999999,3.2924000000000002
5926,4.8239000000000001,3.2961
5927,4.9044999999999996,3.2961
5928,4.9417,3.2978999999999998
5929,4.9417,3.2997999999999998
5930,4.8982999999999999,3.2997999999999998
5931,4.8611000000000004,3.3016999999999999
5932,4.7743000000000002,3.3016999999999999
5933,4.6999000000000004,3.3035000000000001
5934,9.9763999999999999,3.3128000000000002
5935,9.9763999999999999,3.3147000000000002
5936,9.0091000000000001,3.3147000000000002
5937,8.8231000000000002,3.3147000000000002
5938,7.9364999999999997,3.3147000000000002
5939,7.6574,3.3147000000000002
5940,6.7770000000000001,3.3147000000000002
5941,6.4607999999999999,3.3147000000000002
5942,8.2155000000000005,3.3184
5943,7.0994000000000002,3.3165
5944,5.8964999999999996,3.3165
5945,4.7432999999999996,3.3147000000000002
5946,3.7450000000000001,3.3128000000000002
5947,2.7776999999999998,3.3109999999999999
5948,1.8167,3.3090999999999999
5949,0.41539999999999999,3.3071999999999999
5950,-0.74399999999999999,3.3054000000000001
5951,-1.4259999999999999,3.3035000000000001
5952,-0.66959999999999997,3.3054000000000001
5953,-0.66959999999999997,3.3054000000000001
5954,-0.66959999999999997,3.3054000000000001
5955,-0.66959999999999997,3.3054000000000001
5956,-0.66959999999999997,3.3054000000000001
5957,-0.66959999999999997,3.3054000000000001
5958,-0.66959999999999997,3.3054000000000001
5959,-0.65720000000000001,3.3054000000000001
5960,-0.66959999999999997,3.3054000000000001
5961,-0.66959999999999997,3.3054000000000001
5962,-0.66959999999999997,3.3054000000000001
5963,-0.66959999999999997,3.3054000000000001
5964,-0.65720000000000001,3.3054000000000001
5965,-0.65720000000000001,3.3054000000000001
5966,-0.66959999999999997,3.3054000000000001
5967,-0.66959999999999997,3.3054000000000001
5968,-0.66959999999999997,3.3054000000000001
5969,-0.66959999999999997,3.3054000000000001
5970,-0.66959999999999997,3.3054000000000001
5971,-0.080600000000000005,3.3071999999999999
5972,-0.66959999999999997,3.3071999999999999
5973,-0.66959999999999997,3.3054000000000001
5974,-0.66959999999999997,3.3071999999999999
5975,-0.66959999999999997,3.3071999999999999
5976,-0.66959999999999997,3.3071999999999999
5977,-0.66959999999999997,3.3071999999999999
5978,-0.66959999999999997,3.3071999999999999
5979,-0.66959999999999997,3.3071999999999999
5980,-0.66959999999999997,3.3071999999999999
5981,-0.65720000000000001,3.3071999999999999
5982,-0.66959999999999997,3.3071999999999999
5983,-0.66959999999999997,3.3071999999999999
5984,-2.7528999999999999,3.3035000000000001
5985,-4.1852,3.3016999999999999
5986,-5.7849000000000004,3.2978999999999998
5987,-7.2233999999999998,3.2924000000000002
5988,-2.1515,3.3035000000000001
5989,-2.0647000000000002,3.3035000000000001
5990,-2.0647000000000002,3.3035000000000001
5991,-2.0647000000000002,3.3035000000000001
5992,-2.0585,3.3035000000000001
5993,-2.0647000000000002,3.3035000000000001
5994,-2.0647000000000002,3.3035000000000001
5995,-2.0647000000000002,3.3035000000000001
5996,-0.30380000000000001,3.3071999999999999
5997,-0.71299999999999997,3.3071999999999999
5998,-1.0726,3.3054000000000001
5999,-1.3453999999999999,3.3054000000000001
6000,-1.4694,3.3054000000000001
6001,-0.66959999999999997,3.3071999999999999
6002,-0.66959999999999997,3.3071999999999999
6003,-0.66959999999999997,3.3071999999999999
6004,-0.66959999999999997,3.3071999999999999
6005,-0.65720000000000001,3.3071999999999999
6006,-0.66959999999999997,3.3090999999999999
6007,-0.66959999999999997,3.3071999999999999
6008,-0.66959999999999997,3.3071999999999999
6009,-0.66959999999999997,3.3090999999999999
6010,-0.66959999999999997,3.3071999999999999
6011,-0.66959999999999997,3.3090999999999999
6012,-0.66959999999999997,3.3090999999999999
6013,-0.65720000000000001,3.3071999999999999
6014,-0.66959999999999997,3.3090999999999999
6015,-0.66959999999999997,3.3090999999999999
6016,-0.66959999999999997,3.3090999999999999
6017,-0.66959999999999997,3.3090999999999999
6018,-0.66959999999999997,3.3090999999999999
6019,-0.65720000000000001,3.3090999999999999
6020,-0.66959999999999997,3.3090999999999999
6021,-0.66959999999999997,3.3090999999999999
6022,-2.1080999999999999,3.3071999999999999
6023,-2.8334999999999999,3.3054000000000001
6024,-3.6581999999999999,3.3035000000000001
6025,-4.5076000000000001,3.3016999999999999
6026,-5.1835000000000004,3.2997999999999998
6027,-6.1135000000000002,3.2978999999999998
6028,-7.0312000000000001,3.2961
6029,-7.7442000000000002,3.2924000000000002
6030,-8.9037000000000006,3.2905000000000002
6031,-9.9082000000000008,3.2867999999999999
6032,-10.596399999999999,3.2848999999999999
6033,-11.9047,3.2831000000000001
6034,-3.5838000000000001,3.2978999999999998
6035,-3.4722,3.2978999999999998
6036,-3.4722,3.2997999999999998
6037,-3.4722,3.2997999999999998
6038,-3.4722,3.2997999999999998
6039,-3.4722,3.2997999999999998
6040,-3.4722,3.2997999999999998
6041,-3.4722,3.2997999999999998
6042,-3.4784000000000002,3.2997999999999998
6043,-3.4722,3.2997999999999998
6044,-3.4660000000000002,3.2997999999999998
6045,-3.4722,3.2997999999999998
6046,-3.4722,3.2997999999999998
6047,-3.4660000000000002,3.2997999999999998
6048,-3.4722,3.2997999999999998
6049,-3.4722,3.2997999999999998
6050,-3.4660000000000002,3.2997999999999998
6051,-3.4660000000000002,3.2997999999999998
6052,-3.4660000000000002,3.2997999999999998
6053,-3.4722,3.2997999999999998
6054,-3.4660000000000002,3.2997999999999998
6055,-3.4722,3.2997999999999998
6056,-3.4722,3.2997999999999998
6057,-3.4722,3.2997999999999998
6058,1.3764000000000001,3.3090999999999999
6059,1.1841999999999999,3.3090999999999999
6060,0.94240000000000002,3.3090999999999999
6061,0.65720000000000001,3.3109999999999999
6062,0.40920000000000001,3.3090999999999999
6063,0.21079999999999999,3.3090999999999999
6064,-0.34100000000000003,3.3090999999999999
6065,-0.78739999999999999,3.3071999999999999
6066,-1.1160000000000001,3.3071999999999999
6067,-1.3515999999999999,3.3071999999999999
6068,-1.4694,3.3071999999999999
6069,-0.66959999999999997,3.3090999999999999
6070,-0.66959999999999997,3.3090999999999999
6071,-0.66959999999999997,3.3090999999999999
6072,-0.66959999999999997,3.3090999999999999
6073,-0.66959999999999997,3.3090999999999999
6074,-0.66959999999999997,3.3090999999999999
6075,-0.66959999999999997,3.3090999999999999
6076,-0.66959999999999997,3.3090999999999999
6077,-0.66959999999999997,3.3090999999999999
6078,-0.66959999999999997,3.3090999999999999
6079,-0.66959999999999997,3.3090999999999999
6080,-0.65720000000000001,3.3090999999999999
6081,-0.65720000000000001,3.3109999999999999
6082,-0.66959999999999997,3.3109999999999999
6083,-0.66959999999999997,3.3090999999999999
6084,-0.66959999999999997,3.3109999999999999
6085,-0.66959999999999997,3.3090999999999999
6086,-0.66959999999999997,3.3109999999999999
6087,-0.66959999999999997,3.3090999999999999
6088,-0.66959999999999997,3.3109999999999999
6089,-0.66959999999999997,3.3109999999999999
6090,-1.7795000000000001,3.3090999999999999
6091,-2.1453000000000002,3.3071999999999999
6092,-2.6288999999999998,3.3071999999999999
6093,-2.9885000000000002,3.3054000000000001
6094,-3.4226000000000001,3.3054000000000001
6095,-3.8565999999999998,3.3035000000000001
6096,-4.4207999999999998,3.3035000000000001
6097,-4.7495000000000003,3.3016999999999999
6098,-5.1835000000000004,3.2997999999999998
6099,-5.7042999999999999,3.2997999999999998
6100,-6.4236000000000004,3.2978999999999998
6101,-7.5457999999999998,3.2961
6102,-6.5042,3.2961
6103,-7.7813999999999997,3.2924000000000002
6104,-8.3147000000000002,3.2905000000000002
6105,-9.2261000000000006,3.2886000000000002
6106,-9.4618000000000002,3.2867999999999999
6107,-9.9391999999999996,3.2867999999999999
6108,-10.466200000000001,3.2848999999999999
6109,-11.427300000000001,3.2831000000000001
6110,-11.557499999999999,3.2812000000000001
6111,-12.109299999999999,3.2793000000000001
6112,-12.6736,3.2774999999999999
6113,-13.7462,3.2755999999999998
6114,-13.8268,3.2755999999999998
6115,-14.4655,3.2719
6116,-5.2516999999999996,3.2886000000000002
6117,-5.1463000000000001,3.2886000000000002
6118,-5.1463000000000001,3.2905000000000002
6119,-5.1463000000000001,3.2905000000000002
6120,-5.1463000000000001,3.2905000000000002
6121,-5.1463000000000001,3.2905000000000002
6122,-5.1524999999999999,3.2905000000000002
6123,-5.1401000000000003,3.2905000000000002
6124,-5.1463000000000001,3.2905000000000002
6125,-5.1401000000000003,3.2905000000000002
6126,-5.1401000000000003,3.2924000000000002
6127,-5.1463000000000001,3.2924000000000002
6128,0.97960000000000003,3.3035000000000001
6129,0.97340000000000004,3.3054000000000001
6130,0.65720000000000001,3.3054000000000001
6131,0.78120000000000001,3.3071999999999999
6132,0.65720000000000001,3.3071999999999999
6133,0.37819999999999998,3.3071999999999999
6134,0.45879999999999999,3.3071999999999999
6135,0.34100000000000003,3.3071999999999999
6136,-3.6272000000000002,3.3016999999999999
6137,-3.7016,3.3016999999999999
6138,-3.7016,3.2997999999999998
6139,-3.7078000000000002,3.2997999999999998
6140,-3.7016,3.2997999999999998
6141,-3.7078000000000002,3.2997999999999998
6142,-3.7078000000000002,3.2997999999999998
6143,-3.7078000000000002,3.2997999999999998
6144,-3.7078000000000002,3.2997999999999998
6145,-3.7078000000000002,3.2997999999999998
6146,-3.7016,3.2997999999999998
6147,-3.7016,3.2997999999999998
6148,-3.7016,3.2997999999999998
6149,1.7051000000000001,3.3109999999999999
6150,1.5065999999999999,3.3109999999999999
6151,1.3391999999999999,3.3109999999999999
6152,0.94240000000000002,3.3109999999999999
6153,0.66339999999999999,3.3109999999999999
6154,0.41539999999999999,3.3109999999999999
6155,0.13639999999999999,3.3109999999999999
6156,-0.34100000000000003,3.3090999999999999
6157,-0.74399999999999999,3.3090999999999999
6158,-1.1097999999999999,3.3090999999999999
6159,-1.3515999999999999,3.3071999999999999
6160,-1.4694,3.3071999999999999
6161,-0.66959999999999997,3.3090999999999999
6162,-0.66959999999999997,3.3090999999999999
6163,-0.66959999999999997,3.3090999999999999
6164,-0.66959999999999997,3.3090999999999999
6165,-0.66959999999999997,3.3090999999999999
6166,-0.66959999999999997,3.3090999999999999
6167,-0.66959999999999997,3.3090999999999999
6168,-0.66959999999999997,3.3090999999999999
6169,-0.66959999999999997,3.3090999999999999
6170,-0.65720000000000001,3.3109999999999999
6171,-0.66959999999999997,3.3109999999999999
6172,-0.66959999999999997,3.3109999999999999
6173,-0.66959999999999997,3.3109999999999999
6174,-0.66959999999999997,3.3109999999999999
6175,-0.66959999999999997,3.3109999999999999
6176,-0.66959999999999997,3.3109999999999999
6177,-0.66959999999999997,3.3109999999999999
6178,-0.66959999999999997,3.3109999999999999
6179,-0.66959999999999997,3.3109999999999999
6180,-2.7528999999999999,3.3071999999999999
6181,-4.1852,3.3035000000000001
6182,-5.8282999999999996,3.3016999999999999
6183,-7.2295999999999996,3.2978999999999998
6184,-2.1886999999999999,3.3054000000000001
6185,-2.0585,3.3071999999999999
6186,-2.0647000000000002,3.3071999999999999
6187,-2.0647000000000002,3.3071999999999999
6188,-2.0647000000000002,3.3071999999999999
6189,-2.0647000000000002,3.3071999999999999
6190,-2.0647000000000002,3.3071999999999999
6191,-2.0647000000000002,3.3071999999999999
6192,-0.30380000000000001,3.3090999999999999
6193,-0.70679999999999998,3.3090999999999999
6194,-1.0664,3.3090999999999999
6195,-1.3515999999999999,3.3090999999999999
6196,-1.4694,3.3090999999999999
6197,-0.66959999999999997,3.3090999999999999
6198,-0.66959999999999997,3.3109999999999999
6199,-0.66959999999999997,3.3109999999999999
6200,-0.66959999999999997,3.3109999999999999
6201,-0.66959999999999997,3.3109999999999999
6202,-0.66959999999999997,3.3109999999999999
6203,-0.65720000000000001,3.3109999999999999
6204,-0.66959999999999997,3.3109999999999999
6205,-0.66959999999999997,3.3109999999999999
6206,-0.66959999999999997,3.3109999999999999
6207,-0.66959999999999997,3.3109999999999999
6208,-0.66959999999999997,3.3109999999999999
6209,-0.66959999999999997,3.3109999999999999
6210,-0.66959999999999997,3.3109999999999999
6211,-0.66959999999999997,3.3109999999999999
6212,-0.66959999999999997,3.3109999999999999
6213,-0.66959999999999997,3.3109999999999999
6214,-0.66959999999999997,3.3109999999999999
6215,-0.66959999999999997,3.3109999999999999
6216,-0.66959999999999997,3.3109999999999999
6217,-0.66959999999999997,3.3109999999999999
6218,-2.1080999999999999,3.3090999999999999
6219,-2.8334999999999999,3.3071999999999999
6220,-3.6581999999999999,3.3054000000000001
6221,-4.5014000000000003,3.3035000000000001
6222,-5.1835000000000004,3.3016999999999999
6223,-6.1383000000000001,3.2997999999999998
6224,-7.0373999999999999,3.2978999999999998
6225,-7.7442000000000002,3.2961
6226,-8.9408999999999992,3.2924000000000002
6227,-9.9515999999999991,3.2886000000000002
6228,-10.584,3.2867999999999999
6229,-11.9047,3.2831000000000001
6230,-3.5838000000000001,3.2997999999999998
6231,-3.4722,3.3016999999999999
6232,-3.4722,3.3016999999999999
6233,-3.4722,3.3016999999999999
6234,-3.4722,3.3016999999999999
6235,-3.4722,3.3016999999999999
6236,-3.4722,3.3016999999999999
6237,-3.4660000000000002,3.3016999999999999
6238,-3.4722,3.3016999999999999
6239,-3.4660000000000002,3.3016999999999999
6240,-3.4722,3.3016999999999999
6241,-3.4722,3.3016999999999999
6242,-3.4722,3.3016999999999999
6243,-3.4722,3.3016999999999999
6244,-3.4722,3.3016999999999999
6245,-3.4722,3.3016999999999999
6246,-3.4722,3.3016999999999999
6247,-3.4722,3.3016999999999999
6248,-3.4722,3.3016999999999999
6249,-3.4784000000000002,3.3035000000000001
6250,-3.4784000000000002,3.3016999999999999
6251,-3.4722,3.3016999999999999
6252,-3.4660000000000002,3.3016999999999999
6253,-3.4660000000000002,3.3016999999999999
6254,1.3764000000000001,3.3109999999999999
6255,1.2214,3.3109999999999999
6256,0.93620000000000003,3.3109999999999999
6257,0.65720000000000001,3.3109999999999999
6258,0.41539999999999999,3.3109999999999999
6259,0.21079999999999999,3.3109999999999999
6260,-0.34720000000000001,3.3109999999999999
6261,-0.78739999999999999,3.3090999999999999
6262,-1.1160000000000001,3.3090999999999999
6263,-1.3453999999999999,3.3090999999999999
6264,-1.4694,3.3090999999999999
6265,-0.66959999999999997,3.3109999999999999
6266,-0.65720000000000001,3.3109999999999999
6267,-0.66959999999999997,3.3109999999999999
6268,-0.66959999999999997,3.3109999999999999
6269,-0.66959999999999997,3.3109999999999999
6270,-0.66959999999999997,3.3109999999999999
6271,-0.65720000000000001,3.3109999999999999
6272,-0.66959999999999997,3.3109999999999999
6273,-0.66959999999999997,3.3109999999999999
6274,-0.66959999999999997,3.3109999999999999
6275,-0.66959999999999997,3.3109999999999999
6276,-0.66959999999999997,3.3109999999999999
6277,-0.65720000000000001,3.3109999999999999
6278,-0.66959999999999997,3.3109999999999999
6279,-0.66959999999999997,3.3109999999999999
6280,-0.66959999999999997,3.3109999999999999
6281,-0.66959999999999997,3.3109999999999999
6282,-0.66959999999999997,3.3128000000000002
6283,-0.66959999999999997,3.3109999999999999
6284,-0.66959999999999997,3.3109999999999999
6285,-0.66959999999999997,3.3128000000000002
6286,-1.7857000000000001,3.3090999999999999
6287,-2.1453000000000002,3.3090999999999999
6288,-2.6288999999999998,3.3071999999999999
6289,-2.9885000000000002,3.3071999999999999
6290,-3.4226000000000001,3.3071999999999999
6291,-3.8690000000000002,3.3054000000000001
6292,-4.4641999999999999,3.3035000000000001
6293,-4.7495000000000003,3.3035000000000001
6294,-5.2268999999999997,3.3016999999999999
6295,-5.7042999999999999,3.2997999999999998
6296,-6.4669999999999996,3.2997999999999998
6297,-7.5396000000000001,3.2961
6298,-6.5476000000000001,3.2978999999999998
6299,-7.7813999999999997,3.2924000000000002
6300,-8.3394999999999992,3.2924000000000002
6301,-9.2385000000000002,3.2886000000000002
6302,-9.468,3.2886000000000002
6303,-9.9391999999999996,3.2867999999999999
6304,-10.466200000000001,3.2848999999999999
6305,-11.4335,3.2831000000000001
6306,-11.5761,3.2812000000000001
6307,-12.1031,3.2812000000000001
6308,-12.6736,3.2793000000000001
6309,-13.7524,3.2755999999999998
6310,-13.857799999999999,3.2755999999999998
6311,-14.4717,3.2738
6312,-5.2641,3.2886000000000002
6313,-5.1463000000000001,3.2905000000000002
6314,-5.1463000000000001,3.2905000000000002
6315,-5.1463000000000001,3.2905000000000002
6316,-5.1463000000000001,3.2905000000000002
6317,-5.1463000000000001,3.2924000000000002
6318,-5.1401000000000003,3.2924000000000002
6319,-5.1401000000000003,3.2924000000000002
6320,-5.1463000000000001,3.2924000000000002
6321,-5.1463000000000001,3.2924000000000002
6322,-5.1463000000000001,3.2924000000000002
6323,-5.1401000000000003,3.2924000000000002
6324,0.97960000000000003,3.3054000000000001
6325,1.0229999999999999,3.3071999999999999
6326,0.65720000000000001,3.3071999999999999
6327,0.78120000000000001,3.3071999999999999
6328,0.65720000000000001,3.3071999999999999
6329,0.37819999999999998,3.3071999999999999
6330,0.45879999999999999,3.3090999999999999
6331,0.33479999999999999,3.3090999999999999
6332,-3.6272000000000002,3.3016999999999999
6333,-3.7016,3.3016999999999999
6334,-3.7016,3.3016999999999999
6335,-3.6953999999999998,3.3016999999999999
6336,-3.7016,3.3016999999999999
6337,-3.7078000000000002,3.3016999999999999
6338,-3.7016,3.3016999999999999
6339,-3.7078000000000002,3.3016999999999999
6340,-3.7078000000000002,3.3016999999999999
6341,-3.7016,3.3016999999999999
6342,-3.7016,3.3016999999999999
6343,-3.7016,3.3016999999999999
6344,-3.7016,3.3016999999999999
6345,1.6927000000000001,3.3109999999999999
6346,1.5065999999999999,3.3109999999999999
6347,1.3391999999999999,3.3109999999999999
6348,0.94240000000000002,3.3109999999999999
6349,0.66339999999999999,3.3109999999999999
6350,0.41539999999999999,3.3109999999999999
6351,0.13020000000000001,3.3109999999999999
6352,-0.3286,3.3109999999999999
6353,-0.74399999999999999,3.3090999999999999
6354,-1.1097999999999999,3.3090999999999999
6355,-1.3515999999999999,3.3090999999999999
6356,-1.4694,3.3090999999999999
6357,-0.66959999999999997,3.3090999999999999
6358,-0.66959999999999997,3.3090999999999999
6359,-0.66959999999999997,3.3109999999999999
6360,-0.66959999999999997,3.3109999999999999
6361,-0.66959999999999997,3.3109999999999999
6362,-0.66959999999999997,3.3109999999999999
6363,-0.66959999999999997,3.3109999999999999
6364,-0.66959999999999997,3.3109999999999999
6365,-0.66959999999999997,3.3109999999999999
6366,-0.65720000000000001,3.3109999999999999
6367,-0.66959999999999997,3.3109999999999999
6368,-0.66959999999999997,3.3109999999999999
6369,-0.66959999999999997,3.3109999999999999
6370,-0.66959999999999997,3.3109999999999999
6371,-0.66959999999999997,3.3109999999999999
6372,-0.66959999999999997,3.3109999999999999
6373,-0.65720000000000001,3.3109999999999999
6374,-0.66959999999999997,3.3109999999999999
6375,-0.66959999999999997,3.3109999999999999
6376,-2.7467000000000001,3.3071999999999999
6377,-4.1852,3.3054000000000001
6378,-5.8220999999999998,3.3016999999999999
6379,-7.2295999999999996,3.2978999999999998
6380,-2.1886999999999999,3.3071999999999999
6381,-2.1143000000000001,3.3071999999999999
6382,-2.1080999999999999,3.3071999999999999
6383,-2.1080999999999999,3.3071999999999999
6384,-2.1080999999999999,3.3071999999999999
6385,-2.1080999999999999,3.3071999999999999
6386,-2.1019000000000001,3.3071999999999999
6387,-2.1080999999999999,3.3071999999999999
6388,-0.30380000000000001,3.3109999999999999
6389,-0.71299999999999997,3.3109999999999999
6390,-1.0726,3.3109999999999999
6391,-1.3515999999999999,3.3090999999999999
6392,-1.4694,3.3090999999999999
6393,-0.66959999999999997,3.3109999999999999
6394,-0.66959999999999997,3.3109999999999999
6395,-0.66959999999999997,3.3109999999999999
6396,-0.66959999999999997,3.3109999999999999
6397,-0.66959999999999997,3.3109999999999999
6398,-0.66959999999999997,3.3109999999999999
6399,-0.66959999999999997,3.3109999999999999
6400,-0.66959999999999997,3.3109999999999999
6401,-0.66959999999999997,3.3109999999999999
6402,-0.66959999999999997,3.3109999999999999
6403,-0.66959999999999997,3.3109999999999999
6404,-0.66959999999999997,3.3109999999999999
6405,-0.66959999999999997,3.3128000000000002
6406,-0.66959999999999997,3.3128000000000002
6407,-0.66959999999999997,3.3128000000000002
6408,-0.66959999999999997,3.3128000000000002
6409,-0.66959999999999997,3.3128000000000002
6410,-0.65720000000000001,3.3128000000000002
6411,-0.66959999999999997,3.3128000000000002
6412,-0.66959999999999997,3.3128000000000002
6413,-0.66959999999999997,3.3128000000000002
6414,-2.1080999999999999,3.3109999999999999
6415,-2.8397000000000001,3.3090999999999999
6416,-3.6581999999999999,3.3071999999999999
6417,-4.5014000000000003,3.3054000000000001
6418,-5.1835000000000004,3.3035000000000001
6419,-6.1444999999999999,3.3016999999999999
6420,-7.056,3.2978999999999998
6421,-7.7813999999999997,3.2961
6422,-8.9408999999999992,3.2924000000000002
6423,-9.9391999999999996,3.2886000000000002
6424,-10.6274,3.2867999999999999
6425,-11.9419,3.2848999999999999
6426,-3.5775999999999999,3.2997999999999998
6427,-3.5093999999999999,3.2997999999999998
6428,-3.5093999999999999,3.3016999999999999
6429,-3.5093999999999999,3.3016999999999999
6430,-3.5032000000000001,3.3016999999999999
6431,-3.5032000000000001,3.3016999999999999
6432,-3.5032000000000001,3.3016999999999999
6433,-3.5032000000000001,3.3016999999999999
6434,-3.5093999999999999,3.3016999999999999
6435,-3.5032000000000001,3.3016999999999999
6436,-3.5032000000000001,3.3016999999999999
6437,-3.5093999999999999,3.3016999999999999
6438,-3.5032000000000001,3.3016999999999999
6439,-3.5093999999999999,3.3016999999999999
6440,-3.5032000000000001,3.3016999999999999
6441,-3.5093999999999999,3.3016999999999999
6442,-3.5093999999999999,3.3016999999999999
6443,-3.5032000000000001,3.3016999999999999
6444,-3.5093999999999999,3.3016999999999999
6445,-3.5032000000000001,3.3016999999999999
6446,-3.5032000000000001,3.3016999999999999
6447,-3.5093999999999999,3.3016999999999999
6448,-3.5093999999999999,3.3016999999999999
6449,-3.5032000000000001,3.3016999999999999
6450,1.3764000000000001,3.3109999999999999
6451,1.2214,3.3109999999999999
6452,0.94240000000000002,3.3109999999999999
6453,0.65720000000000001,3.3109999999999999
6454,0.41539999999999999,3.3109999999999999
6455,0.21079999999999999,3.3109999999999999
6456,-0.34100000000000003,3.3109999999999999
6457,-0.78739999999999999,3.3109999999999999
6458,-1.1160000000000001,3.3090999999999999
6459,-1.3515999999999999,3.3090999999999999
6460,-1.4694,3.3090999999999999
6461,-0.66959999999999997,3.3109999999999999
6462,-0.66959999999999997,3.3109999999999999
6463,-0.66959999999999997,3.3109999999999999
6464,-0.66959999999999997,3.3109999999999999
6465,-0.66959999999999997,3.3109999999999999
6466,-0.66959999999999997,3.3109999999999999
6467,-0.66959999999999997,3.3109999999999999
6468,-0.66959999999999997,3.3109999999999999
6469,-0.66959999999999997,3.3109999999999999
6470,-0.66959999999999997,3.3109999999999999
6471,-0.66959999999999997,3.3109999999999999
6472,-0.66959999999999997,3.3109999999999999
6473,-0.66959999999999997,3.3128000000000002
6474,-0.65720000000000001,3.3109999999999999
6475,-0.66959999999999997,3.3128000000000002
6476,-0.66959999999999997,3.3109999999999999
6477,-0.66959999999999997,3.3128000000000002
6478,-0.66959999999999997,3.3128000000000002
6479,-0.66959999999999997,3.3128000000000002
6480,-0.66959999999999997,3.3128000000000002
6481,-0.66959999999999997,3.3128000000000002
6482,-1.7857000000000001,3.3109999999999999
6483,-2.1453000000000002,3.3090999999999999
6484,-2.6227,3.3090999999999999
6485,-2.9885000000000002,3.3071999999999999
6486,-3.4226000000000001,3.3071999999999999
6487,-3.8565999999999998,3.3054000000000001
6488,-4.4766000000000004,3.3035000000000001
6489,-4.7495000000000003,3.3035000000000001
6490,-5.2268999999999997,3.3016999999999999
6491,-5.7104999999999997,3.3016999999999999
6492,-6.4607999999999999,3.2978999999999998
6493,-7.5519999999999996,3.2961
6494,-6.5476000000000001,3.2978999999999998
6495,-7.7751999999999999,3.2924000000000002
6496,-8.3394999999999992,3.2924000000000002
6497,-9.2199000000000009,3.2905000000000002
6498,-9.4618000000000002,3.2886000000000002
6499,-9.9887999999999995,3.2867999999999999
6500,-10.497199999999999,3.2848999999999999
6501,-11.464499999999999,3.2831000000000001
6502,-11.5947,3.2812000000000001
6503,-12.1465,3.2793000000000001
6504,-12.710800000000001,3.2793000000000001
6505,-13.777200000000001,3.2755999999999998
6506,-13.901199999999999,3.2755999999999998
6507,-14.496499999999999,3.2738
6508,-5.2702999999999998,3.2886000000000002
6509,-5.1897000000000002,3.2905000000000002
6510,-5.1835000000000004,3.2905000000000002
6511,-5.1835000000000004,3.2905000000000002
6512,-5.1897000000000002,3.2905000000000002
6513,-5.1897000000000002,3.2905000000000002
6514,-5.1835000000000004,3.2924000000000002
6515,-5.1897000000000002,3.2924000000000002
6516,-5.1772999999999998,3.2924000000000002
6517,-5.1897000000000002,3.2924000000000002
6518,-5.1897000000000002,3.2924000000000002
6519,-5.1835000000000004,3.2924000000000002
6520,0.97340000000000004,3.3054000000000001
6521,1.0167999999999999,3.3071999999999999
6522,0.65720000000000001,3.3071999999999999
6523,0.78120000000000001,3.3071999999999999
6524,0.65720000000000001,3.3071999999999999
6525,0.37819999999999998,3.3071999999999999
6526,0.45879999999999999,3.3090999999999999
6527,0.34100000000000003,3.3090999999999999
6528,-3.6334,3.3016999999999999
6529,-3.7078000000000002,3.3016999999999999
6530,-3.7078000000000002,3.3016999999999999
6531,-3.7016,3.3016999999999999
6532,-3.7016,3.3016999999999999
6533,-3.7078000000000002,3.3016999999999999
6534,-3.7078000000000002,3.3016999999999999
6535,-3.7078000000000002,3.3016999999999999
6536,-3.7016,3.3016999999999999
6537,-3.7016,3.3016999999999999
6538,-3.7016,3.3016999999999999
6539,-3.7016,3.2997999999999998
6540,-3.7078000000000002,3.2997999999999998
6541,1.7051000000000001,3.3109999999999999
6542,1.5065999999999999,3.3109999999999999
6543,1.3391999999999999,3.3109999999999999
6544,0.94240000000000002,3.3109999999999999
6545,0.65720000000000001,3.3109999999999999
6546,0.41539999999999999,3.3109999999999999
6547,0.13639999999999999,3.3109999999999999
6548,-0.3286,3.3109999999999999
6549,-0.74399999999999999,3.3090999999999999
6550,-1.1097999999999999,3.3090999999999999
6551,-1.3453999999999999,3.3090999999999999
6552,-1.4694,3.3090999999999999
6553,-0.66959999999999997,3.3109999999999999
6554,-0.66959999999999997,3.3090999999999999
6555,-0.66959999999999997,3.3109999999999999
6556,-0.66959999999999997,3.3109999999999999
6557,-0.66959999999999997,3.3109999999999999
6558,-0.66959999999999997,3.3109999999999999
6559,-0.66959999999999997,3.3109999999999999
6560,-0.66959999999999997,3.3109999999999999
6561,-0.66959999999999997,3.3109999999999999
6562,-0.66959999999999997,3.3109999999999999
6563,-0.66959999999999997,3.3109999999999999
6564,-0.66959999999999997,3.3109999999999999
6565,-0.66959999999999997,3.3109999999999999
6566,-0.66959999999999997,3.3109999999999999
6567,-0.66959999999999997,3.3109999999999999
6568,-0.66959999999999997,3.3109999999999999
6569,-0.66959999999999997,3.3109999999999999
6570,-0.66959999999999997,3.3109999999999999
6571,-0.66959999999999997,3.3109999999999999
6572,-2.7528999999999999,3.3090999999999999
6573,-4.1852,3.3054000000000001
6574,-5.8159000000000001,3.3016999999999999
6575,-7.2667999999999999,3.2978999999999998
6576,-2.1949000000000001,3.3071999999999999
6577,-2.1019000000000001,3.3071999999999999
6578,-2.1080999999999999,3.3071999999999999
6579,-2.1080999999999999,3.3071999999999999
6580,-2.1080999999999999,3.3071999999999999
6581,-2.1019000000000001,3.3071999999999999
6582,-2.1019000000000001,3.3071999999999999
6583,-2.1019000000000001,3.3071999999999999
6584,-0.30380000000000001,3.3109999999999999
6585,-0.70679999999999998,3.3109999999999999
6586,-1.0664,3.3109999999999999
6587,-1.3515999999999999,3.3090999999999999
6588,-1.4694,3.3090999999999999
6589,-0.66959999999999997,3.3109999999999999
6590,-0.66959999999999997,3.3109999999999999
6591,-0.66959999999999997,3.3109999999999999
6592,-0.66959999999999997,3.3109999999999999
6593,-0.66959999999999997,3.3109999999999999
6594,-0.66959999999999997,3.3109999999999999
6595,-0.66959999999999997,3.3109999999999999
6596,-0.66959999999999997,3.3109999999999999
6597,-0.66959999999999997,3.3109999999999999
6598,-0.66959999999999997,3.3128000000000002
6599,-0.66959999999999997,3.3128000000000002
6600,-0.66959999999999997,3.3128000000000002
6601,-0.66959999999999997,3.3128000000000002
6602,-0.66959999999999997,3.3128000000000002
6603,-0.65720000000000001,3.3128000000000002
6604,-0.66959999999999997,3.3128000000000002
6605,-0.66959999999999997,3.3128000000000002
6606,-0.66959999999999997,3.3128000000000002
6607,-0.66959999999999997,3.3128000000000002
6608,-0.66959999999999997,3.3128000000000002
6609,-0.66959999999999997,3.3128000000000002
6610,-2.1453000000000002,3.3090999999999999
6611,-2.8273000000000001,3.3090999999999999
6612,-3.7016,3.3071999999999999
6613,-4.5014000000000003,3.3054000000000001
6614,-5.1897000000000002,3.3035000000000001
6615,-6.1506999999999996,3.3016999999999999
6616,-7.0621999999999998,3.2978999999999998
6617,-7.7813999999999997,3.2961
6618,-8.9533000000000005,3.2924000000000002
6619,-9.9391999999999996,3.2886000000000002
6620,-10.633599999999999,3.2886000000000002
6621,-11.9419,3.2848999999999999
6622,-3.6272000000000002,3.2997999999999998
6623,-3.5032000000000001,3.2997999999999998
6624,-3.5032000000000001,3.3016999999999999
6625,-3.5032000000000001,3.3016999999999999
6626,-3.5032000000000001,3.3016999999999999
6627,-3.5032000000000001,3.3016999999999999
6628,-3.5093999999999999,3.3016999999999999
6629,-3.5032000000000001,3.3016999999999999
6630,-3.5032000000000001,3.3016999999999999
6631,-3.5093999999999999,3.3016999999999999
6632,-3.5093999999999999,3.3016999999999999
6633,-3.5156000000000001,3.3016999999999999
6634,-3.5093999999999999,3.3016999999999999
6635,-3.5032000000000001,3.3016999999999999
6636,-3.5093999999999999,3.3016999999999999
6637,-3.5032000000000001,3.3016999999999999
6638,-3.5093999999999999,3.3016999999999999
6639,-3.5093999999999999,3.3016999999999999
6640,-3.5093999999999999,3.3016999999999999
6641,-3.5093999999999999,3.3016999999999999
6642,-3.5032000000000001,3.3016999999999999
6643,-3.5093999999999999,3.3016999999999999
6644,-3.5032000000000001,3.3016999999999999
6645,-3.5032000000000001,3.3016999999999999
6646,1.3826000000000001,3.3109999999999999
6647,1.2214,3.3109999999999999
6648,0.94240000000000002,3.3128000000000002
6649,0.66339999999999999,3.3109999999999999
6650,0.41539999999999999,3.3109999999999999
6651,0.21079999999999999,3.3128000000000002
6652,-0.34100000000000003,3.3109999999999999
6653,-0.78739999999999999,3.3109999999999999
6654,-1.1097999999999999,3.3090999999999999
6655,-1.3515999999999999,3.3090999999999999
6656,-1.4632000000000001,3.3090999999999999
6657,-0.66959999999999997,3.3109999999999999
6658,-0.66959999999999997,3.3109999999999999
6659,-0.66959999999999997,3.3109999999999999
6660,-0.66959999999999997,3.3109999999999999
6661,-0.66959999999999997,3.3109999999999999
6662,-0.66959999999999997,3.3109999999999999
6663,-0.66959999999999997,3.3109999999999999
6664,-0.66959999999999997,3.3109999999999999
6665,-0.66959999999999997,3.3109999999999999
6666,-0.66959999999999997,3.3109999999999999
6667,-0.66959999999999997,3.3128000000000002
6668,-0.66959999999999997,3.3109999999999999
6669,-0.66959999999999997,3.3128000000000002
6670,-0.66959999999999997,3.3128000000000002
6671,-0.66959999999999997,3.3128000000000002
6672,-0.66959999999999997,3.3128000000000002
6673,-0.66959999999999997,3.3128000000000002
6674,-0.66959999999999997,3.3128000000000002
6675,-0.66959999999999997,3.3128000000000002
6676,-0.66959999999999997,3.3128000000000002
6677,-0.66959999999999997,3.3128000000000002
6678,-1.7857000000000001,3.3109999999999999
6679,-2.1515,3.3090999999999999
6680,-2.6227,3.3090999999999999
6681,-3.0318999999999998,3.3071999999999999
6682,-3.4226000000000001,3.3071999999999999
6683,-3.8628,3.3054000000000001
6684,-4.4641999999999999,3.3054000000000001
6685,-4.7866999999999997,3.3035000000000001
6686,-5.2206999999999999,3.3016999999999999
6687,-5.7415000000000003,3.3016999999999999
6688,-6.4607999999999999,3.2978999999999998
6689,-7.5830000000000002,3.2961
6690,-6.5476000000000001,3.2978999999999998
6691,-7.8311000000000002,3.2961
6692,-8.3394999999999992,3.2924000000000002
6693,-9.2632999999999992,3.2886000000000002
6694,-9.5052000000000003,3.2886000000000002
6695,-9.9825999999999997,3.2867999999999999
6696,-10.497199999999999,3.2848999999999999
6697,-11.464499999999999,3.2831000000000001
6698,-11.6257,3.2812000000000001
6699,-12.1403,3.2812000000000001
6700,-12.704599999999999,3.2774999999999999
6701,-13.8268,3.2755999999999998
6702,-13.907400000000001,3.2755999999999998
6703,-14.496499999999999,3.2738
6704,-5.2702999999999998,3.2886000000000002
6705,-5.1897000000000002,3.2905000000000002
6706,-5.1835000000000004,3.2905000000000002
6707,-5.1897000000000002,3.2905000000000002
6708,-5.1897000000000002,3.2905000000000002
6709,-5.1959,3.2905000000000002
6710,-5.1835000000000004,3.2905000000000002
6711,-5.1897000000000002,3.2905000000000002
6712,-5.1959,3.2924000000000002
6713,-5.1897000000000002,3.2924000000000002
6714,-5.1835000000000004,3.2924000000000002
6715,-5.1959,3.2924000000000002
6716,0.97960000000000003,3.3054000000000001
6717,1.0167999999999999,3.3071999999999999
6718,0.65720000000000001,3.3054000000000001
6719,0.78120000000000001,3.3071999999999999
6720,0.66339999999999999,3.3071999999999999
6721,0.37819999999999998,3.3071999999999999
6722,0.45879999999999999,3.3090999999999999
6723,0.33479999999999999,3.3090999999999999
6724,-3.6334,3.3016999999999999
6725,-3.7078000000000002,3.3016999999999999
6726,-3.7016,3.3016999999999999
6727,-3.7078000000000002,3.3016999999999999
6728,-3.7016,3.3016999999999999
6729,-3.7078000000000002,3.3016999999999999
6730,-3.7078000000000002,3.3016999999999999
6731,-3.7016,3.3016999999999999
6732,-3.7016,3.2997999999999998
6733,-3.7078000000000002,3.3016999999999999
6734,-3.7016,3.3016999999999999
6735,-3.7078000000000002,3.2997999999999998
6736,-3.7016,3.2997999999999998
6737,1.6927000000000001,3.3109999999999999
6738,1.5065999999999999,3.3109999999999999
6739,1.3391999999999999,3.3109999999999999
6740,0.93620000000000003,3.3109999999999999
6741,0.65720000000000001,3.3109999999999999
6742,0.41539999999999999,3.3109999999999999
6743,0.13639999999999999,3.3109999999999999
6744,-0.31619999999999998,3.3109999999999999
6745,-0.75019999999999998,3.3090999999999999
6746,-1.1160000000000001,3.3090999999999999
6747,-1.3515999999999999,3.3090999999999999
6748,-1.4694,3.3090999999999999
6749,-0.66959999999999997,3.3109999999999999
6750,-0.66959999999999997,3.3109999999999999
6751,-0.66959999999999997,3.3109999999999999
6752,-0.66959999999999997,3.3109999999999999
6753,-0.66959999999999997,3.3109999999999999
6754,-0.66959999999999997,3.3109999999999999
6755,-0.66959999999999997,3.3109999999999999
6756,-0.66959999999999997,3.3109999999999999
6757,-0.66959999999999997,3.3109999999999999
6758,-0.66959999999999997,3.3109999999999999
6759,-0.66959999999999997,3.3109999999999999
6760,-0.66959999999999997,3.3109999999999999
6761,-0.66959999999999997,3.3109999999999999
6762,-0.66959999999999997,3.3109999999999999
6763,-0.66959999999999997,3.3109999999999999
6764,-0.66959999999999997,3.3109999999999999
6765,-0.66959999999999997,3.3128000000000002
6766,-0.66959999999999997,3.3128000000000002
6767,-0.66959999999999997,3.3109999999999999
6768,-0.66959999999999997,3.3128000000000002
6769,-0.66959999999999997,3.3128000000000002
6770,-0.66959999999999997,3.3128000000000002
6771,-0.66959999999999997,3.3128000000000002
6772,-0.66959999999999997,3.3128000000000002
6773,-0.66959999999999997,3.3128000000000002
6774,-0.66959999999999997,3.3128000000000002
6775,-0.66959999999999997,3.3128000000000002
6776,-0.66959999999999997,3.3128000000000002
6777,-2.3127,3.3090999999999999
6778,-3.2614000000000001,3.3071999999999999
6779,-4.2657999999999996,3.3054000000000001
6780,-5.2579000000000002,3.3035000000000001
6781,-6.2624000000000004,3.2997999999999998
6782,-2.1515,3.3071999999999999
6783,-2.1019000000000001,3.3071999999999999
6784,-5.6670999999999996,3.3016999999999999
6785,-6.3925999999999998,3.2997999999999998
6786,-7.2667999999999999,3.2978999999999998
6787,-7.7442000000000002,3.2961
6788,-8.4324999999999992,3.2924000000000002
6789,-9.1082999999999998,3.2905000000000002
6790,-10.143800000000001,3.2867999999999999
6791,-10.5778,3.2848999999999999
6792,-11.2227,3.2831000000000001
6793,-3.8256000000000001,3.2978999999999998
6794,-3.7511999999999999,3.2997999999999998
6795,-10.559200000000001,3.2848999999999999
6796,-11.135899999999999,3.2831000000000001
6797,-11.2599,3.2831000000000001
6798,-12.2209,3.2793000000000001
6799,-12.779,3.2774999999999999
6800,-13.355600000000001,3.2755999999999998
6801,-13.392799999999999,3.2755999999999998
6802,-14.508900000000001,3.2719
6803,-5.3136999999999999,3.2886000000000002
6804,-5.1897000000000002,3.2886000000000002
6805,-12.698399999999999,3.2755999999999998
6806,-13.8764,3.2738
6807,-13.7524,3.2719
6808,-14.831300000000001,3.27
6809,-14.7073,3.27
6810,-15.1785,3.2682000000000002
6811,-16.344200000000001,3.2645
6812,-16.183,3.2645
6813,-16.703800000000001,3.2625999999999999
6814,-17.956299999999999,3.2606999999999999
6815,-17.776499999999999,3.2606999999999999
6816,-19.1096,3.2570000000000001
6817,-18.948399999999999,3.2570000000000001
6818,-8.4634999999999998,3.2738
6819,-8.3828999999999994,3.2738
6820,-8.3828999999999994,3.2755999999999998
6821,-8.3828999999999994,3.2755999999999998
6822,-8.3890999999999991,3.2774999999999999
6823,-8.3890999999999991,3.2774999999999999
6824,-8.3890999999999991,3.2774999999999999
6825,-8.3953000000000007,3.2774999999999999
6826,-8.3890999999999991,3.2774999999999999
6827,-8.3828999999999994,3.2774999999999999
6828,-8.3953000000000007,3.2774999999999999
6829,-8.3704999999999998,3.2774999999999999
6830,-8.3890999999999991,3.2774999999999999
6831,-8.3890999999999991,3.2774999999999999
6832,-8.3828999999999994,3.2774999999999999
6833,-8.3890999999999991,3.2774999999999999
6834,-8.3890999999999991,3.2774999999999999
6835,-8.3828999999999994,3.2774999999999999
6836,-8.3890999999999991,3.2774999999999999
6837,-8.3953000000000007,3.2793000000000001
6838,-8.3890999999999991,3.2774999999999999
6839,-8.3953000000000007,3.2774999999999999
6840,-8.3828999999999994,3.2793000000000001
6841,-8.3890999999999991,3.2793000000000001
6842,-8.3890999999999991,3.2793000000000001
6843,-8.3890999999999991,3.2793000000000001
6844,-8.3890999999999991,3.2793000000000001
6845,-8.3890999999999991,3.2793000000000001
6846,-8.3890999999999991,3.2793000000000001
6847,-8.3890999999999991,3.2793000000000001
6848,-8.3828999999999994,3.2793000000000001
6849,-8.3890999999999991,3.2793000000000001
6850,-8.3890999999999991,3.2793000000000001
6851,-8.3953000000000007,3.2793000000000001
6852,-8.3828999999999994,3.2793000000000001
6853,-8.3828999999999994,3.2793000000000001
6854,-8.3953000000000007,3.2793000000000001
6855,-8.3953000000000007,3.2793000000000001
6856,-8.3828999999999994,3.2793000000000001
6857,-8.3890999999999991,3.2793000000000001
6858,-8.3953000000000007,3.2793000000000001
6859,-8.3953000000000007,3.2793000000000001
6860,-8.3890999999999991,3.2793000000000001
6861,-8.3890999999999991,3.2793000000000001
6862,-8.3890999999999991,3.2793000000000001
6863,-8.3828999999999994,3.2793000000000001
6864,-8.3828999999999994,3.2793000000000001
6865,-8.3953000000000007,3.2793000000000001
6866,-8.3890999999999991,3.2793000000000001
6867,-8.3953000000000007,3.2793000000000001
6868,3.8999999999999999,3.3016999999999999
6869,3.8999999999999999,3.3054000000000001
6870,3.7450000000000001,3.3071999999999999
6871,3.5838000000000001,3.3071999999999999
6872,3.3792,3.3071999999999999
6873,3.2242000000000002,3.3090999999999999
6874,3.0194999999999999,3.3090999999999999
6875,2.8334999999999999,3.3090999999999999
6876,-5.0285000000000002,3.2961
6877,-5.1897000000000002,3.2924000000000002
6878,-5.1897000000000002,3.2924000000000002
6879,-5.1772999999999998,3.2924000000000002
6880,-5.1897000000000002,3.2924000000000002
6881,-5.1835000000000004,3.2924000000000002
6882,-5.1897000000000002,3.2924000000000002
6883,-5.1897000000000002,3.2924000000000002
6884,-5.1897000000000002,3.2924000000000002
6885,-5.1897000000000002,3.2924000000000002
6886,-5.1897000000000002,3.2905000000000002
6887,-5.1897000000000002,3.2905000000000002
6888,-5.1835000000000004,3.2924000000000002
6889,-5.1897000000000002,3.2905000000000002
6890,-5.1897000000000002,3.2905000000000002
6891,-5.1835000000000004,3.2905000000000002
6892,-5.1897000000000002,3.2905000000000002
6893,-5.1897000000000002,3.2924000000000002
6894,-5.1897000000000002,3.2924000000000002
6895,-5.1959,3.2905000000000002
6896,-5.1897000000000002,3.2924000000000002
6897,-5.1897000000000002,3.2905000000000002
6898,-5.1897000000000002,3.2905000000000002
6899,-5.1897000000000002,3.2924000000000002
6900,-5.1897000000000002,3.2905000000000002
6901,-5.1897000000000002,3.2905000000000002
6902,-5.1835000000000004,3.2905000000000002
6903,-5.1835000000000004,3.2905000000000002
6904,-5.1835000000000004,3.2905000000000002
6905,-5.1897000000000002,3.2905000000000002
6906,-5.1959,3.2905000000000002
6907,-5.1835000000000004,3.2905000000000002
6908,-5.1897000000000002,3.2905000000000002
6909,-5.1835000000000004,3.2905000000000002
6910,-5.1835000000000004,3.2905000000000002
6911,-5.1897000000000002,3.2905000000000002
6912,-5.1897000000000002,3.2905000000000002
6913,-5.1897000000000002,3.2905000000000002
6914,-5.1897000000000002,3.2905000000000002
6915,-5.1897000000000002,3.2905000000000002
6916,-5.1897000000000002,3.2905000000000002
6917,-5.1897000000000002,3.2905000000000002
6918,-5.1835000000000004,3.2905000000000002
6919,-5.1897000000000002,3.2905000000000002
6920,-5.1835000000000004,3.2905000000000002
6921,-5.1835000000000004,3.2905000000000002
6922,-5.1897000000000002,3.2905000000000002
6923,-5.1897000000000002,3.2905000000000002
6924,-5.1897000000000002,3.2905000000000002
6925,-5.1835000000000004,3.2905000000000002
6926,-5.1897000000000002,3.2905000000000002
6927,-5.1835000000000004,3.2905000000000002
6928,-5.1897000000000002,3.2905000000000002
6929,-5.1897000000000002,3.2905000000000002
6930,-5.1897000000000002,3.2905000000000002
6931,-5.1835000000000004,3.2905000000000002
6932,-5.1835000000000004,3.2905000000000002
6933,-5.1897000000000002,3.2905000000000002
6934,-5.1835000000000004,3.2905000000000002
6935,-5.1835000000000004,3.2905000000000002
6936,-5.1897000000000002,3.2905000000000002
6937,-5.1835000000000004,3.2905000000000002
6938,-5.1897000000000002,3.2905000000000002
6939,-5.1959,3.2905000000000002
6940,-5.1959,3.2924000000000002
6941,-5.1835000000000004,3.2905000000000002
6942,-5.1897000000000002,3.2905000000000002
6943,-5.1897000000000002,3.2905000000000002
6944,-5.1835000000000004,3.2924000000000002
6945,-12.7356,3.2774999999999999
6946,-13.901199999999999,3.2738
6947,-13.777200000000001,3.2738
6948,-14.8561,3.27
6949,-14.7507,3.27
6950,-15.2157,3.2682000000000002
6951,-16.381399999999999,3.2645
6952,-16.220199999999998,3.2645
6953,-16.753399999999999,3.2625999999999999
6954,-17.999700000000001,3.2589000000000001
6955,-17.8261,3.2589000000000001
6956,-19.140599999999999,3.2551999999999999
6957,-18.973199999999999,3.2551999999999999
6958,-8.5007000000000001,3.2738
6959,-8.3953000000000007,3.2738
6960,-8.3890999999999991,3.2738
6961,-8.3890999999999991,3.2755999999999998
6962,-8.3828999999999994,3.2755999999999998
6963,-8.3828999999999994,3.2755999999999998
6964,-8.3890999999999991,3.2755999999999998
6965,-8.3953000000000007,3.2755999999999998
6966,-8.3890999999999991,3.2755999999999998
6967,-8.3890999999999991,3.2755999999999998
6968,-8.3890999999999991,3.2774999999999999
6969,-8.3828999999999994,3.2774999999999999
6970,-8.3890999999999991,3.2774999999999999
6971,-8.3953000000000007,3.2774999999999999
6972,-8.3890999999999991,3.2774999999999999
6973,-8.3890999999999991,3.2774999999999999
6974,-8.3890999999999991,3.2774999999999999
6975,-8.3953000000000007,3.2774999999999999
6976,-8.3890999999999991,3.2774999999999999
6977,-8.3828999999999994,3.2774999999999999
6978,-8.3890999999999991,3.2774999999999999
6979,-8.3890999999999991,3.2774999999999999
6980,-8.3890999999999991,3.2774999999999999
6981,-8.3953000000000007,3.2774999999999999
6982,-8.3890999999999991,3.2774999999999999
6983,-8.3890999999999991,3.2774999999999999
6984,-8.3890999999999991,3.2774999999999999
6985,-8.3953000000000007,3.2774999999999999
6986,-8.3890999999999991,3.2774999999999999
6987,-8.3828999999999994,3.2774999999999999
6988,-8.3953000000000007,3.2774999999999999
6989,-8.3828999999999994,3.2774999999999999
6990,-8.4200999999999997,3.2774999999999999
6991,-8.4324999999999992,3.2774999999999999
6992,-8.4387000000000008,3.2774999999999999
6993,-8.4324999999999992,3.2774999999999999
6994,-8.4324999999999992,3.2774999999999999
6995,-8.4324999999999992,3.2774999999999999
6996,-8.4262999999999995,3.2774999999999999
6997,-8.4324999999999992,3.2774999999999999
6998,-8.4262999999999995,3.2774999999999999
6999,-8.4200999999999997,3.2774999999999999
7000,-8.4262999999999995,3.2774999999999999
7001,-8.4324999999999992,3.2774999999999999
7002,-8.4387000000000008,3.2774999999999999
7003,-8.4324999999999992,3.2774999999999999
7004,-8.4387000000000008,3.2774999999999999
7005,-8.4262999999999995,3.2774999999999999
7006,-8.4200999999999997,3.2774999999999999
7007,-8.4262999999999995,3.2774999999999999
7008,-14.738300000000001,3.2663000000000002
7009,-14.3415,3.2663000000000002
7010,-15.2963,3.2625999999999999
7011,-14.831300000000001,3.2645
7012,-15.8172,3.2606999999999999
7013,-15.3459,3.2606999999999999
7014,-16.381399999999999,3.2589000000000001
7015,-16.666599999999999,3.2570000000000001
7016,-16.139600000000002,3.2589000000000001
7017,-17.224699999999999,3.2551999999999999
7018,-16.691400000000002,3.2570000000000001
7019,-17.8323,3.2532999999999999
7020,-17.261900000000001,3.2532999999999999
7021,-18.427499999999998,3.2513999999999998
7022,-18.774799999999999,3.2513999999999998
7023,-18.142299999999999,3.2513999999999998
7024,-19.382400000000001,3.2496
7025,-18.780999999999999,3.2496
7026,-20.027200000000001,3.2440000000000002
7027,-19.419599999999999,3.2440000000000002
7028,-20.696899999999999,3.2421000000000002
7029,-21.0627,3.2421000000000002
7030,-20.4117,3.2421000000000002
7031,-21.7819,3.2383999999999999
7032,-21.106100000000001,3.2403
7033,-22.501200000000001,3.2366000000000001
7034,-21.831499999999998,3.2366000000000001
7035,-23.220400000000001,3.2347000000000001
7036,-23.666899999999998,3.2328000000000001
7037,-22.953800000000001,3.2347000000000001
7038,-24.423300000000001,3.2309999999999999
7039,-23.7041,3.2309999999999999
7040,-25.204599999999999,3.2290999999999999
7041,-24.472899999999999,3.2290999999999999
7042,-26.060199999999998,3.2254
7043,-16.431000000000001,3.2421000000000002
7044,-16.338000000000001,3.2421000000000002
7045,-16.338000000000001,3.2440000000000002
7046,-16.338000000000001,3.2440000000000002
7047,-16.3504,3.2440000000000002
7048,-16.338000000000001,3.2440000000000002
7049,-16.338000000000001,3.2440000000000002
7050,-16.344200000000001,3.2440000000000002
7051,-16.344200000000001,3.2440000000000002
7052,-16.331800000000001,3.2440000000000002
7053,-16.344200000000001,3.2440000000000002
7054,-16.3504,3.2440000000000002
7055,-16.3504,3.2440000000000002
7056,-16.3504,3.2440000000000002
7057,-16.344200000000001,3.2458999999999998
7058,-16.3504,3.2458999999999998
7059,-16.344200000000001,3.2458999999999998
7060,-16.344200000000001,3.2440000000000002
7061,-16.344200000000001,3.2458999999999998
7062,-16.344200000000001,3.2458999999999998
7063,-16.344200000000001,3.2458999999999998
7064,-16.3504,3.2458999999999998
7065,-16.344200000000001,3.2440000000000002
7066,-16.338000000000001,3.2458999999999998
7067,-16.344200000000001,3.2458999999999998
7068,-16.331800000000001,3.2458999999999998
7069,-16.387599999999999,3.2458999999999998
7070,-16.3752,3.2458999999999998
7071,-16.381399999999999,3.2458999999999998
7072,-16.381399999999999,3.2458999999999998
7073,-27.740500000000001,3.2254
7074,-28.379200000000001,3.2235
7075,-28.899999999999999,3.2216999999999998
7076,-29.451799999999999,3.218
7077,-30.016100000000002,3.218
7078,-30.561699999999998,3.2141999999999999
7079,-31.1631,3.2141999999999999
7080,-31.727399999999999,3.2124000000000001
7081,-32.335000000000001,3.2086999999999999
7082,-32.955100000000002,3.2086999999999999
7083,-33.581299999999999,3.2067999999999999
7084,-34.275700000000001,3.2048999999999999
7085,-34.883400000000002,3.2031000000000001
7086,-35.565399999999997,3.2012
7087,-36.2971,3.1974999999999998
7088,-36.972900000000003,3.1956000000000002
7089,-37.6736,3.1919
7090,-38.448599999999999,3.1919
7091,-39.205100000000002,3.1882000000000001
7092,-39.9739,3.1882000000000001
7093,-24.782900000000001,3.2124000000000001
7094,-24.696100000000001,3.2141999999999999
7095,-24.689900000000002,3.2141999999999999
7096,-24.689900000000002,3.2161
7097,-24.689900000000002,3.2161
7098,-24.702300000000001,3.2161
7099,-24.689900000000002,3.2161
7100,-24.7333,3.2161
7101,-24.7395,3.2161
7102,-24.7395,3.2161
7103,2.8210999999999999,3.2645
7104,3.2614000000000001,3.27
7105,3.5775999999999999,3.2738
7106,3.8256000000000001,3.2755999999999998
7107,4.0674000000000001,3.2793000000000001
7108,4.2968000000000002,3.2812000000000001
7109,4.4951999999999996,3.2831000000000001
7110,4.6626000000000003,3.2848999999999999
7111,4.8300999999999998,3.2867999999999999
7112,4.8982999999999999,3.2886000000000002
7113,4.9478999999999997,3.2905000000000002
7114,4.9417,3.2924000000000002
7115,4.8982999999999999,3.2924000000000002
7116,4.8611000000000004,3.2961
7117,4.7866999999999997,3.2978999999999998
7118,4.6999000000000004,3.2978999999999998
7119,9.9763999999999999,3.3090999999999999
7120,9.9825999999999997,3.3109999999999999
7121,9.0152999999999999,3.3109999999999999
7122,8.8169000000000004,3.3109999999999999
7123,7.9427000000000003,3.3109999999999999
7124,7.6635999999999997,3.3109999999999999
7125,6.7831999999999999,3.3109999999999999
7126,6.4607999999999999,3.3109999999999999
7127,8.2217000000000002,3.3147000000000002
7128,7.1055999999999999,3.3128000000000002
7129,5.8902999999999999,3.3128000000000002
7130,4.7370999999999999,3.3109999999999999
7131,3.7450000000000001,3.3090999999999999
7132,2.7776999999999998,3.3071999999999999
7133,1.8167,3.3071999999999999
7134,0.41539999999999999,3.3035000000000001
7135,-0.74399999999999999,3.3016999999999999
7136,-1.4259999999999999,3.3016999999999999
7137,-0.66959999999999997,3.3016999999999999
7138,-0.66959999999999997,3.3016999999999999
7139,-0.66959999999999997,3.3016999999999999
7140,-0.66959999999999997,3.3016999999999999
7141,-0.66959999999999997,3.3016999999999999
7142,-0.66959999999999997,3.3016999999999999
7143,-0.66959999999999997,3.3016999999999999
7144,-0.66959999999999997,3.3035000000000001
7145,-0.66959999999999997,3.3035000000000001
7146,-0.66959999999999997,3.3016999999999999
7147,-0.66959999999999997,3.3035000000000001
7148,-0.66959999999999997,3.3035000000000001
7149,-0.67579999999999996,3.3035000000000001
7150,-0.66959999999999997,3.3035000000000001
7151,-0.66959999999999997,3.3035000000000001
7152,-0.65720000000000001,3.3035000000000001
7153,-0.65720000000000001,3.3035000000000001
7154,-0.66959999999999997,3.3035000000000001
7155,-0.66959999999999997,3.3035000000000001
7156,-0.086800000000000002,3.3054000000000001
7157,-0.66959999999999997,3.3035000000000001
7158,-0.66959999999999997,3.3035000000000001
7159,-0.66959999999999997,3.3035000000000001
7160,-0.66959999999999997,3.3035000000000001
7161,-0.66959999999999997,3.3035000000000001
7162,-0.66959999999999997,3.3054000000000001
7163,-0.66959999999999997,3.3035000000000001
7164,-0.66959999999999997,3.3035000000000001
7165,-0.66959999999999997,3.3054000000000001
7166,-0.66959999999999997,3.3054000000000001
7167,-0.66959999999999997,3.3054000000000001
7168,-0.66959999999999997,3.3054000000000001
7169,-2.7528999999999999,3.3016999999999999
7170,-4.1790000000000003,3.2978999999999998
7171,-5.7849000000000004,3.2961
7172,-7.2172000000000001,3.2905000000000002
7173,-2.1515,3.2997999999999998
7174,-2.0647000000000002,3.3016999999999999
7175,-2.0709,3.3016999999999999
7176,-2.0585,3.3016999999999999
7177,-2.0647000000000002,3.3016999999999999
7178,-2.0709,3.3016999999999999
7179,-2.0647000000000002,3.3016999999999999
7180,-2.0647000000000002,3.3016999999999999
7181,-0.30380000000000001,3.3054000000000001
7182,-0.71299999999999997,3.3035000000000001
7183,-1.0726,3.3035000000000001
7184,-1.3515999999999999,3.3035000000000001
7185,-1.4694,3.3035000000000001
7186,-0.66959999999999997,3.3054000000000001
7187,-0.66959999999999997,3.3054000000000001
7188,-0.66959999999999997,3.3054000000000001
7189,-0.66959999999999997,3.3054000000000001
7190,-0.66959999999999997,3.3054000000000001
7191,-0.66959999999999997,3.3054000000000001
7192,-0.66959999999999997,3.3054000000000001
7193,-0.65720000000000001,3.3054000000000001
7194,-0.66959999999999997,3.3071999999999999
7195,-0.66959999999999997,3.3054000000000001
7196,-0.66959999999999997,3.3054000000000001
7197,-0.67579999999999996,3.3071999999999999
7198,-0.66959999999999997,3.3071999999999999
7199,-0.66959999999999997,3.3071999999999999
7200,-0.66959999999999997,3.3071999999999999
7201,-0.66959999999999997,3.3071999999999999
7202,-0.66959999999999997,3.3071999999999999
7203,-0.66959999999999997,3.3071999999999999
7204,-0.65720000000000001,3.3071999999999999
7205,-0.66959999999999997,3.3071999999999999
7206,-0.66959999999999997,3.3071999999999999
7207,-2.1080999999999999,3.3054000000000001
7208,-2.8334999999999999,3.3035000000000001
7209,-3.6705999999999999,3.3016999999999999
7210,-4.5076000000000001,3.2997999999999998
7211,-5.1897000000000002,3.2978999999999998
7212,-6.1135000000000002,3.2961
7213,-7.0250000000000004,3.2924000000000002
7214,-7.7442000000000002,3.2905000000000002
7215,-8.9099000000000004,3.2867999999999999
7216,-9.9082000000000008,3.2848999999999999
7217,-10.5716,3.2831000000000001
7218,-11.9047,3.2793000000000001
7219,-3.5962000000000001,3.2961
7220,-3.4722,3.2961
7221,-3.4660000000000002,3.2961
7222,-3.4722,3.2978999999999998
7223,-3.4722,3.2978999999999998
7224,-3.4722,3.2978999999999998
7225,-3.4722,3.2978999999999998
7226,-3.4660000000000002,3.2978999999999998
7227,-3.4722,3.2978999999999998
7228,-3.4722,3.2978999999999998
7229,-3.4722,3.2978999999999998
7230,-3.4722,3.2978999999999998
7231,-3.4722,3.2978999999999998
7232,-3.4722,3.2978999999999998
7233,-3.4722,3.2978999999999998
7234,-3.4784000000000002,3.2978999999999998
7235,-3.4722,3.2978999999999998
7236,-3.4722,3.2978999999999998
7237,-3.4784000000000002,3.2978999999999998
7238,-3.4660000000000002,3.2978999999999998
7239,-3.4660000000000002,3.2978999999999998
7240,-3.4660000000000002,3.2978999999999998
7241,-3.4722,3.2978999999999998
7242,-3.4722,3.2978999999999998
7243,1.3702000000000001,3.3071999999999999
7244,1.1779999999999999,3.3071999999999999
7245,0.94240000000000002,3.3071999999999999
7246,0.65720000000000001,3.3071999999999999
7247,0.41539999999999999,3.3071999999999999
7248,0.21079999999999999,3.3071999999999999
7249,-0.34720000000000001,3.3071999999999999
7250,-0.78739999999999999,3.3071999999999999
7251,-1.1097999999999999,3.3054000000000001
7252,-1.3515999999999999,3.3054000000000001
7253,-1.4694,3.3054000000000001
7254,-0.66959999999999997,3.3071999999999999
7255,-0.66959999999999997,3.3071999999999999
7256,-0.66959999999999997,3.3071999999999999
7257,-0.67579999999999996,3.3071999999999999
7258,-0.66959999999999997,3.3071999999999999
7259,-0.66959999999999997,3.3071999999999999
7260,-0.66959999999999997,3.3071999999999999
7261,-0.66959999999999997,3.3071999999999999
7262,-0.66959999999999997,3.3071999999999999
7263,-0.66959999999999997,3.3090999999999999
7264,-0.66959999999999997,3.3090999999999999
7265,-0.66959999999999997,3.3071999999999999
7266,-0.66959999999999997,3.3090999999999999
7267,-0.66959999999999997,3.3090999999999999
7268,-0.66959999999999997,3.3090999999999999
7269,-0.66959999999999997,3.3090999999999999
7270,-0.66959999999999997,3.3090999999999999
7271,-0.66959999999999997,3.3090999999999999
7272,-0.66959999999999997,3.3090999999999999
7273,-0.66959999999999997,3.3090999999999999
7274,-0.66959999999999997,3.3090999999999999
7275,-1.7857000000000001,3.3071999999999999
7276,-2.1515,3.3054000000000001
7277,-2.6227,3.3054000000000001
7278,-2.9885000000000002,3.3035000000000001
7279,-3.4287999999999998,3.3035000000000001
7280,-3.8628,3.3016999999999999
7281,-4.4269999999999996,3.2997999999999998
7282,-4.7495000000000003,3.2997999999999998
7283,-5.1959,3.2997999999999998
7284,-5.7042999999999999,3.2978999999999998
7285,-6.4298000000000002,3.2961
7286,-7.5457999999999998,3.2924000000000002
7287,-6.5103999999999997,3.2924000000000002
7288,-7.7751999999999999,3.2905000000000002
7289,-8.3147000000000002,3.2886000000000002
7290,-9.2385000000000002,3.2867999999999999
7291,-9.468,3.2848999999999999
7292,-9.9515999999999991,3.2831000000000001
7293,-10.4786,3.2831000000000001
7294,-11.4397,3.2793000000000001
7295,-11.551299999999999,3.2793000000000001
7296,-12.109299999999999,3.2774999999999999
7297,-12.6736,3.2755999999999998
7298,-13.758599999999999,3.2738
7299,-13.8268,3.2719
7300,-14.4655,3.27
7301,-5.2702999999999998,3.2848999999999999
7302,-5.1463000000000001,3.2867999999999999
7303,-5.1463000000000001,3.2867999999999999
7304,-5.1401000000000003,3.2886000000000002
7305,-5.1401000000000003,3.2886000000000002
7306,-5.1463000000000001,3.2886000000000002
7307,-5.1463000000000001,3.2886000000000002
7308,-5.1463000000000001,3.2886000000000002
7309,-5.1463000000000001,3.2886000000000002
7310,-5.1463000000000001,3.2886000000000002
7311,-5.1463000000000001,3.2886000000000002
7312,-5.1401000000000003,3.2886000000000002
7313,0.97960000000000003,3.3016999999999999
7314,0.97340000000000004,3.3035000000000001
7315,0.65720000000000001,3.3035000000000001
7316,0.78120000000000001,3.3054000000000001
7317,0.66339999999999999,3.3054000000000001
7318,0.37819999999999998,3.3054000000000001
7319,0.45879999999999999,3.3054000000000001
7320,0.33479999999999999,3.3054000000000001
7321,-3.6272000000000002,3.2997999999999998
7322,-3.7078000000000002,3.2997999999999998
7323,-3.7016,3.2978999999999998
7324,-3.7078000000000002,3.2978999999999998
7325,-3.6953999999999998,3.2978999999999998
7326,-3.7016,3.2978999999999998
7327,-3.7016,3.2978999999999998
7328,-3.7078000000000002,3.2978999999999998
7329,-3.7016,3.2978999999999998
7330,-3.7078000000000002,3.2978999999999998
7331,-3.7016,3.2978999999999998
7332,-3.7078000000000002,3.2978999999999998
7333,-3.7016,3.2978999999999998
7334,1.7051000000000001,3.3071999999999999
7335,1.5065999999999999,3.3090999999999999
7336,1.3391999999999999,3.3090999999999999
7337,0.94240000000000002,3.3090999999999999
7338,0.66339999999999999,3.3090999999999999
7339,0.41539999999999999,3.3090999999999999
7340,0.13639999999999999,3.3090999999999999
7341,-0.3286,3.3071999999999999
7342,-0.75019999999999998,3.3071999999999999
7343,-1.1097999999999999,3.3071999999999999
7344,-1.3515999999999999,3.3054000000000001
7345,-1.4756,3.3054000000000001
7346,-0.66959999999999997,3.3071999999999999
7347,-0.66959999999999997,3.3071999999999999
7348,-0.66959999999999997,3.3071999999999999
7349,-0.66959999999999997,3.3071999999999999
7350,-0.66959999999999997,3.3090999999999999
7351,-0.66959999999999997,3.3090999999999999
7352,-0.66959999999999997,3.3090999999999999
7353,-0.66959999999999997,3.3090999999999999
7354,-0.66959999999999997,3.3090999999999999
7355,-0.66959999999999997,3.3090999999999999
7356,-0.66959999999999997,3.3090999999999999
7357,-0.66959999999999997,3.3090999999999999
7358,-0.66959999999999997,3.3090999999999999
7359,-0.66959999999999997,3.3090999999999999
7360,-0.66959999999999997,3.3090999999999999
7361,-0.66959999999999997,3.3090999999999999
7362,-0.66959999999999997,3.3090999999999999
7363,-0.66959999999999997,3.3090999999999999
7364,-0.66959999999999997,3.3090999999999999
7365,-2.7528999999999999,3.3054000000000001
7366,-4.1913999999999998,3.3035000000000001
7367,-5.8220999999999998,3.2997999999999998
7368,-7.2295999999999996,3.2961
7369,-2.1825000000000001,3.3035000000000001
7370,-2.0709,3.3054000000000001
7371,-2.0647000000000002,3.3054000000000001
7372,-2.0647000000000002,3.3054000000000001
7373,-2.0647000000000002,3.3054000000000001
7374,-2.0709,3.3054000000000001
7375,-2.0709,3.3054000000000001
7376,-2.0647000000000002,3.3054000000000001
7377,-0.30380000000000001,3.3090999999999999
7378,-0.71299999999999997,3.3090999999999999
7379,-1.0726,3.3071999999999999
7380,-1.3515999999999999,3.3071999999999999
7381,-1.4694,3.3071999999999999
7382,-0.66959999999999997,3.3090999999999999
7383,-0.66959999999999997,3.3090999999999999
7384,-0.66959999999999997,3.3090999999999999
7385,-0.66959999999999997,3.3090999999999999
7386,-0.66959999999999997,3.3090999999999999
7387,-0.66959999999999997,3.3090999999999999
7388,-0.66959999999999997,3.3090999999999999
7389,-0.66959999999999997,3.3109999999999999
7390,-0.66959999999999997,3.3090999999999999
7391,-0.66959999999999997,3.3090999999999999
7392,-0.66959999999999997,3.3090999999999999
7393,-0.66959999999999997,3.3109999999999999
7394,-0.66959999999999997,3.3109999999999999
7395,-0.66959999999999997,3.3109999999999999
7396,-0.66959999999999997,3.3109999999999999
7397,-0.66959999999999997,3.3109999999999999
7398,-0.66959999999999997,3.3109999999999999
7399,-0.66959999999999997,3.3109999999999999
7400,-0.66959999999999997,3.3109999999999999
7401,-0.66959999999999997,3.3109999999999999
7402,-0.66959999999999997,3.3109999999999999
7403,-2.1080999999999999,3.3071999999999999
7404,-2.8334999999999999,3.3071999999999999
7405,-3.6705999999999999,3.3054000000000001
7406,-4.5014000000000003,3.3035000000000001
7407,-5.1959,3.3016999999999999
7408,-6.1444999999999999,3.2978999999999998
7409,-7.0250000000000004,3.2961
7410,-7.7380000000000004,3.2924000000000002
7411,-8.9533000000000005,3.2905000000000002
7412,-9.9391999999999996,3.2867999999999999
7413,-10.584,3.2848999999999999
7414,-11.9047,3.2812000000000001
7415,-3.5838000000000001,3.2978999999999998
7416,-3.4660000000000002,3.2997999999999998
7417,-3.4660000000000002,3.2997999999999998
7418,-3.4722,3.2997999999999998
7419,-3.4722,3.2997999999999998
7420,-3.4722,3.2997999999999998
7421,-3.4660000000000002,3.2997999999999998
7422,-3.4722,3.2997999999999998
7423,-3.4722,3.2997999999999998
7424,-3.4722,3.2997999999999998
7425,-3.4722,3.2997999999999998
7426,-3.4722,3.2997999999999998
7427,-3.4722,3.2997999999999998
7428,-3.4722,3.2997999999999998
7429,-3.4660000000000002,3.2997999999999998
7430,-3.4660000000000002,3.2997999999999998
7431,-3.4784000000000002,3.2997999999999998
7432,-3.4660000000000002,3.2997999999999998
7433,-3.4722,3.2997999999999998
7434,-3.4660000000000002,3.2997999999999998
7435,-3.4722,3.2997999999999998
7436,-3.4722,3.2997999999999998
7437,-3.4660000000000002,3.2997999999999998
7438,-3.4722,3.2997999999999998
7439,1.3764000000000001,3.3090999999999999
7440,1.2214,3.3090999999999999
7441,0.94240000000000002,3.3109999999999999
7442,0.65720000000000001,3.3109999999999999
7443,0.41539999999999999,3.3109999999999999
7444,0.21079999999999999,3.3109999999999999
7445,-0.33479999999999999,3.3090999999999999
7446,-0.79359999999999997,3.3090999999999999
7447,-1.1097999999999999,3.3090999999999999
7448,-1.3515999999999999,3.3071999999999999
7449,-1.4694,3.3071999999999999
7450,-0.66959999999999997,3.3090999999999999
7451,-0.66959999999999997,3.3090999999999999
7452,-0.66959999999999997,3.3090999999999999
7453,-0.66959999999999997,3.3090999999999999
7454,-0.66959999999999997,3.3090999999999999
7455,-0.66959999999999997,3.3090999999999999
7456,-0.67579999999999996,3.3090999999999999
7457,-0.66959999999999997,3.3090999999999999
7458,-0.66959999999999997,3.3090999999999999
7459,-0.66959999999999997,3.3090999999999999
7460,-0.67579999999999996,3.3090999999999999
7461,-0.66959999999999997,3.3109999999999999
7462,-0.66959999999999997,3.3109999999999999
7463,-0.67579999999999996,3.3109999999999999
7464,-0.66959999999999997,3.3109999999999999
7465,-0.66959999999999997,3.3109999999999999
7466,-0.66959999999999997,3.3109999999999999
7467,-0.66959999999999997,3.3109999999999999
7468,-0.66959999999999997,3.3109999999999999
7469,-0.66959999999999997,3.3109999999999999
7470,-0.66959999999999997,3.3109999999999999
7471,-1.7919,3.3090999999999999
7472,-2.1515,3.3090999999999999
7473,-2.6227,3.3071999999999999
7474,-2.9885000000000002,3.3054000000000001
7475,-3.4163999999999999,3.3054000000000001
7476,-3.8628,3.3035000000000001
7477,-4.4641999999999999,3.3016999999999999
7478,-4.7495000000000003,3.3016999999999999
7479,-5.2393000000000001,3.2997999999999998
7480,-5.7104999999999997,3.2978999999999998
7481,-6.4732000000000003,3.2978999999999998
7482,-7.5457999999999998,3.2924000000000002
7483,-6.5476000000000001,3.2961
7484,-7.7751999999999999,3.2924000000000002
7485,-8.3457000000000008,3.2905000000000002
7486,-9.2261000000000006,3.2886000000000002
7487,-9.468,3.2867999999999999
7488,-9.9329999999999998,3.2848999999999999
7489,-10.466200000000001,3.2831000000000001
7490,-11.427300000000001,3.2812000000000001
7491,-11.5761,3.2793000000000001
7492,-12.1031,3.2774999999999999
7493,-12.6798,3.2774999999999999
7494,-13.7524,3.2738
7495,-13.864000000000001,3.2719
7496,-14.4655,3.27
7497,-5.2702999999999998,3.2867999999999999
7498,-5.1463000000000001,3.2867999999999999
7499,-5.1463000000000001,3.2886000000000002
7500,-5.1463000000000001,3.2886000000000002
7501,-5.1463000000000001,3.2886000000000002
7502,-5.1463000000000001,3.2886000000000002
7503,-5.1463000000000001,3.2905000000000002
7504,-5.1463000000000001,3.2905000000000002
7505,-5.1401000000000003,3.2905000000000002
7506,-5.1463000000000001,3.2905000000000002
7507,-5.1463000000000001,3.2905000000000002
7508,-5.1524999999999999,3.2905000000000002
7509,0.97340000000000004,3.3035000000000001
7510,1.0167999999999999,3.3035000000000001
7511,0.66339999999999999,3.3054000000000001
7512,0.78120000000000001,3.3054000000000001
7513,0.66339999999999999,3.3071999999999999
7514,0.38440000000000002,3.3071999999999999
7515,0.45879999999999999,3.3071999999999999
7516,0.34100000000000003,3.3071999999999999
7517,-3.6272000000000002,3.2997999999999998
7518,-3.7016,3.2997999999999998
7519,-3.7078000000000002,3.2997999999999998
7520,-3.7016,3.2997999999999998
7521,-3.7016,3.2997999999999998
7522,-3.7078000000000002,3.2997999999999998
7523,-3.7078000000000002,3.2997999999999998
7524,-3.7078000000000002,3.2997999999999998
7525,-3.7016,3.2997999999999998
7526,-3.7016,3.2997999999999998
7527,-3.7078000000000002,3.2997999999999998
7528,-3.7078000000000002,3.2997999999999998
7529,-3.7016,3.2997999999999998
7530,1.7051000000000001,3.3090999999999999
7531,1.5065999999999999,3.3090999999999999
7532,1.3391999999999999,3.3090999999999999
7533,0.94240000000000002,3.3090999999999999
7534,0.66339999999999999,3.3090999999999999
7535,0.41539999999999999,3.3109999999999999
7536,0.13639999999999999,3.3090999999999999
7537,-0.34100000000000003,3.3090999999999999
7538,-0.74399999999999999,3.3090999999999999
7539,-1.1097999999999999,3.3071999999999999
7540,-1.3515999999999999,3.3071999999999999
7541,-1.4694,3.3071999999999999
7542,-0.66959999999999997,3.3090999999999999
7543,-0.66959999999999997,3.3090999999999999
7544,-0.66959999999999997,3.3090999999999999
7545,-0.66959999999999997,3.3090999999999999
7546,-0.66959999999999997,3.3090999999999999
7547,-0.66959999999999997,3.3090999999999999
7548,-0.66959999999999997,3.3090999999999999
7549,-0.66959999999999997,3.3090999999999999
7550,-0.66959999999999997,3.3090999999999999
7551,-0.66959999999999997,3.3109999999999999
7552,-0.66959999999999997,3.3090999999999999
7553,-0.67579999999999996,3.3109999999999999
7554,-0.66959999999999997,3.3109999999999999
7555,-0.66959999999999997,3.3109999999999999
7556,-0.66959999999999997,3.3090999999999999
7557,-0.66959999999999997,3.3109999999999999
7558,-0.66959999999999997,3.3109999999999999
7559,-0.66959999999999997,3.3109999999999999
7560,-0.66959999999999997,3.3109999999999999
7561,-2.7528999999999999,3.3071999999999999
7562,-4.1913999999999998,3.3035000000000001
7563,-5.8282999999999996,3.2997999999999998
7564,-7.2233999999999998,3.2978999999999998
7565,-2.1949000000000001,3.3054000000000001
7566,-2.1080999999999999,3.3054000000000001
7567,-2.1080999999999999,3.3054000000000001
7568,-2.1080999999999999,3.3054000000000001
7569,-2.1019000000000001,3.3054000000000001
7570,-2.1080999999999999,3.3054000000000001
7571,-2.1080999999999999,3.3054000000000001
7572,-2.1080999999999999,3.3071999999999999
7573,-0.30380000000000001,3.3090999999999999
7574,-0.71299999999999997,3.3090999999999999
7575,-1.0664,3.3090999999999999
7576,-1.3515999999999999,3.3090999999999999
7577,-1.4694,3.3090999999999999
7578,-0.66959999999999997,3.3090999999999999
7579,-0.66959999999999997,3.3109999999999999
7580,-0.67579999999999996,3.3109999999999999
7581,-0.66959999999999997,3.3109999999999999
7582,-0.66959999999999997,3.3109999999999999
7583,-0.66959999999999997,3.3109999999999999
7584,-0.66959999999999997,3.3109999999999999
7585,-0.65720000000000001,3.3109999999999999
7586,-0.66959999999999997,3.3109999999999999
7587,-0.66959999999999997,3.3109999999999999
7588,-0.66959999999999997,3.3109999999999999
7589,-0.66959999999999997,3.3109999999999999
7590,-0.66959999999999997,3.3109999999999999
7591,-0.66959999999999997,3.3109999999999999
7592,-0.65720000000000001,3.3109999999999999
7593,-0.66959999999999997,3.3109999999999999
7594,-0.66959999999999997,3.3109999999999999
7595,-0.66959999999999997,3.3109999999999999
7596,-0.66959999999999997,3.3109999999999999
7597,-0.66959999999999997,3.3109999999999999
7598,-0.66959999999999997,3.3128000000000002
7599,-2.1080999999999999,3.3090999999999999
7600,-2.8334999999999999,3.3071999999999999
7601,-3.6705999999999999,3.3054000000000001
7602,-4.5014000000000003,3.3035000000000001
7603,-5.1897000000000002,3.3016999999999999
7604,-6.1569000000000003,3.2997999999999998
7605,-7.0621999999999998,3.2978999999999998
7606,-7.7751999999999999,3.2924000000000002
7607,-8.9533000000000005,3.2905000000000002
7608,-9.9515999999999991,3.2886000000000002
7609,-10.6274,3.2848999999999999
7610,-11.9419,3.2831000000000001
7611,-3.5775999999999999,3.2978999999999998
7612,-3.5032000000000001,3.2997999999999998
7613,-3.5093999999999999,3.2997999999999998
7614,-3.5032000000000001,3.2997999999999998
7615,-3.5093999999999999,3.2997999999999998
7616,-3.5093999999999999,3.2997999999999998
7617,-3.5093999999999999,3.2997999999999998
7618,-3.5032000000000001,3.2997999999999998
7619,-3.5093999999999999,3.2997999999999998
7620,-3.5032000000000001,3.2997999999999998
7621,-3.5032000000000001,3.2997999999999998
7622,-3.5093999999999999,3.3016999999999999
7623,-3.5032000000000001,3.2997999999999998
7624,-3.5093999999999999,3.2997999999999998
7625,-3.5093999999999999,3.2997999999999998
7626,-3.5032000000000001,3.3016999999999999
7627,-3.5032000000000001,3.2997999999999998
7628,-3.5032000000000001,3.3016999999999999
7629,-3.5093999999999999,3.2997999999999998
7630,-3.5032000000000001,3.2997999999999998
7631,-3.5032000000000001,3.2997999999999998
7632,-3.5032000000000001,3.3016999999999999
7633,-3.5032000000000001,3.2997999999999998
7634,-3.5032000000000001,3.2997999999999998
7635,1.3764000000000001,3.3090999999999999
7636,1.2214,3.3109999999999999
7637,0.94240000000000002,3.3109999999999999
7638,0.65720000000000001,3.3109999999999999
7639,0.41539999999999999,3.3109999999999999
7640,0.217,3.3109999999999999
7641,-0.33479999999999999,3.3090999999999999
7642,-0.78739999999999999,3.3090999999999999
7643,-1.1097999999999999,3.3090999999999999
7644,-1.3515999999999999,3.3090999999999999
7645,-1.4694,3.3071999999999999
7646,-0.66959999999999997,3.3090999999999999
7647,-0.66959999999999997,3.3090999999999999
7648,-0.66959999999999997,3.3090999999999999
7649,-0.66959999999999997,3.3109999999999999
7650,-0.66959999999999997,3.3090999999999999
7651,-0.66959999999999997,3.3109999999999999
7652,-0.66959999999999997,3.3109999999999999
7653,-0.66959999999999997,3.3109999999999999
7654,-0.66959999999999997,3.3109999999999999
7655,-0.66959999999999997,3.3109999999999999
7656,-0.66959999999999997,3.3109999999999999
7657,-0.66959999999999997,3.3109999999999999
7658,-0.66959999999999997,3.3109999999999999
7659,-0.66959999999999997,3.3109999999999999
7660,-0.66959999999999997,3.3109999999999999
7661,-0.66959999999999997,3.3109999999999999
7662,-0.66959999999999997,3.3109999999999999
7663,-0.66959999999999997,3.3109999999999999
7664,-0.66959999999999997,3.3109999999999999
7665,-0.66959999999999997,3.3109999999999999
7666,-0.66959999999999997,3.3109999999999999
7667,-1.7857000000000001,3.3090999999999999
7668,-2.1515,3.3090999999999999
7669,-2.6288999999999998,3.3071999999999999
7670,-2.9885000000000002,3.3071999999999999
7671,-3.4226000000000001,3.3054000000000001
7672,-3.8628,3.3035000000000001
7673,-4.4641999999999999,3.3035000000000001
7674,-4.7309000000000001,3.3016999999999999
7675,-5.2268999999999997,3.2997999999999998
7676,-5.6981000000000002,3.2997999999999998
7677,-6.4669999999999996,3.2978999999999998
7678,-7.5582000000000003,3.2961
7679,-6.5476000000000001,3.2961
7680,-7.7813999999999997,3.2924000000000002
7681,-8.3457000000000008,3.2905000000000002
7682,-9.2261000000000006,3.2886000000000002
7683,-9.4618000000000002,3.2867999999999999
7684,-9.9825999999999997,3.2848999999999999
7685,-10.497199999999999,3.2831000000000001
7686,-11.458299999999999,3.2812000000000001
7687,-11.5823,3.2793000000000001
7688,-12.152699999999999,3.2774999999999999
7689,-12.704599999999999,3.2755999999999998
7690,-13.7896,3.2738
7691,-13.901199999999999,3.2719
7692,-14.502700000000001,3.27
7693,-5.2579000000000002,3.2867999999999999
7694,-5.1897000000000002,3.2867999999999999
7695,-5.1897000000000002,3.2886000000000002
7696,-5.1959,3.2886000000000002
7697,-5.1835000000000004,3.2886000000000002
7698,-5.1835000000000004,3.2886000000000002
7699,-5.1897000000000002,3.2886000000000002
7700,-5.1835000000000004,3.2905000000000002
7701,-5.1897000000000002,3.2905000000000002
7702,-5.1835000000000004,3.2905000000000002
7703,-5.1897000000000002,3.2905000000000002
7704,-5.1897000000000002,3.2905000000000002
7705,0.97960000000000003,3.3035000000000001
7706,1.0167999999999999,3.3035000000000001
7707,0.65720000000000001,3.3054000000000001
7708,0.78120000000000001,3.3054000000000001
7709,0.66339999999999999,3.3071999999999999
7710,0.37819999999999998,3.3054000000000001
7711,0.45879999999999999,3.3071999999999999
7712,0.33479999999999999,3.3071999999999999
7713,-3.6334,3.2997999999999998
7714,-3.7016,3.2997999999999998
7715,-3.7016,3.2997999999999998
7716,-3.7078000000000002,3.2997999999999998
7717,-3.7016,3.2997999999999998
7718,-3.7078000000000002,3.2997999999999998
7719,-3.7078000000000002,3.2978999999999998
7720,-3.7016,3.2997999999999998
7721,-3.7016,3.2978999999999998
7722,-3.7016,3.2997999999999998
7723,-3.6953999999999998,3.2978999999999998
7724,-3.7016,3.2997999999999998
7725,-3.7016,3.2997999999999998
7726,1.7051000000000001,3.3090999999999999
7727,1.5127999999999999,3.3090999999999999
7728,1.3391999999999999,3.3109999999999999
7729,0.93620000000000003,3.3090999999999999
7730,0.66339999999999999,3.3090999999999999
7731,0.41539999999999999,3.3090999999999999
7732,0.13639999999999999,3.3090999999999999
7733,-0.34100000000000003,3.3090999999999999
7734,-0.75019999999999998,3.3090999999999999
7735,-1.1097999999999999,3.3071999999999999
7736,-1.3515999999999999,3.3071999999999999
7737,-1.4694,3.3071999999999999
7738,-0.66959999999999997,3.3090999999999999
7739,-0.66959999999999997,3.3090999999999999
7740,-0.65720000000000001,3.3090999999999999
7741,-0.66959999999999997,3.3090999999999999
7742,-0.66959999999999997,3.3090999999999999
7743,-0.66959999999999997,3.3090999999999999
7744,-0.65720000000000001,3.3090999999999999
7745,-0.66959999999999997,3.3090999999999999
7746,-0.66959999999999997,3.3090999999999999
7747,-0.66959999999999997,3.3090999999999999
7748,-0.66959999999999997,3.3090999999999999
7749,-0.65720000000000001,3.3109999999999999
7750,-0.66959999999999997,3.3109999999999999
7751,-0.66959999999999997,3.3109999999999999
7752,-0.66959999999999997,3.3109999999999999
7753,-0.66959999999999997,3.3109999999999999
7754,-0.66959999999999997,3.3109999999999999
7755,-0.66959999999999997,3.3109999999999999
7756,-0.65720000000000001,3.3109999999999999
7757,-2.7528999999999999,3.3071999999999999
7758,-4.1852,3.3035000000000001
7759,-5.8282999999999996,3.2997999999999998
7760,-7.2729999999999997,3.2961
7761,-2.1886999999999999,3.3054000000000001
7762,-2.1080999999999999,3.3054000000000001
7763,-2.1080999999999999,3.3054000000000001
7764,-2.1080999999999999,3.3054000000000001
7765,-2.1080999999999999,3.3071999999999999
7766,-2.1019000000000001,3.3054000000000001
7767,-2.1080999999999999,3.3054000000000001
7768,-2.1080999999999999,3.3071999999999999
7769,-0.30380000000000001,3.3090999999999999
7770,-0.70679999999999998,3.3090999999999999
7771,-1.0726,3.3090999999999999
7772,-1.3453999999999999,3.3090999999999999
7773,-1.4694,3.3071999999999999
7774,-0.66959999999999997,3.3090999999999999
7775,-0.66959999999999997,3.3109999999999999
7776,-0.66959999999999997,3.3109999999999999
7777,-0.66959999999999997,3.3109999999999999
7778,-0.66959999999999997,3.3109999999999999
7779,-0.66959999999999997,3.3109999999999999
7780,-0.65720000000000001,3.3109999999999999
7781,-0.66959999999999997,3.3109999999999999
7782,-0.67579999999999996,3.3109999999999999
7783,-0.66959999999999997,3.3109999999999999
7784,-0.66959999999999997,3.3109999999999999
7785,-0.66959999999999997,3.3109999999999999
7786,-0.66959999999999997,3.3109999999999999
7787,-0.65720000000000001,3.3109999999999999
7788,-0.66959999999999997,3.3109999999999999
7789,-0.66959999999999997,3.3109999999999999
7790,-0.66959999999999997,3.3109999999999999
7791,-0.66959999999999997,3.3109999999999999
7792,-0.66959999999999997,3.3109999999999999
7793,-0.66959999999999997,3.3109999999999999
7794,-0.66959999999999997,3.3109999999999999
7795,-2.1515,3.3090999999999999
7796,-2.8334999999999999,3.3071999999999999
7797,-3.6953999999999998,3.3054000000000001
7798,-4.5014000000000003,3.3035000000000001
7799,-5.1897000000000002,3.3016999999999999
7800,-6.1506999999999996,3.2997999999999998
7801,-7.0683999999999996,3.2978999999999998
7802,-7.7813999999999997,3.2961
7803,-8.9533000000000005,3.2905000000000002
7804,-9.9515999999999991,3.2867999999999999
7805,-10.633599999999999,3.2848999999999999
7806,-11.9419,3.2831000000000001
7807,-3.6334,3.2978999999999998
7808,-3.5093999999999999,3.2997999999999998
7809,-3.5093999999999999,3.2997999999999998
7810,-3.5093999999999999,3.2997999999999998
7811,-3.5093999999999999,3.2997999999999998
7812,-3.5093999999999999,3.2997999999999998
7813,-3.5032000000000001,3.2997999999999998
7814,-3.5032000000000001,3.2997999999999998
7815,-3.5032000000000001,3.2997999999999998
7816,-3.5093999999999999,3.2997999999999998
7817,-3.5093999999999999,3.2997999999999998
7818,-3.5032000000000001,3.2997999999999998
7819,-3.5032000000000001,3.2997999999999998
7820,-3.5093999999999999,3.2997999999999998
7821,-3.5032000000000001,3.3016999999999999
7822,-3.5093999999999999,3.3016999999999999
7823,-3.5093999999999999,3.2997999999999998
7824,-3.5093999999999999,3.2997999999999998
7825,-3.5093999999999999,3.2997999999999998
7826,-3.5093999999999999,3.2997999999999998
7827,-3.5093999999999999,3.2997999999999998
7828,-3.5032000000000001,3.3016999999999999
7829,-3.5032000000000001,3.2997999999999998
7830,-3.5093999999999999,3.2997999999999998
7831,1.3764000000000001,3.3109999999999999
7832,1.2214,3.3109999999999999
7833,0.94240000000000002,3.3109999999999999
7834,0.66339999999999999,3.3109999999999999
7835,0.41539999999999999,3.3109999999999999
7836,0.217,3.3109999999999999
7837,-0.34100000000000003,3.3090999999999999
7838,-0.78739999999999999,3.3090999999999999
7839,-1.1160000000000001,3.3090999999999999
7840,-1.3515999999999999,3.3071999999999999
7841,-1.4694,3.3071999999999999
7842,-0.66959999999999997,3.3090999999999999
7843,-0.66959999999999997,3.3090999999999999
7844,-0.65720000000000001,3.3090999999999999
7845,-0.66959999999999997,3.3090999999999999
7846,-0.66959999999999997,3.3109999999999999
7847,-0.66959999999999997,3.3109999999999999
7848,-0.66959999999999997,3.3109999999999999
7849,-0.66959999999999997,3.3109999999999999
7850,-0.66959999999999997,3.3109999999999999
7851,-0.66959999999999997,3.3109999999999999
7852,-0.66959999999999997,3.3109999999999999
7853,-0.66959999999999997,3.3109999999999999
7854,-0.66959999999999997,3.3109999999999999
7855,-0.66959999999999997,3.3109999999999999
7856,-0.66959999999999997,3.3109999999999999
7857,-0.65720000000000001,3.3109999999999999
7858,-0.66959999999999997,3.3109999999999999
7859,-0.66959999999999997,3.3109999999999999
7860,-0.66959999999999997,3.3109999999999999
7861,-0.66959999999999997,3.3109999999999999
7862,-0.66959999999999997,3.3109999999999999
7863,-1.7857000000000001,3.3090999999999999
7864,-2.1515,3.3090999999999999
7865,-2.6288999999999998,3.3071999999999999
7866,-3.0318999999999998,3.3071999999999999
7867,-3.4287999999999998,3.3054000000000001
7868,-3.8628,3.3054000000000001
7869,-4.4580000000000002,3.3035000000000001
7870,-4.7929000000000004,3.3016999999999999
7871,-5.2393000000000001,3.2997999999999998
7872,-5.7477,3.2997999999999998
7873,-6.4669999999999996,3.2978999999999998
7874,-7.5768000000000004,3.2924000000000002
7875,-6.5476000000000001,3.2961
7876,-7.8249000000000004,3.2905000000000002
7877,-8.3457000000000008,3.2905000000000002
7878,-9.2570999999999994,3.2867999999999999
7879,-9.5114000000000001,3.2867999999999999
7880,-9.9763999999999999,3.2848999999999999
7881,-10.503399999999999,3.2831000000000001
7882,-11.470700000000001,3.2812000000000001
7883,-11.6257,3.2793000000000001
7884,-12.1465,3.2774999999999999
7885,-12.698399999999999,3.2755999999999998
7886,-13.8268,3.2719
7887,-13.901199999999999,3.2719
7888,-14.502700000000001,3.27
7889,-5.2702999999999998,3.2848999999999999
7890,-5.1897000000000002,3.2867999999999999
7891,-5.1835000000000004,3.2886000000000002
7892,-5.1835000000000004,3.2886000000000002
7893,-5.1835000000000004,3.2886000000000002
7894,-5.1897000000000002,3.2886000000000002
7895,-5.1897000000000002,3.2886000000000002
7896,-5.1897000000000002,3.2886000000000002
7897,-5.1835000000000004,3.2886000000000002
7898,-5.1772999999999998,3.2886000000000002
7899,-5.1835000000000004,3.2905000000000002
7900,-5.1835000000000004,3.2886000000000002
7901,0.97960000000000003,3.3016999999999999
7902,1.0167999999999999,3.3035000000000001
7903,0.66339999999999999,3.3035000000000001
7904,0.78120000000000001,3.3054000000000001
7905,0.66339999999999999,3.3071999999999999
7906,0.37819999999999998,3.3071999999999999
7907,0.45879999999999999,3.3071999999999999
7908,0.33479999999999999,3.3071999999999999
7909,-3.6334,3.2997999999999998
7910,-3.7078000000000002,3.2997999999999998
7911,-3.7016,3.2997999999999998
7912,-3.7016,3.2997999999999998
7913,-3.7016,3.2997999999999998
7914,-3.7078000000000002,3.2978999999999998
7915,-3.7016,3.2997999999999998
7916,-3.7016,3.2997999999999998
7917,-3.7016,3.2997999999999998
7918,-3.7078000000000002,3.2997999999999998
7919,-3.7078000000000002,3.2997999999999998
7920,-3.7078000000000002,3.2997999999999998
7921,-3.7016,3.2978999999999998
7922,1.7051000000000001,3.3090999999999999
7923,1.5065999999999999,3.3090999999999999
7924,1.3391999999999999,3.3090999999999999
7925,0.94240000000000002,3.3090999999999999
7926,0.66339999999999999,3.3109999999999999
7927,0.41539999999999999,3.3090999999999999
7928,0.13639999999999999,3.3090999999999999
7929,-0.3286,3.3090999999999999
7930,-0.75019999999999998,3.3090999999999999
7931,-1.1097999999999999,3.3071999999999999
7932,-1.3515999999999999,3.3071999999999999
7933,-1.4694,3.3071999999999999
7934,-0.66959999999999997,3.3090999999999999
7935,-0.66959999999999997,3.3090999999999999
7936,-0.66959999999999997,3.3090999999999999
7937,-0.66959999999999997,3.3090999999999999
7938,-0.66959999999999997,3.3090999999999999
7939,-0.66959999999999997,3.3090999999999999
7940,-0.66959999999999997,3.3090999999999999
7941,-0.66959999999999997,3.3090999999999999
7942,-0.66959999999999997,3.3090999999999999
7943,-0.66959999999999997,3.3090999999999999
7944,-0.66959999999999997,3.3090999999999999
7945,-0.66959999999999997,3.3090999999999999
7946,-0.66959999999999997,3.3109999999999999
7947,-0.66959999999999997,3.3109999999999999
7948,-0.66959999999999997,3.3109999999999999
7949,-0.66959999999999997,3.3109999999999999
7950,-0.66959999999999997,3.3109999999999999
7951,-0.66959999999999997,3.3109999999999999
7952,-0.66959999999999997,3.3109999999999999
7953,-0.66959999999999997,3.3109999999999999
7954,-0.65720000000000001,3.3109999999999999
7955,-0.66959999999999997,3.3109999999999999
7956,-0.66959999999999997,3.3109999999999999
7957,-0.66959999999999997,3.3109999999999999
7958,-0.66959999999999997,3.3109999999999999
7959,-0.66959999999999997,3.3109999999999999
7960,-0.66959999999999997,3.3109999999999999
7961,-0.66959999999999997,3.3109999999999999
7962,-2.3127,3.3090999999999999
7963,-3.2551999999999999,3.3071999999999999
7964,-4.2657999999999996,3.3035000000000001
7965,-5.2702999999999998,3.3016999999999999
7966,-6.2686000000000002,3.2997999999999998
7967,-2.1453000000000002,3.3054000000000001
7968,-2.1019000000000001,3.3071999999999999
7969,-5.6670999999999996,3.2997999999999998
7970,-6.3925999999999998,3.2978999999999998
7971,-7.2729999999999997,3.2961
7972,-7.7442000000000002,3.2924000000000002
7973,-8.4262999999999995,3.2905000000000002
7974,-9.1144999999999996,3.2886000000000002
7975,-10.15,3.2848999999999999
7976,-10.5778,3.2831000000000001
7977,-11.2227,3.2812000000000001
7978,-3.8256000000000001,3.2961
7979,-3.7511999999999999,3.2978999999999998
7980,-10.553000000000001,3.2831000000000001
7981,-11.135899999999999,3.2812000000000001
7982,-11.2661,3.2793000000000001
7983,-12.214700000000001,3.2774999999999999
7984,-12.791399999999999,3.2755999999999998
7985,-13.3432,3.2738
7986,-13.392799999999999,3.2719
7987,-14.4903,3.27
7988,-5.3198999999999996,3.2848999999999999
7989,-5.1835000000000004,3.2867999999999999
7990,-12.686,3.2738
7991,-13.857799999999999,3.27
7992,-13.758599999999999,3.27
7993,-14.831300000000001,3.2663000000000002
7994,-14.7011,3.2663000000000002
7995,-15.184699999999999,3.2645
7996,-16.344200000000001,3.2625999999999999
7997,-16.183,3.2606999999999999
7998,-16.703800000000001,3.2589000000000001
7999,-17.956299999999999,3.2570000000000001
8000,-17.782699999999998,3.2551999999999999
8001,-19.097200000000001,3.2532999999999999
8002,-18.948399999999999,3.2513999999999998
8003,-8.4696999999999996,3.27
8004,-8.3828999999999994,3.2719
8005,-8.3890999999999991,3.2719
8006,-8.3828999999999994,3.2719
8007,-8.3953000000000007,3.2719
8008,-8.3953000000000007,3.2738
8009,-8.3890999999999991,3.2738
8010,-8.3828999999999994,3.2738
8011,-8.3828999999999994,3.2738
8012,-8.3890999999999991,3.2738
8013,-8.3828999999999994,3.2738
8014,-8.3890999999999991,3.2738
8015,-8.3890999999999991,3.2738
8016,-8.3828999999999994,3.2738
8017,-8.3704999999999998,3.2738
8018,-8.3890999999999991,3.2738
8019,-8.3890999999999991,3.2738
8020,-8.3828999999999994,3.2738
8021,-8.3953000000000007,3.2738
8022,-8.3890999999999991,3.2738
8023,-8.3953000000000007,3.2738
8024,-8.3890999999999991,3.2738
8025,-8.3828999999999994,3.2738
8026,-8.3890999999999991,3.2738
8027,-8.3890999999999991,3.2738
8028,-8.3828999999999994,3.2738
8029,-8.3953000000000007,3.2755999999999998
8030,-8.3890999999999991,3.2755999999999998
8031,-8.3828999999999994,3.2738
8032,-8.3890999999999991,3.2755999999999998
8033,-8.3890999999999991,3.2755999999999998
8034,-8.3953000000000007,3.2755999999999998
8035,-8.3890999999999991,3.2738
8036,-8.3828999999999994,3.2738
8037,-8.3890999999999991,3.2755999999999998
8038,-8.3890999999999991,3.2755999999999998
8039,-8.3890999999999991,3.2738
8040,-8.3890999999999991,3.2755999999999998
8041,-8.3890999999999991,3.2755999999999998
8042,-8.3890999999999991,3.2755999999999998
8043,-8.3828999999999994,3.2738
8044,-8.3828999999999994,3.2738
8045,-8.3890999999999991,3.2738
8046,-8.3890999999999991,3.2738
8047,-8.3953000000000007,3.2738
8048,-8.3890999999999991,3.2738
8049,-8.3890999999999991,3.2755999999999998
8050,-8.3953000000000007,3.2738
8051,-8.3890999999999991,3.2755999999999998
8052,-8.3953000000000007,3.2738
8053,3.8999999999999999,3.2978999999999998
8054,3.8999999999999999,3.3016999999999999
8055,3.7326000000000001,3.3035000000000001
8056,3.5838000000000001,3.3035000000000001
8057,3.3730000000000002,3.3054000000000001
8058,3.2242000000000002,3.3054000000000001
8059,3.0257000000000001,3.3054000000000001
8060,2.8210999999999999,3.3071999999999999
8061,-5.0285000000000002,3.2905000000000002
8062,-5.1897000000000002,3.2905000000000002
8063,-5.1959,3.2886000000000002
8064,-5.1897000000000002,3.2886000000000002
8065,-5.1897000000000002,3.2886000000000002
8066,-5.1897000000000002,3.2886000000000002
8067,-5.1897000000000002,3.2886000000000002
8068,-5.1897000000000002,3.2886000000000002
8069,-5.1897000000000002,3.2886000000000002
8070,-5.1835000000000004,3.2886000000000002
8071,-5.1897000000000002,3.2886000000000002
8072,-5.1897000000000002,3.2886000000000002
8073,-5.1835000000000004,3.2886000000000002
8074,-5.1835000000000004,3.2886000000000002
8075,-5.1897000000000002,3.2886000000000002
8076,-5.1835000000000004,3.2886000000000002
8077,-5.1835000000000004,3.2867999999999999
8078,-5.1897000000000002,3.2886000000000002
8079,-5.1835000000000004,3.2886000000000002
8080,-5.1959,3.2867999999999999
8081,-5.1897000000000002,3.2886000000000002
8082,-5.1835000000000004,3.2886000000000002
8083,-5.1835000000000004,3.2867999999999999
8084,-5.1835000000000004,3.2867999999999999
8085,-5.1835000000000004,3.2867999999999999
8086,-5.1897000000000002,3.2886000000000002
8087,-5.1897000000000002,3.2867999999999999
8088,-5.1897000000000002,3.2867999999999999
8089,-5.1835000000000004,3.2886000000000002
8090,-5.1897000000000002,3.2867999999999999
8091,-5.1897000000000002,3.2886000000000002
8092,-5.1772999999999998,3.2886000000000002
8093,-5.1897000000000002,3.2867999999999999
8094,-5.1835000000000004,3.2867999999999999
8095,-5.1897000000000002,3.2867999999999999
8096,-5.1835000000000004,3.2886000000000002
8097,-5.1835000000000004,3.2886000000000002
8098,-5.1897000000000002,3.2886000000000002
8099,-5.1897000000000002,3.2867999999999999
8100,-5.1897000000000002,3.2867999999999999
8101,-5.1897000000000002,3.2867999999999999
8102,-5.1959,3.2886000000000002
8103,-5.1897000000000002,3.2886000000000002
8104,-5.1835000000000004,3.2886000000000002
8105,-5.1835000000000004,3.2886000000000002
8106,-5.1897000000000002,3.2886000000000002
8107,-5.1897000000000002,3.2867999999999999
8108,-5.1897000000000002,3.2886000000000002
8109,-5.1835000000000004,3.2886000000000002
8110,-5.1835000000000004,3.2867999999999999
8111,-5.1835000000000004,3.2886000000000002
8112,-5.1835000000000004,3.2867999999999999
8113,-5.1897000000000002,3.2867999999999999
8114,-5.1897000000000002,3.2867999999999999
8115,-5.1897000000000002,3.2886000000000002
8116,-5.1897000000000002,3.2886000000000002
8117,-5.1897000000000002,3.2886000000000002
8118,-5.1835000000000004,3.2867999999999999
8119,-5.1897000000000002,3.2886000000000002
8120,-5.1897000000000002,3.2886000000000002
8121,-5.1897000000000002,3.2886000000000002
8122,-5.1897000000000002,3.2886000000000002
8123,-5.1835000000000004,3.2886000000000002
8124,-5.1835000000000004,3.2886000000000002
8125,-5.1835000000000004,3.2886000000000002
8126,-5.1897000000000002,3.2886000000000002
8127,-5.1835000000000004,3.2867999999999999
8128,-5.1897000000000002,3.2886000000000002
8129,-5.1897000000000002,3.2867999999999999
8130,-12.747999999999999,3.2738
8131,-13.907400000000001,3.27
8132,-13.777200000000001,3.27
8133,-14.862299999999999,3.2663000000000002
8134,-14.7445,3.2645
8135,-15.2219,3.2645
8136,-16.387599999999999,3.2606999999999999
8137,-16.220199999999998,3.2589000000000001
8138,-16.741,3.2589000000000001
8139,-17.981100000000001,3.2551999999999999
8140,-17.8261,3.2551999999999999
8141,-19.159199999999998,3.2513999999999998
8142,-18.979399999999998,3.2496
8143,-8.5007000000000001,3.2682000000000002
8144,-8.3828999999999994,3.27
8145,-8.3890999999999991,3.27
8146,-8.3890999999999991,3.27
8147,-8.3890999999999991,3.27
8148,-8.3890999999999991,3.2719
8149,-8.3890999999999991,3.2719
8150,-8.3890999999999991,3.2719
8151,-8.3890999999999991,3.2719
8152,-8.3890999999999991,3.2719
8153,-8.3890999999999991,3.2719
8154,-8.3953000000000007,3.2719
8155,-8.3953000000000007,3.2719
8156,-8.3890999999999991,3.2719
8157,-8.3890999999999991,3.2719
8158,-8.3890999999999991,3.2719
8159,-8.3890999999999991,3.2719
8160,-8.3890999999999991,3.2719
8161,-8.3890999999999991,3.2719
8162,-8.3828999999999994,3.2719
8163,-8.3890999999999991,3.2719
8164,-8.3828999999999994,3.2719
8165,-8.3828999999999994,3.2738
8166,-8.3828999999999994,3.2719
8167,-8.3890999999999991,3.2719
8168,-8.3828999999999994,3.2719
8169,-8.3953000000000007,3.2738
8170,-8.3953000000000007,3.2719
8171,-8.3890999999999991,3.2738
8172,-8.3828999999999994,3.2719
8173,-8.3704999999999998,3.2719
8174,-8.3890999999999991,3.2719
8175,-8.4324999999999992,3.2738
8176,-8.4262999999999995,3.2719
8177,-8.4262999999999995,3.2738
8178,-8.4262999999999995,3.2719
8179,-8.4200999999999997,3.2719
8180,-8.4262999999999995,3.2719
8181,-8.4324999999999992,3.2719
8182,-8.4262999999999995,3.2719
8183,-8.4262999999999995,3.2719
8184,-8.4324999999999992,3.2719
8185,-8.4262999999999995,3.2719
8186,-8.4324999999999992,3.2719
8187,-8.4262999999999995,3.2719
8188,-8.4262999999999995,3.2719
8189,-8.4324999999999992,3.2719
8190,-8.4262999999999995,3.2719
8191,-8.4324999999999992,3.2719
8192,-8.4387000000000008,3.2719
8193,-14.7507,3.2606999999999999
8194,-14.3415,3.2606999999999999
8195,-15.2963,3.2589000000000001
8196,-14.825100000000001,3.2570000000000001
8197,-15.8172,3.2551999999999999
8198,-15.3459,3.2551999999999999
8199,-16.393799999999999,3.2532999999999999
8200,-16.672799999999999,3.2513999999999998
8201,-16.152000000000001,3.2532999999999999
8202,-17.224699999999999,3.2496
8203,-16.703800000000001,3.2496
8204,-17.8261,3.2458999999999998
8205,-17.261900000000001,3.2458999999999998
8206,-18.427499999999998,3.2440000000000002
8207,-18.787199999999999,3.2421000000000002
8208,-18.142299999999999,3.2421000000000002
8209,-19.376200000000001,3.2403
8210,-18.787199999999999,3.2403
8211,-20.014800000000001,3.2383999999999999
8212,-19.419599999999999,3.2383999999999999
8213,-20.703099999999999,3.2366000000000001
8214,-21.0627,3.2347000000000001
8215,-20.424099999999999,3.2347000000000001
8216,-21.763300000000001,3.2328000000000001
8217,-21.099900000000002,3.2328000000000001
8218,-22.495000000000001,3.2290999999999999
8219,-21.831499999999998,3.2309999999999999
8220,-23.214200000000002,3.2273000000000001
8221,-23.660699999999999,3.2254
8222,-22.953800000000001,3.2273000000000001
8223,-24.404699999999998,3.2235
8224,-23.697900000000001,3.2235
8225,-25.216999999999999,3.2216999999999998
8226,-24.4543,3.2216999999999998
8227,-26.047799999999999,3.218
8228,-16.424800000000001,3.2347000000000001
8229,-16.344200000000001,3.2366000000000001
8230,-16.338000000000001,3.2366000000000001
8231,-16.331800000000001,3.2366000000000001
8232,-16.3504,3.2366000000000001
8233,-16.344200000000001,3.2366000000000001
8234,-16.338000000000001,3.2366000000000001
8235,-16.3504,3.2366000000000001
8236,-16.344200000000001,3.2366000000000001
8237,-16.344200000000001,3.2366000000000001
8238,-16.344200000000001,3.2366000000000001
8239,-16.344200000000001,3.2366000000000001
8240,-16.331800000000001,3.2366000000000001
8241,-16.344200000000001,3.2366000000000001
8242,-16.344200000000001,3.2383999999999999
8243,-16.344200000000001,3.2383999999999999
8244,-16.344200000000001,3.2383999999999999
8245,-16.344200000000001,3.2383999999999999
8246,-16.338000000000001,3.2383999999999999
8247,-16.338000000000001,3.2366000000000001
8248,-16.344200000000001,3.2383999999999999
8249,-16.338000000000001,3.2383999999999999
8250,-16.344200000000001,3.2383999999999999
8251,-16.338000000000001,3.2383999999999999
8252,-16.338000000000001,3.2383999999999999
8253,-16.325600000000001,3.2383999999999999
8254,-16.3752,3.2383999999999999
8255,-16.393799999999999,3.2366000000000001
8256,-16.381399999999999,3.2366000000000001
8257,-16.381399999999999,3.2383999999999999
8258,-27.740500000000001,3.218
8259,-28.385400000000001,3.2161
8260,-28.906199999999998,3.2124000000000001
8261,-29.464200000000002,3.2105000000000001
8262,-30.022300000000001,3.2086999999999999
8263,-30.580300000000001,3.2067999999999999
8264,-31.1693,3.2048999999999999
8265,-31.727399999999999,3.2031000000000001
8266,-32.335000000000001,3.2012
8267,-32.979900000000001,3.1974999999999998
8268,-33.587499999999999,3.1956000000000002
8269,-34.257100000000001,3.1938
8270,-34.895800000000001,3.1919
8271,-35.565399999999997,3.1901000000000002
8272,-36.278500000000001,3.1882000000000001
8273,-36.954300000000003,3.1863000000000001
8274,-37.6922,3.1844999999999999
8275,-38.454799999999999,3.1825999999999999
8276,-39.198900000000002,3.1808000000000001
8277,-39.9801,3.1789000000000001
8278,-24.782900000000001,3.2048999999999999
8279,-24.696100000000001,3.2067999999999999
8280,-24.689900000000002,3.2067999999999999
8281,-24.696100000000001,3.2067999999999999
8282,-24.696100000000001,3.2086999999999999
8283,-24.696100000000001,3.2067999999999999
8284,-24.702300000000001,3.2086999999999999
8285,-24.7395,3.2086999999999999
8286,-24.7333,3.2086999999999999
8287,-24.745699999999999,3.2086999999999999
8288,2.8149000000000002,3.2570000000000001
8289,3.2614000000000001,3.2625999999999999
8290,3.5775999999999999,3.2663000000000002
8291,3.8193999999999999,3.2682000000000002
8292,4.0549999999999997,3.2719
8293,4.2906000000000004,3.2738
8294,4.4951999999999996,3.2755999999999998
8295,4.6626000000000003,3.2774999999999999
8296,4.8300999999999998,3.2793000000000001
8297,4.8982999999999999,3.2812000000000001
8298,4.9478999999999997,3.2831000000000001
8299,4.9417,3.2848999999999999
8300,4.9044999999999996,3.2867999999999999
8301,4.8548999999999998,3.2867999999999999
8302,4.7866999999999997,3.2886000000000002
8303,4.6936999999999998,3.2886000000000002
8304,9.9825999999999997,3.3016999999999999
8305,9.9763999999999999,3.3035000000000001
8306,9.0091000000000001,3.3035000000000001
8307,8.8169000000000004,3.3054000000000001
8308,7.9427000000000003,3.3035000000000001
8309,7.6635999999999997,3.3035000000000001
8310,6.7831999999999999,3.3035000000000001
8311,6.4669999999999996,3.3035000000000001
8312,8.2155000000000005,3.3071999999999999
8313,7.0994000000000002,3.3071999999999999
8314,5.8902999999999999,3.3054000000000001
8315,4.7432999999999996,3.3035000000000001
8316,3.7450000000000001,3.3035000000000001
8317,2.7900999999999998,3.3016999999999999
8318,1.8167,3.2997999999999998
8319,0.41539999999999999,3.2978999999999998
8320,-0.74399999999999999,3.2961
8321,-1.4259999999999999,3.2924000000000002
8322,-0.66959999999999997,3.2924000000000002
8323,-0.66959999999999997,3.2961
8324,-0.66959999999999997,3.2924000000000002
8325,-0.66959999999999997,3.2961
8326,-0.66959999999999997,3.2924000000000002
8327,-0.66959999999999997,3.2961
8328,-0.66959999999999997,3.2961
8329,-0.66959999999999997,3.2961
8330,-0.66959999999999997,3.2961
8331,-0.66959999999999997,3.2961
8332,-0.65720000000000001,3.2961
8333,-0.66959999999999997,3.2961
8334,-0.65720000000000001,3.2961
8335,-0.65720000000000001,3.2961
8336,-0.65720000000000001,3.2961
8337,-0.66959999999999997,3.2978999999999998
8338,-0.66959999999999997,3.2978999999999998
8339,-0.66959999999999997,3.2978999999999998
8340,-0.66959999999999997,3.2978999999999998
8341,-0.086800000000000002,3.2978999999999998
8342,-0.65720000000000001,3.2978999999999998
8343,-0.66959999999999997,3.2978999999999998
8344,-0.65720000000000001,3.2978999999999998
8345,-0.66959999999999997,3.2978999999999998
8346,-0.66959999999999997,3.2978999999999998
8347,-0.66959999999999997,3.2978999999999998
8348,-0.66959999999999997,3.2978999999999998
8349,-0.66959999999999997,3.2978999999999998
8350,-0.66959999999999997,3.2978999999999998
8351,-0.66959999999999997,3.2997999999999998
8352,-0.66959999999999997,3.2997999999999998
8353,-0.66959999999999997,3.2997999999999998
8354,-2.7467000000000001,3.2961
8355,-4.1852,3.2905000000000002
8356,-5.7911000000000001,3.2867999999999999
8357,-7.2233999999999998,3.2848999999999999
8358,-2.1515,3.2924000000000002
8359,-2.0709,3.2961
8360,-2.0585,3.2961
8361,-2.0647000000000002,3.2961
8362,-2.0647000000000002,3.2961
8363,-2.0647000000000002,3.2961
8364,-2.0647000000000002,3.2961
8365,-2.0647000000000002,3.2961
8366,-0.30380000000000001,3.2997999999999998
8367,-0.70679999999999998,3.2997999999999998
8368,-1.0664,3.2978999999999998
8369,-1.3515999999999999,3.2978999999999998
8370,-1.4756,3.2978999999999998
8371,-0.66959999999999997,3.2997999999999998
8372,-0.66959999999999997,3.2997999999999998
8373,-0.66959999999999997,3.2997999999999998
8374,-0.66959999999999997,3.2997999999999998
8375,-0.66959999999999997,3.3016999999999999
8376,-0.66959999999999997,3.3016999999999999
8377,-0.66959999999999997,3.2997999999999998
8378,-0.66959999999999997,3.3016999999999999
8379,-0.66959999999999997,3.3016999999999999
8380,-0.66959999999999997,3.3016999999999999
8381,-0.66959999999999997,3.3016999999999999
8382,-0.65720000000000001,3.3016999999999999
8383,-0.66959999999999997,3.3016999999999999
8384,-0.66959999999999997,3.3016999999999999
8385,-0.66959999999999997,3.3016999999999999
8386,-0.66959999999999997,3.3016999999999999
8387,-0.66959999999999997,3.3016999999999999
8388,-0.66959999999999997,3.3016999999999999
8389,-0.65720000000000001,3.3035000000000001
8390,-0.66959999999999997,3.3016999999999999
8391,-0.66959999999999997,3.3016999999999999
8392,-2.1080999999999999,3.2997999999999998
8393,-2.8334999999999999,3.2978999999999998
8394,-3.6520000000000001,3.2961
8395,-4.5014000000000003,3.2961
8396,-5.1897000000000002,3.2924000000000002
8397,-6.1073000000000004,3.2886000000000002
8398,-7.0373999999999999,3.2867999999999999
8399,-7.7504,3.2848999999999999
8400,-8.9099000000000004,3.2831000000000001
8401,-9.9019999999999992,3.2793000000000001
8402,-10.5716,3.2774999999999999
8403,-11.8985,3.2738
8404,-3.5838000000000001,3.2886000000000002
8405,-3.4660000000000002,3.2886000000000002
8406,-3.4722,3.2905000000000002
8407,-3.4722,3.2905000000000002
8408,-3.4722,3.2905000000000002
8409,-3.4722,3.2905000000000002
8410,-3.4722,3.2905000000000002
8411,-3.4722,3.2905000000000002
8412,-3.4722,3.2905000000000002
8413,-3.4722,3.2905000000000002
8414,-3.4722,3.2905000000000002
8415,-3.4722,3.2905000000000002
8416,-3.4660000000000002,3.2905000000000002
8417,-3.4722,3.2924000000000002
8418,-3.4722,3.2924000000000002
8419,-3.4660000000000002,3.2924000000000002
8420,-3.4722,3.2924000000000002
8421,-3.4660000000000002,3.2924000000000002
8422,-3.4722,3.2924000000000002
8423,-3.4660000000000002,3.2924000000000002
8424,-3.4722,3.2924000000000002
8425,-3.4722,3.2924000000000002
8426,-3.4660000000000002,3.2924000000000002
8427,-3.4722,3.2924000000000002
8428,1.3702000000000001,3.3016999999999999
8429,1.1779999999999999,3.3035000000000001
8430,0.94240000000000002,3.3035000000000001
8431,0.65720000000000001,3.3035000000000001
8432,0.41539999999999999,3.3035000000000001
8433,0.21079999999999999,3.3035000000000001
8434,-0.34100000000000003,3.3035000000000001
8435,-0.78739999999999999,3.3016999999999999
8436,-1.1160000000000001,3.3016999999999999
8437,-1.3515999999999999,3.3016999999999999
8438,-1.4694,3.3016999999999999
8439,-0.66959999999999997,3.3035000000000001
8440,-0.66959999999999997,3.3035000000000001
8441,-0.66959999999999997,3.3035000000000001
8442,-0.66959999999999997,3.3035000000000001
8443,-0.66959999999999997,3.3035000000000001
8444,-0.66959999999999997,3.3035000000000001
8445,-0.66959999999999997,3.3035000000000001
8446,-0.65720000000000001,3.3035000000000001
8447,-0.66959999999999997,3.3035000000000001
8448,-0.66959999999999997,3.3035000000000001
8449,-0.66959999999999997,3.3035000000000001
8450,-0.66959999999999997,3.3054000000000001
8451,-0.66959999999999997,3.3054000000000001
8452,-0.66959999999999997,3.3054000000000001
8453,-0.66959999999999997,3.3054000000000001
8454,-0.66959999999999997,3.3054000000000001
8455,-0.66959999999999997,3.3054000000000001
8456,-0.66959999999999997,3.3054000000000001
8457,-0.66959999999999997,3.3054000000000001
8458,-0.66959999999999997,3.3054000000000001
8459,-0.66959999999999997,3.3054000000000001
8460,-1.7795000000000001,3.3035000000000001
8461,-2.1515,3.3016999999999999
8462,-2.6227,3.3016999999999999
8463,-2.9885000000000002,3.2997999999999998
8464,-3.4226000000000001,3.2997999999999998
8465,-3.8628,3.2978999999999998
8466,-4.4269999999999996,3.2961
8467,-4.7495000000000003,3.2961
8468,-5.1897000000000002,3.2924000000000002
8469,-5.7042999999999999,3.2924000000000002
8470,-6.4298000000000002,3.2905000000000002
8471,-7.5396000000000001,3.2867999999999999
8472,-6.5042,3.2886000000000002
8473,-7.7813999999999997,3.2867999999999999
8474,-8.3147000000000002,3.2848999999999999
8475,-9.2261000000000006,3.2831000000000001
8476,-9.4618000000000002,3.2812000000000001
8477,-9.9391999999999996,3.2793000000000001
8478,-10.466200000000001,3.2774999999999999
8479,-11.427300000000001,3.2755999999999998
8480,-11.551299999999999,3.2738
8481,-12.1031,3.2719
8482,-12.667400000000001,3.2719
8483,-13.7462,3.2682000000000002
8484,-13.8268,3.2663000000000002
8485,-14.459300000000001,3.2645
8486,-5.2702999999999998,3.2812000000000001
8487,-5.1401000000000003,3.2812000000000001
8488,-5.1463000000000001,3.2831000000000001
8489,-5.1524999999999999,3.2831000000000001
8490,-5.1463000000000001,3.2831000000000001
8491,-5.1463000000000001,3.2831000000000001
8492,-5.1401000000000003,3.2848999999999999
8493,-5.1463000000000001,3.2848999999999999
8494,-5.1463000000000001,3.2848999999999999
8495,-5.1463000000000001,3.2848999999999999
8496,-5.1463000000000001,3.2848999999999999
8497,-5.1463000000000001,3.2848999999999999
8498,0.97340000000000004,3.2978999999999998
8499,0.97960000000000003,3.2997999999999998
8500,0.65720000000000001,3.2997999999999998
8501,0.78120000000000001,3.2997999999999998
8502,0.66339999999999999,3.3016999999999999
8503,0.37819999999999998,3.3016999999999999
8504,0.45879999999999999,3.3016999999999999
8505,0.34100000000000003,3.3016999999999999
8506,-3.6272000000000002,3.2961
8507,-3.7078000000000002,3.2924000000000002
8508,-3.7078000000000002,3.2924000000000002
8509,-3.7016,3.2924000000000002
8510,-3.7016,3.2924000000000002
8511,-3.7016,3.2924000000000002
8512,-3.7016,3.2924000000000002
8513,-3.7016,3.2924000000000002
8514,-3.7078000000000002,3.2924000000000002
8515,-3.7078000000000002,3.2924000000000002
8516,-3.7016,3.2924000000000002
8517,-3.7078000000000002,3.2924000000000002
8518,-3.7016,3.2924000000000002
8519,1.7051000000000001,3.3035000000000001
8520,1.5065999999999999,3.3054000000000001
8521,1.3391999999999999,3.3054000000000001
8522,0.94240000000000002,3.3054000000000001
8523,0.66339999999999999,3.3054000000000001
8524,0.41539999999999999,3.3054000000000001
8525,0.13639999999999999,3.3054000000000001
8526,-0.31619999999999998,3.3054000000000001
8527,-0.74399999999999999,3.3035000000000001
8528,-1.1097999999999999,3.3035000000000001
8529,-1.3515999999999999,3.3035000000000001
8530,-1.4632000000000001,3.3035000000000001
8531,-0.66959999999999997,3.3035000000000001
8532,-0.66959999999999997,3.3035000000000001
8533,-0.66959999999999997,3.3054000000000001
8534,-0.66959999999999997,3.3054000000000001
8535,-0.65720000000000001,3.3054000000000001
8536,-0.66959999999999997,3.3054000000000001
8537,-0.66959999999999997,3.3054000000000001
8538,-0.66959999999999997,3.3054000000000001
8539,-0.66959999999999997,3.3054000000000001
8540,-0.65720000000000001,3.3054000000000001
8541,-0.66959999999999997,3.3054000000000001
8542,-0.66959999999999997,3.3054000000000001
8543,-0.66959999999999997,3.3054000000000001
8544,-0.66959999999999997,3.3054000000000001
8545,-0.66959999999999997,3.3054000000000001
8546,-0.66959999999999997,3.3071999999999999
8547,-0.66959999999999997,3.3054000000000001
8548,-0.66959999999999997,3.3054000000000001
8549,-0.66959999999999997,3.3071999999999999
8550,-2.7528999999999999,3.3016999999999999
8551,-4.1852,3.2997999999999998
8552,-5.8220999999999998,3.2961
8553,-7.2295999999999996,3.2905000000000002
8554,-2.1886999999999999,3.3016999999999999
8555,-2.0585,3.3016999999999999
8556,-2.0647000000000002,3.3016999999999999
8557,-2.0709,3.3016999999999999
8558,-2.0647000000000002,3.3016999999999999
8559,-2.0647000000000002,3.3016999999999999
8560,-2.0647000000000002,3.3016999999999999
8561,-2.0647000000000002,3.3016999999999999
8562,-0.30380000000000001,3.3054000000000001
8563,-0.71299999999999997,3.3054000000000001
8564,-1.0664,3.3054000000000001
8565,-1.3453999999999999,3.3054000000000001
8566,-1.4694,3.3054000000000001
8567,-0.66959999999999997,3.3054000000000001
8568,-0.65720000000000001,3.3054000000000001
8569,-0.65720000000000001,3.3054000000000001
8570,-0.66959999999999997,3.3071999999999999
8571,-0.66959999999999997,3.3071999999999999
8572,-0.66959999999999997,3.3071999999999999
8573,-0.66959999999999997,3.3071999999999999
8574,-0.66959999999999997,3.3071999999999999
8575,-0.66959999999999997,3.3071999999999999
8576,-0.66959999999999997,3.3071999999999999
8577,-0.66959999999999997,3.3071999999999999
8578,-0.66959999999999997,3.3071999999999999
8579,-0.66959999999999997,3.3071999999999999
8580,-0.65720000000000001,3.3071999999999999
8581,-0.66959999999999997,3.3071999999999999
8582,-0.66959999999999997,3.3071999999999999
8583,-0.66959999999999997,3.3071999999999999
8584,-0.66959999999999997,3.3071999999999999
8585,-0.66959999999999997,3.3071999999999999
8586,-0.66959999999999997,3.3071999999999999
8587,-0.66959999999999997,3.3090999999999999
8588,-2.1080999999999999,3.3054000000000001
8589,-2.8334999999999999,3.3035000000000001
8590,-3.6581999999999999,3.3016999999999999
8591,-4.5014000000000003,3.2997999999999998
8592,-5.1897000000000002,3.2978999999999998
8593,-6.1444999999999999,3.2961
8594,-7.0312000000000001,3.2924000000000002
8595,-7.7442000000000002,3.2905000000000002
8596,-8.9533000000000005,3.2867999999999999
8597,-9.9391999999999996,3.2831000000000001
8598,-10.5778,3.2812000000000001
8599,-11.9109,3.2774999999999999
8600,-3.5775999999999999,3.2924000000000002
8601,-3.4660000000000002,3.2961
8602,-3.4660000000000002,3.2961
8603,-3.4722,3.2961
8604,-3.4722,3.2961
8605,-3.4660000000000002,3.2961
8606,-3.4722,3.2961
8607,-3.4722,3.2978999999999998
8608,-3.4722,3.2961
8609,-3.4722,3.2961
8610,-3.4722,3.2961
8611,-3.4660000000000002,3.2961
8612,-3.4722,3.2961
8613,-3.4660000000000002,3.2978999999999998
8614,-3.4722,3.2961
8615,-3.4660000000000002,3.2961
8616,-3.4660000000000002,3.2978999999999998
8617,-3.4660000000000002,3.2978999999999998
8618,-3.4722,3.2961
8619,-3.4660000000000002,3.2978999999999998
8620,-3.4660000000000002,3.2961
8621,-3.4722,3.2961
8622,-3.4660000000000002,3.2978999999999998
8623,-3.4784000000000002,3.2961
8624,1.3764000000000001,3.3054000000000001
8625,1.2214,3.3071999999999999
8626,0.94240000000000002,3.3071999999999999
8627,0.65720000000000001,3.3071999999999999
8628,0.41539999999999999,3.3071999999999999
8629,0.217,3.3071999999999999
8630,-0.34100000000000003,3.3054000000000001
8631,-0.78739999999999999,3.3054000000000001
8632,-1.1097999999999999,3.3054000000000001
8633,-1.3515999999999999,3.3054000000000001
8634,-1.4694,3.3054000000000001
8635,-0.66959999999999997,3.3071999999999999
8636,-0.66959999999999997,3.3054000000000001
8637,-0.66959999999999997,3.3054000000000001
8638,-0.65720000000000001,3.3071999999999999
8639,-0.66959999999999997,3.3071999999999999
8640,-0.66959999999999997,3.3071999999999999
8641,-0.66959999999999997,3.3071999999999999
8642,-0.66959999999999997,3.3071999999999999
8643,-0.66959999999999997,3.3071999999999999
8644,-0.66959999999999997,3.3071999999999999
8645,-0.66959999999999997,3.3071999999999999
8646,-0.66959999999999997,3.3071999999999999
8647,-0.66959999999999997,3.3071999999999999
8648,-0.66959999999999997,3.3071999999999999
8649,-0.66959999999999997,3.3071999999999999
8650,-0.65720000000000001,3.3071999999999999
8651,-0.66959999999999997,3.3071999999999999
8652,-0.66959999999999997,3.3090999999999999
8653,-0.66959999999999997,3.3071999999999999
8654,-0.65720000000000001,3.3090999999999999
8655,-0.66959999999999997,3.3090999999999999
8656,-1.7857000000000001,3.3054000000000001
8657,-2.1391,3.3054000000000001
8658,-2.6227,3.3035000000000001
8659,-2.9885000000000002,3.3035000000000001
8660,-3.4226000000000001,3.3016999999999999
8661,-3.8565999999999998,3.3016999999999999
8662,-4.4641999999999999,3.2997999999999998
8663,-4.7495000000000003,3.2978999999999998
8664,-5.2206999999999999,3.2978999999999998
8665,-5.7042999999999999,3.2961
8666,-6.4669999999999996,3.2924000000000002
8667,-7.5457999999999998,3.2905000000000002
8668,-6.5414000000000003,3.2905000000000002
8669,-7.7751999999999999,3.2886000000000002
8670,-8.3519000000000005,3.2867999999999999
8671,-9.2199000000000009,3.2848999999999999
8672,-9.468,3.2831000000000001
8673,-9.9515999999999991,3.2812000000000001
8674,-10.4724,3.2793000000000001
8675,-11.4335,3.2774999999999999
8676,-11.5761,3.2755999999999998
8677,-12.115500000000001,3.2738
8678,-12.667400000000001,3.2719
8679,-13.758599999999999,3.27
8680,-13.8764,3.2682000000000002
8681,-14.4655,3.2663000000000002
8682,-5.2702999999999998,3.2831000000000001
8683,-5.1463000000000001,3.2831000000000001
8684,-5.1463000000000001,3.2848999999999999
8685,-5.1401000000000003,3.2848999999999999
8686,-5.1463000000000001,3.2848999999999999
8687,-5.1463000000000001,3.2848999999999999
8688,-5.1463000000000001,3.2848999999999999
8689,-5.1463000000000001,3.2848999999999999
8690,-5.1463000000000001,3.2867999999999999
8691,-5.1524999999999999,3.2867999999999999
8692,-5.1401000000000003,3.2848999999999999
8693,-5.1463000000000001,3.2867999999999999
8694,0.97960000000000003,3.2997999999999998
8695,1.0167999999999999,3.3016999999999999
8696,0.65720000000000001,3.3016999999999999
8697,0.78120000000000001,3.3016999999999999
8698,0.65720000000000001,3.3035000000000001
8699,0.37819999999999998,3.3035000000000001
8700,0.45879999999999999,3.3035000000000001
8701,0.34100000000000003,3.3035000000000001
8702,-3.6272000000000002,3.2961
8703,-3.7016,3.2961
8704,-3.7016,3.2961
8705,-3.7016,3.2961
8706,-3.7078000000000002,3.2961
8707,-3.7016,3.2961
8708,-3.7078000000000002,3.2961
8709,-3.7078000000000002,3.2961
8710,-3.714,3.2961
8711,-3.7016,3.2961
8712,-3.7016,3.2961
8713,-3.7016,3.2961
8714,-3.7016,3.2961
8715,1.6927000000000001,3.3054000000000001
8716,1.5127999999999999,3.3071999999999999
8717,1.3391999999999999,3.3071999999999999
8718,0.94240000000000002,3.3071999999999999
8719,0.65720000000000001,3.3071999999999999
8720,0.41539999999999999,3.3071999999999999
8721,0.13639999999999999,3.3071999999999999
8722,-0.27900000000000003,3.3054000000000001
8723,-0.75019999999999998,3.3054000000000001
8724,-1.1097999999999999,3.3054000000000001
8725,-1.3515999999999999,3.3035000000000001
8726,-1.4694,3.3035000000000001
8727,-0.65720000000000001,3.3054000000000001
8728,-0.66959999999999997,3.3054000000000001
8729,-0.66959999999999997,3.3054000000000001
8730,-0.66959999999999997,3.3054000000000001
8731,-0.66959999999999997,3.3054000000000001
8732,-0.66959999999999997,3.3054000000000001
8733,-0.66959999999999997,3.3071999999999999
8734,-0.66959999999999997,3.3071999999999999
8735,-0.66959999999999997,3.3071999999999999
8736,-0.66959999999999997,3.3071999999999999
8737,-0.66959999999999997,3.3071999999999999
8738,-0.66959999999999997,3.3071999999999999
8739,-0.66959999999999997,3.3071999999999999
8740,-0.66959999999999997,3.3071999999999999
8741,-0.66959999999999997,3.3071999999999999
8742,-0.66959999999999997,3.3071999999999999
8743,-0.66959999999999997,3.3071999999999999
8744,-0.66959999999999997,3.3071999999999999
8745,-0.66959999999999997,3.3071999999999999
8746,-2.7467000000000001,3.3035000000000001
8747,-4.1913999999999998,3.2997999999999998
8748,-5.8282999999999996,3.2978999999999998
8749,-7.2233999999999998,3.2924000000000002
8750,-2.1886999999999999,3.3016999999999999
8751,-2.1080999999999999,3.3016999999999999
8752,-2.1080999999999999,3.3035000000000001
8753,-2.1080999999999999,3.3035000000000001
8754,-2.1019000000000001,3.3035000000000001
8755,-2.1080999999999999,3.3035000000000001
8756,-2.1080999999999999,3.3035000000000001
8757,-2.1080999999999999,3.3035000000000001
8758,-0.30380000000000001,3.3071999999999999
8759,-0.71299999999999997,3.3054000000000001
8760,-1.0664,3.3054000000000001
8761,-1.3515999999999999,3.3054000000000001
8762,-1.4694,3.3054000000000001
8763,-0.66959999999999997,3.3071999999999999
8764,-0.66959999999999997,3.3071999999999999
8765,-0.66959999999999997,3.3071999999999999
8766,-0.65720000000000001,3.3071999999999999
8767,-0.66959999999999997,3.3071999999999999
8768,-0.66959999999999997,3.3071999999999999
8769,-0.66959999999999997,3.3071999999999999
8770,-0.66959999999999997,3.3071999999999999
8771,-0.66959999999999997,3.3090999999999999
8772,-0.65720000000000001,3.3090999999999999
8773,-0.66959999999999997,3.3090999999999999
8774,-0.66959999999999997,3.3090999999999999
8775,-0.66959999999999997,3.3090999999999999
8776,-0.66959999999999997,3.3090999999999999
8777,-0.66959999999999997,3.3090999999999999
8778,-0.66959999999999997,3.3090999999999999
8779,-0.65720000000000001,3.3090999999999999
8780,-0.66959999999999997,3.3090999999999999
8781,-0.66959999999999997,3.3090999999999999
8782,-0.66959999999999997,3.3090999999999999
8783,-0.66959999999999997,3.3090999999999999
8784,-2.1019000000000001,3.3071999999999999
8785,-2.8273000000000001,3.3035000000000001
8786,-3.6705999999999999,3.3035000000000001
8787,-4.5014000000000003,3.3016999999999999
8788,-5.1897000000000002,3.2997999999999998
8789,-6.1444999999999999,3.2961
8790,-7.0683999999999996,3.2924000000000002
8791,-7.7813999999999997,3.2905000000000002
8792,-8.9595000000000002,3.2867999999999999
8793,-9.9515999999999991,3.2848999999999999
8794,-10.6274,3.2831000000000001
8795,-11.935700000000001,3.2793000000000001
8796,-3.5838000000000001,3.2924000000000002
8797,-3.5032000000000001,3.2961
8798,-3.5093999999999999,3.2961
8799,-3.5032000000000001,3.2961
8800,-3.5032000000000001,3.2961
8801,-3.5032000000000001,3.2961
8802,-3.5032000000000001,3.2978999999999998
8803,-3.5093999999999999,3.2978999999999998
8804,-3.5032000000000001,3.2978999999999998
8805,-3.5032000000000001,3.2978999999999998
8806,-3.5032000000000001,3.2978999999999998
8807,-3.5093999999999999,3.2978999999999998
8808,-3.5032000000000001,3.2978999999999998
8809,-3.5156000000000001,3.2978999999999998
8810,-3.5093999999999999,3.2978999999999998
8811,-3.5032000000000001,3.2978999999999998
8812,-3.5032000000000001,3.2978999999999998
8813,-3.5093999999999999,3.2978999999999998
8814,-3.5093999999999999,3.2978999999999998
8815,-3.5093999999999999,3.2978999999999998
8816,-3.5093999999999999,3.2978999999999998
8817,-3.5032000000000001,3.2978999999999998
8818,-3.5032000000000001,3.2978999999999998
8819,-3.5093999999999999,3.2978999999999998
8820,1.3764000000000001,3.3071999999999999
8821,1.2214,3.3071999999999999
8822,0.94240000000000002,3.3071999999999999
8823,0.66339999999999999,3.3071999999999999
8824,0.41539999999999999,3.3071999999999999
8825,0.217,3.3071999999999999
8826,-0.33479999999999999,3.3071999999999999
8827,-0.78739999999999999,3.3054000000000001
8828,-1.1097999999999999,3.3054000000000001
8829,-1.3515999999999999,3.3054000000000001
8830,-1.4694,3.3054000000000001
8831,-0.66959999999999997,3.3071999999999999
8832,-0.66959999999999997,3.3071999999999999
8833,-0.66959999999999997,3.3071999999999999
8834,-0.66959999999999997,3.3071999999999999
8835,-0.66959999999999997,3.3071999999999999
8836,-0.66959999999999997,3.3071999999999999
8837,-0.66959999999999997,3.3071999999999999
8838,-0.66959999999999997,3.3071999999999999
8839,-0.66959999999999997,3.3071999999999999
8840,-0.66959999999999997,3.3071999999999999
8841,-0.66959999999999997,3.3071999999999999
8842,-0.66959999999999997,3.3071999999999999
8843,-0.66959999999999997,3.3090999999999999
8844,-0.66959999999999997,3.3090999999999999
8845,-0.66959999999999997,3.3090999999999999
8846,-0.66959999999999997,3.3090999999999999
8847,-0.66959999999999997,3.3090999999999999
8848,-0.66959999999999997,3.3090999999999999
8849,-0.66959999999999997,3.3090999999999999
8850,-0.66959999999999997,3.3090999999999999
8851,-0.66959999999999997,3.3090999999999999
8852,-1.7857000000000001,3.3071999999999999
8853,-2.1453000000000002,3.3054000000000001
8854,-2.6227,3.3054000000000001
8855,-2.9946999999999999,3.3035000000000001
8856,-3.4226000000000001,3.3035000000000001
8857,-3.8628,3.3016999999999999
8858,-4.4641999999999999,3.2997999999999998
8859,-4.7432999999999996,3.2997999999999998
8860,-5.2268999999999997,3.2978999999999998
8861,-5.7042999999999999,3.2961
8862,-6.4669999999999996,3.2924000000000002
8863,-7.5519999999999996,3.2905000000000002
8864,-6.5476000000000001,3.2905000000000002
8865,-7.7813999999999997,3.2886000000000002
8866,-8.3457000000000008,3.2867999999999999
8867,-9.2261000000000006,3.2848999999999999
8868,-9.4556000000000004,3.2831000000000001
8869,-9.9887999999999995,3.2812000000000001
8870,-10.497199999999999,3.2793000000000001
8871,-11.458299999999999,3.2774999999999999
8872,-11.5823,3.2755999999999998
8873,-12.1465,3.2738
8874,-12.704599999999999,3.2719
8875,-13.7834,3.27
8876,-13.907400000000001,3.2682000000000002
8877,-14.496499999999999,3.2663000000000002
8878,-5.2641,3.2831000000000001
8879,-5.1897000000000002,3.2831000000000001
8880,-5.1835000000000004,3.2848999999999999
8881,-5.1897000000000002,3.2848999999999999
8882,-5.1897000000000002,3.2848999999999999
8883,-5.1835000000000004,3.2848999999999999
8884,-5.1897000000000002,3.2848999999999999
8885,-5.1959,3.2848999999999999
8886,-5.1897000000000002,3.2867999999999999
8887,-5.1835000000000004,3.2848999999999999
8888,-5.1897000000000002,3.2867999999999999
8889,-5.1897000000000002,3.2848999999999999
8890,0.97340000000000004,3.2997999999999998
8891,1.0167999999999999,3.3016999999999999
8892,0.66339999999999999,3.3016999999999999
8893,0.78120000000000001,3.3016999999999999
8894,0.65720000000000001,3.3035000000000001
8895,0.38440000000000002,3.3035000000000001
8896,0.45879999999999999,3.3035000000000001
8897,0.33479999999999999,3.3035000000000001
8898,-3.6272000000000002,3.2978999999999998
8899,-3.7016,3.2961
8900,-3.7016,3.2961
8901,-3.7016,3.2961
8902,-3.7016,3.2961
8903,-3.7016,3.2961
8904,-3.7078000000000002,3.2961
8905,-3.7016,3.2961
8906,-3.7016,3.2961
8907,-3.7016,3.2961
8908,-3.7016,3.2961
8909,-3.7016,3.2961
8910,-3.7016,3.2961
8911,1.7051000000000001,3.3054000000000001
8912,1.5065999999999999,3.3071999999999999
8913,1.3391999999999999,3.3071999999999999
8914,0.94240000000000002,3.3071999999999999
8915,0.66339999999999999,3.3071999999999999
8916,0.41539999999999999,3.3071999999999999
8917,0.13639999999999999,3.3071999999999999
8918,-0.3286,3.3054000000000001
8919,-0.74399999999999999,3.3054000000000001
8920,-1.1097999999999999,3.3054000000000001
8921,-1.3515999999999999,3.3035000000000001
8922,-1.4694,3.3035000000000001
8923,-0.67579999999999996,3.3054000000000001
8924,-0.66959999999999997,3.3054000000000001
8925,-0.66959999999999997,3.3054000000000001
8926,-0.66959999999999997,3.3054000000000001
8927,-0.66959999999999997,3.3054000000000001
8928,-0.67579999999999996,3.3054000000000001
8929,-0.66959999999999997,3.3071999999999999
8930,-0.66959999999999997,3.3071999999999999
8931,-0.66959999999999997,3.3071999999999999
8932,-0.66959999999999997,3.3071999999999999
8933,-0.66959999999999997,3.3071999999999999
8934,-0.66959999999999997,3.3071999999999999
8935,-0.66959999999999997,3.3071999999999999
8936,-0.66959999999999997,3.3071999999999999
8937,-0.66959999999999997,3.3071999999999999
8938,-0.66959999999999997,3.3071999999999999
8939,-0.66959999999999997,3.3071999999999999
8940,-0.66959999999999997,3.3071999999999999
8941,-0.66959999999999997,3.3071999999999999
8942,-2.7528999999999999,3.3035000000000001
8943,-4.1913999999999998,3.3016999999999999
8944,-5.8220999999999998,3.2978999999999998
8945,-7.2606000000000002,3.2924000000000002
8946,-2.1949000000000001,3.3016999999999999
8947,-2.1080999999999999,3.3035000000000001
8948,-2.1080999999999999,3.3035000000000001
8949,-2.1080999999999999,3.3035000000000001
8950,-2.1080999999999999,3.3035000000000001
8951,-2.1080999999999999,3.3035000000000001
8952,-2.1019000000000001,3.3035000000000001
8953,-2.1143000000000001,3.3035000000000001
8954,-0.30380000000000001,3.3071999999999999
8955,-0.71299999999999997,3.3054000000000001
8956,-1.0726,3.3054000000000001
8957,-1.3515999999999999,3.3054000000000001
8958,-1.4694,3.3054000000000001
8959,-0.66959999999999997,3.3071999999999999
8960,-0.66959999999999997,3.3071999999999999
8961,-0.66959999999999997,3.3071999999999999
8962,-0.66959999999999997,3.3071999999999999
8963,-0.65720000000000001,3.3071999999999999
8964,-0.66959999999999997,3.3071999999999999
8965,-0.66959999999999997,3.3071999999999999
8966,-0.66959999999999997,3.3071999999999999
8967,-0.66959999999999997,3.3071999999999999
8968,-0.66959999999999997,3.3090999999999999
8969,-0.66959999999999997,3.3090999999999999
8970,-0.66959999999999997,3.3090999999999999
8971,-0.66959999999999997,3.3090999999999999
8972,-0.66959999999999997,3.3090999999999999
8973,-0.66959999999999997,3.3090999999999999
8974,-0.66959999999999997,3.3090999999999999
8975,-0.66959999999999997,3.3090999999999999
8976,-0.66959999999999997,3.3090999999999999
8977,-0.66959999999999997,3.3090999999999999
8978,-0.66959999999999997,3.3090999999999999
8979,-0.66959999999999997,3.3090999999999999
8980,-2.1453000000000002,3.3071999999999999
8981,-2.8334999999999999,3.3054000000000001
8982,-3.7016,3.3016999999999999
8983,-4.5014000000000003,3.3016999999999999
8984,-5.1835000000000004,3.2997999999999998
8985,-6.1569000000000003,3.2961
8986,-7.056,3.2924000000000002
8987,-7.7751999999999999,3.2905000000000002
8988,-8.9533000000000005,3.2867999999999999
8989,-9.9391999999999996,3.2848999999999999
8990,-10.6212,3.2831000000000001
8991,-11.935700000000001,3.2793000000000001
8992,-3.6272000000000002,3.2924000000000002
8993,-3.4969999999999999,3.2961
8994,-3.5093999999999999,3.2961
8995,-3.5032000000000001,3.2961
8996,-3.4969999999999999,3.2961
8997,-3.5032000000000001,3.2978999999999998
8998,-3.5093999999999999,3.2978999999999998
8999,-3.5093999999999999,3.2961
9000,-3.5093999999999999,3.2978999999999998
9001,-3.5032000000000001,3.2978999999999998
9002,-3.5093999999999999,3.2978999999999998
9003,-3.5093999999999999,3.2978999999999998
9004,-3.5093999999999999,3.2978999999999998
9005,-3.5093999999999999,3.2978999999999998
9006,-3.5093999999999999,3.2978999999999998
9007,-3.5032000000000001,3.2978999999999998
9008,-3.5093999999999999,3.2978999999999998
9009,-3.5032000000000001,3.2978999999999998
9010,-3.5093999999999999,3.2978999999999998
9011,-3.5032000000000001,3.2978999999999998
9012,-3.5032000000000001,3.2978999999999998
9013,-3.5093999999999999,3.2978999999999998
9014,-3.5093999999999999,3.2978999999999998
9015,-3.5093999999999999,3.2978999999999998
9016,1.3764000000000001,3.3071999999999999
9017,1.2214,3.3071999999999999
9018,0.94240000000000002,3.3071999999999999
9019,0.65720000000000001,3.3071999999999999
9020,0.41539999999999999,3.3071999999999999
9021,0.217,3.3071999999999999
9022,-0.34100000000000003,3.3071999999999999
9023,-0.78739999999999999,3.3071999999999999
9024,-1.1097999999999999,3.3054000000000001
9025,-1.3515999999999999,3.3054000000000001
9026,-1.4756,3.3054000000000001
9027,-0.66959999999999997,3.3071999999999999
9028,-0.66959999999999997,3.3071999999999999
9029,-0.65720000000000001,3.3071999999999999
9030,-0.66959999999999997,3.3071999999999999
9031,-0.66959999999999997,3.3071999999999999
9032,-0.66959999999999997,3.3071999999999999
9033,-0.67579999999999996,3.3071999999999999
9034,-0.66959999999999997,3.3071999999999999
9035,-0.66959999999999997,3.3071999999999999
9036,-0.66959999999999997,3.3090999999999999
9037,-0.66959999999999997,3.3071999999999999
9038,-0.66959999999999997,3.3090999999999999
9039,-0.66959999999999997,3.3090999999999999
9040,-0.66959999999999997,3.3090999999999999
9041,-0.66959999999999997,3.3090999999999999
9042,-0.66959999999999997,3.3090999999999999
9043,-0.66959999999999997,3.3090999999999999
9044,-0.66959999999999997,3.3090999999999999
9045,-0.66959999999999997,3.3090999999999999
9046,-0.66959999999999997,3.3090999999999999
9047,-0.66959999999999997,3.3090999999999999
9048,-1.7857000000000001,3.3071999999999999
9049,-2.1515,3.3054000000000001
9050,-2.6227,3.3054000000000001
9051,-3.0381,3.3035000000000001
9052,-3.4226000000000001,3.3035000000000001
9053,-3.8690000000000002,3.3016999999999999
9054,-4.4641999999999999,3.2997999999999998
9055,-4.7866999999999997,3.2997999999999998
9056,-5.2268999999999997,3.2978999999999998
9057,-5.7477,3.2961
9058,-6.4607999999999999,3.2924000000000002
9059,-7.5768000000000004,3.2886000000000002
9060,-6.5476000000000001,3.2905000000000002
9061,-7.8249000000000004,3.2886000000000002
9062,-8.3394999999999992,3.2867999999999999
9063,-9.2632999999999992,3.2848999999999999
9064,-9.5052000000000003,3.2831000000000001
9065,-9.9702000000000002,3.2812000000000001
9066,-10.503399999999999,3.2793000000000001
9067,-11.464499999999999,3.2774999999999999
9068,-11.6257,3.2755999999999998
9069,-12.1403,3.2738
9070,-12.698399999999999,3.2719
9071,-13.820600000000001,3.2682000000000002
9072,-13.907400000000001,3.2682000000000002
9073,-14.508900000000001,3.2663000000000002
9074,-5.2579000000000002,3.2812000000000001
9075,-5.1835000000000004,3.2831000000000001
9076,-5.1897000000000002,3.2831000000000001
9077,-5.1897000000000002,3.2848999999999999
9078,-5.1897000000000002,3.2848999999999999
9079,-5.1897000000000002,3.2848999999999999
9080,-5.1897000000000002,3.2848999999999999
9081,-5.1897000000000002,3.2848999999999999
9082,-5.1835000000000004,3.2848999999999999
9083,-5.1835000000000004,3.2848999999999999
9084,-5.1835000000000004,3.2848999999999999
9085,-5.1959,3.2848999999999999
9086,0.97340000000000004,3.2997999999999998
9087,1.0167999999999999,3.3016999999999999
9088,0.65720000000000001,3.3016999999999999
9089,0.77500000000000002,3.3016999999999999
9090,0.66339999999999999,3.3016999999999999
9091,0.37819999999999998,3.3016999999999999
9092,0.45879999999999999,3.3035000000000001
9093,0.33479999999999999,3.3035000000000001
9094,-3.6334,3.2961
9095,-3.7016,3.2961
9096,-3.7016,3.2961
9097,-3.7016,3.2961
9098,-3.7016,3.2961
9099,-3.7078000000000002,3.2961
9100,-3.7016,3.2961
9101,-3.7016,3.2961
9102,-3.6953999999999998,3.2961
9103,-3.7078000000000002,3.2961
9104,-3.7016,3.2924000000000002
9105,-3.7016,3.2924000000000002
9106,-3.7016,3.2961
9107,1.7051000000000001,3.3054000000000001
9108,1.5065999999999999,3.3054000000000001
9109,1.3391999999999999,3.3071999999999999
9110,0.94240000000000002,3.3071999999999999
9111,0.65720000000000001,3.3071999999999999
9112,0.41539999999999999,3.3071999999999999
9113,0.13639999999999999,3.3054000000000001
9114,-0.34100000000000003,3.3054000000000001
9115,-0.75019999999999998,3.3054000000000001
9116,-1.1097999999999999,3.3035000000000001
9117,-1.3515999999999999,3.3035000000000001
9118,-1.4694,3.3035000000000001
9119,-0.66959999999999997,3.3054000000000001
9120,-0.66959999999999997,3.3054000000000001
9121,-0.66959999999999997,3.3054000000000001
9122,-0.66959999999999997,3.3054000000000001
9123,-0.66959999999999997,3.3054000000000001
9124,-0.66959999999999997,3.3071999999999999
9125,-0.66959999999999997,3.3071999999999999
9126,-0.66959999999999997,3.3071999999999999
9127,-0.66959999999999997,3.3071999999999999
9128,-0.66959999999999997,3.3071999999999999
9129,-0.66959999999999997,3.3071999999999999
9130,-0.66959999999999997,3.3071999999999999
9131,-0.66959999999999997,3.3071999999999999
9132,-0.66959999999999997,3.3071999999999999
9133,-0.66959999999999997,3.3071999999999999
9134,-0.66959999999999997,3.3071999999999999
9135,-0.66959999999999997,3.3071999999999999
9136,-0.66959999999999997,3.3071999999999999
9137,-0.66959999999999997,3.3071999999999999
9138,-0.66959999999999997,3.3071999999999999
9139,-0.66959999999999997,3.3071999999999999
9140,-0.66959999999999997,3.3090999999999999
9141,-0.66959999999999997,3.3071999999999999
9142,-0.66959999999999997,3.3090999999999999
9143,-0.66959999999999997,3.3090999999999999
9144,-0.66959999999999997,3.3090999999999999
9145,-0.66959999999999997,3.3090999999999999
9146,-0.67579999999999996,3.3090999999999999
9147,-2.3189000000000002,3.3054000000000001
9148,-3.2675999999999998,3.3035000000000001
9149,-4.2720000000000002,3.3016999999999999
9150,-5.2702999999999998,3.2978999999999998
9151,-6.2686000000000002,3.2961
9152,-2.1453000000000002,3.3035000000000001
9153,-2.1019000000000001,3.3035000000000001
9154,-5.6670999999999996,3.2961
9155,-6.3925999999999998,3.2924000000000002
9156,-7.2667999999999999,3.2905000000000002
9157,-7.7504,3.2886000000000002
9158,-8.4262999999999995,3.2867999999999999
9159,-9.1144999999999996,3.2848999999999999
9160,-10.15,3.2812000000000001
9161,-10.5716,3.2793000000000001
9162,-11.2227,3.2774999999999999
9163,-3.8256000000000001,3.2905000000000002
9164,-3.7511999999999999,3.2905000000000002
9165,-10.546799999999999,3.2793000000000001
9166,-11.148300000000001,3.2774999999999999
9167,-11.2661,3.2755999999999998
9168,-12.2271,3.2738
9169,-12.7852,3.27
9170,-13.3432,3.27
9171,-13.3866,3.2682000000000002
9172,-14.502700000000001,3.2645
9173,-5.3013000000000003,3.2812000000000001
9174,-5.1835000000000004,3.2831000000000001
9175,-12.6922,3.27
9176,-13.857799999999999,3.2663000000000002
9177,-13.7524,3.2645
9178,-14.825100000000001,3.2625999999999999
9179,-14.7073,3.2606999999999999
9180,-15.1785,3.2589000000000001
9181,-16.344200000000001,3.2570000000000001
9182,-16.1892,3.2570000000000001
9183,-16.697600000000001,3.2551999999999999
9184,-17.9377,3.2513999999999998
9185,-17.764099999999999,3.2496
9186,-19.103400000000001,3.2458999999999998
9187,-18.936,3.2440000000000002
9188,-8.4758999999999993,3.2645
9189,-8.3890999999999991,3.2663000000000002
9190,-8.3890999999999991,3.2663000000000002
9191,-8.3890999999999991,3.2663000000000002
9192,-8.3704999999999998,3.2682000000000002
9193,-8.3890999999999991,3.2682000000000002
9194,-8.3890999999999991,3.2682000000000002
9195,-8.3890999999999991,3.2682000000000002
9196,-8.3890999999999991,3.2682000000000002
9197,-8.3953000000000007,3.2682000000000002
9198,-8.3890999999999991,3.2682000000000002
9199,-8.3828999999999994,3.2682000000000002
9200,-8.3890999999999991,3.2682000000000002
9201,-8.3890999999999991,3.2682000000000002
9202,-8.3890999999999991,3.2682000000000002
9203,-8.3828999999999994,3.2682000000000002
9204,-8.3890999999999991,3.2682000000000002
9205,-8.3828999999999994,3.2682000000000002
9206,-8.3953000000000007,3.2682000000000002
9207,-8.3890999999999991,3.2682000000000002
9208,-8.3890999999999991,3.27
9209,-8.3953000000000007,3.2682000000000002
9210,-8.3890999999999991,3.2682000000000002
9211,-8.3828999999999994,3.2682000000000002
9212,-8.3890999999999991,3.2682000000000002
9213,-8.3890999999999991,3.2682000000000002
9214,-8.3890999999999991,3.27
9215,-8.3890999999999991,3.2682000000000002
9216,-8.3828999999999994,3.2682000000000002
9217,-8.3953000000000007,3.2682000000000002
9218,-8.3828999999999994,3.2682000000000002
9219,-8.3890999999999991,3.2682000000000002
9220,-8.3828999999999994,3.2682000000000002
9221,-8.3890999999999991,3.2682000000000002
9222,-8.3953000000000007,3.2682000000000002
9223,-8.3890999999999991,3.2682000000000002
9224,-8.3890999999999991,3.2682000000000002
9225,-8.3890999999999991,3.2682000000000002
9226,-8.3890999999999991,3.2682000000000002
9227,-8.3890999999999991,3.2682000000000002
9228,-8.3828999999999994,3.2682000000000002
9229,-8.3953000000000007,3.2682000000000002
9230,-8.3828999999999994,3.2682000000000002
9231,-8.3953000000000007,3.2682000000000002
9232,-8.3953000000000007,3.2682000000000002
9233,-8.3828999999999994,3.2682000000000002
9234,-8.3890999999999991,3.2682000000000002
9235,-8.4015000000000004,3.2682000000000002
9236,-8.3890999999999991,3.2682000000000002
9237,-8.3890999999999991,3.2682000000000002
9238,3.8999999999999999,3.2905000000000002
9239,3.8999999999999999,3.2961
9240,3.7511999999999999,3.2961
9241,3.5775999999999999,3.2978999999999998
9242,3.3792,3.2997999999999998
9243,3.2242000000000002,3.2997999999999998
9244,3.0194999999999999,3.2997999999999998
9245,2.8210999999999999,3.3016999999999999
9246,-5.0285000000000002,3.2848999999999999
9247,-5.1897000000000002,3.2848999999999999
9248,-5.1897000000000002,3.2831000000000001
9249,-5.1835000000000004,3.2831000000000001
9250,-5.1772999999999998,3.2831000000000001
9251,-5.1835000000000004,3.2831000000000001
9252,-5.1897000000000002,3.2831000000000001
9253,-5.1897000000000002,3.2831000000000001
9254,-5.1897000000000002,3.2831000000000001
9255,-5.1897000000000002,3.2831000000000001
9256,-5.1959,3.2831000000000001
9257,-5.1835000000000004,3.2831000000000001
9258,-5.1897000000000002,3.2831000000000001
9259,-5.1897000000000002,3.2831000000000001
9260,-5.1897000000000002,3.2812000000000001
9261,-5.1897000000000002,3.2812000000000001
9262,-5.1897000000000002,3.2812000000000001
9263,-5.1959,3.2812000000000001
9264,-5.1835000000000004,3.2812000000000001
9265,-5.1897000000000002,3.2831000000000001
9266,-5.1897000000000002,3.2812000000000001
9267,-5.1835000000000004,3.2812000000000001
9268,-5.1835000000000004,3.2812000000000001
9269,-5.1897000000000002,3.2812000000000001
9270,-5.1897000000000002,3.2812000000000001
9271,-5.1897000000000002,3.2812000000000001
9272,-5.1897000000000002,3.2812000000000001
9273,-5.1835000000000004,3.2831000000000001
9274,-5.1959,3.2812000000000001
9275,-5.1835000000000004,3.2831000000000001
9276,-5.1897000000000002,3.2812000000000001
9277,-5.1835000000000004,3.2812000000000001
9278,-5.1897000000000002,3.2812000000000001
9279,-5.1835000000000004,3.2812000000000001
9280,-5.1835000000000004,3.2812000000000001
9281,-5.1897000000000002,3.2812000000000001
9282,-5.1835000000000004,3.2812000000000001
9283,-5.1897000000000002,3.2812000000000001
9284,-5.1835000000000004,3.2812000000000001
9285,-5.1897000000000002,3.2812000000000001
9286,-5.1835000000000004,3.2812000000000001
9287,-5.1897000000000002,3.2812000000000001
9288,-5.1835000000000004,3.2812000000000001
9289,-5.1835000000000004,3.2812000000000001
9290,-5.1897000000000002,3.2812000000000001
9291,-5.1835000000000004,3.2812000000000001
9292,-5.1897000000000002,3.2812000000000001
9293,-5.1897000000000002,3.2812000000000001
9294,-5.1897000000000002,3.2812000000000001
9295,-5.1835000000000004,3.2812000000000001
9296,-5.1897000000000002,3.2812000000000001
9297,-5.1835000000000004,3.2812000000000001
9298,-5.1835000000000004,3.2812000000000001
9299,-5.1835000000000004,3.2812000000000001
9300,-5.1835000000000004,3.2812000000000001
9301,-5.1835000000000004,3.2812000000000001
9302,-5.1897000000000002,3.2812000000000001
9303,-5.1897000000000002,3.2812000000000001
9304,-5.1897000000000002,3.2812000000000001
9305,-5.1897000000000002,3.2812000000000001
9306,-5.1959,3.2812000000000001
9307,-5.1897000000000002,3.2812000000000001
9308,-5.1959,3.2812000000000001
9309,-5.1897000000000002,3.2812000000000001
9310,-5.1897000000000002,3.2812000000000001
9311,-5.1897000000000002,3.2812000000000001
9312,-5.1835000000000004,3.2812000000000001
9313,-5.1897000000000002,3.2812000000000001
9314,-5.1835000000000004,3.2812000000000001
9315,-12.7418,3.2682000000000002
9316,-13.907400000000001,3.2645
9317,-13.7834,3.2625999999999999
9318,-14.874700000000001,3.2589000000000001
9319,-14.738300000000001,3.2589000000000001
9320,-15.234299999999999,3.2570000000000001
9321,-16.387599999999999,3.2532999999999999
9322,-16.232600000000001,3.2532999999999999
9323,-16.741,3.2513999999999998
9324,-17.974900000000002,3.2458999999999998
9325,-17.819900000000001,3.2458999999999998
9326,-19.140599999999999,3.2421000000000002
9327,-18.979399999999998,3.2403
9328,-8.5130999999999997,3.2606999999999999
9329,-8.3953000000000007,3.2625999999999999
9330,-8.3890999999999991,3.2625999999999999
9331,-8.3890999999999991,3.2625999999999999
9332,-8.3890999999999991,3.2645
9333,-8.3828999999999994,3.2645
9334,-8.3828999999999994,3.2645
9335,-8.3890999999999991,3.2645
9336,-8.3953000000000007,3.2645
9337,-8.3828999999999994,3.2645
9338,-8.3890999999999991,3.2645
9339,-8.3828999999999994,3.2645
9340,-8.3828999999999994,3.2645
9341,-8.3828999999999994,3.2645
9342,-8.3890999999999991,3.2645
9343,-8.3953000000000007,3.2645
9344,-8.3890999999999991,3.2645
9345,-8.3953000000000007,3.2645
9346,-8.3890999999999991,3.2645
9347,-8.3890999999999991,3.2645
9348,-8.3890999999999991,3.2645
9349,-8.3890999999999991,3.2663000000000002
9350,-8.3890999999999991,3.2645
9351,-8.3828999999999994,3.2645
9352,-8.3828999999999994,3.2645
9353,-8.3890999999999991,3.2663000000000002
9354,-8.3828999999999994,3.2663000000000002
9355,-8.3890999999999991,3.2663000000000002
9356,-8.3704999999999998,3.2645
9357,-8.3828999999999994,3.2663000000000002
9358,-8.3828999999999994,3.2645
9359,-8.3890999999999991,3.2663000000000002
9360,-8.4262999999999995,3.2663000000000002
9361,-8.4262999999999995,3.2645
9362,-8.4200999999999997,3.2645
9363,-8.4387000000000008,3.2645
9364,-8.4262999999999995,3.2645
9365,-8.4262999999999995,3.2645
9366,-8.4324999999999992,3.2645
9367,-8.4262999999999995,3.2645
9368,-8.4324999999999992,3.2645
9369,-8.4200999999999997,3.2645
9370,-8.4324999999999992,3.2645
9371,-8.4262999999999995,3.2645
9372,-8.4262999999999995,3.2645
9373,-8.4324999999999992,3.2645
9374,-8.4262999999999995,3.2645
9375,-8.4324999999999992,3.2645
9376,-8.4262999999999995,3.2645
9377,-8.4262999999999995,3.2645
9378,-14.7507,3.2532999999999999
9379,-14.3415,3.2532999999999999
9380,-15.3087,3.2496
9381,-14.825100000000001,3.2496
9382,-15.829599999999999,3.2458999999999998
9383,-15.3459,3.2458999999999998
9384,-16.387599999999999,3.2440000000000002
9385,-16.660399999999999,3.2421000000000002
9386,-16.145800000000001,3.2421000000000002
9387,-17.224699999999999,3.2403
9388,-16.703800000000001,3.2403
9389,-17.819900000000001,3.2383999999999999
9390,-17.261900000000001,3.2383999999999999
9391,-18.427499999999998,3.2366000000000001
9392,-18.780999999999999,3.2347000000000001
9393,-18.148499999999999,3.2347000000000001
9394,-19.376200000000001,3.2328000000000001
9395,-18.774799999999999,3.2328000000000001
9396,-20.027200000000001,3.2290999999999999
9397,-19.419599999999999,3.2309999999999999
9398,-20.696899999999999,3.2273000000000001
9399,-21.068899999999999,3.2273000000000001
9400,-20.424099999999999,3.2273000000000001
9401,-21.775700000000001,3.2235
9402,-21.099900000000002,3.2254
9403,-22.495000000000001,3.2216999999999998
9404,-21.825299999999999,3.2216999999999998
9405,-23.220400000000001,3.2198000000000002
9406,-23.666899999999998,3.218
9407,-22.947600000000001,3.218
9408,-24.423300000000001,3.2161
9409,-23.691700000000001,3.2161
9410,-25.216999999999999,3.2124000000000001
9411,-24.4605,3.2141999999999999
9412,-26.053999999999998,3.2105000000000001
9413,-16.431000000000001,3.2254
9414,-16.344200000000001,3.2273000000000001
9415,-16.3504,3.2273000000000001
9416,-16.338000000000001,3.2273000000000001
9417,-16.344200000000001,3.2290999999999999
9418,-16.344200000000001,3.2290999999999999
9419,-16.344200000000001,3.2290999999999999
9420,-16.3504,3.2290999999999999
9421,-16.338000000000001,3.2290999999999999
9422,-16.3504,3.2290999999999999
9423,-16.3504,3.2290999999999999
9424,-16.344200000000001,3.2290999999999999
9425,-16.338000000000001,3.2290999999999999
9426,-16.344200000000001,3.2290999999999999
9427,-16.338000000000001,3.2290999999999999
9428,-16.344200000000001,3.2290999999999999
9429,-16.3504,3.2290999999999999
9430,-16.3504,3.2290999999999999
9431,-16.344200000000001,3.2290999999999999
9432,-16.3504,3.2290999999999999
9433,-16.344200000000001,3.2290999999999999
9434,-16.3504,3.2290999999999999
9435,-16.344200000000001,3.2290999999999999
9436,-16.344200000000001,3.2290999999999999
9437,-16.338000000000001,3.2290999999999999
9438,-16.344200000000001,3.2290999999999999
9439,-16.381399999999999,3.2290999999999999
9440,-16.381399999999999,3.2290999999999999
9441,-16.3752,3.2290999999999999
9442,-16.387599999999999,3.2290999999999999
9443,-27.746700000000001,3.2086999999999999
9444,-28.373000000000001,3.2067999999999999
9445,-28.899999999999999,3.2031000000000001
9446,-29.451799999999999,3.2012
9447,-30.016100000000002,3.2012
9448,-30.567900000000002,3.1974999999999998
9449,-31.1755,3.1956000000000002
9450,-31.739799999999999,3.1938
9451,-32.335000000000001,3.1919
9452,-32.973700000000001,3.1901000000000002
9453,-33.568899999999999,3.1882000000000001
9454,-34.250900000000001,3.1863000000000001
9455,-34.883400000000002,3.1844999999999999
9456,-35.546799999999998,3.1808000000000001
9457,-36.272300000000001,3.1808000000000001
9458,-36.966700000000003,3.1789000000000001
9459,-37.686,3.177
9460,-38.454799999999999,3.1732999999999998
9461,-39.198900000000002,3.1715
9462,-39.967700000000001,3.1696
9463,-24.782900000000001,3.1956000000000002
9464,-24.702300000000001,3.1974999999999998
9465,-24.683700000000002,3.1974999999999998
9466,-24.696100000000001,3.1974999999999998
9467,-24.696100000000001,3.1974999999999998
9468,-24.696100000000001,3.1974999999999998
9469,-24.689900000000002,3.2012
9470,-24.7395,3.1974999999999998
9471,-24.7395,3.2012
9472,-24.7333,3.2012
9473,2.8210999999999999,3.2496
9474,3.2551999999999999,3.2551999999999999
9475,3.5775999999999999,3.2589000000000001
9476,3.8256000000000001,3.2606999999999999
9477,4.0612000000000004,3.2645
9478,4.2968000000000002,3.2663000000000002
9479,4.5014000000000003,3.2682000000000002
9480,4.6626000000000003,3.27
9481,4.8239000000000001,3.2719
9482,4.8982999999999999,3.2738
9483,4.9478999999999997,3.2755999999999998
9484,4.9417,3.2755999999999998
9485,4.9044999999999996,3.2774999999999999
9486,4.8611000000000004,3.2793000000000001
9487,4.7866999999999997,3.2793000000000001
9488,4.6936999999999998,3.2812000000000001
9489,9.9763999999999999,3.2905000000000002
9490,9.9825999999999997,3.2961
9491,9.0152999999999999,3.2961
9492,8.8231000000000002,3.2961
9493,7.9302999999999999,3.2961
9494,7.6512000000000002,3.2961
9495,6.7893999999999997,3.2961
9496,6.4607999999999999,3.2961
9497,8.2155000000000005,3.2997999999999998
9498,7.0932000000000004,3.2978999999999998
9499,5.8902999999999999,3.2961
9500,4.7370999999999999,3.2961
9501,3.7450000000000001,3.2924000000000002
9502,2.7776999999999998,3.2905000000000002
9503,1.8167,3.2886000000000002
9504,0.41539999999999999,3.2867999999999999
9505,-0.74399999999999999,3.2848999999999999
9506,-1.4259999999999999,3.2831000000000001
9507,-0.66959999999999997,3.2831000000000001
9508,-0.66959999999999997,3.2848999999999999
9509,-0.66959999999999997,3.2848999999999999
9510,-0.66959999999999997,3.2848999999999999
9511,-0.66959999999999997,3.2848999999999999
9512,-0.66959999999999997,3.2848999999999999
9513,-0.65720000000000001,3.2848999999999999
9514,-0.66959999999999997,3.2848999999999999
9515,-0.66959999999999997,3.2848999999999999
9516,-0.66959999999999997,3.2848999999999999
9517,-0.66959999999999997,3.2848999999999999
9518,-0.66959999999999997,3.2848999999999999
9519,-0.66959999999999997,3.2848999999999999
9520,-0.66959999999999997,3.2848999999999999
9521,-0.66959999999999997,3.2848999999999999
9522,-0.66959999999999997,3.2867999999999999
9523,-0.66959999999999997,3.2867999999999999
9524,-0.66959999999999997,3.2867999999999999
9525,-0.66959999999999997,3.2867999999999999
9526,-0.099199999999999997,3.2867999999999999
9527,-0.66959999999999997,3.2867999999999999
9528,-0.66959999999999997,3.2867999999999999
9529,-0.66959999999999997,3.2867999999999999
9530,-0.66959999999999997,3.2867999999999999
9531,-0.66959999999999997,3.2867999999999999
9532,-0.66959999999999997,3.2867999999999999
9533,-0.66959999999999997,3.2867999999999999
9534,-0.66959999999999997,3.2867999999999999
9535,-0.66959999999999997,3.2867999999999999
9536,-0.66959999999999997,3.2867999999999999
9537,-0.66959999999999997,3.2886000000000002
9538,-0.65720000000000001,3.2867999999999999
9539,-2.7528999999999999,3.2831000000000001
9540,-4.1852,3.2812000000000001
9541,-5.7911000000000001,3.2774999999999999
9542,-7.2233999999999998,3.2738
9543,-2.1515,3.2831000000000001
9544,-2.0647000000000002,3.2831000000000001
9545,-2.0647000000000002,3.2831000000000001
9546,-2.0647000000000002,3.2848999999999999
9547,-2.0647000000000002,3.2848999999999999
9548,-2.0585,3.2848999999999999
9549,-2.0585,3.2848999999999999
9550,-2.0585,3.2848999999999999
9551,-0.30380000000000001,3.2886000000000002
9552,-0.71299999999999997,3.2886000000000002
9553,-1.0726,3.2867999999999999
9554,-1.3515999999999999,3.2867999999999999
9555,-1.4694,3.2867999999999999
9556,-0.66959999999999997,3.2886000000000002
9557,-0.66959999999999997,3.2886000000000002
9558,-0.66959999999999997,3.2886000000000002
9559,-0.66959999999999997,3.2886000000000002
9560,-0.66959999999999997,3.2886000000000002
9561,-0.66959999999999997,3.2905000000000002
9562,-0.66959999999999997,3.2886000000000002
9563,-0.66959999999999997,3.2905000000000002
9564,-0.65720000000000001,3.2905000000000002
9565,-0.66959999999999997,3.2905000000000002
9566,-0.65720000000000001,3.2905000000000002
9567,-0.66959999999999997,3.2905000000000002
9568,-0.66959999999999997,3.2905000000000002
9569,-0.66959999999999997,3.2905000000000002
9570,-0.66959999999999997,3.2905000000000002
9571,-0.65720000000000001,3.2905000000000002
9572,-0.66959999999999997,3.2905000000000002
9573,-0.65720000000000001,3.2905000000000002
9574,-0.66959999999999997,3.2905000000000002
9575,-0.65720000000000001,3.2905000000000002
9576,-0.65720000000000001,3.2905000000000002
9577,-2.1019000000000001,3.2886000000000002
9578,-2.8273000000000001,3.2867999999999999
9579,-3.6581999999999999,3.2848999999999999
9580,-4.4951999999999996,3.2831000000000001
9581,-5.1897000000000002,3.2812000000000001
9582,-6.1073000000000004,3.2793000000000001
9583,-7.0250000000000004,3.2774999999999999
9584,-7.7504,3.2755999999999998
9585,-8.8975000000000009,3.2719
9586,-9.9019999999999992,3.27
9587,-10.5778,3.2682000000000002
9588,-11.8985,3.2645
9589,-3.5775999999999999,3.2793000000000001
9590,-3.4660000000000002,3.2793000000000001
9591,-3.4660000000000002,3.2812000000000001
9592,-3.4660000000000002,3.2812000000000001
9593,-3.4784000000000002,3.2812000000000001
9594,-3.4722,3.2812000000000001
9595,-3.4660000000000002,3.2812000000000001
9596,-3.4660000000000002,3.2812000000000001
9597,-3.4722,3.2812000000000001
9598,-3.4722,3.2831000000000001
9599,-3.4722,3.2812000000000001
9600,-3.4722,3.2812000000000001
9601,-3.4660000000000002,3.2831000000000001
9602,-3.4722,3.2831000000000001
9603,-3.4722,3.2831000000000001
9604,-3.4722,3.2831000000000001
9605,-3.4722,3.2831000000000001
9606,-3.4722,3.2831000000000001
9607,-3.4722,3.2831000000000001
9608,-3.4722,3.2831000000000001
9609,-3.4660000000000002,3.2831000000000001
9610,-3.4660000000000002,3.2831000000000001
9611,-3.4722,3.2831000000000001
9612,-3.4722,3.2831000000000001
9613,1.3702000000000001,3.2924000000000002
9614,1.1779999999999999,3.2924000000000002
9615,0.94240000000000002,3.2924000000000002
9616,0.65720000000000001,3.2924000000000002
9617,0.41539999999999999,3.2924000000000002
9618,0.21079999999999999,3.2924000000000002
9619,-0.3286,3.2924000000000002
9620,-0.78739999999999999,3.2905000000000002
9621,-1.1160000000000001,3.2905000000000002
9622,-1.3515999999999999,3.2905000000000002
9623,-1.4756,3.2905000000000002
9624,-0.66959999999999997,3.2905000000000002
9625,-0.66959999999999997,3.2924000000000002
9626,-0.66959999999999997,3.2924000000000002
9627,-0.66959999999999997,3.2924000000000002
9628,-0.66959999999999997,3.2924000000000002
9629,-0.66959999999999997,3.2924000000000002
9630,-0.65720000000000001,3.2924000000000002
9631,-0.66959999999999997,3.2924000000000002
9632,-0.66959999999999997,3.2924000000000002
9633,-0.66959999999999997,3.2924000000000002
9634,-0.66959999999999997,3.2924000000000002
9635,-0.65720000000000001,3.2961
9636,-0.66959999999999997,3.2961
9637,-0.66959999999999997,3.2961
9638,-0.66959999999999997,3.2961
9639,-0.66959999999999997,3.2961
9640,-0.66959999999999997,3.2961
9641,-0.66959999999999997,3.2961
9642,-0.66959999999999997,3.2961
9643,-0.66959999999999997,3.2961
9644,-0.66959999999999997,3.2961
9645,-1.7795000000000001,3.2924000000000002
9646,-2.1453000000000002,3.2924000000000002
9647,-2.6227,3.2905000000000002
9648,-2.9823,3.2905000000000002
9649,-3.4287999999999998,3.2886000000000002
9650,-3.8565999999999998,3.2867999999999999
9651,-4.4269999999999996,3.2867999999999999
9652,-4.7432999999999996,3.2848999999999999
9653,-5.1835000000000004,3.2848999999999999
9654,-5.7104999999999997,3.2831000000000001
9655,-6.4236000000000004,3.2812000000000001
9656,-7.5396000000000001,3.2774999999999999
9657,-6.5042,3.2793000000000001
9658,-7.7813999999999997,3.2774999999999999
9659,-8.3085000000000004,3.2755999999999998
9660,-9.2385000000000002,3.2738
9661,-9.4618000000000002,3.2719
9662,-9.9515999999999991,3.27
9663,-10.460000000000001,3.2682000000000002
9664,-11.414899999999999,3.2663000000000002
9665,-11.5389,3.2645
9666,-12.109299999999999,3.2625999999999999
9667,-12.667400000000001,3.2606999999999999
9668,-13.7524,3.2589000000000001
9669,-13.820600000000001,3.2570000000000001
9670,-14.4655,3.2551999999999999
9671,-5.2579000000000002,3.2719
9672,-5.1401000000000003,3.2738
9673,-5.1463000000000001,3.2738
9674,-5.1401000000000003,3.2738
9675,-5.1524999999999999,3.2738
9676,-5.1401000000000003,3.2755999999999998
9677,-5.1401000000000003,3.2755999999999998
9678,-5.1463000000000001,3.2755999999999998
9679,-5.1463000000000001,3.2755999999999998
9680,-5.1524999999999999,3.2755999999999998
9681,-5.1463000000000001,3.2755999999999998
9682,-5.1463000000000001,3.2755999999999998
9683,0.97960000000000003,3.2867999999999999
9684,0.97960000000000003,3.2886000000000002
9685,0.66339999999999999,3.2886000000000002
9686,0.78120000000000001,3.2905000000000002
9687,0.65720000000000001,3.2905000000000002
9688,0.37819999999999998,3.2905000000000002
9689,0.4526,3.2924000000000002
9690,0.33479999999999999,3.2924000000000002
9691,-3.6334,3.2848999999999999
9692,-3.7016,3.2831000000000001
9693,-3.7016,3.2831000000000001
9694,-3.7016,3.2831000000000001
9695,-3.7016,3.2831000000000001
9696,-3.7016,3.2831000000000001
9697,-3.7016,3.2831000000000001
9698,-3.7016,3.2831000000000001
9699,-3.7078000000000002,3.2831000000000001
9700,-3.7016,3.2831000000000001
9701,-3.7016,3.2831000000000001
9702,-3.7016,3.2831000000000001
9703,-3.7016,3.2831000000000001
9704,1.7051000000000001,3.2961
9705,1.5065999999999999,3.2961
9706,1.3391999999999999,3.2961
9707,0.94240000000000002,3.2961
9708,0.65720000000000001,3.2961
9709,0.41539999999999999,3.2961
9710,0.13639999999999999,3.2961
9711,-0.34100000000000003,3.2961
9712,-0.74399999999999999,3.2961
9713,-1.1097999999999999,3.2924000000000002
9714,-1.3515999999999999,3.2924000000000002
9715,-1.4632000000000001,3.2924000000000002
9716,-0.66959999999999997,3.2961
9717,-0.65720000000000001,3.2961
9718,-0.66959999999999997,3.2961
9719,-0.66959999999999997,3.2961
9720,-0.66959999999999997,3.2961
9721,-0.66959999999999997,3.2961
9722,-0.66959999999999997,3.2961
9723,-0.66959999999999997,3.2961
9724,-0.66959999999999997,3.2961
9725,-0.65720000000000001,3.2978999999999998
9726,-0.66959999999999997,3.2978999999999998
9727,-0.66959999999999997,3.2978999999999998
9728,-0.66959999999999997,3.2978999999999998
9729,-0.66959999999999997,3.2978999999999998
9730,-0.66959999999999997,3.2978999999999998
9731,-0.66959999999999997,3.2978999999999998
9732,-0.66959999999999997,3.2978999999999998
9733,-0.66959999999999997,3.2978999999999998
9734,-0.66959999999999997,3.2978999999999998
9735,-2.7528999999999999,3.2924000000000002
9736,-4.1852,3.2886000000000002
9737,-5.8220999999999998,3.2848999999999999
9738,-7.2233999999999998,3.2831000000000001
9739,-2.1949000000000001,3.2905000000000002
9740,-2.0647000000000002,3.2905000000000002
9741,-2.0585,3.2924000000000002
9742,-2.0647000000000002,3.2924000000000002
9743,-2.0647000000000002,3.2924000000000002
9744,-2.0647000000000002,3.2924000000000002
9745,-2.0647000000000002,3.2924000000000002
9746,-2.0647000000000002,3.2924000000000002
9747,-0.30380000000000001,3.2978999999999998
9748,-0.71299999999999997,3.2961
9749,-1.0664,3.2961
9750,-1.3453999999999999,3.2961
9751,-1.4694,3.2961
9752,-0.66959999999999997,3.2978999999999998
9753,-0.66959999999999997,3.2978999999999998
9754,-0.66959999999999997,3.2978999999999998
9755,-0.66959999999999997,3.2978999999999998
9756,-0.66959999999999997,3.2978999999999998
9757,-0.66959999999999997,3.2978999999999998
9758,-0.65720000000000001,3.2978999999999998
9759,-0.66959999999999997,3.2978999999999998
9760,-0.66959999999999997,3.2978999999999998
9761,-0.65720000000000001,3.2978999999999998
9762,-0.66959999999999997,3.2978999999999998
9763,-0.66959999999999997,3.2997999999999998
9764,-0.66959999999999997,3.2997999999999998
9765,-0.66959999999999997,3.2997999999999998
9766,-0.66959999999999997,3.2997999999999998
9767,-0.66959999999999997,3.2997999999999998
9768,-0.66959999999999997,3.2997999999999998
9769,-0.66959999999999997,3.2997999999999998
9770,-0.66959999999999997,3.2997999999999998
9771,-0.65720000000000001,3.2997999999999998
9772,-0.66959999999999997,3.2997999999999998
9773,-2.1019000000000001,3.2978999999999998
9774,-2.8273000000000001,3.2961
9775,-3.6581999999999999,3.2924000000000002
9776,-4.5014000000000003,3.2905000000000002
9777,-5.1835000000000004,3.2867999999999999
9778,-6.1383000000000001,3.2848999999999999
9779,-7.0125999999999999,3.2831000000000001
9780,-7.7442000000000002,3.2812000000000001
9781,-8.9408999999999992,3.2774999999999999
9782,-9.9515999999999991,3.2755999999999998
9783,-10.5716,3.2738
9784,-11.9047,3.27
9785,-3.5838000000000001,3.2848999999999999
9786,-3.4660000000000002,3.2848999999999999
9787,-3.4722,3.2848999999999999
9788,-3.4660000000000002,3.2848999999999999
9789,-3.4784000000000002,3.2848999999999999
9790,-3.4722,3.2867999999999999
9791,-3.4660000000000002,3.2867999999999999
9792,-3.4722,3.2867999999999999
9793,-3.4722,3.2867999999999999
9794,-3.4660000000000002,3.2867999999999999
9795,-3.4722,3.2867999999999999
9796,-3.4722,3.2867999999999999
9797,-3.4660000000000002,3.2867999999999999
9798,-3.4722,3.2867999999999999
9799,-3.4722,3.2867999999999999
9800,-3.4722,3.2867999999999999
9801,-3.4784000000000002,3.2867999999999999
9802,-3.4722,3.2867999999999999
9803,-3.4660000000000002,3.2867999999999999
9804,-3.4722,3.2867999999999999
9805,-3.4722,3.2867999999999999
9806,-3.4722,3.2867999999999999
9807,-3.4722,3.2867999999999999
9808,-3.4722,3.2867999999999999
9809,1.3764000000000001,3.2978999999999998
9810,1.2214,3.2997999999999998
9811,0.94240000000000002,3.2997999999999998
9812,0.65720000000000001,3.2997999999999998
9813,0.41539999999999999,3.2997999999999998
9814,0.21079999999999999,3.2997999999999998
9815,-0.34100000000000003,3.2978999999999998
9816,-0.78739999999999999,3.2978999999999998
9817,-1.1097999999999999,3.2978999999999998
9818,-1.3515999999999999,3.2961
9819,-1.4694,3.2961
9820,-0.65720000000000001,3.2978999999999998
9821,-0.66959999999999997,3.2978999999999998
9822,-0.66959999999999997,3.2978999999999998
9823,-0.66959999999999997,3.2997999999999998
9824,-0.66959999999999997,3.2978999999999998
9825,-0.65720000000000001,3.2997999999999998
9826,-0.66959999999999997,3.2997999999999998
9827,-0.66959999999999997,3.2997999999999998
9828,-0.66959999999999997,3.2997999999999998
9829,-0.66959999999999997,3.2997999999999998
9830,-0.65720000000000001,3.2997999999999998
9831,-0.66959999999999997,3.2997999999999998
9832,-0.66959999999999997,3.2997999999999998
9833,-0.66959999999999997,3.2997999999999998
9834,-0.66959999999999997,3.2997999999999998
9835,-0.66959999999999997,3.2997999999999998
9836,-0.66959999999999997,3.2997999999999998
9837,-0.65720000000000001,3.2997999999999998
9838,-0.66959999999999997,3.2997999999999998
9839,-0.65720000000000001,3.2997999999999998
9840,-0.66959999999999997,3.3016999999999999
9841,-1.7857000000000001,3.2978999999999998
9842,-2.1453000000000002,3.2978999999999998
9843,-2.6227,3.2961
9844,-2.9885000000000002,3.2961
9845,-3.4226000000000001,3.2924000000000002
9846,-3.8628,3.2905000000000002
9847,-4.4641999999999999,3.2905000000000002
9848,-4.7432999999999996,3.2886000000000002
9849,-5.2393000000000001,3.2867999999999999
9850,-5.7042999999999999,3.2867999999999999
9851,-6.4607999999999999,3.2848999999999999
9852,-7.5457999999999998,3.2812000000000001
9853,-6.5476000000000001,3.2831000000000001
9854,-7.7751999999999999,3.2812000000000001
9855,-8.3457000000000008,3.2793000000000001
9856,-9.2385000000000002,3.2755999999999998
9857,-9.4618000000000002,3.2755999999999998
9858,-9.9391999999999996,3.2738
9859,-10.466200000000001,3.2719
9860,-11.427300000000001,3.2682000000000002
9861,-11.5823,3.2682000000000002
9862,-12.1031,3.2663000000000002
9863,-12.667400000000001,3.2645
9864,-13.7524,3.2606999999999999
9865,-13.864000000000001,3.2606999999999999
9866,-14.4655,3.2570000000000001
9867,-5.2641,3.2738
9868,-5.1463000000000001,3.2755999999999998
9869,-5.1463000000000001,3.2755999999999998
9870,-5.1524999999999999,3.2774999999999999
9871,-5.1463000000000001,3.2755999999999998
9872,-5.1463000000000001,3.2774999999999999
9873,-5.1463000000000001,3.2774999999999999
9874,-5.1463000000000001,3.2774999999999999
9875,-5.1524999999999999,3.2774999999999999
9876,-5.1401000000000003,3.2774999999999999
9877,-5.1401000000000003,3.2774999999999999
9878,-5.1463000000000001,3.2774999999999999
9879,0.97340000000000004,3.2886000000000002
9880,1.0167999999999999,3.2905000000000002
9881,0.66339999999999999,3.2924000000000002
9882,0.78120000000000001,3.2924000000000002
9883,0.65720000000000001,3.2924000000000002
9884,0.37819999999999998,3.2924000000000002
9885,0.45879999999999999,3.2961
9886,0.34100000000000003,3.2961
9887,-3.6334,3.2867999999999999
9888,-3.7016,3.2867999999999999
9889,-3.7078000000000002,3.2867999999999999
9890,-3.7078000000000002,3.2867999999999999
9891,-3.7078000000000002,3.2848999999999999
9892,-3.7078000000000002,3.2848999999999999
9893,-3.7078000000000002,3.2848999999999999
9894,-3.7016,3.2848999999999999
9895,-3.6953999999999998,3.2848999999999999
9896,-3.7078000000000002,3.2867999999999999
9897,-3.6953999999999998,3.2848999999999999
9898,-3.7016,3.2848999999999999
9899,-3.7016,3.2848999999999999
9900,1.6927000000000001,3.2978999999999998
9901,1.5127999999999999,3.2997999999999998
9902,1.3391999999999999,3.2997999999999998
9903,0.94240000000000002,3.2978999999999998
9904,0.66339999999999999,3.2997999999999998
9905,0.41539999999999999,3.2997999999999998
9906,0.13639999999999999,3.2978999999999998
9907,-0.33479999999999999,3.2978999999999998
9908,-0.75019999999999998,3.2978999999999998
9909,-1.1097999999999999,3.2978999999999998
9910,-1.3515999999999999,3.2961
9911,-1.4694,3.2961
9912,-0.66959999999999997,3.2978999999999998
9913,-0.66959999999999997,3.2978999999999998
9914,-0.66959999999999997,3.2978999999999998
9915,-0.66959999999999997,3.2978999999999998
9916,-0.66959999999999997,3.2978999999999998
9917,-0.66959999999999997,3.2978999999999998
9918,-0.65720000000000001,3.2978999999999998
9919,-0.66959999999999997,3.2978999999999998
9920,-0.66959999999999997,3.2978999999999998
9921,-0.66959999999999997,3.2997999999999998
9922,-0.66959999999999997,3.2997999999999998
9923,-0.66959999999999997,3.2997999999999998
9924,-0.66959999999999997,3.2997999999999998
9925,-0.66959999999999997,3.2997999999999998
9926,-0.66959999999999997,3.2997999999999998
9927,-0.66959999999999997,3.2997999999999998
9928,-0.66959999999999997,3.2997999999999998
9929,-0.66959999999999997,3.2997999999999998
9930,-0.66959999999999997,3.2997999999999998
9931,-2.7528999999999999,3.2961
9932,-4.1913999999999998,3.2905000000000002
9933,-5.8159000000000001,3.2867999999999999
9934,-7.2233999999999998,3.2831000000000001
9935,-2.1886999999999999,3.2924000000000002
9936,-2.1080999999999999,3.2924000000000002
9937,-2.1080999999999999,3.2924000000000002
9938,-2.1080999999999999,3.2961
9939,-2.1080999999999999,3.2961
9940,-2.1080999999999999,3.2961
9941,-2.1080999999999999,3.2961
9942,-2.1080999999999999,3.2961
9943,-0.30380000000000001,3.2997999999999998
9944,-0.71299999999999997,3.2997999999999998
9945,-1.0726,3.2978999999999998
9946,-1.3515999999999999,3.2978999999999998
9947,-1.4694,3.2978999999999998
9948,-0.66959999999999997,3.2997999999999998
9949,-0.65720000000000001,3.2997999999999998
9950,-0.65720000000000001,3.2997999999999998
9951,-0.66959999999999997,3.2997999999999998
9952,-0.66959999999999997,3.2997999999999998
9953,-0.66959999999999997,3.2997999999999998
9954,-0.66959999999999997,3.2997999999999998
9955,-0.65720000000000001,3.2997999999999998
9956,-0.66959999999999997,3.3016999999999999
9957,-0.65720000000000001,3.3016999999999999
9958,-0.66959999999999997,3.2997999999999998
9959,-0.66959999999999997,3.3016999999999999
9960,-0.65720000000000001,3.3016999999999999
9961,-0.66959999999999997,3.3016999999999999
9962,-0.65720000000000001,3.3016999999999999
9963,-0.65720000000000001,3.3016999999999999
9964,-0.66959999999999997,3.3016999999999999
9965,-0.66959999999999997,3.3016999999999999
9966,-0.66959999999999997,3.3016999999999999
9967,-0.66959999999999997,3.3016999999999999
9968,-0.66959999999999997,3.3016999999999999
9969,-2.1080999999999999,3.2978999999999998
9970,-2.8273000000000001,3.2978999999999998
9971,-3.6581999999999999,3.2961
9972,-4.5014000000000003,3.2905000000000002
9973,-5.1897000000000002,3.2886000000000002
9974,-6.1444999999999999,3.2867999999999999
9975,-7.0621999999999998,3.2848999999999999
9976,-7.7876000000000003,3.2831000000000001
9977,-8.9408999999999992,3.2793000000000001
9978,-9.9515999999999991,3.2755999999999998
9979,-10.633599999999999,3.2738
9980,-11.9419,3.27
9981,-3.5838000000000001,3.2848999999999999
9982,-3.5093999999999999,3.2867999999999999
9983,-3.5093999999999999,3.2867999999999999
9984,-3.5093999999999999,3.2867999999999999
9985,-3.5032000000000001,3.2867999999999999
9986,-3.5032000000000001,3.2867999999999999
9987,-3.5032000000000001,3.2867999999999999
9988,-3.5032000000000001,3.2867999999999999
9989,-3.5032000000000001,3.2886000000000002
9990,-3.5032000000000001,3.2867999999999999
9991,-3.5032000000000001,3.2886000000000002
9992,-3.5032000000000001,3.2886000000000002
9993,-3.5032000000000001,3.2886000000000002
9994,-3.5032000000000001,3.2886000000000002
9995,-3.5032000000000001,3.2886000000000002
9996,-3.5093999999999999,3.2886000000000002
9997,-3.5093999999999999,3.2886000000000002
9998,-3.5093999999999999,3.2867999999999999
9999,-3.5093999999999999,3.2886000000000002
10000,-3.5032000000000001,3.2886000000000002
10001,-3.5093999999999999,3.2886000000000002
10002,-3.5093999999999999,3.2886000000000002
10003,-3.5032000000000001,3.2886000000000002
10004,-3.5093999999999999,3.2886000000000002
10005,1.3764000000000001,3.2997999999999998
10006,1.2214,3.2997999999999998
10007,0.93620000000000003,3.2997999999999998
10008,0.65720000000000001,3.2997999999999998
10009,0.41539999999999999,3.2997999999999998
10010,0.21079999999999999,3.2997999999999998
10011,-0.32240000000000002,3.2997999999999998
10012,-0.78739999999999999,3.2978999999999998
10013,-1.1097999999999999,3.2978999999999998
10014,-1.3453999999999999,3.2978999999999998
10015,-1.4694,3.2978999999999998
10016,-0.66959999999999997,3.2978999999999998
10017,-0.66959999999999997,3.2997999999999998
10018,-0.66959999999999997,3.2997999999999998
10019,-0.66959999999999997,3.2997999999999998
10020,-0.66959999999999997,3.2997999999999998
10021,-0.66959999999999997,3.2997999999999998
10022,-0.66959999999999997,3.2997999999999998
10023,-0.66959999999999997,3.2997999999999998
10024,-0.66959999999999997,3.2997999999999998
10025,-0.66959999999999997,3.2997999999999998
10026,-0.66959999999999997,3.2997999999999998
10027,-0.66959999999999997,3.2997999999999998
10028,-0.66959999999999997,3.2997999999999998
10029,-0.66959999999999997,3.2997999999999998
10030,-0.66959999999999997,3.3016999999999999
10031,-0.66959999999999997,3.3016999999999999
10032,-0.66959999999999997,3.3016999999999999
10033,-0.66959999999999997,3.3016999999999999
10034,-0.66959999999999997,3.3016999999999999
10035,-0.66959999999999997,3.3016999999999999
10036,-0.66959999999999997,3.3016999999999999
10037,-1.7857000000000001,3.2997999999999998
10038,-2.1453000000000002,3.2978999999999998
10039,-2.6227,3.2978999999999998
10040,-2.9885000000000002,3.2961
10041,-3.4226000000000001,3.2961
10042,-3.8565999999999998,3.2924000000000002
10043,-4.4703999999999997,3.2905000000000002
10044,-4.7495000000000003,3.2905000000000002
10045,-5.2268999999999997,3.2886000000000002
10046,-5.6981000000000002,3.2867999999999999
10047,-6.4669999999999996,3.2848999999999999
10048,-7.5457999999999998,3.2831000000000001
10049,-6.5476000000000001,3.2831000000000001
10050,-7.7751999999999999,3.2812000000000001
10051,-8.3519000000000005,3.2793000000000001
10052,-9.2261000000000006,3.2755999999999998
10053,-9.4618000000000002,3.2755999999999998
10054,-9.9887999999999995,3.2738
10055,-10.503399999999999,3.2719
10056,-11.464499999999999,3.27
10057,-11.5947,3.2682000000000002
10058,-12.1465,3.2663000000000002
10059,-12.704599999999999,3.2645
10060,-13.7834,3.2606999999999999
10061,-13.907400000000001,3.2606999999999999
10062,-14.502700000000001,3.2570000000000001
10063,-5.2579000000000002,3.2738
10064,-5.1835000000000004,3.2755999999999998
10065,-5.1897000000000002,3.2755999999999998
10066,-5.1897000000000002,3.2755999999999998
10067,-5.1835000000000004,3.2774999999999999
10068,-5.1897000000000002,3.2774999999999999
10069,-5.1835000000000004,3.2774999999999999
10070,-5.1835000000000004,3.2774999999999999
10071,-5.1897000000000002,3.2774999999999999
10072,-5.1772999999999998,3.2774999999999999
10073,-5.1897000000000002,3.2774999999999999
10074,-5.1835000000000004,3.2774999999999999
10075,0.97960000000000003,3.2886000000000002
10076,1.0167999999999999,3.2905000000000002
10077,0.65720000000000001,3.2905000000000002
10078,0.78120000000000001,3.2924000000000002
10079,0.65720000000000001,3.2924000000000002
10080,0.37819999999999998,3.2924000000000002
10081,0.45879999999999999,3.2961
10082,0.33479999999999999,3.2961
10083,-3.6334,3.2867999999999999
10084,-3.7016,3.2867999999999999
10085,-3.7016,3.2867999999999999
10086,-3.7078000000000002,3.2848999999999999
10087,-3.7016,3.2848999999999999
10088,-3.6892,3.2848999999999999
10089,-3.7016,3.2848999999999999
10090,-3.7016,3.2848999999999999
10091,-3.7078000000000002,3.2848999999999999
10092,-3.7016,3.2848999999999999
10093,-3.7016,3.2848999999999999
10094,-3.7078000000000002,3.2848999999999999
10095,-3.7016,3.2848999999999999
10096,1.6927000000000001,3.2978999999999998
10097,1.5065999999999999,3.2978999999999998
10098,1.3391999999999999,3.2997999999999998
10099,0.94240000000000002,3.2978999999999998
10100,0.65720000000000001,3.2978999999999998
10101,0.41539999999999999,3.2978999999999998
10102,0.13020000000000001,3.2978999999999998
10103,-0.34100000000000003,3.2978999999999998
10104,-0.74399999999999999,3.2978999999999998
10105,-1.1097999999999999,3.2961
10106,-1.3453999999999999,3.2961
10107,-1.4632000000000001,3.2961
10108,-0.65720000000000001,3.2978999999999998
10109,-0.65720000000000001,3.2978999999999998
10110,-0.66959999999999997,3.2978999999999998
10111,-0.65720000000000001,3.2978999999999998
10112,-0.66959999999999997,3.2978999999999998
10113,-0.66959999999999997,3.2978999999999998
10114,-0.66959999999999997,3.2978999999999998
10115,-0.66959999999999997,3.2978999999999998
10116,-0.66959999999999997,3.2978999999999998
10117,-0.65720000000000001,3.2997999999999998
10118,-0.66959999999999997,3.2978999999999998
10119,-0.66959999999999997,3.2978999999999998
10120,-0.65720000000000001,3.2997999999999998
10121,-0.66959999999999997,3.2997999999999998
10122,-0.66959999999999997,3.2997999999999998
10123,-0.65720000000000001,3.2997999999999998
10124,-0.65720000000000001,3.2997999999999998
10125,-0.66959999999999997,3.2997999999999998
10126,-0.66959999999999997,3.2997999999999998
10127,-2.7467000000000001,3.2961
10128,-4.1852,3.2905000000000002
10129,-5.8220999999999998,3.2867999999999999
10130,-7.2729999999999997,3.2831000000000001
10131,-2.1886999999999999,3.2924000000000002
10132,-2.1080999999999999,3.2924000000000002
10133,-2.1019000000000001,3.2924000000000002
10134,-2.1080999999999999,3.2961
10135,-2.1080999999999999,3.2924000000000002
10136,-2.1080999999999999,3.2924000000000002
10137,-2.1080999999999999,3.2961
10138,-2.1019000000000001,3.2924000000000002
10139,-0.30380000000000001,3.2978999999999998
10140,-0.70679999999999998,3.2978999999999998
10141,-1.0664,3.2978999999999998
10142,-1.3453999999999999,3.2978999999999998
10143,-1.4694,3.2978999999999998
10144,-0.66959999999999997,3.2978999999999998
10145,-0.65720000000000001,3.2997999999999998
10146,-0.66959999999999997,3.2997999999999998
10147,-0.66959999999999997,3.2997999999999998
10148,-0.65720000000000001,3.2997999999999998
10149,-0.66959999999999997,3.2997999999999998
10150,-0.66959999999999997,3.2997999999999998
10151,-0.65720000000000001,3.2997999999999998
10152,-0.65720000000000001,3.2997999999999998
10153,-0.65720000000000001,3.2997999999999998
10154,-0.65720000000000001,3.2997999999999998
10155,-0.66959999999999997,3.2997999999999998
10156,-0.66959999999999997,3.2997999999999998
10157,-0.65720000000000001,3.2997999999999998
10158,-0.66959999999999997,3.3016999999999999
10159,-0.66959999999999997,3.2997999999999998
10160,-0.65720000000000001,3.3016999999999999
10161,-0.66959999999999997,3.2997999999999998
10162,-0.66959999999999997,3.3016999999999999
10163,-0.66959999999999997,3.3016999999999999
10164,-0.66959999999999997,3.3016999999999999
10165,-2.1453000000000002,3.2978999999999998
10166,-2.8334999999999999,3.2961
10167,-3.7016,3.2924000000000002
10168,-4.4951999999999996,3.2905000000000002
10169,-5.1835000000000004,3.2886000000000002
10170,-6.1444999999999999,3.2867999999999999
10171,-7.0621999999999998,3.2848999999999999
10172,-7.7751999999999999,3.2831000000000001
10173,-8.9408999999999992,3.2793000000000001
10174,-9.9391999999999996,3.2755999999999998
10175,-10.6212,3.2738
10176,-11.935700000000001,3.27
10177,-3.6272000000000002,3.2848999999999999
10178,-3.5093999999999999,3.2848999999999999
10179,-3.5032000000000001,3.2867999999999999
10180,-3.5032000000000001,3.2867999999999999
10181,-3.5093999999999999,3.2867999999999999
10182,-3.4969999999999999,3.2867999999999999
10183,-3.5032000000000001,3.2867999999999999
10184,-3.5032000000000001,3.2867999999999999
10185,-3.5032000000000001,3.2867999999999999
10186,-3.5032000000000001,3.2867999999999999
10187,-3.5032000000000001,3.2867999999999999
10188,-3.5032000000000001,3.2867999999999999
10189,-3.5032000000000001,3.2867999999999999
10190,-3.5093999999999999,3.2867999999999999
10191,-3.5032000000000001,3.2867999999999999
10192,-3.5032000000000001,3.2867999999999999
10193,-3.5032000000000001,3.2867999999999999
10194,-3.5032000000000001,3.2867999999999999
10195,-3.4969999999999999,3.2867999999999999
10196,-3.5032000000000001,3.2867999999999999
10197,-3.5032000000000001,3.2867999999999999
10198,-3.5032000000000001,3.2867999999999999
10199,-3.5093999999999999,3.2867999999999999
10200,-3.5032000000000001,3.2867999999999999
10201,1.3702000000000001,3.2978999999999998
10202,1.2214,3.2997999999999998
10203,0.93620000000000003,3.2997999999999998
10204,0.65720000000000001,3.2997999999999998
10205,0.41539999999999999,3.2997999999999998
10206,0.21079999999999999,3.2997999999999998
10207,-0.34100000000000003,3.2978999999999998
10208,-0.78739999999999999,3.2978999999999998
10209,-1.1097999999999999,3.2978999999999998
10210,-1.3453999999999999,3.2961
10211,-1.4694,3.2961
10212,-0.65720000000000001,3.2978999999999998
10213,-0.66959999999999997,3.2978999999999998
10214,-0.66959999999999997,3.2978999999999998
10215,-0.65720000000000001,3.2997999999999998
10216,-0.65720000000000001,3.2997999999999998
10217,-0.65720000000000001,3.2997999999999998
10218,-0.66959999999999997,3.2997999999999998
10219,-0.65720000000000001,3.2997999999999998
10220,-0.66959999999999997,3.2997999999999998
10221,-0.65720000000000001,3.2997999999999998
10222,-0.65720000000000001,3.2997999999999998
10223,-0.66959999999999997,3.2997999999999998
10224,-0.65720000000000001,3.2997999999999998
10225,-0.66959999999999997,3.2997999999999998
10226,-0.66959999999999997,3.2997999999999998
10227,-0.65720000000000001,3.2997999999999998
10228,-0.66959999999999997,3.2997999999999998
10229,-0.66959999999999997,3.2997999999999998
10230,-0.66959999999999997,3.3016999999999999
10231,-0.66959999999999997,3.2997999999999998
10232,-0.66959999999999997,3.3016999999999999
10233,-1.7795000000000001,3.2978999999999998
10234,-2.1453000000000002,3.2978999999999998
10235,-2.6227,3.2961
10236,-3.0318999999999998,3.2961
10237,-3.4226000000000001,3.2924000000000002
10238,-3.8628,3.2924000000000002
10239,-4.4703999999999997,3.2905000000000002
10240,-4.7866999999999997,3.2886000000000002
10241,-5.2268999999999997,3.2886000000000002
10242,-5.7415000000000003,3.2867999999999999
10243,-6.4607999999999999,3.2848999999999999
10244,-7.5768000000000004,3.2812000000000001
10245,-6.5414000000000003,3.2831000000000001
10246,-7.8186999999999998,3.2812000000000001
10247,-8.3457000000000008,3.2774999999999999
10248,-9.2570999999999994,3.2755999999999998
10249,-9.5114000000000001,3.2738
10250,-9.9763999999999999,3.2719
10251,-10.503399999999999,3.27
10252,-11.470700000000001,3.2682000000000002
10253,-11.6319,3.2663000000000002
10254,-12.1403,3.2645
10255,-12.698399999999999,3.2625999999999999
10256,-13.8268,3.2606999999999999
10257,-13.901199999999999,3.2589000000000001
10258,-14.4903,3.2570000000000001
10259,-5.2641,3.2738
10260,-5.1897000000000002,3.2738
10261,-5.1772999999999998,3.2755999999999998
10262,-5.1897000000000002,3.2755999999999998
10263,-5.1835000000000004,3.2755999999999998
10264,-5.1897000000000002,3.2755999999999998
10265,-5.1897000000000002,3.2755999999999998
10266,-5.1897000000000002,3.2755999999999998
10267,-5.1835000000000004,3.2774999999999999
10268,-5.1835000000000004,3.2755999999999998
10269,-5.1835000000000004,3.2774999999999999
10270,-5.1835000000000004,3.2755999999999998
10271,0.97960000000000003,3.2886000000000002
10272,1.0167999999999999,3.2905000000000002
10273,0.65720000000000001,3.2905000000000002
10274,0.78120000000000001,3.2924000000000002
10275,0.65720000000000001,3.2924000000000002
10276,0.37819999999999998,3.2924000000000002
10277,0.4526,3.2924000000000002
10278,0.33479999999999999,3.2961
10279,-3.6272000000000002,3.2867999999999999
10280,-3.6953999999999998,3.2848999999999999
10281,-3.7016,3.2848999999999999
10282,-3.6953999999999998,3.2848999999999999
10283,-3.7016,3.2848999999999999
10284,-3.7016,3.2848999999999999
10285,-3.7016,3.2848999999999999
10286,-3.7016,3.2848999999999999
10287,-3.7016,3.2848999999999999
10288,-3.7016,3.2848999999999999
10289,-3.7016,3.2848999999999999
10290,-3.7016,3.2848999999999999
10291,-3.7016,3.2848999999999999
10292,1.6927000000000001,3.2961
10293,1.5065999999999999,3.2978999999999998
10294,1.3391999999999999,3.2978999999999998
10295,0.93620000000000003,3.2978999999999998
10296,0.65720000000000001,3.2978999999999998
10297,0.41539999999999999,3.2978999999999998
10298,0.13639999999999999,3.2978999999999998
10299,-0.34100000000000003,3.2978999999999998
10300,-0.75019999999999998,3.2961
10301,-1.1035999999999999,3.2961
10302,-1.3515999999999999,3.2961
10303,-1.4694,3.2924000000000002
10304,-0.66959999999999997,3.2961
10305,-0.65720000000000001,3.2978999999999998
10306,-0.66959999999999997,3.2978999999999998
10307,-0.66959999999999997,3.2961
10308,-0.66959999999999997,3.2978999999999998
10309,-0.65720000000000001,3.2978999999999998
10310,-0.65720000000000001,3.2978999999999998
10311,-0.66959999999999997,3.2978999999999998
10312,-0.65720000000000001,3.2978999999999998
10313,-0.66959999999999997,3.2978999999999998
10314,-0.65720000000000001,3.2978999999999998
10315,-0.65720000000000001,3.2978999999999998
10316,-0.65720000000000001,3.2978999999999998
10317,-0.66959999999999997,3.2978999999999998
10318,-0.66959999999999997,3.2978999999999998
10319,-0.65720000000000001,3.2978999999999998
10320,-0.66959999999999997,3.2997999999999998
10321,-0.65720000000000001,3.2997999999999998
10322,-0.65720000000000001,3.2997999999999998
10323,-0.65720000000000001,3.2997999999999998
10324,-0.65720000000000001,3.2997999999999998
10325,-0.66959999999999997,3.2997999999999998
10326,-0.66959999999999997,3.2997999999999998
10327,-0.66959999999999997,3.2997999999999998
10328,-0.66959999999999997,3.2997999999999998
10329,-0.66959999999999997,3.2997999999999998
10330,-0.65720000000000001,3.2997999999999998
10331,-0.65720000000000001,3.2997999999999998
10332,-2.3127,3.2961
10333,-3.2614000000000001,3.2924000000000002
10334,-4.2657999999999996,3.2905000000000002
10335,-5.2641,3.2886000000000002
10336,-6.2624000000000004,3.2848999999999999
10337,-2.1453000000000002,3.2924000000000002
10338,-2.1019000000000001,3.2924000000000002
10339,-5.6733000000000002,3.2867999999999999
10340,-6.3925999999999998,3.2831000000000001
10341,-7.2667999999999999,3.2812000000000001
10342,-7.7442000000000002,3.2793000000000001
10343,-8.4324999999999992,3.2774999999999999
10344,-9.0959000000000003,3.2755999999999998
10345,-10.143800000000001,3.2738
10346,-10.5778,3.2719
10347,-11.235099999999999,3.2682000000000002
10348,-3.8256000000000001,3.2812000000000001
10349,-3.7511999999999999,3.2831000000000001
10350,-10.553000000000001,3.27
10351,-11.142099999999999,3.2682000000000002
10352,-11.2599,3.2663000000000002
10353,-12.2271,3.2645
10354,-12.7852,3.2625999999999999
10355,-13.337,3.2606999999999999
10356,-13.3804,3.2589000000000001
10357,-14.496499999999999,3.2551999999999999
10358,-5.3136999999999999,3.2719
10359,-5.1897000000000002,3.2738
10360,-12.698399999999999,3.2606999999999999
10361,-13.8764,3.2570000000000001
10362,-13.7462,3.2551999999999999
10363,-14.818899999999999,3.2532999999999999
10364,-14.7011,3.2513999999999998
10365,-15.197100000000001,3.2513999999999998
10366,-16.331800000000001,3.2458999999999998
10367,-16.1892,3.2440000000000002
10368,-16.697600000000001,3.2440000000000002
10369,-17.9377,3.2403
10370,-17.764099999999999,3.2383999999999999
10371,-19.097200000000001,3.2366000000000001
10372,-18.9298,3.2347000000000001
10373,-8.4634999999999998,3.2551999999999999
10374,-8.3890999999999991,3.2570000000000001
10375,-8.3890999999999991,3.2570000000000001
10376,-8.3828999999999994,3.2570000000000001
10377,-8.3890999999999991,3.2570000000000001
10378,-8.3890999999999991,3.2589000000000001
10379,-8.3890999999999991,3.2589000000000001
10380,-8.3890999999999991,3.2589000000000001
10381,-8.3828999999999994,3.2589000000000001
10382,-8.3953000000000007,3.2589000000000001
10383,-8.3890999999999991,3.2589000000000001
10384,-8.3890999999999991,3.2589000000000001
10385,-8.3890999999999991,3.2589000000000001
10386,-8.3828999999999994,3.2589000000000001
10387,-8.3890999999999991,3.2589000000000001
10388,-8.3890999999999991,3.2589000000000001
10389,-8.3890999999999991,3.2589000000000001
10390,-8.3890999999999991,3.2589000000000001
10391,-8.3828999999999994,3.2589000000000001
10392,-8.3828999999999994,3.2589000000000001
10393,-8.3828999999999994,3.2589000000000001
10394,-8.3828999999999994,3.2589000000000001
10395,-8.3828999999999994,3.2589000000000001
10396,-8.3828999999999994,3.2589000000000001
10397,-8.3890999999999991,3.2589000000000001
10398,-8.3828999999999994,3.2589000000000001
10399,-8.3704999999999998,3.2589000000000001
10400,-8.3890999999999991,3.2589000000000001
10401,-8.3890999999999991,3.2589000000000001
10402,-8.3890999999999991,3.2589000000000001
10403,-8.3890999999999991,3.2589000000000001
10404,-8.3890999999999991,3.2589000000000001
10405,-8.3890999999999991,3.2589000000000001
10406,-8.3828999999999994,3.2589000000000001
10407,-8.3828999999999994,3.2589000000000001
10408,-8.3953000000000007,3.2589000000000001
10409,-8.3828999999999994,3.2589000000000001
10410,-8.3890999999999991,3.2589000000000001
10411,-8.3828999999999994,3.2589000000000001
10412,-8.3890999999999991,3.2589000000000001
10413,-8.3890999999999991,3.2589000000000001
10414,-8.3828999999999994,3.2589000000000001
10415,-8.3704999999999998,3.2589000000000001
10416,-8.3953000000000007,3.2589000000000001
10417,-8.3828999999999994,3.2589000000000001
10418,-8.3828999999999994,3.2589000000000001
10419,-8.3890999999999991,3.2589000000000001
10420,-8.3828999999999994,3.2570000000000001
10421,-8.3828999999999994,3.2589000000000001
10422,-8.3828999999999994,3.2570000000000001
10423,3.8999999999999999,3.2812000000000001
10424,3.8999999999999999,3.2831000000000001
10425,3.7450000000000001,3.2848999999999999
10426,3.5775999999999999,3.2867999999999999
10427,3.3730000000000002,3.2867999999999999
10428,3.2242000000000002,3.2886000000000002
10429,3.0133000000000001,3.2886000000000002
10430,2.8210999999999999,3.2886000000000002
10431,-5.0160999999999998,3.2755999999999998
10432,-5.1835000000000004,3.2738
10433,-5.1772999999999998,3.2738
10434,-5.1835000000000004,3.2719
10435,-5.1835000000000004,3.2719
10436,-5.1835000000000004,3.2719
10437,-5.1835000000000004,3.2719
10438,-5.1897000000000002,3.2719
10439,-5.1835000000000004,3.2719
10440,-5.1835000000000004,3.2719
10441,-5.1897000000000002,3.2719
10442,-5.1772999999999998,3.2719
10443,-5.1835000000000004,3.2719
10444,-5.1897000000000002,3.2719
10445,-5.1897000000000002,3.2719
10446,-5.1897000000000002,3.2719
10447,-5.1835000000000004,3.2719
10448,-5.1772999999999998,3.2719
10449,-5.1835000000000004,3.2719
10450,-5.1835000000000004,3.2719
10451,-5.1835000000000004,3.2719
10452,-5.1835000000000004,3.27
10453,-5.1835000000000004,3.2719
10454,-5.1835000000000004,3.27
10455,-5.1835000000000004,3.2719
10456,-5.1835000000000004,3.27
10457,-5.1835000000000004,3.27
10458,-5.1835000000000004,3.2719
10459,-5.1835000000000004,3.2719
10460,-5.1897000000000002,3.27
10461,-5.1897000000000002,3.2719
10462,-5.1897000000000002,3.27
10463,-5.1897000000000002,3.27
10464,-5.1897000000000002,3.27
10465,-5.1835000000000004,3.27
10466,-5.1897000000000002,3.27
10467,-5.1835000000000004,3.27
10468,-5.1835000000000004,3.27
10469,-5.1835000000000004,3.27
10470,-5.1772999999999998,3.27
10471,-5.1897000000000002,3.27
10472,-5.1835000000000004,3.27
10473,-5.1835000000000004,3.2719
10474,-5.1835000000000004,3.27
10475,-5.1835000000000004,3.27
10476,-5.1835000000000004,3.27
10477,-5.1835000000000004,3.27
10478,-5.1835000000000004,3.27
10479,-5.1897000000000002,3.27
10480,-5.1897000000000002,3.27
10481,-5.1835000000000004,3.27
10482,-5.1835000000000004,3.27
10483,-5.1897000000000002,3.27
10484,-5.1835000000000004,3.27
10485,-5.1835000000000004,3.27
10486,-5.1897000000000002,3.27
10487,-5.1897000000000002,3.27
10488,-5.1835000000000004,3.27
10489,-5.1835000000000004,3.27
10490,-5.1835000000000004,3.27
10491,-5.1835000000000004,3.27
10492,-5.1897000000000002,3.27
10493,-5.1835000000000004,3.27
10494,-5.1835000000000004,3.27
10495,-5.1835000000000004,3.27
10496,-5.1835000000000004,3.27
10497,-5.1897000000000002,3.27
10498,-5.1897000000000002,3.27
10499,-5.1897000000000002,3.27
10500,-12.747999999999999,3.2570000000000001
10501,-13.901199999999999,3.2532999999999999
10502,-13.7896,3.2513999999999998
10503,-14.8561,3.2458999999999998
10504,-14.725899999999999,3.2458999999999998
10505,-15.2219,3.2440000000000002
10506,-16.381399999999999,3.2403
10507,-16.232600000000001,3.2403
10508,-16.741,3.2383999999999999
10509,-17.987300000000001,3.2347000000000001
10510,-17.819900000000001,3.2347000000000001
10511,-19.140599999999999,3.2309999999999999
10512,-18.973199999999999,3.2309999999999999
10513,-8.5007000000000001,3.2496
10514,-8.3828999999999994,3.2513999999999998
10515,-8.3890999999999991,3.2532999999999999
10516,-8.3890999999999991,3.2532999999999999
10517,-8.3828999999999994,3.2532999999999999
10518,-8.3704999999999998,3.2532999999999999
10519,-8.3828999999999994,3.2532999999999999
10520,-8.3828999999999994,3.2532999999999999
10521,-8.3828999999999994,3.2532999999999999
10522,-8.3828999999999994,3.2532999999999999
10523,-8.3890999999999991,3.2532999999999999
10524,-8.3828999999999994,3.2551999999999999
10525,-8.3828999999999994,3.2532999999999999
10526,-8.3828999999999994,3.2532999999999999
10527,-8.3890999999999991,3.2551999999999999
10528,-8.3828999999999994,3.2532999999999999
10529,-8.3828999999999994,3.2532999999999999
10530,-8.3890999999999991,3.2551999999999999
10531,-8.3828999999999994,3.2532999999999999
10532,-8.3890999999999991,3.2551999999999999
10533,-8.3828999999999994,3.2532999999999999
10534,-8.3828999999999994,3.2551999999999999
10535,-8.3953000000000007,3.2551999999999999
10536,-8.3704999999999998,3.2551999999999999
10537,-8.3890999999999991,3.2532999999999999
10538,-8.3890999999999991,3.2551999999999999
10539,-8.3890999999999991,3.2551999999999999
10540,-8.3953000000000007,3.2551999999999999
10541,-8.3890999999999991,3.2532999999999999
10542,-8.3890999999999991,3.2551999999999999
10543,-8.3953000000000007,3.2551999999999999
10544,-8.3828999999999994,3.2551999999999999
10545,-8.4262999999999995,3.2551999999999999
10546,-8.4324999999999992,3.2551999999999999
10547,-8.4324999999999992,3.2551999999999999
10548,-8.4262999999999995,3.2532999999999999
10549,-8.4262999999999995,3.2532999999999999
10550,-8.4262999999999995,3.2551999999999999
10551,-8.4324999999999992,3.2532999999999999
10552,-8.4262999999999995,3.2532999999999999
10553,-8.4324999999999992,3.2532999999999999
10554,-8.4200999999999997,3.2532999999999999
10555,-8.4262999999999995,3.2532999999999999
10556,-8.4262999999999995,3.2532999999999999
10557,-8.4324999999999992,3.2532999999999999
10558,-8.4262999999999995,3.2532999999999999
10559,-8.4262999999999995,3.2532999999999999
10560,-8.4262999999999995,3.2532999999999999
10561,-8.4262999999999995,3.2532999999999999
10562,-8.4324999999999992,3.2532999999999999
10563,-14.7445,3.2403
10564,-14.3291,3.2403
10565,-15.3087,3.2383999999999999
10566,-14.831300000000001,3.2383999999999999
10567,-15.823399999999999,3.2347000000000001
10568,-15.3459,3.2347000000000001
10569,-16.381399999999999,3.2328000000000001
10570,-16.666599999999999,3.2309999999999999
10571,-16.145800000000001,3.2328000000000001
10572,-17.212299999999999,3.2290999999999999
10573,-16.697600000000001,3.2290999999999999
10574,-17.819900000000001,3.2273000000000001
10575,-17.255700000000001,3.2273000000000001
10576,-18.421299999999999,3.2254
10577,-18.780999999999999,3.2235
10578,-18.142299999999999,3.2254
10579,-19.382400000000001,3.2216999999999998
10580,-18.780999999999999,3.2216999999999998
10581,-20.014800000000001,3.2198000000000002
10582,-19.419599999999999,3.2198000000000002
10583,-20.6907,3.218
10584,-21.0503,3.2161
10585,-20.424099999999999,3.218
10586,-21.769500000000001,3.2141999999999999
10587,-21.106100000000001,3.2141999999999999
10588,-22.501200000000001,3.2124000000000001
10589,-21.831499999999998,3.2124000000000001
10590,-23.207999999999998,3.2105000000000001
10591,-23.660699999999999,3.2086999999999999
10592,-22.922799999999999,3.2086999999999999
10593,-24.410900000000002,3.2067999999999999
10594,-23.7041,3.2067999999999999
10595,-25.216999999999999,3.2048999999999999
10596,-24.4605,3.2048999999999999
10597,-26.060199999999998,3.2012
10598,-16.418600000000001,3.218
10599,-16.331800000000001,3.218
10600,-16.338000000000001,3.2198000000000002
10601,-16.338000000000001,3.2198000000000002
10602,-16.344200000000001,3.2198000000000002
10603,-16.344200000000001,3.2198000000000002
10604,-16.338000000000001,3.2198000000000002
10605,-16.344200000000001,3.2198000000000002
10606,-16.344200000000001,3.2198000000000002
10607,-16.344200000000001,3.2198000000000002
10608,-16.338000000000001,3.2198000000000002
10609,-16.338000000000001,3.2198000000000002
10610,-16.3504,3.2198000000000002
10611,-16.331800000000001,3.2198000000000002
10612,-16.338000000000001,3.2216999999999998
10613,-16.338000000000001,3.2198000000000002
10614,-16.331800000000001,3.2198000000000002
10615,-16.338000000000001,3.2198000000000002
10616,-16.331800000000001,3.2198000000000002
10617,-16.3504,3.2198000000000002
10618,-16.338000000000001,3.2198000000000002
10619,-16.344200000000001,3.2216999999999998
10620,-16.338000000000001,3.2198000000000002
10621,-16.3504,3.2198000000000002
10622,-16.338000000000001,3.2198000000000002
10623,-16.331800000000001,3.2198000000000002
10624,-16.381399999999999,3.2198000000000002
10625,-16.3752,3.2198000000000002
10626,-16.387599999999999,3.2198000000000002
10627,-16.3752,3.2198000000000002
10628,-27.740500000000001,3.2012
10629,-28.373000000000001,3.1956000000000002
10630,-28.906199999999998,3.1938
10631,-29.451799999999999,3.1919
10632,-29.997499999999999,3.1901000000000002
10633,-30.580300000000001,3.1882000000000001
10634,-31.1631,3.1882000000000001
10635,-31.733599999999999,3.1844999999999999
10636,-32.328800000000001,3.1844999999999999
10637,-32.961300000000001,3.1808000000000001
10638,-33.5627,3.1808000000000001
10639,-34.257100000000001,3.1789000000000001
10640,-34.877200000000002,3.177
10641,-35.559199999999997,3.1751999999999998
10642,-36.290900000000001,3.1732999999999998
10643,-36.960500000000003,3.1715
10644,-37.6798,3.1696
10645,-38.448599999999999,3.1677
10646,-39.205100000000002,3.1659000000000002
10647,-39.955300000000001,3.1640000000000001
10648,-24.770499999999998,3.1882000000000001
10649,-24.689900000000002,3.1901000000000002
10650,-24.702300000000001,3.1901000000000002
10651,-24.683700000000002,3.1901000000000002
10652,-24.689900000000002,3.1901000000000002
10653,-24.696100000000001,3.1919
10654,-24.696100000000001,3.1919
10655,-24.751899999999999,3.1919
10656,-24.7271,3.1919
10657,-24.7395,3.1919
10658,2.8210999999999999,3.2421000000000002
10659,3.2551999999999999,3.2458999999999998
10660,3.5714000000000001,3.2513999999999998
10661,3.8193999999999999,3.2532999999999999
10662,4.0549999999999997,3.2570000000000001
10663,4.2843999999999998,3.2589000000000001
10664,4.5014000000000003,3.2606999999999999
10665,4.6688000000000001,3.2625999999999999
10666,4.8300999999999998,3.2645
10667,4.8982999999999999,3.2663000000000002
10668,4.9417,3.2682000000000002
10669,4.9417,3.2682000000000002
10670,4.8982999999999999,3.27
10671,4.8611000000000004,3.27
10672,4.7805,3.2719
10673,4.6999000000000004,3.2738
10674,9.9825999999999997,3.2831000000000001
10675,9.9887999999999995,3.2848999999999999
10676,9.0152999999999999,3.2848999999999999
10677,8.8169000000000004,3.2848999999999999
10678,7.9364999999999997,3.2848999999999999
10679,7.6512000000000002,3.2848999999999999
10680,6.7831999999999999,3.2848999999999999
10681,6.4607999999999999,3.2848999999999999
10682,8.2155000000000005,3.2886000000000002
10683,7.0932000000000004,3.2867999999999999
10684,5.8964999999999996,3.2848999999999999
10685,4.7370999999999999,3.2848999999999999
10686,3.7326000000000001,3.2831000000000001
10687,2.7776999999999998,3.2812000000000001
10688,1.8167,3.2793000000000001
10689,0.41539999999999999,3.2774999999999999
10690,-0.74399999999999999,3.2738
10691,-1.4259999999999999,3.2738
10692,-0.65720000000000001,3.2738
10693,-0.66959999999999997,3.2755999999999998
10694,-0.65720000000000001,3.2738
10695,-0.66959999999999997,3.2738
10696,-0.66959999999999997,3.2738
10697,-0.65720000000000001,3.2738
10698,-0.66959999999999997,3.2738
10699,-0.66959999999999997,3.2738
10700,-0.65720000000000001,3.2755999999999998
10701,-0.65720000000000001,3.2755999999999998
10702,-0.66959999999999997,3.2755999999999998
10703,-0.66959999999999997,3.2755999999999998
10704,-0.66959999999999997,3.2755999999999998
10705,-0.65720000000000001,3.2755999999999998
10706,-0.66959999999999997,3.2755999999999998
10707,-0.66959999999999997,3.2755999999999998
10708,-0.65720000000000001,3.2755999999999998
10709,-0.66959999999999997,3.2755999999999998
10710,-0.66959999999999997,3.2755999999999998
10711,-0.080600000000000005,3.2774999999999999
10712,-0.66959999999999997,3.2755999999999998
10713,-0.65720000000000001,3.2755999999999998
10714,-0.66959999999999997,3.2755999999999998
10715,-0.65720000000000001,3.2755999999999998
10716,-0.66959999999999997,3.2755999999999998
10717,-0.66959999999999997,3.2774999999999999
10718,-0.66959999999999997,3.2774999999999999
10719,-0.66959999999999997,3.2774999999999999
10720,-0.65720000000000001,3.2774999999999999
10721,-0.66959999999999997,3.2774999999999999
10722,-0.66959999999999997,3.2774999999999999
10723,-0.66959999999999997,3.2774999999999999
10724,-2.7528999999999999,3.2738
10725,-4.1852,3.27
10726,-5.7786999999999997,3.2682000000000002
10727,-7.2233999999999998,3.2645
10728,-2.1453000000000002,3.2719
10729,-2.0647000000000002,3.2738
10730,-2.0647000000000002,3.2738
10731,-2.0585,3.2738
10732,-2.0647000000000002,3.2738
10733,-2.0647000000000002,3.2738
10734,-2.0647000000000002,3.2738
10735,-2.0647000000000002,3.2738
10736,-0.30380000000000001,3.2774999999999999
10737,-0.71299999999999997,3.2774999999999999
10738,-1.0664,3.2755999999999998
10739,-1.3515999999999999,3.2755999999999998
10740,-1.4632000000000001,3.2755999999999998
10741,-0.66959999999999997,3.2774999999999999
10742,-0.65720000000000001,3.2774999999999999
10743,-0.65720000000000001,3.2774999999999999
10744,-0.65720000000000001,3.2774999999999999
10745,-0.66959999999999997,3.2774999999999999
10746,-0.66959999999999997,3.2774999999999999
10747,-0.66959999999999997,3.2774999999999999
10748,-0.66959999999999997,3.2774999999999999
10749,-0.65720000000000001,3.2774999999999999
10750,-0.66959999999999997,3.2793000000000001
10751,-0.66959999999999997,3.2793000000000001
10752,-0.66959999999999997,3.2793000000000001
10753,-0.66959999999999997,3.2793000000000001
10754,-0.66959999999999997,3.2793000000000001
10755,-0.66959999999999997,3.2793000000000001
10756,-0.66959999999999997,3.2793000000000001
10757,-0.66959999999999997,3.2793000000000001
10758,-0.66959999999999997,3.2793000000000001
10759,-0.65720000000000001,3.2793000000000001
10760,-0.66959999999999997,3.2793000000000001
10761,-0.66959999999999997,3.2793000000000001
10762,-2.1080999999999999,3.2774999999999999
10763,-2.8334999999999999,3.2755999999999998
10764,-3.6581999999999999,3.2738
10765,-4.5014000000000003,3.2719
10766,-5.1897000000000002,3.27
10767,-6.1073000000000004,3.2682000000000002
10768,-7.0312000000000001,3.2663000000000002
10769,-7.7442000000000002,3.2645
10770,-8.9037000000000006,3.2606999999999999
10771,-9.9082000000000008,3.2589000000000001
10772,-10.5716,3.2570000000000001
10773,-11.9109,3.2532999999999999
10774,-3.5838000000000001,3.2682000000000002
10775,-3.4722,3.2682000000000002
10776,-3.4722,3.27
10777,-3.4722,3.2682000000000002
10778,-3.4660000000000002,3.27
10779,-3.4722,3.27
10780,-3.4722,3.27
10781,-3.4722,3.27
10782,-3.4660000000000002,3.27
10783,-3.4722,3.27
10784,-3.4722,3.27
10785,-3.4660000000000002,3.27
10786,-3.4660000000000002,3.27
10787,-3.4660000000000002,3.27
10788,-3.4722,3.27
10789,-3.4660000000000002,3.27
10790,-3.4722,3.27
10791,-3.4722,3.27
10792,-3.4722,3.27
10793,-3.4722,3.27
10794,-3.4660000000000002,3.27
10795,-3.4722,3.27
10796,-3.4660000000000002,3.27
10797,-3.4660000000000002,3.27
10798,1.3764000000000001,3.2793000000000001
10799,1.1779999999999999,3.2812000000000001
10800,0.93620000000000003,3.2812000000000001
10801,0.65720000000000001,3.2812000000000001
10802,0.41539999999999999,3.2812000000000001
10803,0.21079999999999999,3.2793000000000001
10804,-0.33479999999999999,3.2793000000000001
10805,-0.78739999999999999,3.2793000000000001
10806,-1.1097999999999999,3.2774999999999999
10807,-1.3453999999999999,3.2793000000000001
10808,-1.4694,3.2774999999999999
10809,-0.66959999999999997,3.2793000000000001
10810,-0.66959999999999997,3.2793000000000001
10811,-0.66959999999999997,3.2793000000000001
10812,-0.65720000000000001,3.2793000000000001
10813,-0.66959999999999997,3.2793000000000001
10814,-0.65720000000000001,3.2793000000000001
10815,-0.66959999999999997,3.2793000000000001
10816,-0.66959999999999997,3.2793000000000001
10817,-0.66959999999999997,3.2793000000000001
10818,-0.66959999999999997,3.2812000000000001
10819,-0.66959999999999997,3.2812000000000001
10820,-0.65720000000000001,3.2812000000000001
10821,-0.66959999999999997,3.2812000000000001
10822,-0.66959999999999997,3.2812000000000001
10823,-0.66959999999999997,3.2812000000000001
10824,-0.65720000000000001,3.2812000000000001
10825,-0.66959999999999997,3.2812000000000001
10826,-0.66959999999999997,3.2812000000000001
10827,-0.66959999999999997,3.2812000000000001
10828,-0.66959999999999997,3.2812000000000001
10829,-0.66959999999999997,3.2812000000000001
10830,-1.7857000000000001,3.2793000000000001
10831,-2.1453000000000002,3.2793000000000001
10832,-2.6227,3.2774999999999999
10833,-2.9885000000000002,3.2755999999999998
10834,-3.4226000000000001,3.2755999999999998
10835,-3.8565999999999998,3.2738
10836,-4.4332000000000003,3.2738
10837,-4.7432999999999996,3.2719
10838,-5.1897000000000002,3.2719
10839,-5.7042999999999999,3.27
10840,-6.4236000000000004,3.2682000000000002
10841,-7.5457999999999998,3.2645
10842,-6.5042,3.2663000000000002
10843,-7.7876000000000003,3.2645
10844,-8.3085000000000004,3.2625999999999999
10845,-9.2261000000000006,3.2606999999999999
10846,-9.4618000000000002,3.2589000000000001
10847,-9.9391999999999996,3.2570000000000001
10848,-10.466200000000001,3.2551999999999999
10849,-11.421099999999999,3.2532999999999999
10850,-11.5389,3.2532999999999999
10851,-12.1031,3.2513999999999998
10852,-12.667400000000001,3.2496
10853,-13.7462,3.2440000000000002
10854,-13.8268,3.2440000000000002
10855,-14.4655,3.2421000000000002
10856,-5.2641,3.2589000000000001
10857,-5.1463000000000001,3.2606999999999999
10858,-5.1463000000000001,3.2606999999999999
10859,-5.1401000000000003,3.2625999999999999
10860,-5.1401000000000003,3.2625999999999999
10861,-5.1401000000000003,3.2625999999999999
10862,-5.1463000000000001,3.2625999999999999
10863,-5.1524999999999999,3.2625999999999999
10864,-5.1463000000000001,3.2625999999999999
10865,-5.1463000000000001,3.2625999999999999
10866,-5.1401000000000003,3.2625999999999999
10867,-5.1401000000000003,3.2625999999999999
10868,0.97340000000000004,3.2738
10869,0.97340000000000004,3.2755999999999998
10870,0.65720000000000001,3.2755999999999998
10871,0.78120000000000001,3.2774999999999999
10872,0.65720000000000001,3.2774999999999999
10873,0.37819999999999998,3.2774999999999999
10874,0.45879999999999999,3.2774999999999999
10875,0.33479999999999999,3.2793000000000001
10876,-3.6272000000000002,3.2719
10877,-3.7016,3.27
10878,-3.7078000000000002,3.27
10879,-3.7016,3.27
10880,-3.7016,3.27
10881,-3.7016,3.27
10882,-3.7016,3.27
10883,-3.7016,3.27
10884,-3.7016,3.27
10885,-3.7016,3.27
10886,-3.7016,3.27
10887,-3.6953999999999998,3.27
10888,-3.7016,3.27
10889,1.6927000000000001,3.2793000000000001
10890,1.5004,3.2812000000000001
10891,1.3391999999999999,3.2812000000000001
10892,0.93620000000000003,3.2812000000000001
10893,0.65720000000000001,3.2812000000000001
10894,0.40920000000000001,3.2812000000000001
10895,0.13020000000000001,3.2812000000000001
10896,-0.33479999999999999,3.2793000000000001
10897,-0.74399999999999999,3.2793000000000001
10898,-1.1097999999999999,3.2793000000000001
10899,-1.3453999999999999,3.2793000000000001
10900,-1.4694,3.2793000000000001
10901,-0.65720000000000001,3.2793000000000001
10902,-0.66959999999999997,3.2793000000000001
10903,-0.65720000000000001,3.2812000000000001
10904,-0.66959999999999997,3.2793000000000001
10905,-0.66959999999999997,3.2812000000000001
10906,-0.65720000000000001,3.2812000000000001
10907,-0.65720000000000001,3.2812000000000001
10908,-0.66959999999999997,3.2812000000000001
10909,-0.66959999999999997,3.2812000000000001
10910,-0.66959999999999997,3.2812000000000001
10911,-0.65720000000000001,3.2812000000000001
10912,-0.66959999999999997,3.2812000000000001
10913,-0.65720000000000001,3.2812000000000001
10914,-0.66959999999999997,3.2812000000000001
10915,-0.66959999999999997,3.2812000000000001
10916,-0.66959999999999997,3.2812000000000001
10917,-0.66959999999999997,3.2812000000000001
10918,-0.65720000000000001,3.2812000000000001
10919,-0.66959999999999997,3.2812000000000001
10920,-2.7467000000000001,3.2774999999999999
10921,-4.1852,3.2755999999999998
10922,-5.8282999999999996,3.2719
10923,-7.2172000000000001,3.2682000000000002
10924,-2.1886999999999999,3.2774999999999999
10925,-2.0709,3.2774999999999999
10926,-2.0585,3.2774999999999999
10927,-2.0647000000000002,3.2774999999999999
10928,-2.0647000000000002,3.2774999999999999
10929,-2.0647000000000002,3.2774999999999999
10930,-2.0647000000000002,3.2774999999999999
10931,-2.0647000000000002,3.2774999999999999
10932,-0.30380000000000001,3.2812000000000001
10933,-0.70679999999999998,3.2812000000000001
10934,-1.0664,3.2793000000000001
10935,-1.3515999999999999,3.2793000000000001
10936,-1.4632000000000001,3.2793000000000001
10937,-0.66959999999999997,3.2812000000000001
10938,-0.66959999999999997,3.2812000000000001
10939,-0.65720000000000001,3.2812000000000001
10940,-0.66959999999999997,3.2812000000000001
10941,-0.65720000000000001,3.2812000000000001
10942,-0.66959999999999997,3.2812000000000001
10943,-0.66959999999999997,3.2812000000000001
10944,-0.66959999999999997,3.2812000000000001
10945,-0.66959999999999997,3.2831000000000001
10946,-0.65720000000000001,3.2831000000000001
10947,-0.65720000000000001,3.2831000000000001
10948,-0.65720000000000001,3.2831000000000001
10949,-0.66959999999999997,3.2831000000000001
10950,-0.66959999999999997,3.2831000000000001
10951,-0.66959999999999997,3.2831000000000001
10952,-0.65720000000000001,3.2831000000000001
10953,-0.66959999999999997,3.2831000000000001
10954,-0.65720000000000001,3.2831000000000001
10955,-0.65720000000000001,3.2831000000000001
10956,-0.65720000000000001,3.2831000000000001
10957,-0.66959999999999997,3.2831000000000001
10958,-2.1019000000000001,3.2812000000000001
10959,-2.8273000000000001,3.2793000000000001
10960,-3.6581999999999999,3.2774999999999999
10961,-4.4951999999999996,3.2755999999999998
10962,-5.1897000000000002,3.2738
10963,-6.1444999999999999,3.2719
10964,-7.0250000000000004,3.27
10965,-7.7442000000000002,3.2663000000000002
10966,-8.9595000000000002,3.2645
10967,-9.9391999999999996,3.2606999999999999
10968,-10.5778,3.2589000000000001
10969,-11.8985,3.2551999999999999
10970,-3.5775999999999999,3.27
10971,-3.4660000000000002,3.27
10972,-3.4660000000000002,3.2719
10973,-3.4722,3.2719
10974,-3.4722,3.2719
10975,-3.4722,3.2719
10976,-3.4660000000000002,3.2719
10977,-3.4660000000000002,3.2719
10978,-3.4722,3.2719
10979,-3.4598,3.2719
10980,-3.4660000000000002,3.2719
10981,-3.4660000000000002,3.2719
10982,-3.4722,3.2719
10983,-3.4722,3.2738
10984,-3.4722,3.2719
10985,-3.4722,3.2719
10986,-3.4660000000000002,3.2719
10987,-3.4722,3.2719
10988,-3.4660000000000002,3.2738
10989,-3.4660000000000002,3.2738
10990,-3.4722,3.2719
10991,-3.4722,3.2719
10992,-3.4660000000000002,3.2719
10993,-3.4660000000000002,3.2738
10994,1.3764000000000001,3.2812000000000001
10995,1.2152000000000001,3.2831000000000001
10996,0.93620000000000003,3.2831000000000001
10997,0.65720000000000001,3.2831000000000001
10998,0.41539999999999999,3.2831000000000001
10999,0.21079999999999999,3.2831000000000001
11000,-0.34100000000000003,3.2812000000000001
11001,-0.78739999999999999,3.2812000000000001
11002,-1.1097999999999999,3.2812000000000001
11003,-1.3453999999999999,3.2793000000000001
11004,-1.4694,3.2793000000000001
11005,-0.65720000000000001,3.2812000000000001
11006,-0.66959999999999997,3.2812000000000001
11007,-0.66959999999999997,3.2812000000000001
11008,-0.66959999999999997,3.2812000000000001
11009,-0.66959999999999997,3.2831000000000001
11010,-0.66959999999999997,3.2812000000000001
11011,-0.66959999999999997,3.2831000000000001
11012,-0.66959999999999997,3.2831000000000001
11013,-0.66959999999999997,3.2831000000000001
11014,-0.66959999999999997,3.2831000000000001
11015,-0.66959999999999997,3.2831000000000001
11016,-0.65720000000000001,3.2831000000000001
11017,-0.66959999999999997,3.2831000000000001
11018,-0.66959999999999997,3.2831000000000001
11019,-0.66959999999999997,3.2831000000000001
11020,-0.66959999999999997,3.2831000000000001
11021,-0.66959999999999997,3.2831000000000001
11022,-0.66959999999999997,3.2831000000000001
11023,-0.66959999999999997,3.2831000000000001
11024,-0.65720000000000001,3.2831000000000001
11025,-0.66959999999999997,3.2831000000000001
11026,-1.7857000000000001,3.2812000000000001
11027,-2.1453000000000002,3.2812000000000001
11028,-2.6288999999999998,3.2793000000000001
11029,-2.9885000000000002,3.2793000000000001
11030,-3.4163999999999999,3.2774999999999999
11031,-3.8565999999999998,3.2774999999999999
11032,-4.4580000000000002,3.2755999999999998
11033,-4.7495000000000003,3.2738
11034,-5.2268999999999997,3.2738
11035,-5.7042999999999999,3.2719
11036,-6.4732000000000003,3.27
11037,-7.5457999999999998,3.2682000000000002
11038,-6.5414000000000003,3.2682000000000002
11039,-7.7751999999999999,3.2663000000000002
11040,-8.3394999999999992,3.2645
11041,-9.2261000000000006,3.2625999999999999
11042,-9.468,3.2606999999999999
11043,-9.9391999999999996,3.2589000000000001
11044,-10.466200000000001,3.2570000000000001
11045,-11.427300000000001,3.2551999999999999
11046,-11.5761,3.2532999999999999
11047,-12.0969,3.2513999999999998
11048,-12.654999999999999,3.2496
11049,-13.7462,3.2458999999999998
11050,-13.857799999999999,3.2440000000000002
11051,-14.4655,3.2421000000000002
11052,-5.2641,3.2606999999999999
11053,-5.1463000000000001,3.2625999999999999
11054,-5.1401000000000003,3.2625999999999999
11055,-5.1401000000000003,3.2625999999999999
11056,-5.1401000000000003,3.2625999999999999
11057,-5.1463000000000001,3.2625999999999999
11058,-5.1401000000000003,3.2625999999999999
11059,-5.1401000000000003,3.2625999999999999
11060,-5.1401000000000003,3.2645
11061,-5.1463000000000001,3.2645
11062,-5.1401000000000003,3.2645
11063,-5.1463000000000001,3.2645
11064,0.97340000000000004,3.2755999999999998
11065,1.0167999999999999,3.2774999999999999
11066,0.66339999999999999,3.2774999999999999
11067,0.78120000000000001,3.2793000000000001
11068,0.66339999999999999,3.2793000000000001
11069,0.37819999999999998,3.2793000000000001
11070,0.45879999999999999,3.2793000000000001
11071,0.33479999999999999,3.2793000000000001
11072,-3.6334,3.2719
11073,-3.7016,3.2719
11074,-3.7078000000000002,3.2719
11075,-3.7016,3.2719
11076,-3.6953999999999998,3.2719
11077,-3.7078000000000002,3.2719
11078,-3.6953999999999998,3.2719
11079,-3.7016,3.2719
11080,-3.7016,3.2719
11081,-3.7016,3.2719
11082,-3.7016,3.2719
11083,-3.6953999999999998,3.2719
11084,-3.7016,3.2719
11085,1.7051000000000001,3.2812000000000001
11086,1.5065999999999999,3.2812000000000001
11087,1.3391999999999999,3.2831000000000001
11088,0.93620000000000003,3.2812000000000001
11089,0.65720000000000001,3.2831000000000001
11090,0.41539999999999999,3.2812000000000001
11091,0.13639999999999999,3.2812000000000001
11092,-0.34100000000000003,3.2812000000000001
11093,-0.74399999999999999,3.2812000000000001
11094,-1.1097999999999999,3.2812000000000001
11095,-1.3453999999999999,3.2793000000000001
11096,-1.4694,3.2793000000000001
11097,-0.66959999999999997,3.2812000000000001
11098,-0.66959999999999997,3.2812000000000001
11099,-0.65720000000000001,3.2812000000000001
11100,-0.66959999999999997,3.2812000000000001
11101,-0.66959999999999997,3.2812000000000001
11102,-0.66959999999999997,3.2812000000000001
11103,-0.66959999999999997,3.2812000000000001
11104,-0.66959999999999997,3.2812000000000001
11105,-0.66959999999999997,3.2812000000000001
11106,-0.66959999999999997,3.2831000000000001
11107,-0.66959999999999997,3.2812000000000001
11108,-0.65720000000000001,3.2831000000000001
11109,-0.66959999999999997,3.2831000000000001
11110,-0.66959999999999997,3.2831000000000001
11111,-0.65720000000000001,3.2831000000000001
11112,-0.66959999999999997,3.2831000000000001
11113,-0.66959999999999997,3.2831000000000001
11114,-0.65720000000000001,3.2831000000000001
11115,-0.66959999999999997,3.2831000000000001
11116,-2.7467000000000001,3.2793000000000001
11117,-4.1852,3.2755999999999998
11118,-5.8159000000000001,3.2719
11119,-7.2295999999999996,3.2682000000000002
11120,-2.1886999999999999,3.2774999999999999
11121,-2.1019000000000001,3.2774999999999999
11122,-2.1080999999999999,3.2774999999999999
11123,-2.1080999999999999,3.2774999999999999
11124,-2.1019000000000001,3.2774999999999999
11125,-2.1080999999999999,3.2774999999999999
11126,-2.1019000000000001,3.2774999999999999
11127,-2.1080999999999999,3.2774999999999999
11128,-0.30380000000000001,3.2812000000000001
11129,-0.70679999999999998,3.2812000000000001
11130,-1.0664,3.2812000000000001
11131,-1.3453999999999999,3.2812000000000001
11132,-1.4694,3.2793000000000001
11133,-0.66959999999999997,3.2812000000000001
11134,-0.65720000000000001,3.2812000000000001
11135,-0.66959999999999997,3.2831000000000001
11136,-0.66959999999999997,3.2831000000000001
11137,-0.66959999999999997,3.2831000000000001
11138,-0.66959999999999997,3.2831000000000001
11139,-0.66959999999999997,3.2831000000000001
11140,-0.66959999999999997,3.2831000000000001
11141,-0.66959999999999997,3.2831000000000001
11142,-0.66959999999999997,3.2831000000000001
11143,-0.65720000000000001,3.2831000000000001
11144,-0.66959999999999997,3.2831000000000001
11145,-0.66959999999999997,3.2831000000000001
11146,-0.66959999999999997,3.2831000000000001
11147,-0.66959999999999997,3.2831000000000001
11148,-0.65720000000000001,3.2831000000000001
11149,-0.65720000000000001,3.2831000000000001
11150,-0.65720000000000001,3.2831000000000001
11151,-0.65720000000000001,3.2831000000000001
11152,-0.66959999999999997,3.2831000000000001
11153,-0.66959999999999997,3.2831000000000001
11154,-2.1019000000000001,3.2812000000000001
11155,-2.8273000000000001,3.2793000000000001
11156,-3.6581999999999999,3.2774999999999999
11157,-4.4951999999999996,3.2755999999999998
11158,-5.1897000000000002,3.2738
11159,-6.1444999999999999,3.2719
11160,-7.0621999999999998,3.27
11161,-7.7751999999999999,3.2663000000000002
11162,-8.9533000000000005,3.2645
11163,-9.9515999999999991,3.2625999999999999
11164,-10.6212,3.2589000000000001
11165,-11.935700000000001,3.2551999999999999
11166,-3.5962000000000001,3.27
11167,-3.5032000000000001,3.2719
11168,-3.5032000000000001,3.2719
11169,-3.5032000000000001,3.2719
11170,-3.5093999999999999,3.2719
11171,-3.5032000000000001,3.2719
11172,-3.5032000000000001,3.2719
11173,-3.5032000000000001,3.2719
11174,-3.5032000000000001,3.2719
11175,-3.5032000000000001,3.2719
11176,-3.5093999999999999,3.2719
11177,-3.5093999999999999,3.2719
11178,-3.5032000000000001,3.2738
11179,-3.5093999999999999,3.2738
11180,-3.5032000000000001,3.2719
11181,-3.5093999999999999,3.2719
11182,-3.5093999999999999,3.2719
11183,-3.5032000000000001,3.2719
11184,-3.5032000000000001,3.2719
11185,-3.5032000000000001,3.2738
11186,-3.5032000000000001,3.2719
11187,-3.5032000000000001,3.2738
11188,-3.4969999999999999,3.2738
11189,-3.5093999999999999,3.2719
11190,1.3764000000000001,3.2812000000000001
11191,1.2214,3.2831000000000001
11192,0.94240000000000002,3.2831000000000001
11193,0.65720000000000001,3.2831000000000001
11194,0.40920000000000001,3.2831000000000001
11195,0.21079999999999999,3.2831000000000001
11196,-0.34100000000000003,3.2812000000000001
11197,-0.78739999999999999,3.2812000000000001
11198,-1.1160000000000001,3.2812000000000001
11199,-1.3453999999999999,3.2812000000000001
11200,-1.4632000000000001,3.2793000000000001
11201,-0.66959999999999997,3.2812000000000001
11202,-0.66959999999999997,3.2831000000000001
11203,-0.66959999999999997,3.2812000000000001
11204,-0.65720000000000001,3.2812000000000001
11205,-0.65720000000000001,3.2831000000000001
11206,-0.65720000000000001,3.2831000000000001
11207,-0.66959999999999997,3.2831000000000001
11208,-0.66959999999999997,3.2831000000000001
11209,-0.66959999999999997,3.2831000000000001
11210,-0.66959999999999997,3.2831000000000001
11211,-0.66959999999999997,3.2831000000000001
11212,-0.66959999999999997,3.2831000000000001
11213,-0.66959999999999997,3.2831000000000001
11214,-0.65720000000000001,3.2831000000000001
11215,-0.66959999999999997,3.2831000000000001
11216,-0.66959999999999997,3.2831000000000001
11217,-0.65720000000000001,3.2831000000000001
11218,-0.66959999999999997,3.2831000000000001
11219,-0.66959999999999997,3.2831000000000001
11220,-0.66959999999999997,3.2831000000000001
11221,-0.65720000000000001,3.2848999999999999
11222,-1.7857000000000001,3.2812000000000001
11223,-2.1453000000000002,3.2812000000000001
11224,-2.6164999999999998,3.2793000000000001
11225,-2.9885000000000002,3.2793000000000001
11226,-3.4226000000000001,3.2774999999999999
11227,-3.8565999999999998,3.2774999999999999
11228,-4.4641999999999999,3.2755999999999998
11229,-4.7432999999999996,3.2738
11230,-5.2393000000000001,3.2738
11231,-5.6981000000000002,3.2719
11232,-6.4607999999999999,3.27
11233,-7.5457999999999998,3.2682000000000002
11234,-6.5476000000000001,3.2682000000000002
11235,-7.7751999999999999,3.2663000000000002
11236,-8.3394999999999992,3.2645
11237,-9.2261000000000006,3.2625999999999999
11238,-9.4618000000000002,3.2606999999999999
11239,-9.9887999999999995,3.2589000000000001
11240,-10.497199999999999,3.2570000000000001
11241,-11.470700000000001,3.2551999999999999
11242,-11.5823,3.2532999999999999
11243,-12.152699999999999,3.2513999999999998
11244,-12.704599999999999,3.2496
11245,-13.771000000000001,3.2458999999999998
11246,-13.895,3.2440000000000002
11247,-14.496499999999999,3.2421000000000002
11248,-5.2641,3.2589000000000001
11249,-5.1897000000000002,3.2606999999999999
11250,-5.1835000000000004,3.2606999999999999
11251,-5.1835000000000004,3.2625999999999999
11252,-5.1835000000000004,3.2625999999999999
11253,-5.1835000000000004,3.2625999999999999
11254,-5.1897000000000002,3.2625999999999999
11255,-5.1835000000000004,3.2625999999999999
11256,-5.1897000000000002,3.2625999999999999
11257,-5.1897000000000002,3.2625999999999999
11258,-5.1772999999999998,3.2625999999999999
11259,-5.1835000000000004,3.2645
11260,0.97340000000000004,3.2755999999999998
11261,1.0167999999999999,3.2755999999999998
11262,0.65720000000000001,3.2774999999999999
11263,0.77500000000000002,3.2774999999999999
11264,0.65720000000000001,3.2774999999999999
11265,0.37819999999999998,3.2774999999999999
11266,0.4526,3.2793000000000001
11267,0.33479999999999999,3.2793000000000001
11268,-3.6272000000000002,3.2719
11269,-3.6953999999999998,3.2719
11270,-3.6953999999999998,3.2719
11271,-3.7016,3.2719
11272,-3.6953999999999998,3.27
11273,-3.7016,3.27
11274,-3.7078000000000002,3.27
11275,-3.7016,3.27
11276,-3.7078000000000002,3.27
11277,-3.7016,3.2719
11278,-3.7016,3.27
11279,-3.7016,3.27
11280,-3.7078000000000002,3.27
11281,1.6927000000000001,3.2812000000000001
11282,1.5065999999999999,3.2812000000000001
11283,1.333,3.2812000000000001
11284,0.94240000000000002,3.2812000000000001
11285,0.65720000000000001,3.2812000000000001
11286,0.41539999999999999,3.2812000000000001
11287,0.13639999999999999,3.2812000000000001
11288,-0.34100000000000003,3.2812000000000001
11289,-0.74399999999999999,3.2793000000000001
11290,-1.1097999999999999,3.2793000000000001
11291,-1.3453999999999999,3.2793000000000001
11292,-1.4632000000000001,3.2793000000000001
11293,-0.66959999999999997,3.2812000000000001
11294,-0.65720000000000001,3.2812000000000001
11295,-0.66959999999999997,3.2812000000000001
11296,-0.66959999999999997,3.2812000000000001
11297,-0.65720000000000001,3.2812000000000001
11298,-0.66959999999999997,3.2812000000000001
11299,-0.65720000000000001,3.2812000000000001
11300,-0.65720000000000001,3.2812000000000001
11301,-0.66959999999999997,3.2812000000000001
11302,-0.66959999999999997,3.2812000000000001
11303,-0.66959999999999997,3.2812000000000001
11304,-0.65720000000000001,3.2812000000000001
11305,-0.66959999999999997,3.2812000000000001
11306,-0.65720000000000001,3.2812000000000001
11307,-0.65720000000000001,3.2812000000000001
11308,-0.66959999999999997,3.2812000000000001
11309,-0.65720000000000001,3.2831000000000001
11310,-0.66959999999999997,3.2831000000000001
11311,-0.65720000000000001,3.2831000000000001
11312,-2.7467000000000001,3.2793000000000001
11313,-4.1790000000000003,3.2755999999999998
11314,-5.8159000000000001,3.2719
11315,-7.2667999999999999,3.2682000000000002
11316,-2.1886999999999999,3.2774999999999999
11317,-2.1019000000000001,3.2774999999999999
11318,-2.1080999999999999,3.2774999999999999
11319,-2.1019000000000001,3.2774999999999999
11320,-2.1019000000000001,3.2774999999999999
11321,-2.1080999999999999,3.2774999999999999
11322,-2.1019000000000001,3.2774999999999999
11323,-2.1019000000000001,3.2774999999999999
11324,-0.30380000000000001,3.2812000000000001
11325,-0.70679999999999998,3.2812000000000001
11326,-1.0664,3.2793000000000001
11327,-1.3515999999999999,3.2793000000000001
11328,-1.4694,3.2793000000000001
11329,-0.66959999999999997,3.2812000000000001
11330,-0.65720000000000001,3.2812000000000001
11331,-0.66959999999999997,3.2812000000000001
11332,-0.65720000000000001,3.2812000000000001
11333,-0.66959999999999997,3.2812000000000001
11334,-0.66959999999999997,3.2812000000000001
11335,-0.66959999999999997,3.2831000000000001
11336,-0.66959999999999997,3.2831000000000001
11337,-0.66959999999999997,3.2831000000000001
11338,-0.66959999999999997,3.2831000000000001
11339,-0.66959999999999997,3.2831000000000001
11340,-0.66959999999999997,3.2831000000000001
11341,-0.66959999999999997,3.2831000000000001
11342,-0.66959999999999997,3.2831000000000001
11343,-0.65720000000000001,3.2831000000000001
11344,-0.65720000000000001,3.2831000000000001
11345,-0.66959999999999997,3.2831000000000001
11346,-0.66959999999999997,3.2831000000000001
11347,-0.66959999999999997,3.2831000000000001
11348,-0.66959999999999997,3.2831000000000001
11349,-0.66959999999999997,3.2831000000000001
11350,-2.1453000000000002,3.2812000000000001
11351,-2.8273000000000001,3.2793000000000001
11352,-3.6953999999999998,3.2774999999999999
11353,-4.5014000000000003,3.2755999999999998
11354,-5.1835000000000004,3.2738
11355,-6.1444999999999999,3.2719
11356,-7.056,3.2682000000000002
11357,-7.7813999999999997,3.2663000000000002
11358,-8.9408999999999992,3.2645
11359,-9.9515999999999991,3.2606999999999999
11360,-10.6212,3.2589000000000001
11361,-11.9419,3.2551999999999999
11362,-3.6272000000000002,3.27
11363,-3.5093999999999999,3.27
11364,-3.5032000000000001,3.27
11365,-3.5032000000000001,3.2719
11366,-3.5032000000000001,3.2719
11367,-3.5032000000000001,3.2719
11368,-3.5032000000000001,3.2719
11369,-3.4969999999999999,3.2719
11370,-3.5032000000000001,3.2719
11371,-3.5032000000000001,3.2719
11372,-3.5093999999999999,3.2719
11373,-3.4969999999999999,3.2719
11374,-3.5032000000000001,3.2719
11375,-3.5093999999999999,3.2719
11376,-3.5093999999999999,3.2719
11377,-3.5032000000000001,3.2719
11378,-3.5093999999999999,3.2719
11379,-3.5032000000000001,3.2719
11380,-3.5032000000000001,3.2719
11381,-3.5032000000000001,3.2719
11382,-3.5093999999999999,3.2719
11383,-3.5032000000000001,3.2719
11384,-3.5032000000000001,3.2719
11385,-3.5032000000000001,3.2719
11386,1.3764000000000001,3.2812000000000001
11387,1.2152000000000001,3.2812000000000001
11388,0.94240000000000002,3.2812000000000001
11389,0.65720000000000001,3.2812000000000001
11390,0.41539999999999999,3.2812000000000001
11391,0.21079999999999999,3.2812000000000001
11392,-0.34100000000000003,3.2812000000000001
11393,-0.78739999999999999,3.2812000000000001
11394,-1.1097999999999999,3.2793000000000001
11395,-1.3515999999999999,3.2793000000000001
11396,-1.4694,3.2793000000000001
11397,-0.65720000000000001,3.2812000000000001
11398,-0.66959999999999997,3.2812000000000001
11399,-0.65720000000000001,3.2812000000000001
11400,-0.66959999999999997,3.2812000000000001
11401,-0.65720000000000001,3.2812000000000001
11402,-0.65720000000000001,3.2812000000000001
11403,-0.66959999999999997,3.2812000000000001
11404,-0.66959999999999997,3.2812000000000001
11405,-0.65720000000000001,3.2812000000000001
11406,-0.65720000000000001,3.2831000000000001
11407,-0.66959999999999997,3.2831000000000001
11408,-0.65720000000000001,3.2812000000000001
11409,-0.66959999999999997,3.2831000000000001
11410,-0.65720000000000001,3.2831000000000001
11411,-0.66959999999999997,3.2831000000000001
11412,-0.65720000000000001,3.2831000000000001
11413,-0.66959999999999997,3.2831000000000001
11414,-0.66959999999999997,3.2831000000000001
11415,-0.66959999999999997,3.2831000000000001
11416,-0.65720000000000001,3.2831000000000001
11417,-0.65720000000000001,3.2831000000000001
11418,-1.7857000000000001,3.2812000000000001
11419,-2.1453000000000002,3.2793000000000001
11420,-2.6227,3.2793000000000001
11421,-3.0318999999999998,3.2774999999999999
11422,-3.4287999999999998,3.2774999999999999
11423,-3.8628,3.2755999999999998
11424,-4.4641999999999999,3.2738
11425,-4.7866999999999997,3.2738
11426,-5.2268999999999997,3.2719
11427,-5.7477,3.27
11428,-6.4669999999999996,3.2682000000000002
11429,-7.5830000000000002,3.2663000000000002
11430,-6.5414000000000003,3.2663000000000002
11431,-7.8186999999999998,3.2645
11432,-8.3394999999999992,3.2625999999999999
11433,-9.2570999999999994,3.2606999999999999
11434,-9.5052000000000003,3.2589000000000001
11435,-9.9825999999999997,3.2570000000000001
11436,-10.491,3.2551999999999999
11437,-11.470700000000001,3.2532999999999999
11438,-11.6257,3.2513999999999998
11439,-12.1403,3.2513999999999998
11440,-12.698399999999999,3.2458999999999998
11441,-13.8268,3.2440000000000002
11442,-13.901199999999999,3.2421000000000002
11443,-14.496499999999999,3.2403
11444,-5.2641,3.2589000000000001
11445,-5.1835000000000004,3.2606999999999999
11446,-5.1835000000000004,3.2606999999999999
11447,-5.1835000000000004,3.2606999999999999
11448,-5.1772999999999998,3.2606999999999999
11449,-5.1897000000000002,3.2606999999999999
11450,-5.1835000000000004,3.2625999999999999
11451,-5.1897000000000002,3.2625999999999999
11452,-5.1835000000000004,3.2625999999999999
11453,-5.1835000000000004,3.2625999999999999
11454,-5.1897000000000002,3.2625999999999999
11455,-5.1772999999999998,3.2625999999999999
11456,0.97340000000000004,3.2738
11457,1.0167999999999999,3.2755999999999998
11458,0.65720000000000001,3.2755999999999998
11459,0.78120000000000001,3.2755999999999998
11460,0.65720000000000001,3.2774999999999999
11461,0.37819999999999998,3.2774999999999999
11462,0.45879999999999999,3.2774999999999999
11463,0.33479999999999999,3.2774999999999999
11464,-3.621,3.2719
11465,-3.7016,3.27
11466,-3.7016,3.27
11467,-3.7016,3.27
11468,-3.7078000000000002,3.27
11469,-3.7016,3.27
11470,-3.7016,3.27
11471,-3.7016,3.27
11472,-3.7016,3.27
11473,-3.7016,3.27
11474,-3.6953999999999998,3.27
11475,-3.7016,3.27
11476,-3.7078000000000002,3.27
11477,1.6927000000000001,3.2793000000000001
11478,1.5065999999999999,3.2793000000000001
11479,1.333,3.2812000000000001
11480,0.93620000000000003,3.2812000000000001
11481,0.65720000000000001,3.2812000000000001
11482,0.41539999999999999,3.2812000000000001
11483,0.13639999999999999,3.2812000000000001
11484,-0.34100000000000003,3.2793000000000001
11485,-0.74399999999999999,3.2793000000000001
11486,-1.1097999999999999,3.2793000000000001
11487,-1.3515999999999999,3.2774999999999999
11488,-1.4632000000000001,3.2774999999999999
11489,-0.65720000000000001,3.2793000000000001
11490,-0.66959999999999997,3.2793000000000001
11491,-0.66959999999999997,3.2793000000000001
11492,-0.66959999999999997,3.2793000000000001
11493,-0.66959999999999997,3.2793000000000001
11494,-0.65720000000000001,3.2793000000000001
11495,-0.66959999999999997,3.2812000000000001
11496,-0.65720000000000001,3.2793000000000001
11497,-0.65720000000000001,3.2793000000000001
11498,-0.66959999999999997,3.2812000000000001
11499,-0.66959999999999997,3.2812000000000001
11500,-0.66959999999999997,3.2812000000000001
11501,-0.66959999999999997,3.2812000000000001
11502,-0.65720000000000001,3.2812000000000001
11503,-0.66959999999999997,3.2812000000000001
11504,-0.66959999999999997,3.2812000000000001
11505,-0.65720000000000001,3.2812000000000001
11506,-0.65720000000000001,3.2812000000000001
11507,-0.66959999999999997,3.2812000000000001
11508,-0.65720000000000001,3.2812000000000001
11509,-0.65720000000000001,3.2812000000000001
11510,-0.65720000000000001,3.2812000000000001
11511,-0.65720000000000001,3.2812000000000001
11512,-0.65720000000000001,3.2812000000000001
11513,-0.65720000000000001,3.2812000000000001
11514,-0.66959999999999997,3.2812000000000001
11515,-0.66959999999999997,3.2812000000000001
11516,-0.65720000000000001,3.2812000000000001
11517,-2.3127,3.2793000000000001
11518,-3.2614000000000001,3.2774999999999999
11519,-4.2657999999999996,3.2738
11520,-5.2579000000000002,3.2719
11521,-6.2686000000000002,3.27
11522,-2.1453000000000002,3.2755999999999998
11523,-2.1019000000000001,3.2774999999999999
11524,-5.6670999999999996,3.27
11525,-6.3987999999999996,3.2682000000000002
11526,-7.2606000000000002,3.2663000000000002
11527,-7.7504,3.2645
11528,-8.4200999999999997,3.2625999999999999
11529,-9.1082999999999998,3.2606999999999999
11530,-10.143800000000001,3.2570000000000001
11531,-10.5716,3.2551999999999999
11532,-11.235099999999999,3.2532999999999999
11533,-3.8256000000000001,3.2663000000000002
11534,-3.7511999999999999,3.2682000000000002
11535,-10.5406,3.2551999999999999
11536,-11.135899999999999,3.2532999999999999
11537,-11.2661,3.2513999999999998
11538,-12.2209,3.2496
11539,-12.779,3.2458999999999998
11540,-13.349399999999999,3.2440000000000002
11541,-13.3866,3.2440000000000002
11542,-14.496499999999999,3.2403
11543,-5.2950999999999997,3.2570000000000001
11544,-5.1772999999999998,3.2589000000000001
11545,-12.698399999999999,3.2440000000000002
11546,-13.857799999999999,3.2403
11547,-13.7338,3.2403
11548,-14.825100000000001,3.2383999999999999
11549,-14.7073,3.2366000000000001
11550,-15.184699999999999,3.2347000000000001
11551,-16.344200000000001,3.2328000000000001
11552,-16.1706,3.2328000000000001
11553,-16.703800000000001,3.2309999999999999
11554,-17.9377,3.2273000000000001
11555,-17.770299999999999,3.2273000000000001
11556,-19.097200000000001,3.2235
11557,-18.936,3.2235
11558,-8.4696999999999996,3.2403
11559,-8.3828999999999994,3.2421000000000002
11560,-8.3828999999999994,3.2421000000000002
11561,-8.3828999999999994,3.2440000000000002
11562,-8.3890999999999991,3.2440000000000002
11563,-8.3890999999999991,3.2440000000000002
11564,-8.3828999999999994,3.2440000000000002
11565,-8.3890999999999991,3.2440000000000002
11566,-8.3828999999999994,3.2440000000000002
11567,-8.3828999999999994,3.2458999999999998
11568,-8.3828999999999994,3.2458999999999998
11569,-8.3890999999999991,3.2458999999999998
11570,-8.3828999999999994,3.2458999999999998
11571,-8.3828999999999994,3.2458999999999998
11572,-8.3828999999999994,3.2458999999999998
11573,-8.3890999999999991,3.2458999999999998
11574,-8.3890999999999991,3.2458999999999998
11575,-8.3704999999999998,3.2458999999999998
11576,-8.3828999999999994,3.2458999999999998
11577,-8.3890999999999991,3.2458999999999998
11578,-8.3828999999999994,3.2458999999999998
11579,-8.3828999999999994,3.2458999999999998
11580,-8.3828999999999994,3.2458999999999998
11581,-8.3828999999999994,3.2458999999999998
11582,-8.3890999999999991,3.2458999999999998
11583,-8.3890999999999991,3.2458999999999998
11584,-8.3828999999999994,3.2458999999999998
11585,-8.3828999999999994,3.2458999999999998
11586,-8.3890999999999991,3.2458999999999998
11587,-8.3890999999999991,3.2458999999999998
11588,-8.3890999999999991,3.2458999999999998
11589,-8.3828999999999994,3.2458999999999998
11590,-8.3828999999999994,3.2458999999999998
11591,-8.3890999999999991,3.2458999999999998
11592,-8.3704999999999998,3.2458999999999998
11593,-8.3828999999999994,3.2458999999999998
11594,-8.3704999999999998,3.2458999999999998
11595,-8.3890999999999991,3.2458999999999998
11596,-8.3890999999999991,3.2458999999999998
11597,-8.3704999999999998,3.2458999999999998
11598,-8.3953000000000007,3.2458999999999998
11599,-8.3828999999999994,3.2458999999999998
11600,-8.3828999999999994,3.2458999999999998
11601,-8.3890999999999991,3.2458999999999998
11602,-8.3890999999999991,3.2458999999999998
11603,-8.3704999999999998,3.2458999999999998
11604,-8.3828999999999994,3.2458999999999998
11605,-8.3828999999999994,3.2458999999999998
11606,-8.3828999999999994,3.2458999999999998
11607,-8.3890999999999991,3.2458999999999998
11608,3.8938000000000001,3.27
11609,3.8999999999999999,3.2719
11610,3.7450000000000001,3.2738
11611,3.5714000000000001,3.2738
11612,3.3792,3.2755999999999998
11613,3.218,3.2774999999999999
11614,3.0194999999999999,3.2774999999999999
11615,2.8210999999999999,3.2774999999999999
11616,-5.0160999999999998,3.2625999999999999
11617,-5.1772999999999998,3.2625999999999999
11618,-5.1835000000000004,3.2606999999999999
11619,-5.1835000000000004,3.2606999999999999
11620,-5.1897000000000002,3.2606999999999999
11621,-5.1897000000000002,3.2606999999999999
11622,-5.1897000000000002,3.2606999999999999
11623,-5.1897000000000002,3.2606999999999999
11624,-5.1835000000000004,3.2606999999999999
11625,-5.1772999999999998,3.2606999999999999
11626,-5.1897000000000002,3.2589000000000001
11627,-5.1897000000000002,3.2606999999999999
11628,-5.1897000000000002,3.2589000000000001
11629,-5.1835000000000004,3.2606999999999999
11630,-5.1772999999999998,3.2589000000000001
11631,-5.1835000000000004,3.2606999999999999
11632,-5.1897000000000002,3.2606999999999999
11633,-5.1897000000000002,3.2589000000000001
11634,-5.1897000000000002,3.2606999999999999
11635,-5.1835000000000004,3.2589000000000001
11636,-5.1897000000000002,3.2606999999999999
11637,-5.1835000000000004,3.2589000000000001
11638,-5.1897000000000002,3.2589000000000001
11639,-5.1835000000000004,3.2606999999999999
11640,-5.1835000000000004,3.2589000000000001
11641,-5.1897000000000002,3.2589000000000001
11642,-5.1835000000000004,3.2589000000000001
11643,-5.1772999999999998,3.2589000000000001
11644,-5.1835000000000004,3.2589000000000001
11645,-5.1835000000000004,3.2589000000000001
11646,-5.1835000000000004,3.2589000000000001
11647,-5.1835000000000004,3.2606999999999999
11648,-5.1897000000000002,3.2589000000000001
11649,-5.1835000000000004,3.2589000000000001
11650,-5.1897000000000002,3.2589000000000001
11651,-5.1835000000000004,3.2589000000000001
11652,-5.1897000000000002,3.2589000000000001
11653,-5.1897000000000002,3.2589000000000001
11654,-5.1835000000000004,3.2589000000000001
11655,-5.1897000000000002,3.2589000000000001
11656,-5.1772999999999998,3.2589000000000001
11657,-5.1772999999999998,3.2589000000000001
11658,-5.1897000000000002,3.2589000000000001
11659,-5.1835000000000004,3.2589000000000001
11660,-5.1835000000000004,3.2589000000000001
11661,-5.1897000000000002,3.2589000000000001
11662,-5.1835000000000004,3.2589000000000001
11663,-5.1835000000000004,3.2589000000000001
11664,-5.1772999999999998,3.2589000000000001
11665,-5.1897000000000002,3.2589000000000001
11666,-5.1772999999999998,3.2589000000000001
11667,-5.1897000000000002,3.2589000000000001
11668,-5.1835000000000004,3.2589000000000001
11669,-5.1897000000000002,3.2589000000000001
11670,-5.1835000000000004,3.2589000000000001
11671,-5.1835000000000004,3.2589000000000001
11672,-5.1835000000000004,3.2589000000000001
11673,-5.1835000000000004,3.2589000000000001
11674,-5.1835000000000004,3.2589000000000001
11675,-5.1835000000000004,3.2589000000000001
11676,-5.1835000000000004,3.2589000000000001
11677,-5.1897000000000002,3.2589000000000001
11678,-5.1835000000000004,3.2589000000000001
11679,-5.1835000000000004,3.2589000000000001
11680,-5.1835000000000004,3.2589000000000001
11681,-5.1835000000000004,3.2589000000000001
11682,-5.1835000000000004,3.2589000000000001
11683,-5.1835000000000004,3.2589000000000001
11684,-5.1897000000000002,3.2589000000000001
11685,-12.7356,3.2440000000000002
11686,-13.895,3.2403
11687,-13.777200000000001,3.2383999999999999
11688,-14.8561,3.2366000000000001
11689,-14.738300000000001,3.2347000000000001
11690,-15.2219,3.2328000000000001
11691,-16.381399999999999,3.2309999999999999
11692,-16.220199999999998,3.2290999999999999
11693,-16.747199999999999,3.2290999999999999
11694,-17.987300000000001,3.2254
11695,-17.8261,3.2254
11696,-19.134399999999999,3.2216999999999998
11697,-18.973199999999999,3.2216999999999998
11698,-8.5068999999999999,3.2383999999999999
11699,-8.3890999999999991,3.2403
11700,-8.3953000000000007,3.2403
11701,-8.3828999999999994,3.2421000000000002
11702,-8.3890999999999991,3.2421000000000002
11703,-8.3828999999999994,3.2421000000000002
11704,-8.3953000000000007,3.2421000000000002
11705,-8.3890999999999991,3.2421000000000002
11706,-8.3828999999999994,3.2440000000000002
11707,-8.3828999999999994,3.2421000000000002
11708,-8.3828999999999994,3.2421000000000002
11709,-8.3953000000000007,3.2440000000000002
11710,-8.3953000000000007,3.2440000000000002
11711,-8.3828999999999994,3.2440000000000002
11712,-8.3953000000000007,3.2440000000000002
11713,-8.3828999999999994,3.2440000000000002
11714,-8.3953000000000007,3.2440000000000002
11715,-8.3828999999999994,3.2440000000000002
11716,-8.3890999999999991,3.2440000000000002
11717,-8.3890999999999991,3.2440000000000002
11718,-8.3828999999999994,3.2440000000000002
11719,-8.3953000000000007,3.2440000000000002
11720,-8.3704999999999998,3.2440000000000002
11721,-8.3890999999999991,3.2440000000000002
11722,-8.3890999999999991,3.2440000000000002
11723,-8.3828999999999994,3.2440000000000002
11724,-8.3828999999999994,3.2440000000000002
11725,-8.3890999999999991,3.2440000000000002
11726,-8.3828999999999994,3.2440000000000002
11727,-8.3828999999999994,3.2440000000000002
11728,-8.3890999999999991,3.2440000000000002
11729,-8.3953000000000007,3.2440000000000002
11730,-8.4262999999999995,3.2440000000000002
11731,-8.4262999999999995,3.2440000000000002
11732,-8.4262999999999995,3.2440000000000002
11733,-8.4200999999999997,3.2440000000000002
11734,-8.4262999999999995,3.2440000000000002
11735,-8.4324999999999992,3.2440000000000002
11736,-8.4200999999999997,3.2440000000000002
11737,-8.4324999999999992,3.2440000000000002
11738,-8.4200999999999997,3.2440000000000002
11739,-8.4200999999999997,3.2440000000000002
11740,-8.4262999999999995,3.2440000000000002
11741,-8.4200999999999997,3.2421000000000002
11742,-8.4262999999999995,3.2440000000000002
11743,-8.4262999999999995,3.2440000000000002
11744,-8.4262999999999995,3.2440000000000002
11745,-8.4262999999999995,3.2440000000000002
11746,-8.4324999999999992,3.2440000000000002
11747,-8.4324999999999992,3.2440000000000002
11748,-14.7445,3.2328000000000001
11749,-14.3353,3.2309999999999999
11750,-15.2963,3.2290999999999999
11751,-14.818899999999999,3.2290999999999999
11752,-15.823399999999999,3.2273000000000001
11753,-15.333500000000001,3.2273000000000001
11754,-16.381399999999999,3.2254
11755,-16.672799999999999,3.2235
11756,-16.139600000000002,3.2235
11757,-17.212299999999999,3.2216999999999998
11758,-16.703800000000001,3.2216999999999998
11759,-17.8261,3.2198000000000002
11760,-17.249500000000001,3.2198000000000002
11761,-18.433700000000002,3.218
11762,-18.780999999999999,3.218
11763,-18.142299999999999,3.218
11764,-19.382400000000001,3.2161
11765,-18.774799999999999,3.2161
11766,-20.014800000000001,3.2124000000000001
11767,-19.413399999999999,3.2141999999999999
11768,-20.696899999999999,3.2105000000000001
11769,-21.0565,3.2105000000000001
11770,-20.417899999999999,3.2105000000000001
11771,-21.7819,3.2086999999999999
11772,-21.106100000000001,3.2086999999999999
11773,-22.495000000000001,3.2048999999999999
11774,-21.825299999999999,3.2067999999999999
11775,-23.214200000000002,3.2031000000000001
11776,-23.642099999999999,3.2031000000000001
11777,-22.947600000000001,3.2031000000000001
11778,-24.410900000000002,3.1974999999999998
11779,-23.7041,3.2012
11780,-25.210799999999999,3.1956000000000002
11781,-24.4543,3.1974999999999998
11782,-26.060199999999998,3.1938
11783,-16.418600000000001,3.2124000000000001
11784,-16.338000000000001,3.2124000000000001
11785,-16.344200000000001,3.2124000000000001
11786,-16.338000000000001,3.2141999999999999
11787,-16.331800000000001,3.2141999999999999
11788,-16.344200000000001,3.2141999999999999
11789,-16.338000000000001,3.2141999999999999
11790,-16.344200000000001,3.2141999999999999
11791,-16.338000000000001,3.2141999999999999
11792,-16.338000000000001,3.2141999999999999
11793,-16.338000000000001,3.2141999999999999
11794,-16.331800000000001,3.2141999999999999
11795,-16.338000000000001,3.2141999999999999
11796,-16.344200000000001,3.2141999999999999
11797,-16.344200000000001,3.2141999999999999
11798,-16.338000000000001,3.2141999999999999
11799,-16.338000000000001,3.2141999999999999
11800,-16.338000000000001,3.2141999999999999
11801,-16.338000000000001,3.2161
11802,-16.344200000000001,3.2161
11803,-16.344200000000001,3.2141999999999999
11804,-16.331800000000001,3.2141999999999999
11805,-16.344200000000001,3.2141999999999999
11806,-16.344200000000001,3.2141999999999999
11807,-16.344200000000001,3.2141999999999999
11808,-16.338000000000001,3.2141999999999999
11809,-16.381399999999999,3.2141999999999999
11810,-16.381399999999999,3.2161
11811,-16.381399999999999,3.2141999999999999
11812,-16.3752,3.2141999999999999
11813,-27.740500000000001,3.1938
11814,-28.385400000000001,3.1919
11815,-28.899999999999999,3.1882000000000001
11816,-29.457999999999998,3.1863000000000001
11817,-29.991299999999999,3.1844999999999999
11818,-30.567900000000002,3.1825999999999999
11819,-31.1693,3.1825999999999999
11820,-31.733599999999999,3.1808000000000001
11821,-32.328800000000001,3.1789000000000001
11822,-32.979900000000001,3.177
11823,-33.5627,3.1751999999999998
11824,-34.250900000000001,3.1732999999999998
11825,-34.895800000000001,3.1715
11826,-35.565399999999997,3.1696
11827,-36.278500000000001,3.1677
11828,-36.960500000000003,3.1659000000000002
11829,-37.6798,3.1640000000000001
11830,-38.448599999999999,3.1621999999999999
11831,-39.198900000000002,3.1602999999999999
11832,-39.961500000000001,3.1583999999999999
11833,-24.764299999999999,3.1825999999999999
11834,-24.683700000000002,3.1844999999999999
11835,-24.683700000000002,3.1844999999999999
11836,-24.683700000000002,3.1863000000000001
11837,-24.683700000000002,3.1863000000000001
11838,-24.689900000000002,3.1863000000000001
11839,-24.683700000000002,3.1863000000000001
11840,-24.7395,3.1863000000000001
11841,-24.7395,3.1863000000000001
11842,-24.745699999999999,3.1863000000000001
11843,2.8210999999999999,3.2366000000000001
11844,3.2614000000000001,3.2403
11845,3.5775999999999999,3.2440000000000002
11846,3.8193999999999999,3.2496
11847,4.0612000000000004,3.2513999999999998
11848,4.2906000000000004,3.2532999999999999
11849,4.5014000000000003,3.2551999999999999
11850,4.6626000000000003,3.2570000000000001
11851,4.8239000000000001,3.2589000000000001
11852,4.9044999999999996,3.2606999999999999
11853,4.9478999999999997,3.2625999999999999
11854,4.9417,3.2645
11855,4.8982999999999999,3.2645
11856,4.8548999999999998,3.2663000000000002
11857,4.7866999999999997,3.2663000000000002
11858,4.6936999999999998,3.2682000000000002
11859,9.9825999999999997,3.2774999999999999
11860,9.9763999999999999,3.2793000000000001
11861,9.0091000000000001,3.2793000000000001
11862,8.8169000000000004,3.2793000000000001
11863,7.9427000000000003,3.2793000000000001
11864,7.6574,3.2793000000000001
11865,6.7770000000000001,3.2793000000000001
11866,6.4546000000000001,3.2793000000000001
11867,8.2155000000000005,3.2831000000000001
11868,7.0994000000000002,3.2812000000000001
11869,5.9027000000000003,3.2793000000000001
11870,4.7370999999999999,3.2793000000000001
11871,3.7450000000000001,3.2774999999999999
11872,2.7776999999999998,3.2755999999999998
11873,1.8167,3.2738
11874,0.41539999999999999,3.2719
11875,-0.74399999999999999,3.2682000000000002
11876,-1.4259999999999999,3.2682000000000002
11877,-0.66959999999999997,3.2682000000000002
11878,-0.65720000000000001,3.2682000000000002
11879,-0.66959999999999997,3.2682000000000002
11880,-0.65720000000000001,3.2682000000000002
11881,-0.65720000000000001,3.2682000000000002
11882,-0.66959999999999997,3.2682000000000002
11883,-0.66959999999999997,3.2682000000000002
11884,-0.66959999999999997,3.2682000000000002
11885,-0.66959999999999997,3.2682000000000002
11886,-0.66959999999999997,3.2682000000000002
11887,-0.65720000000000001,3.2682000000000002
11888,-0.66959999999999997,3.2682000000000002
11889,-0.66959999999999997,3.2682000000000002
11890,-0.66959999999999997,3.2682000000000002
11891,-0.66959999999999997,3.27
11892,-0.66959999999999997,3.2682000000000002
11893,-0.65720000000000001,3.27
11894,-0.65720000000000001,3.27
11895,-0.65720000000000001,3.27
11896,-0.086800000000000002,3.27
11897,-0.65720000000000001,3.27
11898,-0.66959999999999997,3.27
11899,-0.65720000000000001,3.27
11900,-0.66959999999999997,3.27
11901,-0.66959999999999997,3.27
11902,-0.66959999999999997,3.27
11903,-0.66959999999999997,3.27
11904,-0.66959999999999997,3.27
11905,-0.65720000000000001,3.27
11906,-0.66959999999999997,3.27
11907,-0.66959999999999997,3.27
11908,-0.66959999999999997,3.27
11909,-2.7467000000000001,3.2663000000000002
11910,-4.1852,3.2645
11911,-5.7786999999999997,3.2606999999999999
11912,-7.2233999999999998,3.2570000000000001
11913,-2.1453000000000002,3.2663000000000002
11914,-2.0585,3.2663000000000002
11915,-2.0585,3.2663000000000002
11916,-2.0647000000000002,3.2663000000000002
11917,-2.0647000000000002,3.2663000000000002
11918,-2.0647000000000002,3.2663000000000002
11919,-2.0647000000000002,3.2663000000000002
11920,-2.0647000000000002,3.2663000000000002
11921,-0.30380000000000001,3.27
11922,-0.70679999999999998,3.27
11923,-1.0726,3.2682000000000002
11924,-1.3453999999999999,3.2682000000000002
11925,-1.4694,3.2682000000000002
11926,-0.65720000000000001,3.27
11927,-0.65720000000000001,3.27
11928,-0.65720000000000001,3.27
11929,-0.66959999999999997,3.27
11930,-0.66959999999999997,3.27
11931,-0.66959999999999997,3.27
11932,-0.65720000000000001,3.27
11933,-0.66959999999999997,3.2719
11934,-0.66959999999999997,3.2719
11935,-0.66959999999999997,3.2719
11936,-0.65720000000000001,3.2719
11937,-0.65720000000000001,3.2719
11938,-0.65720000000000001,3.2719
11939,-0.66959999999999997,3.2719
11940,-0.66959999999999997,3.2719
11941,-0.66959999999999997,3.2719
11942,-0.66959999999999997,3.2719
11943,-0.66959999999999997,3.2719
11944,-0.65720000000000001,3.2719
11945,-0.66959999999999997,3.2719
11946,-0.66959999999999997,3.2719
11947,-2.1080999999999999,3.27
11948,-2.8334999999999999,3.2682000000000002
11949,-3.6581999999999999,3.2663000000000002
11950,-4.5014000000000003,3.2645
11951,-5.1835000000000004,3.2625999999999999
11952,-6.1073000000000004,3.2606999999999999
11953,-7.0250000000000004,3.2589000000000001
11954,-7.7504,3.2570000000000001
11955,-8.9037000000000006,3.2532999999999999
11956,-9.9082000000000008,3.2513999999999998
11957,-10.5778,3.2496
11958,-11.892300000000001,3.2440000000000002
11959,-3.5838000000000001,3.2589000000000001
11960,-3.4722,3.2606999999999999
11961,-3.4660000000000002,3.2606999999999999
11962,-3.4722,3.2606999999999999
11963,-3.4660000000000002,3.2625999999999999
11964,-3.4722,3.2625999999999999
11965,-3.4660000000000002,3.2625999999999999
11966,-3.4722,3.2625999999999999
11967,-3.4660000000000002,3.2625999999999999
11968,-3.4660000000000002,3.2625999999999999
11969,-3.4660000000000002,3.2625999999999999
11970,-3.4660000000000002,3.2625999999999999
11971,-3.4722,3.2625999999999999
11972,-3.4660000000000002,3.2625999999999999
11973,-3.4722,3.2625999999999999
11974,-3.4660000000000002,3.2625999999999999
11975,-3.4722,3.2625999999999999
11976,-3.4598,3.2625999999999999
11977,-3.4660000000000002,3.2625999999999999
11978,-3.4722,3.2625999999999999
11979,-3.4722,3.2625999999999999
11980,-3.4722,3.2625999999999999
11981,-3.4660000000000002,3.2625999999999999
11982,-3.4722,3.2625999999999999
11983,1.3702000000000001,3.2719
11984,1.1779999999999999,3.2738
11985,0.94240000000000002,3.2719
11986,0.65720000000000001,3.2719
11987,0.41539999999999999,3.2738
11988,0.21079999999999999,3.2719
11989,-0.33479999999999999,3.2719
11990,-0.78739999999999999,3.2719
11991,-1.1097999999999999,3.27
11992,-1.3515999999999999,3.27
11993,-1.4632000000000001,3.27
11994,-0.66959999999999997,3.2719
11995,-0.66959999999999997,3.2719
11996,-0.66959999999999997,3.2719
11997,-0.65720000000000001,3.2719
11998,-0.66959999999999997,3.2719
11999,-0.66959999999999997,3.2719
12000,-0.66959999999999997,3.2719
12001,-0.66959999999999997,3.2719
12002,-0.66959999999999997,3.2719
12003,-0.66959999999999997,3.2719
12004,-0.66959999999999997,3.2719
12005,-0.65720000000000001,3.2719
12006,-0.66959999999999997,3.2738
12007,-0.66959999999999997,3.2738
12008,-0.66959999999999997,3.2719
12009,-0.65720000000000001,3.2738
12010,-0.66959999999999997,3.2738
12011,-0.65720000000000001,3.2719
12012,-0.65720000000000001,3.2738
12013,-0.65720000000000001,3.2738
12014,-0.66959999999999997,3.2738
12015,-1.7857000000000001,3.2719
12016,-2.1453000000000002,3.27
12017,-2.6227,3.27
12018,-2.9885000000000002,3.2682000000000002
12019,-3.4226000000000001,3.2682000000000002
12020,-3.8565999999999998,3.2663000000000002
12021,-4.4269999999999996,3.2645
12022,-4.7495000000000003,3.2645
12023,-5.1835000000000004,3.2625999999999999
12024,-5.7042999999999999,3.2606999999999999
12025,-6.4236000000000004,3.2606999999999999
12026,-7.5457999999999998,3.2570000000000001
12027,-6.4980000000000002,3.2589000000000001
12028,-7.7813999999999997,3.2570000000000001
12029,-8.3085000000000004,3.2551999999999999
12030,-9.2261000000000006,3.2513999999999998
12031,-9.468,3.2513999999999998
12032,-9.9391999999999996,3.2496
12033,-10.460000000000001,3.2458999999999998
12034,-11.427300000000001,3.2440000000000002
12035,-11.5389,3.2421000000000002
12036,-12.1031,3.2421000000000002
12037,-12.6736,3.2403
12038,-13.7524,3.2366000000000001
12039,-13.833,3.2366000000000001
12040,-14.4717,3.2347000000000001
12041,-5.2579000000000002,3.2513999999999998
12042,-5.1401000000000003,3.2532999999999999
12043,-5.1463000000000001,3.2532999999999999
12044,-5.1401000000000003,3.2532999999999999
12045,-5.1463000000000001,3.2551999999999999
12046,-5.1401000000000003,3.2551999999999999
12047,-5.1401000000000003,3.2551999999999999
12048,-5.1463000000000001,3.2551999999999999
12049,-5.1401000000000003,3.2551999999999999
12050,-5.1463000000000001,3.2551999999999999
12051,-5.1401000000000003,3.2551999999999999
12052,-5.1401000000000003,3.2551999999999999
12053,0.97340000000000004,3.2663000000000002
12054,0.97340000000000004,3.2682000000000002
12055,0.65720000000000001,3.2682000000000002
12056,0.77500000000000002,3.27
12057,0.65720000000000001,3.27
12058,0.37819999999999998,3.27
12059,0.45879999999999999,3.27
12060,0.33479999999999999,3.27
12061,-3.6334,3.2645
12062,-3.7016,3.2625999999999999
12063,-3.7016,3.2625999999999999
12064,-3.7016,3.2625999999999999
12065,-3.6953999999999998,3.2625999999999999
12066,-3.7016,3.2625999999999999
12067,-3.7016,3.2625999999999999
12068,-3.7078000000000002,3.2625999999999999
12069,-3.7016,3.2625999999999999
12070,-3.6953999999999998,3.2625999999999999
12071,-3.7016,3.2625999999999999
12072,-3.7078000000000002,3.2625999999999999
12073,-3.7016,3.2625999999999999
12074,1.7051000000000001,3.2719
12075,1.5065999999999999,3.2738
12076,1.3515999999999999,3.2738
12077,0.94240000000000002,3.2738
12078,0.65720000000000001,3.2738
12079,0.41539999999999999,3.2738
12080,0.13020000000000001,3.2738
12081,-0.34100000000000003,3.2719
12082,-0.74399999999999999,3.2719
12083,-1.1097999999999999,3.27
12084,-1.3453999999999999,3.27
12085,-1.4632000000000001,3.27
12086,-0.65720000000000001,3.2719
12087,-0.66959999999999997,3.2719
12088,-0.65720000000000001,3.2719
12089,-0.65720000000000001,3.2719
12090,-0.66959999999999997,3.2719
12091,-0.66959999999999997,3.2719
12092,-0.65720000000000001,3.2719
12093,-0.66959999999999997,3.2719
12094,-0.65720000000000001,3.2719
12095,-0.65720000000000001,3.2719
12096,-0.66959999999999997,3.2719
12097,-0.66959999999999997,3.2738
12098,-0.65720000000000001,3.2738
12099,-0.66959999999999997,3.2738
12100,-0.66959999999999997,3.2738
12101,-0.66959999999999997,3.2738
12102,-0.66959999999999997,3.2738
12103,-0.66959999999999997,3.2738
12104,-0.65720000000000001,3.2738
12105,-2.7404999999999999,3.27
12106,-4.1790000000000003,3.2682000000000002
12107,-5.8220999999999998,3.2625999999999999
12108,-7.2233999999999998,3.2606999999999999
12109,-2.1949000000000001,3.2682000000000002
12110,-2.0647000000000002,3.2682000000000002
12111,-2.0585,3.27
12112,-2.0585,3.27
12113,-2.0585,3.27
12114,-2.0647000000000002,3.27
12115,-2.0585,3.27
12116,-2.0647000000000002,3.27
12117,-0.30380000000000001,3.2738
12118,-0.70679999999999998,3.2719
12119,-1.0664,3.2719
12120,-1.3453999999999999,3.2719
12121,-1.4632000000000001,3.2719
12122,-0.65720000000000001,3.2719
12123,-0.65720000000000001,3.2719
12124,-0.66959999999999997,3.2738
12125,-0.65720000000000001,3.2738
12126,-0.65720000000000001,3.2738
12127,-0.65720000000000001,3.2738
12128,-0.66959999999999997,3.2738
12129,-0.66959999999999997,3.2738
12130,-0.66959999999999997,3.2738
12131,-0.65720000000000001,3.2738
12132,-0.65720000000000001,3.2738
12133,-0.65720000000000001,3.2738
12134,-0.66959999999999997,3.2738
12135,-0.66959999999999997,3.2738
12136,-0.65720000000000001,3.2738
12137,-0.66959999999999997,3.2738
12138,-0.66959999999999997,3.2738
12139,-0.66959999999999997,3.2755999999999998
12140,-0.66959999999999997,3.2738
12141,-0.66959999999999997,3.2738
12142,-0.66959999999999997,3.2738
12143,-2.1019000000000001,3.2719
12144,-2.8273000000000001,3.27
12145,-3.6581999999999999,3.2682000000000002
12146,-4.5014000000000003,3.2663000000000002
12147,-5.1897000000000002,3.2645
12148,-6.1383000000000001,3.2625999999999999
12149,-7.0250000000000004,3.2606999999999999
12150,-7.7442000000000002,3.2589000000000001
12151,-8.9408999999999992,3.2551999999999999
12152,-9.9391999999999996,3.2532999999999999
12153,-10.584,3.2513999999999998
12154,-11.9047,3.2458999999999998
12155,-3.5838000000000001,3.2606999999999999
12156,-3.4722,3.2625999999999999
12157,-3.4722,3.2625999999999999
12158,-3.4660000000000002,3.2625999999999999
12159,-3.4722,3.2625999999999999
12160,-3.4722,3.2645
12161,-3.4598,3.2645
12162,-3.4660000000000002,3.2645
12163,-3.4722,3.2645
12164,-3.4660000000000002,3.2645
12165,-3.4722,3.2645
12166,-3.4722,3.2645
12167,-3.4722,3.2645
12168,-3.4722,3.2645
12169,-3.4722,3.2645
12170,-3.4660000000000002,3.2645
12171,-3.4722,3.2645
12172,-3.4784000000000002,3.2645
12173,-3.4660000000000002,3.2645
12174,-3.4660000000000002,3.2645
12175,-3.4660000000000002,3.2645
12176,-3.4784000000000002,3.2645
12177,-3.4722,3.2645
12178,-3.4660000000000002,3.2645
12179,1.3702000000000001,3.2738
12180,1.2152000000000001,3.2738
12181,0.94240000000000002,3.2738
12182,0.65720000000000001,3.2738
12183,0.41539999999999999,3.2738
12184,0.21079999999999999,3.2738
12185,-0.34100000000000003,3.2738
12186,-0.78739999999999999,3.2719
12187,-1.1097999999999999,3.2719
12188,-1.3515999999999999,3.2719
12189,-1.4694,3.2719
12190,-0.65720000000000001,3.2738
12191,-0.66959999999999997,3.2738
12192,-0.65720000000000001,3.2738
12193,-0.65720000000000001,3.2738
12194,-0.66959999999999997,3.2738
12195,-0.66959999999999997,3.2738
12196,-0.66959999999999997,3.2738
12197,-0.66959999999999997,3.2738
12198,-0.65720000000000001,3.2738
12199,-0.66959999999999997,3.2738
12200,-0.66959999999999997,3.2738
12201,-0.66959999999999997,3.2738
12202,-0.66959999999999997,3.2738
12203,-0.66959999999999997,3.2738
12204,-0.66959999999999997,3.2738
12205,-0.66959999999999997,3.2738
12206,-0.66959999999999997,3.2738
12207,-0.66959999999999997,3.2738
12208,-0.66959999999999997,3.2755999999999998
12209,-0.66959999999999997,3.2738
12210,-0.66959999999999997,3.2738
12211,-1.7795000000000001,3.2719
12212,-2.1453000000000002,3.2719
12213,-2.6227,3.27
12214,-2.9823,3.27
12215,-3.4226000000000001,3.2682000000000002
12216,-3.8628,3.2682000000000002
12217,-4.4580000000000002,3.2663000000000002
12218,-4.7495000000000003,3.2663000000000002
12219,-5.2268999999999997,3.2645
12220,-5.7104999999999997,3.2625999999999999
12221,-6.4607999999999999,3.2606999999999999
12222,-7.5457999999999998,3.2589000000000001
12223,-6.5414000000000003,3.2589000000000001
12224,-7.7751999999999999,3.2570000000000001
12225,-8.3457000000000008,3.2551999999999999
12226,-9.2261000000000006,3.2532999999999999
12227,-9.4618000000000002,3.2513999999999998
12228,-9.9391999999999996,3.2513999999999998
12229,-10.4724,3.2496
12230,-11.427300000000001,3.2440000000000002
12231,-11.5761,3.2440000000000002
12232,-12.1031,3.2421000000000002
12233,-12.6736,3.2403
12234,-13.7462,3.2366000000000001
12235,-13.864000000000001,3.2366000000000001
12236,-14.4655,3.2347000000000001
12237,-5.2641,3.2513999999999998
12238,-5.1401000000000003,3.2532999999999999
12239,-5.1401000000000003,3.2532999999999999
12240,-5.1463000000000001,3.2551999999999999
12241,-5.1463000000000001,3.2551999999999999
12242,-5.1401000000000003,3.2551999999999999
12243,-5.1463000000000001,3.2551999999999999
12244,-5.1401000000000003,3.2551999999999999
12245,-5.1463000000000001,3.2570000000000001
12246,-5.1463000000000001,3.2570000000000001
12247,-5.1463000000000001,3.2570000000000001
12248,-5.1401000000000003,3.2570000000000001
12249,0.97340000000000004,3.2682000000000002
12250,1.0167999999999999,3.2682000000000002
12251,0.65720000000000001,3.27
12252,0.77500000000000002,3.27
12253,0.65720000000000001,3.27
12254,0.37819999999999998,3.27
12255,0.4526,3.2719
12256,0.33479999999999999,3.2719
12257,-3.6334,3.2645
12258,-3.7078000000000002,3.2645
12259,-3.6953999999999998,3.2645
12260,-3.7016,3.2625999999999999
12261,-3.7016,3.2625999999999999
12262,-3.7016,3.2625999999999999
12263,-3.6953999999999998,3.2625999999999999
12264,-3.7016,3.2625999999999999
12265,-3.7016,3.2625999999999999
12266,-3.7016,3.2625999999999999
12267,-3.7016,3.2625999999999999
12268,-3.7016,3.2625999999999999
12269,-3.7016,3.2625999999999999
12270,1.7051000000000001,3.2738
12271,1.5004,3.2738
12272,1.3391999999999999,3.2738
12273,0.93620000000000003,3.2738
12274,0.65720000000000001,3.2738
12275,0.41539999999999999,3.2738
12276,0.13020000000000001,3.2738
12277,-0.34100000000000003,3.2738
12278,-0.75019999999999998,3.2719
12279,-1.1097999999999999,3.2719
12280,-1.3453999999999999,3.2719
12281,-1.4694,3.27
12282,-0.66959999999999997,3.2719
12283,-0.66959999999999997,3.2719
12284,-0.66959999999999997,3.2719
12285,-0.66959999999999997,3.2738
12286,-0.66959999999999997,3.2738
12287,-0.66959999999999997,3.2738
12288,-0.65720000000000001,3.2719
12289,-0.66959999999999997,3.2738
12290,-0.66959999999999997,3.2738
12291,-0.66959999999999997,3.2738
12292,-0.66959999999999997,3.2738
12293,-0.65720000000000001,3.2738
12294,-0.66959999999999997,3.2738
12295,-0.65720000000000001,3.2738
12296,-0.66959999999999997,3.2738
12297,-0.66959999999999997,3.2738
12298,-0.66959999999999997,3.2738
12299,-0.65720000000000001,3.2738
12300,-0.66959999999999997,3.2738
12301,-2.7467000000000001,3.27
12302,-4.1790000000000003,3.2682000000000002
12303,-5.8282999999999996,3.2645
12304,-7.2233999999999998,3.2606999999999999
12305,-2.1949000000000001,3.2682000000000002
12306,-2.1080999999999999,3.27
12307,-2.1019000000000001,3.27
12308,-2.1080999999999999,3.27
12309,-2.1019000000000001,3.27
12310,-2.1019000000000001,3.27
12311,-2.1019000000000001,3.27
12312,-2.1080999999999999,3.27
12313,-0.30380000000000001,3.2738
12314,-0.70679999999999998,3.2719
12315,-1.0664,3.2719
12316,-1.3453999999999999,3.2719
12317,-1.4632000000000001,3.2719
12318,-0.65720000000000001,3.2738
12319,-0.65720000000000001,3.2738
12320,-0.65720000000000001,3.2738
12321,-0.66959999999999997,3.2738
12322,-0.66959999999999997,3.2738
12323,-0.66959999999999997,3.2738
12324,-0.66959999999999997,3.2738
12325,-0.65720000000000001,3.2738
12326,-0.66959999999999997,3.2738
12327,-0.65720000000000001,3.2738
12328,-0.66959999999999997,3.2738
12329,-0.65720000000000001,3.2738
12330,-0.66959999999999997,3.2755999999999998
12331,-0.66959999999999997,3.2738
12332,-0.65720000000000001,3.2738
12333,-0.65720000000000001,3.2738
12334,-0.66959999999999997,3.2755999999999998
12335,-0.66959999999999997,3.2755999999999998
12336,-0.66959999999999997,3.2755999999999998
12337,-0.66959999999999997,3.2755999999999998
12338,-0.66959999999999997,3.2755999999999998
12339,-2.1080999999999999,3.2719
12340,-2.8273000000000001,3.27
12341,-3.6581999999999999,3.2682000000000002
12342,-4.5014000000000003,3.2663000000000002
12343,-5.1897000000000002,3.2645
12344,-6.1506999999999996,3.2625999999999999
12345,-7.0621999999999998,3.2606999999999999
12346,-7.7751999999999999,3.2589000000000001
12347,-8.9408999999999992,3.2551999999999999
12348,-9.9391999999999996,3.2532999999999999
12349,-10.6274,3.2513999999999998
12350,-11.935700000000001,3.2458999999999998
12351,-3.5838000000000001,3.2625999999999999
12352,-3.5093999999999999,3.2625999999999999
12353,-3.5093999999999999,3.2625999999999999
12354,-3.5093999999999999,3.2625999999999999
12355,-3.5093999999999999,3.2645
12356,-3.5032000000000001,3.2645
12357,-3.5093999999999999,3.2625999999999999
12358,-3.5032000000000001,3.2645
12359,-3.5032000000000001,3.2645
12360,-3.5093999999999999,3.2645
12361,-3.5032000000000001,3.2645
12362,-3.5032000000000001,3.2645
12363,-3.5032000000000001,3.2645
12364,-3.5093999999999999,3.2645
12365,-3.5032000000000001,3.2645
12366,-3.5032000000000001,3.2645
12367,-3.5032000000000001,3.2645
12368,-3.5093999999999999,3.2645
12369,-3.5032000000000001,3.2645
12370,-3.5093999999999999,3.2645
12371,-3.5032000000000001,3.2645
12372,-3.5032000000000001,3.2645
12373,-3.5032000000000001,3.2645
12374,-3.5032000000000001,3.2645
12375,1.3702000000000001,3.2738
12376,1.2214,3.2738
12377,0.93620000000000003,3.2738
12378,0.65720000000000001,3.2738
12379,0.40920000000000001,3.2738
12380,0.21079999999999999,3.2738
12381,-0.34100000000000003,3.2738
12382,-0.78739999999999999,3.2719
12383,-1.1160000000000001,3.2719
12384,-1.3515999999999999,3.2719
12385,-1.4694,3.2719
12386,-0.66959999999999997,3.2738
12387,-0.66959999999999997,3.2738
12388,-0.66959999999999997,3.2738
12389,-0.66959999999999997,3.2738
12390,-0.66959999999999997,3.2738
12391,-0.66959999999999997,3.2738
12392,-0.65720000000000001,3.2738
12393,-0.65720000000000001,3.2738
12394,-0.66959999999999997,3.2738
12395,-0.65720000000000001,3.2738
12396,-0.66959999999999997,3.2738
12397,-0.66959999999999997,3.2738
12398,-0.66959999999999997,3.2738
12399,-0.66959999999999997,3.2738
12400,-0.65720000000000001,3.2738
12401,-0.66959999999999997,3.2738
12402,-0.66959999999999997,3.2738
12403,-0.66959999999999997,3.2755999999999998
12404,-0.65720000000000001,3.2755999999999998
12405,-0.66959999999999997,3.2738
12406,-0.66959999999999997,3.2755999999999998
12407,-1.7857000000000001,3.2719
12408,-2.1453000000000002,3.2719
12409,-2.6227,3.2719
12410,-2.9823,3.27
12411,-3.4226000000000001,3.2682000000000002
12412,-3.8690000000000002,3.2682000000000002
12413,-4.4641999999999999,3.2663000000000002
12414,-4.7495000000000003,3.2663000000000002
12415,-5.2268999999999997,3.2645
12416,-5.6981000000000002,3.2625999999999999
12417,-6.4669999999999996,3.2606999999999999
12418,-7.5457999999999998,3.2589000000000001
12419,-6.5476000000000001,3.2589000000000001
12420,-7.7690000000000001,3.2570000000000001
12421,-8.3457000000000008,3.2551999999999999
12422,-9.2261000000000006,3.2532999999999999
12423,-9.4618000000000002,3.2513999999999998
12424,-9.9825999999999997,3.2496
12425,-10.497199999999999,3.2458999999999998
12426,-11.476900000000001,3.2440000000000002
12427,-11.569900000000001,3.2440000000000002
12428,-12.165100000000001,3.2421000000000002
12429,-12.704599999999999,3.2403
12430,-13.777200000000001,3.2366000000000001
12431,-13.901199999999999,3.2366000000000001
12432,-14.496499999999999,3.2347000000000001
12433,-5.2641,3.2513999999999998
12434,-5.1897000000000002,3.2532999999999999
12435,-5.1835000000000004,3.2532999999999999
12436,-5.1835000000000004,3.2551999999999999
12437,-5.1835000000000004,3.2551999999999999
12438,-5.1835000000000004,3.2551999999999999
12439,-5.1835000000000004,3.2551999999999999
12440,-5.1897000000000002,3.2551999999999999
12441,-5.1897000000000002,3.2551999999999999
12442,-5.1897000000000002,3.2551999999999999
12443,-5.1835000000000004,3.2551999999999999
12444,-5.1835000000000004,3.2551999999999999
12445,0.97340000000000004,3.2663000000000002
12446,1.0167999999999999,3.2682000000000002
12447,0.65720000000000001,3.27
12448,0.78120000000000001,3.27
12449,0.66339999999999999,3.27
12450,0.37819999999999998,3.27
12451,0.4526,3.2719
12452,0.33479999999999999,3.2719
12453,-3.6334,3.2645
12454,-3.7016,3.2645
12455,-3.7078000000000002,3.2625999999999999
12456,-3.7078000000000002,3.2645
12457,-3.6953999999999998,3.2625999999999999
12458,-3.6953999999999998,3.2625999999999999
12459,-3.7078000000000002,3.2625999999999999
12460,-3.7016,3.2625999999999999
12461,-3.7016,3.2625999999999999
12462,-3.7016,3.2625999999999999
12463,-3.6953999999999998,3.2625999999999999
12464,-3.7016,3.2625999999999999
12465,-3.7016,3.2625999999999999
12466,1.6927000000000001,3.2719
12467,1.5065999999999999,3.2738
12468,1.333,3.2738
12469,0.94240000000000002,3.2738
12470,0.65720000000000001,3.2738
12471,0.40920000000000001,3.2738
12472,0.13020000000000001,3.2738
12473,-0.34100000000000003,3.2738
12474,-0.74399999999999999,3.2719
12475,-1.1035999999999999,3.2719
12476,-1.3515999999999999,3.2719
12477,-1.4694,3.27
12478,-0.65720000000000001,3.2719
12479,-0.66959999999999997,3.2719
12480,-0.65720000000000001,3.2719
12481,-0.66959999999999997,3.2719
12482,-0.65720000000000001,3.2738
12483,-0.65720000000000001,3.2738
12484,-0.66959999999999997,3.2738
12485,-0.66959999999999997,3.2738
12486,-0.65720000000000001,3.2738
12487,-0.66959999999999997,3.2738
12488,-0.66959999999999997,3.2738
12489,-0.65720000000000001,3.2738
12490,-0.66959999999999997,3.2738
12491,-0.65720000000000001,3.2738
12492,-0.65720000000000001,3.2738
12493,-0.66959999999999997,3.2738
12494,-0.65720000000000001,3.2738
12495,-0.65720000000000001,3.2738
12496,-0.65720000000000001,3.2738
12497,-2.7467000000000001,3.27
12498,-4.1790000000000003,3.2682000000000002
12499,-5.8220999999999998,3.2645
12500,-7.2667999999999999,3.2606999999999999
12501,-2.1886999999999999,3.2682000000000002
12502,-2.1019000000000001,3.27
12503,-2.1019000000000001,3.27
12504,-2.1019000000000001,3.27
12505,-2.1019000000000001,3.27
12506,-2.1019000000000001,3.27
12507,-2.1019000000000001,3.27
12508,-2.1019000000000001,3.27
12509,-0.30380000000000001,3.2719
12510,-0.7006,3.2719
12511,-1.0664,3.2719
12512,-1.3453999999999999,3.2719
12513,-1.4632000000000001,3.2719
12514,-0.66959999999999997,3.2719
12515,-0.65720000000000001,3.2738
12516,-0.65720000000000001,3.2738
12517,-0.65720000000000001,3.2738
12518,-0.66959999999999997,3.2738
12519,-0.66959999999999997,3.2738
12520,-0.66959999999999997,3.2738
12521,-0.65720000000000001,3.2738
12522,-0.66959999999999997,3.2738
12523,-0.65720000000000001,3.2738
12524,-0.65720000000000001,3.2738
12525,-0.65720000000000001,3.2755999999999998
12526,-0.66959999999999997,3.2738
12527,-0.65720000000000001,3.2738
12528,-0.66959999999999997,3.2738
12529,-0.66959999999999997,3.2755999999999998
12530,-0.66959999999999997,3.2755999999999998
12531,-0.65720000000000001,3.2738
12532,-0.66959999999999997,3.2755999999999998
12533,-0.66959999999999997,3.2755999999999998
12534,-0.66959999999999997,3.2755999999999998
12535,-2.1453000000000002,3.2719
12536,-2.8273000000000001,3.27
12537,-3.7016,3.2682000000000002
12538,-4.4951999999999996,3.2663000000000002
12539,-5.1835000000000004,3.2645
12540,-6.1383000000000001,3.2625999999999999
12541,-7.0621999999999998,3.2606999999999999
12542,-7.7813999999999997,3.2589000000000001
12543,-8.9408999999999992,3.2551999999999999
12544,-9.9329999999999998,3.2532999999999999
12545,-10.6212,3.2513999999999998
12546,-11.929500000000001,3.2458999999999998
12547,-3.621,3.2606999999999999
12548,-3.5032000000000001,3.2625999999999999
12549,-3.5032000000000001,3.2625999999999999
12550,-3.5032000000000001,3.2625999999999999
12551,-3.5032000000000001,3.2625999999999999
12552,-3.5032000000000001,3.2625999999999999
12553,-3.5032000000000001,3.2645
12554,-3.5032000000000001,3.2645
12555,-3.4969999999999999,3.2645
12556,-3.5032000000000001,3.2645
12557,-3.5032000000000001,3.2645
12558,-3.5032000000000001,3.2645
12559,-3.5032000000000001,3.2645
12560,-3.5032000000000001,3.2645
12561,-3.5032000000000001,3.2645
12562,-3.5093999999999999,3.2645
12563,-3.5093999999999999,3.2645
12564,-3.5032000000000001,3.2645
12565,-3.5093999999999999,3.2645
12566,-3.5156000000000001,3.2645
12567,-3.5032000000000001,3.2645
12568,-3.5032000000000001,3.2645
12569,-3.5093999999999999,3.2645
12570,-3.5093999999999999,3.2645
12571,1.3702000000000001,3.2738
12572,1.2152000000000001,3.2738
12573,0.93620000000000003,3.2738
12574,0.65720000000000001,3.2738
12575,0.40920000000000001,3.2738
12576,0.21079999999999999,3.2738
12577,-0.34100000000000003,3.2738
12578,-0.78739999999999999,3.2719
12579,-1.1097999999999999,3.2719
12580,-1.3453999999999999,3.2719
12581,-1.4694,3.2719
12582,-0.66959999999999997,3.2719
12583,-0.65720000000000001,3.2738
12584,-0.65720000000000001,3.2738
12585,-0.65720000000000001,3.2738
12586,-0.65720000000000001,3.2738
12587,-0.65720000000000001,3.2738
12588,-0.65720000000000001,3.2738
12589,-0.66959999999999997,3.2738
12590,-0.65720000000000001,3.2738
12591,-0.65720000000000001,3.2738
12592,-0.65720000000000001,3.2738
12593,-0.66959999999999997,3.2738
12594,-0.66959999999999997,3.2738
12595,-0.66959999999999997,3.2738
12596,-0.65720000000000001,3.2738
12597,-0.65720000000000001,3.2738
12598,-0.65720000000000001,3.2738
12599,-0.65720000000000001,3.2738
12600,-0.65720000000000001,3.2755999999999998
12601,-0.65720000000000001,3.2738
12602,-0.65720000000000001,3.2738
12603,-1.7857000000000001,3.2719
12604,-2.1453000000000002,3.2719
12605,-2.6227,3.27
12606,-3.0257000000000001,3.27
12607,-3.4226000000000001,3.2682000000000002
12608,-3.8565999999999998,3.2682000000000002
12609,-4.4641999999999999,3.2663000000000002
12610,-4.7929000000000004,3.2663000000000002
12611,-5.2206999999999999,3.2645
12612,-5.7415000000000003,3.2625999999999999
12613,-6.4607999999999999,3.2606999999999999
12614,-7.5830000000000002,3.2589000000000001
12615,-6.5414000000000003,3.2589000000000001
12616,-7.8311000000000002,3.2570000000000001
12617,-8.3394999999999992,3.2551999999999999
12618,-9.2632999999999992,3.2532999999999999
12619,-9.5052000000000003,3.2513999999999998
12620,-9.9763999999999999,3.2496
12621,-10.497199999999999,3.2458999999999998
12622,-11.464499999999999,3.2440000000000002
12623,-11.6257,3.2421000000000002
12624,-12.1341,3.2403
12625,-12.698399999999999,3.2383999999999999
12626,-13.820600000000001,3.2366000000000001
12627,-13.907400000000001,3.2366000000000001
12628,-14.502700000000001,3.2328000000000001
12629,-5.2641,3.2513999999999998
12630,-5.1835000000000004,3.2532999999999999
12631,-5.1835000000000004,3.2532999999999999
12632,-5.1835000000000004,3.2532999999999999
12633,-5.1772999999999998,3.2551999999999999
12634,-5.1897000000000002,3.2551999999999999
12635,-5.1835000000000004,3.2551999999999999
12636,-5.1835000000000004,3.2551999999999999
12637,-5.1835000000000004,3.2551999999999999
12638,-5.1835000000000004,3.2551999999999999
12639,-5.1835000000000004,3.2551999999999999
12640,-5.1897000000000002,3.2551999999999999
12641,0.97340000000000004,3.2663000000000002
12642,1.0167999999999999,3.2682000000000002
12643,0.65720000000000001,3.2682000000000002
12644,0.78120000000000001,3.27
12645,0.65720000000000001,3.27
12646,0.37819999999999998,3.27
12647,0.4526,3.27
12648,0.33479999999999999,3.2719
12649,-3.6272000000000002,3.2645
12650,-3.7016,3.2625999999999999
12651,-3.6953999999999998,3.2625999999999999
12652,-3.7016,3.2625999999999999
12653,-3.7016,3.2625999999999999
12654,-3.7016,3.2625999999999999
12655,-3.7016,3.2625999999999999
12656,-3.7016,3.2625999999999999
12657,-3.7078000000000002,3.2625999999999999
12658,-3.7016,3.2625999999999999
12659,-3.7016,3.2625999999999999
12660,-3.7016,3.2625999999999999
12661,-3.7078000000000002,3.2625999999999999
12662,1.7051000000000001,3.2719
12663,1.5127999999999999,3.2738
12664,1.3391999999999999,3.2738
12665,0.94240000000000002,3.2738
12666,0.66339999999999999,3.2738
12667,0.41539999999999999,3.2738
12668,0.13639999999999999,3.2738
12669,-0.34100000000000003,3.2738
12670,-0.75019999999999998,3.2719
12671,-1.1097999999999999,3.2719
12672,-1.3453999999999999,3.27
12673,-1.4632000000000001,3.27
12674,-0.66959999999999997,3.2719
12675,-0.65720000000000001,3.2719
12676,-0.66959999999999997,3.2719
12677,-0.65720000000000001,3.2738
12678,-0.66959999999999997,3.2719
12679,-0.65720000000000001,3.2738
12680,-0.66959999999999997,3.2738
12681,-0.66959999999999997,3.2738
12682,-0.65720000000000001,3.2738
12683,-0.66959999999999997,3.2738
12684,-0.65720000000000001,3.2738
12685,-0.65720000000000001,3.2738
12686,-0.65720000000000001,3.2738
12687,-0.66959999999999997,3.2738
12688,-0.66959999999999997,3.2738
12689,-0.66959999999999997,3.2738
12690,-0.66959999999999997,3.2738
12691,-0.66959999999999997,3.2738
12692,-0.66959999999999997,3.2738
12693,-0.66959999999999997,3.2738
12694,-0.65720000000000001,3.2738
12695,-0.65720000000000001,3.2738
12696,-0.66959999999999997,3.2738
12697,-0.66959999999999997,3.2738
12698,-0.65720000000000001,3.2738
12699,-0.66959999999999997,3.2738
12700,-0.65720000000000001,3.2738
12701,-0.66959999999999997,3.2738
12702,-2.3189000000000002,3.2719
12703,-3.2614000000000001,3.27
12704,-4.2657999999999996,3.2663000000000002
12705,-5.2641,3.2645
12706,-6.2624000000000004,3.2625999999999999
12707,-2.1515,3.27
12708,-2.1019000000000001,3.27
12709,-5.6670999999999996,3.2625999999999999
12710,-6.3925999999999998,3.2606999999999999
12711,-7.2667999999999999,3.2589000000000001
12712,-7.7442000000000002,3.2570000000000001
12713,-8.4262999999999995,3.2551999999999999
12714,-9.0959000000000003,3.2532999999999999
12715,-10.137600000000001,3.2513999999999998
12716,-10.5778,3.2496
12717,-11.235099999999999,3.2458999999999998
12718,-3.8256000000000001,3.2589000000000001
12719,-3.7450000000000001,3.2606999999999999
12720,-10.546799999999999,3.2458999999999998
12721,-11.142099999999999,3.2440000000000002
12722,-11.2661,3.2421000000000002
12723,-12.2271,3.2403
12724,-12.7852,3.2403
12725,-13.337,3.2366000000000001
12726,-13.3866,3.2366000000000001
12727,-14.496499999999999,3.2328000000000001
12728,-5.3013000000000003,3.2513999999999998
12729,-5.1897000000000002,3.2532999999999999
12730,-12.698399999999999,3.2383999999999999
12731,-13.857799999999999,3.2347000000000001
12732,-13.74,3.2328000000000001
12733,-14.831300000000001,3.2309999999999999
12734,-14.7011,3.2309999999999999
12735,-15.184699999999999,3.2290999999999999
12736,-16.338000000000001,3.2273000000000001
12737,-16.1706,3.2254
12738,-16.703800000000001,3.2235
12739,-17.9315,3.2216999999999998
12740,-17.770299999999999,3.2216999999999998
12741,-19.091000000000001,3.218
12742,-18.948399999999999,3.218
12743,-8.4634999999999998,3.2347000000000001
12744,-8.3828999999999994,3.2366000000000001
12745,-8.3704999999999998,3.2366000000000001
12746,-8.3890999999999991,3.2383999999999999
12747,-8.3828999999999994,3.2383999999999999
12748,-8.3890999999999991,3.2383999999999999
12749,-8.3704999999999998,3.2383999999999999
12750,-8.3890999999999991,3.2383999999999999
12751,-8.3828999999999994,3.2383999999999999
12752,-8.3828999999999994,3.2403
12753,-8.3828999999999994,3.2403
12754,-8.3828999999999994,3.2403
12755,-8.3704999999999998,3.2403
12756,-8.3828999999999994,3.2403
12757,-8.3828999999999994,3.2403
12758,-8.3953000000000007,3.2403
12759,-8.3890999999999991,3.2403
12760,-8.3890999999999991,3.2403
12761,-8.3953000000000007,3.2403
12762,-8.3890999999999991,3.2403
12763,-8.3890999999999991,3.2403
12764,-8.3828999999999994,3.2403
12765,-8.3890999999999991,3.2403
12766,-8.3828999999999994,3.2403
12767,-8.3828999999999994,3.2403
12768,-8.3704999999999998,3.2403
12769,-8.3890999999999991,3.2403
12770,-8.3890999999999991,3.2403
12771,-8.3890999999999991,3.2403
12772,-8.3828999999999994,3.2403
12773,-8.3704999999999998,3.2403
12774,-8.3890999999999991,3.2403
12775,-8.3890999999999991,3.2403
12776,-8.3704999999999998,3.2403
12777,-8.3828999999999994,3.2403
12778,-8.3828999999999994,3.2403
12779,-8.3828999999999994,3.2403
12780,-8.3890999999999991,3.2403
12781,-8.3828999999999994,3.2403
12782,-8.3704999999999998,3.2403
12783,-8.3828999999999994,3.2403
12784,-8.3828999999999994,3.2403
12785,-8.3704999999999998,3.2403
12786,-8.3890999999999991,3.2403
12787,-8.3890999999999991,3.2403
12788,-8.3828999999999994,3.2403
12789,-8.3890999999999991,3.2403
12790,-8.3953000000000007,3.2403
12791,-8.3828999999999994,3.2403
12792,-8.3890999999999991,3.2403
12793,3.8938000000000001,3.2645
12794,3.8999999999999999,3.2663000000000002
12795,3.7450000000000001,3.2682000000000002
12796,3.5714000000000001,3.27
12797,3.3730000000000002,3.27
12798,3.218,3.2719
12799,3.0194999999999999,3.2719
12800,2.8210999999999999,3.2719
12801,-5.0285000000000002,3.2589000000000001
12802,-5.1897000000000002,3.2570000000000001
12803,-5.1897000000000002,3.2570000000000001
12804,-5.1897000000000002,3.2570000000000001
12805,-5.1772999999999998,3.2570000000000001
12806,-5.1835000000000004,3.2551999999999999
12807,-5.1897000000000002,3.2551999999999999
12808,-5.1897000000000002,3.2551999999999999
12809,-5.1897000000000002,3.2551999999999999
12810,-5.1897000000000002,3.2551999999999999
12811,-5.1897000000000002,3.2551999999999999
12812,-5.1897000000000002,3.2551999999999999
12813,-5.1897000000000002,3.2551999999999999
12814,-5.1897000000000002,3.2551999999999999
12815,-5.1835000000000004,3.2551999999999999
12816,-5.1835000000000004,3.2551999999999999
12817,-5.1897000000000002,3.2551999999999999
12818,-5.1835000000000004,3.2551999999999999
12819,-5.1897000000000002,3.2551999999999999
12820,-5.1835000000000004,3.2551999999999999
12821,-5.1835000000000004,3.2532999999999999
12822,-5.1835000000000004,3.2551999999999999
12823,-5.1897000000000002,3.2551999999999999
12824,-5.1835000000000004,3.2551999999999999
12825,-5.1835000000000004,3.2551999999999999
12826,-5.1835000000000004,3.2551999999999999
12827,-5.1835000000000004,3.2551999999999999
12828,-5.1835000000000004,3.2551999999999999
12829,-5.1835000000000004,3.2551999999999999
12830,-5.1835000000000004,3.2532999999999999
12831,-5.1835000000000004,3.2551999999999999
12832,-5.1835000000000004,3.2551999999999999
12833,-5.1897000000000002,3.2551999999999999
12834,-5.1835000000000004,3.2532999999999999
12835,-5.1835000000000004,3.2551999999999999
12836,-5.1897000000000002,3.2551999999999999
12837,-5.1897000000000002,3.2551999999999999
12838,-5.1897000000000002,3.2551999999999999
12839,-5.1897000000000002,3.2551999999999999
12840,-5.1835000000000004,3.2532999999999999
12841,-5.1835000000000004,3.2551999999999999
12842,-5.1772999999999998,3.2532999999999999
12843,-5.1835000000000004,3.2551999999999999
12844,-5.1897000000000002,3.2551999999999999
12845,-5.1897000000000002,3.2551999999999999
12846,-5.1835000000000004,3.2551999999999999
12847,-5.1897000000000002,3.2532999999999999
12848,-5.1835000000000004,3.2532999999999999
12849,-5.1835000000000004,3.2551999999999999
12850,-5.1835000000000004,3.2551999999999999
12851,-5.1835000000000004,3.2532999999999999
12852,-5.1772999999999998,3.2532999999999999
12853,-5.1897000000000002,3.2532999999999999
12854,-5.1772999999999998,3.2551999999999999
12855,-5.1897000000000002,3.2532999999999999
12856,-5.1897000000000002,3.2532999999999999
12857,-5.1772999999999998,3.2551999999999999
12858,-5.1835000000000004,3.2532999999999999
12859,-5.1835000000000004,3.2551999999999999
12860,-5.1835000000000004,3.2532999999999999
12861,-5.1835000000000004,3.2532999999999999
12862,-5.1835000000000004,3.2532999999999999
12863,-5.1835000000000004,3.2532999999999999
12864,-5.1835000000000004,3.2532999999999999
12865,-5.1835000000000004,3.2532999999999999
12866,-5.1897000000000002,3.2532999999999999
12867,-5.1897000000000002,3.2551999999999999
12868,-5.1835000000000004,3.2551999999999999
12869,-5.1835000000000004,3.2532999999999999
12870,-12.7418,3.2383999999999999
12871,-13.907400000000001,3.2347000000000001
12872,-13.771000000000001,3.2347000000000001
12873,-14.8561,3.2309999999999999
12874,-14.738300000000001,3.2309999999999999
12875,-15.234299999999999,3.2290999999999999
12876,-16.3628,3.2254
12877,-16.220199999999998,3.2254
12878,-16.741,3.2235
12879,-17.981100000000001,3.2198000000000002
12880,-17.819900000000001,3.2198000000000002
12881,-19.140599999999999,3.2161
12882,-18.973199999999999,3.2161
12883,-8.5007000000000001,3.2347000000000001
12884,-8.3828999999999994,3.2347000000000001
12885,-8.3890999999999991,3.2347000000000001
12886,-8.3890999999999991,3.2366000000000001
12887,-8.3953000000000007,3.2366000000000001
12888,-8.3890999999999991,3.2366000000000001
12889,-8.3828999999999994,3.2366000000000001
12890,-8.3890999999999991,3.2383999999999999
12891,-8.3828999999999994,3.2383999999999999
12892,-8.3890999999999991,3.2383999999999999
12893,-8.3704999999999998,3.2383999999999999
12894,-8.3890999999999991,3.2383999999999999
12895,-8.3704999999999998,3.2383999999999999
12896,-8.3890999999999991,3.2383999999999999
12897,-8.3828999999999994,3.2383999999999999
12898,-8.3828999999999994,3.2383999999999999
12899,-8.3828999999999994,3.2383999999999999
12900,-8.3890999999999991,3.2383999999999999
12901,-8.3828999999999994,3.2383999999999999
12902,-8.3704999999999998,3.2383999999999999
12903,-8.3890999999999991,3.2383999999999999
12904,-8.3828999999999994,3.2383999999999999
12905,-8.3704999999999998,3.2383999999999999
12906,-8.3890999999999991,3.2383999999999999
12907,-8.3890999999999991,3.2383999999999999
12908,-8.3828999999999994,3.2383999999999999
12909,-8.3828999999999994,3.2383999999999999
12910,-8.3828999999999994,3.2383999999999999
12911,-8.3828999999999994,3.2383999999999999
12912,-8.3828999999999994,3.2383999999999999
12913,-8.3890999999999991,3.2383999999999999
12914,-8.3890999999999991,3.2383999999999999
12915,-8.4262999999999995,3.2383999999999999
12916,-8.4262999999999995,3.2383999999999999
12917,-8.4324999999999992,3.2383999999999999
12918,-8.4324999999999992,3.2383999999999999
12919,-8.4200999999999997,3.2383999999999999
12920,-8.4262999999999995,3.2383999999999999
12921,-8.4200999999999997,3.2383999999999999
12922,-8.4262999999999995,3.2383999999999999
12923,-8.4262999999999995,3.2383999999999999
12924,-8.4324999999999992,3.2383999999999999
12925,-8.4324999999999992,3.2383999999999999
12926,-8.4262999999999995,3.2383999999999999
12927,-8.4262999999999995,3.2383999999999999
12928,-8.4324999999999992,3.2383999999999999
12929,-8.4262999999999995,3.2383999999999999
12930,-8.4200999999999997,3.2383999999999999
12931,-8.4324999999999992,3.2383999999999999
12932,-8.4200999999999997,3.2383999999999999
12933,-14.7445,3.2273000000000001
12934,-14.3353,3.2273000000000001
12935,-15.290100000000001,3.2254
12936,-14.825100000000001,3.2235
12937,-15.823399999999999,3.2216999999999998
12938,-15.333500000000001,3.2216999999999998
12939,-16.3752,3.2198000000000002
12940,-16.660399999999999,3.218
12941,-16.145800000000001,3.2198000000000002
12942,-17.224699999999999,3.218
12943,-16.697600000000001,3.218
12944,-17.819900000000001,3.2161
12945,-17.255700000000001,3.2161
12946,-18.427499999999998,3.2124000000000001
12947,-18.7624,3.2124000000000001
12948,-18.136099999999999,3.2124000000000001
12949,-19.376200000000001,3.2105000000000001
12950,-18.780999999999999,3.2105000000000001
12951,-20.021000000000001,3.2086999999999999
12952,-19.419599999999999,3.2086999999999999
12953,-20.6907,3.2067999999999999
12954,-21.068899999999999,3.2048999999999999
12955,-20.424099999999999,3.2048999999999999
12956,-21.769500000000001,3.2031000000000001
12957,-21.099900000000002,3.2031000000000001
12958,-22.501200000000001,3.2012
12959,-21.819099999999999,3.2012
12960,-23.214200000000002,3.1974999999999998
12961,-23.648299999999999,3.1956000000000002
12962,-22.922799999999999,3.1956000000000002
12963,-24.392299999999999,3.1938
12964,-23.7041,3.1938
12965,-25.210799999999999,3.1901000000000002
12966,-24.4605,3.1919
12967,-26.047799999999999,3.1882000000000001
12968,-16.424800000000001,3.2067999999999999
12969,-16.338000000000001,3.2067999999999999
12970,-16.331800000000001,3.2086999999999999
12971,-16.338000000000001,3.2086999999999999
12972,-16.344200000000001,3.2086999999999999
12973,-16.3504,3.2086999999999999
12974,-16.325600000000001,3.2086999999999999
12975,-16.338000000000001,3.2086999999999999
12976,-16.338000000000001,3.2086999999999999
12977,-16.331800000000001,3.2086999999999999
12978,-16.344200000000001,3.2105000000000001
12979,-16.344200000000001,3.2105000000000001
12980,-16.338000000000001,3.2105000000000001
12981,-16.331800000000001,3.2105000000000001
12982,-16.338000000000001,3.2105000000000001
12983,-16.344200000000001,3.2105000000000001
12984,-16.331800000000001,3.2105000000000001
12985,-16.338000000000001,3.2105000000000001
12986,-16.331800000000001,3.2105000000000001
12987,-16.338000000000001,3.2105000000000001
12988,-16.338000000000001,3.2105000000000001
12989,-16.344200000000001,3.2105000000000001
12990,-16.338000000000001,3.2105000000000001
12991,-16.338000000000001,3.2105000000000001
12992,-16.338000000000001,3.2105000000000001
12993,-16.338000000000001,3.2105000000000001
12994,-16.387599999999999,3.2105000000000001
12995,-16.381399999999999,3.2105000000000001
12996,-16.381399999999999,3.2105000000000001
12997,-16.381399999999999,3.2105000000000001
12998,-27.740500000000001,3.1882000000000001
12999,-28.379200000000001,3.1863000000000001
13000,-28.893799999999999,3.1844999999999999
13001,-29.451799999999999,3.1825999999999999
13002,-29.997499999999999,3.1808000000000001
13003,-30.567900000000002,3.1789000000000001
13004,-31.1693,3.177
13005,-31.733599999999999,3.1751999999999998
13006,-32.328800000000001,3.1732999999999998
13007,-32.967500000000001,3.1715
13008,-33.5627,3.1696
13009,-34.257100000000001,3.1677
13010,-34.877200000000002,3.1659000000000002
13011,-35.559199999999997,3.1640000000000001
13012,-36.278500000000001,3.1621999999999999
13013,-36.972900000000003,3.1602999999999999
13014,-37.6798,3.1583999999999999
13015,-38.448599999999999,3.1566000000000001
13016,-39.198900000000002,3.1547000000000001
13017,-39.961500000000001,3.1509999999999998
13018,-24.782900000000001,3.177
13019,-24.696100000000001,3.1789000000000001
13020,-24.696100000000001,3.1789000000000001
13021,-24.689900000000002,3.1808000000000001
13022,-24.696100000000001,3.1808000000000001
13023,-24.689900000000002,3.1808000000000001
13024,-24.696100000000001,3.1808000000000001
13025,-24.7333,3.1808000000000001
13026,-24.7333,3.1825999999999999
13027,-24.7395,3.1808000000000001
13028,2.8210999999999999,3.2309999999999999
13029,3.2551999999999999,3.2366000000000001
13030,3.5775999999999999,3.2403
13031,3.8193999999999999,3.2421000000000002
13032,4.0612000000000004,3.2458999999999998
13033,4.2906000000000004,3.2496
13034,4.4889999999999999,3.2513999999999998
13035,4.6501999999999999,3.2532999999999999
13036,4.8239000000000001,3.2551999999999999
13037,4.8982999999999999,3.2570000000000001
13038,4.9417,3.2589000000000001
13039,4.9292999999999996,3.2589000000000001
13040,4.8982999999999999,3.2606999999999999
13041,4.8548999999999998,3.2625999999999999
13042,4.7805,3.2625999999999999
13043,4.6875,3.2625999999999999
13044,9.9763999999999999,3.2738
13045,9.9763999999999999,3.2755999999999998
13046,9.0091000000000001,3.2755999999999998
13047,8.8169000000000004,3.2755999999999998
13048,7.9364999999999997,3.2755999999999998
13049,7.6574,3.2755999999999998
13050,6.7831999999999999,3.2755999999999998
13051,6.4607999999999999,3.2755999999999998
13052,8.2155000000000005,3.2793000000000001
13053,7.0932000000000004,3.2774999999999999
13054,5.8902999999999999,3.2755999999999998
13055,4.7432999999999996,3.2738
13056,3.7326000000000001,3.2738
13057,2.7839,3.2719
13058,1.8105,3.27
13059,0.40920000000000001,3.2663000000000002
13060,-0.74399999999999999,3.2645
13061,-1.4259999999999999,3.2625999999999999
13062,-0.66959999999999997,3.2645
13063,-0.66959999999999997,3.2645
13064,-0.66959999999999997,3.2645
13065,-0.65720000000000001,3.2645
13066,-0.66959999999999997,3.2645
13067,-0.65720000000000001,3.2645
13068,-0.66959999999999997,3.2645
13069,-0.65720000000000001,3.2645
13070,-0.66959999999999997,3.2645
13071,-0.65720000000000001,3.2645
13072,-0.66959999999999997,3.2645
13073,-0.65720000000000001,3.2645
13074,-0.65720000000000001,3.2645
13075,-0.66959999999999997,3.2645
13076,-0.65720000000000001,3.2645
13077,-0.66959999999999997,3.2645
13078,-0.66959999999999997,3.2645
13079,-0.66959999999999997,3.2645
13080,-0.66959999999999997,3.2645
13081,-0.080600000000000005,3.2663000000000002
13082,-0.66959999999999997,3.2663000000000002
13083,-0.66959999999999997,3.2663000000000002
13084,-0.65720000000000001,3.2663000000000002
13085,-0.66959999999999997,3.2663000000000002
13086,-0.66959999999999997,3.2663000000000002
13087,-0.65720000000000001,3.2663000000000002
13088,-0.66959999999999997,3.2663000000000002
13089,-0.66959999999999997,3.2663000000000002
13090,-0.66959999999999997,3.2663000000000002
13091,-0.66959999999999997,3.2663000000000002
13092,-0.66959999999999997,3.2663000000000002
13093,-0.65720000000000001,3.2663000000000002
13094,-2.7467000000000001,3.2625999999999999
13095,-4.1852,3.2589000000000001
13096,-5.7849000000000004,3.2570000000000001
13097,-7.2295999999999996,3.2532999999999999
13098,-2.1515,3.2606999999999999
13099,-2.0647000000000002,3.2625999999999999
13100,-2.0647000000000002,3.2625999999999999
13101,-2.0585,3.2625999999999999
13102,-2.0585,3.2625999999999999
13103,-2.0647000000000002,3.2625999999999999
13104,-2.0647000000000002,3.2625999999999999
13105,-2.0647000000000002,3.2625999999999999
13106,-0.30380000000000001,3.2663000000000002
13107,-0.70679999999999998,3.2663000000000002
13108,-1.0664,3.2645
13109,-1.3453999999999999,3.2645
13110,-1.4694,3.2645
13111,-0.65720000000000001,3.2663000000000002
13112,-0.66959999999999997,3.2663000000000002
13113,-0.66959999999999997,3.2663000000000002
13114,-0.65720000000000001,3.2663000000000002
13115,-0.65720000000000001,3.2682000000000002
13116,-0.66959999999999997,3.2663000000000002
13117,-0.66959999999999997,3.2663000000000002
13118,-0.65720000000000001,3.2682000000000002
13119,-0.66959999999999997,3.2682000000000002
13120,-0.66959999999999997,3.2682000000000002
13121,-0.65720000000000001,3.2663000000000002
13122,-0.66959999999999997,3.2663000000000002
13123,-0.66959999999999997,3.2682000000000002
13124,-0.66959999999999997,3.2682000000000002
13125,-0.65720000000000001,3.2682000000000002
13126,-0.65720000000000001,3.2682000000000002
13127,-0.65720000000000001,3.2682000000000002
13128,-0.65720000000000001,3.2682000000000002
13129,-0.65720000000000001,3.2682000000000002
13130,-0.65720000000000001,3.2682000000000002
13131,-0.65720000000000001,3.2682000000000002
13132,-2.1019000000000001,3.2663000000000002
13133,-2.8334999999999999,3.2645
13134,-3.6520000000000001,3.2625999999999999
13135,-4.5014000000000003,3.2606999999999999
13136,-5.1897000000000002,3.2589000000000001
13137,-6.1073000000000004,3.2570000000000001
13138,-7.0250000000000004,3.2551999999999999
13139,-7.7442000000000002,3.2513999999999998
13140,-8.9037000000000006,3.2496
13141,-9.9019999999999992,3.2458999999999998
13142,-10.5778,3.2421000000000002
13143,-11.892300000000001,3.2403
13144,-3.5838000000000001,3.2551999999999999
13145,-3.4660000000000002,3.2570000000000001
13146,-3.4660000000000002,3.2570000000000001
13147,-3.4660000000000002,3.2570000000000001
13148,-3.4660000000000002,3.2570000000000001
13149,-3.4660000000000002,3.2589000000000001
13150,-3.4784000000000002,3.2589000000000001
13151,-3.4660000000000002,3.2589000000000001
13152,-3.4660000000000002,3.2589000000000001
13153,-3.4660000000000002,3.2589000000000001
13154,-3.4660000000000002,3.2589000000000001
13155,-3.4660000000000002,3.2589000000000001
13156,-3.4660000000000002,3.2589000000000001
13157,-3.4660000000000002,3.2589000000000001
13158,-3.4660000000000002,3.2589000000000001
13159,-3.4722,3.2589000000000001
13160,-3.4722,3.2589000000000001
13161,-3.4722,3.2589000000000001
13162,-3.4660000000000002,3.2589000000000001
13163,-3.4660000000000002,3.2589000000000001
13164,-3.4660000000000002,3.2589000000000001
13165,-3.4722,3.2589000000000001
13166,-3.4722,3.2589000000000001
13167,-3.4660000000000002,3.2589000000000001
13168,1.3764000000000001,3.2682000000000002
13169,1.1841999999999999,3.2682000000000002
13170,0.93620000000000003,3.2682000000000002
13171,0.65720000000000001,3.2682000000000002
13172,0.41539999999999999,3.2682000000000002
13173,0.21079999999999999,3.2682000000000002
13174,-0.34100000000000003,3.2682000000000002
13175,-0.78739999999999999,3.2663000000000002
13176,-1.1097999999999999,3.2663000000000002
13177,-1.3453999999999999,3.2663000000000002
13178,-1.4632000000000001,3.2663000000000002
13179,-0.65720000000000001,3.2682000000000002
13180,-0.66959999999999997,3.2682000000000002
13181,-0.66959999999999997,3.2682000000000002
13182,-0.65720000000000001,3.2682000000000002
13183,-0.65720000000000001,3.2682000000000002
13184,-0.65720000000000001,3.2682000000000002
13185,-0.65720000000000001,3.2682000000000002
13186,-0.65720000000000001,3.2682000000000002
13187,-0.65720000000000001,3.2682000000000002
13188,-0.65720000000000001,3.2682000000000002
13189,-0.66959999999999997,3.2682000000000002
13190,-0.65720000000000001,3.2682000000000002
13191,-0.65720000000000001,3.2682000000000002
13192,-0.66959999999999997,3.2682000000000002
13193,-0.66959999999999997,3.2682000000000002
13194,-0.66959999999999997,3.27
13195,-0.65720000000000001,3.27
13196,-0.65720000000000001,3.27
13197,-0.66959999999999997,3.27
13198,-0.65720000000000001,3.27
13199,-0.65720000000000001,3.27
13200,-1.7857000000000001,3.2663000000000002
13201,-2.1453000000000002,3.2663000000000002
13202,-2.6164999999999998,3.2645
13203,-2.9885000000000002,3.2645
13204,-3.4226000000000001,3.2645
13205,-3.8628,3.2625999999999999
13206,-4.4332000000000003,3.2606999999999999
13207,-4.7432999999999996,3.2606999999999999
13208,-5.1835000000000004,3.2589000000000001
13209,-5.7042999999999999,3.2570000000000001
13210,-6.4236000000000004,3.2570000000000001
13211,-7.5457999999999998,3.2532999999999999
13212,-6.4980000000000002,3.2551999999999999
13213,-7.7751999999999999,3.2513999999999998
13214,-8.3147000000000002,3.2513999999999998
13215,-9.2385000000000002,3.2458999999999998
13216,-9.4618000000000002,3.2458999999999998
13217,-9.9391999999999996,3.2440000000000002
13218,-10.453799999999999,3.2421000000000002
13219,-11.414899999999999,3.2403
13220,-11.5451,3.2383999999999999
13221,-12.0969,3.2366000000000001
13222,-12.667400000000001,3.2347000000000001
13223,-13.7462,3.2328000000000001
13224,-13.8268,3.2309999999999999
13225,-14.4655,3.2290999999999999
13226,-5.2579000000000002,3.2458999999999998
13227,-5.1463000000000001,3.2496
13228,-5.1463000000000001,3.2496
13229,-5.1463000000000001,3.2496
13230,-5.1401000000000003,3.2496
13231,-5.1463000000000001,3.2513999999999998
13232,-5.1401000000000003,3.2513999999999998
13233,-5.1401000000000003,3.2513999999999998
13234,-5.1463000000000001,3.2513999999999998
13235,-5.1401000000000003,3.2513999999999998
13236,-5.1463000000000001,3.2513999999999998
13237,-5.1401000000000003,3.2513999999999998
13238,0.97340000000000004,3.2625999999999999
13239,0.97340000000000004,3.2645
13240,0.65720000000000001,3.2645
13241,0.77500000000000002,3.2663000000000002
13242,0.65720000000000001,3.2663000000000002
13243,0.37819999999999998,3.2663000000000002
13244,0.4526,3.2663000000000002
13245,0.33479999999999999,3.2663000000000002
13246,-3.6272000000000002,3.2606999999999999
13247,-3.6953999999999998,3.2589000000000001
13248,-3.7016,3.2589000000000001
13249,-3.7016,3.2589000000000001
13250,-3.7016,3.2589000000000001
13251,-3.6892,3.2589000000000001
13252,-3.7016,3.2589000000000001
13253,-3.7016,3.2589000000000001
13254,-3.7016,3.2589000000000001
13255,-3.7016,3.2589000000000001
13256,-3.7016,3.2589000000000001
13257,-3.6953999999999998,3.2589000000000001
13258,-3.7016,3.2589000000000001
13259,1.7051000000000001,3.2682000000000002
13260,1.5004,3.27
13261,1.3391999999999999,3.27
13262,0.93620000000000003,3.27
13263,0.65720000000000001,3.27
13264,0.40920000000000001,3.27
13265,0.13639999999999999,3.2682000000000002
13266,-0.34100000000000003,3.2682000000000002
13267,-0.74399999999999999,3.2682000000000002
13268,-1.1035999999999999,3.2682000000000002
13269,-1.3515999999999999,3.2663000000000002
13270,-1.4694,3.2663000000000002
13271,-0.65720000000000001,3.2682000000000002
13272,-0.65720000000000001,3.2682000000000002
13273,-0.66959999999999997,3.2682000000000002
13274,-0.66959999999999997,3.2682000000000002
13275,-0.65720000000000001,3.2682000000000002
13276,-0.66959999999999997,3.2682000000000002
13277,-0.66959999999999997,3.27
13278,-0.66959999999999997,3.2682000000000002
13279,-0.66959999999999997,3.27
13280,-0.66959999999999997,3.27
13281,-0.66959999999999997,3.27
13282,-0.66959999999999997,3.27
13283,-0.66959999999999997,3.27
13284,-0.66959999999999997,3.27
13285,-0.66959999999999997,3.27
13286,-0.66959999999999997,3.27
13287,-0.66959999999999997,3.27
13288,-0.66959999999999997,3.27
13289,-0.65720000000000001,3.27
13290,-2.7404999999999999,3.2663000000000002
13291,-4.1852,3.2625999999999999
13292,-5.8220999999999998,3.2589000000000001
13293,-7.2172000000000001,3.2570000000000001
13294,-2.1886999999999999,3.2645
13295,-2.0647000000000002,3.2645
13296,-2.0647000000000002,3.2663000000000002
13297,-2.0647000000000002,3.2663000000000002
13298,-2.0647000000000002,3.2663000000000002
13299,-2.0647000000000002,3.2663000000000002
13300,-2.0647000000000002,3.2663000000000002
13301,-2.0647000000000002,3.2663000000000002
13302,-0.30380000000000001,3.2682000000000002
13303,-0.70679999999999998,3.2682000000000002
13304,-1.0664,3.2682000000000002
13305,-1.3515999999999999,3.2682000000000002
13306,-1.4632000000000001,3.2682000000000002
13307,-0.65720000000000001,3.27
13308,-0.66959999999999997,3.27
13309,-0.66959999999999997,3.27
13310,-0.66959999999999997,3.27
13311,-0.66959999999999997,3.27
13312,-0.66959999999999997,3.27
13313,-0.66959999999999997,3.27
13314,-0.65720000000000001,3.27
13315,-0.65720000000000001,3.27
13316,-0.66959999999999997,3.27
13317,-0.65720000000000001,3.27
13318,-0.65720000000000001,3.27
13319,-0.65720000000000001,3.27
13320,-0.66959999999999997,3.27
13321,-0.66959999999999997,3.27
13322,-0.66959999999999997,3.27
13323,-0.66959999999999997,3.27
13324,-0.66959999999999997,3.27
13325,-0.66959999999999997,3.27
13326,-0.66959999999999997,3.27
13327,-0.66959999999999997,3.2719
13328,-2.1080999999999999,3.2682000000000002
13329,-2.8334999999999999,3.2663000000000002
13330,-3.6581999999999999,3.2645
13331,-4.5014000000000003,3.2625999999999999
13332,-5.1772999999999998,3.2606999999999999
13333,-6.1444999999999999,3.2589000000000001
13334,-7.0250000000000004,3.2570000000000001
13335,-7.7442000000000002,3.2551999999999999
13336,-8.9408999999999992,3.2513999999999998
13337,-9.9515999999999991,3.2496
13338,-10.5778,3.2440000000000002
13339,-11.8985,3.2421000000000002
13340,-3.5775999999999999,3.2570000000000001
13341,-3.4660000000000002,3.2589000000000001
13342,-3.4660000000000002,3.2589000000000001
13343,-3.4660000000000002,3.2589000000000001
13344,-3.4660000000000002,3.2589000000000001
13345,-3.4660000000000002,3.2606999999999999
13346,-3.4722,3.2606999999999999
13347,-3.4660000000000002,3.2606999999999999
13348,-3.4722,3.2606999999999999
13349,-3.4660000000000002,3.2606999999999999
13350,-3.4660000000000002,3.2606999999999999
13351,-3.4660000000000002,3.2606999999999999
13352,-3.4722,3.2606999999999999
13353,-3.4722,3.2606999999999999
13354,-3.4660000000000002,3.2606999999999999
13355,-3.4722,3.2606999999999999
13356,-3.4722,3.2606999999999999
13357,-3.4660000000000002,3.2606999999999999
13358,-3.4722,3.2606999999999999
13359,-3.4722,3.2606999999999999
13360,-3.4722,3.2606999999999999
13361,-3.4660000000000002,3.2606999999999999
13362,-3.4660000000000002,3.2606999999999999
13363,-3.4660000000000002,3.2606999999999999
13364,1.3702000000000001,3.27
13365,1.2152000000000001,3.27
13366,0.93620000000000003,3.27
13367,0.65720000000000001,3.27
13368,0.41539999999999999,3.27
13369,0.21079999999999999,3.27
13370,-0.34100000000000003,3.27
13371,-0.78120000000000001,3.2682000000000002
13372,-1.1097999999999999,3.2682000000000002
13373,-1.3515999999999999,3.2682000000000002
13374,-1.4694,3.2682000000000002
13375,-0.66959999999999997,3.2682000000000002
13376,-0.65720000000000001,3.27
13377,-0.66959999999999997,3.27
13378,-0.66959999999999997,3.27
13379,-0.66959999999999997,3.27
13380,-0.66959999999999997,3.27
13381,-0.65720000000000001,3.27
13382,-0.66959999999999997,3.27
13383,-0.65720000000000001,3.27
13384,-0.65720000000000001,3.27
13385,-0.66959999999999997,3.27
13386,-0.66959999999999997,3.27
13387,-0.66959999999999997,3.27
13388,-0.66959999999999997,3.27
13389,-0.65720000000000001,3.27
13390,-0.65720000000000001,3.27
13391,-0.65720000000000001,3.27
13392,-0.66959999999999997,3.2719
13393,-0.65720000000000001,3.27
13394,-0.66959999999999997,3.2719
13395,-0.65720000000000001,3.2719
13396,-1.7857000000000001,3.27
13397,-2.1453000000000002,3.2682000000000002
13398,-2.6227,3.2663000000000002
13399,-2.9823,3.2663000000000002
13400,-3.4226000000000001,3.2645
13401,-3.8690000000000002,3.2645
13402,-4.4703999999999997,3.2625999999999999
13403,-4.7495000000000003,3.2606999999999999
13404,-5.2268999999999997,3.2606999999999999
13405,-5.7042999999999999,3.2589000000000001
13406,-6.4669999999999996,3.2570000000000001
13407,-7.5457999999999998,3.2551999999999999
13408,-6.5414000000000003,3.2551999999999999
13409,-7.7690000000000001,3.2532999999999999
13410,-8.3457000000000008,3.2513999999999998
13411,-9.2199000000000009,3.2496
13412,-9.4618000000000002,3.2458999999999998
13413,-9.9515999999999991,3.2458999999999998
13414,-10.466200000000001,3.2421000000000002
13415,-11.427300000000001,3.2403
13416,-11.5761,3.2403
13417,-12.1031,3.2383999999999999
13418,-12.667400000000001,3.2366000000000001
13419,-13.7462,3.2328000000000001
13420,-13.857799999999999,3.2328000000000001
13421,-14.4655,3.2309999999999999
13422,-5.2641,3.2458999999999998
13423,-5.1401000000000003,3.2496
13424,-5.1401000000000003,3.2513999999999998
13425,-5.1463000000000001,3.2513999999999998
13426,-5.1401000000000003,3.2513999999999998
13427,-5.1463000000000001,3.2513999999999998
13428,-5.1401000000000003,3.2513999999999998
13429,-5.1463000000000001,3.2513999999999998
13430,-5.1401000000000003,3.2513999999999998
13431,-5.1401000000000003,3.2532999999999999
13432,-5.1463000000000001,3.2532999999999999
13433,-5.1338999999999997,3.2513999999999998
13434,0.97340000000000004,3.2645
13435,1.0167999999999999,3.2645
13436,0.65720000000000001,3.2663000000000002
13437,0.77500000000000002,3.2663000000000002
13438,0.65720000000000001,3.2682000000000002
13439,0.37819999999999998,3.2663000000000002
13440,0.4526,3.2682000000000002
13441,0.33479999999999999,3.2682000000000002
13442,-3.6272000000000002,3.2606999999999999
13443,-3.7016,3.2606999999999999
13444,-3.7016,3.2606999999999999
13445,-3.7016,3.2606999999999999
13446,-3.7016,3.2589000000000001
13447,-3.7016,3.2589000000000001
13448,-3.7078000000000002,3.2606999999999999
13449,-3.6953999999999998,3.2589000000000001
13450,-3.6953999999999998,3.2589000000000001
13451,-3.6953999999999998,3.2589000000000001
13452,-3.6953999999999998,3.2589000000000001
13453,-3.6953999999999998,3.2589000000000001
13454,-3.7016,3.2589000000000001
13455,1.6927000000000001,3.27
13456,1.5127999999999999,3.27
13457,1.3391999999999999,3.27
13458,0.93620000000000003,3.27
13459,0.65720000000000001,3.27
13460,0.41539999999999999,3.27
13461,0.13639999999999999,3.27
13462,-0.34100000000000003,3.27
13463,-0.74399999999999999,3.2682000000000002
13464,-1.1035999999999999,3.2682000000000002
13465,-1.3453999999999999,3.2682000000000002
13466,-1.4694,3.2682000000000002
13467,-0.66959999999999997,3.2682000000000002
13468,-0.65720000000000001,3.2682000000000002
13469,-0.65720000000000001,3.27
13470,-0.65720000000000001,3.27
13471,-0.65720000000000001,3.27
13472,-0.65720000000000001,3.27
13473,-0.66959999999999997,3.27
13474,-0.65720000000000001,3.27
13475,-0.66959999999999997,3.27
13476,-0.66959999999999997,3.27
13477,-0.66959999999999997,3.27
13478,-0.65720000000000001,3.27
13479,-0.66959999999999997,3.27
13480,-0.65720000000000001,3.27
13481,-0.65720000000000001,3.27
13482,-0.66959999999999997,3.27
13483,-0.65720000000000001,3.27
13484,-0.65720000000000001,3.27
13485,-0.65720000000000001,3.27
13486,-2.7467000000000001,3.2682000000000002
13487,-4.1852,3.2645
13488,-5.8220999999999998,3.2606999999999999
13489,-7.2172000000000001,3.2570000000000001
13490,-2.1825000000000001,3.2645
13491,-2.1019000000000001,3.2663000000000002
13492,-2.1019000000000001,3.2663000000000002
13493,-2.1019000000000001,3.2663000000000002
13494,-2.1019000000000001,3.2663000000000002
13495,-2.1019000000000001,3.2663000000000002
13496,-2.1019000000000001,3.2663000000000002
13497,-2.1080999999999999,3.2663000000000002
13498,-0.30380000000000001,3.27
13499,-0.70679999999999998,3.27
13500,-1.0664,3.2682000000000002
13501,-1.3453999999999999,3.2682000000000002
13502,-1.4694,3.2682000000000002
13503,-0.65720000000000001,3.27
13504,-0.65720000000000001,3.27
13505,-0.65720000000000001,3.27
13506,-0.65720000000000001,3.27
13507,-0.65720000000000001,3.27
13508,-0.66959999999999997,3.27
13509,-0.65720000000000001,3.27
13510,-0.66959999999999997,3.27
13511,-0.65720000000000001,3.2719
13512,-0.65720000000000001,3.27
13513,-0.66959999999999997,3.27
13514,-0.65720000000000001,3.27
13515,-0.66959999999999997,3.27
13516,-0.65720000000000001,3.27
13517,-0.65720000000000001,3.2719
13518,-0.65720000000000001,3.2719
13519,-0.65720000000000001,3.2719
13520,-0.66959999999999997,3.2719
13521,-0.65720000000000001,3.2719
13522,-0.66959999999999997,3.2719
13523,-0.65720000000000001,3.2719
13524,-2.1080999999999999,3.2682000000000002
13525,-2.8273000000000001,3.2682000000000002
13526,-3.6581999999999999,3.2663000000000002
13527,-4.5014000000000003,3.2645
13528,-5.1835000000000004,3.2625999999999999
13529,-6.1383000000000001,3.2589000000000001
13530,-7.0621999999999998,3.2570000000000001
13531,-7.7751999999999999,3.2551999999999999
13532,-8.9533000000000005,3.2513999999999998
13533,-9.9515999999999991,3.2496
13534,-10.6274,3.2458999999999998
13535,-11.9419,3.2421000000000002
13536,-3.5775999999999999,3.2570000000000001
13537,-3.5093999999999999,3.2589000000000001
13538,-3.5093999999999999,3.2589000000000001
13539,-3.5032000000000001,3.2589000000000001
13540,-3.4969999999999999,3.2606999999999999
13541,-3.5032000000000001,3.2606999999999999
13542,-3.5093999999999999,3.2606999999999999
13543,-3.5032000000000001,3.2606999999999999
13544,-3.5032000000000001,3.2606999999999999
13545,-3.5032000000000001,3.2606999999999999
13546,-3.5032000000000001,3.2606999999999999
13547,-3.4969999999999999,3.2606999999999999
13548,-3.4969999999999999,3.2606999999999999
13549,-3.5032000000000001,3.2606999999999999
13550,-3.5032000000000001,3.2606999999999999
13551,-3.5032000000000001,3.2606999999999999
13552,-3.5093999999999999,3.2606999999999999
13553,-3.5032000000000001,3.2606999999999999
13554,-3.5093999999999999,3.2606999999999999
13555,-3.4969999999999999,3.2606999999999999
13556,-3.5032000000000001,3.2606999999999999
13557,-3.5093999999999999,3.2606999999999999
13558,-3.5032000000000001,3.2606999999999999
13559,-3.5032000000000001,3.2606999999999999
13560,1.3764000000000001,3.27
13561,1.2214,3.27
13562,0.94240000000000002,3.27
13563,0.65720000000000001,3.2719
13564,0.41539999999999999,3.27
13565,0.21079999999999999,3.2719
13566,-0.34100000000000003,3.27
13567,-0.78739999999999999,3.27
13568,-1.1097999999999999,3.2682000000000002
13569,-1.3453999999999999,3.2682000000000002
13570,-1.4694,3.2682000000000002
13571,-0.66959999999999997,3.27
13572,-0.65720000000000001,3.27
13573,-0.66959999999999997,3.27
13574,-0.66959999999999997,3.27
13575,-0.65720000000000001,3.27
13576,-0.65720000000000001,3.27
13577,-0.65720000000000001,3.27
13578,-0.66959999999999997,3.27
13579,-0.66959999999999997,3.27
13580,-0.66959999999999997,3.2719
13581,-0.66959999999999997,3.27
13582,-0.66959999999999997,3.2719
13583,-0.66959999999999997,3.2719
13584,-0.65720000000000001,3.2719
13585,-0.65720000000000001,3.2719
13586,-0.65720000000000001,3.2719
13587,-0.65720000000000001,3.2719
13588,-0.65720000000000001,3.2719
13589,-0.65720000000000001,3.2719
13590,-0.66959999999999997,3.2719
13591,-0.65720000000000001,3.2719
13592,-1.7857000000000001,3.27
13593,-2.1453000000000002,3.2682000000000002
13594,-2.6227,3.2682000000000002
13595,-2.9823,3.2663000000000002
13596,-3.4163999999999999,3.2663000000000002
13597,-3.8628,3.2645
13598,-4.4580000000000002,3.2625999999999999
13599,-4.7309000000000001,3.2625999999999999
13600,-5.2268999999999997,3.2606999999999999
13601,-5.7042999999999999,3.2589000000000001
13602,-6.4546000000000001,3.2570000000000001
13603,-7.5396000000000001,3.2551999999999999
13604,-6.5476000000000001,3.2570000000000001
13605,-7.7690000000000001,3.2532999999999999
13606,-8.3457000000000008,3.2513999999999998
13607,-9.2261000000000006,3.2496
13608,-9.4618000000000002,3.2458999999999998
13609,-9.9825999999999997,3.2440000000000002
13610,-10.497199999999999,3.2440000000000002
13611,-11.464499999999999,3.2403
13612,-11.5823,3.2403
13613,-12.1403,3.2383999999999999
13614,-12.698399999999999,3.2366000000000001
13615,-13.777200000000001,3.2328000000000001
13616,-13.907400000000001,3.2328000000000001
13617,-14.4903,3.2309999999999999
13618,-5.2579000000000002,3.2458999999999998
13619,-5.1897000000000002,3.2496
13620,-5.1835000000000004,3.2496
13621,-5.1897000000000002,3.2496
13622,-5.1835000000000004,3.2513999999999998
13623,-5.1897000000000002,3.2513999999999998
13624,-5.1835000000000004,3.2513999999999998
13625,-5.1897000000000002,3.2513999999999998
13626,-5.1835000000000004,3.2513999999999998
13627,-5.1772999999999998,3.2513999999999998
13628,-5.1835000000000004,3.2513999999999998
13629,-5.1897000000000002,3.2532999999999999
13630,0.97340000000000004,3.2645
13631,1.0167999999999999,3.2645
13632,0.66339999999999999,3.2663000000000002
13633,0.78120000000000001,3.2663000000000002
13634,0.65720000000000001,3.2682000000000002
13635,0.37819999999999998,3.2682000000000002
13636,0.4526,3.2682000000000002
13637,0.33479999999999999,3.2682000000000002
13638,-3.6334,3.2606999999999999
13639,-3.7016,3.2606999999999999
13640,-3.7016,3.2606999999999999
13641,-3.7016,3.2606999999999999
13642,-3.6953999999999998,3.2606999999999999
13643,-3.7078000000000002,3.2606999999999999
13644,-3.7016,3.2606999999999999
13645,-3.7078000000000002,3.2606999999999999
13646,-3.6953999999999998,3.2589000000000001
13647,-3.7016,3.2606999999999999
13648,-3.7016,3.2589000000000001
13649,-3.7016,3.2589000000000001
13650,-3.7016,3.2589000000000001
13651,1.6927000000000001,3.27
13652,1.5004,3.27
13653,1.3391999999999999,3.27
13654,0.93620000000000003,3.27
13655,0.65720000000000001,3.27
13656,0.41539999999999999,3.27
13657,0.13020000000000001,3.27
13658,-0.34100000000000003,3.27
13659,-0.74399999999999999,3.2682000000000002
13660,-1.1097999999999999,3.2682000000000002
13661,-1.3453999999999999,3.2682000000000002
13662,-1.4694,3.2682000000000002
13663,-0.66959999999999997,3.27
13664,-0.65720000000000001,3.27
13665,-0.66959999999999997,3.27
13666,-0.66959999999999997,3.27
13667,-0.66959999999999997,3.27
13668,-0.66959999999999997,3.27
13669,-0.65720000000000001,3.27
13670,-0.65720000000000001,3.27
13671,-0.66959999999999997,3.27
13672,-0.66959999999999997,3.27
13673,-0.66959999999999997,3.27
13674,-0.65720000000000001,3.27
13675,-0.65720000000000001,3.27
13676,-0.66959999999999997,3.27
13677,-0.66959999999999997,3.27
13678,-0.65720000000000001,3.27
13679,-0.66959999999999997,3.2719
13680,-0.65720000000000001,3.2719
13681,-0.65720000000000001,3.2719
13682,-2.7528999999999999,3.2682000000000002
13683,-4.1913999999999998,3.2645
13684,-5.8220999999999998,3.2606999999999999
13685,-7.2606000000000002,3.2570000000000001
13686,-2.1825000000000001,3.2663000000000002
13687,-2.1019000000000001,3.2663000000000002
13688,-2.1019000000000001,3.2663000000000002
13689,-2.1019000000000001,3.2663000000000002
13690,-2.1080999999999999,3.2663000000000002
13691,-2.1019000000000001,3.2663000000000002
13692,-2.1080999999999999,3.2663000000000002
13693,-2.1019000000000001,3.2663000000000002
13694,-0.30380000000000001,3.27
13695,-0.70679999999999998,3.27
13696,-1.0664,3.27
13697,-1.3453999999999999,3.2682000000000002
13698,-1.4632000000000001,3.2682000000000002
13699,-0.65720000000000001,3.27
13700,-0.66959999999999997,3.27
13701,-0.65720000000000001,3.27
13702,-0.65720000000000001,3.27
13703,-0.65720000000000001,3.27
13704,-0.65720000000000001,3.2719
13705,-0.65720000000000001,3.2719
13706,-0.65720000000000001,3.2719
13707,-0.66959999999999997,3.2719
13708,-0.66959999999999997,3.2719
13709,-0.65720000000000001,3.27
13710,-0.65720000000000001,3.2719
13711,-0.65720000000000001,3.2719
13712,-0.65720000000000001,3.2719
13713,-0.66959999999999997,3.2719
13714,-0.65720000000000001,3.2719
13715,-0.65720000000000001,3.2719
13716,-0.66959999999999997,3.2719
13717,-0.66959999999999997,3.2719
13718,-0.65720000000000001,3.2719
13719,-0.65720000000000001,3.2719
13720,-2.1391,3.27
13721,-2.8273000000000001,3.2682000000000002
13722,-3.7016,3.2663000000000002
13723,-4.5014000000000003,3.2645
13724,-5.1835000000000004,3.2625999999999999
13725,-6.1506999999999996,3.2606999999999999
13726,-7.0683999999999996,3.2570000000000001
13727,-7.7751999999999999,3.2551999999999999
13728,-8.9533000000000005,3.2513999999999998
13729,-9.9329999999999998,3.2496
13730,-10.6212,3.2458999999999998
13731,-11.935700000000001,3.2421000000000002
13732,-3.6272000000000002,3.2570000000000001
13733,-3.5032000000000001,3.2589000000000001
13734,-3.5032000000000001,3.2589000000000001
13735,-3.5032000000000001,3.2606999999999999
13736,-3.5032000000000001,3.2606999999999999
13737,-3.5032000000000001,3.2606999999999999
13738,-3.5093999999999999,3.2606999999999999
13739,-3.5032000000000001,3.2606999999999999
13740,-3.5032000000000001,3.2606999999999999
13741,-3.5032000000000001,3.2606999999999999
13742,-3.5093999999999999,3.2606999999999999
13743,-3.5032000000000001,3.2606999999999999
13744,-3.5032000000000001,3.2606999999999999
13745,-3.5032000000000001,3.2606999999999999
13746,-3.5032000000000001,3.2606999999999999
13747,-3.5032000000000001,3.2606999999999999
13748,-3.5093999999999999,3.2606999999999999
13749,-3.5093999999999999,3.2606999999999999
13750,-3.4969999999999999,3.2606999999999999
13751,-3.4969999999999999,3.2606999999999999
13752,-3.5032000000000001,3.2606999999999999
13753,-3.5093999999999999,3.2606999999999999
13754,-3.4969999999999999,3.2606999999999999
13755,-3.5032000000000001,3.2606999999999999
13756,1.3764000000000001,3.27
13757,1.2152000000000001,3.27
13758,0.93620000000000003,3.2719
13759,0.65720000000000001,3.27
13760,0.40920000000000001,3.2719
13761,0.21079999999999999,3.2719
13762,-0.34100000000000003,3.27
13763,-0.78739999999999999,3.27
13764,-1.1097999999999999,3.2682000000000002
13765,-1.3453999999999999,3.2682000000000002
13766,-1.4694,3.2682000000000002
13767,-0.65720000000000001,3.27
13768,-0.65720000000000001,3.27
13769,-0.65720000000000001,3.27
13770,-0.66959999999999997,3.27
13771,-0.65720000000000001,3.27
13772,-0.66959999999999997,3.27
13773,-0.65720000000000001,3.27
13774,-0.66959999999999997,3.27
13775,-0.65720000000000001,3.27
13776,-0.66959999999999997,3.2719
13777,-0.66959999999999997,3.27
13778,-0.66959999999999997,3.2719
13779,-0.65720000000000001,3.2719
13780,-0.65720000000000001,3.2719
13781,-0.66959999999999997,3.2719
13782,-0.66959999999999997,3.2719
13783,-0.65720000000000001,3.2719
13784,-0.66959999999999997,3.2719
13785,-0.66959999999999997,3.2719
13786,-0.66959999999999997,3.2719
13787,-0.65720000000000001,3.2719
13788,-1.7795000000000001,3.27
13789,-2.1453000000000002,3.2682000000000002
13790,-2.6164999999999998,3.2682000000000002
13791,-3.0257000000000001,3.2663000000000002
13792,-3.4163999999999999,3.2663000000000002
13793,-3.8628,3.2645
13794,-4.4703999999999997,3.2625999999999999
13795,-4.7866999999999997,3.2625999999999999
13796,-5.2268999999999997,3.2606999999999999
13797,-5.7415000000000003,3.2589000000000001
13798,-6.4669999999999996,3.2570000000000001
13799,-7.5830000000000002,3.2551999999999999
13800,-6.5476000000000001,3.2570000000000001
13801,-7.8249000000000004,3.2532999999999999
13802,-8.3457000000000008,3.2513999999999998
13803,-9.2570999999999994,3.2496
13804,-9.5052000000000003,3.2458999999999998
13805,-9.9825999999999997,3.2440000000000002
13806,-10.497199999999999,3.2440000000000002
13807,-11.458299999999999,3.2403
13808,-11.6319,3.2403
13809,-12.1465,3.2383999999999999
13810,-12.6922,3.2366000000000001
13811,-13.833,3.2328000000000001
13812,-13.907400000000001,3.2328000000000001
13813,-14.496499999999999,3.2309999999999999
13814,-5.2579000000000002,3.2458999999999998
13815,-5.1835000000000004,3.2496
13816,-5.1772999999999998,3.2496
13817,-5.1835000000000004,3.2496
13818,-5.1897000000000002,3.2513999999999998
13819,-5.1835000000000004,3.2513999999999998
13820,-5.1835000000000004,3.2513999999999998
13821,-5.1835000000000004,3.2513999999999998
13822,-5.1835000000000004,3.2513999999999998
13823,-5.1897000000000002,3.2513999999999998
13824,-5.1835000000000004,3.2513999999999998
13825,-5.1772999999999998,3.2513999999999998
13826,0.97340000000000004,3.2625999999999999
13827,1.0167999999999999,3.2645
13828,0.65720000000000001,3.2663000000000002
13829,0.77500000000000002,3.2663000000000002
13830,0.65720000000000001,3.2663000000000002
13831,0.37819999999999998,3.2682000000000002
13832,0.4526,3.2682000000000002
13833,0.33479999999999999,3.2682000000000002
13834,-3.6334,3.2606999999999999
13835,-3.7016,3.2606999999999999
13836,-3.6953999999999998,3.2606999999999999
13837,-3.7016,3.2606999999999999
13838,-3.7016,3.2606999999999999
13839,-3.7016,3.2589000000000001
13840,-3.6953999999999998,3.2589000000000001
13841,-3.7016,3.2589000000000001
13842,-3.7016,3.2589000000000001
13843,-3.6953999999999998,3.2589000000000001
13844,-3.6953999999999998,3.2589000000000001
13845,-3.7016,3.2589000000000001
13846,-3.7016,3.2589000000000001
13847,1.6927000000000001,3.27
13848,1.5004,3.27
13849,1.3391999999999999,3.2719
13850,0.93620000000000003,3.27
13851,0.65720000000000001,3.27
13852,0.40920000000000001,3.27
13853,0.13639999999999999,3.27
13854,-0.34100000000000003,3.27
13855,-0.74399999999999999,3.2682000000000002
13856,-1.1035999999999999,3.2682000000000002
13857,-1.3453999999999999,3.2682000000000002
13858,-1.4694,3.2682000000000002
13859,-0.65720000000000001,3.27
13860,-0.65720000000000001,3.27
13861,-0.65720000000000001,3.27
13862,-0.66959999999999997,3.27
13863,-0.66959999999999997,3.27
13864,-0.66959999999999997,3.27
13865,-0.66959999999999997,3.27
13866,-0.65720000000000001,3.27
13867,-0.66959999999999997,3.27
13868,-0.66959999999999997,3.27
13869,-0.65720000000000001,3.27
13870,-0.65720000000000001,3.27
13871,-0.65720000000000001,3.27
13872,-0.66959999999999997,3.27
13873,-0.65720000000000001,3.27
13874,-0.65720000000000001,3.27
13875,-0.66959999999999997,3.27
13876,-0.66959999999999997,3.27
13877,-0.65720000000000001,3.27
13878,-0.65720000000000001,3.2719
13879,-0.65720000000000001,3.2719
13880,-0.65720000000000001,3.2719
13881,-0.66959999999999997,3.2719
13882,-0.65720000000000001,3.2719
13883,-0.66959999999999997,3.2719
13884,-0.65720000000000001,3.2719
13885,-0.65720000000000001,3.2719
13886,-0.65720000000000001,3.2719
13887,-2.3003,3.2682000000000002
13888,-3.2614000000000001,3.2663000000000002
13889,-4.2720000000000002,3.2645
13890,-5.2641,3.2606999999999999
13891,-6.2624000000000004,3.2589000000000001
13892,-2.1453000000000002,3.2663000000000002
13893,-2.1019000000000001,3.2663000000000002
13894,-5.6670999999999996,3.2606999999999999
13895,-6.3864000000000001,3.2570000000000001
13896,-7.2606000000000002,3.2551999999999999
13897,-7.7442000000000002,3.2532999999999999
13898,-8.4262999999999995,3.2513999999999998
13899,-9.1021000000000001,3.2496
13900,-10.143800000000001,3.2458999999999998
13901,-10.5778,3.2440000000000002
13902,-11.2227,3.2421000000000002
13903,-3.8256000000000001,3.2570000000000001
13904,-3.7511999999999999,3.2570000000000001
13905,-10.5406,3.2440000000000002
13906,-11.1297,3.2421000000000002
13907,-11.2661,3.2403
13908,-12.2209,3.2366000000000001
13909,-12.779,3.2347000000000001
13910,-13.3432,3.2328000000000001
13911,-13.3866,3.2328000000000001
13912,-14.496499999999999,3.2309999999999999
13913,-5.3136999999999999,3.2458999999999998
13914,-5.1835000000000004,3.2458999999999998
13915,-12.698399999999999,3.2347000000000001
13916,-13.864000000000001,3.2309999999999999
13917,-13.7524,3.2309999999999999
13918,-14.825100000000001,3.2273000000000001
13919,-14.694900000000001,3.2273000000000001
13920,-15.1785,3.2254
13921,-16.338000000000001,3.2216999999999998
13922,-16.183,3.2216999999999998
13923,-16.697600000000001,3.2198000000000002
13924,-17.9315,3.218
13925,-17.782699999999998,3.2161
13926,-19.091000000000001,3.2141999999999999
13927,-18.948399999999999,3.2124000000000001
13928,-8.4634999999999998,3.2309999999999999
13929,-8.3704999999999998,3.2328000000000001
13930,-8.3890999999999991,3.2328000000000001
13931,-8.3828999999999994,3.2328000000000001
13932,-8.3890999999999991,3.2347000000000001
13933,-8.3828999999999994,3.2347000000000001
13934,-8.3890999999999991,3.2347000000000001
13935,-8.3828999999999994,3.2347000000000001
13936,-8.3828999999999994,3.2347000000000001
13937,-8.3890999999999991,3.2347000000000001
13938,-8.3828999999999994,3.2366000000000001
13939,-8.3828999999999994,3.2347000000000001
13940,-8.3828999999999994,3.2366000000000001
13941,-8.3828999999999994,3.2366000000000001
13942,-8.3704999999999998,3.2366000000000001
13943,-8.3828999999999994,3.2366000000000001
13944,-8.3890999999999991,3.2366000000000001
13945,-8.3890999999999991,3.2366000000000001
13946,-8.3828999999999994,3.2366000000000001
13947,-8.3953000000000007,3.2366000000000001
13948,-8.3890999999999991,3.2366000000000001
13949,-8.3890999999999991,3.2366000000000001
13950,-8.3704999999999998,3.2366000000000001
13951,-8.3890999999999991,3.2366000000000001
13952,-8.3953000000000007,3.2366000000000001
13953,-8.3828999999999994,3.2366000000000001
13954,-8.3828999999999994,3.2366000000000001
13955,-8.3828999999999994,3.2366000000000001
13956,-8.3828999999999994,3.2366000000000001
13957,-8.3890999999999991,3.2366000000000001
13958,-8.3890999999999991,3.2366000000000001
13959,-8.3828999999999994,3.2366000000000001
13960,-8.3704999999999998,3.2366000000000001
13961,-8.3828999999999994,3.2366000000000001
13962,-8.3828999999999994,3.2366000000000001
13963,-8.3704999999999998,3.2366000000000001
13964,-8.3953000000000007,3.2366000000000001
13965,-8.3828999999999994,3.2366000000000001
13966,-8.3890999999999991,3.2366000000000001
13967,-8.3828999999999994,3.2366000000000001
13968,-8.3704999999999998,3.2366000000000001
13969,-8.3828999999999994,3.2366000000000001
13970,-8.3828999999999994,3.2366000000000001
13971,-8.3704999999999998,3.2366000000000001
13972,-8.3828999999999994,3.2366000000000001
13973,-8.3828999999999994,3.2366000000000001
13974,-8.3890999999999991,3.2366000000000001
13975,-8.3704999999999998,3.2366000000000001
13976,-8.3828999999999994,3.2366000000000001
13977,-8.3828999999999994,3.2366000000000001
13978,3.8999999999999999,3.2606999999999999
13979,3.8938000000000001,3.2625999999999999
13980,3.7450000000000001,3.2645
13981,3.5775999999999999,3.2663000000000002
13982,3.3730000000000002,3.2663000000000002
13983,3.218,3.2682000000000002
13984,3.0133000000000001,3.2682000000000002
13985,2.8210999999999999,3.2682000000000002
13986,-5.0160999999999998,3.2551999999999999
13987,-5.1897000000000002,3.2532999999999999
13988,-5.1835000000000004,3.2532999999999999
13989,-5.1897000000000002,3.2513999999999998
13990,-5.1835000000000004,3.2532999999999999
13991,-5.1897000000000002,3.2532999999999999
13992,-5.1772999999999998,3.2513999999999998
13993,-5.1897000000000002,3.2513999999999998
13994,-5.1897000000000002,3.2513999999999998
13995,-5.1897000000000002,3.2513999999999998
13996,-5.1897000000000002,3.2513999999999998
13997,-5.1835000000000004,3.2513999999999998
13998,-5.1897000000000002,3.2513999999999998
13999,-5.1835000000000004,3.2513999999999998
14000,-5.1897000000000002,3.2513999999999998
14001,-5.1897000000000002,3.2513999999999998
14002,-5.1835000000000004,3.2513999999999998
14003,-5.1835000000000004,3.2513999999999998
14004,-5.1772999999999998,3.2513999999999998
14005,-5.1835000000000004,3.2513999999999998
14006,-5.1835000000000004,3.2513999999999998
14007,-5.1897000000000002,3.2513999999999998
14008,-5.1835000000000004,3.2513999999999998
14009,-5.1897000000000002,3.2513999999999998
14010,-5.1835000000000004,3.2513999999999998
14011,-5.1897000000000002,3.2513999999999998
14012,-5.1835000000000004,3.2513999999999998
14013,-5.1835000000000004,3.2513999999999998
14014,-5.1835000000000004,3.2513999999999998
14015,-5.1772999999999998,3.2513999999999998
14016,-5.1897000000000002,3.2513999999999998
14017,-5.1835000000000004,3.2513999999999998
14018,-5.1897000000000002,3.2513999999999998
14019,-5.1835000000000004,3.2513999999999998
14020,-5.1835000000000004,3.2513999999999998
14021,-5.1897000000000002,3.2513999999999998
14022,-5.1835000000000004,3.2513999999999998
14023,-5.1835000000000004,3.2513999999999998
14024,-5.1897000000000002,3.2513999999999998
14025,-5.1835000000000004,3.2513999999999998
14026,-5.1835000000000004,3.2513999999999998
14027,-5.1835000000000004,3.2513999999999998
14028,-5.1897000000000002,3.2513999999999998
14029,-5.1835000000000004,3.2513999999999998
14030,-5.1897000000000002,3.2513999999999998
14031,-5.1835000000000004,3.2513999999999998
14032,-5.1897000000000002,3.2513999999999998
14033,-5.1772999999999998,3.2513999999999998
14034,-5.1772999999999998,3.2513999999999998
14035,-5.1835000000000004,3.2513999999999998
14036,-5.1835000000000004,3.2513999999999998
14037,-5.1835000000000004,3.2496
14038,-5.1835000000000004,3.2513999999999998
14039,-5.1835000000000004,3.2513999999999998
14040,-5.1772999999999998,3.2496
14041,-5.1835000000000004,3.2513999999999998
14042,-5.1897000000000002,3.2513999999999998
14043,-5.1835000000000004,3.2513999999999998
14044,-5.1835000000000004,3.2513999999999998
14045,-5.1835000000000004,3.2513999999999998
14046,-5.1835000000000004,3.2513999999999998
14047,-5.1772999999999998,3.2513999999999998
14048,-5.1897000000000002,3.2513999999999998
14049,-5.1835000000000004,3.2513999999999998
14050,-5.1897000000000002,3.2513999999999998
14051,-5.1897000000000002,3.2513999999999998
14052,-5.1835000000000004,3.2513999999999998
14053,-5.1835000000000004,3.2513999999999998
14054,-5.1897000000000002,3.2513999999999998
14055,-12.747999999999999,3.2347000000000001
14056,-13.913600000000001,3.2309999999999999
14057,-13.777200000000001,3.2309999999999999
14058,-14.8561,3.2273000000000001
14059,-14.7445,3.2254
14060,-15.234299999999999,3.2235
14061,-16.3752,3.2216999999999998
14062,-16.220199999999998,3.2216999999999998
14063,-16.741,3.2198000000000002
14064,-17.987300000000001,3.2161
14065,-17.8323,3.2141999999999999
14066,-19.159199999999998,3.2124000000000001
14067,-18.979399999999998,3.2124000000000001
14068,-8.5007000000000001,3.2290999999999999
14069,-8.3828999999999994,3.2309999999999999
14070,-8.3828999999999994,3.2309999999999999
14071,-8.3890999999999991,3.2328000000000001
14072,-8.3890999999999991,3.2328000000000001
14073,-8.3828999999999994,3.2328000000000001
14074,-8.3828999999999994,3.2328000000000001
14075,-8.3828999999999994,3.2328000000000001
14076,-8.3890999999999991,3.2328000000000001
14077,-8.3890999999999991,3.2347000000000001
14078,-8.3828999999999994,3.2347000000000001
14079,-8.3890999999999991,3.2347000000000001
14080,-8.3890999999999991,3.2347000000000001
14081,-8.3890999999999991,3.2347000000000001
14082,-8.3704999999999998,3.2347000000000001
14083,-8.3828999999999994,3.2347000000000001
14084,-8.3828999999999994,3.2347000000000001
14085,-8.3828999999999994,3.2347000000000001
14086,-8.3953000000000007,3.2347000000000001
14087,-8.3828999999999994,3.2347000000000001
14088,-8.3890999999999991,3.2347000000000001
14089,-8.3704999999999998,3.2347000000000001
14090,-8.3828999999999994,3.2347000000000001
14091,-8.3828999999999994,3.2347000000000001
14092,-8.3890999999999991,3.2347000000000001
14093,-8.3828999999999994,3.2347000000000001
14094,-8.3828999999999994,3.2347000000000001
14095,-8.3704999999999998,3.2347000000000001
14096,-8.3828999999999994,3.2347000000000001
14097,-8.3890999999999991,3.2347000000000001
14098,-8.3704999999999998,3.2347000000000001
14099,-8.3828999999999994,3.2347000000000001
14100,-8.4200999999999997,3.2347000000000001
14101,-8.4387000000000008,3.2347000000000001
14102,-8.4262999999999995,3.2347000000000001
14103,-8.4200999999999997,3.2347000000000001
14104,-8.4262999999999995,3.2347000000000001
14105,-8.4262999999999995,3.2347000000000001
14106,-8.4262999999999995,3.2347000000000001
14107,-8.4200999999999997,3.2347000000000001
14108,-8.4387000000000008,3.2347000000000001
14109,-8.4324999999999992,3.2347000000000001
14110,-8.4200999999999997,3.2347000000000001
14111,-8.4324999999999992,3.2347000000000001
14112,-8.4262999999999995,3.2347000000000001
14113,-8.4262999999999995,3.2347000000000001
14114,-8.4262999999999995,3.2347000000000001
14115,-8.4324999999999992,3.2347000000000001
14116,-8.4324999999999992,3.2347000000000001
14117,-8.4324999999999992,3.2347000000000001
14118,-14.725899999999999,3.2235
14119,-14.3353,3.2216999999999998
14120,-15.3087,3.2198000000000002
14121,-14.831300000000001,3.2198000000000002
14122,-15.8172,3.218
14123,-15.3459,3.218
14124,-16.381399999999999,3.2161
14125,-16.672799999999999,3.2141999999999999
14126,-16.139600000000002,3.2141999999999999
14127,-17.237100000000002,3.2124000000000001
14128,-16.697600000000001,3.2124000000000001
14129,-17.819900000000001,3.2105000000000001
14130,-17.249500000000001,3.2105000000000001
14131,-18.421299999999999,3.2086999999999999
14132,-18.780999999999999,3.2067999999999999
14133,-18.142299999999999,3.2067999999999999
14134,-19.357600000000001,3.2048999999999999
14135,-18.780999999999999,3.2048999999999999
14136,-20.021000000000001,3.2031000000000001
14137,-19.413399999999999,3.2031000000000001
14138,-20.703099999999999,3.2012
14139,-21.0503,3.1974999999999998
14140,-20.417899999999999,3.1974999999999998
14141,-21.769500000000001,3.1956000000000002
14142,-21.106100000000001,3.1956000000000002
14143,-22.5136,3.1938
14144,-21.831499999999998,3.1938
14145,-23.232800000000001,3.1919
14146,-23.648299999999999,3.1901000000000002
14147,-22.941400000000002,3.1901000000000002
14148,-24.417100000000001,3.1882000000000001
14149,-23.697900000000001,3.1882000000000001
14150,-25.210799999999999,3.1844999999999999
14151,-24.4605,3.1863000000000001
14152,-26.041599999999999,3.1825999999999999
14153,-16.424800000000001,3.2012
14154,-16.338000000000001,3.2031000000000001
14155,-16.338000000000001,3.2031000000000001
14156,-16.344200000000001,3.2031000000000001
14157,-16.344200000000001,3.2031000000000001
14158,-16.338000000000001,3.2031000000000001
14159,-16.344200000000001,3.2048999999999999
14160,-16.338000000000001,3.2048999999999999
14161,-16.338000000000001,3.2048999999999999
14162,-16.338000000000001,3.2048999999999999
14163,-16.338000000000001,3.2048999999999999
14164,-16.338000000000001,3.2048999999999999
14165,-16.338000000000001,3.2048999999999999
14166,-16.344200000000001,3.2048999999999999
14167,-16.331800000000001,3.2048999999999999
14168,-16.3504,3.2048999999999999
14169,-16.338000000000001,3.2048999999999999
14170,-16.331800000000001,3.2048999999999999
14171,-16.331800000000001,3.2048999999999999
14172,-16.344200000000001,3.2048999999999999
14173,-16.344200000000001,3.2048999999999999
14174,-16.338000000000001,3.2048999999999999
14175,-16.338000000000001,3.2048999999999999
14176,-16.344200000000001,3.2048999999999999
14177,-16.338000000000001,3.2048999999999999
14178,-16.331800000000001,3.2048999999999999
14179,-16.381399999999999,3.2048999999999999
14180,-16.381399999999999,3.2048999999999999
14181,-16.3752,3.2048999999999999
14182,-16.3752,3.2048999999999999
14183,-27.740500000000001,3.1825999999999999
14184,-28.385400000000001,3.1808000000000001
14185,-28.887599999999999,3.177
14186,-29.457999999999998,3.1751999999999998
14187,-30.009899999999998,3.1732999999999998
14188,-30.586500000000001,3.1715
14189,-31.1693,3.1696
14190,-31.739799999999999,3.1677
14191,-32.341200000000001,3.1659000000000002
14192,-32.973700000000001,3.1659000000000002
14193,-33.581299999999999,3.1621999999999999
14194,-34.244700000000002,3.1602999999999999
14195,-34.889600000000002,3.1602999999999999
14196,-35.559199999999997,3.1583999999999999
14197,-36.278500000000001,3.1566000000000001
14198,-36.966700000000003,3.1547000000000001
14199,-37.6736,3.1509999999999998
14200,-38.442399999999999,3.1473
14201,-39.205100000000002,3.1454
14202,-39.961500000000001,3.1436000000000002
14203,-24.776700000000002,3.1715
14204,-24.689900000000002,3.1732999999999998
14205,-24.689900000000002,3.1732999999999998
14206,-24.689900000000002,3.1732999999999998
14207,-24.689900000000002,3.1751999999999998
14208,-24.696100000000001,3.1732999999999998
14209,-24.683700000000002,3.1751999999999998
14210,-24.751899999999999,3.1751999999999998
14211,-24.7395,3.1751999999999998
14212,-24.7395,3.1751999999999998
14213,2.8210999999999999,3.2254
14214,3.2551999999999999,3.2309999999999999
14215,3.5775999999999999,3.2347000000000001
14216,3.8193999999999999,3.2366000000000001
14217,4.0612000000000004,3.2403
14218,4.2906000000000004,3.2421000000000002
14219,4.4951999999999996,3.2440000000000002
14220,4.6626000000000003,3.2458999999999998
14221,4.8239000000000001,3.2513999999999998
14222,4.8982999999999999,3.2513999999999998
14223,4.9417,3.2532999999999999
14224,4.9417,3.2551999999999999
14225,4.8921000000000001,3.2551999999999999
14226,4.8611000000000004,3.2570000000000001
14227,4.7805,3.2570000000000001
14228,4.6999000000000004,3.2589000000000001
14229,9.9763999999999999,3.27
14230,9.9763999999999999,3.2719
14231,9.0091000000000001,3.27
14232,8.7982999999999993,3.2719
14233,7.9427000000000003,3.27
14234,7.6574,3.2719
14235,6.7770000000000001,3.27
14236,6.4546000000000001,3.2719
14237,8.2217000000000002,3.2738
14238,7.0932000000000004,3.2738
14239,5.8841000000000001,3.2719
14240,4.7370999999999999,3.27
14241,3.7326000000000001,3.2682000000000002
14242,2.7776999999999998,3.2682000000000002
14243,1.8167,3.2663000000000002
14244,0.41539999999999999,3.2625999999999999
14245,-0.74399999999999999,3.2606999999999999
14246,-1.4259999999999999,3.2589000000000001
14247,-0.66959999999999997,3.2606999999999999
14248,-0.66959999999999997,3.2606999999999999
14249,-0.66959999999999997,3.2606999999999999
14250,-0.66959999999999997,3.2606999999999999
14251,-0.65720000000000001,3.2606999999999999
14252,-0.66959999999999997,3.2606999999999999
14253,-0.66959999999999997,3.2606999999999999
14254,-0.66959999999999997,3.2606999999999999
14255,-0.65720000000000001,3.2606999999999999
14256,-0.66959999999999997,3.2606999999999999
14257,-0.66959999999999997,3.2606999999999999
14258,-0.66959999999999997,3.2606999999999999
14259,-0.65720000000000001,3.2606999999999999
14260,-0.66959999999999997,3.2606999999999999
14261,-0.66959999999999997,3.2606999999999999
14262,-0.65720000000000001,3.2606999999999999
14263,-0.65720000000000001,3.2606999999999999
14264,-0.65720000000000001,3.2606999999999999
14265,-0.65720000000000001,3.2606999999999999
14266,-0.074399999999999994,3.2625999999999999
14267,-0.65720000000000001,3.2625999999999999
14268,-0.65720000000000001,3.2625999999999999
14269,-0.65720000000000001,3.2625999999999999
14270,-0.66959999999999997,3.2625999999999999
14271,-0.66959999999999997,3.2625999999999999
14272,-0.65720000000000001,3.2625999999999999
14273,-0.66959999999999997,3.2625999999999999
14274,-0.65720000000000001,3.2625999999999999
14275,-0.65720000000000001,3.2625999999999999
14276,-0.66959999999999997,3.2625999999999999
14277,-0.66959999999999997,3.2625999999999999
14278,-0.65720000000000001,3.2625999999999999
14279,-2.7467000000000001,3.2589000000000001
14280,-4.1913999999999998,3.2551999999999999
14281,-5.7786999999999997,3.2532999999999999
14282,-7.2172000000000001,3.2496
14283,-2.1453000000000002,3.2570000000000001
14284,-2.0647000000000002,3.2589000000000001
14285,-2.0647000000000002,3.2589000000000001
14286,-2.0647000000000002,3.2589000000000001
14287,-2.0585,3.2589000000000001
14288,-2.0585,3.2589000000000001
14289,-2.0647000000000002,3.2589000000000001
14290,-2.0585,3.2589000000000001
14291,-0.30380000000000001,3.2625999999999999
14292,-0.70679999999999998,3.2625999999999999
14293,-1.0664,3.2625999999999999
14294,-1.3515999999999999,3.2606999999999999
14295,-1.4632000000000001,3.2606999999999999
14296,-0.65720000000000001,3.2625999999999999
14297,-0.65720000000000001,3.2625999999999999
14298,-0.65720000000000001,3.2645
14299,-0.66959999999999997,3.2625999999999999
14300,-0.66959999999999997,3.2625999999999999
14301,-0.66959999999999997,3.2625999999999999
14302,-0.66959999999999997,3.2645
14303,-0.66959999999999997,3.2645
14304,-0.66959999999999997,3.2645
14305,-0.66959999999999997,3.2645
14306,-0.66959999999999997,3.2645
14307,-0.66959999999999997,3.2645
14308,-0.66959999999999997,3.2645
14309,-0.65720000000000001,3.2645
14310,-0.65720000000000001,3.2645
14311,-0.66959999999999997,3.2645
14312,-0.65720000000000001,3.2645
14313,-0.66959999999999997,3.2645
14314,-0.65720000000000001,3.2645
14315,-0.66959999999999997,3.2645
14316,-0.65720000000000001,3.2645
14317,-2.1080999999999999,3.2625999999999999
14318,-2.8273000000000001,3.2606999999999999
14319,-3.6768000000000001,3.2589000000000001
14320,-4.5014000000000003,3.2570000000000001
14321,-5.1897000000000002,3.2551999999999999
14322,-6.1135000000000002,3.2532999999999999
14323,-7.0125999999999999,3.2513999999999998
14324,-7.7504,3.2496
14325,-8.9037000000000006,3.2440000000000002
14326,-9.9082000000000008,3.2421000000000002
14327,-10.5778,3.2403
14328,-11.9047,3.2366000000000001
14329,-3.5838000000000001,3.2513999999999998
14330,-3.4722,3.2532999999999999
14331,-3.4660000000000002,3.2532999999999999
14332,-3.4660000000000002,3.2551999999999999
14333,-3.4722,3.2551999999999999
14334,-3.4660000000000002,3.2551999999999999
14335,-3.4660000000000002,3.2551999999999999
14336,-3.4660000000000002,3.2551999999999999
14337,-3.4722,3.2551999999999999
14338,-3.4660000000000002,3.2551999999999999
14339,-3.4660000000000002,3.2551999999999999
14340,-3.4660000000000002,3.2551999999999999
14341,-3.4722,3.2551999999999999
14342,-3.4722,3.2551999999999999
14343,-3.4722,3.2551999999999999
14344,-3.4722,3.2551999999999999
14345,-3.4722,3.2551999999999999
14346,-3.4722,3.2551999999999999
14347,-3.4660000000000002,3.2551999999999999
14348,-3.4660000000000002,3.2551999999999999
14349,-3.4660000000000002,3.2551999999999999
14350,-3.4722,3.2551999999999999
14351,-3.4660000000000002,3.2570000000000001
14352,-3.4722,3.2551999999999999
14353,1.3702000000000001,3.2645
14354,1.1779999999999999,3.2645
14355,0.93620000000000003,3.2663000000000002
14356,0.65720000000000001,3.2663000000000002
14357,0.41539999999999999,3.2663000000000002
14358,0.21079999999999999,3.2663000000000002
14359,-0.34720000000000001,3.2645
14360,-0.78739999999999999,3.2645
14361,-1.1097999999999999,3.2645
14362,-1.3453999999999999,3.2645
14363,-1.4694,3.2625999999999999
14364,-0.66959999999999997,3.2645
14365,-0.66959999999999997,3.2645
14366,-0.66959999999999997,3.2645
14367,-0.66959999999999997,3.2645
14368,-0.66959999999999997,3.2645
14369,-0.66959999999999997,3.2645
14370,-0.66959999999999997,3.2645
14371,-0.66959999999999997,3.2663000000000002
14372,-0.65720000000000001,3.2663000000000002
14373,-0.65720000000000001,3.2663000000000002
14374,-0.66959999999999997,3.2663000000000002
14375,-0.66959999999999997,3.2663000000000002
14376,-0.66959999999999997,3.2663000000000002
14377,-0.66959999999999997,3.2663000000000002
14378,-0.66959999999999997,3.2663000000000002
14379,-0.66959999999999997,3.2663000000000002
14380,-0.66959999999999997,3.2663000000000002
14381,-0.66959999999999997,3.2663000000000002
14382,-0.66959999999999997,3.2663000000000002
14383,-0.66959999999999997,3.2663000000000002
14384,-0.66959999999999997,3.2663000000000002
14385,-1.7795000000000001,3.2645
14386,-2.1453000000000002,3.2645
14387,-2.6227,3.2625999999999999
14388,-2.9885000000000002,3.2606999999999999
14389,-3.4226000000000001,3.2606999999999999
14390,-3.8628,3.2589000000000001
14391,-4.4269999999999996,3.2589000000000001
14392,-4.7432999999999996,3.2570000000000001
14393,-5.1835000000000004,3.2551999999999999
14394,-5.6981000000000002,3.2551999999999999
14395,-6.4236000000000004,3.2532999999999999
14396,-7.5457999999999998,3.2513999999999998
14397,-6.5042,3.2513999999999998
14398,-7.7751999999999999,3.2496
14399,-8.2960999999999991,3.2458999999999998
14400,-9.2261000000000006,3.2440000000000002
14401,-9.468,3.2421000000000002
14402,-9.9391999999999996,3.2403
14403,-10.466200000000001,3.2383999999999999
14404,-11.427300000000001,3.2366000000000001
14405,-11.5389,3.2347000000000001
14406,-12.1031,3.2347000000000001
14407,-12.6798,3.2309999999999999
14408,-13.74,3.2290999999999999
14409,-13.8268,3.2290999999999999
14410,-14.459300000000001,3.2273000000000001
14411,-5.2579000000000002,3.2421000000000002
14412,-5.1463000000000001,3.2440000000000002
14413,-5.1463000000000001,3.2440000000000002
14414,-5.1401000000000003,3.2458999999999998
14415,-5.1401000000000003,3.2458999999999998
14416,-5.1401000000000003,3.2458999999999998
14417,-5.1401000000000003,3.2458999999999998
14418,-5.1401000000000003,3.2458999999999998
14419,-5.1463000000000001,3.2458999999999998
14420,-5.1401000000000003,3.2458999999999998
14421,-5.1463000000000001,3.2458999999999998
14422,-5.1463000000000001,3.2458999999999998
14423,0.97340000000000004,3.2589000000000001
14424,0.97340000000000004,3.2606999999999999
14425,0.65720000000000001,3.2625999999999999
14426,0.77500000000000002,3.2625999999999999
14427,0.65720000000000001,3.2625999999999999
14428,0.37819999999999998,3.2625999999999999
14429,0.4526,3.2645
14430,0.33479999999999999,3.2645
14431,-3.6334,3.2570000000000001
14432,-3.6953999999999998,3.2570000000000001
14433,-3.7016,3.2570000000000001
14434,-3.7016,3.2551999999999999
14435,-3.7016,3.2570000000000001
14436,-3.7016,3.2551999999999999
14437,-3.7016,3.2551999999999999
14438,-3.7016,3.2551999999999999
14439,-3.7016,3.2551999999999999
14440,-3.7016,3.2551999999999999
14441,-3.7016,3.2551999999999999
14442,-3.7078000000000002,3.2551999999999999
14443,-3.7078000000000002,3.2551999999999999
14444,1.6927000000000001,3.2663000000000002
14445,1.5065999999999999,3.2663000000000002
14446,1.333,3.2682000000000002
14447,0.93620000000000003,3.2663000000000002
14448,0.65720000000000001,3.2663000000000002
14449,0.40920000000000001,3.2663000000000002
14450,0.13639999999999999,3.2663000000000002
14451,-0.34720000000000001,3.2663000000000002
14452,-0.74399999999999999,3.2645
14453,-1.1097999999999999,3.2645
14454,-1.3453999999999999,3.2645
14455,-1.4694,3.2645
14456,-0.66959999999999997,3.2645
14457,-0.65720000000000001,3.2645
14458,-0.65720000000000001,3.2663000000000002
14459,-0.66959999999999997,3.2663000000000002
14460,-0.65720000000000001,3.2663000000000002
14461,-0.66959999999999997,3.2663000000000002
14462,-0.66959999999999997,3.2663000000000002
14463,-0.65720000000000001,3.2663000000000002
14464,-0.65720000000000001,3.2663000000000002
14465,-0.66959999999999997,3.2663000000000002
14466,-0.66959999999999997,3.2663000000000002
14467,-0.65720000000000001,3.2663000000000002
14468,-0.66959999999999997,3.2663000000000002
14469,-0.65720000000000001,3.2663000000000002
14470,-0.66959999999999997,3.2663000000000002
14471,-0.65720000000000001,3.2663000000000002
14472,-0.65720000000000001,3.2663000000000002
14473,-0.66959999999999997,3.2663000000000002
14474,-0.65720000000000001,3.2663000000000002
14475,-2.7528999999999999,3.2625999999999999
14476,-4.1852,3.2606999999999999
14477,-5.8282999999999996,3.2570000000000001
14478,-7.2172000000000001,3.2532999999999999
14479,-2.1886999999999999,3.2606999999999999
14480,-2.0647000000000002,3.2625999999999999
14481,-2.0647000000000002,3.2625999999999999
14482,-2.0647000000000002,3.2625999999999999
14483,-2.0647000000000002,3.2625999999999999
14484,-2.0647000000000002,3.2625999999999999
14485,-2.0647000000000002,3.2625999999999999
14486,-2.0585,3.2625999999999999
14487,-0.30380000000000001,3.2663000000000002
14488,-0.70679999999999998,3.2663000000000002
14489,-1.0602,3.2663000000000002
14490,-1.3453999999999999,3.2645
14491,-1.4694,3.2645
14492,-0.66959999999999997,3.2663000000000002
14493,-0.65720000000000001,3.2663000000000002
14494,-0.65720000000000001,3.2663000000000002
14495,-0.65720000000000001,3.2663000000000002
14496,-0.66959999999999997,3.2663000000000002
14497,-0.66959999999999997,3.2682000000000002
14498,-0.66959999999999997,3.2682000000000002
14499,-0.65720000000000001,3.2663000000000002
14500,-0.65720000000000001,3.2682000000000002
14501,-0.65720000000000001,3.2682000000000002
14502,-0.65720000000000001,3.2663000000000002
14503,-0.65720000000000001,3.2682000000000002
14504,-0.65720000000000001,3.2682000000000002
14505,-0.65720000000000001,3.2682000000000002
14506,-0.66959999999999997,3.2682000000000002
14507,-0.66959999999999997,3.2682000000000002
14508,-0.66959999999999997,3.2682000000000002
14509,-0.66959999999999997,3.2682000000000002
14510,-0.65720000000000001,3.2682000000000002
14511,-0.66959999999999997,3.2682000000000002
14512,-0.66959999999999997,3.2682000000000002
14513,-2.1019000000000001,3.2663000000000002
14514,-2.8334999999999999,3.2645
14515,-3.6581999999999999,3.2625999999999999
14516,-4.4951999999999996,3.2606999999999999
14517,-5.1835000000000004,3.2589000000000001
14518,-6.1506999999999996,3.2570000000000001
14519,-7.0312000000000001,3.2532999999999999
14520,-7.7504,3.2513999999999998
14521,-8.9408999999999992,3.2458999999999998
14522,-9.9515999999999991,3.2440000000000002
14523,-10.5778,3.2421000000000002
14524,-11.9047,3.2383999999999999
14525,-3.5775999999999999,3.2551999999999999
14526,-3.4660000000000002,3.2551999999999999
14527,-3.4722,3.2570000000000001
14528,-3.4722,3.2570000000000001
14529,-3.4722,3.2570000000000001
14530,-3.4660000000000002,3.2570000000000001
14531,-3.4722,3.2570000000000001
14532,-3.4722,3.2570000000000001
14533,-3.4722,3.2589000000000001
14534,-3.4722,3.2570000000000001
14535,-3.4660000000000002,3.2570000000000001
14536,-3.4722,3.2570000000000001
14537,-3.4722,3.2570000000000001
14538,-3.4722,3.2570000000000001
14539,-3.4660000000000002,3.2570000000000001
14540,-3.4722,3.2570000000000001
14541,-3.4722,3.2570000000000001
14542,-3.4722,3.2570000000000001
14543,-3.4722,3.2589000000000001
14544,-3.4722,3.2570000000000001
14545,-3.4660000000000002,3.2570000000000001
14546,-3.4660000000000002,3.2570000000000001
14547,-3.4722,3.2570000000000001
14548,-3.4722,3.2570000000000001
14549,1.3764000000000001,3.2663000000000002
14550,1.2214,3.2682000000000002
14551,0.93620000000000003,3.2682000000000002
14552,0.65720000000000001,3.2682000000000002
14553,0.40920000000000001,3.2682000000000002
14554,0.21079999999999999,3.2682000000000002
14555,-0.34100000000000003,3.2663000000000002
14556,-0.78739999999999999,3.2663000000000002
14557,-1.1097999999999999,3.2663000000000002
14558,-1.3515999999999999,3.2645
14559,-1.4694,3.2645
14560,-0.65720000000000001,3.2663000000000002
14561,-0.66959999999999997,3.2663000000000002
14562,-0.65720000000000001,3.2663000000000002
14563,-0.66959999999999997,3.2663000000000002
14564,-0.66959999999999997,3.2682000000000002
14565,-0.65720000000000001,3.2663000000000002
14566,-0.66959999999999997,3.2682000000000002
14567,-0.66959999999999997,3.2682000000000002
14568,-0.66959999999999997,3.2682000000000002
14569,-0.66959999999999997,3.2682000000000002
14570,-0.65720000000000001,3.2682000000000002
14571,-0.66959999999999997,3.2682000000000002
14572,-0.66959999999999997,3.2682000000000002
14573,-0.66959999999999997,3.2682000000000002
14574,-0.66959999999999997,3.2682000000000002
14575,-0.66959999999999997,3.2682000000000002
14576,-0.66959999999999997,3.2682000000000002
14577,-0.65720000000000001,3.2682000000000002
14578,-0.66959999999999997,3.2682000000000002
14579,-0.65720000000000001,3.2682000000000002
14580,-0.65720000000000001,3.2682000000000002
14581,-1.7857000000000001,3.2663000000000002
14582,-2.1453000000000002,3.2663000000000002
14583,-2.6227,3.2645
14584,-2.9885000000000002,3.2645
14585,-3.4287999999999998,3.2625999999999999
14586,-3.8628,3.2606999999999999
14587,-4.4580000000000002,3.2606999999999999
14588,-4.7432999999999996,3.2589000000000001
14589,-5.2268999999999997,3.2570000000000001
14590,-5.7042999999999999,3.2570000000000001
14591,-6.4732000000000003,3.2551999999999999
14592,-7.5457999999999998,3.2513999999999998
14593,-6.5414000000000003,3.2532999999999999
14594,-7.7751999999999999,3.2496
14595,-8.3457000000000008,3.2496
14596,-9.2385000000000002,3.2440000000000002
14597,-9.4618000000000002,3.2440000000000002
14598,-9.9391999999999996,3.2421000000000002
14599,-10.466200000000001,3.2403
14600,-11.427300000000001,3.2383999999999999
14601,-11.5823,3.2366000000000001
14602,-12.1031,3.2347000000000001
14603,-12.667400000000001,3.2328000000000001
14604,-13.7462,3.2309999999999999
14605,-13.857799999999999,3.2290999999999999
14606,-14.4717,3.2273000000000001
14607,-5.2641,3.2421000000000002
14608,-5.1401000000000003,3.2440000000000002
14609,-5.1463000000000001,3.2458999999999998
14610,-5.1463000000000001,3.2458999999999998
14611,-5.1463000000000001,3.2458999999999998
14612,-5.1463000000000001,3.2458999999999998
14613,-5.1463000000000001,3.2458999999999998
14614,-5.1401000000000003,3.2496
14615,-5.1463000000000001,3.2496
14616,-5.1463000000000001,3.2496
14617,-5.1401000000000003,3.2496
14618,-5.1463000000000001,3.2496
14619,0.97340000000000004,3.2606999999999999
14620,1.0167999999999999,3.2625999999999999
14621,0.66339999999999999,3.2625999999999999
14622,0.77500000000000002,3.2645
14623,0.65720000000000001,3.2645
14624,0.37819999999999998,3.2645
14625,0.4526,3.2645
14626,0.33479999999999999,3.2645
14627,-3.6334,3.2589000000000001
14628,-3.6953999999999998,3.2570000000000001
14629,-3.7016,3.2570000000000001
14630,-3.7016,3.2570000000000001
14631,-3.6953999999999998,3.2570000000000001
14632,-3.7016,3.2570000000000001
14633,-3.7016,3.2570000000000001
14634,-3.7016,3.2570000000000001
14635,-3.7016,3.2570000000000001
14636,-3.6953999999999998,3.2570000000000001
14637,-3.7016,3.2570000000000001
14638,-3.7078000000000002,3.2570000000000001
14639,-3.6953999999999998,3.2570000000000001
14640,1.6927000000000001,3.2663000000000002
14641,1.5004,3.2682000000000002
14642,1.3391999999999999,3.2682000000000002
14643,0.94240000000000002,3.2682000000000002
14644,0.65720000000000001,3.2682000000000002
14645,0.41539999999999999,3.2682000000000002
14646,0.13020000000000001,3.2682000000000002
14647,-0.34100000000000003,3.2663000000000002
14648,-0.74399999999999999,3.2663000000000002
14649,-1.1097999999999999,3.2663000000000002
14650,-1.3515999999999999,3.2645
14651,-1.4694,3.2645
14652,-0.66959999999999997,3.2663000000000002
14653,-0.66959999999999997,3.2663000000000002
14654,-0.66959999999999997,3.2663000000000002
14655,-0.65720000000000001,3.2663000000000002
14656,-0.66959999999999997,3.2663000000000002
14657,-0.65720000000000001,3.2682000000000002
14658,-0.66959999999999997,3.2663000000000002
14659,-0.65720000000000001,3.2663000000000002
14660,-0.66959999999999997,3.2663000000000002
14661,-0.66959999999999997,3.2682000000000002
14662,-0.66959999999999997,3.2663000000000002
14663,-0.66959999999999997,3.2682000000000002
14664,-0.66959999999999997,3.2682000000000002
14665,-0.66959999999999997,3.2682000000000002
14666,-0.66959999999999997,3.2682000000000002
14667,-0.65720000000000001,3.2682000000000002
14668,-0.65720000000000001,3.2682000000000002
14669,-0.66959999999999997,3.2682000000000002
14670,-0.65720000000000001,3.2682000000000002
14671,-2.7467000000000001,3.2645
14672,-4.1790000000000003,3.2606999999999999
14673,-5.8220999999999998,3.2570000000000001
14674,-7.2295999999999996,3.2532999999999999
14675,-2.1886999999999999,3.2625999999999999
14676,-2.1019000000000001,3.2625999999999999
14677,-2.1080999999999999,3.2625999999999999
14678,-2.1080999999999999,3.2625999999999999
14679,-2.1080999999999999,3.2625999999999999
14680,-2.1080999999999999,3.2645
14681,-2.1080999999999999,3.2625999999999999
14682,-2.1080999999999999,3.2645
14683,-0.30380000000000001,3.2682000000000002
14684,-0.70679999999999998,3.2663000000000002
14685,-1.0664,3.2663000000000002
14686,-1.3515999999999999,3.2663000000000002
14687,-1.4632000000000001,3.2663000000000002
14688,-0.66959999999999997,3.2682000000000002
14689,-0.66959999999999997,3.2682000000000002
14690,-0.65720000000000001,3.2682000000000002
14691,-0.66959999999999997,3.2682000000000002
14692,-0.65720000000000001,3.2682000000000002
14693,-0.66959999999999997,3.2682000000000002
14694,-0.65720000000000001,3.2682000000000002
14695,-0.65720000000000001,3.2682000000000002
14696,-0.66959999999999997,3.2682000000000002
14697,-0.65720000000000001,3.2682000000000002
14698,-0.65720000000000001,3.2682000000000002
14699,-0.65720000000000001,3.2682000000000002
14700,-0.66959999999999997,3.2682000000000002
14701,-0.66959999999999997,3.2682000000000002
14702,-0.65720000000000001,3.2682000000000002
14703,-0.66959999999999997,3.2682000000000002
14704,-0.65720000000000001,3.2682000000000002
14705,-0.66959999999999997,3.2682000000000002
14706,-0.66959999999999997,3.2682000000000002
14707,-0.66959999999999997,3.27
14708,-0.65720000000000001,3.2682000000000002
14709,-2.1019000000000001,3.2663000000000002
14710,-2.8334999999999999,3.2645
14711,-3.6520000000000001,3.2625999999999999
14712,-4.4951999999999996,3.2606999999999999
14713,-5.1835000000000004,3.2589000000000001
14714,-6.1444999999999999,3.2570000000000001
14715,-7.0621999999999998,3.2551999999999999
14716,-7.7751999999999999,3.2532999999999999
14717,-8.9533000000000005,3.2496
14718,-9.9515999999999991,3.2440000000000002
14719,-10.6212,3.2421000000000002
14720,-11.929500000000001,3.2383999999999999
14721,-3.5838000000000001,3.2551999999999999
14722,-3.5032000000000001,3.2570000000000001
14723,-3.5032000000000001,3.2570000000000001
14724,-3.5093999999999999,3.2570000000000001
14725,-3.5032000000000001,3.2570000000000001
14726,-3.5093999999999999,3.2570000000000001
14727,-3.5032000000000001,3.2570000000000001
14728,-3.5032000000000001,3.2570000000000001
14729,-3.5032000000000001,3.2570000000000001
14730,-3.4969999999999999,3.2589000000000001
14731,-3.5032000000000001,3.2589000000000001
14732,-3.5093999999999999,3.2589000000000001
14733,-3.5032000000000001,3.2570000000000001
14734,-3.5032000000000001,3.2589000000000001
14735,-3.5032000000000001,3.2589000000000001
14736,-3.5032000000000001,3.2589000000000001
14737,-3.5032000000000001,3.2570000000000001
14738,-3.5032000000000001,3.2589000000000001
14739,-3.5093999999999999,3.2589000000000001
14740,-3.4969999999999999,3.2589000000000001
14741,-3.5032000000000001,3.2589000000000001
14742,-3.4969999999999999,3.2570000000000001
14743,-3.5032000000000001,3.2589000000000001
14744,-3.4969999999999999,3.2570000000000001
14745,1.3764000000000001,3.2682000000000002
14746,1.2214,3.2682000000000002
14747,0.93620000000000003,3.2682000000000002
14748,0.65720000000000001,3.2682000000000002
14749,0.41539999999999999,3.2682000000000002
14750,0.21079999999999999,3.2682000000000002
14751,-0.34100000000000003,3.2682000000000002
14752,-0.78739999999999999,3.2663000000000002
14753,-1.1097999999999999,3.2663000000000002
14754,-1.3453999999999999,3.2663000000000002
14755,-1.4694,3.2663000000000002
14756,-0.65720000000000001,3.2682000000000002
14757,-0.66959999999999997,3.2682000000000002
14758,-0.65720000000000001,3.2682000000000002
14759,-0.66959999999999997,3.2682000000000002
14760,-0.65720000000000001,3.2682000000000002
14761,-0.65720000000000001,3.2682000000000002
14762,-0.66959999999999997,3.2682000000000002
14763,-0.65720000000000001,3.2682000000000002
14764,-0.66959999999999997,3.2682000000000002
14765,-0.66959999999999997,3.2682000000000002
14766,-0.66959999999999997,3.2682000000000002
14767,-0.65720000000000001,3.2682000000000002
14768,-0.66959999999999997,3.2682000000000002
14769,-0.66959999999999997,3.2682000000000002
14770,-0.66959999999999997,3.2682000000000002
14771,-0.65720000000000001,3.2682000000000002
14772,-0.65720000000000001,3.2682000000000002
14773,-0.66959999999999997,3.2682000000000002
14774,-0.65720000000000001,3.2682000000000002
14775,-0.65720000000000001,3.27
14776,-0.66959999999999997,3.27
14777,-1.7795000000000001,3.2682000000000002
14778,-2.1453000000000002,3.2663000000000002
14779,-2.6164999999999998,3.2645
14780,-2.9885000000000002,3.2645
14781,-3.4226000000000001,3.2625999999999999
14782,-3.8565999999999998,3.2625999999999999
14783,-4.4641999999999999,3.2606999999999999
14784,-4.7495000000000003,3.2589000000000001
14785,-5.2145000000000001,3.2589000000000001
14786,-5.7042999999999999,3.2570000000000001
14787,-6.4669999999999996,3.2551999999999999
14788,-7.5334000000000003,3.2513999999999998
14789,-6.5351999999999997,3.2532999999999999
14790,-7.7813999999999997,3.2513999999999998
14791,-8.3457000000000008,3.2496
14792,-9.2199000000000009,3.2440000000000002
14793,-9.468,3.2440000000000002
14794,-9.9702000000000002,3.2421000000000002
14795,-10.491,3.2403
14796,-11.470700000000001,3.2366000000000001
14797,-11.5761,3.2366000000000001
14798,-12.1465,3.2347000000000001
14799,-12.698399999999999,3.2328000000000001
14800,-13.777200000000001,3.2290999999999999
14801,-13.901199999999999,3.2290999999999999
14802,-14.496499999999999,3.2273000000000001
14803,-5.2516999999999996,3.2440000000000002
14804,-5.1835000000000004,3.2440000000000002
14805,-5.1835000000000004,3.2458999999999998
14806,-5.1835000000000004,3.2458999999999998
14807,-5.1835000000000004,3.2458999999999998
14808,-5.1772999999999998,3.2458999999999998
14809,-5.1835000000000004,3.2458999999999998
14810,-5.1897000000000002,3.2496
14811,-5.1835000000000004,3.2496
14812,-5.1835000000000004,3.2496
14813,-5.1835000000000004,3.2496
14814,-5.1835000000000004,3.2496
14815,0.97340000000000004,3.2606999999999999
14816,1.0167999999999999,3.2625999999999999
14817,0.65720000000000001,3.2625999999999999
14818,0.77500000000000002,3.2625999999999999
14819,0.65720000000000001,3.2645
14820,0.37819999999999998,3.2645
14821,0.45879999999999999,3.2645
14822,0.33479999999999999,3.2645
14823,-3.621,3.2589000000000001
14824,-3.6953999999999998,3.2570000000000001
14825,-3.6953999999999998,3.2570000000000001
14826,-3.7016,3.2570000000000001
14827,-3.7016,3.2570000000000001
14828,-3.6953999999999998,3.2570000000000001
14829,-3.6953999999999998,3.2570000000000001
14830,-3.7016,3.2570000000000001
14831,-3.7016,3.2570000000000001
14832,-3.6953999999999998,3.2570000000000001
14833,-3.7016,3.2570000000000001
14834,-3.7016,3.2570000000000001
14835,-3.7078000000000002,3.2570000000000001
14836,1.6927000000000001,3.2663000000000002
14837,1.5004,3.2682000000000002
14838,1.3391999999999999,3.2682000000000002
14839,0.93620000000000003,3.2682000000000002
14840,0.65720000000000001,3.2682000000000002
14841,0.41539999999999999,3.2682000000000002
14842,0.13020000000000001,3.2682000000000002
14843,-0.34100000000000003,3.2663000000000002
14844,-0.74399999999999999,3.2663000000000002
14845,-1.1097999999999999,3.2663000000000002
14846,-1.3453999999999999,3.2663000000000002
14847,-1.4632000000000001,3.2645
14848,-0.65720000000000001,3.2663000000000002
14849,-0.66959999999999997,3.2663000000000002
14850,-0.65720000000000001,3.2663000000000002
14851,-0.65720000000000001,3.2663000000000002
14852,-0.65720000000000001,3.2663000000000002
14853,-0.65720000000000001,3.2663000000000002
14854,-0.66959999999999997,3.2682000000000002
14855,-0.65720000000000001,3.2682000000000002
14856,-0.65720000000000001,3.2682000000000002
14857,-0.65720000000000001,3.2682000000000002
14858,-0.65720000000000001,3.2682000000000002
14859,-0.65720000000000001,3.2682000000000002
14860,-0.66959999999999997,3.2682000000000002
14861,-0.65720000000000001,3.2682000000000002
14862,-0.65720000000000001,3.2682000000000002
14863,-0.66959999999999997,3.2682000000000002
14864,-0.66959999999999997,3.2682000000000002
14865,-0.66959999999999997,3.2682000000000002
14866,-0.65720000000000001,3.2682000000000002
14867,-2.7467000000000001,3.2645
14868,-4.1852,3.2606999999999999
14869,-5.8220999999999998,3.2570000000000001
14870,-7.2667999999999999,3.2551999999999999
14871,-2.1886999999999999,3.2625999999999999
14872,-2.1080999999999999,3.2625999999999999
14873,-2.1019000000000001,3.2645
14874,-2.1019000000000001,3.2625999999999999
14875,-2.1019000000000001,3.2645
14876,-2.0895000000000001,3.2645
14877,-2.1019000000000001,3.2645
14878,-2.1019000000000001,3.2645
14879,-0.30380000000000001,3.2682000000000002
14880,-0.70679999999999998,3.2682000000000002
14881,-1.0664,3.2663000000000002
14882,-1.3515999999999999,3.2663000000000002
14883,-1.4632000000000001,3.2663000000000002
14884,-0.65720000000000001,3.2682000000000002
14885,-0.66959999999999997,3.2663000000000002
14886,-0.66959999999999997,3.2682000000000002
14887,-0.65720000000000001,3.2682000000000002
14888,-0.65720000000000001,3.2682000000000002
14889,-0.65720000000000001,3.2682000000000002
14890,-0.66959999999999997,3.2682000000000002
14891,-0.66959999999999997,3.2682000000000002
14892,-0.65720000000000001,3.2682000000000002
14893,-0.65720000000000001,3.2682000000000002
14894,-0.66959999999999997,3.2682000000000002
14895,-0.66959999999999997,3.2682000000000002
14896,-0.65720000000000001,3.2682000000000002
14897,-0.65720000000000001,3.27
14898,-0.66959999999999997,3.27
14899,-0.65720000000000001,3.2682000000000002
14900,-0.66959999999999997,3.27
14901,-0.65720000000000001,3.27
14902,-0.66959999999999997,3.27
14903,-0.65720000000000001,3.27
14904,-0.65720000000000001,3.27
14905,-2.1453000000000002,3.2663000000000002
14906,-2.8334999999999999,3.2645
14907,-3.7016,3.2625999999999999
14908,-4.5014000000000003,3.2606999999999999
14909,-5.1835000000000004,3.2589000000000001
14910,-6.1444999999999999,3.2570000000000001
14911,-7.0621999999999998,3.2551999999999999
14912,-7.7690000000000001,3.2532999999999999
14913,-8.9346999999999994,3.2496
14914,-9.9391999999999996,3.2440000000000002
14915,-10.6212,3.2421000000000002
14916,-11.935700000000001,3.2383999999999999
14917,-3.6334,3.2551999999999999
14918,-3.4969999999999999,3.2570000000000001
14919,-3.5032000000000001,3.2570000000000001
14920,-3.5032000000000001,3.2570000000000001
14921,-3.5032000000000001,3.2570000000000001
14922,-3.5032000000000001,3.2570000000000001
14923,-3.5032000000000001,3.2570000000000001
14924,-3.5093999999999999,3.2570000000000001
14925,-3.5032000000000001,3.2589000000000001
14926,-3.5032000000000001,3.2570000000000001
14927,-3.5032000000000001,3.2570000000000001
14928,-3.5032000000000001,3.2570000000000001
14929,-3.5032000000000001,3.2589000000000001
14930,-3.5032000000000001,3.2589000000000001
14931,-3.5093999999999999,3.2570000000000001
14932,-3.5093999999999999,3.2589000000000001
14933,-3.5093999999999999,3.2589000000000001
14934,-3.5032000000000001,3.2589000000000001
14935,-3.5032000000000001,3.2589000000000001
14936,-3.5032000000000001,3.2589000000000001
14937,-3.5032000000000001,3.2570000000000001
14938,-3.5032000000000001,3.2589000000000001
14939,-3.5032000000000001,3.2589000000000001
14940,-3.5032000000000001,3.2589000000000001
14941,1.3764000000000001,3.2663000000000002
14942,1.2152000000000001,3.2682000000000002
14943,0.93620000000000003,3.2682000000000002
14944,0.66339999999999999,3.2682000000000002
14945,0.41539999999999999,3.2682000000000002
14946,0.21079999999999999,3.2682000000000002
14947,-0.34720000000000001,3.2682000000000002
14948,-0.78739999999999999,3.2663000000000002
14949,-1.1097999999999999,3.2663000000000002
14950,-1.3515999999999999,3.2663000000000002
14951,-1.4694,3.2663000000000002
14952,-0.65720000000000001,3.2682000000000002
14953,-0.66959999999999997,3.2682000000000002
14954,-0.65720000000000001,3.2682000000000002
14955,-0.66959999999999997,3.2682000000000002
14956,-0.66959999999999997,3.2682000000000002
14957,-0.65720000000000001,3.2682000000000002
14958,-0.65720000000000001,3.2682000000000002
14959,-0.66959999999999997,3.2682000000000002
14960,-0.66959999999999997,3.2682000000000002
14961,-0.65720000000000001,3.2682000000000002
14962,-0.66959999999999997,3.2682000000000002
14963,-0.66959999999999997,3.2682000000000002
14964,-0.66959999999999997,3.2682000000000002
14965,-0.65720000000000001,3.2682000000000002
14966,-0.66959999999999997,3.2682000000000002
14967,-0.66959999999999997,3.2682000000000002
14968,-0.65720000000000001,3.2682000000000002
14969,-0.65720000000000001,3.2682000000000002
14970,-0.66959999999999997,3.27
14971,-0.66959999999999997,3.27
14972,-0.66959999999999997,3.2682000000000002
14973,-1.7857000000000001,3.2682000000000002
14974,-2.1453000000000002,3.2663000000000002
14975,-2.6227,3.2645
14976,-3.0318999999999998,3.2645
14977,-3.4226000000000001,3.2625999999999999
14978,-3.8565999999999998,3.2625999999999999
14979,-4.4703999999999997,3.2606999999999999
14980,-4.7866999999999997,3.2589000000000001
14981,-5.2268999999999997,3.2589000000000001
14982,-5.7477,3.2570000000000001
14983,-6.4669999999999996,3.2551999999999999
14984,-7.5768000000000004,3.2532999999999999
14985,-6.5476000000000001,3.2532999999999999
14986,-7.8186999999999998,3.2513999999999998
14987,-8.3394999999999992,3.2496
14988,-9.2570999999999994,3.2440000000000002
14989,-9.5114000000000001,3.2440000000000002
14990,-9.9763999999999999,3.2421000000000002
14991,-10.497199999999999,3.2403
14992,-11.464499999999999,3.2366000000000001
14993,-11.6319,3.2366000000000001
14994,-12.1465,3.2347000000000001
14995,-12.698399999999999,3.2328000000000001
14996,-13.814399999999999,3.2290999999999999
14997,-13.907400000000001,3.2290999999999999
14998,-14.496499999999999,3.2273000000000001
14999,-5.2641,3.2421000000000002
15000,-5.1835000000000004,3.2440000000000002
15001,-5.1897000000000002,3.2440000000000002
15002,-5.1835000000000004,3.2458999999999998
15003,-5.1835000000000004,3.2458999999999998
15004,-5.1835000000000004,3.2458999999999998
15005,-5.1897000000000002,3.2458999999999998
15006,-5.1897000000000002,3.2458999999999998
15007,-5.1835000000000004,3.2458999999999998
15008,-5.1835000000000004,3.2496
15009,-5.1835000000000004,3.2496
15010,-5.1835000000000004,3.2496
15011,0.97340000000000004,3.2606999999999999
15012,1.0105999999999999,3.2625999999999999
15013,0.65720000000000001,3.2625999999999999
15014,0.77500000000000002,3.2645
15015,0.66339999999999999,3.2645
15016,0.37819999999999998,3.2645
15017,0.45879999999999999,3.2645
15018,0.33479999999999999,3.2663000000000002
15019,-3.6272000000000002,3.2589000000000001
15020,-3.7016,3.2570000000000001
15021,-3.7016,3.2570000000000001
15022,-3.7016,3.2570000000000001
15023,-3.6953999999999998,3.2570000000000001
15024,-3.7016,3.2570000000000001
15025,-3.7016,3.2570000000000001
15026,-3.7016,3.2570000000000001
15027,-3.7016,3.2570000000000001
15028,-3.6953999999999998,3.2570000000000001
15029,-3.6953999999999998,3.2570000000000001
15030,-3.7016,3.2570000000000001
15031,-3.6953999999999998,3.2570000000000001
15032,1.6927000000000001,3.2663000000000002
15033,1.5065999999999999,3.2682000000000002
15034,1.3391999999999999,3.2682000000000002
15035,0.93620000000000003,3.2682000000000002
15036,0.65720000000000001,3.2682000000000002
15037,0.41539999999999999,3.2682000000000002
15038,0.13020000000000001,3.2682000000000002
15039,-0.34100000000000003,3.2663000000000002
15040,-0.74399999999999999,3.2663000000000002
15041,-1.1097999999999999,3.2663000000000002
15042,-1.3453999999999999,3.2645
15043,-1.4694,3.2645
15044,-0.65720000000000001,3.2663000000000002
15045,-0.66959999999999997,3.2663000000000002
15046,-0.66959999999999997,3.2663000000000002
15047,-0.66959999999999997,3.2663000000000002
15048,-0.66959999999999997,3.2663000000000002
15049,-0.66959999999999997,3.2663000000000002
15050,-0.66959999999999997,3.2663000000000002
15051,-0.66959999999999997,3.2663000000000002
15052,-0.65720000000000001,3.2682000000000002
15053,-0.65720000000000001,3.2682000000000002
15054,-0.66959999999999997,3.2682000000000002
15055,-0.66959999999999997,3.2682000000000002
15056,-0.65720000000000001,3.2682000000000002
15057,-0.65720000000000001,3.2682000000000002
15058,-0.65720000000000001,3.2682000000000002
15059,-0.66959999999999997,3.2682000000000002
15060,-0.65720000000000001,3.2682000000000002
15061,-0.65720000000000001,3.2682000000000002
15062,-0.66959999999999997,3.2682000000000002
15063,-0.66959999999999997,3.2682000000000002
15064,-0.66959999999999997,3.2682000000000002
15065,-0.66959999999999997,3.2682000000000002
15066,-0.65720000000000001,3.2682000000000002
15067,-0.66959999999999997,3.2682000000000002
15068,-0.65720000000000001,3.2682000000000002
15069,-0.66959999999999997,3.2682000000000002
15070,-0.66959999999999997,3.27
15071,-0.66959999999999997,3.27
15072,-2.3189000000000002,3.2663000000000002
15073,-3.2551999999999999,3.2645
15074,-4.2720000000000002,3.2625999999999999
15075,-5.2702999999999998,3.2589000000000001
15076,-6.2624000000000004,3.2570000000000001
15077,-2.1453000000000002,3.2645
15078,-2.1019000000000001,3.2645
15079,-5.6547000000000001,3.2570000000000001
15080,-6.3925999999999998,3.2551999999999999
15081,-7.2667999999999999,3.2532999999999999
15082,-7.7442000000000002,3.2513999999999998
15083,-8.4262999999999995,3.2496
15084,-9.1082999999999998,3.2458999999999998
15085,-10.15,3.2421000000000002
15086,-10.5778,3.2403
15087,-11.235099999999999,3.2383999999999999
15088,-3.8256000000000001,3.2532999999999999
15089,-3.7511999999999999,3.2532999999999999
15090,-10.5406,3.2403
15091,-11.1297,3.2383999999999999
15092,-11.2661,3.2366000000000001
15093,-12.2209,3.2347000000000001
15094,-12.791399999999999,3.2328000000000001
15095,-13.3432,3.2309999999999999
15096,-13.392799999999999,3.2290999999999999
15097,-14.502700000000001,3.2254
15098,-5.3013000000000003,3.2421000000000002
15099,-5.1835000000000004,3.2440000000000002
15100,-12.698399999999999,3.2309999999999999
15101,-13.864000000000001,3.2273000000000001
15102,-13.74,3.2254
15103,-14.831300000000001,3.2235
15104,-14.694900000000001,3.2235
15105,-15.197100000000001,3.2216999999999998
15106,-16.338000000000001,3.218
15107,-16.1768,3.218
15108,-16.697600000000001,3.2161
15109,-17.9315,3.2124000000000001
15110,-17.770299999999999,3.2124000000000001
15111,-19.097200000000001,3.2086999999999999
15112,-18.948399999999999,3.2086999999999999
15113,-8.4634999999999998,3.2273000000000001
15114,-8.3890999999999991,3.2290999999999999
15115,-8.3828999999999994,3.2290999999999999
15116,-8.3890999999999991,3.2290999999999999
15117,-8.3890999999999991,3.2290999999999999
15118,-8.3828999999999994,3.2309999999999999
15119,-8.3890999999999991,3.2309999999999999
15120,-8.3890999999999991,3.2309999999999999
15121,-8.3828999999999994,3.2309999999999999
15122,-8.3828999999999994,3.2309999999999999
15123,-8.3890999999999991,3.2309999999999999
15124,-8.3828999999999994,3.2328000000000001
15125,-8.3890999999999991,3.2309999999999999
15126,-8.3828999999999994,3.2309999999999999
15127,-8.3828999999999994,3.2328000000000001
15128,-8.3828999999999994,3.2328000000000001
15129,-8.3890999999999991,3.2328000000000001
15130,-8.3828999999999994,3.2328000000000001
15131,-8.3890999999999991,3.2328000000000001
15132,-8.3828999999999994,3.2309999999999999
15133,-8.3953000000000007,3.2328000000000001
15134,-8.3828999999999994,3.2328000000000001
15135,-8.3890999999999991,3.2328000000000001
15136,-8.3828999999999994,3.2328000000000001
15137,-8.3890999999999991,3.2328000000000001
15138,-8.3828999999999994,3.2328000000000001
15139,-8.3953000000000007,3.2328000000000001
15140,-8.3890999999999991,3.2328000000000001
15141,-8.3828999999999994,3.2328000000000001
15142,-8.3890999999999991,3.2328000000000001
15143,-8.3828999999999994,3.2328000000000001
15144,-8.3828999999999994,3.2328000000000001
15145,-8.3828999999999994,3.2328000000000001
15146,-8.3890999999999991,3.2328000000000001
15147,-8.3828999999999994,3.2328000000000001
15148,-8.3890999999999991,3.2328000000000001
15149,-8.3890999999999991,3.2328000000000001
15150,-8.3828999999999994,3.2328000000000001
15151,-8.3828999999999994,3.2328000000000001
15152,-8.3890999999999991,3.2328000000000001
15153,-8.3704999999999998,3.2309999999999999
15154,-8.3828999999999994,3.2328000000000001
15155,-8.3828999999999994,3.2328000000000001
15156,-8.3890999999999991,3.2328000000000001
15157,-8.3828999999999994,3.2309999999999999
15158,-8.3890999999999991,3.2328000000000001
15159,-8.3890999999999991,3.2328000000000001
15160,-8.3890999999999991,3.2328000000000001
15161,-8.3828999999999994,3.2328000000000001
15162,-8.3828999999999994,3.2328000000000001
15163,3.8999999999999999,3.2570000000000001
15164,3.8938000000000001,3.2589000000000001
15165,3.7450000000000001,3.2606999999999999
15166,3.5775999999999999,3.2625999999999999
15167,3.3730000000000002,3.2625999999999999
15168,3.2242000000000002,3.2645
15169,3.0133000000000001,3.2645
15170,2.8210999999999999,3.2645
15171,-5.0285000000000002,3.2513999999999998
15172,-5.1772999999999998,3.2496
15173,-5.1897000000000002,3.2496
15174,-5.1897000000000002,3.2496
15175,-5.1835000000000004,3.2458999999999998
15176,-5.1897000000000002,3.2458999999999998
15177,-5.1835000000000004,3.2458999999999998
15178,-5.1835000000000004,3.2458999999999998
15179,-5.1835000000000004,3.2458999999999998
15180,-5.1772999999999998,3.2458999999999998
15181,-5.1835000000000004,3.2458999999999998
15182,-5.1835000000000004,3.2458999999999998
15183,-5.1835000000000004,3.2458999999999998
15184,-5.1835000000000004,3.2458999999999998
15185,-5.1835000000000004,3.2458999999999998
15186,-5.1835000000000004,3.2458999999999998
15187,-5.1897000000000002,3.2458999999999998
15188,-5.1835000000000004,3.2458999999999998
15189,-5.1835000000000004,3.2458999999999998
15190,-5.1835000000000004,3.2458999999999998
15191,-5.1897000000000002,3.2458999999999998
15192,-5.1835000000000004,3.2458999999999998
15193,-5.1835000000000004,3.2458999999999998
15194,-5.1835000000000004,3.2458999999999998
15195,-5.1835000000000004,3.2440000000000002
15196,-5.1835000000000004,3.2458999999999998
15197,-5.1835000000000004,3.2458999999999998
15198,-5.1835000000000004,3.2458999999999998
15199,-5.1835000000000004,3.2440000000000002
15200,-5.1835000000000004,3.2458999999999998
15201,-5.1772999999999998,3.2458999999999998
15202,-5.1897000000000002,3.2440000000000002
15203,-5.1835000000000004,3.2458999999999998
15204,-5.1897000000000002,3.2458999999999998
15205,-5.1897000000000002,3.2458999999999998
15206,-5.1897000000000002,3.2440000000000002
15207,-5.1772999999999998,3.2458999999999998
15208,-5.1897000000000002,3.2458999999999998
15209,-5.1897000000000002,3.2440000000000002
15210,-5.1897000000000002,3.2458999999999998
15211,-5.1835000000000004,3.2458999999999998
15212,-5.1835000000000004,3.2458999999999998
15213,-5.1772999999999998,3.2440000000000002
15214,-5.1835000000000004,3.2458999999999998
15215,-5.1835000000000004,3.2458999999999998
15216,-5.1835000000000004,3.2458999999999998
15217,-5.1772999999999998,3.2458999999999998
15218,-5.1835000000000004,3.2458999999999998
15219,-5.1835000000000004,3.2458999999999998
15220,-5.1835000000000004,3.2440000000000002
15221,-5.1897000000000002,3.2440000000000002
15222,-5.1835000000000004,3.2458999999999998
15223,-5.1835000000000004,3.2458999999999998
15224,-5.1897000000000002,3.2458999999999998
15225,-5.1897000000000002,3.2440000000000002
15226,-5.1835000000000004,3.2458999999999998
15227,-5.1897000000000002,3.2458999999999998
15228,-5.1835000000000004,3.2440000000000002
15229,-5.1835000000000004,3.2458999999999998
15230,-5.1897000000000002,3.2440000000000002
15231,-5.1897000000000002,3.2458999999999998
15232,-5.1835000000000004,3.2458999999999998
15233,-5.1897000000000002,3.2458999999999998
15234,-5.1835000000000004,3.2440000000000002
15235,-5.1835000000000004,3.2440000000000002
15236,-5.1835000000000004,3.2458999999999998
15237,-5.1772999999999998,3.2458999999999998
15238,-5.1835000000000004,3.2458999999999998
15239,-5.1835000000000004,3.2440000000000002
15240,-12.7418,3.2309999999999999
15241,-13.901199999999999,3.2273000000000001
15242,-13.7896,3.2254
15243,-14.8561,3.2216999999999998
15244,-14.7507,3.2216999999999998
15245,-15.2095,3.2198000000000002
15246,-16.381399999999999,3.218
15247,-16.220199999999998,3.2161
15248,-16.741,3.2141999999999999
15249,-17.981100000000001,3.2105000000000001
15250,-17.8261,3.2105000000000001
15251,-19.134399999999999,3.2067999999999999
15252,-18.979399999999998,3.2067999999999999
15253,-8.5068999999999999,3.2254
15254,-8.3890999999999991,3.2254
15255,-8.3890999999999991,3.2273000000000001
15256,-8.3828999999999994,3.2273000000000001
15257,-8.3828999999999994,3.2273000000000001
15258,-8.3828999999999994,3.2290999999999999
15259,-8.3704999999999998,3.2290999999999999
15260,-8.3828999999999994,3.2290999999999999
15261,-8.3828999999999994,3.2290999999999999
15262,-8.3828999999999994,3.2290999999999999
15263,-8.3890999999999991,3.2290999999999999
15264,-8.3828999999999994,3.2290999999999999
15265,-8.3890999999999991,3.2290999999999999
15266,-8.3890999999999991,3.2290999999999999
15267,-8.3890999999999991,3.2290999999999999
15268,-8.3828999999999994,3.2290999999999999
15269,-8.3890999999999991,3.2290999999999999
15270,-8.3890999999999991,3.2290999999999999
15271,-8.3828999999999994,3.2290999999999999
15272,-8.3890999999999991,3.2290999999999999
15273,-8.3890999999999991,3.2290999999999999
15274,-8.3828999999999994,3.2290999999999999
15275,-8.3890999999999991,3.2309999999999999
15276,-8.3704999999999998,3.2290999999999999
15277,-8.3828999999999994,3.2309999999999999
15278,-8.3828999999999994,3.2290999999999999
15279,-8.3890999999999991,3.2309999999999999
15280,-8.3890999999999991,3.2309999999999999
15281,-8.3890999999999991,3.2290999999999999
15282,-8.3828999999999994,3.2309999999999999
15283,-8.3953000000000007,3.2290999999999999
15284,-8.3828999999999994,3.2290999999999999
15285,-8.4262999999999995,3.2290999999999999
15286,-8.4200999999999997,3.2309999999999999
15287,-8.4262999999999995,3.2290999999999999
15288,-8.4262999999999995,3.2290999999999999
15289,-8.4324999999999992,3.2290999999999999
15290,-8.4262999999999995,3.2309999999999999
15291,-8.4324999999999992,3.2290999999999999
15292,-8.4262999999999995,3.2290999999999999
15293,-8.4262999999999995,3.2290999999999999
15294,-8.4262999999999995,3.2290999999999999
15295,-8.4324999999999992,3.2290999999999999
15296,-8.4262999999999995,3.2309999999999999
15297,-8.4262999999999995,3.2290999999999999
15298,-8.4262999999999995,3.2290999999999999
15299,-8.4262999999999995,3.2290999999999999
15300,-8.4262999999999995,3.2290999999999999
15301,-8.4324999999999992,3.2290999999999999
15302,-8.4324999999999992,3.2290999999999999
15303,-14.738300000000001,3.218
15304,-14.3353,3.218
15305,-15.2963,3.2141999999999999
15306,-14.825100000000001,3.2141999999999999
15307,-15.8172,3.2124000000000001
15308,-15.339700000000001,3.2124000000000001
15309,-16.3628,3.2105000000000001
15310,-16.666599999999999,3.2086999999999999
15311,-16.145800000000001,3.2086999999999999
15312,-17.224699999999999,3.2067999999999999
15313,-16.685199999999998,3.2067999999999999
15314,-17.8261,3.2048999999999999
15315,-17.249500000000001,3.2048999999999999
15316,-18.427499999999998,3.2031000000000001
15317,-18.780999999999999,3.2012
15318,-18.142299999999999,3.2012
15319,-19.376200000000001,3.1974999999999998
15320,-18.774799999999999,3.1974999999999998
15321,-20.014800000000001,3.1956000000000002
15322,-19.425799999999999,3.1956000000000002
15323,-20.703099999999999,3.1938
15324,-21.0627,3.1919
15325,-20.424099999999999,3.1919
15326,-21.775700000000001,3.1901000000000002
15327,-21.093699999999998,3.1901000000000002
15328,-22.488800000000001,3.1863000000000001
15329,-21.831499999999998,3.1882000000000001
15330,-23.220400000000001,3.1844999999999999
15331,-23.648299999999999,3.1825999999999999
15332,-22.928999999999998,3.1844999999999999
15333,-24.410900000000002,3.1808000000000001
15334,-23.697900000000001,3.1825999999999999
15335,-25.204599999999999,3.1789000000000001
15336,-24.4605,3.1789000000000001
15337,-26.066400000000002,3.177
15338,-16.418600000000001,3.1919
15339,-16.338000000000001,3.1938
15340,-16.331800000000001,3.1938
15341,-16.338000000000001,3.1938
15342,-16.338000000000001,3.1956000000000002
15343,-16.344200000000001,3.1956000000000002
15344,-16.331800000000001,3.1956000000000002
15345,-16.338000000000001,3.1956000000000002
15346,-16.344200000000001,3.1956000000000002
15347,-16.338000000000001,3.1956000000000002
15348,-16.331800000000001,3.1956000000000002
15349,-16.344200000000001,3.1956000000000002
15350,-16.344200000000001,3.1956000000000002
15351,-16.338000000000001,3.1956000000000002
15352,-16.3504,3.1956000000000002
15353,-16.331800000000001,3.1956000000000002
15354,-16.344200000000001,3.1956000000000002
15355,-16.344200000000001,3.1956000000000002
15356,-16.338000000000001,3.1956000000000002
15357,-16.344200000000001,3.1974999999999998
15358,-16.331800000000001,3.1956000000000002
15359,-16.344200000000001,3.1956000000000002
15360,-16.338000000000001,3.1956000000000002
15361,-16.344200000000001,3.1956000000000002
15362,-16.331800000000001,3.1956000000000002
15363,-16.344200000000001,3.1956000000000002
15364,-16.3752,3.1956000000000002
15365,-16.3752,3.1956000000000002
15366,-16.381399999999999,3.1956000000000002
15367,-16.381399999999999,3.1956000000000002
15368,-27.746700000000001,3.1751999999999998
15369,-28.373000000000001,3.1732999999999998
15370,-28.887599999999999,3.1696
15371,-29.457999999999998,3.1696
15372,-30.016100000000002,3.1659000000000002
15373,-30.567900000000002,3.1640000000000001
15374,-31.1631,3.1621999999999999
15375,-31.727399999999999,3.1602999999999999
15376,-32.335000000000001,3.1583999999999999
15377,-32.967500000000001,3.1566000000000001
15378,-33.568899999999999,3.1547000000000001
15379,-34.250900000000001,3.1509999999999998
15380,-34.889600000000002,3.1490999999999998
15381,-35.552999999999997,3.1473
15382,-36.278500000000001,3.1454
15383,-36.966700000000003,3.1436000000000002
15384,-37.686,3.1417000000000002
15385,-38.43,3.1398000000000001
15386,-39.198900000000002,3.1379999999999999
15387,-39.967700000000001,3.1360999999999999
15388,-24.782900000000001,3.1621999999999999
15389,-24.683700000000002,3.1659000000000002
15390,-24.696100000000001,3.1659000000000002
15391,-24.689900000000002,3.1659000000000002
15392,-24.696100000000001,3.1659000000000002
15393,-24.683700000000002,3.1659000000000002
15394,-24.689900000000002,3.1677
15395,-24.7333,3.1677
15396,-24.7395,3.1677
15397,-24.7395,3.1677
15398,2.8210999999999999,3.218
15399,3.2551999999999999,3.2235
15400,3.5714000000000001,3.2273000000000001
15401,3.8069999999999999,3.2309999999999999
15402,4.0612000000000004,3.2328000000000001
15403,4.2906000000000004,3.2366000000000001
15404,4.4951999999999996,3.2383999999999999
15405,4.6626000000000003,3.2403
15406,4.8177000000000003,3.2421000000000002
15407,4.8982999999999999,3.2440000000000002
15408,4.9417,3.2458999999999998
15409,4.9230999999999998,3.2458999999999998
15410,4.8982999999999999,3.2496
15411,4.8611000000000004,3.2513999999999998
15412,4.7805,3.2513999999999998
15413,4.6936999999999998,3.2532999999999999
15414,9.9763999999999999,3.2625999999999999
15415,9.9825999999999997,3.2663000000000002
15416,9.0152999999999999,3.2645
15417,8.8169000000000004,3.2663000000000002
15418,7.9364999999999997,3.2663000000000002
15419,7.6574,3.2663000000000002
15420,6.7893999999999997,3.2645
15421,6.4607999999999999,3.2645
15422,8.2217000000000002,3.27
15423,7.1055999999999999,3.2682000000000002
15424,5.8964999999999996,3.2663000000000002
15425,4.7432999999999996,3.2663000000000002
15426,3.7450000000000001,3.2645
15427,2.7839,3.2625999999999999
15428,1.8105,3.2606999999999999
15429,0.40920000000000001,3.2589000000000001
15430,-0.74399999999999999,3.2551999999999999
15431,-1.4259999999999999,3.2532999999999999
15432,-0.65720000000000001,3.2551999999999999
15433,-0.66959999999999997,3.2551999999999999
15434,-0.65720000000000001,3.2551999999999999
15435,-0.66959999999999997,3.2551999999999999
15436,-0.66959999999999997,3.2551999999999999
15437,-0.66959999999999997,3.2551999999999999
15438,-0.66959999999999997,3.2551999999999999
15439,-0.65720000000000001,3.2551999999999999
15440,-0.66959999999999997,3.2551999999999999
15441,-0.66959999999999997,3.2551999999999999
15442,-0.66959999999999997,3.2551999999999999
15443,-0.65720000000000001,3.2551999999999999
15444,-0.65720000000000001,3.2551999999999999
15445,-0.65720000000000001,3.2551999999999999
15446,-0.66959999999999997,3.2570000000000001
15447,-0.65720000000000001,3.2570000000000001
15448,-0.66959999999999997,3.2570000000000001
15449,-0.66959999999999997,3.2570000000000001
15450,-0.66959999999999997,3.2570000000000001
15451,-0.074399999999999994,3.2570000000000001
15452,-0.65720000000000001,3.2570000000000001
15453,-0.66959999999999997,3.2570000000000001
15454,-0.65720000000000001,3.2570000000000001
15455,-0.66959999999999997,3.2570000000000001
15456,-0.65720000000000001,3.2570000000000001
15457,-0.66959999999999997,3.2570000000000001
15458,-0.65720000000000001,3.2570000000000001
15459,-0.65720000000000001,3.2570000000000001
15460,-0.66959999999999997,3.2570000000000001
15461,-0.65720000000000001,3.2570000000000001
15462,-0.65720000000000001,3.2570000000000001
15463,-0.66959999999999997,3.2570000000000001
15464,-2.7467000000000001,3.2551999999999999
15465,-4.1790000000000003,3.2513999999999998
15466,-5.7849000000000004,3.2458999999999998
15467,-7.2233999999999998,3.2421000000000002
15468,-2.1515,3.2532999999999999
15469,-2.0585,3.2532999999999999
15470,-2.0585,3.2532999999999999
15471,-2.0647000000000002,3.2532999999999999
15472,-2.0647000000000002,3.2532999999999999
15473,-2.0647000000000002,3.2551999999999999
15474,-2.0585,3.2532999999999999
15475,-2.0585,3.2551999999999999
15476,-0.30380000000000001,3.2570000000000001
15477,-0.70679999999999998,3.2570000000000001
15478,-1.0726,3.2570000000000001
15479,-1.3515999999999999,3.2570000000000001
15480,-1.4694,3.2570000000000001
15481,-0.66959999999999997,3.2589000000000001
15482,-0.66959999999999997,3.2589000000000001
15483,-0.65720000000000001,3.2589000000000001
15484,-0.66959999999999997,3.2589000000000001
15485,-0.66959999999999997,3.2589000000000001
15486,-0.66959999999999997,3.2589000000000001
15487,-0.66959999999999997,3.2589000000000001
15488,-0.66959999999999997,3.2589000000000001
15489,-0.65720000000000001,3.2589000000000001
15490,-0.66959999999999997,3.2589000000000001
15491,-0.66959999999999997,3.2589000000000001
15492,-0.66959999999999997,3.2606999999999999
15493,-0.66959999999999997,3.2589000000000001
15494,-0.66959999999999997,3.2606999999999999
15495,-0.65720000000000001,3.2606999999999999
15496,-0.65720000000000001,3.2606999999999999
15497,-0.65720000000000001,3.2606999999999999
15498,-0.66959999999999997,3.2606999999999999
15499,-0.65720000000000001,3.2606999999999999
15500,-0.66959999999999997,3.2606999999999999
15501,-0.66959999999999997,3.2606999999999999
15502,-2.1080999999999999,3.2589000000000001
15503,-2.8334999999999999,3.2570000000000001
15504,-3.6581999999999999,3.2551999999999999
15505,-4.5014000000000003,3.2532999999999999
15506,-5.1835000000000004,3.2513999999999998
15507,-6.1073000000000004,3.2458999999999998
15508,-7.0250000000000004,3.2440000000000002
15509,-7.7504,3.2421000000000002
15510,-8.8975000000000009,3.2403
15511,-9.9019999999999992,3.2366000000000001
15512,-10.5778,3.2347000000000001
15513,-11.8985,3.2309999999999999
15514,-3.5838000000000001,3.2458999999999998
15515,-3.4722,3.2458999999999998
15516,-3.4660000000000002,3.2496
15517,-3.4722,3.2496
15518,-3.4722,3.2496
15519,-3.4660000000000002,3.2496
15520,-3.4722,3.2496
15521,-3.4722,3.2496
15522,-3.4722,3.2513999999999998
15523,-3.4722,3.2513999999999998
15524,-3.4660000000000002,3.2513999999999998
15525,-3.4722,3.2513999999999998
15526,-3.4784000000000002,3.2513999999999998
15527,-3.4660000000000002,3.2513999999999998
15528,-3.4660000000000002,3.2513999999999998
15529,-3.4660000000000002,3.2513999999999998
15530,-3.4660000000000002,3.2513999999999998
15531,-3.4660000000000002,3.2513999999999998
15532,-3.4722,3.2513999999999998
15533,-3.4660000000000002,3.2513999999999998
15534,-3.4722,3.2513999999999998
15535,-3.4722,3.2513999999999998
15536,-3.4660000000000002,3.2513999999999998
15537,-3.4660000000000002,3.2513999999999998
15538,1.3764000000000001,3.2606999999999999
15539,1.1718,3.2606999999999999
15540,0.93620000000000003,3.2606999999999999
15541,0.65720000000000001,3.2606999999999999
15542,0.40920000000000001,3.2606999999999999
15543,0.21079999999999999,3.2606999999999999
15544,-0.34720000000000001,3.2606999999999999
15545,-0.78739999999999999,3.2606999999999999
15546,-1.1097999999999999,3.2589000000000001
15547,-1.3515999999999999,3.2589000000000001
15548,-1.4694,3.2589000000000001
15549,-0.65720000000000001,3.2606999999999999
15550,-0.66959999999999997,3.2606999999999999
15551,-0.66959999999999997,3.2606999999999999
15552,-0.65720000000000001,3.2606999999999999
15553,-0.65720000000000001,3.2606999999999999
15554,-0.66959999999999997,3.2606999999999999
15555,-0.65720000000000001,3.2606999999999999
15556,-0.66959999999999997,3.2606999999999999
15557,-0.65720000000000001,3.2606999999999999
15558,-0.65720000000000001,3.2625999999999999
15559,-0.65720000000000001,3.2625999999999999
15560,-0.66959999999999997,3.2606999999999999
15561,-0.65720000000000001,3.2625999999999999
15562,-0.66959999999999997,3.2625999999999999
15563,-0.66959999999999997,3.2625999999999999
15564,-0.65720000000000001,3.2625999999999999
15565,-0.66959999999999997,3.2625999999999999
15566,-0.65720000000000001,3.2625999999999999
15567,-0.65720000000000001,3.2625999999999999
15568,-0.65720000000000001,3.2625999999999999
15569,-0.66959999999999997,3.2625999999999999
15570,-1.7795000000000001,3.2606999999999999
15571,-2.1453000000000002,3.2606999999999999
15572,-2.6227,3.2589000000000001
15573,-2.9885000000000002,3.2570000000000001
15574,-3.4163999999999999,3.2570000000000001
15575,-3.8565999999999998,3.2551999999999999
15576,-4.4207999999999998,3.2551999999999999
15577,-4.7495000000000003,3.2532999999999999
15578,-5.1835000000000004,3.2532999999999999
15579,-5.6981000000000002,3.2513999999999998
15580,-6.4236000000000004,3.2496
15581,-7.5457999999999998,3.2440000000000002
15582,-6.4980000000000002,3.2458999999999998
15583,-7.7813999999999997,3.2421000000000002
15584,-8.3085000000000004,3.2403
15585,-9.2385000000000002,3.2383999999999999
15586,-9.4618000000000002,3.2383999999999999
15587,-9.9391999999999996,3.2366000000000001
15588,-10.460000000000001,3.2347000000000001
15589,-11.427300000000001,3.2328000000000001
15590,-11.5389,3.2309999999999999
15591,-12.1031,3.2290999999999999
15592,-12.654999999999999,3.2273000000000001
15593,-13.74,3.2235
15594,-13.8268,3.2235
15595,-14.4655,3.2216999999999998
15596,-5.2579000000000002,3.2383999999999999
15597,-5.1401000000000003,3.2383999999999999
15598,-5.1463000000000001,3.2403
15599,-5.1524999999999999,3.2403
15600,-5.1463000000000001,3.2403
15601,-5.1401000000000003,3.2403
15602,-5.1463000000000001,3.2403
15603,-5.1463000000000001,3.2421000000000002
15604,-5.1401000000000003,3.2421000000000002
15605,-5.1463000000000001,3.2421000000000002
15606,-5.1524999999999999,3.2421000000000002
15607,-5.1401000000000003,3.2421000000000002
15608,0.97340000000000004,3.2551999999999999
15609,0.97340000000000004,3.2570000000000001
15610,0.65720000000000001,3.2570000000000001
15611,0.77500000000000002,3.2589000000000001
15612,0.66339999999999999,3.2589000000000001
15613,0.37819999999999998,3.2589000000000001
15614,0.4526,3.2589000000000001
15615,0.33479999999999999,3.2606999999999999
15616,-3.6272000000000002,3.2532999999999999
15617,-3.6953999999999998,3.2532999999999999
15618,-3.7016,3.2513999999999998
15619,-3.7016,3.2513999999999998
15620,-3.6953999999999998,3.2513999999999998
15621,-3.7016,3.2513999999999998
15622,-3.7016,3.2513999999999998
15623,-3.6953999999999998,3.2513999999999998
15624,-3.7016,3.2513999999999998
15625,-3.6953999999999998,3.2513999999999998
15626,-3.6953999999999998,3.2513999999999998
15627,-3.7016,3.2513999999999998
15628,-3.7016,3.2513999999999998
15629,1.7051000000000001,3.2606999999999999
15630,1.5065999999999999,3.2625999999999999
15631,1.3391999999999999,3.2625999999999999
15632,0.93620000000000003,3.2625999999999999
15633,0.65720000000000001,3.2625999999999999
15634,0.41539999999999999,3.2625999999999999
15635,0.13020000000000001,3.2625999999999999
15636,-0.34100000000000003,3.2625999999999999
15637,-0.74399999999999999,3.2606999999999999
15638,-1.1097999999999999,3.2606999999999999
15639,-1.3515999999999999,3.2606999999999999
15640,-1.4694,3.2589000000000001
15641,-0.66959999999999997,3.2606999999999999
15642,-0.66959999999999997,3.2625999999999999
15643,-0.66959999999999997,3.2606999999999999
15644,-0.66959999999999997,3.2625999999999999
15645,-0.66959999999999997,3.2606999999999999
15646,-0.66959999999999997,3.2625999999999999
15647,-0.66959999999999997,3.2625999999999999
15648,-0.65720000000000001,3.2625999999999999
15649,-0.66959999999999997,3.2625999999999999
15650,-0.66959999999999997,3.2625999999999999
15651,-0.65720000000000001,3.2625999999999999
15652,-0.65720000000000001,3.2625999999999999
15653,-0.65720000000000001,3.2625999999999999
15654,-0.66959999999999997,3.2625999999999999
15655,-0.65720000000000001,3.2625999999999999
15656,-0.65720000000000001,3.2625999999999999
15657,-0.65720000000000001,3.2625999999999999
15658,-0.66959999999999997,3.2625999999999999
15659,-0.66959999999999997,3.2625999999999999
15660,-2.7467000000000001,3.2589000000000001
15661,-4.1790000000000003,3.2570000000000001
15662,-5.8345000000000002,3.2532999999999999
15663,-7.2172000000000001,3.2496
15664,-2.1886999999999999,3.2570000000000001
15665,-2.0647000000000002,3.2589000000000001
15666,-2.0647000000000002,3.2589000000000001
15667,-2.0647000000000002,3.2589000000000001
15668,-2.0647000000000002,3.2589000000000001
15669,-2.0585,3.2589000000000001
15670,-2.0585,3.2589000000000001
15671,-2.0647000000000002,3.2589000000000001
15672,-0.30380000000000001,3.2625999999999999
15673,-0.70679999999999998,3.2625999999999999
15674,-1.0664,3.2606999999999999
15675,-1.3515999999999999,3.2606999999999999
15676,-1.4632000000000001,3.2606999999999999
15677,-0.66959999999999997,3.2625999999999999
15678,-0.66959999999999997,3.2625999999999999
15679,-0.66959999999999997,3.2625999999999999
15680,-0.66959999999999997,3.2625999999999999
15681,-0.66959999999999997,3.2625999999999999
15682,-0.65720000000000001,3.2625999999999999
15683,-0.66959999999999997,3.2645
15684,-0.65720000000000001,3.2645
15685,-0.65720000000000001,3.2645
15686,-0.66959999999999997,3.2645
15687,-0.66959999999999997,3.2645
15688,-0.66959999999999997,3.2645
15689,-0.66959999999999997,3.2645
15690,-0.65720000000000001,3.2645
15691,-0.66959999999999997,3.2645
15692,-0.66959999999999997,3.2645
15693,-0.65720000000000001,3.2645
15694,-0.65720000000000001,3.2645
15695,-0.66959999999999997,3.2645
15696,-0.65720000000000001,3.2645
15697,-0.66959999999999997,3.2645
15698,-2.1080999999999999,3.2625999999999999
15699,-2.8273000000000001,3.2606999999999999
15700,-3.6581999999999999,3.2589000000000001
15701,-4.5014000000000003,3.2570000000000001
15702,-5.1835000000000004,3.2551999999999999
15703,-6.1383000000000001,3.2532999999999999
15704,-7.0250000000000004,3.2496
15705,-7.7442000000000002,3.2458999999999998
15706,-8.9408999999999992,3.2421000000000002
15707,-9.9515999999999991,3.2403
15708,-10.5716,3.2383999999999999
15709,-11.8985,3.2347000000000001
15710,-3.5838000000000001,3.2513999999999998
15711,-3.4722,3.2513999999999998
15712,-3.4722,3.2513999999999998
15713,-3.4722,3.2532999999999999
15714,-3.4660000000000002,3.2532999999999999
15715,-3.4660000000000002,3.2532999999999999
15716,-3.4722,3.2532999999999999
15717,-3.4722,3.2532999999999999
15718,-3.4660000000000002,3.2532999999999999
15719,-3.4722,3.2532999999999999
15720,-3.4660000000000002,3.2532999999999999
15721,-3.4660000000000002,3.2532999999999999
15722,-3.4660000000000002,3.2532999999999999
15723,-3.4722,3.2532999999999999
15724,-3.4660000000000002,3.2532999999999999
15725,-3.4660000000000002,3.2532999999999999
15726,-3.4722,3.2532999999999999
15727,-3.4660000000000002,3.2532999999999999
15728,-3.4660000000000002,3.2532999999999999
15729,-3.4722,3.2532999999999999
15730,-3.4660000000000002,3.2532999999999999
15731,-3.4660000000000002,3.2532999999999999
15732,-3.4660000000000002,3.2532999999999999
15733,-3.4660000000000002,3.2532999999999999
15734,1.3702000000000001,3.2625999999999999
15735,1.2152000000000001,3.2645
15736,0.93620000000000003,3.2645
15737,0.65720000000000001,3.2645
15738,0.40920000000000001,3.2645
15739,0.21079999999999999,3.2645
15740,-0.34720000000000001,3.2625999999999999
15741,-0.78739999999999999,3.2625999999999999
15742,-1.1097999999999999,3.2625999999999999
15743,-1.3453999999999999,3.2625999999999999
15744,-1.4632000000000001,3.2606999999999999
15745,-0.66959999999999997,3.2625999999999999
15746,-0.66959999999999997,3.2625999999999999
15747,-0.66959999999999997,3.2625999999999999
15748,-0.66959999999999997,3.2625999999999999
15749,-0.65720000000000001,3.2625999999999999
15750,-0.66959999999999997,3.2645
15751,-0.65720000000000001,3.2645
15752,-0.66959999999999997,3.2645
15753,-0.65720000000000001,3.2645
15754,-0.65720000000000001,3.2645
15755,-0.65720000000000001,3.2645
15756,-0.65720000000000001,3.2645
15757,-0.66959999999999997,3.2645
15758,-0.65720000000000001,3.2645
15759,-0.65720000000000001,3.2645
15760,-0.65720000000000001,3.2645
15761,-0.66959999999999997,3.2645
15762,-0.66959999999999997,3.2645
15763,-0.65720000000000001,3.2645
15764,-0.66959999999999997,3.2663000000000002
15765,-0.65720000000000001,3.2645
15766,-1.7857000000000001,3.2625999999999999
15767,-2.1453000000000002,3.2625999999999999
15768,-2.6227,3.2606999999999999
15769,-2.9823,3.2606999999999999
15770,-3.4226000000000001,3.2589000000000001
15771,-3.8628,3.2570000000000001
15772,-4.4580000000000002,3.2551999999999999
15773,-4.7432999999999996,3.2551999999999999
15774,-5.2268999999999997,3.2532999999999999
15775,-5.7042999999999999,3.2532999999999999
15776,-6.4669999999999996,3.2513999999999998
15777,-7.5457999999999998,3.2458999999999998
15778,-6.5476000000000001,3.2496
15779,-7.7751999999999999,3.2440000000000002
15780,-8.3457000000000008,3.2421000000000002
15781,-9.2199000000000009,3.2403
15782,-9.4556000000000004,3.2403
15783,-9.9329999999999998,3.2383999999999999
15784,-10.466200000000001,3.2366000000000001
15785,-11.421099999999999,3.2328000000000001
15786,-11.5761,3.2309999999999999
15787,-12.0969,3.2309999999999999
15788,-12.6798,3.2290999999999999
15789,-13.7462,3.2254
15790,-13.8826,3.2235
15791,-14.4717,3.2216999999999998
15792,-5.2516999999999996,3.2383999999999999
15793,-5.1401000000000003,3.2403
15794,-5.1401000000000003,3.2403
15795,-5.1401000000000003,3.2421000000000002
15796,-5.1401000000000003,3.2421000000000002
15797,-5.1463000000000001,3.2421000000000002
15798,-5.1463000000000001,3.2421000000000002
15799,-5.1463000000000001,3.2421000000000002
15800,-5.1463000000000001,3.2421000000000002
15801,-5.1401000000000003,3.2421000000000002
15802,-5.1463000000000001,3.2421000000000002
15803,-5.1463000000000001,3.2440000000000002
15804,0.97340000000000004,3.2570000000000001
15805,1.0167999999999999,3.2589000000000001
15806,0.65720000000000001,3.2589000000000001
15807,0.77500000000000002,3.2589000000000001
15808,0.65720000000000001,3.2606999999999999
15809,0.372,3.2606999999999999
15810,0.4526,3.2606999999999999
15811,0.33479999999999999,3.2606999999999999
15812,-3.6334,3.2532999999999999
15813,-3.7078000000000002,3.2532999999999999
15814,-3.7078000000000002,3.2532999999999999
15815,-3.7016,3.2532999999999999
15816,-3.7016,3.2532999999999999
15817,-3.7016,3.2532999999999999
15818,-3.7078000000000002,3.2532999999999999
15819,-3.7016,3.2513999999999998
15820,-3.7078000000000002,3.2532999999999999
15821,-3.7016,3.2513999999999998
15822,-3.7016,3.2513999999999998
15823,-3.7016,3.2513999999999998
15824,-3.6953999999999998,3.2513999999999998
15825,1.7051000000000001,3.2625999999999999
15826,1.5065999999999999,3.2625999999999999
15827,1.333,3.2645
15828,0.94240000000000002,3.2645
15829,0.65720000000000001,3.2645
15830,0.41539999999999999,3.2645
15831,0.13639999999999999,3.2645
15832,-0.34100000000000003,3.2625999999999999
15833,-0.74399999999999999,3.2625999999999999
15834,-1.1097999999999999,3.2625999999999999
15835,-1.3515999999999999,3.2606999999999999
15836,-1.4632000000000001,3.2606999999999999
15837,-0.65720000000000001,3.2625999999999999
15838,-0.66959999999999997,3.2625999999999999
15839,-0.66959999999999997,3.2625999999999999
15840,-0.66959999999999997,3.2625999999999999
15841,-0.66959999999999997,3.2625999999999999
15842,-0.66959999999999997,3.2625999999999999
15843,-0.65720000000000001,3.2625999999999999
15844,-0.65720000000000001,3.2645
15845,-0.66959999999999997,3.2645
15846,-0.66959999999999997,3.2645
15847,-0.66959999999999997,3.2645
15848,-0.66959999999999997,3.2645
15849,-0.65720000000000001,3.2645
15850,-0.66959999999999997,3.2645
15851,-0.66959999999999997,3.2645
15852,-0.66959999999999997,3.2645
15853,-0.66959999999999997,3.2645
15854,-0.66959999999999997,3.2645
15855,-0.66959999999999997,3.2645
15856,-2.7467000000000001,3.2606999999999999
15857,-4.1852,3.2570000000000001
15858,-5.8220999999999998,3.2532999999999999
15859,-7.2233999999999998,3.2513999999999998
15860,-2.1886999999999999,3.2589000000000001
15861,-2.1019000000000001,3.2589000000000001
15862,-2.1019000000000001,3.2589000000000001
15863,-2.1019000000000001,3.2589000000000001
15864,-2.1080999999999999,3.2589000000000001
15865,-2.1080999999999999,3.2606999999999999
15866,-2.1080999999999999,3.2606999999999999
15867,-2.1080999999999999,3.2606999999999999
15868,-0.30380000000000001,3.2645
15869,-0.70679999999999998,3.2645
15870,-1.0664,3.2625999999999999
15871,-1.3515999999999999,3.2625999999999999
15872,-1.4694,3.2625999999999999
15873,-0.66959999999999997,3.2625999999999999
15874,-0.65720000000000001,3.2645
15875,-0.65720000000000001,3.2645
15876,-0.66959999999999997,3.2645
15877,-0.66959999999999997,3.2645
15878,-0.66959999999999997,3.2645
15879,-0.66959999999999997,3.2645
15880,-0.66959999999999997,3.2645
15881,-0.65720000000000001,3.2645
15882,-0.65720000000000001,3.2645
15883,-0.66959999999999997,3.2645
15884,-0.65720000000000001,3.2645
15885,-0.65720000000000001,3.2645
15886,-0.66959999999999997,3.2645
15887,-0.65720000000000001,3.2645
15888,-0.66959999999999997,3.2663000000000002
15889,-0.65720000000000001,3.2645
15890,-0.66959999999999997,3.2645
15891,-0.66959999999999997,3.2645
15892,-0.66959999999999997,3.2663000000000002
15893,-0.65720000000000001,3.2663000000000002
15894,-2.1019000000000001,3.2625999999999999
15895,-2.8273000000000001,3.2606999999999999
15896,-3.6581999999999999,3.2589000000000001
15897,-4.5014000000000003,3.2570000000000001
15898,-5.1835000000000004,3.2551999999999999
15899,-6.1321000000000003,3.2532999999999999
15900,-7.0683999999999996,3.2513999999999998
15901,-7.7751999999999999,3.2458999999999998
15902,-8.9346999999999994,3.2440000000000002
15903,-9.9515999999999991,3.2403
15904,-10.633599999999999,3.2383999999999999
15905,-11.935700000000001,3.2347000000000001
15906,-3.5838000000000001,3.2513999999999998
15907,-3.5032000000000001,3.2532999999999999
15908,-3.5093999999999999,3.2532999999999999
15909,-3.5032000000000001,3.2532999999999999
15910,-3.5032000000000001,3.2532999999999999
15911,-3.5032000000000001,3.2532999999999999
15912,-3.5032000000000001,3.2532999999999999
15913,-3.4969999999999999,3.2532999999999999
15914,-3.4969999999999999,3.2532999999999999
15915,-3.5032000000000001,3.2551999999999999
15916,-3.5093999999999999,3.2532999999999999
15917,-3.5032000000000001,3.2532999999999999
15918,-3.5032000000000001,3.2551999999999999
15919,-3.4969999999999999,3.2551999999999999
15920,-3.4969999999999999,3.2532999999999999
15921,-3.5093999999999999,3.2532999999999999
15922,-3.4969999999999999,3.2551999999999999
15923,-3.5093999999999999,3.2551999999999999
15924,-3.5093999999999999,3.2532999999999999
15925,-3.5032000000000001,3.2551999999999999
15926,-3.5032000000000001,3.2532999999999999
15927,-3.5093999999999999,3.2551999999999999
15928,-3.5032000000000001,3.2551999999999999
15929,-3.4969999999999999,3.2532999999999999
15930,1.3702000000000001,3.2645
15931,1.2152000000000001,3.2645
15932,0.93620000000000003,3.2645
15933,0.65720000000000001,3.2645
15934,0.40920000000000001,3.2645
15935,0.21079999999999999,3.2645
15936,-0.34720000000000001,3.2645
15937,-0.78120000000000001,3.2645
15938,-1.1097999999999999,3.2625999999999999
15939,-1.3515999999999999,3.2625999999999999
15940,-1.4694,3.2625999999999999
15941,-0.66959999999999997,3.2645
15942,-0.66959999999999997,3.2645
15943,-0.65720000000000001,3.2645
15944,-0.66959999999999997,3.2645
15945,-0.66959999999999997,3.2645
15946,-0.65720000000000001,3.2645
15947,-0.65720000000000001,3.2645
15948,-0.66959999999999997,3.2645
15949,-0.65720000000000001,3.2645
15950,-0.66959999999999997,3.2645
15951,-0.66959999999999997,3.2645
15952,-0.66959999999999997,3.2645
15953,-0.66959999999999997,3.2645
15954,-0.65720000000000001,3.2645
15955,-0.66959999999999997,3.2663000000000002
15956,-0.66959999999999997,3.2645
15957,-0.66959999999999997,3.2663000000000002
15958,-0.66959999999999997,3.2663000000000002
15959,-0.65720000000000001,3.2663000000000002
15960,-0.65720000000000001,3.2663000000000002
15961,-0.66959999999999997,3.2663000000000002
15962,-1.7795000000000001,3.2625999999999999
15963,-2.1515,3.2625999999999999
15964,-2.6227,3.2606999999999999
15965,-2.9885000000000002,3.2606999999999999
15966,-3.4226000000000001,3.2589000000000001
15967,-3.8565999999999998,3.2589000000000001
15968,-4.4641999999999999,3.2570000000000001
15969,-4.7432999999999996,3.2570000000000001
15970,-5.2268999999999997,3.2551999999999999
15971,-5.6981000000000002,3.2532999999999999
15972,-6.4669999999999996,3.2513999999999998
15973,-7.5457999999999998,3.2458999999999998
15974,-6.5351999999999997,3.2496
15975,-7.7751999999999999,3.2440000000000002
15976,-8.3457000000000008,3.2440000000000002
15977,-9.2199000000000009,3.2403
15978,-9.4556000000000004,3.2403
15979,-9.9825999999999997,3.2383999999999999
15980,-10.497199999999999,3.2347000000000001
15981,-11.464499999999999,3.2328000000000001
15982,-11.5761,3.2328000000000001
15983,-12.1403,3.2290999999999999
15984,-12.698399999999999,3.2290999999999999
15985,-13.777200000000001,3.2254
15986,-13.895,3.2235
15987,-14.496499999999999,3.2216999999999998
15988,-5.2702999999999998,3.2383999999999999
15989,-5.1772999999999998,3.2403
15990,-5.1835000000000004,3.2403
15991,-5.1835000000000004,3.2403
15992,-5.1897000000000002,3.2421000000000002
15993,-5.1835000000000004,3.2421000000000002
15994,-5.1835000000000004,3.2421000000000002
15995,-5.1835000000000004,3.2421000000000002
15996,-5.1835000000000004,3.2421000000000002
15997,-5.1897000000000002,3.2421000000000002
15998,-5.1772999999999998,3.2421000000000002
15999,-5.1897000000000002,3.2421000000000002
16000,0.97340000000000004,3.2570000000000001
16001,1.0167999999999999,3.2589000000000001
16002,0.65100000000000002,3.2589000000000001
16003,0.77500000000000002,3.2606999999999999
16004,0.65720000000000001,3.2606999999999999
16005,0.37819999999999998,3.2606999999999999
16006,0.4526,3.2606999999999999
16007,0.34100000000000003,3.2606999999999999
16008,-3.6334,3.2551999999999999
16009,-3.7016,3.2532999999999999
16010,-3.7078000000000002,3.2532999999999999
16011,-3.7016,3.2532999999999999
16012,-3.6953999999999998,3.2532999999999999
16013,-3.6953999999999998,3.2532999999999999
16014,-3.7016,3.2532999999999999
16015,-3.7016,3.2532999999999999
16016,-3.7016,3.2532999999999999
16017,-3.6953999999999998,3.2532999999999999
16018,-3.7078000000000002,3.2532999999999999
16019,-3.6953999999999998,3.2513999999999998
16020,-3.6953999999999998,3.2532999999999999
16021,1.6927000000000001,3.2625999999999999
16022,1.5065999999999999,3.2625999999999999
16023,1.3391999999999999,3.2645
16024,0.94240000000000002,3.2645
16025,0.65720000000000001,3.2645
16026,0.41539999999999999,3.2645
16027,0.13639999999999999,3.2645
16028,-0.34100000000000003,3.2625999999999999
16029,-0.75019999999999998,3.2625999999999999
16030,-1.1097999999999999,3.2606999999999999
16031,-1.3515999999999999,3.2606999999999999
16032,-1.4694,3.2625999999999999
16033,-0.66959999999999997,3.2625999999999999
16034,-0.66959999999999997,3.2625999999999999
16035,-0.65720000000000001,3.2625999999999999
16036,-0.65720000000000001,3.2625999999999999
16037,-0.66959999999999997,3.2625999999999999
16038,-0.66959999999999997,3.2625999999999999
16039,-0.65720000000000001,3.2625999999999999
16040,-0.66959999999999997,3.2645
16041,-0.66959999999999997,3.2625999999999999
16042,-0.65720000000000001,3.2645
16043,-0.65720000000000001,3.2645
16044,-0.66959999999999997,3.2645
16045,-0.65720000000000001,3.2645
16046,-0.66959999999999997,3.2645
16047,-0.65720000000000001,3.2645
16048,-0.66959999999999997,3.2645
16049,-0.66959999999999997,3.2645
16050,-0.65720000000000001,3.2645
16051,-0.65720000000000001,3.2645
16052,-2.7467000000000001,3.2606999999999999
16053,-4.1852,3.2570000000000001
16054,-5.8220999999999998,3.2551999999999999
16055,-7.2667999999999999,3.2496
16056,-2.1886999999999999,3.2589000000000001
16057,-2.1019000000000001,3.2589000000000001
16058,-2.1019000000000001,3.2589000000000001
16059,-2.1019000000000001,3.2589000000000001
16060,-2.1019000000000001,3.2606999999999999
16061,-2.1080999999999999,3.2606999999999999
16062,-2.1080999999999999,3.2606999999999999
16063,-2.1080999999999999,3.2606999999999999
16064,-0.29759999999999998,3.2645
16065,-0.70679999999999998,3.2625999999999999
16066,-1.0664,3.2625999999999999
16067,-1.3515999999999999,3.2625999999999999
16068,-1.4694,3.2625999999999999
16069,-0.66959999999999997,3.2645
16070,-0.66959999999999997,3.2645
16071,-0.65720000000000001,3.2645
16072,-0.66959999999999997,3.2645
16073,-0.65720000000000001,3.2645
16074,-0.65720000000000001,3.2645
16075,-0.66959999999999997,3.2645
16076,-0.65720000000000001,3.2645
16077,-0.65720000000000001,3.2645
16078,-0.65720000000000001,3.2645
16079,-0.65720000000000001,3.2645
16080,-0.66959999999999997,3.2645
16081,-0.66959999999999997,3.2663000000000002
16082,-0.65720000000000001,3.2663000000000002
16083,-0.65720000000000001,3.2645
16084,-0.66959999999999997,3.2645
16085,-0.65720000000000001,3.2645
16086,-0.66959999999999997,3.2663000000000002
16087,-0.65720000000000001,3.2663000000000002
16088,-0.65720000000000001,3.2663000000000002
16089,-0.65720000000000001,3.2663000000000002
16090,-2.1453000000000002,3.2625999999999999
16091,-2.8334999999999999,3.2625999999999999
16092,-3.7078000000000002,3.2589000000000001
16093,-4.5014000000000003,3.2570000000000001
16094,-5.1772999999999998,3.2551999999999999
16095,-6.1444999999999999,3.2532999999999999
16096,-7.0621999999999998,3.2513999999999998
16097,-7.7751999999999999,3.2458999999999998
16098,-8.9595000000000002,3.2440000000000002
16099,-9.9515999999999991,3.2403
16100,-10.6274,3.2383999999999999
16101,-11.923299999999999,3.2347000000000001
16102,-3.621,3.2513999999999998
16103,-3.5032000000000001,3.2513999999999998
16104,-3.4969999999999999,3.2532999999999999
16105,-3.5032000000000001,3.2532999999999999
16106,-3.5032000000000001,3.2532999999999999
16107,-3.5032000000000001,3.2532999999999999
16108,-3.5032000000000001,3.2532999999999999
16109,-3.5032000000000001,3.2532999999999999
16110,-3.5093999999999999,3.2532999999999999
16111,-3.4969999999999999,3.2532999999999999
16112,-3.5032000000000001,3.2532999999999999
16113,-3.5032000000000001,3.2551999999999999
16114,-3.5032000000000001,3.2532999999999999
16115,-3.5032000000000001,3.2551999999999999
16116,-3.4969999999999999,3.2532999999999999
16117,-3.5032000000000001,3.2532999999999999
16118,-3.5032000000000001,3.2551999999999999
16119,-3.5032000000000001,3.2532999999999999
16120,-3.5032000000000001,3.2551999999999999
16121,-3.5032000000000001,3.2532999999999999
16122,-3.5032000000000001,3.2551999999999999
16123,-3.5032000000000001,3.2532999999999999
16124,-3.5032000000000001,3.2532999999999999
16125,-3.5032000000000001,3.2532999999999999
16126,1.3764000000000001,3.2645
16127,1.2214,3.2645
16128,0.93620000000000003,3.2645
16129,0.65720000000000001,3.2645
16130,0.40920000000000001,3.2645
16131,0.21079999999999999,3.2645
16132,-0.34100000000000003,3.2645
16133,-0.78739999999999999,3.2625999999999999
16134,-1.1097999999999999,3.2625999999999999
16135,-1.3515999999999999,3.2625999999999999
16136,-1.4694,3.2625999999999999
16137,-0.66959999999999997,3.2625999999999999
16138,-0.65720000000000001,3.2645
16139,-0.66959999999999997,3.2645
16140,-0.66959999999999997,3.2645
16141,-0.65720000000000001,3.2645
16142,-0.65720000000000001,3.2645
16143,-0.66959999999999997,3.2645
16144,-0.65720000000000001,3.2645
16145,-0.66959999999999997,3.2645
16146,-0.65720000000000001,3.2645
16147,-0.65720000000000001,3.2645
16148,-0.65720000000000001,3.2645
16149,-0.66959999999999997,3.2645
16150,-0.66959999999999997,3.2645
16151,-0.66959999999999997,3.2663000000000002
16152,-0.65720000000000001,3.2645
16153,-0.65720000000000001,3.2663000000000002
16154,-0.66959999999999997,3.2663000000000002
16155,-0.65720000000000001,3.2663000000000002
16156,-0.65720000000000001,3.2663000000000002
16157,-0.65720000000000001,3.2663000000000002
16158,-1.7795000000000001,3.2645
16159,-2.1391,3.2625999999999999
16160,-2.6164999999999998,3.2625999999999999
16161,-3.0257000000000001,3.2606999999999999
16162,-3.4226000000000001,3.2589000000000001
16163,-3.8565999999999998,3.2589000000000001
16164,-4.4455999999999998,3.2570000000000001
16165,-4.7866999999999997,3.2551999999999999
16166,-5.2268999999999997,3.2551999999999999
16167,-5.7415000000000003,3.2532999999999999
16168,-6.4669999999999996,3.2513999999999998
16169,-7.5768000000000004,3.2458999999999998
16170,-6.5414000000000003,3.2496
16171,-7.8249000000000004,3.2440000000000002
16172,-8.3457000000000008,3.2421000000000002
16173,-9.2508999999999997,3.2403
16174,-9.4990000000000006,3.2403
16175,-9.9825999999999997,3.2383999999999999
16176,-10.497199999999999,3.2366000000000001
16177,-11.458299999999999,3.2328000000000001
16178,-11.6195,3.2328000000000001
16179,-12.1403,3.2309999999999999
16180,-12.6922,3.2273000000000001
16181,-13.8268,3.2254
16182,-13.907400000000001,3.2235
16183,-14.4841,3.2216999999999998
16184,-5.2579000000000002,3.2383999999999999
16185,-5.1835000000000004,3.2403
16186,-5.1772999999999998,3.2403
16187,-5.1772999999999998,3.2403
16188,-5.1772999999999998,3.2421000000000002
16189,-5.1835000000000004,3.2421000000000002
16190,-5.1835000000000004,3.2421000000000002
16191,-5.1835000000000004,3.2421000000000002
16192,-5.1772999999999998,3.2421000000000002
16193,-5.1835000000000004,3.2421000000000002
16194,-5.1835000000000004,3.2440000000000002
16195,-5.1835000000000004,3.2421000000000002
16196,0.97340000000000004,3.2570000000000001
16197,1.0105999999999999,3.2589000000000001
16198,0.65720000000000001,3.2589000000000001
16199,0.77500000000000002,3.2589000000000001
16200,0.65100000000000002,3.2606999999999999
16201,0.372,3.2606999999999999
16202,0.44640000000000002,3.2606999999999999
16203,0.33479999999999999,3.2606999999999999
16204,-3.6272000000000002,3.2532999999999999
16205,-3.7016,3.2532999999999999
16206,-3.7016,3.2532999999999999
16207,-3.6953999999999998,3.2532999999999999
16208,-3.7016,3.2532999999999999
16209,-3.7016,3.2532999999999999
16210,-3.7016,3.2513999999999998
16211,-3.6953999999999998,3.2532999999999999
16212,-3.7016,3.2532999999999999
16213,-3.7016,3.2532999999999999
16214,-3.6953999999999998,3.2513999999999998
16215,-3.6953999999999998,3.2532999999999999
16216,-3.7016,3.2532999999999999
16217,1.6927000000000001,3.2625999999999999
16218,1.5004,3.2645
16219,1.3391999999999999,3.2645
16220,0.93620000000000003,3.2645
16221,0.65100000000000002,3.2645
16222,0.40920000000000001,3.2645
16223,0.124,3.2645
16224,-0.33479999999999999,3.2625999999999999
16225,-0.74399999999999999,3.2625999999999999
16226,-1.1097999999999999,3.2625999999999999
16227,-1.3453999999999999,3.2606999999999999
16228,-1.4632000000000001,3.2606999999999999
16229,-0.65720000000000001,3.2625999999999999
16230,-0.65720000000000001,3.2625999999999999
16231,-0.65720000000000001,3.2625999999999999
16232,-0.65720000000000001,3.2625999999999999
16233,-0.65720000000000001,3.2625999999999999
16234,-0.65720000000000001,3.2645
16235,-0.65720000000000001,3.2625999999999999
16236,-0.65720000000000001,3.2645
16237,-0.65720000000000001,3.2645
16238,-0.65720000000000001,3.2645
16239,-0.65720000000000001,3.2645
16240,-0.65720000000000001,3.2645
16241,-0.65720000000000001,3.2645
16242,-0.65720000000000001,3.2645
16243,-0.65720000000000001,3.2645
16244,-0.65720000000000001,3.2645
16245,-0.65720000000000001,3.2645
16246,-0.65720000000000001,3.2645
16247,-0.65720000000000001,3.2645
16248,-0.65720000000000001,3.2645
16249,-0.65720000000000001,3.2645
16250,-0.65720000000000001,3.2645
16251,-0.65720000000000001,3.2645
16252,-0.65720000000000001,3.2645
16253,-0.65720000000000001,3.2645
16254,-0.65720000000000001,3.2645
16255,-0.65720000000000001,3.2645
16256,-0.65720000000000001,3.2645
16257,-2.3003,3.2625999999999999
16258,-3.2614000000000001,3.2606999999999999
16259,-4.2657999999999996,3.2570000000000001
16260,-5.2579000000000002,3.2551999999999999
16261,-6.2624000000000004,3.2532999999999999
16262,-2.1391,3.2606999999999999
16263,-2.1019000000000001,3.2606999999999999
16264,-5.6547000000000001,3.2532999999999999
16265,-6.3864000000000001,3.2513999999999998
16266,-7.2606000000000002,3.2496
16267,-7.7380000000000004,3.2458999999999998
16268,-8.4200999999999997,3.2440000000000002
16269,-9.0959000000000003,3.2421000000000002
16270,-10.137600000000001,3.2383999999999999
16271,-10.5716,3.2366000000000001
16272,-11.2165,3.2347000000000001
16273,-3.8193999999999999,3.2496
16274,-3.7387999999999999,3.2496
16275,-10.5406,3.2366000000000001
16276,-11.135899999999999,3.2328000000000001
16277,-11.2537,3.2328000000000001
16278,-12.214700000000001,3.2290999999999999
16279,-12.779,3.2273000000000001
16280,-13.3432,3.2254
16281,-13.368,3.2235
16282,-14.496499999999999,3.2216999999999998
16283,-5.3136999999999999,3.2366000000000001
16284,-5.1835000000000004,3.2383999999999999
16285,-12.698399999999999,3.2254
16286,-13.857799999999999,3.2216999999999998
16287,-13.7524,3.2216999999999998
16288,-14.825100000000001,3.218
16289,-14.694900000000001,3.218
16290,-15.1723,3.2161
16291,-16.331800000000001,3.2141999999999999
16292,-16.183,3.2124000000000001
16293,-16.697600000000001,3.2105000000000001
16294,-17.9377,3.2067999999999999
16295,-17.776499999999999,3.2067999999999999
16296,-19.097200000000001,3.2031000000000001
16297,-18.936,3.2031000000000001
16298,-8.4573,3.2216999999999998
16299,-8.3828999999999994,3.2235
16300,-8.3828999999999994,3.2235
16301,-8.3704999999999998,3.2235
16302,-8.3890999999999991,3.2254
16303,-8.3890999999999991,3.2254
16304,-8.3828999999999994,3.2254
16305,-8.3828999999999994,3.2254
16306,-8.3643000000000001,3.2254
16307,-8.3828999999999994,3.2254
16308,-8.3828999999999994,3.2254
16309,-8.3828999999999994,3.2273000000000001
16310,-8.3704999999999998,3.2273000000000001
16311,-8.3890999999999991,3.2273000000000001
16312,-8.3704999999999998,3.2273000000000001
16313,-8.3704999999999998,3.2254
16314,-8.3828999999999994,3.2273000000000001
16315,-8.3828999999999994,3.2273000000000001
16316,-8.3704999999999998,3.2273000000000001
16317,-8.3828999999999994,3.2273000000000001
16318,-8.3704999999999998,3.2273000000000001
16319,-8.3828999999999994,3.2273000000000001
16320,-8.3828999999999994,3.2273000000000001
16321,-8.3704999999999998,3.2273000000000001
16322,-8.3890999999999991,3.2273000000000001
16323,-8.3704999999999998,3.2273000000000001
16324,-8.3890999999999991,3.2273000000000001
16325,-8.3828999999999994,3.2273000000000001
16326,-8.3704999999999998,3.2273000000000001
16327,-8.3828999999999994,3.2273000000000001
16328,-8.3828999999999994,3.2273000000000001
16329,-8.3704999999999998,3.2273000000000001
16330,-8.3828999999999994,3.2273000000000001
16331,-8.3704999999999998,3.2273000000000001
16332,-8.3828999999999994,3.2273000000000001
16333,-8.3704999999999998,3.2273000000000001
16334,-8.3828999999999994,3.2273000000000001
16335,-8.3828999999999994,3.2254
16336,-8.3828999999999994,3.2254
16337,-8.3828999999999994,3.2254
16338,-8.3890999999999991,3.2254
16339,-8.3828999999999994,3.2273000000000001
16340,-8.3890999999999991,3.2273000000000001
16341,-8.3890999999999991,3.2254
16342,-8.3828999999999994,3.2273000000000001
16343,-8.3828999999999994,3.2273000000000001
16344,-8.3890999999999991,3.2254
16345,-8.3704999999999998,3.2273000000000001
16346,-8.3704999999999998,3.2254
16347,-8.3704999999999998,3.2254
16348,3.8938000000000001,3.2513999999999998
16349,3.8938000000000001,3.2532999999999999
16350,3.7326000000000001,3.2551999999999999
16351,3.5714000000000001,3.2570000000000001
16352,3.3730000000000002,3.2589000000000001
16353,3.2118000000000002,3.2589000000000001
16354,3.0133000000000001,3.2606999999999999
16355,2.8149000000000002,3.2606999999999999
16356,-5.0160999999999998,3.2440000000000002
16357,-5.1772999999999998,3.2421000000000002
16358,-5.1772999999999998,3.2421000000000002
16359,-5.1897000000000002,3.2421000000000002
16360,-5.1772999999999998,3.2403
16361,-5.1835000000000004,3.2403
16362,-5.1835000000000004,3.2403
16363,-5.1835000000000004,3.2403
16364,-5.1897000000000002,3.2403
16365,-5.1835000000000004,3.2403
16366,-5.1835000000000004,3.2403
16367,-5.1835000000000004,3.2403
16368,-5.1835000000000004,3.2403
16369,-5.1835000000000004,3.2403
16370,-5.1897000000000002,3.2403
16371,-5.1835000000000004,3.2403
16372,-5.1835000000000004,3.2403
16373,-5.1897000000000002,3.2403
16374,-5.1835000000000004,3.2403
16375,-5.1772999999999998,3.2403
16376,-5.1835000000000004,3.2403
16377,-5.1835000000000004,3.2403
16378,-5.1835000000000004,3.2403
16379,-5.1835000000000004,3.2403
16380,-5.1772999999999998,3.2403
16381,-5.1772999999999998,3.2403
16382,-5.1835000000000004,3.2403
16383,-5.1835000000000004,3.2403
16384,-5.1897000000000002,3.2403
16385,-5.1772999999999998,3.2383999999999999
16386,-5.1897000000000002,3.2403
16387,-5.1835000000000004,3.2403
16388,-5.1835000000000004,3.2403
16389,-5.1835000000000004,3.2403
16390,-5.1772999999999998,3.2403
16391,-5.1835000000000004,3.2403
16392,-5.1835000000000004,3.2403
16393,-5.1835000000000004,3.2403
16394,-5.1835000000000004,3.2403
16395,-5.1835000000000004,3.2403
16396,-5.1772999999999998,3.2403
16397,-5.1835000000000004,3.2403
16398,-5.1772999999999998,3.2383999999999999
16399,-5.1835000000000004,3.2403
16400,-5.1897000000000002,3.2383999999999999
16401,-5.1772999999999998,3.2383999999999999
16402,-5.1835000000000004,3.2403
16403,-5.1835000000000004,3.2403
16404,-5.1835000000000004,3.2383999999999999
16405,-5.1772999999999998,3.2403
16406,-5.1835000000000004,3.2383999999999999
16407,-5.1772999999999998,3.2383999999999999
16408,-5.1835000000000004,3.2403
16409,-5.1835000000000004,3.2403
16410,-5.1772999999999998,3.2403
16411,-5.1897000000000002,3.2383999999999999
16412,-5.1772999999999998,3.2403
16413,-5.1835000000000004,3.2383999999999999
16414,-5.1772999999999998,3.2383999999999999
16415,-5.1835000000000004,3.2383999999999999
16416,-5.1835000000000004,3.2403
16417,-5.1772999999999998,3.2403
16418,-5.1835000000000004,3.2383999999999999
16419,-5.1835000000000004,3.2383999999999999
16420,-5.1835000000000004,3.2383999999999999
16421,-5.1835000000000004,3.2383999999999999
16422,-5.1835000000000004,3.2383999999999999
16423,-5.1772999999999998,3.2383999999999999
16424,-5.1835000000000004,3.2403
16425,-12.7418,3.2254
16426,-13.895,3.2216999999999998
16427,-13.777200000000001,3.2198000000000002
16428,-14.8561,3.2161
16429,-14.7445,3.2161
16430,-15.2033,3.2141999999999999
16431,-16.381399999999999,3.2105000000000001
16432,-16.207799999999999,3.2105000000000001
16433,-16.741,3.2067999999999999
16434,-17.981100000000001,3.2048999999999999
16435,-17.819900000000001,3.2031000000000001
16436,-19.140599999999999,3.1974999999999998
16437,-18.966999999999999,3.1974999999999998
16438,-8.5007000000000001,3.218
16439,-8.3704999999999998,3.2198000000000002
16440,-8.3828999999999994,3.2198000000000002
16441,-8.3828999999999994,3.2216999999999998
16442,-8.3704999999999998,3.2216999999999998
16443,-8.3828999999999994,3.2216999999999998
16444,-8.3828999999999994,3.2216999999999998
16445,-8.3828999999999994,3.2216999999999998
16446,-8.3828999999999994,3.2235
16447,-8.3890999999999991,3.2235
16448,-8.3828999999999994,3.2235
16449,-8.3828999999999994,3.2235
16450,-8.3828999999999994,3.2235
16451,-8.3828999999999994,3.2235
16452,-8.3828999999999994,3.2235
16453,-8.3828999999999994,3.2235
16454,-8.3828999999999994,3.2235
16455,-8.3890999999999991,3.2235
16456,-8.3828999999999994,3.2235
16457,-8.3828999999999994,3.2235
16458,-8.3890999999999991,3.2235
16459,-8.3828999999999994,3.2235
16460,-8.3890999999999991,3.2235
16461,-8.3828999999999994,3.2235
16462,-8.3890999999999991,3.2235
16463,-8.3828999999999994,3.2235
16464,-8.3828999999999994,3.2235
16465,-8.3890999999999991,3.2235
16466,-8.3890999999999991,3.2235
16467,-8.3704999999999998,3.2235
16468,-8.3828999999999994,3.2235
16469,-8.3704999999999998,3.2235
16470,-8.4200999999999997,3.2235
16471,-8.4262999999999995,3.2235
16472,-8.4262999999999995,3.2235
16473,-8.4200999999999997,3.2235
16474,-8.4324999999999992,3.2235
16475,-8.4200999999999997,3.2235
16476,-8.4262999999999995,3.2235
16477,-8.4262999999999995,3.2235
16478,-8.4262999999999995,3.2235
16479,-8.4262999999999995,3.2235
16480,-8.4138999999999999,3.2235
16481,-8.4262999999999995,3.2235
16482,-8.4262999999999995,3.2235
16483,-8.4262999999999995,3.2235
16484,-8.4262999999999995,3.2235
16485,-8.4262999999999995,3.2235
16486,-8.4324999999999992,3.2235
16487,-8.4324999999999992,3.2235
16488,-14.725899999999999,3.2105000000000001
16489,-14.322900000000001,3.2105000000000001
16490,-15.290100000000001,3.2086999999999999
16491,-14.825100000000001,3.2067999999999999
16492,-15.823399999999999,3.2048999999999999
16493,-15.339700000000001,3.2048999999999999
16494,-16.381399999999999,3.2031000000000001
16495,-16.660399999999999,3.2012
16496,-16.145800000000001,3.2012
16497,-17.218499999999999,3.1974999999999998
16498,-16.691400000000002,3.1974999999999998
16499,-17.8261,3.1956000000000002
16500,-17.255700000000001,3.1956000000000002
16501,-18.421299999999999,3.1919
16502,-18.780999999999999,3.1919
16503,-18.136099999999999,3.1919
16504,-19.363800000000001,3.1901000000000002
16505,-18.780999999999999,3.1901000000000002
16506,-20.021000000000001,3.1882000000000001
16507,-19.413399999999999,3.1882000000000001
16508,-20.6907,3.1844999999999999
16509,-21.0441,3.1844999999999999
16510,-20.417899999999999,3.1844999999999999
16511,-21.769500000000001,3.1825999999999999
16512,-21.087499999999999,3.1825999999999999
16513,-22.495000000000001,3.1789000000000001
16514,-21.812899999999999,3.1789000000000001
16515,-23.207999999999998,3.1751999999999998
16516,-23.642099999999999,3.1751999999999998
16517,-22.928999999999998,3.1751999999999998
16518,-24.417100000000001,3.1732999999999998
16519,-23.691700000000001,3.1732999999999998
16520,-25.204599999999999,3.1696
16521,-24.4419,3.1715
16522,-26.053999999999998,3.1677
16523,-16.418600000000001,3.1844999999999999
16524,-16.344200000000001,3.1863000000000001
16525,-16.325600000000001,3.1863000000000001
16526,-16.3504,3.1863000000000001
16527,-16.338000000000001,3.1863000000000001
16528,-16.338000000000001,3.1863000000000001
16529,-16.331800000000001,3.1863000000000001
16530,-16.325600000000001,3.1863000000000001
16531,-16.331800000000001,3.1882000000000001
16532,-16.331800000000001,3.1882000000000001
16533,-16.331800000000001,3.1882000000000001
16534,-16.344200000000001,3.1882000000000001
16535,-16.331800000000001,3.1882000000000001
16536,-16.331800000000001,3.1882000000000001
16537,-16.338000000000001,3.1882000000000001
16538,-16.319400000000002,3.1882000000000001
16539,-16.344200000000001,3.1882000000000001
16540,-16.331800000000001,3.1882000000000001
16541,-16.344200000000001,3.1882000000000001
16542,-16.331800000000001,3.1882000000000001
16543,-16.338000000000001,3.1882000000000001
16544,-16.319400000000002,3.1882000000000001
16545,-16.331800000000001,3.1882000000000001
16546,-16.331800000000001,3.1882000000000001
16547,-16.344200000000001,3.1882000000000001
16548,-16.331800000000001,3.1882000000000001
16549,-16.381399999999999,3.1882000000000001
16550,-16.3752,3.1882000000000001
16551,-16.3752,3.1882000000000001
16552,-16.3752,3.1882000000000001
16553,-27.740500000000001,3.1677
16554,-28.373000000000001,3.1640000000000001
16555,-28.887599999999999,3.1621999999999999
16556,-29.464200000000002,3.1583999999999999
16557,-30.009899999999998,3.1566000000000001
16558,-30.567900000000002,3.1547000000000001
16559,-31.1693,3.1509999999999998
16560,-31.727399999999999,3.1490999999999998
16561,-32.328800000000001,3.1473
16562,-32.967500000000001,3.1454
16563,-33.581299999999999,3.1436000000000002
16564,-34.232300000000002,3.1417000000000002
16565,-34.883400000000002,3.1398000000000001
16566,-35.559199999999997,3.1379999999999999
16567,-36.278500000000001,3.1360999999999999
16568,-36.966700000000003,3.1343000000000001
16569,-37.6922,3.1324000000000001
16570,-38.442399999999999,3.1305000000000001
16571,-39.198900000000002,3.1286999999999998
16572,-39.9739,3.1267999999999998
16573,-24.764299999999999,3.1509999999999998
16574,-24.683700000000002,3.1547000000000001
16575,-24.689900000000002,3.1566000000000001
16576,-24.677499999999998,3.1566000000000001
16577,-24.689900000000002,3.1566000000000001
16578,-24.696100000000001,3.1566000000000001
16579,-24.696100000000001,3.1566000000000001
16580,-24.714700000000001,3.1583999999999999
16581,-24.745699999999999,3.1583999999999999
16582,-24.7395,3.1583999999999999
16583,2.8149000000000002,3.2086999999999999
16584,3.2427999999999999,3.2141999999999999
16585,3.5714000000000001,3.218
16586,3.8193999999999999,3.2216999999999998
16587,4.0612000000000004,3.2254
16588,4.2843999999999998,3.2273000000000001
16589,4.4889999999999999,3.2309999999999999
16590,4.6501999999999999,3.2328000000000001
16591,4.8177000000000003,3.2328000000000001
16592,4.8921000000000001,3.2366000000000001
16593,4.9292999999999996,3.2383999999999999
16594,4.9417,3.2383999999999999
16595,4.8982999999999999,3.2403
16596,4.8548999999999998,3.2403
16597,4.7805,3.2421000000000002
16598,4.6875,3.2440000000000002
16599,9.9702000000000002,3.2551999999999999
16600,9.9702000000000002,3.2570000000000001
16601,9.0091000000000001,3.2570000000000001
16602,8.8045000000000009,3.2589000000000001
16603,7.9364999999999997,3.2589000000000001
16604,7.6449999999999996,3.2589000000000001
16605,6.7770000000000001,3.2570000000000001
16606,6.4607999999999999,3.2589000000000001
16607,8.2155000000000005,3.2625999999999999
16608,7.0932000000000004,3.2606999999999999
16609,5.8902999999999999,3.2589000000000001
16610,4.7370999999999999,3.2570000000000001
16611,3.7326000000000001,3.2570000000000001
16612,2.7715000000000001,3.2551999999999999
16613,1.8167,3.2532999999999999
16614,0.40920000000000001,3.2513999999999998
16615,-0.73160000000000003,3.2458999999999998
16616,-1.4259999999999999,3.2440000000000002
16617,-0.65720000000000001,3.2458999999999998
16618,-0.65720000000000001,3.2458999999999998
16619,-0.65720000000000001,3.2458999999999998
16620,-0.65720000000000001,3.2458999999999998
16621,-0.65720000000000001,3.2458999999999998
16622,-0.65720000000000001,3.2458999999999998
16623,-0.66959999999999997,3.2458999999999998
16624,-0.65720000000000001,3.2458999999999998
16625,-0.65720000000000001,3.2458999999999998
16626,-0.65720000000000001,3.2458999999999998
16627,-0.65720000000000001,3.2458999999999998
16628,-0.65720000000000001,3.2458999999999998
16629,-0.66959999999999997,3.2458999999999998
16630,-0.65720000000000001,3.2458999999999998
16631,-0.65720000000000001,3.2496
16632,-0.65720000000000001,3.2496
16633,-0.66959999999999997,3.2496
16634,-0.66959999999999997,3.2496
16635,-0.66959999999999997,3.2496
16636,-0.074399999999999994,3.2513999999999998
16637,-0.65720000000000001,3.2496
16638,-0.65720000000000001,3.2496
16639,-0.66959999999999997,3.2496
16640,-0.65720000000000001,3.2496
16641,-0.65720000000000001,3.2496
16642,-0.65720000000000001,3.2496
16643,-0.65720000000000001,3.2496
16644,-0.65720000000000001,3.2496
16645,-0.65720000000000001,3.2513999999999998
16646,-0.65720000000000001,3.2496
16647,-0.65720000000000001,3.2513999999999998
16648,-0.65720000000000001,3.2513999999999998
16649,-2.7467000000000001,3.2458999999999998
16650,-4.1852,3.2421000000000002
16651,-5.7786999999999997,3.2383999999999999
16652,-7.2172000000000001,3.2347000000000001
16653,-2.1391,3.2440000000000002
16654,-2.0585,3.2440000000000002
16655,-2.0647000000000002,3.2440000000000002
16656,-2.0585,3.2440000000000002
16657,-2.0647000000000002,3.2458999999999998
16658,-2.0585,3.2458999999999998
16659,-2.0647000000000002,3.2458999999999998
16660,-2.0647000000000002,3.2458999999999998
16661,-0.29759999999999998,3.2496
16662,-0.70679999999999998,3.2496
16663,-1.0664,3.2496
16664,-1.3453999999999999,3.2496
16665,-1.4694,3.2496
16666,-0.66959999999999997,3.2513999999999998
16667,-0.65720000000000001,3.2513999999999998
16668,-0.65720000000000001,3.2513999999999998
16669,-0.66959999999999997,3.2513999999999998
16670,-0.65720000000000001,3.2513999999999998
16671,-0.65720000000000001,3.2513999999999998
16672,-0.65720000000000001,3.2513999999999998
16673,-0.65720000000000001,3.2513999999999998
16674,-0.66959999999999997,3.2513999999999998
16675,-0.66959999999999997,3.2513999999999998
16676,-0.66959999999999997,3.2532999999999999
16677,-0.65720000000000001,3.2513999999999998
16678,-0.65720000000000001,3.2532999999999999
16679,-0.65720000000000001,3.2532999999999999
16680,-0.65720000000000001,3.2532999999999999
16681,-0.65720000000000001,3.2532999999999999
16682,-0.65720000000000001,3.2532999999999999
16683,-0.65720000000000001,3.2532999999999999
16684,-0.65720000000000001,3.2532999999999999
16685,-0.65720000000000001,3.2532999999999999
16686,-0.65720000000000001,3.2532999999999999
16687,-2.1019000000000001,3.2513999999999998
16688,-2.8273000000000001,3.2496
16689,-3.6581999999999999,3.2458999999999998
16690,-4.5014000000000003,3.2440000000000002
16691,-5.1835000000000004,3.2421000000000002
16692,-6.1073000000000004,3.2403
16693,-7.0250000000000004,3.2366000000000001
16694,-7.7442000000000002,3.2347000000000001
16695,-8.9037000000000006,3.2328000000000001
16696,-9.9019999999999992,3.2290999999999999
16697,-10.5778,3.2273000000000001
16698,-11.8985,3.2235
16699,-3.5838000000000001,3.2383999999999999
16700,-3.4598,3.2403
16701,-3.4598,3.2403
16702,-3.4722,3.2403
16703,-3.4660000000000002,3.2403
16704,-3.4660000000000002,3.2403
16705,-3.4660000000000002,3.2403
16706,-3.4722,3.2403
16707,-3.4722,3.2421000000000002
16708,-3.4660000000000002,3.2421000000000002
16709,-3.4660000000000002,3.2421000000000002
16710,-3.4660000000000002,3.2421000000000002
16711,-3.4660000000000002,3.2421000000000002
16712,-3.4660000000000002,3.2421000000000002
16713,-3.4660000000000002,3.2421000000000002
16714,-3.4660000000000002,3.2421000000000002
16715,-3.4660000000000002,3.2421000000000002
16716,-3.4598,3.2421000000000002
16717,-3.4660000000000002,3.2421000000000002
16718,-3.4660000000000002,3.2421000000000002
16719,-3.4598,3.2421000000000002
16720,-3.4722,3.2421000000000002
16721,-3.4660000000000002,3.2421000000000002
16722,-3.4660000000000002,3.2421000000000002
16723,1.3702000000000001,3.2532999999999999
16724,1.1718,3.2532999999999999
16725,0.93620000000000003,3.2551999999999999
16726,0.65720000000000001,3.2551999999999999
16727,0.40920000000000001,3.2551999999999999
16728,0.21079999999999999,3.2551999999999999
16729,-0.34100000000000003,3.2532999999999999
16730,-0.78739999999999999,3.2532999999999999
16731,-1.1035999999999999,3.2513999999999998
16732,-1.3453999999999999,3.2513999999999998
16733,-1.4694,3.2513999999999998
16734,-0.65720000000000001,3.2532999999999999
16735,-0.65720000000000001,3.2532999999999999
16736,-0.65720000000000001,3.2532999999999999
16737,-0.65720000000000001,3.2551999999999999
16738,-0.65720000000000001,3.2532999999999999
16739,-0.65720000000000001,3.2551999999999999
16740,-0.65720000000000001,3.2551999999999999
16741,-0.65720000000000001,3.2551999999999999
16742,-0.65720000000000001,3.2551999999999999
16743,-0.65720000000000001,3.2551999999999999
16744,-0.65720000000000001,3.2551999999999999
16745,-0.65720000000000001,3.2551999999999999
16746,-0.65720000000000001,3.2551999999999999
16747,-0.66959999999999997,3.2551999999999999
16748,-0.66959999999999997,3.2551999999999999
16749,-0.66959999999999997,3.2551999999999999
16750,-0.65720000000000001,3.2551999999999999
16751,-0.65720000000000001,3.2551999999999999
16752,-0.65720000000000001,3.2551999999999999
16753,-0.65720000000000001,3.2551999999999999
16754,-0.65720000000000001,3.2551999999999999
16755,-1.7795000000000001,3.2532999999999999
16756,-2.1453000000000002,3.2532999999999999
16757,-2.6227,3.2513999999999998
16758,-2.9823,3.2513999999999998
16759,-3.4226000000000001,3.2496
16760,-3.8628,3.2458999999999998
16761,-4.4269999999999996,3.2458999999999998
16762,-4.7309000000000001,3.2440000000000002
16763,-5.1772999999999998,3.2440000000000002
16764,-5.7042999999999999,3.2421000000000002
16765,-6.4173999999999998,3.2403
16766,-7.5519999999999996,3.2366000000000001
16767,-6.4980000000000002,3.2383999999999999
16768,-7.7751999999999999,3.2347000000000001
16769,-8.2960999999999991,3.2347000000000001
16770,-9.2261000000000006,3.2309999999999999
16771,-9.4618000000000002,3.2309999999999999
16772,-9.9391999999999996,3.2273000000000001
16773,-10.460000000000001,3.2273000000000001
16774,-11.414899999999999,3.2254
16775,-11.5389,3.2235
16776,-12.0969,3.2216999999999998
16777,-12.667400000000001,3.2198000000000002
16778,-13.74,3.2161
16779,-13.8268,3.2161
16780,-14.459300000000001,3.2124000000000001
16781,-5.2579000000000002,3.2290999999999999
16782,-5.1463000000000001,3.2309999999999999
16783,-5.1338999999999997,3.2309999999999999
16784,-5.1401000000000003,3.2328000000000001
16785,-5.1401000000000003,3.2328000000000001
16786,-5.1401000000000003,3.2347000000000001
16787,-5.1463000000000001,3.2347000000000001
16788,-5.1463000000000001,3.2347000000000001
16789,-5.1401000000000003,3.2347000000000001
16790,-5.1338999999999997,3.2347000000000001
16791,-5.1401000000000003,3.2347000000000001
16792,-5.1401000000000003,3.2347000000000001
16793,0.96719999999999995,3.2458999999999998
16794,0.97340000000000004,3.2496
16795,0.65720000000000001,3.2496
16796,0.77500000000000002,3.2513999999999998
16797,0.65100000000000002,3.2513999999999998
16798,0.372,3.2513999999999998
16799,0.4526,3.2532999999999999
16800,0.3286,3.2532999999999999
16801,-3.6272000000000002,3.2440000000000002
16802,-3.7016,3.2440000000000002
16803,-3.7016,3.2440000000000002
16804,-3.7016,3.2421000000000002
16805,-3.6953999999999998,3.2421000000000002
16806,-3.6953999999999998,3.2421000000000002
16807,-3.6953999999999998,3.2421000000000002
16808,-3.6953999999999998,3.2421000000000002
16809,-3.6953999999999998,3.2421000000000002
16810,-3.6953999999999998,3.2421000000000002
16811,-3.7016,3.2421000000000002
16812,-3.7078000000000002,3.2421000000000002
16813,-3.6953999999999998,3.2421000000000002
16814,1.6927000000000001,3.2532999999999999
16815,1.5004,3.2551999999999999
16816,1.333,3.2551999999999999
16817,0.93620000000000003,3.2551999999999999
16818,0.65100000000000002,3.2551999999999999
16819,0.40920000000000001,3.2551999999999999
16820,0.13020000000000001,3.2551999999999999
16821,-0.34100000000000003,3.2551999999999999
16822,-0.74399999999999999,3.2551999999999999
16823,-1.1035999999999999,3.2532999999999999
16824,-1.3515999999999999,3.2532999999999999
16825,-1.4632000000000001,3.2532999999999999
16826,-0.65720000000000001,3.2551999999999999
16827,-0.65720000000000001,3.2551999999999999
16828,-0.66959999999999997,3.2551999999999999
16829,-0.65720000000000001,3.2551999999999999
16830,-0.65720000000000001,3.2551999999999999
16831,-0.65720000000000001,3.2551999999999999
16832,-0.65720000000000001,3.2551999999999999
16833,-0.65720000000000001,3.2551999999999999
16834,-0.65720000000000001,3.2551999999999999
16835,-0.65720000000000001,3.2551999999999999
16836,-0.65720000000000001,3.2551999999999999
16837,-0.65720000000000001,3.2551999999999999
16838,-0.65720000000000001,3.2570000000000001
16839,-0.65720000000000001,3.2551999999999999
16840,-0.65720000000000001,3.2570000000000001
16841,-0.65720000000000001,3.2570000000000001
16842,-0.65720000000000001,3.2570000000000001
16843,-0.65720000000000001,3.2570000000000001
16844,-0.65720000000000001,3.2570000000000001
16845,-2.7467000000000001,3.2532999999999999
16846,-4.1727999999999996,3.2496
16847,-5.8220999999999998,3.2440000000000002
16848,-7.2172000000000001,3.2403
16849,-2.1886999999999999,3.2513999999999998
16850,-2.0585,3.2513999999999998
16851,-2.0585,3.2513999999999998
16852,-2.0585,3.2513999999999998
16853,-2.0522999999999998,3.2513999999999998
16854,-2.0585,3.2513999999999998
16855,-2.0585,3.2513999999999998
16856,-2.0585,3.2532999999999999
16857,-0.29759999999999998,3.2551999999999999
16858,-0.70679999999999998,3.2551999999999999
16859,-1.0664,3.2551999999999999
16860,-1.3515999999999999,3.2551999999999999
16861,-1.4632000000000001,3.2532999999999999
16862,-0.66959999999999997,3.2551999999999999
16863,-0.65720000000000001,3.2570000000000001
16864,-0.65720000000000001,3.2570000000000001
16865,-0.65720000000000001,3.2570000000000001
16866,-0.65720000000000001,3.2570000000000001
16867,-0.65720000000000001,3.2570000000000001
16868,-0.65720000000000001,3.2570000000000001
16869,-0.65720000000000001,3.2570000000000001
16870,-0.65720000000000001,3.2570000000000001
16871,-0.65720000000000001,3.2570000000000001
16872,-0.65720000000000001,3.2570000000000001
16873,-0.65720000000000001,3.2570000000000001
16874,-0.65720000000000001,3.2570000000000001
16875,-0.65720000000000001,3.2570000000000001
16876,-0.65720000000000001,3.2570000000000001
16877,-0.65720000000000001,3.2570000000000001
16878,-0.65720000000000001,3.2589000000000001
16879,-0.65720000000000001,3.2570000000000001
16880,-0.65720000000000001,3.2570000000000001
16881,-0.65720000000000001,3.2570000000000001
16882,-0.65720000000000001,3.2589000000000001
16883,-2.1080999999999999,3.2551999999999999
16884,-2.8273000000000001,3.2532999999999999
16885,-3.6581999999999999,3.2513999999999998
16886,-4.4951999999999996,3.2496
16887,-5.1772999999999998,3.2458999999999998
16888,-6.1383000000000001,3.2440000000000002
16889,-7.0250000000000004,3.2421000000000002
16890,-7.7442000000000002,3.2383999999999999
16891,-8.9408999999999992,3.2366000000000001
16892,-9.9329999999999998,3.2328000000000001
16893,-10.5778,3.2309999999999999
16894,-11.8985,3.2273000000000001
16895,-3.5775999999999999,3.2421000000000002
16896,-3.4660000000000002,3.2421000000000002
16897,-3.4660000000000002,3.2440000000000002
16898,-3.4660000000000002,3.2440000000000002
16899,-3.4722,3.2440000000000002
16900,-3.4722,3.2440000000000002
16901,-3.4722,3.2440000000000002
16902,-3.4660000000000002,3.2440000000000002
16903,-3.4722,3.2440000000000002
16904,-3.4660000000000002,3.2440000000000002
16905,-3.4722,3.2440000000000002
16906,-3.4660000000000002,3.2440000000000002
16907,-3.4660000000000002,3.2440000000000002
16908,-3.4660000000000002,3.2440000000000002
16909,-3.4660000000000002,3.2458999999999998
16910,-3.4660000000000002,3.2458999999999998
16911,-3.4660000000000002,3.2458999999999998
16912,-3.4660000000000002,3.2440000000000002
16913,-3.4660000000000002,3.2440000000000002
16914,-3.4660000000000002,3.2458999999999998
16915,-3.4598,3.2440000000000002
16916,-3.4660000000000002,3.2458999999999998
16917,-3.4660000000000002,3.2458999999999998
16918,-3.4660000000000002,3.2458999999999998
16919,1.3764000000000001,3.2570000000000001
16920,1.2152000000000001,3.2570000000000001
16921,0.93620000000000003,3.2570000000000001
16922,0.65100000000000002,3.2570000000000001
16923,0.40920000000000001,3.2570000000000001
16924,0.21079999999999999,3.2570000000000001
16925,-0.34100000000000003,3.2570000000000001
16926,-0.78120000000000001,3.2551999999999999
16927,-1.1097999999999999,3.2551999999999999
16928,-1.3453999999999999,3.2551999999999999
16929,-1.4632000000000001,3.2551999999999999
16930,-0.66959999999999997,3.2570000000000001
16931,-0.65720000000000001,3.2570000000000001
16932,-0.66959999999999997,3.2570000000000001
16933,-0.65720000000000001,3.2570000000000001
16934,-0.65720000000000001,3.2570000000000001
16935,-0.65720000000000001,3.2570000000000001
16936,-0.65720000000000001,3.2570000000000001
16937,-0.65720000000000001,3.2570000000000001
16938,-0.65720000000000001,3.2570000000000001
16939,-0.66959999999999997,3.2570000000000001
16940,-0.65720000000000001,3.2570000000000001
16941,-0.65720000000000001,3.2570000000000001
16942,-0.65720000000000001,3.2589000000000001
16943,-0.65720000000000001,3.2570000000000001
16944,-0.65720000000000001,3.2589000000000001
16945,-0.66959999999999997,3.2589000000000001
16946,-0.65720000000000001,3.2589000000000001
16947,-0.65720000000000001,3.2589000000000001
16948,-0.65720000000000001,3.2589000000000001
16949,-0.65720000000000001,3.2589000000000001
16950,-0.66959999999999997,3.2589000000000001
16951,-1.7795000000000001,3.2570000000000001
16952,-2.1515,3.2551999999999999
16953,-2.6164999999999998,3.2551999999999999
16954,-2.9885000000000002,3.2532999999999999
16955,-3.4163999999999999,3.2532999999999999
16956,-3.8628,3.2513999999999998
16957,-4.4580000000000002,3.2496
16958,-4.7309000000000001,3.2496
16959,-5.2268999999999997,3.2458999999999998
16960,-5.6981000000000002,3.2440000000000002
16961,-6.4607999999999999,3.2421000000000002
16962,-7.5519999999999996,3.2403
16963,-6.5351999999999997,3.2403
16964,-7.7813999999999997,3.2366000000000001
16965,-8.3332999999999995,3.2366000000000001
16966,-9.2261000000000006,3.2328000000000001
16967,-9.468,3.2309999999999999
16968,-9.9515999999999991,3.2309999999999999
16969,-10.460000000000001,3.2290999999999999
16970,-11.421099999999999,3.2254
16971,-11.569900000000001,3.2254
16972,-12.0969,3.2235
16973,-12.654999999999999,3.2198000000000002
16974,-13.7462,3.218
16975,-13.857799999999999,3.2161
16976,-14.453099999999999,3.2141999999999999
16977,-5.2579000000000002,3.2309999999999999
16978,-5.1463000000000001,3.2328000000000001
16979,-5.1401000000000003,3.2328000000000001
16980,-5.1463000000000001,3.2347000000000001
16981,-5.1463000000000001,3.2347000000000001
16982,-5.1338999999999997,3.2347000000000001
16983,-5.1463000000000001,3.2347000000000001
16984,-5.1401000000000003,3.2347000000000001
16985,-5.1338999999999997,3.2347000000000001
16986,-5.1463000000000001,3.2366000000000001
16987,-5.1401000000000003,3.2366000000000001
16988,-5.1401000000000003,3.2366000000000001
16989,0.96719999999999995,3.2496
16990,1.0105999999999999,3.2513999999999998
16991,0.65100000000000002,3.2513999999999998
16992,0.77500000000000002,3.2532999999999999
16993,0.65100000000000002,3.2532999999999999
16994,0.372,3.2532999999999999
16995,0.4526,3.2532999999999999
16996,0.33479999999999999,3.2551999999999999
16997,-3.6334,3.2458999999999998
16998,-3.6953999999999998,3.2440000000000002
16999,-3.6953999999999998,3.2440000000000002
17000,-3.7016,3.2440000000000002
17001,-3.6953999999999998,3.2440000000000002
17002,-3.7016,3.2440000000000002
17003,-3.7016,3.2440000000000002
17004,-3.6953999999999998,3.2440000000000002
17005,-3.7016,3.2440000000000002
17006,-3.6953999999999998,3.2440000000000002
17007,-3.6953999999999998,3.2440000000000002
17008,-3.6953999999999998,3.2440000000000002
17009,-3.7016,3.2440000000000002
17010,1.6927000000000001,3.2551999999999999
17011,1.5004,3.2570000000000001
17012,1.3391999999999999,3.2570000000000001
17013,0.93620000000000003,3.2570000000000001
17014,0.65100000000000002,3.2570000000000001
17015,0.40920000000000001,3.2570000000000001
17016,0.13020000000000001,3.2570000000000001
17017,-0.34100000000000003,3.2570000000000001
17018,-0.74399999999999999,3.2551999999999999
17019,-1.1097999999999999,3.2551999999999999
17020,-1.3453999999999999,3.2551999999999999
17021,-1.4632000000000001,3.2551999999999999
17022,-0.65720000000000001,3.2551999999999999
17023,-0.65720000000000001,3.2551999999999999
17024,-0.65720000000000001,3.2570000000000001
17025,-0.66959999999999997,3.2570000000000001
17026,-0.65720000000000001,3.2570000000000001
17027,-0.66959999999999997,3.2570000000000001
17028,-0.66959999999999997,3.2570000000000001
17029,-0.65720000000000001,3.2570000000000001
17030,-0.65720000000000001,3.2570000000000001
17031,-0.65720000000000001,3.2570000000000001
17032,-0.65720000000000001,3.2570000000000001
17033,-0.65720000000000001,3.2570000000000001
17034,-0.65720000000000001,3.2570000000000001
17035,-0.65720000000000001,3.2570000000000001
17036,-0.65720000000000001,3.2570000000000001
17037,-0.65720000000000001,3.2570000000000001
17038,-0.65720000000000001,3.2570000000000001
17039,-0.65720000000000001,3.2589000000000001
17040,-0.66959999999999997,3.2589000000000001
17041,-2.7404999999999999,3.2532999999999999
17042,-4.1790000000000003,3.2513999999999998
17043,-5.8220999999999998,3.2458999999999998
17044,-7.2172000000000001,3.2421000000000002
17045,-2.1825000000000001,3.2513999999999998
17046,-2.1019000000000001,3.2532999999999999
17047,-2.1019000000000001,3.2532999999999999
17048,-2.1019000000000001,3.2532999999999999
17049,-2.1019000000000001,3.2532999999999999
17050,-2.1019000000000001,3.2532999999999999
17051,-2.1019000000000001,3.2532999999999999
17052,-2.0895000000000001,3.2532999999999999
17053,-0.30380000000000001,3.2570000000000001
17054,-0.70679999999999998,3.2570000000000001
17055,-1.0664,3.2551999999999999
17056,-1.3453999999999999,3.2551999999999999
17057,-1.4632000000000001,3.2551999999999999
17058,-0.65720000000000001,3.2570000000000001
17059,-0.65720000000000001,3.2570000000000001
17060,-0.65720000000000001,3.2570000000000001
17061,-0.65720000000000001,3.2570000000000001
17062,-0.65720000000000001,3.2570000000000001
17063,-0.65720000000000001,3.2570000000000001
17064,-0.65720000000000001,3.2570000000000001
17065,-0.65720000000000001,3.2589000000000001
17066,-0.65720000000000001,3.2589000000000001
17067,-0.66959999999999997,3.2589000000000001
17068,-0.65720000000000001,3.2589000000000001
17069,-0.65720000000000001,3.2589000000000001
17070,-0.65720000000000001,3.2589000000000001
17071,-0.65720000000000001,3.2589000000000001
17072,-0.65720000000000001,3.2589000000000001
17073,-0.66959999999999997,3.2589000000000001
17074,-0.65720000000000001,3.2589000000000001
17075,-0.65720000000000001,3.2589000000000001
17076,-0.66959999999999997,3.2589000000000001
17077,-0.65720000000000001,3.2589000000000001
17078,-0.65720000000000001,3.2589000000000001
17079,-2.1019000000000001,3.2570000000000001
17080,-2.8273000000000001,3.2551999999999999
17081,-3.6581999999999999,3.2532999999999999
17082,-4.5014000000000003,3.2513999999999998
17083,-5.1835000000000004,3.2496
17084,-6.1506999999999996,3.2440000000000002
17085,-7.0683999999999996,3.2421000000000002
17086,-7.7751999999999999,3.2403
17087,-8.9533000000000005,3.2366000000000001
17088,-9.9391999999999996,3.2328000000000001
17089,-10.6212,3.2309999999999999
17090,-11.935700000000001,3.2273000000000001
17091,-3.5775999999999999,3.2421000000000002
17092,-3.4969999999999999,3.2440000000000002
17093,-3.5032000000000001,3.2440000000000002
17094,-3.5032000000000001,3.2440000000000002
17095,-3.5032000000000001,3.2440000000000002
17096,-3.5032000000000001,3.2440000000000002
17097,-3.5032000000000001,3.2440000000000002
17098,-3.5032000000000001,3.2440000000000002
17099,-3.4969999999999999,3.2440000000000002
17100,-3.5032000000000001,3.2458999999999998
17101,-3.5032000000000001,3.2458999999999998
17102,-3.5032000000000001,3.2458999999999998
17103,-3.5032000000000001,3.2458999999999998
17104,-3.5032000000000001,3.2458999999999998
17105,-3.4969999999999999,3.2458999999999998
17106,-3.5093999999999999,3.2458999999999998
17107,-3.4969999999999999,3.2458999999999998
17108,-3.5032000000000001,3.2458999999999998
17109,-3.5032000000000001,3.2458999999999998
17110,-3.5032000000000001,3.2458999999999998
17111,-3.5032000000000001,3.2458999999999998
17112,-3.5032000000000001,3.2458999999999998
17113,-3.4969999999999999,3.2458999999999998
17114,-3.4969999999999999,3.2458999999999998
17115,1.3702000000000001,3.2570000000000001
17116,1.2152000000000001,3.2570000000000001
17117,0.93620000000000003,3.2570000000000001
17118,0.65720000000000001,3.2570000000000001
17119,0.40920000000000001,3.2589000000000001
17120,0.2046,3.2570000000000001
17121,-0.33479999999999999,3.2570000000000001
17122,-0.78739999999999999,3.2570000000000001
17123,-1.1035999999999999,3.2570000000000001
17124,-1.3453999999999999,3.2551999999999999
17125,-1.4632000000000001,3.2551999999999999
17126,-0.65720000000000001,3.2570000000000001
17127,-0.65720000000000001,3.2570000000000001
17128,-0.65720000000000001,3.2570000000000001
17129,-0.65720000000000001,3.2570000000000001
17130,-0.65720000000000001,3.2570000000000001
17131,-0.65720000000000001,3.2570000000000001
17132,-0.65720000000000001,3.2570000000000001
17133,-0.66959999999999997,3.2570000000000001
17134,-0.65720000000000001,3.2589000000000001
17135,-0.65720000000000001,3.2570000000000001
17136,-0.65720000000000001,3.2589000000000001
17137,-0.65720000000000001,3.2589000000000001
17138,-0.65720000000000001,3.2589000000000001
17139,-0.65720000000000001,3.2589000000000001
17140,-0.65720000000000001,3.2589000000000001
17141,-0.65720000000000001,3.2589000000000001
17142,-0.65720000000000001,3.2589000000000001
17143,-0.65720000000000001,3.2589000000000001
17144,-0.65720000000000001,3.2589000000000001
17145,-0.65720000000000001,3.2589000000000001
17146,-0.65720000000000001,3.2589000000000001
17147,-1.7857000000000001,3.2570000000000001
17148,-2.1453000000000002,3.2570000000000001
17149,-2.6227,3.2551999999999999
17150,-2.9885000000000002,3.2532999999999999
17151,-3.4163999999999999,3.2532999999999999
17152,-3.8504,3.2513999999999998
17153,-4.4580000000000002,3.2496
17154,-4.7432999999999996,3.2496
17155,-5.2268999999999997,3.2458999999999998
17156,-5.7042999999999999,3.2440000000000002
17157,-6.4607999999999999,3.2421000000000002
17158,-7.5396000000000001,3.2403
17159,-6.5414000000000003,3.2403
17160,-7.7751999999999999,3.2383999999999999
17161,-8.3457000000000008,3.2366000000000001
17162,-9.2261000000000006,3.2328000000000001
17163,-9.4556000000000004,3.2328000000000001
17164,-9.9825999999999997,3.2309999999999999
17165,-10.503399999999999,3.2290999999999999
17166,-11.464499999999999,3.2254
17167,-11.5761,3.2254
17168,-12.1465,3.2235
17169,-12.698399999999999,3.2216999999999998
17170,-13.764799999999999,3.218
17171,-13.895,3.2161
17172,-14.496499999999999,3.2141999999999999
17173,-5.2641,3.2309999999999999
17174,-5.1835000000000004,3.2328000000000001
17175,-5.1835000000000004,3.2328000000000001
17176,-5.1835000000000004,3.2347000000000001
17177,-5.1835000000000004,3.2347000000000001
17178,-5.1835000000000004,3.2347000000000001
17179,-5.1772999999999998,3.2347000000000001
17180,-5.1835000000000004,3.2347000000000001
17181,-5.1835000000000004,3.2347000000000001
17182,-5.1835000000000004,3.2347000000000001
17183,-5.1835000000000004,3.2347000000000001
17184,-5.1835000000000004,3.2347000000000001
17185,0.96719999999999995,3.2496
17186,1.0167999999999999,3.2513999999999998
17187,0.65100000000000002,3.2513999999999998
17188,0.77500000000000002,3.2513999999999998
17189,0.65720000000000001,3.2532999999999999
17190,0.372,3.2532999999999999
17191,0.4526,3.2532999999999999
17192,0.3286,3.2551999999999999
17193,-3.6272000000000002,3.2458999999999998
17194,-3.7016,3.2440000000000002
17195,-3.7016,3.2440000000000002
17196,-3.6953999999999998,3.2440000000000002
17197,-3.7016,3.2440000000000002
17198,-3.7016,3.2440000000000002
17199,-3.6953999999999998,3.2440000000000002
17200,-3.6953999999999998,3.2440000000000002
17201,-3.7016,3.2440000000000002
17202,-3.7016,3.2440000000000002
17203,-3.7016,3.2440000000000002
17204,-3.6953999999999998,3.2440000000000002
17205,-3.7016,3.2440000000000002
17206,1.6927000000000001,3.2551999999999999
17207,1.5004,3.2570000000000001
17208,1.333,3.2570000000000001
17209,0.93000000000000005,3.2570000000000001
17210,0.65720000000000001,3.2570000000000001
17211,0.40920000000000001,3.2570000000000001
17212,0.13020000000000001,3.2570000000000001
17213,-0.33479999999999999,3.2551999999999999
17214,-0.74399999999999999,3.2551999999999999
17215,-1.1097999999999999,3.2551999999999999
17216,-1.3453999999999999,3.2551999999999999
17217,-1.4632000000000001,3.2551999999999999
17218,-0.65720000000000001,3.2551999999999999
17219,-0.65720000000000001,3.2551999999999999
17220,-0.65720000000000001,3.2551999999999999
17221,-0.65720000000000001,3.2570000000000001
17222,-0.66959999999999997,3.2570000000000001
17223,-0.65720000000000001,3.2570000000000001
17224,-0.65720000000000001,3.2570000000000001
17225,-0.65720000000000001,3.2570000000000001
17226,-0.66959999999999997,3.2570000000000001
17227,-0.65720000000000001,3.2570000000000001
17228,-0.65720000000000001,3.2570000000000001
17229,-0.66959999999999997,3.2570000000000001
17230,-0.66959999999999997,3.2570000000000001
17231,-0.65720000000000001,3.2570000000000001
17232,-0.65720000000000001,3.2570000000000001
17233,-0.65720000000000001,3.2570000000000001
17234,-0.65720000000000001,3.2570000000000001
17235,-0.65720000000000001,3.2570000000000001
17236,-0.66959999999999997,3.2570000000000001
17237,-2.7528999999999999,3.2532999999999999
17238,-4.1727999999999996,3.2513999999999998
17239,-5.8159000000000001,3.2440000000000002
17240,-7.2667999999999999,3.2403
17241,-2.1886999999999999,3.2513999999999998
17242,-2.1019000000000001,3.2513999999999998
17243,-2.1019000000000001,3.2532999999999999
17244,-2.1019000000000001,3.2532999999999999
17245,-2.1080999999999999,3.2532999999999999
17246,-2.1019000000000001,3.2532999999999999
17247,-2.1019000000000001,3.2532999999999999
17248,-2.1080999999999999,3.2532999999999999
17249,-0.29759999999999998,3.2570000000000001
17250,-0.70679999999999998,3.2551999999999999
17251,-1.0664,3.2551999999999999
17252,-1.3453999999999999,3.2551999999999999
17253,-1.4632000000000001,3.2551999999999999
17254,-0.65720000000000001,3.2570000000000001
17255,-0.65720000000000001,3.2570000000000001
17256,-0.65720000000000001,3.2570000000000001
17257,-0.65720000000000001,3.2570000000000001
17258,-0.65720000000000001,3.2570000000000001
17259,-0.65720000000000001,3.2570000000000001
17260,-0.65720000000000001,3.2570000000000001
17261,-0.66959999999999997,3.2570000000000001
17262,-0.65720000000000001,3.2570000000000001
17263,-0.65720000000000001,3.2589000000000001
17264,-0.65720000000000001,3.2570000000000001
17265,-0.65720000000000001,3.2589000000000001
17266,-0.65720000000000001,3.2589000000000001
17267,-0.65720000000000001,3.2589000000000001
17268,-0.65720000000000001,3.2589000000000001
17269,-0.65720000000000001,3.2589000000000001
17270,-0.65720000000000001,3.2589000000000001
17271,-0.65720000000000001,3.2589000000000001
17272,-0.65720000000000001,3.2589000000000001
17273,-0.65720000000000001,3.2589000000000001
17274,-0.65720000000000001,3.2589000000000001
17275,-2.1453000000000002,3.2551999999999999
17276,-2.8273000000000001,3.2551999999999999
17277,-3.6953999999999998,3.2532999999999999
17278,-4.4951999999999996,3.2496
17279,-5.1897000000000002,3.2496
17280,-6.1444999999999999,3.2440000000000002
17281,-7.056,3.2421000000000002
17282,-7.7751999999999999,3.2383999999999999
17283,-8.9408999999999992,3.2366000000000001
17284,-9.9329999999999998,3.2328000000000001
17285,-10.6274,3.2309999999999999
17286,-11.935700000000001,3.2273000000000001
17287,-3.6272000000000002,3.2421000000000002
17288,-3.5032000000000001,3.2440000000000002
17289,-3.5032000000000001,3.2440000000000002
17290,-3.5032000000000001,3.2440000000000002
17291,-3.5032000000000001,3.2440000000000002
17292,-3.5032000000000001,3.2440000000000002
17293,-3.5032000000000001,3.2440000000000002
17294,-3.5032000000000001,3.2440000000000002
17295,-3.5032000000000001,3.2458999999999998
17296,-3.4969999999999999,3.2458999999999998
17297,-3.4969999999999999,3.2440000000000002
17298,-3.5032000000000001,3.2440000000000002
17299,-3.5032000000000001,3.2458999999999998
17300,-3.5032000000000001,3.2440000000000002
17301,-3.4969999999999999,3.2440000000000002
17302,-3.4969999999999999,3.2458999999999998
17303,-3.4969999999999999,3.2440000000000002
17304,-3.5032000000000001,3.2440000000000002
17305,-3.5032000000000001,3.2458999999999998
17306,-3.5093999999999999,3.2440000000000002
17307,-3.5032000000000001,3.2458999999999998
17308,-3.5032000000000001,3.2458999999999998
17309,-3.4969999999999999,3.2458999999999998
17310,-3.5093999999999999,3.2458999999999998
17311,1.3702000000000001,3.2551999999999999
17312,1.2152000000000001,3.2570000000000001
17313,0.93620000000000003,3.2570000000000001
17314,0.65720000000000001,3.2570000000000001
17315,0.40920000000000001,3.2570000000000001
17316,0.2046,3.2570000000000001
17317,-0.33479999999999999,3.2570000000000001
17318,-0.78739999999999999,3.2570000000000001
17319,-1.1035999999999999,3.2551999999999999
17320,-1.3453999999999999,3.2551999999999999
17321,-1.4632000000000001,3.2551999999999999
17322,-0.65720000000000001,3.2570000000000001
17323,-0.65720000000000001,3.2570000000000001
17324,-0.65720000000000001,3.2570000000000001
17325,-0.65720000000000001,3.2570000000000001
17326,-0.65720000000000001,3.2570000000000001
17327,-0.65720000000000001,3.2570000000000001
17328,-0.65720000000000001,3.2570000000000001
17329,-0.66959999999999997,3.2570000000000001
17330,-0.65720000000000001,3.2570000000000001
17331,-0.66959999999999997,3.2570000000000001
17332,-0.65720000000000001,3.2570000000000001
17333,-0.65720000000000001,3.2570000000000001
17334,-0.65720000000000001,3.2570000000000001
17335,-0.65720000000000001,3.2570000000000001
17336,-0.65720000000000001,3.2589000000000001
17337,-0.65720000000000001,3.2589000000000001
17338,-0.65720000000000001,3.2589000000000001
17339,-0.65720000000000001,3.2589000000000001
17340,-0.65720000000000001,3.2589000000000001
17341,-0.65720000000000001,3.2589000000000001
17342,-0.66959999999999997,3.2589000000000001
17343,-1.7795000000000001,3.2570000000000001
17344,-2.1453000000000002,3.2551999999999999
17345,-2.6164999999999998,3.2551999999999999
17346,-3.0257000000000001,3.2532999999999999
17347,-3.4226000000000001,3.2532999999999999
17348,-3.8628,3.2513999999999998
17349,-4.4641999999999999,3.2496
17350,-4.7866999999999997,3.2496
17351,-5.2268999999999997,3.2458999999999998
17352,-5.7415000000000003,3.2440000000000002
17353,-6.4607999999999999,3.2421000000000002
17354,-7.5705999999999998,3.2383999999999999
17355,-6.5414000000000003,3.2403
17356,-7.8186999999999998,3.2366000000000001
17357,-8.3394999999999992,3.2347000000000001
17358,-9.2632999999999992,3.2328000000000001
17359,-9.5052000000000003,3.2309999999999999
17360,-9.9825999999999997,3.2290999999999999
17361,-10.491,3.2273000000000001
17362,-11.4397,3.2254
17363,-11.6257,3.2235
17364,-12.1403,3.2216999999999998
17365,-12.6922,3.2198000000000002
17366,-13.8268,3.2161
17367,-13.901199999999999,3.2161
17368,-14.502700000000001,3.2141999999999999
17369,-5.2579000000000002,3.2290999999999999
17370,-5.1897000000000002,3.2309999999999999
17371,-5.1897000000000002,3.2328000000000001
17372,-5.1772999999999998,3.2328000000000001
17373,-5.1835000000000004,3.2328000000000001
17374,-5.1835000000000004,3.2328000000000001
17375,-5.1835000000000004,3.2347000000000001
17376,-5.1897000000000002,3.2347000000000001
17377,-5.1835000000000004,3.2347000000000001
17378,-5.1835000000000004,3.2347000000000001
17379,-5.1835000000000004,3.2347000000000001
17380,-5.1897000000000002,3.2347000000000001
17381,0.97340000000000004,3.2458999999999998
17382,1.0105999999999999,3.2496
17383,0.65720000000000001,3.2513999999999998
17384,0.77500000000000002,3.2513999999999998
17385,0.65720000000000001,3.2513999999999998
17386,0.372,3.2532999999999999
17387,0.4526,3.2532999999999999
17388,0.3286,3.2532999999999999
17389,-3.6272000000000002,3.2440000000000002
17390,-3.7016,3.2440000000000002
17391,-3.7016,3.2440000000000002
17392,-3.6953999999999998,3.2440000000000002
17393,-3.6953999999999998,3.2440000000000002
17394,-3.7016,3.2421000000000002
17395,-3.7016,3.2421000000000002
17396,-3.6953999999999998,3.2421000000000002
17397,-3.6953999999999998,3.2421000000000002
17398,-3.7016,3.2421000000000002
17399,-3.7016,3.2421000000000002
17400,-3.6953999999999998,3.2421000000000002
17401,-3.7016,3.2421000000000002
17402,1.6927000000000001,3.2551999999999999
17403,1.5065999999999999,3.2570000000000001
17404,1.333,3.2570000000000001
17405,0.93620000000000003,3.2570000000000001
17406,0.65100000000000002,3.2551999999999999
17407,0.40920000000000001,3.2570000000000001
17408,0.13020000000000001,3.2570000000000001
17409,-0.33479999999999999,3.2551999999999999
17410,-0.73160000000000003,3.2551999999999999
17411,-1.1035999999999999,3.2532999999999999
17412,-1.3453999999999999,3.2532999999999999
17413,-1.4694,3.2532999999999999
17414,-0.65720000000000001,3.2551999999999999
17415,-0.66959999999999997,3.2551999999999999
17416,-0.65720000000000001,3.2551999999999999
17417,-0.65720000000000001,3.2551999999999999
17418,-0.65720000000000001,3.2551999999999999
17419,-0.65720000000000001,3.2570000000000001
17420,-0.65720000000000001,3.2551999999999999
17421,-0.65720000000000001,3.2551999999999999
17422,-0.65720000000000001,3.2570000000000001
17423,-0.65720000000000001,3.2570000000000001
17424,-0.65720000000000001,3.2570000000000001
17425,-0.65720000000000001,3.2570000000000001
17426,-0.65720000000000001,3.2570000000000001
17427,-0.65720000000000001,3.2570000000000001
17428,-0.65720000000000001,3.2570000000000001
17429,-0.65720000000000001,3.2570000000000001
17430,-0.65720000000000001,3.2570000000000001
17431,-0.65720000000000001,3.2570000000000001
17432,-0.65720000000000001,3.2570000000000001
17433,-0.65720000000000001,3.2570000000000001
17434,-0.65720000000000001,3.2570000000000001
17435,-0.65720000000000001,3.2570000000000001
17436,-0.65720000000000001,3.2570000000000001
17437,-0.65720000000000001,3.2570000000000001
17438,-0.65720000000000001,3.2570000000000001
17439,-0.65720000000000001,3.2570000000000001
17440,-0.65720000000000001,3.2570000000000001
17441,-0.65720000000000001,3.2589000000000001
17442,-2.3127,3.2551999999999999
17443,-3.2614000000000001,3.2532999999999999
17444,-4.2595999999999998,3.2496
17445,-5.2579000000000002,3.2458999999999998
17446,-6.2624000000000004,3.2421000000000002
17447,-2.1391,3.2513999999999998
17448,-2.0895000000000001,3.2532999999999999
17449,-5.6670999999999996,3.2440000000000002
17450,-6.3864000000000001,3.2421000000000002
17451,-7.2606000000000002,3.2403
17452,-7.7504,3.2366000000000001
17453,-8.4262999999999995,3.2347000000000001
17454,-9.0959000000000003,3.2328000000000001
17455,-10.143800000000001,3.2309999999999999
17456,-10.5778,3.2273000000000001
17457,-11.2165,3.2254
17458,-3.8193999999999999,3.2383999999999999
17459,-3.7450000000000001,3.2403
17460,-10.553000000000001,3.2273000000000001
17461,-11.135899999999999,3.2254
17462,-11.2537,3.2235
17463,-12.214700000000001,3.2216999999999998
17464,-12.7852,3.2198000000000002
17465,-13.3308,3.2161
17466,-13.3804,3.2161
17467,-14.496499999999999,3.2124000000000001
17468,-5.2950999999999997,3.2290999999999999
17469,-5.1772999999999998,3.2309999999999999
17470,-12.698399999999999,3.218
17471,-13.857799999999999,3.2141999999999999
17472,-13.7462,3.2124000000000001
17473,-14.825100000000001,3.2086999999999999
17474,-14.7011,3.2086999999999999
17475,-15.1785,3.2067999999999999
17476,-16.338000000000001,3.2031000000000001
17477,-16.183,3.2031000000000001
17478,-16.691400000000002,3.2012
17479,-17.9315,3.1956000000000002
17480,-17.776499999999999,3.1956000000000002
17481,-19.078600000000002,3.1919
17482,-18.936,3.1919
17483,-8.4758999999999993,3.2124000000000001
17484,-8.3704999999999998,3.2141999999999999
17485,-8.3828999999999994,3.2141999999999999
17486,-8.3890999999999991,3.2141999999999999
17487,-8.3828999999999994,3.2161
17488,-8.3704999999999998,3.2161
17489,-8.3828999999999994,3.2161
17490,-8.3704999999999998,3.2161
17491,-8.3890999999999991,3.218
17492,-8.3828999999999994,3.218
17493,-8.3828999999999994,3.2161
17494,-8.3704999999999998,3.218
17495,-8.3704999999999998,3.218
17496,-8.3704999999999998,3.218
17497,-8.3828999999999994,3.218
17498,-8.3828999999999994,3.218
17499,-8.3890999999999991,3.218
17500,-8.3828999999999994,3.218
17501,-8.3828999999999994,3.218
17502,-8.3828999999999994,3.218
17503,-8.3828999999999994,3.218
17504,-8.3828999999999994,3.218
17505,-8.3828999999999994,3.218
17506,-8.3828999999999994,3.218
17507,-8.3704999999999998,3.218
17508,-8.3890999999999991,3.218
17509,-8.3704999999999998,3.218
17510,-8.3828999999999994,3.218
17511,-8.3704999999999998,3.218
17512,-8.3828999999999994,3.218
17513,-8.3704999999999998,3.218
17514,-8.3828999999999994,3.218
17515,-8.3890999999999991,3.218
17516,-8.3643000000000001,3.218
17517,-8.3828999999999994,3.218
17518,-8.3704999999999998,3.2161
17519,-8.3828999999999994,3.218
17520,-8.3828999999999994,3.218
17521,-8.3890999999999991,3.218
17522,-8.3890999999999991,3.218
17523,-8.3828999999999994,3.218
17524,-8.3828999999999994,3.218
17525,-8.3828999999999994,3.218
17526,-8.3704999999999998,3.218
17527,-8.3828999999999994,3.2161
17528,-8.3828999999999994,3.2161
17529,-8.3828999999999994,3.218
17530,-8.3828999999999994,3.2161
17531,-8.3704999999999998,3.2161
17532,-8.3704999999999998,3.218
17533,3.8938000000000001,3.2403
17534,3.8875999999999999,3.2421000000000002
17535,3.7450000000000001,3.2458999999999998
17536,3.5714000000000001,3.2458999999999998
17537,3.3730000000000002,3.2496
17538,3.218,3.2496
17539,3.0133000000000001,3.2513999999999998
17540,2.8210999999999999,3.2513999999999998
17541,-5.0160999999999998,3.2347000000000001
17542,-5.1835000000000004,3.2328000000000001
17543,-5.1959,3.2328000000000001
17544,-5.1897000000000002,3.2328000000000001
17545,-5.1835000000000004,3.2328000000000001
17546,-5.1772999999999998,3.2328000000000001
17547,-5.1897000000000002,3.2309999999999999
17548,-5.1772999999999998,3.2309999999999999
17549,-5.1835000000000004,3.2309999999999999
17550,-5.1835000000000004,3.2309999999999999
17551,-5.1835000000000004,3.2309999999999999
17552,-5.1835000000000004,3.2309999999999999
17553,-5.1772999999999998,3.2309999999999999
17554,-5.1772999999999998,3.2309999999999999
17555,-5.1835000000000004,3.2309999999999999
17556,-5.1835000000000004,3.2309999999999999
17557,-5.1897000000000002,3.2309999999999999
17558,-5.1772999999999998,3.2309999999999999
17559,-5.1835000000000004,3.2309999999999999
17560,-5.1835000000000004,3.2309999999999999
17561,-5.1897000000000002,3.2309999999999999
17562,-5.1772999999999998,3.2309999999999999
17563,-5.1835000000000004,3.2290999999999999
17564,-5.1835000000000004,3.2309999999999999
17565,-5.1835000000000004,3.2290999999999999
17566,-5.1835000000000004,3.2290999999999999
17567,-5.1835000000000004,3.2309999999999999
17568,-5.1772999999999998,3.2309999999999999
17569,-5.1835000000000004,3.2309999999999999
17570,-5.1772999999999998,3.2290999999999999
17571,-5.1835000000000004,3.2309999999999999
17572,-5.1772999999999998,3.2290999999999999
17573,-5.1772999999999998,3.2309999999999999
17574,-5.1897000000000002,3.2309999999999999
17575,-5.1835000000000004,3.2309999999999999
17576,-5.1835000000000004,3.2309999999999999
17577,-5.1772999999999998,3.2290999999999999
17578,-5.1959,3.2290999999999999
17579,-5.1711,3.2309999999999999
17580,-5.1835000000000004,3.2290999999999999
17581,-5.1772999999999998,3.2309999999999999
17582,-5.1835000000000004,3.2309999999999999
17583,-5.1835000000000004,3.2290999999999999
17584,-5.1835000000000004,3.2290999999999999
17585,-5.1772999999999998,3.2290999999999999
17586,-5.1897000000000002,3.2309999999999999
17587,-5.1835000000000004,3.2290999999999999
17588,-5.1897000000000002,3.2290999999999999
17589,-5.1835000000000004,3.2309999999999999
17590,-5.1897000000000002,3.2290999999999999
17591,-5.1835000000000004,3.2290999999999999
17592,-5.1772999999999998,3.2290999999999999
17593,-5.1835000000000004,3.2290999999999999
17594,-5.1835000000000004,3.2290999999999999
17595,-5.1835000000000004,3.2290999999999999
17596,-5.1835000000000004,3.2290999999999999
17597,-5.1772999999999998,3.2290999999999999
17598,-5.1835000000000004,3.2290999999999999
17599,-5.1835000000000004,3.2290999999999999
17600,-5.1897000000000002,3.2290999999999999
17601,-5.1772999999999998,3.2290999999999999
17602,-5.1772999999999998,3.2290999999999999
17603,-5.1772999999999998,3.2290999999999999
17604,-5.1835000000000004,3.2290999999999999
17605,-5.1835000000000004,3.2290999999999999
17606,-5.1835000000000004,3.2290999999999999
17607,-5.1897000000000002,3.2290999999999999
17608,-5.1835000000000004,3.2290999999999999
17609,-5.1835000000000004,3.2290999999999999
17610,-12.7356,3.2161
17611,-13.895,3.2105000000000001
17612,-13.771000000000001,3.2086999999999999
17613,-14.862299999999999,3.2067999999999999
17614,-14.738300000000001,3.2048999999999999
17615,-15.2219,3.2031000000000001
17616,-16.3752,3.1974999999999998
17617,-16.213999999999999,3.1974999999999998
17618,-16.7348,3.1956000000000002
17619,-17.987300000000001,3.1919
17620,-17.8261,3.1919
17621,-19.134399999999999,3.1882000000000001
17622,-18.985600000000002,3.1882000000000001
17623,-8.5007000000000001,3.2067999999999999
17624,-8.3704999999999998,3.2086999999999999
17625,-8.3828999999999994,3.2105000000000001
17626,-8.3704999999999998,3.2105000000000001
17627,-8.3890999999999991,3.2105000000000001
17628,-8.3828999999999994,3.2124000000000001
17629,-8.3828999999999994,3.2124000000000001
17630,-8.3828999999999994,3.2124000000000001
17631,-8.3704999999999998,3.2124000000000001
17632,-8.3643000000000001,3.2124000000000001
17633,-8.3828999999999994,3.2124000000000001
17634,-8.3828999999999994,3.2124000000000001
17635,-8.3704999999999998,3.2124000000000001
17636,-8.3704999999999998,3.2124000000000001
17637,-8.3828999999999994,3.2124000000000001
17638,-8.3704999999999998,3.2124000000000001
17639,-8.3828999999999994,3.2124000000000001
17640,-8.3704999999999998,3.2124000000000001
17641,-8.3704999999999998,3.2124000000000001
17642,-8.3828999999999994,3.2124000000000001
17643,-8.3828999999999994,3.2124000000000001
17644,-8.3828999999999994,3.2124000000000001
17645,-8.3828999999999994,3.2124000000000001
17646,-8.3890999999999991,3.2124000000000001
17647,-8.3704999999999998,3.2124000000000001
17648,-8.3890999999999991,3.2124000000000001
17649,-8.3828999999999994,3.2124000000000001
17650,-8.3704999999999998,3.2124000000000001
17651,-8.3828999999999994,3.2124000000000001
17652,-8.3828999999999994,3.2124000000000001
17653,-8.3828999999999994,3.2141999999999999
17654,-8.3828999999999994,3.2124000000000001
17655,-8.4138999999999999,3.2124000000000001
17656,-8.4200999999999997,3.2124000000000001
17657,-8.4138999999999999,3.2124000000000001
17658,-8.4324999999999992,3.2124000000000001
17659,-8.4200999999999997,3.2124000000000001
17660,-8.4200999999999997,3.2124000000000001
17661,-8.4262999999999995,3.2124000000000001
17662,-8.4200999999999997,3.2124000000000001
17663,-8.4200999999999997,3.2124000000000001
17664,-8.4324999999999992,3.2124000000000001
17665,-8.4138999999999999,3.2124000000000001
17666,-8.4200999999999997,3.2124000000000001
17667,-8.4200999999999997,3.2124000000000001
17668,-8.4262999999999995,3.2124000000000001
17669,-8.4200999999999997,3.2124000000000001
17670,-8.4262999999999995,3.2124000000000001
17671,-8.4200999999999997,3.2124000000000001
17672,-8.4200999999999997,3.2124000000000001
17673,-14.738300000000001,3.2012
17674,-14.3291,3.1974999999999998
17675,-15.2963,3.1956000000000002
17676,-14.818899999999999,3.1956000000000002
17677,-15.8172,3.1919
17678,-15.339700000000001,3.1919
17679,-16.3752,3.1901000000000002
17680,-16.660399999999999,3.1882000000000001
17681,-16.145800000000001,3.1882000000000001
17682,-17.218499999999999,3.1863000000000001
17683,-16.697600000000001,3.1863000000000001
17684,-17.807500000000001,3.1844999999999999
17685,-17.255700000000001,3.1844999999999999
17686,-18.427499999999998,3.1825999999999999
17687,-18.774799999999999,3.1808000000000001
17688,-18.129899999999999,3.1808000000000001
17689,-19.363800000000001,3.1789000000000001
17690,-18.780999999999999,3.1789000000000001
17691,-20.021000000000001,3.1751999999999998
17692,-19.413399999999999,3.177
17693,-20.696899999999999,3.1732999999999998
17694,-21.0503,3.1715
17695,-20.424099999999999,3.1732999999999998
17696,-21.775700000000001,3.1696
17697,-21.093699999999998,3.1715
17698,-22.495000000000001,3.1677
17699,-21.825299999999999,3.1677
17700,-23.207999999999998,3.1640000000000001
17701,-23.660699999999999,3.1640000000000001
17702,-22.922799999999999,3.1640000000000001
17703,-24.410900000000002,3.1602999999999999
17704,-23.691700000000001,3.1621999999999999
17705,-25.198399999999999,3.1583999999999999
17706,-24.4481,3.1602999999999999
17707,-26.053999999999998,3.1566000000000001
17708,-16.418600000000001,3.1732999999999998
17709,-16.331800000000001,3.1732999999999998
17710,-16.338000000000001,3.1751999999999998
17711,-16.344200000000001,3.1751999999999998
17712,-16.338000000000001,3.1751999999999998
17713,-16.331800000000001,3.1751999999999998
17714,-16.331800000000001,3.177
17715,-16.344200000000001,3.177
17716,-16.331800000000001,3.177
17717,-16.344200000000001,3.177
17718,-16.331800000000001,3.177
17719,-16.338000000000001,3.177
17720,-16.331800000000001,3.177
17721,-16.338000000000001,3.177
17722,-16.331800000000001,3.177
17723,-16.344200000000001,3.177
17724,-16.331800000000001,3.177
17725,-16.338000000000001,3.177
17726,-16.338000000000001,3.177
17727,-16.331800000000001,3.177
17728,-16.338000000000001,3.177
17729,-16.331800000000001,3.177
17730,-16.331800000000001,3.177
17731,-16.338000000000001,3.177
17732,-16.344200000000001,3.177
17733,-16.331800000000001,3.177
17734,-16.387599999999999,3.1751999999999998
17735,-16.381399999999999,3.177
17736,-16.381399999999999,3.1751999999999998
17737,-16.3628,3.1751999999999998
17738,-27.734300000000001,3.1547000000000001
17739,-28.379200000000001,3.1509999999999998
17740,-28.887599999999999,3.1490999999999998
17741,-29.445599999999999,3.1454
17742,-30.016100000000002,3.1436000000000002
17743,-30.561699999999998,3.1417000000000002
17744,-31.144500000000001,3.1398000000000001
17745,-31.733599999999999,3.1379999999999999
17746,-32.335000000000001,3.1360999999999999
17747,-32.961300000000001,3.1343000000000001
17748,-33.5627,3.1305000000000001
17749,-34.244700000000002,3.1305000000000001
17750,-34.877200000000002,3.1286999999999998
17751,-35.540599999999998,3.125
17752,-36.278500000000001,3.1231
17753,-36.948099999999997,3.1231
17754,-37.6736,3.1194000000000002
17755,-38.442399999999999,3.1175000000000002
17756,-39.205100000000002,3.1156000000000001
17757,-39.961500000000001,3.1137999999999999
17758,-24.758099999999999,3.1398000000000001
17759,-24.696100000000001,3.1417000000000002
17760,-24.683700000000002,3.1417000000000002
17761,-24.683700000000002,3.1417000000000002
17762,-24.677499999999998,3.1436000000000002
17763,-24.677499999999998,3.1436000000000002
17764,-24.689900000000002,3.1436000000000002
17765,-24.714700000000001,3.1436000000000002
17766,-24.714700000000001,3.1436000000000002
17767,-24.7395,3.1436000000000002
17768,2.8149000000000002,3.1956000000000002
17769,3.2551999999999999,3.2031000000000001
17770,3.5714000000000001,3.2067999999999999
17771,3.8193999999999999,3.2105000000000001
17772,4.0549999999999997,3.2141999999999999
17773,4.2843999999999998,3.2161
17774,4.4889999999999999,3.2198000000000002
17775,4.6501999999999999,3.2216999999999998
17776,4.8114999999999997,3.2235
17777,4.8982999999999999,3.2254
17778,4.9230999999999998,3.2273000000000001
17779,4.9417,3.2273000000000001
17780,4.8921000000000001,3.2290999999999999
17781,4.8487,3.2309999999999999
17782,4.7805,3.2309999999999999
17783,4.6875,3.2328000000000001
17784,9.9763999999999999,3.2440000000000002
17785,9.9763999999999999,3.2458999999999998
17786,9.0091000000000001,3.2440000000000002
17787,8.8045000000000009,3.2458999999999998
17788,7.9302999999999999,3.2458999999999998
17789,7.6449999999999996,3.2458999999999998
17790,6.7831999999999999,3.2458999999999998
17791,6.4546000000000001,3.2458999999999998
17792,8.2155000000000005,3.2513999999999998
17793,7.0932000000000004,3.2496
17794,5.8902999999999999,3.2496
17795,4.7370999999999999,3.2458999999999998
17796,3.7326000000000001,3.2440000000000002
17797,2.7715000000000001,3.2421000000000002
17798,1.8105,3.2403
17799,0.40300000000000002,3.2383999999999999
17800,-0.73160000000000003,3.2347000000000001
17801,-1.4198,3.2347000000000001
17802,-0.65720000000000001,3.2347000000000001
17803,-0.65720000000000001,3.2347000000000001
17804,-0.65720000000000001,3.2347000000000001
17805,-0.65720000000000001,3.2347000000000001
17806,-0.65720000000000001,3.2347000000000001
17807,-0.65720000000000001,3.2347000000000001
17808,-0.65720000000000001,3.2347000000000001
17809,-0.65720000000000001,3.2347000000000001
17810,-0.65720000000000001,3.2347000000000001
17811,-0.65720000000000001,3.2347000000000001
17812,-0.65720000000000001,3.2347000000000001
17813,-0.65720000000000001,3.2347000000000001
17814,-0.65720000000000001,3.2347000000000001
17815,-0.65720000000000001,3.2347000000000001
17816,-0.65720000000000001,3.2347000000000001
17817,-0.65720000000000001,3.2347000000000001
17818,-0.65720000000000001,3.2347000000000001
17819,-0.66959999999999997,3.2366000000000001
17820,-0.66959999999999997,3.2366000000000001
17821,-0.080600000000000005,3.2383999999999999
17822,-0.65720000000000001,3.2366000000000001
17823,-0.66959999999999997,3.2366000000000001
17824,-0.65720000000000001,3.2366000000000001
17825,-0.65720000000000001,3.2366000000000001
17826,-0.65720000000000001,3.2366000000000001
17827,-0.65720000000000001,3.2366000000000001
17828,-0.65720000000000001,3.2366000000000001
17829,-0.65720000000000001,3.2366000000000001
17830,-0.65720000000000001,3.2366000000000001
17831,-0.65720000000000001,3.2366000000000001
17832,-0.65720000000000001,3.2366000000000001
17833,-0.65720000000000001,3.2366000000000001
17834,-2.7467000000000001,3.2328000000000001
17835,-4.1852,3.2309999999999999
17836,-5.7786999999999997,3.2273000000000001
17837,-7.2172000000000001,3.2235
17838,-2.1453000000000002,3.2309999999999999
17839,-2.0585,3.2328000000000001
17840,-2.0585,3.2328000000000001
17841,-2.0585,3.2328000000000001
17842,-2.0585,3.2328000000000001
17843,-2.0585,3.2328000000000001
17844,-2.0585,3.2328000000000001
17845,-2.0585,3.2328000000000001
17846,-0.29759999999999998,3.2366000000000001
17847,-0.70679999999999998,3.2366000000000001
17848,-1.0664,3.2366000000000001
17849,-1.3453999999999999,3.2366000000000001
17850,-1.4632000000000001,3.2366000000000001
17851,-0.65720000000000001,3.2366000000000001
17852,-0.65720000000000001,3.2366000000000001
17853,-0.66959999999999997,3.2383999999999999
17854,-0.65720000000000001,3.2383999999999999
17855,-0.65720000000000001,3.2383999999999999
17856,-0.65720000000000001,3.2383999999999999
17857,-0.66959999999999997,3.2383999999999999
17858,-0.65720000000000001,3.2383999999999999
17859,-0.65720000000000001,3.2383999999999999
17860,-0.65720000000000001,3.2383999999999999
17861,-0.65720000000000001,3.2383999999999999
17862,-0.66959999999999997,3.2383999999999999
17863,-0.65720000000000001,3.2383999999999999
17864,-0.65720000000000001,3.2383999999999999
17865,-0.65720000000000001,3.2383999999999999
17866,-0.65720000000000001,3.2403
17867,-0.65720000000000001,3.2403
17868,-0.65720000000000001,3.2403
17869,-0.65720000000000001,3.2403
17870,-0.65720000000000001,3.2383999999999999
17871,-0.65720000000000001,3.2403
17872,-2.1019000000000001,3.2366000000000001
17873,-2.8273000000000001,3.2366000000000001
17874,-3.6520000000000001,3.2328000000000001
17875,-4.5014000000000003,3.2309999999999999
17876,-5.1835000000000004,3.2290999999999999
17877,-6.1073000000000004,3.2273000000000001
17878,-7.0250000000000004,3.2254
17879,-7.7442000000000002,3.2235
17880,-8.8975000000000009,3.2198000000000002
17881,-9.9082000000000008,3.2161
17882,-10.5654,3.2141999999999999
17883,-11.8985,3.2105000000000001
17884,-3.5775999999999999,3.2254
17885,-3.4598,3.2273000000000001
17886,-3.4660000000000002,3.2273000000000001
17887,-3.4660000000000002,3.2290999999999999
17888,-3.4660000000000002,3.2290999999999999
17889,-3.4660000000000002,3.2290999999999999
17890,-3.4660000000000002,3.2290999999999999
17891,-3.4660000000000002,3.2290999999999999
17892,-3.4660000000000002,3.2290999999999999
17893,-3.4660000000000002,3.2290999999999999
17894,-3.4660000000000002,3.2290999999999999
17895,-3.4660000000000002,3.2290999999999999
17896,-3.4660000000000002,3.2290999999999999
17897,-3.4660000000000002,3.2290999999999999
17898,-3.4660000000000002,3.2290999999999999
17899,-3.4660000000000002,3.2290999999999999
17900,-3.4598,3.2290999999999999
17901,-3.4660000000000002,3.2290999999999999
17902,-3.4660000000000002,3.2290999999999999
17903,-3.4660000000000002,3.2290999999999999
17904,-3.4722,3.2290999999999999
17905,-3.4722,3.2290999999999999
17906,-3.4722,3.2290999999999999
17907,-3.4722,3.2290999999999999
17908,1.3702000000000001,3.2383999999999999
17909,1.1718,3.2383999999999999
17910,0.93620000000000003,3.2403
17911,0.65100000000000002,3.2403
17912,0.40920000000000001,3.2403
17913,0.2046,3.2403
17914,-0.34100000000000003,3.2403
17915,-0.78739999999999999,3.2383999999999999
17916,-1.1035999999999999,3.2383999999999999
17917,-1.3515999999999999,3.2366000000000001
17918,-1.4632000000000001,3.2366000000000001
17919,-0.65720000000000001,3.2383999999999999
17920,-0.65720000000000001,3.2403
17921,-0.65720000000000001,3.2403
17922,-0.65720000000000001,3.2403
17923,-0.65720000000000001,3.2403
17924,-0.65720000000000001,3.2403
17925,-0.65720000000000001,3.2403
17926,-0.65720000000000001,3.2403
17927,-0.65720000000000001,3.2403
17928,-0.65720000000000001,3.2403
17929,-0.65720000000000001,3.2403
17930,-0.66959999999999997,3.2403
17931,-0.65720000000000001,3.2403
17932,-0.65720000000000001,3.2403
17933,-0.65720000000000001,3.2403
17934,-0.66959999999999997,3.2421000000000002
17935,-0.65720000000000001,3.2403
17936,-0.65720000000000001,3.2403
17937,-0.65720000000000001,3.2421000000000002
17938,-0.65720000000000001,3.2421000000000002
17939,-0.65720000000000001,3.2421000000000002
17940,-1.7795000000000001,3.2403
17941,-2.1453000000000002,3.2383999999999999
17942,-2.6164999999999998,3.2383999999999999
17943,-2.9823,3.2366000000000001
17944,-3.4226000000000001,3.2347000000000001
17945,-3.8504,3.2347000000000001
17946,-4.4269999999999996,3.2328000000000001
17947,-4.7495000000000003,3.2309999999999999
17948,-5.1835000000000004,3.2309999999999999
17949,-5.7042999999999999,3.2290999999999999
17950,-6.4236000000000004,3.2273000000000001
17951,-7.5396000000000001,3.2235
17952,-6.4980000000000002,3.2254
17953,-7.7751999999999999,3.2216999999999998
17954,-8.3147000000000002,3.2198000000000002
17955,-9.2136999999999993,3.218
17956,-9.4556000000000004,3.218
17957,-9.9391999999999996,3.2161
17958,-10.460000000000001,3.2141999999999999
17959,-11.427300000000001,3.2105000000000001
17960,-11.5327,3.2086999999999999
17961,-12.1031,3.2086999999999999
17962,-12.667400000000001,3.2048999999999999
17963,-13.74,3.2031000000000001
17964,-13.820600000000001,3.2012
17965,-14.453099999999999,3.1974999999999998
17966,-5.2579000000000002,3.2161
17967,-5.1463000000000001,3.218
17968,-5.1463000000000001,3.2198000000000002
17969,-5.1401000000000003,3.2198000000000002
17970,-5.1401000000000003,3.2198000000000002
17971,-5.1401000000000003,3.2198000000000002
17972,-5.1463000000000001,3.2198000000000002
17973,-5.1401000000000003,3.2198000000000002
17974,-5.1524999999999999,3.2216999999999998
17975,-5.1401000000000003,3.2216999999999998
17976,-5.1401000000000003,3.2216999999999998
17977,-5.1463000000000001,3.2216999999999998
17978,0.97340000000000004,3.2328000000000001
17979,0.96719999999999995,3.2347000000000001
17980,0.65100000000000002,3.2347000000000001
17981,0.77500000000000002,3.2366000000000001
17982,0.65720000000000001,3.2366000000000001
17983,0.372,3.2366000000000001
17984,0.44640000000000002,3.2366000000000001
17985,0.33479999999999999,3.2383999999999999
17986,-3.6272000000000002,3.2309999999999999
17987,-3.6953999999999998,3.2309999999999999
17988,-3.7016,3.2290999999999999
17989,-3.6953999999999998,3.2290999999999999
17990,-3.7016,3.2290999999999999
17991,-3.6953999999999998,3.2290999999999999
17992,-3.7016,3.2290999999999999
17993,-3.7016,3.2290999999999999
17994,-3.6953999999999998,3.2290999999999999
17995,-3.7016,3.2290999999999999
17996,-3.7016,3.2290999999999999
17997,-3.6953999999999998,3.2290999999999999
17998,-3.7016,3.2290999999999999
17999,1.6927000000000001,3.2383999999999999
18000,1.5004,3.2403
18001,1.3391999999999999,3.2403
18002,0.93620000000000003,3.2403
18003,0.65100000000000002,3.2403
18004,0.40920000000000001,3.2403
18005,0.13020000000000001,3.2403
18006,-0.3286,3.2403
18007,-0.74399999999999999,3.2383999999999999
18008,-1.1097999999999999,3.2383999999999999
18009,-1.3453999999999999,3.2383999999999999
18010,-1.4694,3.2383999999999999
18011,-0.65720000000000001,3.2383999999999999
18012,-0.66959999999999997,3.2383999999999999
18013,-0.66959999999999997,3.2403
18014,-0.65720000000000001,3.2403
18015,-0.65720000000000001,3.2403
18016,-0.65720000000000001,3.2403
18017,-0.65720000000000001,3.2403
18018,-0.65720000000000001,3.2403
18019,-0.65720000000000001,3.2403
18020,-0.66959999999999997,3.2403
18021,-0.65720000000000001,3.2403
18022,-0.65720000000000001,3.2403
18023,-0.65720000000000001,3.2403
18024,-0.65720000000000001,3.2403
18025,-0.65720000000000001,3.2403
18026,-0.65720000000000001,3.2403
18027,-0.66959999999999997,3.2403
18028,-0.65720000000000001,3.2421000000000002
18029,-0.65720000000000001,3.2421000000000002
18030,-2.7467000000000001,3.2366000000000001
18031,-4.1790000000000003,3.2347000000000001
18032,-5.8220999999999998,3.2309999999999999
18033,-7.2233999999999998,3.2273000000000001
18034,-2.1825000000000001,3.2347000000000001
18035,-2.0647000000000002,3.2366000000000001
18036,-2.0647000000000002,3.2366000000000001
18037,-2.0647000000000002,3.2366000000000001
18038,-2.0647000000000002,3.2366000000000001
18039,-2.0585,3.2366000000000001
18040,-2.0585,3.2366000000000001
18041,-2.0647000000000002,3.2366000000000001
18042,-0.29759999999999998,3.2403
18043,-0.70679999999999998,3.2403
18044,-1.0602,3.2403
18045,-1.3453999999999999,3.2383999999999999
18046,-1.4632000000000001,3.2383999999999999
18047,-0.65720000000000001,3.2403
18048,-0.65720000000000001,3.2403
18049,-0.65720000000000001,3.2403
18050,-0.65720000000000001,3.2403
18051,-0.66959999999999997,3.2403
18052,-0.65720000000000001,3.2421000000000002
18053,-0.65720000000000001,3.2421000000000002
18054,-0.65720000000000001,3.2421000000000002
18055,-0.65720000000000001,3.2421000000000002
18056,-0.65720000000000001,3.2421000000000002
18057,-0.65720000000000001,3.2421000000000002
18058,-0.65720000000000001,3.2421000000000002
18059,-0.65720000000000001,3.2421000000000002
18060,-0.65720000000000001,3.2421000000000002
18061,-0.65720000000000001,3.2421000000000002
18062,-0.65720000000000001,3.2421000000000002
18063,-0.66959999999999997,3.2421000000000002
18064,-0.65720000000000001,3.2421000000000002
18065,-0.65720000000000001,3.2421000000000002
18066,-0.65720000000000001,3.2421000000000002
18067,-0.65720000000000001,3.2421000000000002
18068,-2.1019000000000001,3.2403
18069,-2.8334999999999999,3.2383999999999999
18070,-3.6520000000000001,3.2366000000000001
18071,-4.4951999999999996,3.2347000000000001
18072,-5.1835000000000004,3.2328000000000001
18073,-6.1383000000000001,3.2309999999999999
18074,-7.0125999999999999,3.2273000000000001
18075,-7.7442000000000002,3.2254
18076,-8.9533000000000005,3.2216999999999998
18077,-9.9391999999999996,3.2198000000000002
18078,-10.584,3.2161
18079,-11.8985,3.2124000000000001
18080,-3.5838000000000001,3.2273000000000001
18081,-3.4660000000000002,3.2290999999999999
18082,-3.4660000000000002,3.2290999999999999
18083,-3.4598,3.2290999999999999
18084,-3.4660000000000002,3.2309999999999999
18085,-3.4598,3.2309999999999999
18086,-3.4722,3.2309999999999999
18087,-3.4722,3.2309999999999999
18088,-3.4722,3.2309999999999999
18089,-3.4660000000000002,3.2309999999999999
18090,-3.4660000000000002,3.2309999999999999
18091,-3.4660000000000002,3.2309999999999999
18092,-3.4660000000000002,3.2309999999999999
18093,-3.4660000000000002,3.2309999999999999
18094,-3.4722,3.2309999999999999
18095,-3.4660000000000002,3.2309999999999999
18096,-3.4722,3.2309999999999999
18097,-3.4598,3.2309999999999999
18098,-3.4660000000000002,3.2309999999999999
18099,-3.4660000000000002,3.2309999999999999
18100,-3.4660000000000002,3.2309999999999999
18101,-3.4660000000000002,3.2309999999999999
18102,-3.4660000000000002,3.2309999999999999
18103,-3.4660000000000002,3.2309999999999999
18104,1.3702000000000001,3.2403
18105,1.2152000000000001,3.2403
18106,0.93620000000000003,3.2421000000000002
18107,0.65100000000000002,3.2421000000000002
18108,0.40920000000000001,3.2421000000000002
18109,0.2046,3.2421000000000002
18110,-0.33479999999999999,3.2403
18111,-0.78739999999999999,3.2403
18112,-1.1097999999999999,3.2403
18113,-1.3453999999999999,3.2383999999999999
18114,-1.4632000000000001,3.2383999999999999
18115,-0.65720000000000001,3.2403
18116,-0.66959999999999997,3.2403
18117,-0.65720000000000001,3.2403
18118,-0.65720000000000001,3.2403
18119,-0.65720000000000001,3.2421000000000002
18120,-0.66959999999999997,3.2403
18121,-0.65720000000000001,3.2421000000000002
18122,-0.66959999999999997,3.2403
18123,-0.65720000000000001,3.2421000000000002
18124,-0.65720000000000001,3.2421000000000002
18125,-0.65720000000000001,3.2421000000000002
18126,-0.65720000000000001,3.2421000000000002
18127,-0.65720000000000001,3.2421000000000002
18128,-0.66959999999999997,3.2421000000000002
18129,-0.65720000000000001,3.2421000000000002
18130,-0.66959999999999997,3.2421000000000002
18131,-0.65720000000000001,3.2421000000000002
18132,-0.65720000000000001,3.2421000000000002
18133,-0.66959999999999997,3.2421000000000002
18134,-0.65720000000000001,3.2421000000000002
18135,-0.65720000000000001,3.2421000000000002
18136,-1.7795000000000001,3.2403
18137,-2.1453000000000002,3.2403
18138,-2.6164999999999998,3.2383999999999999
18139,-2.9885000000000002,3.2383999999999999
18140,-3.4163999999999999,3.2366000000000001
18141,-3.8565999999999998,3.2347000000000001
18142,-4.4641999999999999,3.2328000000000001
18143,-4.7432999999999996,3.2328000000000001
18144,-5.2206999999999999,3.2309999999999999
18145,-5.6981000000000002,3.2290999999999999
18146,-6.4607999999999999,3.2273000000000001
18147,-7.5457999999999998,3.2254
18148,-6.5351999999999997,3.2254
18149,-7.7813999999999997,3.2235
18150,-8.3457000000000008,3.2216999999999998
18151,-9.2261000000000006,3.2198000000000002
18152,-9.4618000000000002,3.218
18153,-9.9329999999999998,3.2161
18154,-10.460000000000001,3.2141999999999999
18155,-11.414899999999999,3.2105000000000001
18156,-11.5761,3.2105000000000001
18157,-12.0969,3.2086999999999999
18158,-12.6736,3.2067999999999999
18159,-13.7462,3.2031000000000001
18160,-13.851599999999999,3.2012
18161,-14.453099999999999,3.1974999999999998
18162,-5.2579000000000002,3.2161
18163,-5.1401000000000003,3.218
18164,-5.1463000000000001,3.218
18165,-5.1401000000000003,3.2198000000000002
18166,-5.1401000000000003,3.2198000000000002
18167,-5.1463000000000001,3.2198000000000002
18168,-5.1401000000000003,3.2198000000000002
18169,-5.1401000000000003,3.2198000000000002
18170,-5.1401000000000003,3.2198000000000002
18171,-5.1401000000000003,3.2198000000000002
18172,-5.1463000000000001,3.2216999999999998
18173,-5.1401000000000003,3.2216999999999998
18174,0.96719999999999995,3.2328000000000001
18175,1.0105999999999999,3.2347000000000001
18176,0.65100000000000002,3.2347000000000001
18177,0.77500000000000002,3.2366000000000001
18178,0.65100000000000002,3.2366000000000001
18179,0.372,3.2366000000000001
18180,0.4526,3.2383999999999999
18181,0.3286,3.2383999999999999
18182,-3.621,3.2309999999999999
18183,-3.7016,3.2309999999999999
18184,-3.7016,3.2290999999999999
18185,-3.6953999999999998,3.2290999999999999
18186,-3.6953999999999998,3.2290999999999999
18187,-3.7016,3.2290999999999999
18188,-3.7016,3.2290999999999999
18189,-3.6953999999999998,3.2290999999999999
18190,-3.6953999999999998,3.2290999999999999
18191,-3.6953999999999998,3.2290999999999999
18192,-3.6953999999999998,3.2290999999999999
18193,-3.6953999999999998,3.2290999999999999
18194,-3.6953999999999998,3.2290999999999999
18195,1.6865000000000001,3.2383999999999999
18196,1.5065999999999999,3.2403
18197,1.3391999999999999,3.2403
18198,0.93000000000000005,3.2403
18199,0.65720000000000001,3.2403
18200,0.40920000000000001,3.2403
18201,0.13020000000000001,3.2403
18202,-0.34100000000000003,3.2403
18203,-0.73160000000000003,3.2383999999999999
18204,-1.1097999999999999,3.2383999999999999
18205,-1.3453999999999999,3.2383999999999999
18206,-1.4694,3.2383999999999999
18207,-0.65720000000000001,3.2383999999999999
18208,-0.65720000000000001,3.2383999999999999
18209,-0.65720000000000001,3.2403
18210,-0.65720000000000001,3.2403
18211,-0.65720000000000001,3.2403
18212,-0.66959999999999997,3.2403
18213,-0.65720000000000001,3.2403
18214,-0.66959999999999997,3.2403
18215,-0.65720000000000001,3.2403
18216,-0.65720000000000001,3.2403
18217,-0.65720000000000001,3.2403
18218,-0.65720000000000001,3.2403
18219,-0.65720000000000001,3.2403
18220,-0.65720000000000001,3.2403
18221,-0.65720000000000001,3.2403
18222,-0.65720000000000001,3.2403
18223,-0.65720000000000001,3.2421000000000002
18224,-0.65720000000000001,3.2403
18225,-0.65720000000000001,3.2403
18226,-2.7404999999999999,3.2383999999999999
18227,-4.1852,3.2347000000000001
18228,-5.8220999999999998,3.2309999999999999
18229,-7.2233999999999998,3.2273000000000001
18230,-2.1825000000000001,3.2347000000000001
18231,-2.1080999999999999,3.2366000000000001
18232,-2.1019000000000001,3.2366000000000001
18233,-2.1019000000000001,3.2366000000000001
18234,-2.1019000000000001,3.2366000000000001
18235,-2.1019000000000001,3.2366000000000001
18236,-2.0895000000000001,3.2366000000000001
18237,-2.1019000000000001,3.2366000000000001
18238,-0.29759999999999998,3.2403
18239,-0.70679999999999998,3.2403
18240,-1.0664,3.2383999999999999
18241,-1.3453999999999999,3.2383999999999999
18242,-1.4632000000000001,3.2383999999999999
18243,-0.65720000000000001,3.2403
18244,-0.65720000000000001,3.2403
18245,-0.66959999999999997,3.2403
18246,-0.65720000000000001,3.2403
18247,-0.66959999999999997,3.2403
18248,-0.65720000000000001,3.2403
18249,-0.66959999999999997,3.2421000000000002
18250,-0.65720000000000001,3.2421000000000002
18251,-0.65720000000000001,3.2403
18252,-0.65720000000000001,3.2421000000000002
18253,-0.65720000000000001,3.2421000000000002
18254,-0.65720000000000001,3.2421000000000002
18255,-0.66959999999999997,3.2421000000000002
18256,-0.65720000000000001,3.2421000000000002
18257,-0.65720000000000001,3.2421000000000002
18258,-0.65720000000000001,3.2421000000000002
18259,-0.65720000000000001,3.2421000000000002
18260,-0.65720000000000001,3.2421000000000002
18261,-0.65720000000000001,3.2421000000000002
18262,-0.65720000000000001,3.2421000000000002
18263,-0.65720000000000001,3.2421000000000002
18264,-2.1019000000000001,3.2403
18265,-2.8210999999999999,3.2366000000000001
18266,-3.6520000000000001,3.2347000000000001
18267,-4.5014000000000003,3.2328000000000001
18268,-5.1772999999999998,3.2309999999999999
18269,-6.1444999999999999,3.2290999999999999
18270,-7.056,3.2254
18271,-7.7690000000000001,3.2254
18272,-8.9533000000000005,3.2216999999999998
18273,-9.9329999999999998,3.218
18274,-10.615,3.2161
18275,-11.935700000000001,3.2124000000000001
18276,-3.5714000000000001,3.2254
18277,-3.5032000000000001,3.2273000000000001
18278,-3.4969999999999999,3.2273000000000001
18279,-3.4969999999999999,3.2290999999999999
18280,-3.5032000000000001,3.2290999999999999
18281,-3.5032000000000001,3.2290999999999999
18282,-3.5032000000000001,3.2290999999999999
18283,-3.5032000000000001,3.2290999999999999
18284,-3.5032000000000001,3.2290999999999999
18285,-3.5032000000000001,3.2290999999999999
18286,-3.5032000000000001,3.2290999999999999
18287,-3.5032000000000001,3.2290999999999999
18288,-3.4969999999999999,3.2290999999999999
18289,-3.5093999999999999,3.2290999999999999
18290,-3.4969999999999999,3.2309999999999999
18291,-3.5032000000000001,3.2290999999999999
18292,-3.5032000000000001,3.2290999999999999
18293,-3.5032000000000001,3.2290999999999999
18294,-3.5032000000000001,3.2290999999999999
18295,-3.4969999999999999,3.2290999999999999
18296,-3.5032000000000001,3.2290999999999999
18297,-3.5032000000000001,3.2309999999999999
18298,-3.4969999999999999,3.2290999999999999
18299,-3.5032000000000001,3.2290999999999999
18300,1.3702000000000001,3.2403
18301,1.2152000000000001,3.2403
18302,0.93000000000000005,3.2403
18303,0.65720000000000001,3.2403
18304,0.40920000000000001,3.2403
18305,0.2046,3.2403
18306,-0.33479999999999999,3.2403
18307,-0.78739999999999999,3.2403
18308,-1.1097999999999999,3.2383999999999999
18309,-1.3453999999999999,3.2383999999999999
18310,-1.4632000000000001,3.2383999999999999
18311,-0.65720000000000001,3.2403
18312,-0.65720000000000001,3.2403
18313,-0.66959999999999997,3.2403
18314,-0.65720000000000001,3.2403
18315,-0.65720000000000001,3.2403
18316,-0.65720000000000001,3.2403
18317,-0.66959999999999997,3.2403
18318,-0.66959999999999997,3.2403
18319,-0.65720000000000001,3.2403
18320,-0.65720000000000001,3.2403
18321,-0.65720000000000001,3.2403
18322,-0.65720000000000001,3.2421000000000002
18323,-0.65720000000000001,3.2403
18324,-0.65720000000000001,3.2421000000000002
18325,-0.65720000000000001,3.2403
18326,-0.65720000000000001,3.2421000000000002
18327,-0.65720000000000001,3.2421000000000002
18328,-0.66959999999999997,3.2421000000000002
18329,-0.65720000000000001,3.2421000000000002
18330,-0.65720000000000001,3.2421000000000002
18331,-0.65720000000000001,3.2421000000000002
18332,-1.7857000000000001,3.2403
18333,-2.1453000000000002,3.2383999999999999
18334,-2.6164999999999998,3.2383999999999999
18335,-2.9823,3.2366000000000001
18336,-3.4226000000000001,3.2347000000000001
18337,-3.8565999999999998,3.2347000000000001
18338,-4.4641999999999999,3.2328000000000001
18339,-4.7495000000000003,3.2309999999999999
18340,-5.2268999999999997,3.2290999999999999
18341,-5.7042999999999999,3.2290999999999999
18342,-6.4669999999999996,3.2273000000000001
18343,-7.5396000000000001,3.2235
18344,-6.5414000000000003,3.2254
18345,-7.7751999999999999,3.2216999999999998
18346,-8.3457000000000008,3.2198000000000002
18347,-9.2199000000000009,3.218
18348,-9.4556000000000004,3.2161
18349,-9.9763999999999999,3.2141999999999999
18350,-10.4848,3.2124000000000001
18351,-11.470700000000001,3.2105000000000001
18352,-11.5823,3.2086999999999999
18353,-12.1341,3.2067999999999999
18354,-12.6922,3.2048999999999999
18355,-13.777200000000001,3.2012
18356,-13.895,3.1974999999999998
18357,-14.496499999999999,3.1956000000000002
18358,-5.2579000000000002,3.2141999999999999
18359,-5.1835000000000004,3.2161
18360,-5.1897000000000002,3.2161
18361,-5.1835000000000004,3.218
18362,-5.1835000000000004,3.218
18363,-5.1835000000000004,3.218
18364,-5.1835000000000004,3.218
18365,-5.1897000000000002,3.218
18366,-5.1835000000000004,3.2198000000000002
18367,-5.1835000000000004,3.2198000000000002
18368,-5.1835000000000004,3.2198000000000002
18369,-5.1835000000000004,3.2198000000000002
18370,0.96719999999999995,3.2309999999999999
18371,1.0105999999999999,3.2328000000000001
18372,0.65100000000000002,3.2328000000000001
18373,0.77500000000000002,3.2347000000000001
18374,0.65720000000000001,3.2347000000000001
18375,0.372,3.2347000000000001
18376,0.4526,3.2366000000000001
18377,0.33479999999999999,3.2366000000000001
18378,-3.6334,3.2290999999999999
18379,-3.7016,3.2290999999999999
18380,-3.6953999999999998,3.2273000000000001
18381,-3.7016,3.2273000000000001
18382,-3.7016,3.2273000000000001
18383,-3.7016,3.2273000000000001
18384,-3.6953999999999998,3.2273000000000001
18385,-3.7016,3.2273000000000001
18386,-3.7016,3.2273000000000001
18387,-3.6953999999999998,3.2273000000000001
18388,-3.7016,3.2273000000000001
18389,-3.7016,3.2273000000000001
18390,-3.7016,3.2273000000000001
18391,1.6927000000000001,3.2366000000000001
18392,1.5004,3.2383999999999999
18393,1.333,3.2383999999999999
18394,0.93620000000000003,3.2383999999999999
18395,0.65720000000000001,3.2383999999999999
18396,0.40920000000000001,3.2403
18397,0.13020000000000001,3.2383999999999999
18398,-0.34100000000000003,3.2383999999999999
18399,-0.74399999999999999,3.2383999999999999
18400,-1.1035999999999999,3.2366000000000001
18401,-1.3515999999999999,3.2366000000000001
18402,-1.4694,3.2366000000000001
18403,-0.66959999999999997,3.2383999999999999
18404,-0.65720000000000001,3.2383999999999999
18405,-0.65720000000000001,3.2383999999999999
18406,-0.65720000000000001,3.2383999999999999
18407,-0.65720000000000001,3.2383999999999999
18408,-0.65720000000000001,3.2383999999999999
18409,-0.65720000000000001,3.2383999999999999
18410,-0.65720000000000001,3.2383999999999999
18411,-0.66959999999999997,3.2383999999999999
18412,-0.65720000000000001,3.2383999999999999
18413,-0.65720000000000001,3.2403
18414,-0.65720000000000001,3.2403
18415,-0.65720000000000001,3.2403
18416,-0.65720000000000001,3.2403
18417,-0.65720000000000001,3.2403
18418,-0.65720000000000001,3.2403
18419,-0.65720000000000001,3.2403
18420,-0.65720000000000001,3.2403
18421,-0.65720000000000001,3.2403
18422,-2.7467000000000001,3.2366000000000001
18423,-4.1790000000000003,3.2328000000000001
18424,-5.8159000000000001,3.2290999999999999
18425,-7.2667999999999999,3.2254
18426,-2.1825000000000001,3.2347000000000001
18427,-2.1080999999999999,3.2347000000000001
18428,-2.1080999999999999,3.2347000000000001
18429,-2.1019000000000001,3.2347000000000001
18430,-2.1019000000000001,3.2347000000000001
18431,-2.1080999999999999,3.2347000000000001
18432,-2.1019000000000001,3.2347000000000001
18433,-2.1019000000000001,3.2347000000000001
18434,-0.29759999999999998,3.2383999999999999
18435,-0.70679999999999998,3.2383999999999999
18436,-1.0664,3.2383999999999999
18437,-1.3453999999999999,3.2366000000000001
18438,-1.4694,3.2366000000000001
18439,-0.65720000000000001,3.2383999999999999
18440,-0.65720000000000001,3.2383999999999999
18441,-0.65720000000000001,3.2383999999999999
18442,-0.65720000000000001,3.2383999999999999
18443,-0.65720000000000001,3.2403
18444,-0.65720000000000001,3.2403
18445,-0.65720000000000001,3.2403
18446,-0.65720000000000001,3.2403
18447,-0.65720000000000001,3.2403
18448,-0.65720000000000001,3.2403
18449,-0.65720000000000001,3.2403
18450,-0.66959999999999997,3.2403
18451,-0.65720000000000001,3.2403
18452,-0.65720000000000001,3.2403
18453,-0.65720000000000001,3.2403
18454,-0.65720000000000001,3.2403
18455,-0.65720000000000001,3.2403
18456,-0.66959999999999997,3.2403
18457,-0.65720000000000001,3.2403
18458,-0.65720000000000001,3.2403
18459,-0.65720000000000001,3.2403
18460,-2.1391,3.2383999999999999
18461,-2.8334999999999999,3.2366000000000001
18462,-3.7016,3.2347000000000001
18463,-4.4951999999999996,3.2328000000000001
18464,-5.1772999999999998,3.2309999999999999
18465,-6.1383000000000001,3.2273000000000001
18466,-7.0621999999999998,3.2254
18467,-7.7813999999999997,3.2216999999999998
18468,-8.9533000000000005,3.2198000000000002
18469,-9.9391999999999996,3.2161
18470,-10.6212,3.2141999999999999
18471,-11.9419,3.2105000000000001
18472,-3.6334,3.2254
18473,-3.5032000000000001,3.2273000000000001
18474,-3.5032000000000001,3.2273000000000001
18475,-3.5093999999999999,3.2273000000000001
18476,-3.5032000000000001,3.2273000000000001
18477,-3.5032000000000001,3.2273000000000001
18478,-3.5093999999999999,3.2273000000000001
18479,-3.5032000000000001,3.2273000000000001
18480,-3.4969999999999999,3.2273000000000001
18481,-3.5032000000000001,3.2273000000000001
18482,-3.4969999999999999,3.2290999999999999
18483,-3.5032000000000001,3.2273000000000001
18484,-3.5032000000000001,3.2290999999999999
18485,-3.5093999999999999,3.2290999999999999
18486,-3.5093999999999999,3.2273000000000001
18487,-3.5032000000000001,3.2273000000000001
18488,-3.5032000000000001,3.2290999999999999
18489,-3.5093999999999999,3.2290999999999999
18490,-3.5032000000000001,3.2273000000000001
18491,-3.5032000000000001,3.2273000000000001
18492,-3.5032000000000001,3.2273000000000001
18493,-3.4969999999999999,3.2273000000000001
18494,-3.5093999999999999,3.2273000000000001
18495,-3.4969999999999999,3.2273000000000001
18496,1.3702000000000001,3.2366000000000001
18497,1.2152000000000001,3.2383999999999999
18498,0.93000000000000005,3.2383999999999999
18499,0.65720000000000001,3.2383999999999999
18500,0.40920000000000001,3.2383999999999999
18501,0.2046,3.2383999999999999
18502,-0.30380000000000001,3.2383999999999999
18503,-0.78120000000000001,3.2383999999999999
18504,-1.1035999999999999,3.2366000000000001
18505,-1.3453999999999999,3.2366000000000001
18506,-1.4632000000000001,3.2366000000000001
18507,-0.66959999999999997,3.2383999999999999
18508,-0.65720000000000001,3.2383999999999999
18509,-0.65720000000000001,3.2383999999999999
18510,-0.66959999999999997,3.2383999999999999
18511,-0.65720000000000001,3.2383999999999999
18512,-0.66959999999999997,3.2383999999999999
18513,-0.65720000000000001,3.2383999999999999
18514,-0.65720000000000001,3.2383999999999999
18515,-0.65720000000000001,3.2383999999999999
18516,-0.65720000000000001,3.2403
18517,-0.65720000000000001,3.2383999999999999
18518,-0.66959999999999997,3.2403
18519,-0.65720000000000001,3.2403
18520,-0.65720000000000001,3.2403
18521,-0.65720000000000001,3.2403
18522,-0.65720000000000001,3.2403
18523,-0.65720000000000001,3.2403
18524,-0.65720000000000001,3.2403
18525,-0.65720000000000001,3.2403
18526,-0.65720000000000001,3.2403
18527,-0.65720000000000001,3.2403
18528,-1.7795000000000001,3.2383999999999999
18529,-2.1515,3.2366000000000001
18530,-2.6227,3.2366000000000001
18531,-3.0257000000000001,3.2347000000000001
18532,-3.4226000000000001,3.2328000000000001
18533,-3.8628,3.2328000000000001
18534,-4.4641999999999999,3.2309999999999999
18535,-4.7866999999999997,3.2290999999999999
18536,-5.2206999999999999,3.2290999999999999
18537,-5.7290999999999999,3.2273000000000001
18538,-6.4607999999999999,3.2254
18539,-7.5768000000000004,3.2216999999999998
18540,-6.5351999999999997,3.2235
18541,-7.8249000000000004,3.2198000000000002
18542,-8.3332999999999995,3.218
18543,-9.2632999999999992,3.2161
18544,-9.4990000000000006,3.2141999999999999
18545,-9.9702000000000002,3.2124000000000001
18546,-10.503399999999999,3.2105000000000001
18547,-11.464499999999999,3.2086999999999999
18548,-11.6195,3.2067999999999999
18549,-12.1403,3.2048999999999999
18550,-12.6922,3.2031000000000001
18551,-13.814399999999999,3.1974999999999998
18552,-13.901199999999999,3.1956000000000002
18553,-14.4903,3.1938
18554,-5.2702999999999998,3.2124000000000001
18555,-5.1835000000000004,3.2141999999999999
18556,-5.1772999999999998,3.2141999999999999
18557,-5.1835000000000004,3.2161
18558,-5.1772999999999998,3.2161
18559,-5.1835000000000004,3.2161
18560,-5.1835000000000004,3.2161
18561,-5.1835000000000004,3.2161
18562,-5.1835000000000004,3.2161
18563,-5.1835000000000004,3.2161
18564,-5.1835000000000004,3.218
18565,-5.1772999999999998,3.218
18566,0.97340000000000004,3.2290999999999999
18567,1.0105999999999999,3.2309999999999999
18568,0.65720000000000001,3.2309999999999999
18569,0.77500000000000002,3.2328000000000001
18570,0.65720000000000001,3.2347000000000001
18571,0.372,3.2328000000000001
18572,0.4526,3.2347000000000001
18573,0.3286,3.2347000000000001
18574,-3.6272000000000002,3.2273000000000001
18575,-3.7016,3.2273000000000001
18576,-3.6953999999999998,3.2273000000000001
18577,-3.6953999999999998,3.2254
18578,-3.6953999999999998,3.2254
18579,-3.7016,3.2254
18580,-3.6953999999999998,3.2254
18581,-3.6953999999999998,3.2254
18582,-3.7016,3.2254
18583,-3.6953999999999998,3.2254
18584,-3.6953999999999998,3.2254
18585,-3.6953999999999998,3.2254
18586,-3.7016,3.2254
18587,1.6927000000000001,3.2366000000000001
18588,1.5004,3.2366000000000001
18589,1.333,3.2366000000000001
18590,0.93620000000000003,3.2383999999999999
18591,0.65720000000000001,3.2366000000000001
18592,0.41539999999999999,3.2366000000000001
18593,0.13020000000000001,3.2366000000000001
18594,-0.32240000000000002,3.2366000000000001
18595,-0.74399999999999999,3.2366000000000001
18596,-1.1097999999999999,3.2347000000000001
18597,-1.3453999999999999,3.2347000000000001
18598,-1.4694,3.2347000000000001
18599,-0.66959999999999997,3.2366000000000001
18600,-0.65720000000000001,3.2366000000000001
18601,-0.65720000000000001,3.2366000000000001
18602,-0.65720000000000001,3.2366000000000001
18603,-0.66959999999999997,3.2366000000000001
18604,-0.65720000000000001,3.2366000000000001
18605,-0.65720000000000001,3.2366000000000001
18606,-0.65720000000000001,3.2366000000000001
18607,-0.66959999999999997,3.2366000000000001
18608,-0.65720000000000001,3.2366000000000001
18609,-0.65720000000000001,3.2383999999999999
18610,-0.65720000000000001,3.2383999999999999
18611,-0.65720000000000001,3.2383999999999999
18612,-0.65720000000000001,3.2383999999999999
18613,-0.65720000000000001,3.2383999999999999
18614,-0.65720000000000001,3.2383999999999999
18615,-0.65720000000000001,3.2383999999999999
18616,-0.65720000000000001,3.2383999999999999
18617,-0.65720000000000001,3.2383999999999999
18618,-0.65720000000000001,3.2383999999999999
18619,-0.65720000000000001,3.2383999999999999
18620,-0.65720000000000001,3.2383999999999999
18621,-0.65720000000000001,3.2383999999999999
18622,-0.65720000000000001,3.2383999999999999
18623,-0.65720000000000001,3.2383999999999999
18624,-0.65720000000000001,3.2383999999999999
18625,-0.65720000000000001,3.2383999999999999
18626,-0.65720000000000001,3.2383999999999999
18627,-2.3127,3.2366000000000001
18628,-3.2614000000000001,3.2328000000000001
18629,-4.2657999999999996,3.2309999999999999
18630,-5.2579000000000002,3.2290999999999999
18631,-6.2561999999999998,3.2254
18632,-2.1453000000000002,3.2328000000000001
18633,-2.1019000000000001,3.2328000000000001
18634,-5.6670999999999996,3.2273000000000001
18635,-6.3864000000000001,3.2235
18636,-7.2606000000000002,3.2216999999999998
18637,-7.7442000000000002,3.2198000000000002
18638,-8.4200999999999997,3.218
18639,-9.1021000000000001,3.2161
18640,-10.131399999999999,3.2124000000000001
18641,-10.5778,3.2105000000000001
18642,-11.2227,3.2086999999999999
18643,-3.8256000000000001,3.2216999999999998
18644,-3.7450000000000001,3.2216999999999998
18645,-10.553000000000001,3.2105000000000001
18646,-11.135899999999999,3.2067999999999999
18647,-11.2599,3.2067999999999999
18648,-12.2271,3.2031000000000001
18649,-12.779,3.2012
18650,-13.3432,3.1974999999999998
18651,-13.368,3.1956000000000002
18652,-14.502700000000001,3.1938
18653,-5.2888999999999999,3.2105000000000001
18654,-5.1897000000000002,3.2124000000000001
18655,-12.6922,3.1974999999999998
18656,-13.851599999999999,3.1938
18657,-13.74,3.1919
18658,-14.831300000000001,3.1901000000000002
18659,-14.7011,3.1882000000000001
18660,-15.1785,3.1863000000000001
18661,-16.338000000000001,3.1844999999999999
18662,-16.183,3.1825999999999999
18663,-16.691400000000002,3.1808000000000001
18664,-17.9253,3.177
18665,-17.776499999999999,3.177
18666,-19.097200000000001,3.1732999999999998
18667,-18.948399999999999,3.1732999999999998
18668,-8.4634999999999998,3.1919
18669,-8.3704999999999998,3.1938
18670,-8.3953000000000007,3.1938
18671,-8.3704999999999998,3.1956000000000002
18672,-8.3704999999999998,3.1956000000000002
18673,-8.3890999999999991,3.1956000000000002
18674,-8.3704999999999998,3.1974999999999998
18675,-8.3890999999999991,3.1974999999999998
18676,-8.3828999999999994,3.1974999999999998
18677,-8.3828999999999994,3.1974999999999998
18678,-8.3890999999999991,3.1974999999999998
18679,-8.3828999999999994,3.1974999999999998
18680,-8.3828999999999994,3.1974999999999998
18681,-8.3704999999999998,3.1974999999999998
18682,-8.3828999999999994,3.1974999999999998
18683,-8.3828999999999994,3.1974999999999998
18684,-8.3828999999999994,3.1974999999999998
18685,-8.3828999999999994,3.1974999999999998
18686,-8.3890999999999991,3.1974999999999998
18687,-8.3704999999999998,3.1974999999999998
18688,-8.3890999999999991,3.1974999999999998
18689,-8.3828999999999994,3.1974999999999998
18690,-8.3890999999999991,3.1974999999999998
18691,-8.3828999999999994,3.1974999999999998
18692,-8.3704999999999998,3.1974999999999998
18693,-8.3828999999999994,3.1974999999999998
18694,-8.3828999999999994,3.1974999999999998
18695,-8.3828999999999994,3.1974999999999998
18696,-8.3704999999999998,3.1974999999999998
18697,-8.3704999999999998,3.1974999999999998
18698,-8.3828999999999994,3.1974999999999998
18699,-8.3704999999999998,3.1974999999999998
18700,-8.3828999999999994,3.1974999999999998
18701,-8.3828999999999994,3.1974999999999998
18702,-8.3828999999999994,3.1974999999999998
18703,-8.3828999999999994,3.1974999999999998
18704,-8.3828999999999994,3.1974999999999998
18705,-8.3890999999999991,3.1974999999999998
18706,-8.3890999999999991,3.1974999999999998
18707,-8.3828999999999994,3.1974999999999998
18708,-8.3828999999999994,3.1974999999999998
18709,-8.3890999999999991,3.1974999999999998
18710,-8.3828999999999994,3.1974999999999998
18711,-8.3643000000000001,3.1974999999999998
18712,-8.3828999999999994,3.1974999999999998
18713,-8.3828999999999994,3.1974999999999998
18714,-8.3828999999999994,3.1974999999999998
18715,-8.3704999999999998,3.1974999999999998
18716,-8.3828999999999994,3.1974999999999998
18717,-8.3890999999999991,3.1974999999999998
18718,3.8875999999999999,3.2216999999999998
18719,3.8875999999999999,3.2254
18720,3.7326000000000001,3.2273000000000001
18721,3.5714000000000001,3.2290999999999999
18722,3.3668,3.2309999999999999
18723,3.2118000000000002,3.2309999999999999
18724,3.0194999999999999,3.2328000000000001
18725,2.8149000000000002,3.2328000000000001
18726,-5.0160999999999998,3.218
18727,-5.1835000000000004,3.2161
18728,-5.1897000000000002,3.2161
18729,-5.1897000000000002,3.2161
18730,-5.1772999999999998,3.2141999999999999
18731,-5.1835000000000004,3.2141999999999999
18732,-5.1835000000000004,3.2141999999999999
18733,-5.1835000000000004,3.2141999999999999
18734,-5.1772999999999998,3.2141999999999999
18735,-5.1835000000000004,3.2141999999999999
18736,-5.1835000000000004,3.2141999999999999
18737,-5.1772999999999998,3.2141999999999999
18738,-5.1835000000000004,3.2141999999999999
18739,-5.1835000000000004,3.2141999999999999
18740,-5.1835000000000004,3.2124000000000001
18741,-5.1835000000000004,3.2124000000000001
18742,-5.1835000000000004,3.2124000000000001
18743,-5.1835000000000004,3.2124000000000001
18744,-5.1835000000000004,3.2124000000000001
18745,-5.1835000000000004,3.2124000000000001
18746,-5.1835000000000004,3.2124000000000001
18747,-5.1772999999999998,3.2124000000000001
18748,-5.1835000000000004,3.2124000000000001
18749,-5.1772999999999998,3.2124000000000001
18750,-5.1835000000000004,3.2124000000000001
18751,-5.1835000000000004,3.2124000000000001
18752,-5.1897000000000002,3.2124000000000001
18753,-5.1772999999999998,3.2124000000000001
18754,-5.1772999999999998,3.2124000000000001
18755,-5.1835000000000004,3.2124000000000001
18756,-5.1835000000000004,3.2124000000000001
18757,-5.1835000000000004,3.2124000000000001
18758,-5.1835000000000004,3.2124000000000001
18759,-5.1835000000000004,3.2124000000000001
18760,-5.1835000000000004,3.2124000000000001
18761,-5.1772999999999998,3.2124000000000001
18762,-5.1835000000000004,3.2124000000000001
18763,-5.1835000000000004,3.2124000000000001
18764,-5.1772999999999998,3.2124000000000001
18765,-5.1897000000000002,3.2124000000000001
18766,-5.1835000000000004,3.2124000000000001
18767,-5.1772999999999998,3.2124000000000001
18768,-5.1772999999999998,3.2124000000000001
18769,-5.1897000000000002,3.2124000000000001
18770,-5.1835000000000004,3.2124000000000001
18771,-5.1835000000000004,3.2124000000000001
18772,-5.1772999999999998,3.2124000000000001
18773,-5.1772999999999998,3.2124000000000001
18774,-5.1835000000000004,3.2124000000000001
18775,-5.1835000000000004,3.2124000000000001
18776,-5.1835000000000004,3.2124000000000001
18777,-5.1772999999999998,3.2124000000000001
18778,-5.1897000000000002,3.2124000000000001
18779,-5.1835000000000004,3.2124000000000001
18780,-5.1772999999999998,3.2124000000000001
18781,-5.1835000000000004,3.2124000000000001
18782,-5.1772999999999998,3.2124000000000001
18783,-5.1897000000000002,3.2124000000000001
18784,-5.1835000000000004,3.2124000000000001
18785,-5.1835000000000004,3.2124000000000001
18786,-5.1835000000000004,3.2124000000000001
18787,-5.1897000000000002,3.2124000000000001
18788,-5.1835000000000004,3.2124000000000001
18789,-5.1835000000000004,3.2124000000000001
18790,-5.1835000000000004,3.2124000000000001
18791,-5.1835000000000004,3.2124000000000001
18792,-5.1772999999999998,3.2124000000000001
18793,-5.1772999999999998,3.2124000000000001
18794,-5.1772999999999998,3.2124000000000001
18795,-12.7356,3.1956000000000002
18796,-13.895,3.1919
18797,-13.777200000000001,3.1901000000000002
18798,-14.8561,3.1863000000000001
18799,-14.7445,3.1844999999999999
18800,-15.2157,3.1825999999999999
18801,-16.3752,3.1808000000000001
18802,-16.220199999999998,3.1789000000000001
18803,-16.7348,3.177
18804,-17.974900000000002,3.1732999999999998
18805,-17.819900000000001,3.1732999999999998
18806,-19.140599999999999,3.1696
18807,-18.985600000000002,3.1677
18808,-8.5007000000000001,3.1863000000000001
18809,-8.3704999999999998,3.1901000000000002
18810,-8.3828999999999994,3.1901000000000002
18811,-8.3828999999999994,3.1901000000000002
18812,-8.3890999999999991,3.1919
18813,-8.3704999999999998,3.1919
18814,-8.3828999999999994,3.1919
18815,-8.3828999999999994,3.1919
18816,-8.3828999999999994,3.1919
18817,-8.3704999999999998,3.1919
18818,-8.3828999999999994,3.1919
18819,-8.3828999999999994,3.1938
18820,-8.3704999999999998,3.1938
18821,-8.3828999999999994,3.1938
18822,-8.3704999999999998,3.1938
18823,-8.3828999999999994,3.1938
18824,-8.3828999999999994,3.1938
18825,-8.3828999999999994,3.1938
18826,-8.3828999999999994,3.1938
18827,-8.3828999999999994,3.1938
18828,-8.3828999999999994,3.1938
18829,-8.3828999999999994,3.1938
18830,-8.3828999999999994,3.1938
18831,-8.3828999999999994,3.1938
18832,-8.3704999999999998,3.1938
18833,-8.3704999999999998,3.1938
18834,-8.3828999999999994,3.1938
18835,-8.3890999999999991,3.1938
18836,-8.3828999999999994,3.1938
18837,-8.3890999999999991,3.1938
18838,-8.3890999999999991,3.1938
18839,-8.3890999999999991,3.1938
18840,-8.4262999999999995,3.1938
18841,-8.4200999999999997,3.1938
18842,-8.4262999999999995,3.1938
18843,-8.4200999999999997,3.1938
18844,-8.4324999999999992,3.1938
18845,-8.4262999999999995,3.1938
18846,-8.4138999999999999,3.1938
18847,-8.4200999999999997,3.1938
18848,-8.4200999999999997,3.1938
18849,-8.4200999999999997,3.1919
18850,-8.4324999999999992,3.1938
18851,-8.4324999999999992,3.1938
18852,-8.4262999999999995,3.1938
18853,-8.4262999999999995,3.1938
18854,-8.4200999999999997,3.1919
18855,-8.4262999999999995,3.1919
18856,-8.4262999999999995,3.1919
18857,-8.4262999999999995,3.1919
18858,-14.738300000000001,3.1808000000000001
18859,-14.3353,3.1789000000000001
18860,-15.290100000000001,3.177
18861,-14.831300000000001,3.177
18862,-15.8172,3.1751999999999998
18863,-15.339700000000001,3.1751999999999998
18864,-16.381399999999999,3.1715
18865,-16.666599999999999,3.1696
18866,-16.133400000000002,3.1715
18867,-17.212299999999999,3.1677
18868,-16.691400000000002,3.1677
18869,-17.819900000000001,3.1659000000000002
18870,-17.255700000000001,3.1659000000000002
18871,-18.415099999999999,3.1640000000000001
18872,-18.780999999999999,3.1621999999999999
18873,-18.129899999999999,3.1621999999999999
18874,-19.376200000000001,3.1602999999999999
18875,-18.774799999999999,3.1602999999999999
18876,-20.014800000000001,3.1583999999999999
18877,-19.419599999999999,3.1583999999999999
18878,-20.696899999999999,3.1547000000000001
18879,-21.0503,3.1547000000000001
18880,-20.417899999999999,3.1547000000000001
18881,-21.775700000000001,3.1490999999999998
18882,-21.093699999999998,3.1509999999999998
18883,-22.488800000000001,3.1473
18884,-21.812899999999999,3.1473
18885,-23.214200000000002,3.1454
18886,-23.648299999999999,3.1436000000000002
18887,-22.922799999999999,3.1436000000000002
18888,-24.410900000000002,3.1417000000000002
18889,-23.697900000000001,3.1417000000000002
18890,-25.198399999999999,3.1379999999999999
18891,-24.4605,3.1398000000000001
18892,-26.047799999999999,3.1360999999999999
18893,-16.418600000000001,3.1547000000000001
18894,-16.344200000000001,3.1566000000000001
18895,-16.338000000000001,3.1566000000000001
18896,-16.331800000000001,3.1566000000000001
18897,-16.331800000000001,3.1583999999999999
18898,-16.331800000000001,3.1583999999999999
18899,-16.338000000000001,3.1583999999999999
18900,-16.338000000000001,3.1583999999999999
18901,-16.338000000000001,3.1583999999999999
18902,-16.331800000000001,3.1583999999999999
18903,-16.338000000000001,3.1583999999999999
18904,-16.338000000000001,3.1583999999999999
18905,-16.331800000000001,3.1583999999999999
18906,-16.331800000000001,3.1583999999999999
18907,-16.338000000000001,3.1583999999999999
18908,-16.331800000000001,3.1583999999999999
18909,-16.331800000000001,3.1583999999999999
18910,-16.331800000000001,3.1583999999999999
18911,-16.331800000000001,3.1583999999999999
18912,-16.344200000000001,3.1583999999999999
18913,-16.331800000000001,3.1583999999999999
18914,-16.338000000000001,3.1583999999999999
18915,-16.338000000000001,3.1583999999999999
18916,-16.338000000000001,3.1583999999999999
18917,-16.338000000000001,3.1583999999999999
18918,-16.338000000000001,3.1583999999999999
18919,-16.3752,3.1583999999999999
18920,-16.3566,3.1583999999999999
18921,-16.381399999999999,3.1583999999999999
18922,-16.387599999999999,3.1583999999999999
18923,-27.728100000000001,3.1360999999999999
18924,-28.379200000000001,3.1324000000000001
18925,-28.887599999999999,3.1286999999999998
18926,-29.451799999999999,3.1267999999999998
18927,-29.997499999999999,3.125
18928,-30.555499999999999,3.1231
18929,-31.1569,3.1212
18930,-31.715,3.1194000000000002
18931,-32.335000000000001,3.1175000000000002
18932,-32.967500000000001,3.1156000000000001
18933,-33.568899999999999,3.1118999999999999
18934,-34.238500000000002,3.1101000000000001
18935,-34.889600000000002,3.1082000000000001
18936,-35.559199999999997,3.1063000000000001
18937,-36.278500000000001,3.1025999999999998
18938,-36.960500000000003,3.1008
18939,-37.6736,3.0989
18940,-38.448599999999999,3.0952000000000002
18941,-39.192700000000002,3.0933000000000002
18942,-39.961500000000001,3.0914999999999999
18943,-24.770499999999998,3.1194000000000002
18944,-24.683700000000002,3.1212
18945,-24.689900000000002,3.1212
18946,-24.689900000000002,3.1231
18947,-24.689900000000002,3.1231
18948,-24.677499999999998,3.1231
18949,-24.689900000000002,3.1231
18950,-24.7395,3.1231
18951,-24.7395,3.125
18952,-24.7395,3.125
18953,2.8087,3.1751999999999998
18954,3.2551999999999999,3.1825999999999999
18955,3.5714000000000001,3.1863000000000001
18956,3.8069999999999999,3.1901000000000002
18957,4.0549999999999997,3.1938
18958,4.2968000000000002,3.1974999999999998
18959,4.4889999999999999,3.2012
18960,4.6440000000000001,3.2031000000000001
18961,4.8177000000000003,3.2048999999999999
18962,4.8921000000000001,3.2067999999999999
18963,4.9292999999999996,3.2086999999999999
18964,4.9292999999999996,3.2105000000000001
18965,4.8982999999999999,3.2124000000000001
18966,4.8548999999999998,3.2124000000000001
18967,4.7805,3.2141999999999999
18968,4.6936999999999998,3.2161
18969,9.9763999999999999,3.2254
18970,9.9763999999999999,3.2273000000000001
18971,9.0029000000000003,3.2290999999999999
18972,8.8045000000000009,3.2290999999999999
18973,7.9364999999999997,3.2290999999999999
18974,7.6512000000000002,3.2290999999999999
18975,6.7770000000000001,3.2290999999999999
18976,6.4546000000000001,3.2290999999999999
18977,8.2155000000000005,3.2328000000000001
18978,7.0994000000000002,3.2328000000000001
18979,5.8841000000000001,3.2309999999999999
18980,4.7370999999999999,3.2290999999999999
18981,3.7326000000000001,3.2273000000000001
18982,2.7776999999999998,3.2254
18983,1.8105,3.2235
18984,0.40920000000000001,3.2216999999999998
18985,-0.74399999999999999,3.2198000000000002
18986,-1.4259999999999999,3.218
18987,-0.65720000000000001,3.218
18988,-0.65720000000000001,3.218
18989,-0.65720000000000001,3.218
18990,-0.65720000000000001,3.218
18991,-0.65720000000000001,3.218
18992,-0.66959999999999997,3.218
18993,-0.65720000000000001,3.218
18994,-0.65720000000000001,3.218
18995,-0.65720000000000001,3.218
18996,-0.65720000000000001,3.218
18997,-0.66959999999999997,3.218
18998,-0.65720000000000001,3.218
18999,-0.66959999999999997,3.218
19000,-0.66959999999999997,3.218
19001,-0.65720000000000001,3.2198000000000002
19002,-0.66959999999999997,3.2198000000000002
19003,-0.65720000000000001,3.218
19004,-0.65720000000000001,3.2198000000000002
19005,-0.65720000000000001,3.2198000000000002
19006,-0.080600000000000005,3.2198000000000002
19007,-0.65720000000000001,3.2198000000000002
19008,-0.65720000000000001,3.2198000000000002
19009,-0.65720000000000001,3.2198000000000002
19010,-0.65720000000000001,3.2198000000000002
19011,-0.65720000000000001,3.2198000000000002
19012,-0.66959999999999997,3.2198000000000002
19013,-0.66959999999999997,3.2198000000000002
19014,-0.65720000000000001,3.2198000000000002
19015,-0.66959999999999997,3.2198000000000002
19016,-0.66959999999999997,3.2198000000000002
19017,-0.65720000000000001,3.2198000000000002
19018,-0.66959999999999997,3.2198000000000002
19019,-2.7467000000000001,3.2161
19020,-4.1852,3.2141999999999999
19021,-5.7849000000000004,3.2105000000000001
19022,-7.2233999999999998,3.2067999999999999
19023,-2.1453000000000002,3.2141999999999999
19024,-2.0647000000000002,3.2161
19025,-2.0585,3.2161
19026,-2.0647000000000002,3.2161
19027,-2.0647000000000002,3.2161
19028,-2.0647000000000002,3.2161
19029,-2.0647000000000002,3.2161
19030,-2.0647000000000002,3.2161
19031,-0.30380000000000001,3.2198000000000002
19032,-0.70679999999999998,3.2198000000000002
19033,-1.0664,3.2198000000000002
19034,-1.3453999999999999,3.218
19035,-1.4632000000000001,3.218
19036,-0.65720000000000001,3.2198000000000002
19037,-0.65720000000000001,3.2198000000000002
19038,-0.65720000000000001,3.2198000000000002
19039,-0.65720000000000001,3.2198000000000002
19040,-0.65720000000000001,3.2198000000000002
19041,-0.65720000000000001,3.2216999999999998
19042,-0.65720000000000001,3.2216999999999998
19043,-0.65720000000000001,3.2216999999999998
19044,-0.65720000000000001,3.2216999999999998
19045,-0.65720000000000001,3.2216999999999998
19046,-0.65720000000000001,3.2216999999999998
19047,-0.65720000000000001,3.2216999999999998
19048,-0.65720000000000001,3.2216999999999998
19049,-0.65720000000000001,3.2216999999999998
19050,-0.65720000000000001,3.2216999999999998
19051,-0.66959999999999997,3.2216999999999998
19052,-0.65720000000000001,3.2216999999999998
19053,-0.65720000000000001,3.2216999999999998
19054,-0.65720000000000001,3.2216999999999998
19055,-0.65720000000000001,3.2216999999999998
19056,-0.65720000000000001,3.2216999999999998
19057,-2.0895000000000001,3.2198000000000002
19058,-2.8273000000000001,3.218
19059,-3.6581999999999999,3.2161
19060,-4.4951999999999996,3.2141999999999999
19061,-5.1835000000000004,3.2124000000000001
19062,-6.1010999999999997,3.2086999999999999
19063,-7.0125999999999999,3.2067999999999999
19064,-7.7504,3.2048999999999999
19065,-8.9037000000000006,3.2012
19066,-9.9019999999999992,3.1974999999999998
19067,-10.5778,3.1956000000000002
19068,-11.8985,3.1919
19069,-3.5775999999999999,3.2067999999999999
19070,-3.4660000000000002,3.2086999999999999
19071,-3.4660000000000002,3.2086999999999999
19072,-3.4660000000000002,3.2105000000000001
19073,-3.4660000000000002,3.2105000000000001
19074,-3.4660000000000002,3.2105000000000001
19075,-3.4660000000000002,3.2105000000000001
19076,-3.4660000000000002,3.2105000000000001
19077,-3.4722,3.2105000000000001
19078,-3.4660000000000002,3.2105000000000001
19079,-3.4660000000000002,3.2105000000000001
19080,-3.4660000000000002,3.2105000000000001
19081,-3.4660000000000002,3.2105000000000001
19082,-3.4722,3.2105000000000001
19083,-3.4660000000000002,3.2105000000000001
19084,-3.4660000000000002,3.2105000000000001
19085,-3.4722,3.2105000000000001
19086,-3.4722,3.2124000000000001
19087,-3.4660000000000002,3.2105000000000001
19088,-3.4660000000000002,3.2105000000000001
19089,-3.4660000000000002,3.2105000000000001
19090,-3.4660000000000002,3.2105000000000001
19091,-3.4598,3.2124000000000001
19092,-3.4660000000000002,3.2124000000000001
19093,1.3702000000000001,3.2198000000000002
19094,1.1779999999999999,3.2216999999999998
19095,0.93000000000000005,3.2216999999999998
19096,0.65100000000000002,3.2216999999999998
19097,0.40920000000000001,3.2216999999999998
19098,0.21079999999999999,3.2216999999999998
19099,-0.33479999999999999,3.2216999999999998
19100,-0.78739999999999999,3.2198000000000002
19101,-1.1035999999999999,3.2198000000000002
19102,-1.3453999999999999,3.2198000000000002
19103,-1.4694,3.2198000000000002
19104,-0.65720000000000001,3.2216999999999998
19105,-0.65720000000000001,3.2216999999999998
19106,-0.65720000000000001,3.2216999999999998
19107,-0.65720000000000001,3.2216999999999998
19108,-0.65720000000000001,3.2216999999999998
19109,-0.66959999999999997,3.2216999999999998
19110,-0.65720000000000001,3.2216999999999998
19111,-0.65720000000000001,3.2216999999999998
19112,-0.65720000000000001,3.2216999999999998
19113,-0.65720000000000001,3.2216999999999998
19114,-0.65720000000000001,3.2216999999999998
19115,-0.65720000000000001,3.2235
19116,-0.66959999999999997,3.2235
19117,-0.65720000000000001,3.2235
19118,-0.66959999999999997,3.2235
19119,-0.65720000000000001,3.2235
19120,-0.65720000000000001,3.2235
19121,-0.65720000000000001,3.2235
19122,-0.65720000000000001,3.2235
19123,-0.65720000000000001,3.2235
19124,-0.65720000000000001,3.2235
19125,-1.7795000000000001,3.2216999999999998
19126,-2.1453000000000002,3.2216999999999998
19127,-2.6227,3.2198000000000002
19128,-2.9823,3.218
19129,-3.4102000000000001,3.218
19130,-3.8565999999999998,3.2161
19131,-4.4207999999999998,3.2141999999999999
19132,-4.7309000000000001,3.2141999999999999
19133,-5.1835000000000004,3.2124000000000001
19134,-5.7042999999999999,3.2105000000000001
19135,-6.4236000000000004,3.2086999999999999
19136,-7.5457999999999998,3.2048999999999999
19137,-6.5042,3.2067999999999999
19138,-7.7751999999999999,3.2031000000000001
19139,-8.2960999999999991,3.2031000000000001
19140,-9.2261000000000006,3.1974999999999998
19141,-9.468,3.1974999999999998
19142,-9.9329999999999998,3.1938
19143,-10.460000000000001,3.1938
19144,-11.421099999999999,3.1901000000000002
19145,-11.551299999999999,3.1882000000000001
19146,-12.1031,3.1863000000000001
19147,-12.667400000000001,3.1844999999999999
19148,-13.7524,3.1825999999999999
19149,-13.814399999999999,3.1808000000000001
19150,-14.453099999999999,3.1789000000000001
19151,-5.2579000000000002,3.1938
19152,-5.1463000000000001,3.1956000000000002
19153,-5.1463000000000001,3.1974999999999998
19154,-5.1338999999999997,3.1974999999999998
19155,-5.1463000000000001,3.2012
19156,-5.1401000000000003,3.2012
19157,-5.1401000000000003,3.2012
19158,-5.1401000000000003,3.2012
19159,-5.1401000000000003,3.2012
19160,-5.1401000000000003,3.2012
19161,-5.1401000000000003,3.2012
19162,-5.1401000000000003,3.2012
19163,0.97340000000000004,3.2141999999999999
19164,0.96719999999999995,3.2161
19165,0.65720000000000001,3.2161
19166,0.77500000000000002,3.2161
19167,0.65100000000000002,3.218
19168,0.372,3.218
19169,0.4526,3.2198000000000002
19170,0.3286,3.2198000000000002
19171,-3.6272000000000002,3.2124000000000001
19172,-3.6953999999999998,3.2124000000000001
19173,-3.7016,3.2105000000000001
19174,-3.6953999999999998,3.2105000000000001
19175,-3.6953999999999998,3.2105000000000001
19176,-3.7016,3.2105000000000001
19177,-3.6953999999999998,3.2105000000000001
19178,-3.6953999999999998,3.2105000000000001
19179,-3.6953999999999998,3.2105000000000001
19180,-3.7016,3.2105000000000001
19181,-3.7016,3.2105000000000001
19182,-3.6953999999999998,3.2105000000000001
19183,-3.6953999999999998,3.2105000000000001
19184,1.6927000000000001,3.2198000000000002
19185,1.5004,3.2216999999999998
19186,1.333,3.2216999999999998
19187,0.93620000000000003,3.2216999999999998
19188,0.65100000000000002,3.2216999999999998
19189,0.40920000000000001,3.2216999999999998
19190,0.13020000000000001,3.2216999999999998
19191,-0.34100000000000003,3.2216999999999998
19192,-0.74399999999999999,3.2198000000000002
19193,-1.1097999999999999,3.2198000000000002
19194,-1.3453999999999999,3.2198000000000002
19195,-1.4694,3.218
19196,-0.66959999999999997,3.2198000000000002
19197,-0.65720000000000001,3.2198000000000002
19198,-0.65720000000000001,3.2198000000000002
19199,-0.65720000000000001,3.2216999999999998
19200,-0.65720000000000001,3.2216999999999998
19201,-0.65720000000000001,3.2216999999999998
19202,-0.65720000000000001,3.2216999999999998
19203,-0.65720000000000001,3.2216999999999998
19204,-0.65720000000000001,3.2216999999999998
19205,-0.65720000000000001,3.2216999999999998
19206,-0.65720000000000001,3.2216999999999998
19207,-0.65720000000000001,3.2216999999999998
19208,-0.65720000000000001,3.2216999999999998
19209,-0.65720000000000001,3.2216999999999998
19210,-0.65720000000000001,3.2216999999999998
19211,-0.65720000000000001,3.2216999999999998
19212,-0.65720000000000001,3.2216999999999998
19213,-0.65720000000000001,3.2216999999999998
19214,-0.66959999999999997,3.2216999999999998
19215,-2.7467000000000001,3.218
19216,-4.1790000000000003,3.2161
19217,-5.8159000000000001,3.2124000000000001
19218,-7.2172000000000001,3.2086999999999999
19219,-2.1825000000000001,3.2161
19220,-2.0585,3.2161
19221,-2.0585,3.218
19222,-2.0647000000000002,3.218
19223,-2.0585,3.218
19224,-2.0647000000000002,3.218
19225,-2.0647000000000002,3.218
19226,-2.0585,3.218
19227,-0.29759999999999998,3.2216999999999998
19228,-0.70679999999999998,3.2216999999999998
19229,-1.0664,3.2198000000000002
19230,-1.3515999999999999,3.2198000000000002
19231,-1.4632000000000001,3.2198000000000002
19232,-0.65720000000000001,3.2216999999999998
19233,-0.65720000000000001,3.2216999999999998
19234,-0.65720000000000001,3.2216999999999998
19235,-0.65720000000000001,3.2216999999999998
19236,-0.65720000000000001,3.2216999999999998
19237,-0.66959999999999997,3.2216999999999998
19238,-0.65720000000000001,3.2216999999999998
19239,-0.65720000000000001,3.2235
19240,-0.65720000000000001,3.2235
19241,-0.65720000000000001,3.2235
19242,-0.65720000000000001,3.2235
19243,-0.65720000000000001,3.2235
19244,-0.65720000000000001,3.2235
19245,-0.65720000000000001,3.2235
19246,-0.65720000000000001,3.2235
19247,-0.65720000000000001,3.2235
19248,-0.66959999999999997,3.2235
19249,-0.65720000000000001,3.2235
19250,-0.65720000000000001,3.2235
19251,-0.65720000000000001,3.2235
19252,-0.65720000000000001,3.2235
19253,-2.1019000000000001,3.2216999999999998
19254,-2.8273000000000001,3.2198000000000002
19255,-3.6581999999999999,3.218
19256,-4.4889999999999999,3.2161
19257,-5.1835000000000004,3.2141999999999999
19258,-6.1383000000000001,3.2105000000000001
19259,-7.0125999999999999,3.2086999999999999
19260,-7.7380000000000004,3.2048999999999999
19261,-8.9533000000000005,3.2031000000000001
19262,-9.9391999999999996,3.1974999999999998
19263,-10.5778,3.1956000000000002
19264,-11.8985,3.1919
19265,-3.5775999999999999,3.2086999999999999
19266,-3.4722,3.2086999999999999
19267,-3.4722,3.2105000000000001
19268,-3.4722,3.2105000000000001
19269,-3.4660000000000002,3.2105000000000001
19270,-3.4660000000000002,3.2105000000000001
19271,-3.4660000000000002,3.2105000000000001
19272,-3.4660000000000002,3.2105000000000001
19273,-3.4660000000000002,3.2105000000000001
19274,-3.4660000000000002,3.2105000000000001
19275,-3.4598,3.2105000000000001
19276,-3.4722,3.2124000000000001
19277,-3.4660000000000002,3.2124000000000001
19278,-3.4660000000000002,3.2124000000000001
19279,-3.4660000000000002,3.2124000000000001
19280,-3.4660000000000002,3.2105000000000001
19281,-3.4660000000000002,3.2105000000000001
19282,-3.4660000000000002,3.2124000000000001
19283,-3.4660000000000002,3.2124000000000001
19284,-3.4598,3.2124000000000001
19285,-3.4660000000000002,3.2105000000000001
19286,-3.4660000000000002,3.2105000000000001
19287,-3.4598,3.2124000000000001
19288,-3.4660000000000002,3.2105000000000001
19289,1.3702000000000001,3.2198000000000002
19290,1.2152000000000001,3.2216999999999998
19291,0.93620000000000003,3.2235
19292,0.65720000000000001,3.2216999999999998
19293,0.40920000000000001,3.2216999999999998
19294,0.2046,3.2216999999999998
19295,-0.34100000000000003,3.2216999999999998
19296,-0.78120000000000001,3.2216999999999998
19297,-1.1035999999999999,3.2198000000000002
19298,-1.3453999999999999,3.2198000000000002
19299,-1.4632000000000001,3.2198000000000002
19300,-0.65720000000000001,3.2216999999999998
19301,-0.65720000000000001,3.2216999999999998
19302,-0.65720000000000001,3.2216999999999998
19303,-0.65720000000000001,3.2216999999999998
19304,-0.65720000000000001,3.2216999999999998
19305,-0.65720000000000001,3.2216999999999998
19306,-0.65720000000000001,3.2216999999999998
19307,-0.65720000000000001,3.2216999999999998
19308,-0.65720000000000001,3.2216999999999998
19309,-0.65720000000000001,3.2216999999999998
19310,-0.65720000000000001,3.2235
19311,-0.65720000000000001,3.2235
19312,-0.65720000000000001,3.2235
19313,-0.65720000000000001,3.2235
19314,-0.65720000000000001,3.2235
19315,-0.65720000000000001,3.2235
19316,-0.65720000000000001,3.2235
19317,-0.65720000000000001,3.2235
19318,-0.65720000000000001,3.2235
19319,-0.65720000000000001,3.2235
19320,-0.66959999999999997,3.2235
19321,-1.7795000000000001,3.2216999999999998
19322,-2.1453000000000002,3.2216999999999998
19323,-2.6227,3.2198000000000002
19324,-2.9823,3.218
19325,-3.4163999999999999,3.2161
19326,-3.8628,3.2161
19327,-4.4641999999999999,3.2141999999999999
19328,-4.7432999999999996,3.2124000000000001
19329,-5.2268999999999997,3.2124000000000001
19330,-5.7042999999999999,3.2105000000000001
19331,-6.4669999999999996,3.2086999999999999
19332,-7.5334000000000003,3.2048999999999999
19333,-6.5476000000000001,3.2067999999999999
19334,-7.7690000000000001,3.2031000000000001
19335,-8.3457000000000008,3.2012
19336,-9.2385000000000002,3.1974999999999998
19337,-9.4618000000000002,3.1956000000000002
19338,-9.9391999999999996,3.1938
19339,-10.466200000000001,3.1919
19340,-11.421099999999999,3.1901000000000002
19341,-11.5823,3.1882000000000001
19342,-12.0969,3.1863000000000001
19343,-12.667400000000001,3.1844999999999999
19344,-13.7462,3.1808000000000001
19345,-13.8392,3.1789000000000001
19346,-14.4655,3.177
19347,-5.2579000000000002,3.1938
19348,-5.1401000000000003,3.1956000000000002
19349,-5.1338999999999997,3.1956000000000002
19350,-5.1401000000000003,3.1974999999999998
19351,-5.1463000000000001,3.1974999999999998
19352,-5.1401000000000003,3.1974999999999998
19353,-5.1463000000000001,3.1974999999999998
19354,-5.1401000000000003,3.1974999999999998
19355,-5.1463000000000001,3.2012
19356,-5.1463000000000001,3.2012
19357,-5.1401000000000003,3.2012
19358,-5.1401000000000003,3.2012
19359,0.97340000000000004,3.2124000000000001
19360,1.0105999999999999,3.2141999999999999
19361,0.65720000000000001,3.2161
19362,0.77500000000000002,3.2161
19363,0.65100000000000002,3.218
19364,0.372,3.218
19365,0.4526,3.218
19366,0.3286,3.218
19367,-3.6272000000000002,3.2105000000000001
19368,-3.7016,3.2105000000000001
19369,-3.6953999999999998,3.2105000000000001
19370,-3.6953999999999998,3.2105000000000001
19371,-3.6953999999999998,3.2086999999999999
19372,-3.6953999999999998,3.2086999999999999
19373,-3.6953999999999998,3.2086999999999999
19374,-3.7016,3.2086999999999999
19375,-3.7016,3.2086999999999999
19376,-3.6953999999999998,3.2086999999999999
19377,-3.7078000000000002,3.2086999999999999
19378,-3.7016,3.2086999999999999
19379,-3.7016,3.2086999999999999
19380,1.6927000000000001,3.218
19381,1.5004,3.2198000000000002
19382,1.333,3.2216999999999998
19383,0.93620000000000003,3.2216999999999998
19384,0.65720000000000001,3.2216999999999998
19385,0.40920000000000001,3.2216999999999998
19386,0.13020000000000001,3.2198000000000002
19387,-0.34100000000000003,3.2198000000000002
19388,-0.74399999999999999,3.2198000000000002
19389,-1.1097999999999999,3.218
19390,-1.3453999999999999,3.218
19391,-1.4632000000000001,3.218
19392,-0.65720000000000001,3.2198000000000002
19393,-0.66959999999999997,3.2198000000000002
19394,-0.65720000000000001,3.2198000000000002
19395,-0.65720000000000001,3.2198000000000002
19396,-0.65720000000000001,3.2216999999999998
19397,-0.65720000000000001,3.2198000000000002
19398,-0.66959999999999997,3.2216999999999998
19399,-0.66959999999999997,3.2216999999999998
19400,-0.65720000000000001,3.2216999999999998
19401,-0.65720000000000001,3.2216999999999998
19402,-0.65720000000000001,3.2216999999999998
19403,-0.66959999999999997,3.2216999999999998
19404,-0.65720000000000001,3.2216999999999998
19405,-0.66959999999999997,3.2216999999999998
19406,-0.65720000000000001,3.2216999999999998
19407,-0.65720000000000001,3.2216999999999998
19408,-0.65720000000000001,3.2216999999999998
19409,-0.65720000000000001,3.2216999999999998
19410,-0.65720000000000001,3.2216999999999998
19411,-2.7467000000000001,3.218
19412,-4.1852,3.2141999999999999
19413,-5.8097000000000003,3.2105000000000001
19414,-7.2233999999999998,3.2067999999999999
19415,-2.1886999999999999,3.2141999999999999
19416,-2.1019000000000001,3.2161
19417,-2.1019000000000001,3.2161
19418,-2.1019000000000001,3.2161
19419,-2.1019000000000001,3.2161
19420,-2.0895000000000001,3.2161
19421,-2.0895000000000001,3.2161
19422,-2.1019000000000001,3.2161
19423,-0.29759999999999998,3.2198000000000002
19424,-0.70679999999999998,3.2198000000000002
19425,-1.0664,3.2198000000000002
19426,-1.3453999999999999,3.2198000000000002
19427,-1.4694,3.2198000000000002
19428,-0.65720000000000001,3.2198000000000002
19429,-0.65720000000000001,3.2216999999999998
19430,-0.65720000000000001,3.2216999999999998
19431,-0.65720000000000001,3.2216999999999998
19432,-0.65720000000000001,3.2216999999999998
19433,-0.65720000000000001,3.2216999999999998
19434,-0.66959999999999997,3.2216999999999998
19435,-0.65720000000000001,3.2216999999999998
19436,-0.65720000000000001,3.2216999999999998
19437,-0.65720000000000001,3.2216999999999998
19438,-0.65720000000000001,3.2216999999999998
19439,-0.65720000000000001,3.2216999999999998
19440,-0.65720000000000001,3.2216999999999998
19441,-0.66959999999999997,3.2216999999999998
19442,-0.66959999999999997,3.2216999999999998
19443,-0.65720000000000001,3.2235
19444,-0.65720000000000001,3.2235
19445,-0.65720000000000001,3.2235
19446,-0.65720000000000001,3.2235
19447,-0.66959999999999997,3.2235
19448,-0.65720000000000001,3.2235
19449,-2.1019000000000001,3.2198000000000002
19450,-2.8273000000000001,3.218
19451,-3.6581999999999999,3.2161
19452,-4.4951999999999996,3.2141999999999999
19453,-5.1835000000000004,3.2124000000000001
19454,-6.1383000000000001,3.2086999999999999
19455,-7.056,3.2067999999999999
19456,-7.7690000000000001,3.2048999999999999
19457,-8.9533000000000005,3.2012
19458,-9.9391999999999996,3.1956000000000002
19459,-10.6212,3.1938
19460,-11.935700000000001,3.1901000000000002
19461,-3.5838000000000001,3.2067999999999999
19462,-3.5032000000000001,3.2086999999999999
19463,-3.5032000000000001,3.2086999999999999
19464,-3.5032000000000001,3.2086999999999999
19465,-3.4969999999999999,3.2086999999999999
19466,-3.5032000000000001,3.2086999999999999
19467,-3.5032000000000001,3.2086999999999999
19468,-3.5032000000000001,3.2105000000000001
19469,-3.5093999999999999,3.2105000000000001
19470,-3.5032000000000001,3.2105000000000001
19471,-3.5093999999999999,3.2105000000000001
19472,-3.5032000000000001,3.2105000000000001
19473,-3.5032000000000001,3.2105000000000001
19474,-3.5032000000000001,3.2105000000000001
19475,-3.4969999999999999,3.2105000000000001
19476,-3.5032000000000001,3.2105000000000001
19477,-3.4969999999999999,3.2105000000000001
19478,-3.5032000000000001,3.2105000000000001
19479,-3.4908000000000001,3.2105000000000001
19480,-3.5032000000000001,3.2105000000000001
19481,-3.5032000000000001,3.2105000000000001
19482,-3.5032000000000001,3.2105000000000001
19483,-3.5032000000000001,3.2105000000000001
19484,-3.4969999999999999,3.2105000000000001
19485,1.3702000000000001,3.2198000000000002
19486,1.2152000000000001,3.2216999999999998
19487,0.93620000000000003,3.2198000000000002
19488,0.65100000000000002,3.2198000000000002
19489,0.40920000000000001,3.2216999999999998
19490,0.2046,3.2216999999999998
19491,-0.34100000000000003,3.2198000000000002
19492,-0.78739999999999999,3.2198000000000002
19493,-1.1097999999999999,3.2198000000000002
19494,-1.3453999999999999,3.218
19495,-1.4632000000000001,3.218
19496,-0.65720000000000001,3.2198000000000002
19497,-0.65720000000000001,3.2198000000000002
19498,-0.65720000000000001,3.2198000000000002
19499,-0.65720000000000001,3.2198000000000002
19500,-0.65720000000000001,3.2198000000000002
19501,-0.65720000000000001,3.2198000000000002
19502,-0.65720000000000001,3.2198000000000002
19503,-0.65720000000000001,3.2216999999999998
19504,-0.65720000000000001,3.2216999999999998
19505,-0.65720000000000001,3.2216999999999998
19506,-0.65720000000000001,3.2216999999999998
19507,-0.65720000000000001,3.2216999999999998
19508,-0.65720000000000001,3.2216999999999998
19509,-0.65720000000000001,3.2216999999999998
19510,-0.65720000000000001,3.2216999999999998
19511,-0.65720000000000001,3.2216999999999998
19512,-0.66959999999999997,3.2216999999999998
19513,-0.65720000000000001,3.2216999999999998
19514,-0.65720000000000001,3.2216999999999998
19515,-0.65720000000000001,3.2216999999999998
19516,-0.65720000000000001,3.2216999999999998
19517,-1.7795000000000001,3.2198000000000002
19518,-2.1453000000000002,3.2198000000000002
19519,-2.6227,3.218
19520,-2.9823,3.2161
19521,-3.4163999999999999,3.2161
19522,-3.8565999999999998,3.2141999999999999
19523,-4.4580000000000002,3.2124000000000001
19524,-4.7309000000000001,3.2124000000000001
19525,-5.2268999999999997,3.2105000000000001
19526,-5.7042999999999999,3.2086999999999999
19527,-6.4669999999999996,3.2067999999999999
19528,-7.5396000000000001,3.2031000000000001
19529,-6.5414000000000003,3.2048999999999999
19530,-7.7751999999999999,3.2012
19531,-8.3394999999999992,3.1974999999999998
19532,-9.2261000000000006,3.1956000000000002
19533,-9.4618000000000002,3.1938
19534,-9.9763999999999999,3.1919
19535,-10.503399999999999,3.1901000000000002
19536,-11.464499999999999,3.1863000000000001
19537,-11.5761,3.1863000000000001
19538,-12.1403,3.1844999999999999
19539,-12.698399999999999,3.1825999999999999
19540,-13.7834,3.1789000000000001
19541,-13.895,3.177
19542,-14.4841,3.1751999999999998
19543,-5.2641,3.1919
19544,-5.1835000000000004,3.1938
19545,-5.1835000000000004,3.1938
19546,-5.1772999999999998,3.1938
19547,-5.1835000000000004,3.1956000000000002
19548,-5.1897000000000002,3.1956000000000002
19549,-5.1835000000000004,3.1956000000000002
19550,-5.1835000000000004,3.1956000000000002
19551,-5.1835000000000004,3.1956000000000002
19552,-5.1772999999999998,3.1974999999999998
19553,-5.1772999999999998,3.1974999999999998
19554,-5.1835000000000004,3.1974999999999998
19555,0.97340000000000004,3.2105000000000001
19556,1.0105999999999999,3.2124000000000001
19557,0.65100000000000002,3.2141999999999999
19558,0.76880000000000004,3.2141999999999999
19559,0.65720000000000001,3.2141999999999999
19560,0.372,3.2161
19561,0.44640000000000002,3.2161
19562,0.3286,3.2161
19563,-3.6272000000000002,3.2105000000000001
19564,-3.6953999999999998,3.2086999999999999
19565,-3.7016,3.2086999999999999
19566,-3.6953999999999998,3.2067999999999999
19567,-3.6953999999999998,3.2067999999999999
19568,-3.6953999999999998,3.2067999999999999
19569,-3.6892,3.2067999999999999
19570,-3.6953999999999998,3.2067999999999999
19571,-3.7016,3.2067999999999999
19572,-3.7016,3.2067999999999999
19573,-3.6953999999999998,3.2067999999999999
19574,-3.7016,3.2067999999999999
19575,-3.7016,3.2067999999999999
19576,1.6865000000000001,3.2161
19577,1.5004,3.218
19578,1.333,3.2198000000000002
19579,0.93620000000000003,3.2198000000000002
19580,0.65100000000000002,3.2198000000000002
19581,0.40920000000000001,3.2198000000000002
19582,0.13020000000000001,3.2198000000000002
19583,-0.34100000000000003,3.218
19584,-0.74399999999999999,3.218
19585,-1.1035999999999999,3.218
19586,-1.3453999999999999,3.2161
19587,-1.4632000000000001,3.2161
19588,-0.65720000000000001,3.218
19589,-0.66959999999999997,3.218
19590,-0.65720000000000001,3.218
19591,-0.65720000000000001,3.2198000000000002
19592,-0.65720000000000001,3.218
19593,-0.65720000000000001,3.2198000000000002
19594,-0.65720000000000001,3.2198000000000002
19595,-0.66959999999999997,3.2198000000000002
19596,-0.66959999999999997,3.2198000000000002
19597,-0.65720000000000001,3.2198000000000002
19598,-0.65720000000000001,3.2198000000000002
19599,-0.65720000000000001,3.2198000000000002
19600,-0.65720000000000001,3.2198000000000002
19601,-0.65720000000000001,3.2198000000000002
19602,-0.65720000000000001,3.2198000000000002
19603,-0.65720000000000001,3.2198000000000002
19604,-0.65720000000000001,3.2198000000000002
19605,-0.66959999999999997,3.2198000000000002
19606,-0.65720000000000001,3.2198000000000002
19607,-2.7467000000000001,3.2161
19608,-4.1790000000000003,3.2124000000000001
19609,-5.8220999999999998,3.2086999999999999
19610,-7.2606000000000002,3.2048999999999999
19611,-2.1825000000000001,3.2141999999999999
19612,-2.1019000000000001,3.2141999999999999
19613,-2.1019000000000001,3.2141999999999999
19614,-2.1019000000000001,3.2141999999999999
19615,-2.0895000000000001,3.2141999999999999
19616,-2.1019000000000001,3.2141999999999999
19617,-2.1019000000000001,3.2141999999999999
19618,-2.1019000000000001,3.2141999999999999
19619,-0.29759999999999998,3.218
19620,-0.70679999999999998,3.218
19621,-1.0664,3.218
19622,-1.3453999999999999,3.218
19623,-1.4632000000000001,3.218
19624,-0.65720000000000001,3.218
19625,-0.65720000000000001,3.218
19626,-0.65720000000000001,3.2198000000000002
19627,-0.65720000000000001,3.2198000000000002
19628,-0.65720000000000001,3.2198000000000002
19629,-0.65720000000000001,3.2198000000000002
19630,-0.65720000000000001,3.2198000000000002
19631,-0.65720000000000001,3.2198000000000002
19632,-0.65720000000000001,3.2198000000000002
19633,-0.65720000000000001,3.2198000000000002
19634,-0.65720000000000001,3.2198000000000002
19635,-0.65720000000000001,3.2198000000000002
19636,-0.65720000000000001,3.2198000000000002
19637,-0.65720000000000001,3.2198000000000002
19638,-0.66959999999999997,3.2198000000000002
19639,-0.65720000000000001,3.2216999999999998
19640,-0.65720000000000001,3.2216999999999998
19641,-0.65720000000000001,3.2198000000000002
19642,-0.65720000000000001,3.2198000000000002
19643,-0.65720000000000001,3.2216999999999998
19644,-0.65720000000000001,3.2216999999999998
19645,-2.1453000000000002,3.218
19646,-2.8273000000000001,3.2161
19647,-3.6953999999999998,3.2141999999999999
19648,-4.4951999999999996,3.2124000000000001
19649,-5.1897000000000002,3.2105000000000001
19650,-6.1383000000000001,3.2067999999999999
19651,-7.0498000000000003,3.2048999999999999
19652,-7.7751999999999999,3.2031000000000001
19653,-8.9346999999999994,3.1974999999999998
19654,-9.9515999999999991,3.1938
19655,-10.6274,3.1919
19656,-11.929500000000001,3.1882000000000001
19657,-3.6272000000000002,3.2048999999999999
19658,-3.5032000000000001,3.2048999999999999
19659,-3.4969999999999999,3.2067999999999999
19660,-3.4969999999999999,3.2067999999999999
19661,-3.4969999999999999,3.2067999999999999
19662,-3.4969999999999999,3.2067999999999999
19663,-3.5032000000000001,3.2067999999999999
19664,-3.5032000000000001,3.2067999999999999
19665,-3.5032000000000001,3.2067999999999999
19666,-3.4969999999999999,3.2067999999999999
19667,-3.4969999999999999,3.2067999999999999
19668,-3.4969999999999999,3.2067999999999999
19669,-3.5032000000000001,3.2067999999999999
19670,-3.4969999999999999,3.2067999999999999
19671,-3.5032000000000001,3.2067999999999999
19672,-3.4969999999999999,3.2067999999999999
19673,-3.5032000000000001,3.2067999999999999
19674,-3.4969999999999999,3.2086999999999999
19675,-3.5032000000000001,3.2086999999999999
19676,-3.5032000000000001,3.2086999999999999
19677,-3.5032000000000001,3.2067999999999999
19678,-3.5032000000000001,3.2067999999999999
19679,-3.5093999999999999,3.2067999999999999
19680,-3.4969999999999999,3.2086999999999999
19681,1.3702000000000001,3.2161
19682,1.2152000000000001,3.218
19683,0.93620000000000003,3.218
19684,0.65100000000000002,3.218
19685,0.40920000000000001,3.2198000000000002
19686,0.2046,3.218
19687,-0.33479999999999999,3.218
19688,-0.78739999999999999,3.218
19689,-1.1097999999999999,3.2161
19690,-1.3453999999999999,3.2161
19691,-1.4632000000000001,3.2161
19692,-0.66959999999999997,3.218
19693,-0.65720000000000001,3.218
19694,-0.65720000000000001,3.218
19695,-0.66959999999999997,3.218
19696,-0.65720000000000001,3.218
19697,-0.66959999999999997,3.218
19698,-0.65720000000000001,3.2198000000000002
19699,-0.65720000000000001,3.218
19700,-0.65720000000000001,3.218
19701,-0.65720000000000001,3.2198000000000002
19702,-0.66959999999999997,3.2198000000000002
19703,-0.65720000000000001,3.2198000000000002
19704,-0.65720000000000001,3.2198000000000002
19705,-0.65720000000000001,3.2198000000000002
19706,-0.66959999999999997,3.2198000000000002
19707,-0.65720000000000001,3.2198000000000002
19708,-0.65720000000000001,3.2198000000000002
19709,-0.65720000000000001,3.2198000000000002
19710,-0.65720000000000001,3.2198000000000002
19711,-0.65720000000000001,3.2198000000000002
19712,-0.65720000000000001,3.2198000000000002
19713,-1.7795000000000001,3.218
19714,-2.1453000000000002,3.218
19715,-2.6227,3.2161
19716,-3.0257000000000001,3.2141999999999999
19717,-3.4163999999999999,3.2141999999999999
19718,-3.8504,3.2124000000000001
19719,-4.4641999999999999,3.2105000000000001
19720,-4.7805,3.2105000000000001
19721,-5.2206999999999999,3.2086999999999999
19722,-5.7415000000000003,3.2067999999999999
19723,-6.4732000000000003,3.2048999999999999
19724,-7.5830000000000002,3.2012
19725,-6.5414000000000003,3.2031000000000001
19726,-7.8249000000000004,3.1974999999999998
19727,-8.3457000000000008,3.1956000000000002
19728,-9.2508999999999997,3.1938
19729,-9.5052000000000003,3.1919
19730,-9.9763999999999999,3.1901000000000002
19731,-10.491,3.1882000000000001
19732,-11.464499999999999,3.1844999999999999
19733,-11.6195,3.1825999999999999
19734,-12.1341,3.1808000000000001
19735,-12.686,3.1789000000000001
19736,-13.8268,3.1751999999999998
19737,-13.895,3.1751999999999998
19738,-14.496499999999999,3.1715
19739,-5.2579000000000002,3.1882000000000001
19740,-5.1835000000000004,3.1901000000000002
19741,-5.1897000000000002,3.1919
19742,-5.1835000000000004,3.1919
19743,-5.1835000000000004,3.1919
19744,-5.1835000000000004,3.1919
19745,-5.1835000000000004,3.1938
19746,-5.1835000000000004,3.1938
19747,-5.1835000000000004,3.1938
19748,-5.1835000000000004,3.1938
19749,-5.1835000000000004,3.1938
19750,-5.1772999999999998,3.1938
19751,0.97340000000000004,3.2086999999999999
19752,1.0105999999999999,3.2105000000000001
19753,0.65720000000000001,3.2105000000000001
19754,0.77500000000000002,3.2124000000000001
19755,0.65720000000000001,3.2141999999999999
19756,0.372,3.2124000000000001
19757,0.4526,3.2141999999999999
19758,0.3286,3.2141999999999999
19759,-3.6334,3.2067999999999999
19760,-3.6953999999999998,3.2067999999999999
19761,-3.6953999999999998,3.2048999999999999
19762,-3.7016,3.2048999999999999
19763,-3.7016,3.2048999999999999
19764,-3.6953999999999998,3.2048999999999999
19765,-3.7016,3.2048999999999999
19766,-3.6953999999999998,3.2048999999999999
19767,-3.7016,3.2048999999999999
19768,-3.6953999999999998,3.2048999999999999
19769,-3.7016,3.2048999999999999
19770,-3.7016,3.2048999999999999
19771,-3.6953999999999998,3.2048999999999999
19772,1.6927000000000001,3.2141999999999999
19773,1.5004,3.2161
19774,1.333,3.218
19775,0.93000000000000005,3.2161
19776,0.65100000000000002,3.2161
19777,0.40920000000000001,3.218
19778,0.124,3.2161
19779,-0.33479999999999999,3.2161
19780,-0.74399999999999999,3.2161
19781,-1.1035999999999999,3.2141999999999999
19782,-1.3453999999999999,3.2141999999999999
19783,-1.4632000000000001,3.2141999999999999
19784,-0.65720000000000001,3.2161
19785,-0.66959999999999997,3.2161
19786,-0.65720000000000001,3.2161
19787,-0.66959999999999997,3.2161
19788,-0.65720000000000001,3.2161
19789,-0.66959999999999997,3.2161
19790,-0.66959999999999997,3.2161
19791,-0.65720000000000001,3.2161
19792,-0.65720000000000001,3.2161
19793,-0.65720000000000001,3.2161
19794,-0.65720000000000001,3.2161
19795,-0.65720000000000001,3.218
19796,-0.65720000000000001,3.218
19797,-0.66959999999999997,3.218
19798,-0.66959999999999997,3.218
19799,-0.66959999999999997,3.218
19800,-0.65720000000000001,3.218
19801,-0.65720000000000001,3.218
19802,-0.65720000000000001,3.218
19803,-0.65720000000000001,3.218
19804,-0.66959999999999997,3.218
19805,-0.65720000000000001,3.218
19806,-0.65720000000000001,3.218
19807,-0.65720000000000001,3.218
19808,-0.65720000000000001,3.218
19809,-0.65720000000000001,3.218
19810,-0.65720000000000001,3.218
19811,-0.65720000000000001,3.218
19812,-2.3003,3.2141999999999999
19813,-3.2551999999999999,3.2124000000000001
19814,-4.2720000000000002,3.2105000000000001
19815,-5.2641,3.2086999999999999
19816,-6.2624000000000004,3.2048999999999999
19817,-2.1453000000000002,3.2124000000000001
19818,-2.1019000000000001,3.2124000000000001
19819,-5.6670999999999996,3.2067999999999999
19820,-6.3925999999999998,3.2031000000000001
19821,-7.2606000000000002,3.2012
19822,-7.7442000000000002,3.1974999999999998
19823,-8.4262999999999995,3.1938
19824,-9.1082999999999998,3.1919
19825,-10.137600000000001,3.1901000000000002
19826,-10.5778,3.1882000000000001
19827,-11.2165,3.1844999999999999
19828,-3.8256000000000001,3.1974999999999998
19829,-3.7450000000000001,3.2012
19830,-10.5406,3.1863000000000001
19831,-11.135899999999999,3.1825999999999999
19832,-11.2537,3.1825999999999999
19833,-12.214700000000001,3.1789000000000001
19834,-12.779,3.177
19835,-13.337,3.1751999999999998
19836,-13.3804,3.1732999999999998
19837,-14.4841,3.1696
19838,-5.3136999999999999,3.1863000000000001
19839,-5.1835000000000004,3.1882000000000001
19840,-12.6922,3.1751999999999998
19841,-13.857799999999999,3.1696
19842,-13.7524,3.1696
19843,-14.825100000000001,3.1659000000000002
19844,-14.7011,3.1659000000000002
19845,-15.1723,3.1640000000000001
19846,-16.331800000000001,3.1602999999999999
19847,-16.1706,3.1602999999999999
19848,-16.697600000000001,3.1583999999999999
19849,-17.9377,3.1547000000000001
19850,-17.764099999999999,3.1509999999999998
19851,-19.091000000000001,3.1473
19852,-18.936,3.1473
19853,-8.4573,3.1677
19854,-8.3828999999999994,3.1696
19855,-8.3704999999999998,3.1715
19856,-8.3828999999999994,3.1715
19857,-8.3890999999999991,3.1732999999999998
19858,-8.3828999999999994,3.1732999999999998
19859,-8.3828999999999994,3.1732999999999998
19860,-8.3704999999999998,3.1732999999999998
19861,-8.3828999999999994,3.1732999999999998
19862,-8.3828999999999994,3.1732999999999998
19863,-8.3890999999999991,3.1751999999999998
19864,-8.3828999999999994,3.1751999999999998
19865,-8.3890999999999991,3.1732999999999998
19866,-8.3828999999999994,3.1732999999999998
19867,-8.3828999999999994,3.1751999999999998
19868,-8.3828999999999994,3.1751999999999998
19869,-8.3828999999999994,3.1751999999999998
19870,-8.3828999999999994,3.1751999999999998
19871,-8.3828999999999994,3.1751999999999998
19872,-8.3828999999999994,3.1751999999999998
19873,-8.3643000000000001,3.1751999999999998
19874,-8.3828999999999994,3.1751999999999998
19875,-8.3704999999999998,3.1751999999999998
19876,-8.3890999999999991,3.1751999999999998
19877,-8.3704999999999998,3.1751999999999998
19878,-8.3890999999999991,3.1751999999999998
19879,-8.3828999999999994,3.1751999999999998
19880,-8.3828999999999994,3.1751999999999998
19881,-8.3890999999999991,3.1732999999999998
19882,-8.3704999999999998,3.1751999999999998
19883,-8.3828999999999994,3.1751999999999998
19884,-8.3828999999999994,3.1732999999999998
19885,-8.3890999999999991,3.1732999999999998
19886,-8.3828999999999994,3.1732999999999998
19887,-8.3890999999999991,3.1751999999999998
19888,-8.3890999999999991,3.1751999999999998
19889,-8.3890999999999991,3.1732999999999998
19890,-8.3704999999999998,3.1751999999999998
19891,-8.3890999999999991,3.1732999999999998
19892,-8.3828999999999994,3.1732999999999998
19893,-8.3828999999999994,3.1732999999999998
19894,-8.3890999999999991,3.1732999999999998
19895,-8.3704999999999998,3.1732999999999998
19896,-8.3704999999999998,3.1732999999999998
19897,-8.3890999999999991,3.1732999999999998
19898,-8.3890999999999991,3.1732999999999998
19899,-8.3828999999999994,3.1732999999999998
19900,-8.3828999999999994,3.1732999999999998
19901,-8.3828999999999994,3.1732999999999998
19902,-8.3704999999999998,3.1732999999999998
19903,3.8999999999999999,3.1974999999999998
19904,3.8938000000000001,3.2031000000000001
19905,3.7450000000000001,3.2048999999999999
19906,3.5775999999999999,3.2067999999999999
19907,3.3730000000000002,3.2086999999999999
19908,3.2118000000000002,3.2086999999999999
19909,3.0133000000000001,3.2105000000000001
19910,2.8149000000000002,3.2105000000000001
19911,-5.0160999999999998,3.1938
19912,-5.1897000000000002,3.1919
19913,-5.1835000000000004,3.1919
19914,-5.1772999999999998,3.1919
19915,-5.1772999999999998,3.1901000000000002
19916,-5.1835000000000004,3.1901000000000002
19917,-5.1835000000000004,3.1901000000000002
19918,-5.1835000000000004,3.1901000000000002
19919,-5.1835000000000004,3.1882000000000001
19920,-5.1772999999999998,3.1882000000000001
19921,-5.1772999999999998,3.1882000000000001
19922,-5.1772999999999998,3.1882000000000001
19923,-5.1772999999999998,3.1882000000000001
19924,-5.1772999999999998,3.1882000000000001
19925,-5.1835000000000004,3.1882000000000001
19926,-5.1835000000000004,3.1882000000000001
19927,-5.1835000000000004,3.1882000000000001
19928,-5.1835000000000004,3.1882000000000001
19929,-5.1772999999999998,3.1882000000000001
19930,-5.1835000000000004,3.1882000000000001
19931,-5.1835000000000004,3.1882000000000001
19932,-5.1835000000000004,3.1882000000000001
19933,-5.1772999999999998,3.1882000000000001
19934,-5.1772999999999998,3.1882000000000001
19935,-5.1835000000000004,3.1882000000000001
19936,-5.1711,3.1882000000000001
19937,-5.1897000000000002,3.1882000000000001
19938,-5.1835000000000004,3.1863000000000001
19939,-5.1835000000000004,3.1863000000000001
19940,-5.1772999999999998,3.1882000000000001
19941,-5.1835000000000004,3.1882000000000001
19942,-5.1772999999999998,3.1863000000000001
19943,-5.1772999999999998,3.1882000000000001
19944,-5.1835000000000004,3.1863000000000001
19945,-5.1772999999999998,3.1882000000000001
19946,-5.1835000000000004,3.1863000000000001
19947,-5.1835000000000004,3.1863000000000001
19948,-5.1835000000000004,3.1863000000000001
19949,-5.1835000000000004,3.1863000000000001
19950,-5.1772999999999998,3.1863000000000001
19951,-5.1897000000000002,3.1863000000000001
19952,-5.1835000000000004,3.1863000000000001
19953,-5.1835000000000004,3.1863000000000001
19954,-5.1835000000000004,3.1863000000000001
19955,-5.1835000000000004,3.1863000000000001
19956,-5.1772999999999998,3.1863000000000001
19957,-5.1772999999999998,3.1863000000000001
19958,-5.1835000000000004,3.1863000000000001
19959,-5.1835000000000004,3.1863000000000001
19960,-5.1835000000000004,3.1863000000000001
19961,-5.1835000000000004,3.1863000000000001
19962,-5.1835000000000004,3.1863000000000001
19963,-5.1835000000000004,3.1863000000000001
19964,-5.1772999999999998,3.1863000000000001
19965,-5.1835000000000004,3.1863000000000001
19966,-5.1835000000000004,3.1863000000000001
19967,-5.1835000000000004,3.1863000000000001
19968,-5.1835000000000004,3.1863000000000001
19969,-5.1835000000000004,3.1863000000000001
19970,-5.1835000000000004,3.1863000000000001
19971,-5.1835000000000004,3.1863000000000001
19972,-5.1835000000000004,3.1863000000000001
19973,-5.1897000000000002,3.1863000000000001
19974,-5.1835000000000004,3.1863000000000001
19975,-5.1835000000000004,3.1863000000000001
19976,-5.1835000000000004,3.1863000000000001
19977,-5.1772999999999998,3.1863000000000001
19978,-5.1835000000000004,3.1863000000000001
19979,-5.1835000000000004,3.1863000000000001
19980,-12.7232,3.1715
19981,-13.907400000000001,3.1659000000000002
19982,-13.777200000000001,3.1659000000000002
19983,-14.8437,3.1602999999999999
19984,-14.738300000000001,3.1602999999999999
19985,-15.2219,3.1583999999999999
19986,-16.3752,3.1547000000000001
19987,-16.220199999999998,3.1509999999999998
19988,-16.741,3.1490999999999998
19989,-17.974900000000002,3.1454
19990,-17.8261,3.1454
19991,-19.134399999999999,3.1417000000000002
19992,-18.979399999999998,3.1398000000000001
19993,-8.5007000000000001,3.1621999999999999
19994,-8.3828999999999994,3.1640000000000001
19995,-8.3890999999999991,3.1640000000000001
19996,-8.3890999999999991,3.1659000000000002
19997,-8.3828999999999994,3.1659000000000002
19998,-8.3890999999999991,3.1659000000000002
19999,-8.3828999999999994,3.1659000000000002
20000,-8.3828999999999994,3.1677
20001,-8.3828999999999994,3.1677
20002,-8.3828999999999994,3.1677
20003,-8.3828999999999994,3.1677
20004,-8.3828999999999994,3.1677
20005,-8.3704999999999998,3.1677
20006,-8.3828999999999994,3.1677
20007,-8.3828999999999994,3.1677
20008,-8.3828999999999994,3.1677
20009,-8.3828999999999994,3.1677
20010,-8.3828999999999994,3.1677
20011,-8.3828999999999994,3.1677
20012,-8.3828999999999994,3.1677
20013,-8.3704999999999998,3.1677
20014,-8.3828999999999994,3.1677
20015,-8.3828999999999994,3.1677
20016,-8.3704999999999998,3.1677
20017,-8.3828999999999994,3.1677
20018,-8.3953000000000007,3.1677
20019,-8.3890999999999991,3.1677
20020,-8.3828999999999994,3.1677
20021,-8.3704999999999998,3.1677
20022,-8.3828999999999994,3.1677
20023,-8.3704999999999998,3.1677
20024,-8.3890999999999991,3.1677
20025,-8.4138999999999999,3.1677
20026,-8.4200999999999997,3.1677
20027,-8.4200999999999997,3.1677
20028,-8.4200999999999997,3.1677
20029,-8.4262999999999995,3.1677
20030,-8.4200999999999997,3.1677
20031,-8.4200999999999997,3.1677
20032,-8.4262999999999995,3.1677
20033,-8.4200999999999997,3.1677
20034,-8.4200999999999997,3.1677
20035,-8.4262999999999995,3.1659000000000002
20036,-8.4262999999999995,3.1677
20037,-8.4262999999999995,3.1677
20038,-8.4262999999999995,3.1659000000000002
20039,-8.4200999999999997,3.1659000000000002
20040,-8.4200999999999997,3.1677
20041,-8.4200999999999997,3.1659000000000002
20042,-8.4200999999999997,3.1659000000000002
20043,-14.738300000000001,3.1547000000000001
20044,-14.3415,3.1509999999999998
20045,-15.283899999999999,3.1490999999999998
20046,-14.818899999999999,3.1490999999999998
20047,-15.8048,3.1454
20048,-15.327299999999999,3.1454
20049,-16.3752,3.1436000000000002
20050,-16.660399999999999,3.1417000000000002
20051,-16.139600000000002,3.1417000000000002
20052,-17.237100000000002,3.1398000000000001
20053,-16.703800000000001,3.1379999999999999
20054,-17.819900000000001,3.1360999999999999
20055,-17.255700000000001,3.1360999999999999
20056,-18.421299999999999,3.1343000000000001
20057,-18.780999999999999,3.1324000000000001
20058,-18.136099999999999,3.1324000000000001
20059,-19.376200000000001,3.1305000000000001
20060,-18.774799999999999,3.1305000000000001
20061,-20.014800000000001,3.1286999999999998
20062,-19.425799999999999,3.1286999999999998
20063,-20.6907,3.125
20064,-21.0565,3.1231
20065,-20.430299999999999,3.125
20066,-21.769500000000001,3.1212
20067,-21.093699999999998,3.1212
20068,-22.495000000000001,3.1175000000000002
20069,-21.825299999999999,3.1194000000000002
20070,-23.207999999999998,3.1156000000000001
20071,-23.648299999999999,3.1137999999999999
20072,-22.941400000000002,3.1137999999999999
20073,-24.404699999999998,3.1118999999999999
20074,-23.685500000000001,3.1118999999999999
20075,-25.198399999999999,3.1082000000000001
20076,-24.4543,3.1082000000000001
20077,-26.047799999999999,3.1063000000000001
20078,-16.418600000000001,3.1231
20079,-16.338000000000001,3.125
20080,-16.331800000000001,3.125
20081,-16.331800000000001,3.1267999999999998
20082,-16.338000000000001,3.1267999999999998
20083,-16.338000000000001,3.1267999999999998
20084,-16.344200000000001,3.1267999999999998
20085,-16.338000000000001,3.1267999999999998
20086,-16.344200000000001,3.1267999999999998
20087,-16.331800000000001,3.1267999999999998
20088,-16.325600000000001,3.1267999999999998
20089,-16.331800000000001,3.1267999999999998
20090,-16.325600000000001,3.1267999999999998
20091,-16.331800000000001,3.1267999999999998
20092,-16.344200000000001,3.1267999999999998
20093,-16.338000000000001,3.1267999999999998
20094,-16.338000000000001,3.1267999999999998
20095,-16.344200000000001,3.1267999999999998
20096,-16.338000000000001,3.1267999999999998
20097,-16.331800000000001,3.1267999999999998
20098,-16.344200000000001,3.1267999999999998
20099,-16.338000000000001,3.1267999999999998
20100,-16.331800000000001,3.1267999999999998
20101,-16.338000000000001,3.1267999999999998
20102,-16.344200000000001,3.1267999999999998
20103,-16.338000000000001,3.1267999999999998
20104,-16.387599999999999,3.1267999999999998
20105,-16.3752,3.1267999999999998
20106,-16.3752,3.1267999999999998
20107,-16.381399999999999,3.1267999999999998
20108,-27.734300000000001,3.1025999999999998
20109,-28.373000000000001,3.0989
20110,-28.881399999999999,3.0952000000000002
20111,-29.451799999999999,3.0933000000000002
20112,-30.009899999999998,3.0914999999999999
20113,-30.555499999999999,3.0876999999999999
20114,-31.1693,3.0859000000000001
20115,-31.727399999999999,3.0840000000000001
20116,-32.322600000000001,3.0821999999999998
20117,-32.961300000000001,3.0802999999999998
20118,-33.568899999999999,3.0766
20119,-34.238500000000002,3.0747
20120,-34.889600000000002,3.0729000000000002
20121,-35.546799999999998,3.0710000000000002
20122,-36.272300000000001,3.0691000000000002
20123,-36.960500000000003,3.0653999999999999
20124,-37.686,3.0636000000000001
20125,-38.454799999999999,3.0617000000000001
20126,-39.192700000000002,3.0560999999999998
20127,-39.967700000000001,3.0543
20128,-24.770499999999998,3.0840000000000001
20129,-24.689900000000002,3.0859000000000001
20130,-24.689900000000002,3.0859000000000001
20131,-24.689900000000002,3.0876999999999999
20132,-24.677499999999998,3.0876999999999999
20133,-24.696100000000001,3.0876999999999999
20134,-24.677499999999998,3.0876999999999999
20135,-24.7271,3.0876999999999999
20136,-24.7271,3.0876999999999999
20137,-24.7395,3.0876999999999999
20138,2.8149000000000002,3.1417000000000002
20139,3.2551999999999999,3.1490999999999998
20140,3.5714000000000001,3.1566000000000001
20141,3.8069999999999999,3.1602999999999999
20142,4.0549999999999997,3.1640000000000001
20143,4.2782,3.1677
20144,4.4951999999999996,3.1696
20145,4.6501999999999999,3.1732999999999998
20146,4.8177000000000003,3.1751999999999998
20147,4.8982999999999999,3.177
20148,4.9417,3.1789000000000001
20149,4.9417,3.1808000000000001
20150,4.8982999999999999,3.1825999999999999
20151,4.8487,3.1825999999999999
20152,4.7743000000000002,3.1844999999999999
20153,4.6999000000000004,3.1863000000000001
20154,9.9763999999999999,3.1974999999999998
20155,9.9763999999999999,3.2012
20156,9.0091000000000001,3.2012
20157,8.8045000000000009,3.2031000000000001
20158,7.9302999999999999,3.2031000000000001
20159,7.6449999999999996,3.2031000000000001
20160,6.7645999999999997,3.2031000000000001
20161,6.4546000000000001,3.2031000000000001
20162,8.2093000000000007,3.2067999999999999
20163,7.0932000000000004,3.2048999999999999
20164,5.8841000000000001,3.2048999999999999
20165,4.7309000000000001,3.2031000000000001
20166,3.7326000000000001,3.2012
20167,2.7715000000000001,3.1974999999999998
20168,1.8043,3.1956000000000002
20169,0.40920000000000001,3.1919
20170,-0.73160000000000003,3.1901000000000002
20171,-1.4198,3.1882000000000001
20172,-0.65720000000000001,3.1901000000000002
20173,-0.65720000000000001,3.1901000000000002
20174,-0.65720000000000001,3.1901000000000002
20175,-0.66959999999999997,3.1882000000000001
20176,-0.65720000000000001,3.1882000000000001
20177,-0.65720000000000001,3.1901000000000002
20178,-0.65720000000000001,3.1901000000000002
20179,-0.66959999999999997,3.1901000000000002
20180,-0.65720000000000001,3.1901000000000002
20181,-0.65720000000000001,3.1901000000000002
20182,-0.65720000000000001,3.1901000000000002
20183,-0.65720000000000001,3.1901000000000002
20184,-0.65720000000000001,3.1901000000000002
20185,-0.65720000000000001,3.1901000000000002
20186,-0.65720000000000001,3.1901000000000002
20187,-0.65720000000000001,3.1901000000000002
20188,-0.65720000000000001,3.1901000000000002
20189,-0.65720000000000001,3.1901000000000002
20190,-0.65720000000000001,3.1901000000000002
20191,-0.080600000000000005,3.1919
20192,-0.65720000000000001,3.1901000000000002
20193,-0.66959999999999997,3.1901000000000002
20194,-0.65720000000000001,3.1901000000000002
20195,-0.65720000000000001,3.1901000000000002
20196,-0.65720000000000001,3.1901000000000002
20197,-0.65720000000000001,3.1901000000000002
20198,-0.66959999999999997,3.1919
20199,-0.65720000000000001,3.1901000000000002
20200,-0.65720000000000001,3.1919
20201,-0.65720000000000001,3.1919
20202,-0.65720000000000001,3.1919
20203,-0.65720000000000001,3.1919
20204,-2.7528999999999999,3.1882000000000001
20205,-4.1852,3.1844999999999999
20206,-5.7786999999999997,3.1808000000000001
20207,-7.2233999999999998,3.177
20208,-2.1453000000000002,3.1863000000000001
20209,-2.0585,3.1863000000000001
20210,-2.0647000000000002,3.1863000000000001
20211,-2.0585,3.1863000000000001
20212,-2.0585,3.1863000000000001
20213,-2.0585,3.1863000000000001
20214,-2.0585,3.1863000000000001
20215,-2.0647000000000002,3.1863000000000001
20216,-0.29759999999999998,3.1901000000000002
20217,-0.70679999999999998,3.1901000000000002
20218,-1.0602,3.1901000000000002
20219,-1.3515999999999999,3.1901000000000002
20220,-1.4632000000000001,3.1901000000000002
20221,-0.65720000000000001,3.1901000000000002
20222,-0.65720000000000001,3.1919
20223,-0.65720000000000001,3.1919
20224,-0.65720000000000001,3.1919
20225,-0.65720000000000001,3.1919
20226,-0.65720000000000001,3.1919
20227,-0.65720000000000001,3.1919
20228,-0.65720000000000001,3.1919
20229,-0.65720000000000001,3.1919
20230,-0.66959999999999997,3.1919
20231,-0.65720000000000001,3.1919
20232,-0.65720000000000001,3.1919
20233,-0.65720000000000001,3.1919
20234,-0.65720000000000001,3.1938
20235,-0.66959999999999997,3.1938
20236,-0.65720000000000001,3.1938
20237,-0.65720000000000001,3.1938
20238,-0.65720000000000001,3.1938
20239,-0.65720000000000001,3.1938
20240,-0.65720000000000001,3.1938
20241,-0.65720000000000001,3.1938
20242,-2.1019000000000001,3.1919
20243,-2.8334999999999999,3.1882000000000001
20244,-3.6705999999999999,3.1882000000000001
20245,-4.4951999999999996,3.1844999999999999
20246,-5.1835000000000004,3.1825999999999999
20247,-6.1010999999999997,3.1808000000000001
20248,-7.0250000000000004,3.177
20249,-7.7442000000000002,3.1751999999999998
20250,-8.8975000000000009,3.1732999999999998
20251,-9.9082000000000008,3.1696
20252,-10.5716,3.1659000000000002
20253,-11.8985,3.1621999999999999
20254,-3.5838000000000001,3.177
20255,-3.4722,3.1789000000000001
20256,-3.4598,3.1789000000000001
20257,-3.4660000000000002,3.1808000000000001
20258,-3.4660000000000002,3.1789000000000001
20259,-3.4660000000000002,3.1808000000000001
20260,-3.4660000000000002,3.1808000000000001
20261,-3.4598,3.1808000000000001
20262,-3.4660000000000002,3.1808000000000001
20263,-3.4722,3.1808000000000001
20264,-3.4660000000000002,3.1808000000000001
20265,-3.4660000000000002,3.1808000000000001
20266,-3.4660000000000002,3.1808000000000001
20267,-3.4660000000000002,3.1808000000000001
20268,-3.4722,3.1808000000000001
20269,-3.4660000000000002,3.1808000000000001
20270,-3.4598,3.1808000000000001
20271,-3.4722,3.1808000000000001
20272,-3.4660000000000002,3.1808000000000001
20273,-3.4660000000000002,3.1808000000000001
20274,-3.4722,3.1808000000000001
20275,-3.4660000000000002,3.1808000000000001
20276,-3.4722,3.1808000000000001
20277,-3.4660000000000002,3.1808000000000001
20278,1.3702000000000001,3.1901000000000002
20279,1.1718,3.1919
20280,0.93620000000000003,3.1919
20281,0.65100000000000002,3.1919
20282,0.40920000000000001,3.1919
20283,0.2046,3.1938
20284,-0.33479999999999999,3.1919
20285,-0.78739999999999999,3.1919
20286,-1.1097999999999999,3.1901000000000002
20287,-1.3453999999999999,3.1901000000000002
20288,-1.4694,3.1901000000000002
20289,-0.65720000000000001,3.1919
20290,-0.66959999999999997,3.1919
20291,-0.65720000000000001,3.1919
20292,-0.65720000000000001,3.1919
20293,-0.66959999999999997,3.1919
20294,-0.65720000000000001,3.1919
20295,-0.65720000000000001,3.1919
20296,-0.65720000000000001,3.1919
20297,-0.66959999999999997,3.1919
20298,-0.65720000000000001,3.1919
20299,-0.65720000000000001,3.1919
20300,-0.65720000000000001,3.1938
20301,-0.65720000000000001,3.1938
20302,-0.65720000000000001,3.1938
20303,-0.65720000000000001,3.1938
20304,-0.65720000000000001,3.1938
20305,-0.65720000000000001,3.1938
20306,-0.65720000000000001,3.1938
20307,-0.65720000000000001,3.1938
20308,-0.65720000000000001,3.1938
20309,-0.65720000000000001,3.1938
20310,-1.7795000000000001,3.1919
20311,-2.1453000000000002,3.1901000000000002
20312,-2.6227,3.1901000000000002
20313,-2.9761000000000002,3.1882000000000001
20314,-3.4226000000000001,3.1882000000000001
20315,-3.8565999999999998,3.1863000000000001
20316,-4.4207999999999998,3.1844999999999999
20317,-4.7309000000000001,3.1844999999999999
20318,-5.1772999999999998,3.1825999999999999
20319,-5.6981000000000002,3.1808000000000001
20320,-6.4173999999999998,3.1789000000000001
20321,-7.5457999999999998,3.1751999999999998
20322,-6.4917999999999996,3.177
20323,-7.7751999999999999,3.1732999999999998
20324,-8.2960999999999991,3.1715
20325,-9.2199000000000009,3.1696
20326,-9.4431999999999992,3.1677
20327,-9.9329999999999998,3.1659000000000002
20328,-10.466200000000001,3.1640000000000001
20329,-11.414899999999999,3.1602999999999999
20330,-11.5389,3.1583999999999999
20331,-12.1031,3.1566000000000001
20332,-12.6488,3.1547000000000001
20333,-13.74,3.1490999999999998
20334,-13.8268,3.1473
20335,-14.453099999999999,3.1454
20336,-5.2579000000000002,3.1640000000000001
20337,-5.1401000000000003,3.1659000000000002
20338,-5.1401000000000003,3.1677
20339,-5.1401000000000003,3.1677
20340,-5.1401000000000003,3.1677
20341,-5.1463000000000001,3.1696
20342,-5.1463000000000001,3.1696
20343,-5.1401000000000003,3.1696
20344,-5.1401000000000003,3.1696
20345,-5.1401000000000003,3.1696
20346,-5.1401000000000003,3.1696
20347,-5.1338999999999997,3.1696
20348,0.96719999999999995,3.1825999999999999
20349,0.96719999999999995,3.1844999999999999
20350,0.65720000000000001,3.1844999999999999
20351,0.77500000000000002,3.1863000000000001
20352,0.65720000000000001,3.1863000000000001
20353,0.372,3.1863000000000001
20354,0.4526,3.1882000000000001
20355,0.3286,3.1882000000000001
20356,-3.6272000000000002,3.1808000000000001
20357,-3.7016,3.1808000000000001
20358,-3.6953999999999998,3.1808000000000001
20359,-3.7016,3.1789000000000001
20360,-3.6953999999999998,3.1789000000000001
20361,-3.6953999999999998,3.1789000000000001
20362,-3.7016,3.1789000000000001
20363,-3.7016,3.1789000000000001
20364,-3.7016,3.1789000000000001
20365,-3.7016,3.1789000000000001
20366,-3.7016,3.1789000000000001
20367,-3.7016,3.1789000000000001
20368,-3.7016,3.1789000000000001
20369,1.6927000000000001,3.1901000000000002
20370,1.5004,3.1901000000000002
20371,1.333,3.1919
20372,0.93620000000000003,3.1919
20373,0.65100000000000002,3.1919
20374,0.40920000000000001,3.1919
20375,0.13020000000000001,3.1919
20376,-0.34100000000000003,3.1919
20377,-0.74399999999999999,3.1901000000000002
20378,-1.1035999999999999,3.1901000000000002
20379,-1.3453999999999999,3.1882000000000001
20380,-1.4632000000000001,3.1882000000000001
20381,-0.65720000000000001,3.1901000000000002
20382,-0.65720000000000001,3.1901000000000002
20383,-0.65720000000000001,3.1901000000000002
20384,-0.65720000000000001,3.1901000000000002
20385,-0.65720000000000001,3.1901000000000002
20386,-0.65720000000000001,3.1901000000000002
20387,-0.65720000000000001,3.1919
20388,-0.65720000000000001,3.1919
20389,-0.65720000000000001,3.1919
20390,-0.65720000000000001,3.1919
20391,-0.65720000000000001,3.1919
20392,-0.65720000000000001,3.1919
20393,-0.65720000000000001,3.1919
20394,-0.65720000000000001,3.1919
20395,-0.65720000000000001,3.1919
20396,-0.65720000000000001,3.1919
20397,-0.65720000000000001,3.1919
20398,-0.65720000000000001,3.1919
20399,-0.65720000000000001,3.1919
20400,-2.7467000000000001,3.1882000000000001
20401,-4.1852,3.1863000000000001
20402,-5.8220999999999998,3.1808000000000001
20403,-7.2172000000000001,3.177
20404,-2.1825000000000001,3.1863000000000001
20405,-2.0585,3.1863000000000001
20406,-2.0585,3.1863000000000001
20407,-2.0585,3.1863000000000001
20408,-2.0585,3.1882000000000001
20409,-2.0585,3.1882000000000001
20410,-2.0647000000000002,3.1882000000000001
20411,-2.0585,3.1882000000000001
20412,-0.30380000000000001,3.1919
20413,-0.70679999999999998,3.1901000000000002
20414,-1.0664,3.1901000000000002
20415,-1.3453999999999999,3.1901000000000002
20416,-1.4632000000000001,3.1901000000000002
20417,-0.65720000000000001,3.1919
20418,-0.65720000000000001,3.1919
20419,-0.66959999999999997,3.1919
20420,-0.65720000000000001,3.1919
20421,-0.65720000000000001,3.1919
20422,-0.65720000000000001,3.1919
20423,-0.65720000000000001,3.1919
20424,-0.65720000000000001,3.1919
20425,-0.65720000000000001,3.1919
20426,-0.65720000000000001,3.1938
20427,-0.65720000000000001,3.1938
20428,-0.65720000000000001,3.1938
20429,-0.65720000000000001,3.1938
20430,-0.65720000000000001,3.1938
20431,-0.65720000000000001,3.1938
20432,-0.65720000000000001,3.1938
20433,-0.65720000000000001,3.1938
20434,-0.65720000000000001,3.1938
20435,-0.65720000000000001,3.1938
20436,-0.65720000000000001,3.1938
20437,-0.65720000000000001,3.1938
20438,-2.1019000000000001,3.1919
20439,-2.8273000000000001,3.1901000000000002
20440,-3.6581999999999999,3.1882000000000001
20441,-4.5014000000000003,3.1844999999999999
20442,-5.1835000000000004,3.1825999999999999
20443,-6.1444999999999999,3.1808000000000001
20444,-7.0125999999999999,3.177
20445,-7.7504,3.1751999999999998
20446,-8.9408999999999992,3.1715
20447,-9.9391999999999996,3.1677
20448,-10.5716,3.1659000000000002
20449,-11.8985,3.1621999999999999
20450,-3.5775999999999999,3.1751999999999998
20451,-3.4660000000000002,3.177
20452,-3.4660000000000002,3.1789000000000001
20453,-3.4660000000000002,3.1789000000000001
20454,-3.4660000000000002,3.1789000000000001
20455,-3.4660000000000002,3.1789000000000001
20456,-3.4660000000000002,3.1808000000000001
20457,-3.4660000000000002,3.1789000000000001
20458,-3.4660000000000002,3.1789000000000001
20459,-3.4722,3.1789000000000001
20460,-3.4660000000000002,3.1789000000000001
20461,-3.4660000000000002,3.1808000000000001
20462,-3.4598,3.1808000000000001
20463,-3.4660000000000002,3.1808000000000001
20464,-3.4660000000000002,3.1808000000000001
20465,-3.4722,3.1808000000000001
20466,-3.4660000000000002,3.1808000000000001
20467,-3.4722,3.1808000000000001
20468,-3.4722,3.1808000000000001
20469,-3.4660000000000002,3.1808000000000001
20470,-3.4660000000000002,3.1808000000000001
20471,-3.4660000000000002,3.1808000000000001
20472,-3.4598,3.1808000000000001
20473,-3.4660000000000002,3.1808000000000001
20474,1.3702000000000001,3.1901000000000002
20475,1.2152000000000001,3.1919
20476,0.93620000000000003,3.1901000000000002
20477,0.65720000000000001,3.1919
20478,0.40920000000000001,3.1919
20479,0.2046,3.1919
20480,-0.34100000000000003,3.1919
20481,-0.78739999999999999,3.1901000000000002
20482,-1.1097999999999999,3.1901000000000002
20483,-1.3453999999999999,3.1901000000000002
20484,-1.4694,3.1882000000000001
20485,-0.65720000000000001,3.1901000000000002
20486,-0.65720000000000001,3.1901000000000002
20487,-0.65720000000000001,3.1919
20488,-0.65720000000000001,3.1901000000000002
20489,-0.65720000000000001,3.1919
20490,-0.65720000000000001,3.1919
20491,-0.65720000000000001,3.1919
20492,-0.65720000000000001,3.1919
20493,-0.66959999999999997,3.1919
20494,-0.65720000000000001,3.1919
20495,-0.66959999999999997,3.1919
20496,-0.65720000000000001,3.1919
20497,-0.66959999999999997,3.1919
20498,-0.65720000000000001,3.1919
20499,-0.66959999999999997,3.1919
20500,-0.65720000000000001,3.1919
20501,-0.65720000000000001,3.1919
20502,-0.65720000000000001,3.1919
20503,-0.65720000000000001,3.1919
20504,-0.65720000000000001,3.1938
20505,-0.65720000000000001,3.1919
20506,-1.7795000000000001,3.1901000000000002
20507,-2.1453000000000002,3.1901000000000002
20508,-2.6164999999999998,3.1882000000000001
20509,-2.9823,3.1882000000000001
20510,-3.4226000000000001,3.1863000000000001
20511,-3.8628,3.1844999999999999
20512,-4.4580000000000002,3.1825999999999999
20513,-4.7309000000000001,3.1825999999999999
20514,-5.2206999999999999,3.1808000000000001
20515,-5.7042999999999999,3.1789000000000001
20516,-6.4669999999999996,3.177
20517,-7.5334000000000003,3.1732999999999998
20518,-6.5414000000000003,3.1751999999999998
20519,-7.7751999999999999,3.1715
20520,-8.3394999999999992,3.1696
20521,-9.2261000000000006,3.1677
20522,-9.4618000000000002,3.1659000000000002
20523,-9.9391999999999996,3.1640000000000001
20524,-10.460000000000001,3.1602999999999999
20525,-11.427300000000001,3.1583999999999999
20526,-11.5761,3.1566000000000001
20527,-12.0969,3.1547000000000001
20528,-12.667400000000001,3.1509999999999998
20529,-13.7462,3.1473
20530,-13.857799999999999,3.1454
20531,-14.459300000000001,3.1436000000000002
20532,-5.2579000000000002,3.1621999999999999
20533,-5.1338999999999997,3.1640000000000001
20534,-5.1401000000000003,3.1659000000000002
20535,-5.1401000000000003,3.1659000000000002
20536,-5.1401000000000003,3.1659000000000002
20537,-5.1401000000000003,3.1659000000000002
20538,-5.1401000000000003,3.1659000000000002
20539,-5.1401000000000003,3.1677
20540,-5.1338999999999997,3.1677
20541,-5.1338999999999997,3.1677
20542,-5.1401000000000003,3.1677
20543,-5.1401000000000003,3.1677
20544,0.97340000000000004,3.1808000000000001
20545,1.0105999999999999,3.1825999999999999
20546,0.65100000000000002,3.1825999999999999
20547,0.76880000000000004,3.1844999999999999
20548,0.65720000000000001,3.1863000000000001
20549,0.372,3.1863000000000001
20550,0.4526,3.1863000000000001
20551,0.3286,3.1863000000000001
20552,-3.6334,3.1789000000000001
20553,-3.7016,3.1789000000000001
20554,-3.7016,3.177
20555,-3.6953999999999998,3.177
20556,-3.7078000000000002,3.177
20557,-3.6953999999999998,3.177
20558,-3.6953999999999998,3.177
20559,-3.7016,3.177
20560,-3.7016,3.177
20561,-3.6953999999999998,3.177
20562,-3.7016,3.177
20563,-3.7016,3.177
20564,-3.6953999999999998,3.177
20565,1.6865000000000001,3.1863000000000001
20566,1.5004,3.1882000000000001
20567,1.333,3.1901000000000002
20568,0.93000000000000005,3.1901000000000002
20569,0.65720000000000001,3.1901000000000002
20570,0.40920000000000001,3.1901000000000002
20571,0.13020000000000001,3.1901000000000002
20572,-0.34100000000000003,3.1882000000000001
20573,-0.74399999999999999,3.1882000000000001
20574,-1.1035999999999999,3.1882000000000001
20575,-1.3453999999999999,3.1863000000000001
20576,-1.4694,3.1863000000000001
20577,-0.65720000000000001,3.1882000000000001
20578,-0.66959999999999997,3.1882000000000001
20579,-0.65720000000000001,3.1882000000000001
20580,-0.65720000000000001,3.1882000000000001
20581,-0.65720000000000001,3.1882000000000001
20582,-0.65720000000000001,3.1882000000000001
20583,-0.65720000000000001,3.1901000000000002
20584,-0.65720000000000001,3.1882000000000001
20585,-0.65720000000000001,3.1901000000000002
20586,-0.65720000000000001,3.1901000000000002
20587,-0.65720000000000001,3.1901000000000002
20588,-0.65720000000000001,3.1901000000000002
20589,-0.65720000000000001,3.1901000000000002
20590,-0.65720000000000001,3.1901000000000002
20591,-0.65720000000000001,3.1901000000000002
20592,-0.65720000000000001,3.1901000000000002
20593,-0.65720000000000001,3.1901000000000002
20594,-0.65720000000000001,3.1901000000000002
20595,-0.65720000000000001,3.1901000000000002
20596,-2.7467000000000001,3.1863000000000001
20597,-4.1852,3.1825999999999999
20598,-5.8159000000000001,3.1789000000000001
20599,-7.2172000000000001,3.1751999999999998
20600,-2.1886999999999999,3.1844999999999999
20601,-2.1080999999999999,3.1844999999999999
20602,-2.1019000000000001,3.1844999999999999
20603,-2.1019000000000001,3.1844999999999999
20604,-2.1019000000000001,3.1844999999999999
20605,-2.1019000000000001,3.1844999999999999
20606,-2.1019000000000001,3.1844999999999999
20607,-2.1019000000000001,3.1844999999999999
20608,-0.29759999999999998,3.1882000000000001
20609,-0.70679999999999998,3.1882000000000001
20610,-1.0664,3.1882000000000001
20611,-1.3453999999999999,3.1882000000000001
20612,-1.4632000000000001,3.1863000000000001
20613,-0.65100000000000002,3.1901000000000002
20614,-0.65100000000000002,3.1901000000000002
20615,-0.65720000000000001,3.1901000000000002
20616,-0.65720000000000001,3.1901000000000002
20617,-0.65720000000000001,3.1901000000000002
20618,-0.65720000000000001,3.1901000000000002
20619,-0.65720000000000001,3.1901000000000002
20620,-0.65720000000000001,3.1901000000000002
20621,-0.65720000000000001,3.1901000000000002
20622,-0.65720000000000001,3.1901000000000002
20623,-0.65720000000000001,3.1901000000000002
20624,-0.65720000000000001,3.1901000000000002
20625,-0.65720000000000001,3.1901000000000002
20626,-0.65720000000000001,3.1901000000000002
20627,-0.65720000000000001,3.1901000000000002
20628,-0.65720000000000001,3.1901000000000002
20629,-0.65720000000000001,3.1919
20630,-0.65720000000000001,3.1919
20631,-0.65720000000000001,3.1919
20632,-0.65720000000000001,3.1919
20633,-0.65720000000000001,3.1919
20634,-2.1019000000000001,3.1882000000000001
20635,-2.8334999999999999,3.1882000000000001
20636,-3.6705999999999999,3.1844999999999999
20637,-4.5014000000000003,3.1825999999999999
20638,-5.1772999999999998,3.1808000000000001
20639,-6.1383000000000001,3.177
20640,-7.0621999999999998,3.1751999999999998
20641,-7.7813999999999997,3.1715
20642,-8.9408999999999992,3.1696
20643,-9.9329999999999998,3.1659000000000002
20644,-10.615,3.1621999999999999
20645,-11.929500000000001,3.1583999999999999
20646,-3.5838000000000001,3.1732999999999998
20647,-3.5032000000000001,3.1751999999999998
20648,-3.4969999999999999,3.1751999999999998
20649,-3.5032000000000001,3.1751999999999998
20650,-3.5032000000000001,3.177
20651,-3.5032000000000001,3.177
20652,-3.5032000000000001,3.177
20653,-3.4969999999999999,3.177
20654,-3.5093999999999999,3.177
20655,-3.4969999999999999,3.177
20656,-3.5032000000000001,3.177
20657,-3.5032000000000001,3.177
20658,-3.5032000000000001,3.177
20659,-3.5032000000000001,3.177
20660,-3.5032000000000001,3.177
20661,-3.5032000000000001,3.177
20662,-3.5032000000000001,3.177
20663,-3.5032000000000001,3.177
20664,-3.4969999999999999,3.177
20665,-3.5032000000000001,3.177
20666,-3.5032000000000001,3.177
20667,-3.5032000000000001,3.177
20668,-3.5032000000000001,3.177
20669,-3.4969999999999999,3.177
20670,1.3702000000000001,3.1863000000000001
20671,1.2152000000000001,3.1882000000000001
20672,0.93000000000000005,3.1882000000000001
20673,0.65100000000000002,3.1882000000000001
20674,0.40920000000000001,3.1882000000000001
20675,0.2046,3.1882000000000001
20676,-0.33479999999999999,3.1882000000000001
20677,-0.78739999999999999,3.1863000000000001
20678,-1.1097999999999999,3.1863000000000001
20679,-1.3453999999999999,3.1863000000000001
20680,-1.4694,3.1863000000000001
20681,-0.65720000000000001,3.1882000000000001
20682,-0.65720000000000001,3.1882000000000001
20683,-0.66959999999999997,3.1882000000000001
20684,-0.66959999999999997,3.1882000000000001
20685,-0.65720000000000001,3.1882000000000001
20686,-0.65720000000000001,3.1882000000000001
20687,-0.65720000000000001,3.1882000000000001
20688,-0.65720000000000001,3.1882000000000001
20689,-0.65720000000000001,3.1882000000000001
20690,-0.65720000000000001,3.1882000000000001
20691,-0.66959999999999997,3.1882000000000001
20692,-0.65720000000000001,3.1901000000000002
20693,-0.65720000000000001,3.1901000000000002
20694,-0.65720000000000001,3.1901000000000002
20695,-0.65720000000000001,3.1901000000000002
20696,-0.65720000000000001,3.1901000000000002
20697,-0.66959999999999997,3.1901000000000002
20698,-0.66959999999999997,3.1901000000000002
20699,-0.65720000000000001,3.1901000000000002
20700,-0.65720000000000001,3.1901000000000002
20701,-0.65720000000000001,3.1901000000000002
20702,-1.7857000000000001,3.1882000000000001
20703,-2.1453000000000002,3.1863000000000001
20704,-2.6227,3.1863000000000001
20705,-2.9823,3.1844999999999999
20706,-3.4163999999999999,3.1844999999999999
20707,-3.8628,3.1825999999999999
20708,-4.4641999999999999,3.1808000000000001
20709,-4.7432999999999996,3.1789000000000001
20710,-5.2206999999999999,3.177
20711,-5.6981000000000002,3.177
20712,-6.4607999999999999,3.1732999999999998
20713,-7.5396000000000001,3.1696
20714,-6.5414000000000003,3.1715
20715,-7.7751999999999999,3.1677
20716,-8.3519000000000005,3.1659000000000002
20717,-9.2199000000000009,3.1640000000000001
20718,-9.4618000000000002,3.1621999999999999
20719,-9.9825999999999997,3.1602999999999999
20720,-10.497199999999999,3.1583999999999999
20721,-11.4521,3.1547000000000001
20722,-11.5823,3.1509999999999998
20723,-12.1403,3.1490999999999998
20724,-12.6922,3.1473
20725,-13.771000000000001,3.1436000000000002
20726,-13.901199999999999,3.1417000000000002
20727,-14.502700000000001,3.1398000000000001
20728,-5.2579000000000002,3.1583999999999999
20729,-5.1835000000000004,3.1602999999999999
20730,-5.1835000000000004,3.1602999999999999
20731,-5.1772999999999998,3.1621999999999999
20732,-5.1772999999999998,3.1621999999999999
20733,-5.1835000000000004,3.1621999999999999
20734,-5.1835000000000004,3.1621999999999999
20735,-5.1835000000000004,3.1621999999999999
20736,-5.1835000000000004,3.1640000000000001
20737,-5.1835000000000004,3.1640000000000001
20738,-5.1772999999999998,3.1640000000000001
20739,-5.1772999999999998,3.1640000000000001
20740,0.97340000000000004,3.177
20741,1.0105999999999999,3.1789000000000001
20742,0.65100000000000002,3.1789000000000001
20743,0.77500000000000002,3.1808000000000001
20744,0.65100000000000002,3.1808000000000001
20745,0.372,3.1825999999999999
20746,0.4526,3.1825999999999999
20747,0.3286,3.1825999999999999
20748,-3.6272000000000002,3.1751999999999998
20749,-3.7016,3.1751999999999998
20750,-3.7016,3.1751999999999998
20751,-3.7016,3.1732999999999998
20752,-3.7016,3.1732999999999998
20753,-3.7016,3.1732999999999998
20754,-3.6953999999999998,3.1732999999999998
20755,-3.6953999999999998,3.1732999999999998
20756,-3.6953999999999998,3.1732999999999998
20757,-3.7078000000000002,3.1732999999999998
20758,-3.7016,3.1732999999999998
20759,-3.7016,3.1732999999999998
20760,-3.6953999999999998,3.1732999999999998
20761,1.6927000000000001,3.1844999999999999
20762,1.4942,3.1844999999999999
20763,1.333,3.1863000000000001
20764,0.93620000000000003,3.1863000000000001
20765,0.65100000000000002,3.1863000000000001
20766,0.40920000000000001,3.1863000000000001
20767,0.13020000000000001,3.1863000000000001
20768,-0.34100000000000003,3.1844999999999999
20769,-0.74399999999999999,3.1844999999999999
20770,-1.1097999999999999,3.1844999999999999
20771,-1.3453999999999999,3.1825999999999999
20772,-1.4632000000000001,3.1825999999999999
20773,-0.65720000000000001,3.1844999999999999
20774,-0.66959999999999997,3.1844999999999999
20775,-0.65720000000000001,3.1844999999999999
20776,-0.66959999999999997,3.1844999999999999
20777,-0.65720000000000001,3.1844999999999999
20778,-0.65720000000000001,3.1863000000000001
20779,-0.65720000000000001,3.1844999999999999
20780,-0.65720000000000001,3.1863000000000001
20781,-0.65720000000000001,3.1863000000000001
20782,-0.65720000000000001,3.1863000000000001
20783,-0.65720000000000001,3.1863000000000001
20784,-0.65720000000000001,3.1863000000000001
20785,-0.65720000000000001,3.1863000000000001
20786,-0.65720000000000001,3.1863000000000001
20787,-0.65720000000000001,3.1863000000000001
20788,-0.65720000000000001,3.1863000000000001
20789,-0.66959999999999997,3.1863000000000001
20790,-0.65720000000000001,3.1863000000000001
20791,-0.65720000000000001,3.1863000000000001
20792,-2.7404999999999999,3.1825999999999999
20793,-4.1790000000000003,3.1789000000000001
20794,-5.8220999999999998,3.1751999999999998
20795,-7.2729999999999997,3.1715
20796,-2.1825000000000001,3.1808000000000001
20797,-2.1019000000000001,3.1808000000000001
20798,-2.1080999999999999,3.1808000000000001
20799,-2.1019000000000001,3.1808000000000001
20800,-2.1019000000000001,3.1808000000000001
20801,-2.1019000000000001,3.1808000000000001
20802,-2.1019000000000001,3.1808000000000001
20803,-2.1019000000000001,3.1808000000000001
20804,-0.30380000000000001,3.1844999999999999
20805,-0.70679999999999998,3.1844999999999999
20806,-1.0664,3.1844999999999999
20807,-1.3453999999999999,3.1844999999999999
20808,-1.4694,3.1825999999999999
20809,-0.65720000000000001,3.1844999999999999
20810,-0.65720000000000001,3.1863000000000001
20811,-0.65720000000000001,3.1863000000000001
20812,-0.65720000000000001,3.1863000000000001
20813,-0.65720000000000001,3.1863000000000001
20814,-0.65720000000000001,3.1863000000000001
20815,-0.65720000000000001,3.1863000000000001
20816,-0.65720000000000001,3.1863000000000001
20817,-0.65720000000000001,3.1863000000000001
20818,-0.65720000000000001,3.1863000000000001
20819,-0.65720000000000001,3.1882000000000001
20820,-0.65720000000000001,3.1863000000000001
20821,-0.66959999999999997,3.1863000000000001
20822,-0.65720000000000001,3.1882000000000001
20823,-0.66959999999999997,3.1882000000000001
20824,-0.65720000000000001,3.1882000000000001
20825,-0.65720000000000001,3.1882000000000001
20826,-0.65720000000000001,3.1882000000000001
20827,-0.65720000000000001,3.1882000000000001
20828,-0.65720000000000001,3.1882000000000001
20829,-0.65720000000000001,3.1882000000000001
20830,-2.1453000000000002,3.1844999999999999
20831,-2.8334999999999999,3.1825999999999999
20832,-3.6953999999999998,3.1808000000000001
20833,-4.5014000000000003,3.1789000000000001
20834,-5.1772999999999998,3.177
20835,-6.1444999999999999,3.1732999999999998
20836,-7.056,3.1715
20837,-7.7813999999999997,3.1677
20838,-8.9533000000000005,3.1640000000000001
20839,-9.9391999999999996,3.1621999999999999
20840,-10.6274,3.1583999999999999
20841,-11.923299999999999,3.1547000000000001
20842,-3.6272000000000002,3.1696
20843,-3.5032000000000001,3.1696
20844,-3.5032000000000001,3.1715
20845,-3.5032000000000001,3.1715
20846,-3.4969999999999999,3.1732999999999998
20847,-3.5032000000000001,3.1732999999999998
20848,-3.5032000000000001,3.1732999999999998
20849,-3.5093999999999999,3.1732999999999998
20850,-3.5032000000000001,3.1732999999999998
20851,-3.5032000000000001,3.1732999999999998
20852,-3.4969999999999999,3.1732999999999998
20853,-3.5032000000000001,3.1732999999999998
20854,-3.5032000000000001,3.1732999999999998
20855,-3.5032000000000001,3.1732999999999998
20856,-3.4969999999999999,3.1732999999999998
20857,-3.5032000000000001,3.1732999999999998
20858,-3.5032000000000001,3.1732999999999998
20859,-3.4969999999999999,3.1732999999999998
20860,-3.5032000000000001,3.1732999999999998
20861,-3.5032000000000001,3.1732999999999998
20862,-3.5032000000000001,3.1732999999999998
20863,-3.4969999999999999,3.1732999999999998
20864,-3.4969999999999999,3.1732999999999998
20865,-3.5032000000000001,3.1732999999999998
20866,1.3702000000000001,3.1825999999999999
20867,1.2028000000000001,3.1844999999999999
20868,0.93620000000000003,3.1844999999999999
20869,0.65720000000000001,3.1844999999999999
20870,0.40920000000000001,3.1844999999999999
20871,0.2046,3.1844999999999999
20872,-0.33479999999999999,3.1844999999999999
20873,-0.78120000000000001,3.1844999999999999
20874,-1.1035999999999999,3.1825999999999999
20875,-1.3453999999999999,3.1825999999999999
20876,-1.4632000000000001,3.1825999999999999
20877,-0.65720000000000001,3.1844999999999999
20878,-0.66959999999999997,3.1844999999999999
20879,-0.65720000000000001,3.1844999999999999
20880,-0.65720000000000001,3.1844999999999999
20881,-0.65720000000000001,3.1844999999999999
20882,-0.65720000000000001,3.1844999999999999
20883,-0.65720000000000001,3.1844999999999999
20884,-0.65720000000000001,3.1844999999999999
20885,-0.65720000000000001,3.1844999999999999
20886,-0.65720000000000001,3.1844999999999999
20887,-0.65720000000000001,3.1844999999999999
20888,-0.65720000000000001,3.1844999999999999
20889,-0.65720000000000001,3.1844999999999999
20890,-0.65720000000000001,3.1863000000000001
20891,-0.66959999999999997,3.1863000000000001
20892,-0.66959999999999997,3.1863000000000001
20893,-0.65720000000000001,3.1863000000000001
20894,-0.65720000000000001,3.1863000000000001
20895,-0.65720000000000001,3.1863000000000001
20896,-0.66959999999999997,3.1863000000000001
20897,-0.65720000000000001,3.1863000000000001
20898,-1.7857000000000001,3.1844999999999999
20899,-2.1453000000000002,3.1825999999999999
20900,-2.6227,3.1808000000000001
20901,-3.0257000000000001,3.1808000000000001
20902,-3.4226000000000001,3.1789000000000001
20903,-3.8565999999999998,3.1789000000000001
20904,-4.4641999999999999,3.177
20905,-4.7866999999999997,3.1751999999999998
20906,-5.2268999999999997,3.1732999999999998
20907,-5.7415000000000003,3.1715
20908,-6.4669999999999996,3.1696
20909,-7.5768000000000004,3.1659000000000002
20910,-6.5476000000000001,3.1677
20911,-7.8311000000000002,3.1640000000000001
20912,-8.3394999999999992,3.1621999999999999
20913,-9.2632999999999992,3.1583999999999999
20914,-9.5052000000000003,3.1583999999999999
20915,-9.9825999999999997,3.1547000000000001
20916,-10.497199999999999,3.1509999999999998
20917,-11.464499999999999,3.1490999999999998
20918,-11.6195,3.1473
20919,-12.1403,3.1454
20920,-12.698399999999999,3.1417000000000002
20921,-13.8268,3.1379999999999999
20922,-13.901199999999999,3.1360999999999999
20923,-14.4903,3.1343000000000001
20924,-5.2641,3.1509999999999998
20925,-5.1835000000000004,3.1547000000000001
20926,-5.1772999999999998,3.1566000000000001
20927,-5.1897000000000002,3.1583999999999999
20928,-5.1835000000000004,3.1583999999999999
20929,-5.1835000000000004,3.1583999999999999
20930,-5.1835000000000004,3.1583999999999999
20931,-5.1835000000000004,3.1583999999999999
20932,-5.1835000000000004,3.1583999999999999
20933,-5.1835000000000004,3.1583999999999999
20934,-5.1835000000000004,3.1602999999999999
20935,-5.1835000000000004,3.1583999999999999
20936,0.96719999999999995,3.1715
20937,1.0105999999999999,3.1732999999999998
20938,0.65720000000000001,3.1751999999999998
20939,0.77500000000000002,3.177
20940,0.65100000000000002,3.177
20941,0.37819999999999998,3.177
20942,0.44640000000000002,3.1789000000000001
20943,0.33479999999999999,3.1789000000000001
20944,-3.6272000000000002,3.1715
20945,-3.7016,3.1715
20946,-3.7016,3.1696
20947,-3.6953999999999998,3.1696
20948,-3.7016,3.1696
20949,-3.6892,3.1696
20950,-3.7016,3.1696
20951,-3.7016,3.1696
20952,-3.7016,3.1677
20953,-3.7016,3.1677
20954,-3.7016,3.1677
20955,-3.6953999999999998,3.1677
20956,-3.7016,3.1677
20957,1.6865000000000001,3.1789000000000001
20958,1.5004,3.1808000000000001
20959,1.333,3.1808000000000001
20960,0.93620000000000003,3.1808000000000001
20961,0.65100000000000002,3.1808000000000001
20962,0.40920000000000001,3.1808000000000001
20963,0.13020000000000001,3.1808000000000001
20964,-0.34100000000000003,3.1808000000000001
20965,-0.74399999999999999,3.1808000000000001
20966,-1.1035999999999999,3.1789000000000001
20967,-1.3453999999999999,3.1789000000000001
20968,-1.4632000000000001,3.1789000000000001
20969,-0.66959999999999997,3.1808000000000001
20970,-0.65720000000000001,3.1808000000000001
20971,-0.65720000000000001,3.1808000000000001
20972,-0.65720000000000001,3.1808000000000001
20973,-0.66959999999999997,3.1808000000000001
20974,-0.65720000000000001,3.1808000000000001
20975,-0.65720000000000001,3.1808000000000001
20976,-0.66959999999999997,3.1808000000000001
20977,-0.65720000000000001,3.1825999999999999
20978,-0.65720000000000001,3.1825999999999999
20979,-0.65720000000000001,3.1825999999999999
20980,-0.65720000000000001,3.1825999999999999
20981,-0.65720000000000001,3.1825999999999999
20982,-0.65720000000000001,3.1825999999999999
20983,-0.65720000000000001,3.1825999999999999
20984,-0.65720000000000001,3.1825999999999999
20985,-0.66959999999999997,3.1825999999999999
20986,-0.65720000000000001,3.1825999999999999
20987,-0.65720000000000001,3.1825999999999999
20988,-0.65720000000000001,3.1825999999999999
20989,-0.65720000000000001,3.1825999999999999
20990,-0.65720000000000001,3.1825999999999999
20991,-0.65720000000000001,3.1825999999999999
20992,-0.65720000000000001,3.1825999999999999
20993,-0.65720000000000001,3.1825999999999999
20994,-0.65720000000000001,3.1825999999999999
20995,-0.65720000000000001,3.1825999999999999
20996,-0.65720000000000001,3.1825999999999999
20997,-2.3127,3.1808000000000001
20998,-3.2614000000000001,3.177
20999,-4.2657999999999996,3.1751999999999998
21000,-5.2641,3.1715
21001,-6.2561999999999998,3.1696
21002,-2.1453000000000002,3.177
21003,-2.1019000000000001,3.177
21004,-5.6670999999999996,3.1696
21005,-6.3864000000000001,3.1677
21006,-7.2544000000000004,3.1640000000000001
21007,-7.7504,3.1621999999999999
21008,-8.4200999999999997,3.1602999999999999
21009,-9.1021000000000001,3.1583999999999999
21010,-10.143800000000001,3.1547000000000001
21011,-10.5716,3.1490999999999998
21012,-11.2165,3.1473
21013,-3.8317999999999999,3.1621999999999999
21014,-3.7450000000000001,3.1640000000000001
21015,-10.5406,3.1490999999999998
21016,-11.1297,3.1473
21017,-11.2599,3.1454
21018,-12.2209,3.1417000000000002
21019,-12.779,3.1379999999999999
21020,-13.3432,3.1360999999999999
21021,-13.3804,3.1360999999999999
21022,-14.496499999999999,3.1305000000000001
21023,-5.3013000000000003,3.1490999999999998
21024,-5.1835000000000004,3.1509999999999998
21025,-12.6922,3.1360999999999999
21026,-13.857799999999999,3.1324000000000001
21027,-13.7462,3.1305000000000001
21028,-14.831300000000001,3.1267999999999998
21029,-14.688700000000001,3.1267999999999998
21030,-15.1785,3.125
21031,-16.338000000000001,3.1212
21032,-16.1706,3.1194000000000002
21033,-16.691400000000002,3.1175000000000002
21034,-17.9377,3.1137999999999999
21035,-17.764099999999999,3.1137999999999999
21036,-19.091000000000001,3.1101000000000001
21037,-18.954599999999999,3.1082000000000001
21038,-8.4573,3.1286999999999998
21039,-8.3704999999999998,3.1305000000000001
21040,-8.3704999999999998,3.1324000000000001
21041,-8.3890999999999991,3.1324000000000001
21042,-8.3828999999999994,3.1343000000000001
21043,-8.3704999999999998,3.1343000000000001
21044,-8.3828999999999994,3.1343000000000001
21045,-8.3953000000000007,3.1343000000000001
21046,-8.3704999999999998,3.1343000000000001
21047,-8.3828999999999994,3.1360999999999999
21048,-8.3828999999999994,3.1360999999999999
21049,-8.3890999999999991,3.1360999999999999
21050,-8.3704999999999998,3.1360999999999999
21051,-8.3828999999999994,3.1360999999999999
21052,-8.3828999999999994,3.1360999999999999
21053,-8.3828999999999994,3.1360999999999999
21054,-8.3704999999999998,3.1360999999999999
21055,-8.3890999999999991,3.1360999999999999
21056,-8.3704999999999998,3.1360999999999999
21057,-8.3828999999999994,3.1360999999999999
21058,-8.3828999999999994,3.1360999999999999
21059,-8.3828999999999994,3.1360999999999999
21060,-8.3890999999999991,3.1360999999999999
21061,-8.3890999999999991,3.1360999999999999
21062,-8.3704999999999998,3.1360999999999999
21063,-8.3828999999999994,3.1360999999999999
21064,-8.3704999999999998,3.1360999999999999
21065,-8.3828999999999994,3.1360999999999999
21066,-8.3890999999999991,3.1360999999999999
21067,-8.3828999999999994,3.1360999999999999
21068,-8.3828999999999994,3.1360999999999999
21069,-8.3890999999999991,3.1360999999999999
21070,-8.3828999999999994,3.1360999999999999
21071,-8.3828999999999994,3.1360999999999999
21072,-8.3890999999999991,3.1360999999999999
21073,-8.3890999999999991,3.1360999999999999
21074,-8.3890999999999991,3.1360999999999999
21075,-8.3828999999999994,3.1360999999999999
21076,-8.3828999999999994,3.1360999999999999
21077,-8.3828999999999994,3.1343000000000001
21078,-8.3828999999999994,3.1343000000000001
21079,-8.3828999999999994,3.1360999999999999
21080,-8.3890999999999991,3.1360999999999999
21081,-8.3828999999999994,3.1360999999999999
21082,-8.3890999999999991,3.1343000000000001
21083,-8.3828999999999994,3.1343000000000001
21084,-8.3828999999999994,3.1343000000000001
21085,-8.3828999999999994,3.1343000000000001
21086,-8.3890999999999991,3.1343000000000001
21087,-8.3828999999999994,3.1360999999999999
21088,3.8999999999999999,3.1621999999999999
21089,3.8938000000000001,3.1659000000000002
21090,3.7326000000000001,3.1677
21091,3.5714000000000001,3.1696
21092,3.3668,3.1715
21093,3.218,3.1732999999999998
21094,3.0133000000000001,3.1732999999999998
21095,2.8149000000000002,3.1751999999999998
21096,-5.0285000000000002,3.1602999999999999
21097,-5.1772999999999998,3.1583999999999999
21098,-5.1835000000000004,3.1566000000000001
21099,-5.1772999999999998,3.1566000000000001
21100,-5.1835000000000004,3.1547000000000001
21101,-5.1897000000000002,3.1547000000000001
21102,-5.1835000000000004,3.1547000000000001
21103,-5.1835000000000004,3.1547000000000001
21104,-5.1835000000000004,3.1547000000000001
21105,-5.1835000000000004,3.1509999999999998
21106,-5.1835000000000004,3.1509999999999998
21107,-5.1897000000000002,3.1509999999999998
21108,-5.1772999999999998,3.1509999999999998
21109,-5.1835000000000004,3.1509999999999998
21110,-5.1897000000000002,3.1509999999999998
21111,-5.1835000000000004,3.1509999999999998
21112,-5.1835000000000004,3.1509999999999998
21113,-5.1897000000000002,3.1509999999999998
21114,-5.1835000000000004,3.1509999999999998
21115,-5.1772999999999998,3.1509999999999998
21116,-5.1897000000000002,3.1509999999999998
21117,-5.1897000000000002,3.1509999999999998
21118,-5.1897000000000002,3.1509999999999998
21119,-5.1835000000000004,3.1509999999999998
21120,-5.1772999999999998,3.1509999999999998
21121,-5.1772999999999998,3.1509999999999998
21122,-5.1897000000000002,3.1509999999999998
21123,-5.1835000000000004,3.1509999999999998
21124,-5.1897000000000002,3.1509999999999998
21125,-5.1835000000000004,3.1509999999999998
21126,-5.1772999999999998,3.1509999999999998
21127,-5.1835000000000004,3.1509999999999998
21128,-5.1835000000000004,3.1509999999999998
21129,-5.1835000000000004,3.1509999999999998
21130,-5.1835000000000004,3.1490999999999998
21131,-5.1835000000000004,3.1490999999999998
21132,-5.1772999999999998,3.1490999999999998
21133,-5.1835000000000004,3.1509999999999998
21134,-5.1835000000000004,3.1490999999999998
21135,-5.1835000000000004,3.1490999999999998
21136,-5.1835000000000004,3.1490999999999998
21137,-5.1835000000000004,3.1490999999999998
21138,-5.1959,3.1490999999999998
21139,-5.1772999999999998,3.1509999999999998
21140,-5.1897000000000002,3.1490999999999998
21141,-5.1897000000000002,3.1490999999999998
21142,-5.1835000000000004,3.1490999999999998
21143,-5.1772999999999998,3.1509999999999998
21144,-5.1897000000000002,3.1490999999999998
21145,-5.1835000000000004,3.1490999999999998
21146,-5.1772999999999998,3.1509999999999998
21147,-5.1835000000000004,3.1490999999999998
21148,-5.1835000000000004,3.1490999999999998
21149,-5.1835000000000004,3.1490999999999998
21150,-5.1835000000000004,3.1490999999999998
21151,-5.1835000000000004,3.1490999999999998
21152,-5.1835000000000004,3.1490999999999998
21153,-5.1772999999999998,3.1490999999999998
21154,-5.1835000000000004,3.1490999999999998
21155,-5.1772999999999998,3.1490999999999998
21156,-5.1772999999999998,3.1490999999999998
21157,-5.1835000000000004,3.1490999999999998
21158,-5.1772999999999998,3.1490999999999998
21159,-5.1835000000000004,3.1490999999999998
21160,-5.1835000000000004,3.1490999999999998
21161,-5.1835000000000004,3.1490999999999998
21162,-5.1835000000000004,3.1490999999999998
21163,-5.1772999999999998,3.1490999999999998
21164,-5.1835000000000004,3.1490999999999998
21165,-12.7356,3.1343000000000001
21166,-13.901199999999999,3.1286999999999998
21167,-13.771000000000001,3.1267999999999998
21168,-14.8499,3.1231
21169,-14.7445,3.1212
21170,-15.2095,3.1194000000000002
21171,-16.381399999999999,3.1156000000000001
21172,-16.220199999999998,3.1137999999999999
21173,-16.759599999999999,3.1118999999999999
21174,-17.974900000000002,3.1082000000000001
21175,-17.819900000000001,3.1063000000000001
21176,-19.1282,3.1008
21177,-18.973199999999999,3.1008
21178,-8.5007000000000001,3.1231
21179,-8.3828999999999994,3.125
21180,-8.3828999999999994,3.1267999999999998
21181,-8.3890999999999991,3.1267999999999998
21182,-8.3704999999999998,3.1267999999999998
21183,-8.3828999999999994,3.1286999999999998
21184,-8.3704999999999998,3.1286999999999998
21185,-8.3828999999999994,3.1286999999999998
21186,-8.3828999999999994,3.1286999999999998
21187,-8.3890999999999991,3.1305000000000001
21188,-8.3828999999999994,3.1305000000000001
21189,-8.3828999999999994,3.1305000000000001
21190,-8.3828999999999994,3.1305000000000001
21191,-8.3828999999999994,3.1305000000000001
21192,-8.3890999999999991,3.1305000000000001
21193,-8.3828999999999994,3.1305000000000001
21194,-8.3828999999999994,3.1305000000000001
21195,-8.3828999999999994,3.1305000000000001
21196,-8.3828999999999994,3.1305000000000001
21197,-8.3890999999999991,3.1305000000000001
21198,-8.3828999999999994,3.1305000000000001
21199,-8.3704999999999998,3.1305000000000001
21200,-8.3704999999999998,3.1305000000000001
21201,-8.3828999999999994,3.1305000000000001
21202,-8.3828999999999994,3.1305000000000001
21203,-8.3890999999999991,3.1305000000000001
21204,-8.3704999999999998,3.1305000000000001
21205,-8.3828999999999994,3.1305000000000001
21206,-8.3828999999999994,3.1305000000000001
21207,-8.3828999999999994,3.1305000000000001
21208,-8.3704999999999998,3.1305000000000001
21209,-8.3828999999999994,3.1305000000000001
21210,-8.4262999999999995,3.1305000000000001
21211,-8.4262999999999995,3.1305000000000001
21212,-8.4262999999999995,3.1305000000000001
21213,-8.4262999999999995,3.1305000000000001
21214,-8.4262999999999995,3.1305000000000001
21215,-8.4262999999999995,3.1305000000000001
21216,-8.4262999999999995,3.1305000000000001
21217,-8.4262999999999995,3.1305000000000001
21218,-8.4200999999999997,3.1305000000000001
21219,-8.4262999999999995,3.1305000000000001
21220,-8.4200999999999997,3.1305000000000001
21221,-8.4262999999999995,3.1305000000000001
21222,-8.4324999999999992,3.1305000000000001
21223,-8.4138999999999999,3.1305000000000001
21224,-8.4324999999999992,3.1305000000000001
21225,-8.4200999999999997,3.1305000000000001
21226,-8.4262999999999995,3.1305000000000001
21227,-8.4262999999999995,3.1305000000000001
21228,-14.7445,3.1175000000000002
21229,-14.3353,3.1156000000000001
21230,-15.290100000000001,3.1118999999999999
21231,-14.825100000000001,3.1118999999999999
21232,-15.823399999999999,3.1101000000000001
21233,-15.339700000000001,3.1101000000000001
21234,-16.3752,3.1063000000000001
21235,-16.660399999999999,3.1025999999999998
21236,-16.145800000000001,3.1025999999999998
21237,-17.218499999999999,3.1008
21238,-16.691400000000002,3.1008
21239,-17.819900000000001,3.097
21240,-17.249500000000001,3.0989
21241,-18.415099999999999,3.0952000000000002
21242,-18.780999999999999,3.0933000000000002
21243,-18.136099999999999,3.0933000000000002
21244,-19.376200000000001,3.0914999999999999
21245,-18.774799999999999,3.0914999999999999
21246,-20.021000000000001,3.0876999999999999
21247,-19.419599999999999,3.0895999999999999
21248,-20.6907,3.0859000000000001
21249,-21.0627,3.0840000000000001
21250,-20.417899999999999,3.0840000000000001
21251,-21.769500000000001,3.0821999999999998
21252,-21.093699999999998,3.0821999999999998
21253,-22.495000000000001,3.0783999999999998
21254,-21.825299999999999,3.0783999999999998
21255,-23.207999999999998,3.0766
21256,-23.648299999999999,3.0747
21257,-22.928999999999998,3.0747
21258,-24.417100000000001,3.0710000000000002
21259,-23.697900000000001,3.0729000000000002
21260,-25.204599999999999,3.0691000000000002
21261,-24.4605,3.0691000000000002
21262,-26.047799999999999,3.0653999999999999
21263,-16.412400000000002,3.0840000000000001
21264,-16.338000000000001,3.0859000000000001
21265,-16.338000000000001,3.0859000000000001
21266,-16.331800000000001,3.0876999999999999
21267,-16.331800000000001,3.0876999999999999
21268,-16.331800000000001,3.0876999999999999
21269,-16.338000000000001,3.0876999999999999
21270,-16.331800000000001,3.0876999999999999
21271,-16.331800000000001,3.0895999999999999
21272,-16.338000000000001,3.0895999999999999
21273,-16.344200000000001,3.0895999999999999
21274,-16.338000000000001,3.0895999999999999
21275,-16.338000000000001,3.0895999999999999
21276,-16.338000000000001,3.0895999999999999
21277,-16.325600000000001,3.0895999999999999
21278,-16.331800000000001,3.0895999999999999
21279,-16.331800000000001,3.0895999999999999
21280,-16.325600000000001,3.0895999999999999
21281,-16.344200000000001,3.0895999999999999
21282,-16.331800000000001,3.0895999999999999
21283,-16.325600000000001,3.0895999999999999
21284,-16.338000000000001,3.0895999999999999
21285,-16.344200000000001,3.0895999999999999
21286,-16.338000000000001,3.0895999999999999
21287,-16.344200000000001,3.0895999999999999
21288,-16.344200000000001,3.0876999999999999
21289,-16.381399999999999,3.0876999999999999
21290,-16.3752,3.0876999999999999
21291,-16.381399999999999,3.0876999999999999
21292,-16.3628,3.0876999999999999
21293,-27.734300000000001,3.0653999999999999
21294,-28.373000000000001,3.0598000000000001
21295,-28.887599999999999,3.0560999999999998
21296,-29.451799999999999,3.0524
21297,-29.997499999999999,3.0505
21298,-30.567900000000002,3.0468000000000002
21299,-31.1631,3.0449999999999999
21300,-31.727399999999999,3.0430999999999999
21301,-32.328800000000001,3.0394000000000001
21302,-32.979900000000001,3.0375000000000001
21303,-33.568899999999999,3.0356999999999998
21304,-34.244700000000002,3.0337999999999998
21305,-34.889600000000002,3.0301
21306,-35.552999999999997,3.0282
21307,-36.272300000000001,3.0264000000000002
21308,-36.948099999999997,3.0226000000000002
21309,-37.6798,3.0207999999999999
21310,-38.442399999999999,3.0171000000000001
21311,-39.198900000000002,3.0152000000000001
21312,-39.961500000000001,3.0095999999999998
21313,-24.770499999999998,3.0411999999999999
21314,-24.689900000000002,3.0430999999999999
21315,-24.683700000000002,3.0449999999999999
21316,-24.696100000000001,3.0468000000000002
21317,-24.683700000000002,3.0468000000000002
21318,-24.683700000000002,3.0468000000000002
21319,-24.696100000000001,3.0468000000000002
21320,-24.7271,3.0468000000000002
21321,-24.7395,3.0468000000000002
21322,-24.7333,3.0468000000000002
21323,2.8149000000000002,3.1063000000000001
21324,3.2427999999999999,3.1156000000000001
21325,3.5714000000000001,3.1231
21326,3.8193999999999999,3.1286999999999998
21327,4.0549999999999997,3.1324000000000001
21328,4.2906000000000004,3.1360999999999999
21329,4.4889999999999999,3.1398000000000001
21330,4.6501999999999999,3.1436000000000002
21331,4.8239000000000001,3.1454
21332,4.8921000000000001,3.1490999999999998
21333,4.9292999999999996,3.1509999999999998
21334,4.9292999999999996,3.1547000000000001
21335,4.8921000000000001,3.1566000000000001
21336,4.8611000000000004,3.1583999999999999
21337,4.7743000000000002,3.1583999999999999
21338,4.6875,3.1602999999999999
21339,9.9702000000000002,3.1732999999999998
21340,9.9887999999999995,3.1751999999999998
21341,9.0029000000000003,3.1751999999999998
21342,8.7982999999999993,3.177
21343,7.9364999999999997,3.177
21344,7.6574,3.1789000000000001
21345,6.7770000000000001,3.177
21346,6.4546000000000001,3.177
21347,8.2093000000000007,3.1825999999999999
21348,7.0869999999999997,3.1808000000000001
21349,5.8841000000000001,3.1808000000000001
21350,4.7370999999999999,3.1789000000000001
21351,3.7450000000000001,3.177
21352,2.7776999999999998,3.1751999999999998
21353,1.8105,3.1732999999999998
21354,0.40920000000000001,3.1696
21355,-0.74399999999999999,3.1677
21356,-1.4259999999999999,3.1659000000000002
21357,-0.65720000000000001,3.1659000000000002
21358,-0.65720000000000001,3.1659000000000002
21359,-0.65720000000000001,3.1659000000000002
21360,-0.66959999999999997,3.1659000000000002
21361,-0.65720000000000001,3.1659000000000002
21362,-0.65720000000000001,3.1659000000000002
21363,-0.65720000000000001,3.1659000000000002
21364,-0.65720000000000001,3.1659000000000002
21365,-0.65720000000000001,3.1659000000000002
21366,-0.65720000000000001,3.1659000000000002
21367,-0.65720000000000001,3.1659000000000002
21368,-0.65720000000000001,3.1659000000000002
21369,-0.65720000000000001,3.1659000000000002
21370,-0.65720000000000001,3.1659000000000002
21371,-0.65720000000000001,3.1659000000000002
21372,-0.65720000000000001,3.1659000000000002
21373,-0.65720000000000001,3.1659000000000002
21374,-0.65720000000000001,3.1659000000000002
21375,-0.65720000000000001,3.1659000000000002
21376,-0.074399999999999994,3.1677
21377,-0.66959999999999997,3.1677
21378,-0.65720000000000001,3.1677
21379,-0.66959999999999997,3.1677
21380,-0.65720000000000001,3.1677
21381,-0.65720000000000001,3.1677
21382,-0.65720000000000001,3.1677
21383,-0.66959999999999997,3.1677
21384,-0.65720000000000001,3.1677
21385,-0.65720000000000001,3.1677
21386,-0.65720000000000001,3.1677
21387,-0.65720000000000001,3.1677
21388,-0.65720000000000001,3.1677
21389,-2.7404999999999999,3.1640000000000001
21390,-4.1790000000000003,3.1602999999999999
21391,-5.7786999999999997,3.1566000000000001
21392,-7.2233999999999998,3.1509999999999998
21393,-2.1453000000000002,3.1602999999999999
21394,-2.0647000000000002,3.1621999999999999
21395,-2.0647000000000002,3.1621999999999999
21396,-2.0585,3.1621999999999999
21397,-2.0585,3.1621999999999999
21398,-2.0647000000000002,3.1621999999999999
21399,-2.0585,3.1621999999999999
21400,-2.0647000000000002,3.1621999999999999
21401,-0.29759999999999998,3.1659000000000002
21402,-0.70679999999999998,3.1659000000000002
21403,-1.0664,3.1659000000000002
21404,-1.3453999999999999,3.1640000000000001
21405,-1.4632000000000001,3.1640000000000001
21406,-0.65720000000000001,3.1659000000000002
21407,-0.65720000000000001,3.1659000000000002
21408,-0.65720000000000001,3.1677
21409,-0.65720000000000001,3.1677
21410,-0.65720000000000001,3.1677
21411,-0.65720000000000001,3.1677
21412,-0.65720000000000001,3.1677
21413,-0.65720000000000001,3.1677
21414,-0.65720000000000001,3.1677
21415,-0.65720000000000001,3.1677
21416,-0.65720000000000001,3.1677
21417,-0.65720000000000001,3.1696
21418,-0.65720000000000001,3.1677
21419,-0.65720000000000001,3.1696
21420,-0.65720000000000001,3.1677
21421,-0.65720000000000001,3.1696
21422,-0.65720000000000001,3.1696
21423,-0.65720000000000001,3.1696
21424,-0.65720000000000001,3.1696
21425,-0.65720000000000001,3.1696
21426,-0.65720000000000001,3.1696
21427,-2.1019000000000001,3.1659000000000002
21428,-2.8273000000000001,3.1640000000000001
21429,-3.6581999999999999,3.1621999999999999
21430,-4.4951999999999996,3.1602999999999999
21431,-5.1835000000000004,3.1583999999999999
21432,-6.1073000000000004,3.1547000000000001
21433,-7.0250000000000004,3.1509999999999998
21434,-7.7442000000000002,3.1473
21435,-8.8975000000000009,3.1436000000000002
21436,-9.9019999999999992,3.1398000000000001
21437,-10.5778,3.1379999999999999
21438,-11.8985,3.1324000000000001
21439,-3.5775999999999999,3.1490999999999998
21440,-3.4722,3.1509999999999998
21441,-3.4660000000000002,3.1509999999999998
21442,-3.4660000000000002,3.1509999999999998
21443,-3.4722,3.1509999999999998
21444,-3.4722,3.1547000000000001
21445,-3.4598,3.1547000000000001
21446,-3.4660000000000002,3.1547000000000001
21447,-3.4660000000000002,3.1547000000000001
21448,-3.4660000000000002,3.1547000000000001
21449,-3.4660000000000002,3.1547000000000001
21450,-3.4722,3.1547000000000001
21451,-3.4722,3.1547000000000001
21452,-3.4660000000000002,3.1547000000000001
21453,-3.4660000000000002,3.1547000000000001
21454,-3.4660000000000002,3.1547000000000001
21455,-3.4660000000000002,3.1547000000000001
21456,-3.4660000000000002,3.1547000000000001
21457,-3.4660000000000002,3.1547000000000001
21458,-3.4660000000000002,3.1547000000000001
21459,-3.4598,3.1547000000000001
21460,-3.4660000000000002,3.1547000000000001
21461,-3.4722,3.1547000000000001
21462,-3.4660000000000002,3.1547000000000001
21463,1.3640000000000001,3.1659000000000002
21464,1.1718,3.1659000000000002
21465,0.93000000000000005,3.1677
21466,0.65100000000000002,3.1677
21467,0.40920000000000001,3.1677
21468,0.2046,3.1677
21469,-0.33479999999999999,3.1677
21470,-0.78120000000000001,3.1659000000000002
21471,-1.1097999999999999,3.1659000000000002
21472,-1.3453999999999999,3.1659000000000002
21473,-1.4632000000000001,3.1659000000000002
21474,-0.65720000000000001,3.1659000000000002
21475,-0.65720000000000001,3.1677
21476,-0.65720000000000001,3.1677
21477,-0.65720000000000001,3.1677
21478,-0.65720000000000001,3.1677
21479,-0.65720000000000001,3.1677
21480,-0.65720000000000001,3.1677
21481,-0.65720000000000001,3.1677
21482,-0.65720000000000001,3.1677
21483,-0.65720000000000001,3.1677
21484,-0.65720000000000001,3.1677
21485,-0.65720000000000001,3.1696
21486,-0.65720000000000001,3.1696
21487,-0.65720000000000001,3.1696
21488,-0.65720000000000001,3.1696
21489,-0.65720000000000001,3.1696
21490,-0.65720000000000001,3.1696
21491,-0.65720000000000001,3.1696
21492,-0.65720000000000001,3.1696
21493,-0.65720000000000001,3.1696
21494,-0.65720000000000001,3.1696
21495,-1.7795000000000001,3.1677
21496,-2.1391,3.1677
21497,-2.6227,3.1659000000000002
21498,-2.9823,3.1640000000000001
21499,-3.4163999999999999,3.1640000000000001
21500,-3.8565999999999998,3.1621999999999999
21501,-4.4269999999999996,3.1602999999999999
21502,-4.7309000000000001,3.1583999999999999
21503,-5.1835000000000004,3.1566000000000001
21504,-5.6981000000000002,3.1547000000000001
21505,-6.4173999999999998,3.1509999999999998
21506,-7.5334000000000003,3.1473
21507,-6.4980000000000002,3.1490999999999998
21508,-7.7690000000000001,3.1454
21509,-8.3147000000000002,3.1436000000000002
21510,-9.2199000000000009,3.1398000000000001
21511,-9.4556000000000004,3.1379999999999999
21512,-9.9391999999999996,3.1360999999999999
21513,-10.460000000000001,3.1343000000000001
21514,-11.421099999999999,3.1305000000000001
21515,-11.5389,3.1286999999999998
21516,-12.1031,3.1267999999999998
21517,-12.6736,3.1231
21518,-13.7524,3.1194000000000002
21519,-13.8268,3.1194000000000002
21520,-14.4655,3.1156000000000001
21521,-5.2579000000000002,3.1324000000000001
21522,-5.1463000000000001,3.1360999999999999
21523,-5.1401000000000003,3.1360999999999999
21524,-5.1401000000000003,3.1379999999999999
21525,-5.1401000000000003,3.1379999999999999
21526,-5.1463000000000001,3.1398000000000001
21527,-5.1401000000000003,3.1398000000000001
21528,-5.1401000000000003,3.1398000000000001
21529,-5.1401000000000003,3.1398000000000001
21530,-5.1401000000000003,3.1398000000000001
21531,-5.1401000000000003,3.1398000000000001
21532,-5.1401000000000003,3.1398000000000001
21533,0.97340000000000004,3.1547000000000001
21534,0.96719999999999995,3.1583999999999999
21535,0.65100000000000002,3.1583999999999999
21536,0.77500000000000002,3.1602999999999999
21537,0.65720000000000001,3.1621999999999999
21538,0.372,3.1621999999999999
21539,0.4526,3.1621999999999999
21540,0.3286,3.1640000000000001
21541,-3.6272000000000002,3.1566000000000001
21542,-3.6953999999999998,3.1547000000000001
21543,-3.6953999999999998,3.1547000000000001
21544,-3.6953999999999998,3.1547000000000001
21545,-3.6953999999999998,3.1547000000000001
21546,-3.7016,3.1547000000000001
21547,-3.6953999999999998,3.1547000000000001
21548,-3.7016,3.1509999999999998
21549,-3.6953999999999998,3.1509999999999998
21550,-3.6953999999999998,3.1509999999999998
21551,-3.6953999999999998,3.1509999999999998
21552,-3.6953999999999998,3.1509999999999998
21553,-3.6953999999999998,3.1509999999999998
21554,1.6927000000000001,3.1640000000000001
21555,1.5004,3.1659000000000002
21556,1.333,3.1677
21557,0.93620000000000003,3.1677
21558,0.65720000000000001,3.1677
21559,0.40920000000000001,3.1677
21560,0.13020000000000001,3.1677
21561,-0.34100000000000003,3.1677
21562,-0.74399999999999999,3.1659000000000002
21563,-1.1097999999999999,3.1659000000000002
21564,-1.3453999999999999,3.1659000000000002
21565,-1.4632000000000001,3.1640000000000001
21566,-0.65720000000000001,3.1659000000000002
21567,-0.65720000000000001,3.1659000000000002
21568,-0.65720000000000001,3.1659000000000002
21569,-0.65720000000000001,3.1659000000000002
21570,-0.65720000000000001,3.1677
21571,-0.65720000000000001,3.1677
21572,-0.65720000000000001,3.1677
21573,-0.65720000000000001,3.1677
21574,-0.65720000000000001,3.1677
21575,-0.65720000000000001,3.1677
21576,-0.66959999999999997,3.1677
21577,-0.65720000000000001,3.1677
21578,-0.65720000000000001,3.1677
21579,-0.65720000000000001,3.1677
21580,-0.65720000000000001,3.1677
21581,-0.66959999999999997,3.1696
21582,-0.65720000000000001,3.1677
21583,-0.65720000000000001,3.1696
21584,-0.65720000000000001,3.1696
21585,-2.7467000000000001,3.1659000000000002
21586,-4.1790000000000003,3.1621999999999999
21587,-5.8220999999999998,3.1566000000000001
21588,-7.2110000000000003,3.1509999999999998
21589,-2.1886999999999999,3.1621999999999999
21590,-2.0585,3.1621999999999999
21591,-2.0585,3.1621999999999999
21592,-2.0585,3.1640000000000001
21593,-2.0647000000000002,3.1640000000000001
21594,-2.0522999999999998,3.1640000000000001
21595,-2.0585,3.1640000000000001
21596,-2.0647000000000002,3.1640000000000001
21597,-0.29759999999999998,3.1677
21598,-0.70679999999999998,3.1677
21599,-1.0664,3.1659000000000002
21600,-1.3453999999999999,3.1659000000000002
21601,-1.4632000000000001,3.1659000000000002
21602,-0.65720000000000001,3.1677
21603,-0.65720000000000001,3.1677
21604,-0.65720000000000001,3.1677
21605,-0.66959999999999997,3.1696
21606,-0.65720000000000001,3.1696
21607,-0.65720000000000001,3.1696
21608,-0.65720000000000001,3.1696
21609,-0.65720000000000001,3.1696
21610,-0.65720000000000001,3.1696
21611,-0.65720000000000001,3.1696
21612,-0.65720000000000001,3.1696
21613,-0.65720000000000001,3.1696
21614,-0.65720000000000001,3.1696
21615,-0.65720000000000001,3.1696
21616,-0.65720000000000001,3.1696
21617,-0.65720000000000001,3.1696
21618,-0.65720000000000001,3.1696
21619,-0.65720000000000001,3.1696
21620,-0.65720000000000001,3.1715
21621,-0.65720000000000001,3.1715
21622,-0.65720000000000001,3.1715
21623,-2.1019000000000001,3.1677
21624,-2.8273000000000001,3.1659000000000002
21625,-3.6581999999999999,3.1640000000000001
21626,-4.4889999999999999,3.1621999999999999
21627,-5.1772999999999998,3.1602999999999999
21628,-6.1444999999999999,3.1566000000000001
21629,-7.0250000000000004,3.1509999999999998
21630,-7.7380000000000004,3.1490999999999998
21631,-8.9533000000000005,3.1454
21632,-9.9515999999999991,3.1417000000000002
21633,-10.5716,3.1379999999999999
21634,-11.892300000000001,3.1324000000000001
21635,-3.5775999999999999,3.1490999999999998
21636,-3.4722,3.1509999999999998
21637,-3.4722,3.1509999999999998
21638,-3.4722,3.1547000000000001
21639,-3.4660000000000002,3.1547000000000001
21640,-3.4722,3.1547000000000001
21641,-3.4598,3.1547000000000001
21642,-3.4660000000000002,3.1547000000000001
21643,-3.4660000000000002,3.1547000000000001
21644,-3.4660000000000002,3.1547000000000001
21645,-3.4722,3.1547000000000001
21646,-3.4722,3.1547000000000001
21647,-3.4660000000000002,3.1547000000000001
21648,-3.4660000000000002,3.1566000000000001
21649,-3.4722,3.1547000000000001
21650,-3.4660000000000002,3.1566000000000001
21651,-3.4598,3.1547000000000001
21652,-3.4660000000000002,3.1547000000000001
21653,-3.4660000000000002,3.1547000000000001
21654,-3.4660000000000002,3.1566000000000001
21655,-3.4660000000000002,3.1566000000000001
21656,-3.4660000000000002,3.1547000000000001
21657,-3.4660000000000002,3.1547000000000001
21658,-3.4660000000000002,3.1566000000000001
21659,1.3702000000000001,3.1659000000000002
21660,1.2152000000000001,3.1677
21661,0.93620000000000003,3.1677
21662,0.65100000000000002,3.1677
21663,0.40920000000000001,3.1677
21664,0.2046,3.1677
21665,-0.33479999999999999,3.1677
21666,-0.78120000000000001,3.1659000000000002
21667,-1.1097999999999999,3.1659000000000002
21668,-1.3453999999999999,3.1659000000000002
21669,-1.4632000000000001,3.1659000000000002
21670,-0.65720000000000001,3.1677
21671,-0.65720000000000001,3.1677
21672,-0.65720000000000001,3.1677
21673,-0.65720000000000001,3.1677
21674,-0.66959999999999997,3.1677
21675,-0.65720000000000001,3.1696
21676,-0.66959999999999997,3.1696
21677,-0.65720000000000001,3.1696
21678,-0.65720000000000001,3.1696
21679,-0.65720000000000001,3.1696
21680,-0.65720000000000001,3.1696
21681,-0.65720000000000001,3.1696
21682,-0.65720000000000001,3.1696
21683,-0.65720000000000001,3.1696
21684,-0.65720000000000001,3.1696
21685,-0.65720000000000001,3.1696
21686,-0.65720000000000001,3.1696
21687,-0.65720000000000001,3.1696
21688,-0.65720000000000001,3.1696
21689,-0.65720000000000001,3.1715
21690,-0.65720000000000001,3.1696
21691,-1.7857000000000001,3.1696
21692,-2.1453000000000002,3.1677
21693,-2.6164999999999998,3.1659000000000002
21694,-2.9823,3.1659000000000002
21695,-3.4163999999999999,3.1640000000000001
21696,-3.8565999999999998,3.1621999999999999
21697,-4.4641999999999999,3.1602999999999999
21698,-4.7309000000000001,3.1583999999999999
21699,-5.2206999999999999,3.1566000000000001
21700,-5.7042999999999999,3.1547000000000001
21701,-6.4607999999999999,3.1509999999999998
21702,-7.5334000000000003,3.1473
21703,-6.5414000000000003,3.1490999999999998
21704,-7.7813999999999997,3.1454
21705,-8.3394999999999992,3.1436000000000002
21706,-9.2261000000000006,3.1398000000000001
21707,-9.4556000000000004,3.1379999999999999
21708,-9.9391999999999996,3.1360999999999999
21709,-10.466200000000001,3.1343000000000001
21710,-11.421099999999999,3.1305000000000001
21711,-11.5761,3.1286999999999998
21712,-12.0969,3.125
21713,-12.6488,3.1231
21714,-13.7462,3.1194000000000002
21715,-13.851599999999999,3.1175000000000002
21716,-14.4655,3.1137999999999999
21717,-5.2579000000000002,3.1324000000000001
21718,-5.1401000000000003,3.1343000000000001
21719,-5.1401000000000003,3.1360999999999999
21720,-5.1401000000000003,3.1360999999999999
21721,-5.1401000000000003,3.1379999999999999
21722,-5.1463000000000001,3.1379999999999999
21723,-5.1401000000000003,3.1379999999999999
21724,-5.1401000000000003,3.1398000000000001
21725,-5.1401000000000003,3.1398000000000001
21726,-5.1463000000000001,3.1398000000000001
21727,-5.1401000000000003,3.1398000000000001
21728,-5.1338999999999997,3.1398000000000001
21729,0.96719999999999995,3.1547000000000001
21730,1.0105999999999999,3.1566000000000001
21731,0.65720000000000001,3.1583999999999999
21732,0.77500000000000002,3.1602999999999999
21733,0.65100000000000002,3.1602999999999999
21734,0.372,3.1621999999999999
21735,0.4526,3.1621999999999999
21736,0.3286,3.1640000000000001
21737,-3.621,3.1566000000000001
21738,-3.7016,3.1547000000000001
21739,-3.7016,3.1547000000000001
21740,-3.7016,3.1509999999999998
21741,-3.7016,3.1509999999999998
21742,-3.7016,3.1509999999999998
21743,-3.7016,3.1509999999999998
21744,-3.7016,3.1509999999999998
21745,-3.7016,3.1509999999999998
21746,-3.7016,3.1509999999999998
21747,-3.6953999999999998,3.1509999999999998
21748,-3.6953999999999998,3.1509999999999998
21749,-3.7016,3.1509999999999998
21750,1.6927000000000001,3.1640000000000001
21751,1.5004,3.1659000000000002
21752,1.3391999999999999,3.1659000000000002
21753,0.93620000000000003,3.1659000000000002
21754,0.65720000000000001,3.1659000000000002
21755,0.40920000000000001,3.1659000000000002
21756,0.124,3.1677
21757,-0.33479999999999999,3.1659000000000002
21758,-0.74399999999999999,3.1659000000000002
21759,-1.1097999999999999,3.1659000000000002
21760,-1.3515999999999999,3.1640000000000001
21761,-1.4632000000000001,3.1640000000000001
21762,-0.65720000000000001,3.1659000000000002
21763,-0.65720000000000001,3.1659000000000002
21764,-0.65720000000000001,3.1659000000000002
21765,-0.65720000000000001,3.1659000000000002
21766,-0.65720000000000001,3.1659000000000002
21767,-0.65720000000000001,3.1659000000000002
21768,-0.65720000000000001,3.1677
21769,-0.65720000000000001,3.1677
21770,-0.65720000000000001,3.1677
21771,-0.65720000000000001,3.1677
21772,-0.65720000000000001,3.1677
21773,-0.65720000000000001,3.1677
21774,-0.65720000000000001,3.1677
21775,-0.65720000000000001,3.1677
21776,-0.65720000000000001,3.1677
21777,-0.65720000000000001,3.1677
21778,-0.65720000000000001,3.1696
21779,-0.65720000000000001,3.1677
21780,-0.65720000000000001,3.1696
21781,-2.7467000000000001,3.1640000000000001
21782,-4.1790000000000003,3.1602999999999999
21783,-5.8159000000000001,3.1566000000000001
21784,-7.2233999999999998,3.1509999999999998
21785,-2.1886999999999999,3.1602999999999999
21786,-2.1019000000000001,3.1621999999999999
21787,-2.0895000000000001,3.1621999999999999
21788,-2.1019000000000001,3.1621999999999999
21789,-2.1019000000000001,3.1621999999999999
21790,-2.1080999999999999,3.1621999999999999
21791,-2.0895000000000001,3.1621999999999999
21792,-2.1019000000000001,3.1621999999999999
21793,-0.30380000000000001,3.1659000000000002
21794,-0.70679999999999998,3.1659000000000002
21795,-1.0664,3.1659000000000002
21796,-1.3453999999999999,3.1659000000000002
21797,-1.4694,3.1659000000000002
21798,-0.65720000000000001,3.1677
21799,-0.65720000000000001,3.1677
21800,-0.66959999999999997,3.1677
21801,-0.65720000000000001,3.1677
21802,-0.65720000000000001,3.1677
21803,-0.65720000000000001,3.1677
21804,-0.65720000000000001,3.1696
21805,-0.65720000000000001,3.1696
21806,-0.65720000000000001,3.1677
21807,-0.65720000000000001,3.1696
21808,-0.65720000000000001,3.1696
21809,-0.65720000000000001,3.1696
21810,-0.65720000000000001,3.1696
21811,-0.65720000000000001,3.1696
21812,-0.65720000000000001,3.1696
21813,-0.65720000000000001,3.1696
21814,-0.65720000000000001,3.1696
21815,-0.65720000000000001,3.1696
21816,-0.65720000000000001,3.1696
21817,-0.65720000000000001,3.1696
21818,-0.65720000000000001,3.1696
21819,-2.1080999999999999,3.1677
21820,-2.8273000000000001,3.1659000000000002
21821,-3.6581999999999999,3.1640000000000001
21822,-4.4951999999999996,3.1602999999999999
21823,-5.1835000000000004,3.1583999999999999
21824,-6.1444999999999999,3.1566000000000001
21825,-7.056,3.1509999999999998
21826,-7.7690000000000001,3.1473
21827,-8.9408999999999992,3.1436000000000002
21828,-9.9391999999999996,3.1398000000000001
21829,-10.6212,3.1360999999999999
21830,-11.9419,3.1324000000000001
21831,-3.5775999999999999,3.1473
21832,-3.5032000000000001,3.1490999999999998
21833,-3.5032000000000001,3.1490999999999998
21834,-3.4969999999999999,3.1509999999999998
21835,-3.5093999999999999,3.1509999999999998
21836,-3.5032000000000001,3.1509999999999998
21837,-3.5093999999999999,3.1509999999999998
21838,-3.5032000000000001,3.1509999999999998
21839,-3.5032000000000001,3.1547000000000001
21840,-3.5032000000000001,3.1547000000000001
21841,-3.5032000000000001,3.1509999999999998
21842,-3.5032000000000001,3.1547000000000001
21843,-3.5032000000000001,3.1547000000000001
21844,-3.5032000000000001,3.1547000000000001
21845,-3.5032000000000001,3.1547000000000001
21846,-3.5093999999999999,3.1547000000000001
21847,-3.5032000000000001,3.1547000000000001
21848,-3.5032000000000001,3.1547000000000001
21849,-3.5032000000000001,3.1547000000000001
21850,-3.4969999999999999,3.1509999999999998
21851,-3.5032000000000001,3.1547000000000001
21852,-3.5032000000000001,3.1509999999999998
21853,-3.5032000000000001,3.1547000000000001
21854,-3.5032000000000001,3.1509999999999998
21855,1.3702000000000001,3.1640000000000001
21856,1.2152000000000001,3.1659000000000002
21857,0.93620000000000003,3.1659000000000002
21858,0.65720000000000001,3.1659000000000002
21859,0.40920000000000001,3.1677
21860,0.2046,3.1677
21861,-0.34100000000000003,3.1659000000000002
21862,-0.78120000000000001,3.1659000000000002
21863,-1.1097999999999999,3.1659000000000002
21864,-1.3453999999999999,3.1659000000000002
21865,-1.4632000000000001,3.1640000000000001
21866,-0.65720000000000001,3.1659000000000002
21867,-0.65720000000000001,3.1659000000000002
21868,-0.65720000000000001,3.1677
21869,-0.65720000000000001,3.1677
21870,-0.65720000000000001,3.1677
21871,-0.65720000000000001,3.1677
21872,-0.65720000000000001,3.1677
21873,-0.65720000000000001,3.1677
21874,-0.65720000000000001,3.1677
21875,-0.65720000000000001,3.1677
21876,-0.65720000000000001,3.1677
21877,-0.65720000000000001,3.1677
21878,-0.65720000000000001,3.1677
21879,-0.65720000000000001,3.1696
21880,-0.65100000000000002,3.1696
21881,-0.65720000000000001,3.1696
21882,-0.65720000000000001,3.1677
21883,-0.65720000000000001,3.1696
21884,-0.65720000000000001,3.1696
21885,-0.65720000000000001,3.1696
21886,-0.66959999999999997,3.1696
21887,-1.7795000000000001,3.1677
21888,-2.1453000000000002,3.1659000000000002
21889,-2.6164999999999998,3.1659000000000002
21890,-2.9823,3.1640000000000001
21891,-3.4163999999999999,3.1621999999999999
21892,-3.8628,3.1602999999999999
21893,-4.4641999999999999,3.1583999999999999
21894,-4.7495000000000003,3.1583999999999999
21895,-5.2206999999999999,3.1566000000000001
21896,-5.6981000000000002,3.1547000000000001
21897,-6.4607999999999999,3.1490999999999998
21898,-7.5396000000000001,3.1473
21899,-6.5414000000000003,3.1473
21900,-7.7690000000000001,3.1436000000000002
21901,-8.3394999999999992,3.1417000000000002
21902,-9.2199000000000009,3.1379999999999999
21903,-9.4556000000000004,3.1360999999999999
21904,-9.9702000000000002,3.1343000000000001
21905,-10.497199999999999,3.1305000000000001
21906,-11.470700000000001,3.1286999999999998
21907,-11.5761,3.1267999999999998
21908,-12.1403,3.1231
21909,-12.698399999999999,3.1212
21910,-13.771000000000001,3.1175000000000002
21911,-13.901199999999999,3.1156000000000001
21912,-14.496499999999999,3.1118999999999999
21913,-5.2579000000000002,3.1305000000000001
21914,-5.1835000000000004,3.1324000000000001
21915,-5.1835000000000004,3.1343000000000001
21916,-5.1835000000000004,3.1343000000000001
21917,-5.1835000000000004,3.1360999999999999
21918,-5.1897000000000002,3.1360999999999999
21919,-5.1835000000000004,3.1360999999999999
21920,-5.1835000000000004,3.1379999999999999
21921,-5.1835000000000004,3.1360999999999999
21922,-5.1835000000000004,3.1379999999999999
21923,-5.1835000000000004,3.1379999999999999
21924,-5.1835000000000004,3.1379999999999999
21925,0.96719999999999995,3.1509999999999998
21926,1.0105999999999999,3.1547000000000001
21927,0.65100000000000002,3.1566000000000001
21928,0.77500000000000002,3.1583999999999999
21929,0.65100000000000002,3.1583999999999999
21930,0.372,3.1602999999999999
21931,0.4526,3.1602999999999999
21932,0.3286,3.1621999999999999
21933,-3.6272000000000002,3.1509999999999998
21934,-3.7016,3.1509999999999998
21935,-3.6953999999999998,3.1509999999999998
21936,-3.6953999999999998,3.1490999999999998
21937,-3.7016,3.1490999999999998
21938,-3.6953999999999998,3.1490999999999998
21939,-3.6953999999999998,3.1490999999999998
21940,-3.7016,3.1490999999999998
21941,-3.6953999999999998,3.1490999999999998
21942,-3.6953999999999998,3.1490999999999998
21943,-3.7016,3.1490999999999998
21944,-3.6953999999999998,3.1490999999999998
21945,-3.7016,3.1490999999999998
21946,1.6927000000000001,3.1621999999999999
21947,1.5004,3.1640000000000001
21948,1.333,3.1640000000000001
21949,0.93620000000000003,3.1640000000000001
21950,0.65100000000000002,3.1640000000000001
21951,0.40920000000000001,3.1659000000000002
21952,0.13020000000000001,3.1659000000000002
21953,-0.34100000000000003,3.1640000000000001
21954,-0.74399999999999999,3.1640000000000001
21955,-1.1035999999999999,3.1621999999999999
21956,-1.3453999999999999,3.1621999999999999
21957,-1.4632000000000001,3.1621999999999999
21958,-0.65720000000000001,3.1640000000000001
21959,-0.65720000000000001,3.1640000000000001
21960,-0.65720000000000001,3.1640000000000001
21961,-0.65720000000000001,3.1640000000000001
21962,-0.65720000000000001,3.1640000000000001
21963,-0.66959999999999997,3.1659000000000002
21964,-0.65720000000000001,3.1659000000000002
21965,-0.65720000000000001,3.1659000000000002
21966,-0.65720000000000001,3.1659000000000002
21967,-0.65720000000000001,3.1659000000000002
21968,-0.65720000000000001,3.1659000000000002
21969,-0.65720000000000001,3.1659000000000002
21970,-0.66959999999999997,3.1659000000000002
21971,-0.65720000000000001,3.1659000000000002
21972,-0.65720000000000001,3.1659000000000002
21973,-0.65720000000000001,3.1659000000000002
21974,-0.65720000000000001,3.1677
21975,-0.65720000000000001,3.1677
21976,-0.66959999999999997,3.1677
21977,-2.7467000000000001,3.1621999999999999
21978,-4.1790000000000003,3.1602999999999999
21979,-5.8220999999999998,3.1547000000000001
21980,-7.2606000000000002,3.1490999999999998
21981,-2.1825000000000001,3.1583999999999999
21982,-2.1019000000000001,3.1602999999999999
21983,-2.0895000000000001,3.1602999999999999
21984,-2.1019000000000001,3.1602999999999999
21985,-2.0895000000000001,3.1602999999999999
21986,-2.1080999999999999,3.1602999999999999
21987,-2.1080999999999999,3.1602999999999999
21988,-2.1019000000000001,3.1602999999999999
21989,-0.29759999999999998,3.1640000000000001
21990,-0.70679999999999998,3.1640000000000001
21991,-1.0726,3.1640000000000001
21992,-1.3453999999999999,3.1640000000000001
21993,-1.4694,3.1640000000000001
21994,-0.65720000000000001,3.1659000000000002
21995,-0.66959999999999997,3.1659000000000002
21996,-0.65720000000000001,3.1659000000000002
21997,-0.66959999999999997,3.1659000000000002
21998,-0.65720000000000001,3.1659000000000002
21999,-0.65720000000000001,3.1677
22000,-0.66959999999999997,3.1659000000000002
22001,-0.65720000000000001,3.1659000000000002
22002,-0.65720000000000001,3.1659000000000002
22003,-0.65720000000000001,3.1677
22004,-0.65720000000000001,3.1677
22005,-0.65720000000000001,3.1677
22006,-0.65720000000000001,3.1677
22007,-0.65720000000000001,3.1677
22008,-0.65720000000000001,3.1677
22009,-0.65720000000000001,3.1677
22010,-0.65720000000000001,3.1677
22011,-0.65720000000000001,3.1677
22012,-0.65720000000000001,3.1677
22013,-0.65720000000000001,3.1677
22014,-0.65720000000000001,3.1677
22015,-2.1453000000000002,3.1659000000000002
22016,-2.8334999999999999,3.1640000000000001
22017,-3.6953999999999998,3.1602999999999999
22018,-4.5014000000000003,3.1583999999999999
22019,-5.1835000000000004,3.1566000000000001
22020,-6.1383000000000001,3.1547000000000001
22021,-7.0498000000000003,3.1490999999999998
22022,-7.7813999999999997,3.1454
22023,-8.9408999999999992,3.1417000000000002
22024,-9.9391999999999996,3.1379999999999999
22025,-10.6212,3.1343000000000001
22026,-11.929500000000001,3.1305000000000001
22027,-3.6334,3.1454
22028,-3.5032000000000001,3.1473
22029,-3.5032000000000001,3.1473
22030,-3.5032000000000001,3.1490999999999998
22031,-3.5032000000000001,3.1490999999999998
22032,-3.5032000000000001,3.1490999999999998
22033,-3.4969999999999999,3.1490999999999998
22034,-3.5032000000000001,3.1490999999999998
22035,-3.5032000000000001,3.1490999999999998
22036,-3.5032000000000001,3.1490999999999998
22037,-3.5093999999999999,3.1490999999999998
22038,-3.5032000000000001,3.1490999999999998
22039,-3.5032000000000001,3.1490999999999998
22040,-3.5032000000000001,3.1490999999999998
22041,-3.5032000000000001,3.1490999999999998
22042,-3.5032000000000001,3.1490999999999998
22043,-3.4969999999999999,3.1490999999999998
22044,-3.5032000000000001,3.1490999999999998
22045,-3.5032000000000001,3.1490999999999998
22046,-3.5032000000000001,3.1490999999999998
22047,-3.5032000000000001,3.1490999999999998
22048,-3.4969999999999999,3.1490999999999998
22049,-3.4969999999999999,3.1509999999999998
22050,-3.4969999999999999,3.1490999999999998
22051,1.3702000000000001,3.1621999999999999
22052,1.2152000000000001,3.1640000000000001
22053,0.93620000000000003,3.1640000000000001
22054,0.65100000000000002,3.1640000000000001
22055,0.40920000000000001,3.1640000000000001
22056,0.2046,3.1659000000000002
22057,-0.34100000000000003,3.1640000000000001
22058,-0.78120000000000001,3.1640000000000001
22059,-1.1097999999999999,3.1640000000000001
22060,-1.3453999999999999,3.1621999999999999
22061,-1.4694,3.1621999999999999
22062,-0.65720000000000001,3.1640000000000001
22063,-0.65720000000000001,3.1640000000000001
22064,-0.65720000000000001,3.1640000000000001
22065,-0.65720000000000001,3.1659000000000002
22066,-0.65720000000000001,3.1640000000000001
22067,-0.65720000000000001,3.1640000000000001
22068,-0.66959999999999997,3.1659000000000002
22069,-0.65720000000000001,3.1659000000000002
22070,-0.65720000000000001,3.1659000000000002
22071,-0.66959999999999997,3.1659000000000002
22072,-0.65720000000000001,3.1659000000000002
22073,-0.65720000000000001,3.1659000000000002
22074,-0.65720000000000001,3.1659000000000002
22075,-0.65720000000000001,3.1659000000000002
22076,-0.66959999999999997,3.1659000000000002
22077,-0.65720000000000001,3.1659000000000002
22078,-0.65720000000000001,3.1677
22079,-0.65720000000000001,3.1677
22080,-0.65720000000000001,3.1677
22081,-0.65720000000000001,3.1677
22082,-0.65720000000000001,3.1677
22083,-1.7795000000000001,3.1659000000000002
22084,-2.1453000000000002,3.1640000000000001
22085,-2.6227,3.1621999999999999
22086,-3.0257000000000001,3.1621999999999999
22087,-3.4226000000000001,3.1602999999999999
22088,-3.8565999999999998,3.1583999999999999
22089,-4.4580000000000002,3.1566000000000001
22090,-4.7805,3.1547000000000001
22091,-5.2268999999999997,3.1547000000000001
22092,-5.7415000000000003,3.1490999999999998
22093,-6.4669999999999996,3.1473
22094,-7.5768000000000004,3.1436000000000002
22095,-6.5414000000000003,3.1454
22096,-7.8186999999999998,3.1417000000000002
22097,-8.3394999999999992,3.1379999999999999
22098,-9.2570999999999994,3.1360999999999999
22099,-9.5052000000000003,3.1324000000000001
22100,-9.9702000000000002,3.1305000000000001
22101,-10.497199999999999,3.1286999999999998
22102,-11.470700000000001,3.125
22103,-11.6195,3.1231
22104,-12.1403,3.1194000000000002
22105,-12.6922,3.1175000000000002
22106,-13.8268,3.1137999999999999
22107,-13.907400000000001,3.1118999999999999
22108,-14.502700000000001,3.1082000000000001
22109,-5.2579000000000002,3.1267999999999998
22110,-5.1835000000000004,3.1286999999999998
22111,-5.1835000000000004,3.1305000000000001
22112,-5.1835000000000004,3.1305000000000001
22113,-5.1772999999999998,3.1324000000000001
22114,-5.1897000000000002,3.1324000000000001
22115,-5.1835000000000004,3.1324000000000001
22116,-5.1835000000000004,3.1343000000000001
22117,-5.1835000000000004,3.1343000000000001
22118,-5.1835000000000004,3.1343000000000001
22119,-5.1835000000000004,3.1343000000000001
22120,-5.1835000000000004,3.1343000000000001
22121,0.97340000000000004,3.1473
22122,1.0105999999999999,3.1509999999999998
22123,0.65100000000000002,3.1509999999999998
22124,0.77500000000000002,3.1547000000000001
22125,0.65720000000000001,3.1566000000000001
22126,0.372,3.1566000000000001
22127,0.4526,3.1583999999999999
22128,0.3286,3.1583999999999999
22129,-3.621,3.1490999999999998
22130,-3.7016,3.1473
22131,-3.6953999999999998,3.1473
22132,-3.6953999999999998,3.1473
22133,-3.7016,3.1473
22134,-3.7016,3.1454
22135,-3.6953999999999998,3.1454
22136,-3.7016,3.1454
22137,-3.7016,3.1454
22138,-3.6953999999999998,3.1454
22139,-3.7016,3.1454
22140,-3.7016,3.1454
22141,-3.7016,3.1454
22142,1.6865000000000001,3.1583999999999999
22143,1.5004,3.1602999999999999
22144,1.333,3.1621999999999999
22145,0.93620000000000003,3.1621999999999999
22146,0.65100000000000002,3.1621999999999999
22147,0.40920000000000001,3.1621999999999999
22148,0.13020000000000001,3.1621999999999999
22149,-0.3286,3.1621999999999999
22150,-0.73160000000000003,3.1602999999999999
22151,-1.1035999999999999,3.1602999999999999
22152,-1.3453999999999999,3.1602999999999999
22153,-1.4632000000000001,3.1583999999999999
22154,-0.65720000000000001,3.1602999999999999
22155,-0.65720000000000001,3.1621999999999999
22156,-0.65720000000000001,3.1621999999999999
22157,-0.66959999999999997,3.1621999999999999
22158,-0.65720000000000001,3.1621999999999999
22159,-0.65720000000000001,3.1621999999999999
22160,-0.65720000000000001,3.1621999999999999
22161,-0.65720000000000001,3.1621999999999999
22162,-0.65720000000000001,3.1621999999999999
22163,-0.65720000000000001,3.1621999999999999
22164,-0.65720000000000001,3.1621999999999999
22165,-0.65720000000000001,3.1640000000000001
22166,-0.65720000000000001,3.1640000000000001
22167,-0.66959999999999997,3.1640000000000001
22168,-0.65720000000000001,3.1640000000000001
22169,-0.65720000000000001,3.1640000000000001
22170,-0.65720000000000001,3.1640000000000001
22171,-0.66959999999999997,3.1640000000000001
22172,-0.65720000000000001,3.1640000000000001
22173,-0.65720000000000001,3.1640000000000001
22174,-0.65720000000000001,3.1640000000000001
22175,-0.65720000000000001,3.1640000000000001
22176,-0.65720000000000001,3.1640000000000001
22177,-0.65720000000000001,3.1640000000000001
22178,-0.66959999999999997,3.1659000000000002
22179,-0.65720000000000001,3.1659000000000002
22180,-0.65720000000000001,3.1659000000000002
22181,-0.65720000000000001,3.1659000000000002
22182,-2.3003,3.1621999999999999
22183,-3.2614000000000001,3.1583999999999999
22184,-4.2657999999999996,3.1566000000000001
22185,-5.2579000000000002,3.1509999999999998
22186,-6.2561999999999998,3.1490999999999998
22187,-2.1453000000000002,3.1566000000000001
22188,-2.1019000000000001,3.1583999999999999
22189,-5.6547000000000001,3.1490999999999998
22190,-6.3925999999999998,3.1473
22191,-7.2606000000000002,3.1436000000000002
22192,-7.7442000000000002,3.1398000000000001
22193,-8.4200999999999997,3.1379999999999999
22194,-9.1021000000000001,3.1343000000000001
22195,-10.131399999999999,3.1305000000000001
22196,-10.5716,3.1286999999999998
22197,-11.2165,3.125
22198,-3.8193999999999999,3.1379999999999999
22199,-3.7450000000000001,3.1398000000000001
22200,-10.5406,3.1267999999999998
22201,-11.1297,3.1231
22202,-11.2599,3.1212
22203,-12.208500000000001,3.1175000000000002
22204,-12.7728,3.1137999999999999
22205,-13.3308,3.1118999999999999
22206,-13.3866,3.1101000000000001
22207,-14.496499999999999,3.1025999999999998
22208,-5.3013000000000003,3.1231
22209,-5.1835000000000004,3.1267999999999998
22210,-12.686,3.1118999999999999
22211,-13.857799999999999,3.1063000000000001
22212,-13.74,3.1025999999999998
22213,-14.818899999999999,3.0989
22214,-14.7011,3.097
22215,-15.1723,3.0952000000000002
22216,-16.344200000000001,3.0895999999999999
22217,-16.1706,3.0895999999999999
22218,-16.703800000000001,3.0859000000000001
22219,-17.9315,3.0821999999999998
22220,-17.782699999999998,3.0802999999999998
22221,-19.078600000000002,3.0766
22222,-18.917400000000001,3.0747
22223,-8.4511000000000003,3.0952000000000002
22224,-8.3704999999999998,3.0989
22225,-8.3828999999999994,3.1008
22226,-8.3828999999999994,3.1008
22227,-8.3828999999999994,3.1025999999999998
22228,-8.3828999999999994,3.1025999999999998
22229,-8.3704999999999998,3.1063000000000001
22230,-8.3828999999999994,3.1063000000000001
22231,-8.3828999999999994,3.1063000000000001
22232,-8.3828999999999994,3.1063000000000001
22233,-8.3890999999999991,3.1063000000000001
22234,-8.3890999999999991,3.1063000000000001
22235,-8.3828999999999994,3.1063000000000001
22236,-8.3890999999999991,3.1063000000000001
22237,-8.3704999999999998,3.1063000000000001
22238,-8.3828999999999994,3.1063000000000001
22239,-8.3828999999999994,3.1063000000000001
22240,-8.3890999999999991,3.1063000000000001
22241,-8.3828999999999994,3.1063000000000001
22242,-8.3828999999999994,3.1063000000000001
22243,-8.3890999999999991,3.1063000000000001
22244,-8.3704999999999998,3.1063000000000001
22245,-8.3828999999999994,3.1063000000000001
22246,-8.3828999999999994,3.1063000000000001
22247,-8.3704999999999998,3.1063000000000001
22248,-8.3828999999999994,3.1063000000000001
22249,-8.3828999999999994,3.1063000000000001
22250,-8.3828999999999994,3.1063000000000001
22251,-8.3828999999999994,3.1063000000000001
22252,-8.3828999999999994,3.1063000000000001
22253,-8.3704999999999998,3.1063000000000001
22254,-8.3828999999999994,3.1025999999999998
22255,-8.3890999999999991,3.1063000000000001
22256,-8.3828999999999994,3.1025999999999998
22257,-8.3828999999999994,3.1025999999999998
22258,-8.3828999999999994,3.1025999999999998
22259,-8.3890999999999991,3.1025999999999998
22260,-8.3890999999999991,3.1025999999999998
22261,-8.3828999999999994,3.1025999999999998
22262,-8.3890999999999991,3.1025999999999998
22263,-8.3828999999999994,3.1025999999999998
22264,-8.3828999999999994,3.1025999999999998
22265,-8.3704999999999998,3.1025999999999998
22266,-8.3890999999999991,3.1025999999999998
22267,-8.3890999999999991,3.1008
22268,-8.3890999999999991,3.1008
22269,-8.3828999999999994,3.1008
22270,-8.3828999999999994,3.1008
22271,-8.3890999999999991,3.1008
22272,-8.3704999999999998,3.1008
22273,3.8875999999999999,3.1305000000000001
22274,3.8938000000000001,3.1360999999999999
22275,3.7326000000000001,3.1379999999999999
22276,3.5714000000000001,3.1417000000000002
22277,3.3730000000000002,3.1436000000000002
22278,3.218,3.1454
22279,3.0070999999999999,3.1454
22280,2.8210999999999999,3.1473
22281,-5.0160999999999998,3.1324000000000001
22282,-5.1835000000000004,3.1286999999999998
22283,-5.1835000000000004,3.1286999999999998
22284,-5.1835000000000004,3.1267999999999998
22285,-5.1835000000000004,3.1267999999999998
22286,-5.1835000000000004,3.1267999999999998
22287,-5.1835000000000004,3.125
22288,-5.1835000000000004,3.125
22289,-5.1897000000000002,3.125
22290,-5.1835000000000004,3.1231
22291,-5.1835000000000004,3.1231
22292,-5.1835000000000004,3.1231
22293,-5.1772999999999998,3.1231
22294,-5.1897000000000002,3.1231
22295,-5.1772999999999998,3.1231
22296,-5.1835000000000004,3.1231
22297,-5.1772999999999998,3.1231
22298,-5.1835000000000004,3.1212
22299,-5.1835000000000004,3.1212
22300,-5.1897000000000002,3.1212
22301,-5.1835000000000004,3.1212
22302,-5.1772999999999998,3.1212
22303,-5.1772999999999998,3.1212
22304,-5.1772999999999998,3.1212
22305,-5.1835000000000004,3.1212
22306,-5.1835000000000004,3.1212
22307,-5.1835000000000004,3.1212
22308,-5.1835000000000004,3.1212
22309,-5.1897000000000002,3.1212
22310,-5.1835000000000004,3.1212
22311,-5.1835000000000004,3.1212
22312,-5.1835000000000004,3.1194000000000002
22313,-5.1772999999999998,3.1212
22314,-5.1835000000000004,3.1194000000000002
22315,-5.1835000000000004,3.1194000000000002
22316,-5.1835000000000004,3.1194000000000002
22317,-5.1835000000000004,3.1194000000000002
22318,-5.1835000000000004,3.1194000000000002
22319,-5.1835000000000004,3.1194000000000002
22320,-5.1835000000000004,3.1194000000000002
22321,-5.1835000000000004,3.1194000000000002
22322,-5.1897000000000002,3.1194000000000002
22323,-5.1772999999999998,3.1194000000000002
22324,-5.1897000000000002,3.1194000000000002
22325,-5.1835000000000004,3.1194000000000002
22326,-5.1835000000000004,3.1194000000000002
22327,-5.1835000000000004,3.1194000000000002
22328,-5.1835000000000004,3.1194000000000002
22329,-5.1835000000000004,3.1194000000000002
22330,-5.1835000000000004,3.1175000000000002
22331,-5.1835000000000004,3.1175000000000002
22332,-5.1835000000000004,3.1175000000000002
22333,-5.1835000000000004,3.1175000000000002
22334,-5.1772999999999998,3.1175000000000002
22335,-5.1897000000000002,3.1175000000000002
22336,-5.1835000000000004,3.1175000000000002
22337,-5.1897000000000002,3.1175000000000002
22338,-5.1835000000000004,3.1175000000000002
22339,-5.1897000000000002,3.1175000000000002
22340,-5.1835000000000004,3.1175000000000002
22341,-5.1897000000000002,3.1175000000000002
22342,-5.1835000000000004,3.1175000000000002
22343,-5.1835000000000004,3.1175000000000002
22344,-5.1835000000000004,3.1175000000000002
22345,-5.1897000000000002,3.1175000000000002
22346,-5.1835000000000004,3.1175000000000002
22347,-5.1897000000000002,3.1175000000000002
22348,-5.1772999999999998,3.1156000000000001
22349,-5.1897000000000002,3.1156000000000001
22350,-12.7356,3.097
22351,-13.8888,3.0914999999999999
22352,-13.777200000000001,3.0876999999999999
22353,-14.8437,3.0840000000000001
22354,-14.738300000000001,3.0802999999999998
22355,-15.2157,3.0766
22356,-16.381399999999999,3.0729000000000002
22357,-16.213999999999999,3.0710000000000002
22358,-16.7348,3.0672999999999999
22359,-17.987300000000001,3.0617000000000001
22360,-17.819900000000001,3.0598000000000001
22361,-19.134399999999999,3.0543
22362,-18.966999999999999,3.0524
22363,-8.5068999999999999,3.0747
22364,-8.3828999999999994,3.0783999999999998
22365,-8.3890999999999991,3.0802999999999998
22366,-8.3828999999999994,3.0802999999999998
22367,-8.3828999999999994,3.0821999999999998
22368,-8.3890999999999991,3.0821999999999998
22369,-8.3704999999999998,3.0821999999999998
22370,-8.3828999999999994,3.0821999999999998
22371,-8.3828999999999994,3.0840000000000001
22372,-8.3643000000000001,3.0840000000000001
22373,-8.3704999999999998,3.0821999999999998
22374,-8.3828999999999994,3.0840000000000001
22375,-8.3828999999999994,3.0821999999999998
22376,-8.3643000000000001,3.0840000000000001
22377,-8.3890999999999991,3.0821999999999998
22378,-8.3643000000000001,3.0821999999999998
22379,-8.3828999999999994,3.0821999999999998
22380,-8.3890999999999991,3.0821999999999998
22381,-8.3704999999999998,3.0821999999999998
22382,-8.3890999999999991,3.0821999999999998
22383,-8.3828999999999994,3.0821999999999998
22384,-8.3704999999999998,3.0821999999999998
22385,-8.3828999999999994,3.0821999999999998
22386,-8.3704999999999998,3.0821999999999998
22387,-8.3828999999999994,3.0802999999999998
22388,-8.3828999999999994,3.0802999999999998
22389,-8.3704999999999998,3.0802999999999998
22390,-8.3828999999999994,3.0802999999999998
22391,-8.3953000000000007,3.0802999999999998
22392,-8.3828999999999994,3.0802999999999998
22393,-8.3704999999999998,3.0783999999999998
22394,-8.3828999999999994,3.0783999999999998
22395,-8.4324999999999992,3.0783999999999998
22396,-8.4262999999999995,3.0783999999999998
22397,-8.4200999999999997,3.0783999999999998
22398,-8.4262999999999995,3.0783999999999998
22399,-8.4200999999999997,3.0766
22400,-8.4200999999999997,3.0783999999999998
22401,-8.4262999999999995,3.0766
22402,-8.4262999999999995,3.0766
22403,-8.4262999999999995,3.0766
22404,-8.4200999999999997,3.0766
22405,-8.4262999999999995,3.0766
22406,-8.4200999999999997,3.0747
22407,-8.4200999999999997,3.0747
22408,-8.4200999999999997,3.0747
22409,-8.4262999999999995,3.0747
22410,-8.4200999999999997,3.0747
22411,-8.4262999999999995,3.0747
22412,-8.4200999999999997,3.0729000000000002
22413,-14.738300000000001,3.0560999999999998
22414,-14.322900000000001,3.0543
22415,-15.277699999999999,3.0505
22416,-14.831300000000001,3.0487000000000002
22417,-15.8048,3.0449999999999999
22418,-15.3459,3.0430999999999999
22419,-16.381399999999999,3.0394000000000001
22420,-16.660399999999999,3.0375000000000001
22421,-16.145800000000001,3.0375000000000001
22422,-17.218499999999999,3.0318999999999998
22423,-16.685199999999998,3.0318999999999998
22424,-17.8261,3.0282
22425,-17.249500000000001,3.0282
22426,-18.427499999999998,3.0226000000000002
22427,-18.774799999999999,3.0207999999999999
22428,-18.136099999999999,3.0207999999999999
22429,-19.363800000000001,3.0171000000000001
22430,-18.787199999999999,3.0152000000000001
22431,-20.014800000000001,3.0095999999999998
22432,-19.419599999999999,3.0095999999999998
22433,-20.6907,3.004
22434,-21.0503,3.0022000000000002
22435,-20.4055,3.0022000000000002
22436,-21.775700000000001,2.9965999999999999
22437,-21.093699999999998,2.9965999999999999
22438,-22.501200000000001,2.9910000000000001
22439,-21.812899999999999,2.9910000000000001
22440,-23.207999999999998,2.9853999999999998
22441,-23.642099999999999,2.9836
22442,-22.941400000000002,2.9817
22443,-24.410900000000002,2.9780000000000002
22444,-23.685500000000001,2.9761000000000002
22445,-25.198399999999999,2.9723999999999999
22446,-24.4481,2.9706000000000001
22447,-26.053999999999998,2.9649999999999999
22448,-16.424800000000001,2.9853999999999998
22449,-16.338000000000001,2.9872999999999998
22450,-16.325600000000001,2.9891999999999999
22451,-16.331800000000001,2.9891999999999999
22452,-16.338000000000001,2.9891999999999999
22453,-16.338000000000001,2.9891999999999999
22454,-16.338000000000001,2.9872999999999998
22455,-16.331800000000001,2.9872999999999998
22456,-16.338000000000001,2.9872999999999998
22457,-16.338000000000001,2.9872999999999998
22458,-16.338000000000001,2.9853999999999998
22459,-16.331800000000001,2.9853999999999998
22460,-16.331800000000001,2.9836
22461,-16.338000000000001,2.9836
22462,-16.338000000000001,2.9836
22463,-16.331800000000001,2.9817
22464,-16.331800000000001,2.9817
22465,-16.338000000000001,2.9799000000000002
22466,-16.331800000000001,2.9799000000000002
22467,-16.331800000000001,2.9799000000000002
22468,-16.344200000000001,2.9780000000000002
22469,-16.331800000000001,2.9780000000000002
22470,-16.344200000000001,2.9761000000000002
22471,-16.325600000000001,2.9761000000000002
22472,-16.325600000000001,2.9742999999999999
22473,-16.325600000000001,2.9742999999999999
22474,-16.3752,2.9723999999999999
22475,-16.3752,2.9723999999999999
22476,-16.381399999999999,2.9706000000000001
22477,-16.387599999999999,2.9706000000000001
22478,-27.715699999999998,2.9407999999999999
22479,-28.379200000000001,2.9315000000000002
22480,-28.893799999999999,2.9258999999999999
22481,-29.445599999999999,2.9184999999999999
22482,-30.016100000000002,2.9129
22483,-30.561699999999998,2.9073000000000002
22484,-31.1693,2.9016999999999999
22485,-31.727399999999999,2.8980000000000001
22486,-32.335000000000001,2.8923999999999999
22487,-32.973700000000001,2.8868999999999998
22488,-33.581299999999999,2.8813
22489,-34.244700000000002,2.8757000000000001
22490,-34.871000000000002,2.8700999999999999
22491,-35.546799999999998,2.8645
22492,-36.272300000000001,2.859
22493,-36.954300000000003,2.8515000000000001
22494,-37.667400000000001,2.8458999999999999
22495,-38.448599999999999,2.8384999999999998
22496,-39.198900000000002,2.8329
22497,-39.955300000000001,2.8254999999999999
22498,-24.776700000000002,2.859
22499,-24.683700000000002,2.8607999999999998
22500,-24.702300000000001,2.8626999999999998
22501,-24.689900000000002,2.8626999999999998
22502,-24.677499999999998,2.8626999999999998
22503,-24.689900000000002,2.8607999999999998
22504,-24.677499999999998,2.859
22505,-24.7271,2.8571
22506,-24.7395,2.8552
22507,-24.7271,2.8534000000000002
22508,2.8210999999999999,2.9258999999999999
22509,3.2427999999999999,2.9426999999999999
22510,3.5775999999999999,2.9538000000000002
22511,3.8069999999999999,2.9668000000000001
22512,4.0549999999999997,2.9742999999999999
22513,4.2782,2.9817
22514,4.4889999999999999,2.9853999999999998
22515,4.6501999999999999,2.9910000000000001
22516,4.8177000000000003,2.9965999999999999
22517,4.8921000000000001,3.0003000000000002
22518,4.9292999999999996,3.004
22519,4.9417,3.0078
22520,4.8921000000000001,3.0095999999999998
22521,4.8548999999999998,3.0152000000000001
22522,4.7805,3.0171000000000001
22523,4.6875,3.0188999999999999
22524,9.9825999999999997,3.0318999999999998
22525,9.9640000000000004,3.0375000000000001
22526,9.0029000000000003,3.0394000000000001
22527,8.7982999999999993,3.0411999999999999
22528,7.9302999999999999,3.0411999999999999
22529,7.6449999999999996,3.0430999999999999
22530,6.7770000000000001,3.0430999999999999
22531,6.4546000000000001,3.0449999999999999
22532,8.2155000000000005,3.0487000000000002
22533,7.0932000000000004,3.0487000000000002
22534,5.8902999999999999,3.0487000000000002
22535,4.7309000000000001,3.0468000000000002
22536,3.7326000000000001,3.0449999999999999
22537,2.7715000000000001,3.0449999999999999
22538,1.8105,3.0411999999999999
22539,0.40920000000000001,3.0394000000000001
22540,-0.73160000000000003,3.0356999999999998
22541,-1.4259999999999999,3.0337999999999998
22542,-0.65720000000000001,3.0337999999999998
22543,-0.65720000000000001,3.0337999999999998
22544,-0.65720000000000001,3.0337999999999998
22545,-0.66959999999999997,3.0337999999999998
22546,-0.65720000000000001,3.0337999999999998
22547,-0.65720000000000001,3.0337999999999998
22548,-0.65720000000000001,3.0337999999999998
22549,-0.65720000000000001,3.0337999999999998
22550,-0.65720000000000001,3.0318999999999998
22551,-0.66959999999999997,3.0337999999999998
22552,-0.65720000000000001,3.0337999999999998
22553,-0.65720000000000001,3.0337999999999998
22554,-0.65720000000000001,3.0337999999999998
22555,-0.65100000000000002,3.0337999999999998
22556,-0.65720000000000001,3.0337999999999998
22557,-0.65720000000000001,3.0337999999999998
22558,-0.66959999999999997,3.0337999999999998
22559,-0.65720000000000001,3.0337999999999998
22560,-0.65720000000000001,3.0337999999999998
22561,-0.074399999999999994,3.0337999999999998
22562,-0.65720000000000001,3.0337999999999998
22563,-0.65720000000000001,3.0337999999999998
22564,-0.65720000000000001,3.0337999999999998
22565,-0.65720000000000001,3.0337999999999998
22566,-0.65720000000000001,3.0337999999999998
22567,-0.65720000000000001,3.0337999999999998
22568,-0.65720000000000001,3.0337999999999998
22569,-0.65720000000000001,3.0337999999999998
22570,-0.66959999999999997,3.0337999999999998
22571,-0.65720000000000001,3.0337999999999998
22572,-0.66959999999999997,3.0337999999999998
22573,-0.66959999999999997,3.0337999999999998
22574,-2.7467000000000001,3.0301
22575,-4.1852,3.0264000000000002
22576,-5.7725,3.0207999999999999
22577,-7.2172000000000001,3.0152000000000001
22578,-2.1453000000000002,3.0245000000000002
22579,-2.0647000000000002,3.0264000000000002
22580,-2.0585,3.0264000000000002
22581,-2.0585,3.0264000000000002
22582,-2.0585,3.0264000000000002
22583,-2.0585,3.0264000000000002
22584,-2.0647000000000002,3.0264000000000002
22585,-2.0585,3.0264000000000002
22586,-0.30380000000000001,3.0301
22587,-0.70679999999999998,3.0301
22588,-1.0664,3.0301
22589,-1.3453999999999999,3.0282
22590,-1.4632000000000001,3.0282
22591,-0.65720000000000001,3.0301
22592,-0.65720000000000001,3.0301
22593,-0.65720000000000001,3.0318999999999998
22594,-0.66959999999999997,3.0318999999999998
22595,-0.65720000000000001,3.0318999999999998
22596,-0.65720000000000001,3.0318999999999998
22597,-0.65720000000000001,3.0318999999999998
22598,-0.66959999999999997,3.0318999999999998
22599,-0.65720000000000001,3.0318999999999998
22600,-0.65720000000000001,3.0318999999999998
22601,-0.66959999999999997,3.0318999999999998
22602,-0.65720000000000001,3.0337999999999998
22603,-0.65720000000000001,3.0337999999999998
22604,-0.65720000000000001,3.0337999999999998
22605,-0.65720000000000001,3.0337999999999998
22606,-0.65720000000000001,3.0337999999999998
22607,-0.66959999999999997,3.0337999999999998
22608,-0.66959999999999997,3.0337999999999998
22609,-0.66959999999999997,3.0337999999999998
22610,-0.65720000000000001,3.0337999999999998
22611,-0.65720000000000001,3.0337999999999998
22612,-2.1019000000000001,3.0318999999999998
22613,-2.8273000000000001,3.0282
22614,-3.6581999999999999,3.0264000000000002
22615,-4.4951999999999996,3.0226000000000002
22616,-5.1835000000000004,3.0207999999999999
22617,-6.1010999999999997,3.0171000000000001
22618,-7.0125999999999999,3.0133000000000001
22619,-7.7380000000000004,3.0078
22620,-8.9037000000000006,3.004
22621,-9.8957999999999995,2.9984999999999999
22622,-10.5778,2.9929000000000001
22623,-11.892300000000001,2.9872999999999998
22624,-3.5775999999999999,3.004
22625,-3.4722,3.0059
22626,-3.4660000000000002,3.0059
22627,-3.4722,3.0059
22628,-3.4660000000000002,3.0078
22629,-3.4660000000000002,3.0078
22630,-3.4722,3.0078
22631,-3.4660000000000002,3.0078
22632,-3.4660000000000002,3.0078
22633,-3.4660000000000002,3.0078
22634,-3.4660000000000002,3.0078
22635,-3.4660000000000002,3.0078
22636,-3.4598,3.0078
22637,-3.4660000000000002,3.0078
22638,-3.4660000000000002,3.0078
22639,-3.4660000000000002,3.0078
22640,-3.4660000000000002,3.0078
22641,-3.4660000000000002,3.0078
22642,-3.4660000000000002,3.0059
22643,-3.4660000000000002,3.0059
22644,-3.4660000000000002,3.0059
22645,-3.4660000000000002,3.0059
22646,-3.4598,3.0059
22647,-3.4660000000000002,3.0059
22648,1.3702000000000001,3.0188999999999999
22649,1.1718,3.0207999999999999
22650,0.93000000000000005,3.0207999999999999
22651,0.65100000000000002,3.0226000000000002
22652,0.40920000000000001,3.0226000000000002
22653,0.2046,3.0226000000000002
22654,-0.34100000000000003,3.0226000000000002
22655,-0.78739999999999999,3.0207999999999999
22656,-1.1097999999999999,3.0207999999999999
22657,-1.3453999999999999,3.0207999999999999
22658,-1.4632000000000001,3.0207999999999999
22659,-0.65720000000000001,3.0207999999999999
22660,-0.65720000000000001,3.0226000000000002
22661,-0.65720000000000001,3.0226000000000002
22662,-0.65720000000000001,3.0226000000000002
22663,-0.66959999999999997,3.0226000000000002
22664,-0.65720000000000001,3.0226000000000002
22665,-0.65720000000000001,3.0226000000000002
22666,-0.65720000000000001,3.0226000000000002
22667,-0.65720000000000001,3.0226000000000002
22668,-0.66959999999999997,3.0226000000000002
22669,-0.65720000000000001,3.0226000000000002
22670,-0.66959999999999997,3.0245000000000002
22671,-0.66959999999999997,3.0245000000000002
22672,-0.65720000000000001,3.0245000000000002
22673,-0.65720000000000001,3.0245000000000002
22674,-0.65720000000000001,3.0245000000000002
22675,-0.65720000000000001,3.0245000000000002
22676,-0.65720000000000001,3.0245000000000002
22677,-0.65720000000000001,3.0245000000000002
22678,-0.65720000000000001,3.0245000000000002
22679,-0.65720000000000001,3.0245000000000002
22680,-1.7857000000000001,3.0226000000000002
22681,-2.1453000000000002,3.0226000000000002
22682,-2.6227,3.0207999999999999
22683,-2.9823,3.0188999999999999
22684,-3.4163999999999999,3.0171000000000001
22685,-3.8628,3.0152000000000001
22686,-4.4269999999999996,3.0133000000000001
22687,-4.7432999999999996,3.0095999999999998
22688,-5.1835000000000004,3.0078
22689,-5.7042999999999999,3.004
22690,-6.4298000000000002,3.0022000000000002
22691,-7.5396000000000001,2.9965999999999999
22692,-6.4980000000000002,2.9965999999999999
22693,-7.7751999999999999,2.9929000000000001
22694,-8.2960999999999991,2.9910000000000001
22695,-9.2199000000000009,2.9853999999999998
22696,-9.4618000000000002,2.9836
22697,-9.9329999999999998,2.9799000000000002
22698,-10.460000000000001,2.9761000000000002
22699,-11.421099999999999,2.9706000000000001
22700,-11.5451,2.9668000000000001
22701,-12.0969,2.9613
22702,-12.667400000000001,2.9575
22703,-13.74,2.952
22704,-13.820600000000001,2.9481999999999999
22705,-14.459300000000001,2.9426999999999999
22706,-5.2641,2.9613
22707,-5.1276999999999999,2.9668000000000001
22708,-5.1401000000000003,2.9687000000000001
22709,-5.1401000000000003,2.9687000000000001
22710,-5.1401000000000003,2.9706000000000001
22711,-5.1401000000000003,2.9706000000000001
22712,-5.1463000000000001,2.9706000000000001
22713,-5.1401000000000003,2.9706000000000001
22714,-5.1463000000000001,2.9706000000000001
22715,-5.1401000000000003,2.9706000000000001
22716,-5.1463000000000001,2.9706000000000001
22717,-5.1401000000000003,2.9706000000000001
22718,0.96719999999999995,2.9853999999999998
22719,0.97340000000000004,2.9891999999999999
22720,0.65720000000000001,2.9910000000000001
22721,0.76880000000000004,2.9929000000000001
22722,0.65720000000000001,2.9946999999999999
22723,0.372,2.9965999999999999
22724,0.4526,2.9965999999999999
22725,0.33479999999999999,2.9984999999999999
22726,-3.621,2.9910000000000001
22727,-3.7016,2.9891999999999999
22728,-3.7016,2.9872999999999998
22729,-3.6953999999999998,2.9872999999999998
22730,-3.6953999999999998,2.9853999999999998
22731,-3.6953999999999998,2.9853999999999998
22732,-3.6953999999999998,2.9853999999999998
22733,-3.6953999999999998,2.9853999999999998
22734,-3.6953999999999998,2.9836
22735,-3.7016,2.9836
22736,-3.7016,2.9836
22737,-3.6953999999999998,2.9836
22738,-3.7016,2.9836
22739,1.6927000000000001,2.9946999999999999
22740,1.5065999999999999,2.9965999999999999
22741,1.333,2.9984999999999999
22742,0.93620000000000003,3.0003000000000002
22743,0.65100000000000002,3.0003000000000002
22744,0.40920000000000001,3.0003000000000002
22745,0.124,3.0003000000000002
22746,-0.34100000000000003,3.0003000000000002
22747,-0.74399999999999999,2.9984999999999999
22748,-1.1097999999999999,2.9984999999999999
22749,-1.3453999999999999,2.9984999999999999
22750,-1.4632000000000001,2.9984999999999999
22751,-0.65720000000000001,2.9984999999999999
22752,-0.65720000000000001,3.0003000000000002
22753,-0.65720000000000001,3.0003000000000002
22754,-0.65720000000000001,3.0003000000000002
22755,-0.65720000000000001,3.0003000000000002
22756,-0.65720000000000001,3.0003000000000002
22757,-0.65720000000000001,3.0003000000000002
22758,-0.65720000000000001,3.0003000000000002
22759,-0.65720000000000001,3.0022000000000002
22760,-0.65720000000000001,3.0022000000000002
22761,-0.65720000000000001,3.0022000000000002
22762,-0.65720000000000001,3.0022000000000002
22763,-0.65720000000000001,3.0022000000000002
22764,-0.65720000000000001,3.0022000000000002
22765,-0.65720000000000001,3.0022000000000002
22766,-0.65720000000000001,3.0022000000000002
22767,-0.65720000000000001,3.0022000000000002
22768,-0.65720000000000001,3.0022000000000002
22769,-0.66959999999999997,3.0022000000000002
22770,-2.7404999999999999,2.9984999999999999
22771,-4.1790000000000003,2.9946999999999999
22772,-5.8220999999999998,2.9891999999999999
22773,-7.2233999999999998,2.9836
22774,-2.1886999999999999,2.9929000000000001
22775,-2.0647000000000002,2.9929000000000001
22776,-2.0647000000000002,2.9929000000000001
22777,-2.0585,2.9929000000000001
22778,-2.0585,2.9929000000000001
22779,-2.0585,2.9946999999999999
22780,-2.0585,2.9929000000000001
22781,-2.0647000000000002,2.9946999999999999
22782,-0.29759999999999998,2.9965999999999999
22783,-0.70679999999999998,2.9965999999999999
22784,-1.0664,2.9965999999999999
22785,-1.3453999999999999,2.9965999999999999
22786,-1.4632000000000001,2.9965999999999999
22787,-0.65720000000000001,2.9984999999999999
22788,-0.65720000000000001,2.9984999999999999
22789,-0.66959999999999997,2.9984999999999999
22790,-0.65720000000000001,2.9984999999999999
22791,-0.65720000000000001,3.0003000000000002
22792,-0.65720000000000001,3.0003000000000002
22793,-0.65720000000000001,3.0003000000000002
22794,-0.65720000000000001,3.0003000000000002
22795,-0.65720000000000001,3.0003000000000002
22796,-0.66959999999999997,3.0003000000000002
22797,-0.66959999999999997,3.0003000000000002
22798,-0.65720000000000001,3.0003000000000002
22799,-0.65720000000000001,3.0003000000000002
22800,-0.65720000000000001,3.0003000000000002
22801,-0.65720000000000001,3.0003000000000002
22802,-0.65720000000000001,3.0003000000000002
22803,-0.65720000000000001,3.0022000000000002
22804,-0.65720000000000001,3.0022000000000002
22805,-0.65720000000000001,3.0022000000000002
22806,-0.65720000000000001,3.0003000000000002
22807,-0.65720000000000001,3.0022000000000002
22808,-2.1019000000000001,2.9984999999999999
22809,-2.8273000000000001,2.9965999999999999
22810,-3.6520000000000001,2.9929000000000001
22811,-4.4889999999999999,2.9910000000000001
22812,-5.1835000000000004,2.9872999999999998
22813,-6.1444999999999999,2.9836
22814,-7.0250000000000004,2.9799000000000002
22815,-7.7442000000000002,2.9761000000000002
22816,-8.9346999999999994,2.9706000000000001
22817,-9.9391999999999996,2.9649999999999999
22818,-10.5716,2.9594
22819,-11.892300000000001,2.952
22820,-3.5775999999999999,2.9706000000000001
22821,-3.4660000000000002,2.9723999999999999
22822,-3.4660000000000002,2.9723999999999999
22823,-3.4660000000000002,2.9742999999999999
22824,-3.4660000000000002,2.9742999999999999
22825,-3.4660000000000002,2.9742999999999999
22826,-3.4598,2.9742999999999999
22827,-3.4660000000000002,2.9742999999999999
22828,-3.4598,2.9742999999999999
22829,-3.4598,2.9742999999999999
22830,-3.4660000000000002,2.9742999999999999
22831,-3.4660000000000002,2.9742999999999999
22832,-3.4722,2.9742999999999999
22833,-3.4660000000000002,2.9742999999999999
22834,-3.4660000000000002,2.9723999999999999
22835,-3.4722,2.9742999999999999
22836,-3.4660000000000002,2.9723999999999999
22837,-3.4660000000000002,2.9723999999999999
22838,-3.4722,2.9723999999999999
22839,-3.4598,2.9723999999999999
22840,-3.4660000000000002,2.9723999999999999
22841,-3.4598,2.9723999999999999
22842,-3.4722,2.9723999999999999
22843,-3.4598,2.9706000000000001
22844,1.3702000000000001,2.9817
22845,1.2214,2.9853999999999998
22846,0.93620000000000003,2.9853999999999998
22847,0.65100000000000002,2.9872999999999998
22848,0.40920000000000001,2.9872999999999998
22849,0.2046,2.9872999999999998
22850,-0.34100000000000003,2.9872999999999998
22851,-0.78120000000000001,2.9853999999999998
22852,-1.1097999999999999,2.9853999999999998
22853,-1.3453999999999999,2.9853999999999998
22854,-1.4632000000000001,2.9836
22855,-0.65720000000000001,2.9853999999999998
22856,-0.65720000000000001,2.9872999999999998
22857,-0.65720000000000001,2.9872999999999998
22858,-0.65720000000000001,2.9872999999999998
22859,-0.65720000000000001,2.9872999999999998
22860,-0.65720000000000001,2.9872999999999998
22861,-0.65720000000000001,2.9872999999999998
22862,-0.65720000000000001,2.9872999999999998
22863,-0.66959999999999997,2.9891999999999999
22864,-0.65720000000000001,2.9872999999999998
22865,-0.66959999999999997,2.9891999999999999
22866,-0.65720000000000001,2.9891999999999999
22867,-0.65720000000000001,2.9891999999999999
22868,-0.65720000000000001,2.9891999999999999
22869,-0.65720000000000001,2.9891999999999999
22870,-0.65720000000000001,2.9891999999999999
22871,-0.65720000000000001,2.9891999999999999
22872,-0.65720000000000001,2.9891999999999999
22873,-0.66959999999999997,2.9891999999999999
22874,-0.65720000000000001,2.9891999999999999
22875,-0.65720000000000001,2.9891999999999999
22876,-1.7795000000000001,2.9872999999999998
22877,-2.1453000000000002,2.9853999999999998
22878,-2.6164999999999998,2.9836
22879,-2.9823,2.9836
22880,-3.4226000000000001,2.9817
22881,-3.8565999999999998,2.9780000000000002
22882,-4.4580000000000002,2.9761000000000002
22883,-4.7309000000000001,2.9742999999999999
22884,-5.2206999999999999,2.9723999999999999
22885,-5.6981000000000002,2.9687000000000001
22886,-6.4607999999999999,2.9668000000000001
22887,-7.5396000000000001,2.9594
22888,-6.5414000000000003,2.9613
22889,-7.7751999999999999,2.9557000000000002
22890,-8.3457000000000008,2.952
22891,-9.2199000000000009,2.9481999999999999
22892,-9.468,2.9445000000000001
22893,-9.9391999999999996,2.9407999999999999
22894,-10.460000000000001,2.9371
22895,-11.414899999999999,2.9315000000000002
22896,-11.5761,2.9278
22897,-12.0783,2.9241000000000001
22898,-12.6736,2.9184999999999999
22899,-13.7462,2.911
22900,-13.857799999999999,2.9073000000000002
22901,-14.453099999999999,2.9016999999999999
22902,-5.2579000000000002,2.9241000000000001
22903,-5.1401000000000003,2.9258999999999999
22904,-5.1401000000000003,2.9278
22905,-5.1401000000000003,2.9296000000000002
22906,-5.1401000000000003,2.9296000000000002
22907,-5.1463000000000001,2.9296000000000002
22908,-5.1401000000000003,2.9296000000000002
22909,-5.1401000000000003,2.9296000000000002
22910,-5.1338999999999997,2.9296000000000002
22911,-5.1401000000000003,2.9296000000000002
22912,-5.1401000000000003,2.9296000000000002
22913,-5.1338999999999997,2.9296000000000002
22914,0.97340000000000004,2.9445000000000001
22915,1.0105999999999999,2.9481999999999999
22916,0.65100000000000002,2.9500999999999999
22917,0.77500000000000002,2.952
22918,0.65100000000000002,2.9538000000000002
22919,0.372,2.9557000000000002
22920,0.4526,2.9575
22921,0.3286,2.9575
22922,-3.6272000000000002,2.9500999999999999
22923,-3.7016,2.9481999999999999
22924,-3.7016,2.9464000000000001
22925,-3.6953999999999998,2.9464000000000001
22926,-3.7016,2.9464000000000001
22927,-3.6953999999999998,2.9445000000000001
22928,-3.7016,2.9445000000000001
22929,-3.6953999999999998,2.9426999999999999
22930,-3.7016,2.9426999999999999
22931,-3.7078000000000002,2.9426999999999999
22932,-3.7016,2.9426999999999999
22933,-3.7016,2.9426999999999999
22934,-3.7016,2.9407999999999999
22935,1.6927000000000001,2.9538000000000002
22936,1.5004,2.9557000000000002
22937,1.3391999999999999,2.9594
22938,0.93620000000000003,2.9594
22939,0.65720000000000001,2.9594
22940,0.40920000000000001,2.9594
22941,0.124,2.9594
22942,-0.34100000000000003,2.9594
22943,-0.74399999999999999,2.9594
22944,-1.1097999999999999,2.9575
22945,-1.3515999999999999,2.9575
22946,-1.4632000000000001,2.9575
22947,-0.65720000000000001,2.9575
22948,-0.65720000000000001,2.9594
22949,-0.65720000000000001,2.9594
22950,-0.66959999999999997,2.9594
22951,-0.65720000000000001,2.9594
22952,-0.65720000000000001,2.9613
22953,-0.65720000000000001,2.9594
22954,-0.66959999999999997,2.9613
22955,-0.66959999999999997,2.9613
22956,-0.66959999999999997,2.9613
22957,-0.66959999999999997,2.9613
22958,-0.65720000000000001,2.9613
22959,-0.65720000000000001,2.9613
22960,-0.65720000000000001,2.9613
22961,-0.65720000000000001,2.9613
22962,-0.65720000000000001,2.9613
22963,-0.66959999999999997,2.9613
22964,-0.65720000000000001,2.9613
22965,-0.65720000000000001,2.9649999999999999
22966,-2.7467000000000001,2.9575
22967,-4.1852,2.9538000000000002
22968,-5.8159000000000001,2.9481999999999999
22969,-7.2172000000000001,2.9426999999999999
22970,-2.1825000000000001,2.9500999999999999
22971,-2.1019000000000001,2.952
22972,-2.1019000000000001,2.952
22973,-2.1019000000000001,2.952
22974,-2.1019000000000001,2.952
22975,-2.1019000000000001,2.952
22976,-2.1019000000000001,2.952
22977,-2.1080999999999999,2.952
22978,-0.29759999999999998,2.9557000000000002
22979,-0.70679999999999998,2.9557000000000002
22980,-1.0664,2.9557000000000002
22981,-1.3453999999999999,2.9557000000000002
22982,-1.4632000000000001,2.9557000000000002
22983,-0.65720000000000001,2.9575
22984,-0.65720000000000001,2.9575
22985,-0.65720000000000001,2.9575
22986,-0.65720000000000001,2.9575
22987,-0.66959999999999997,2.9575
22988,-0.65720000000000001,2.9594
22989,-0.65720000000000001,2.9594
22990,-0.65720000000000001,2.9594
22991,-0.65720000000000001,2.9594
22992,-0.65720000000000001,2.9594
22993,-0.65720000000000001,2.9594
22994,-0.65720000000000001,2.9594
22995,-0.65720000000000001,2.9594
22996,-0.65720000000000001,2.9594
22997,-0.65720000000000001,2.9594
22998,-0.66959999999999997,2.9594
22999,-0.65720000000000001,2.9613
23000,-0.65720000000000001,2.9613
23001,-0.65720000000000001,2.9594
23002,-0.65720000000000001,2.9613
23003,-0.65720000000000001,2.9613
23004,-2.1019000000000001,2.9575
23005,-2.8273000000000001,2.9557000000000002
23006,-3.6581999999999999,2.952
23007,-4.5014000000000003,2.9500999999999999
23008,-5.1835000000000004,2.9464000000000001
23009,-6.1444999999999999,2.9407999999999999
23010,-7.056,2.9371
23011,-7.7690000000000001,2.9333999999999998
23012,-8.9408999999999992,2.9278
23013,-9.9329999999999998,2.9222000000000001
23014,-10.6212,2.9165999999999999
23015,-11.929500000000001,2.9073000000000002
23016,-3.5838000000000001,2.9258999999999999
23017,-3.5032000000000001,2.9296000000000002
23018,-3.4969999999999999,2.9296000000000002
23019,-3.5032000000000001,2.9296000000000002
23020,-3.4969999999999999,2.9296000000000002
23021,-3.4969999999999999,2.9315000000000002
23022,-3.5032000000000001,2.9315000000000002
23023,-3.5032000000000001,2.9296000000000002
23024,-3.5032000000000001,2.9296000000000002
23025,-3.5032000000000001,2.9296000000000002
23026,-3.5032000000000001,2.9296000000000002
23027,-3.4969999999999999,2.9296000000000002
23028,-3.5032000000000001,2.9296000000000002
23029,-3.5032000000000001,2.9296000000000002
23030,-3.5093999999999999,2.9296000000000002
23031,-3.5093999999999999,2.9278
23032,-3.5093999999999999,2.9278
23033,-3.5032000000000001,2.9278
23034,-3.5032000000000001,2.9278
23035,-3.5032000000000001,2.9278
23036,-3.5032000000000001,2.9278
23037,-3.4969999999999999,2.9278
23038,-3.5032000000000001,2.9258999999999999
23039,-3.5032000000000001,2.9258999999999999
23040,1.3702000000000001,2.9388999999999998
23041,1.2152000000000001,2.9407999999999999
23042,0.93620000000000003,2.9407999999999999
23043,0.65100000000000002,2.9426999999999999
23044,0.40920000000000001,2.9426999999999999
23045,0.2046,2.9426999999999999
23046,-0.32240000000000002,2.9426999999999999
23047,-0.78739999999999999,2.9407999999999999
23048,-1.1035999999999999,2.9407999999999999
23049,-1.3453999999999999,2.9407999999999999
23050,-1.4632000000000001,2.9407999999999999
23051,-0.65720000000000001,2.9426999999999999
23052,-0.65720000000000001,2.9426999999999999
23053,-0.65720000000000001,2.9426999999999999
23054,-0.65720000000000001,2.9426999999999999
23055,-0.65720000000000001,2.9426999999999999
23056,-0.65720000000000001,2.9426999999999999
23057,-0.65720000000000001,2.9426999999999999
23058,-0.65720000000000001,2.9445000000000001
23059,-0.65720000000000001,2.9445000000000001
23060,-0.65720000000000001,2.9445000000000001
23061,-0.65720000000000001,2.9445000000000001
23062,-0.65720000000000001,2.9445000000000001
23063,-0.65720000000000001,2.9445000000000001
23064,-0.65720000000000001,2.9445000000000001
23065,-0.65720000000000001,2.9445000000000001
23066,-0.65720000000000001,2.9445000000000001
23067,-0.65720000000000001,2.9445000000000001
23068,-0.65720000000000001,2.9445000000000001
23069,-0.65720000000000001,2.9445000000000001
23070,-0.65720000000000001,2.9445000000000001
23071,-0.65720000000000001,2.9464000000000001
23072,-1.7795000000000001,2.9426999999999999
23073,-2.1515,2.9407999999999999
23074,-2.6227,2.9388999999999998
23075,-2.9885000000000002,2.9371
23076,-3.4163999999999999,2.9371
23077,-3.8628,2.9352
23078,-4.4580000000000002,2.9315000000000002
23079,-4.7432999999999996,2.9296000000000002
23080,-5.2268999999999997,2.9278
23081,-5.6981000000000002,2.9241000000000001
23082,-6.4732000000000003,2.9203000000000001
23083,-7.5396000000000001,2.9165999999999999
23084,-6.5351999999999997,2.9165999999999999
23085,-7.7813999999999997,2.9091999999999998
23086,-8.3394999999999992,2.9055
23087,-9.2199000000000009,2.9016999999999999
23088,-9.4556000000000004,2.8980000000000001
23089,-9.9763999999999999,2.8923999999999999
23090,-10.491,2.8887
23091,-11.464499999999999,2.8831000000000002
23092,-11.5761,2.8794
23093,-12.1465,2.8738000000000001
23094,-12.6922,2.8664000000000001
23095,-13.771000000000001,2.8607999999999998
23096,-13.901199999999999,2.8552
23097,-14.496499999999999,2.8496999999999999
23098,-5.2641,2.8719999999999999
23099,-5.1772999999999998,2.8757000000000001
23100,-5.1772999999999998,2.8776000000000002
23101,-5.1835000000000004,2.8776000000000002
23102,-5.1772999999999998,2.8776000000000002
23103,-5.1772999999999998,2.8794
23104,-5.1835000000000004,2.8794
23105,-5.1835000000000004,2.8794
23106,-5.1897000000000002,2.8794
23107,-5.1835000000000004,2.8794
23108,-5.1835000000000004,2.8794
23109,-5.1835000000000004,2.8776000000000002
23110,0.97340000000000004,2.8942999999999999
23111,1.0167999999999999,2.8980000000000001
23112,0.65720000000000001,2.8999000000000001
23113,0.76880000000000004,2.9036
23114,0.65720000000000001,2.9036
23115,0.372,2.9055
23116,0.4526,2.9073000000000002
23117,0.3286,2.9073000000000002
23118,-3.6272000000000002,2.8999000000000001
23119,-3.6953999999999998,2.8980000000000001
23120,-3.7016,2.8961999999999999
23121,-3.7016,2.8961999999999999
23122,-3.7016,2.8942999999999999
23123,-3.7016,2.8942999999999999
23124,-3.7078000000000002,2.8942999999999999
23125,-3.7016,2.8923999999999999
23126,-3.7016,2.8923999999999999
23127,-3.7078000000000002,2.8923999999999999
23128,-3.7016,2.8923999999999999
23129,-3.6953999999999998,2.8906000000000001
23130,-3.6953999999999998,2.8906000000000001
23131,1.6927000000000001,2.9036
23132,1.5065999999999999,2.9055
23133,1.333,2.9073000000000002
23134,0.93000000000000005,2.9091999999999998
23135,0.65720000000000001,2.9091999999999998
23136,0.40920000000000001,2.9091999999999998
23137,0.13020000000000001,2.9091999999999998
23138,-0.33479999999999999,2.9091999999999998
23139,-0.73160000000000003,2.9091999999999998
23140,-1.1097999999999999,2.9073000000000002
23141,-1.3453999999999999,2.9073000000000002
23142,-1.4632000000000001,2.9073000000000002
23143,-0.65720000000000001,2.9091999999999998
23144,-0.66959999999999997,2.9091999999999998
23145,-0.65720000000000001,2.9091999999999998
23146,-0.65720000000000001,2.9091999999999998
23147,-0.65720000000000001,2.9091999999999998
23148,-0.65720000000000001,2.9091999999999998
23149,-0.65720000000000001,2.9091999999999998
23150,-0.65720000000000001,2.911
23151,-0.66959999999999997,2.911
23152,-0.65720000000000001,2.911
23153,-0.65720000000000001,2.911
23154,-0.65720000000000001,2.911
23155,-0.65720000000000001,2.911
23156,-0.66959999999999997,2.911
23157,-0.65720000000000001,2.911
23158,-0.65720000000000001,2.9129
23159,-0.65720000000000001,2.911
23160,-0.65720000000000001,2.9129
23161,-0.65720000000000001,2.9129
23162,-2.7467000000000001,2.9073000000000002
23163,-4.1852,2.9036
23164,-5.8282999999999996,2.8980000000000001
23165,-7.2606000000000002,2.8906000000000001
23166,-2.1825000000000001,2.8999000000000001
23167,-2.1019000000000001,2.9016999999999999
23168,-2.1019000000000001,2.8999000000000001
23169,-2.1019000000000001,2.9016999999999999
23170,-2.1019000000000001,2.9016999999999999
23171,-2.1019000000000001,2.9016999999999999
23172,-2.1019000000000001,2.9016999999999999
23173,-2.1019000000000001,2.8999000000000001
23174,-0.29759999999999998,2.9055
23175,-0.70679999999999998,2.9055
23176,-1.0664,2.9055
23177,-1.3453999999999999,2.9036
23178,-1.4632000000000001,2.9036
23179,-0.65720000000000001,2.9055
23180,-0.65720000000000001,2.9073000000000002
23181,-0.65720000000000001,2.9073000000000002
23182,-0.65720000000000001,2.9073000000000002
23183,-0.65720000000000001,2.9073000000000002
23184,-0.65720000000000001,2.9073000000000002
23185,-0.65720000000000001,2.9073000000000002
23186,-0.66959999999999997,2.9073000000000002
23187,-0.65720000000000001,2.9073000000000002
23188,-0.65720000000000001,2.9073000000000002
23189,-0.65720000000000001,2.9091999999999998
23190,-0.65720000000000001,2.9091999999999998
23191,-0.65720000000000001,2.9091999999999998
23192,-0.65720000000000001,2.9091999999999998
23193,-0.65720000000000001,2.9091999999999998
23194,-0.65720000000000001,2.9091999999999998
23195,-0.66959999999999997,2.9091999999999998
23196,-0.65720000000000001,2.9091999999999998
23197,-0.66959999999999997,2.9091999999999998
23198,-0.65720000000000001,2.9091999999999998
23199,-0.65720000000000001,2.9091999999999998
23200,-2.1453000000000002,2.9073000000000002
23201,-2.8273000000000001,2.9036
23202,-3.6953999999999998,2.9016999999999999
23203,-4.5076000000000001,2.8980000000000001
23204,-5.1835000000000004,2.8942999999999999
23205,-6.1506999999999996,2.8906000000000001
23206,-7.0498000000000003,2.8849999999999998
23207,-7.7751999999999999,2.8813
23208,-8.9408999999999992,2.8738000000000001
23209,-9.9391999999999996,2.8664000000000001
23210,-10.6274,2.8607999999999998
23211,-11.935700000000001,2.8534000000000002
23212,-3.6272000000000002,2.8719999999999999
23213,-3.4969999999999999,2.8738000000000001
23214,-3.5032000000000001,2.8757000000000001
23215,-3.4969999999999999,2.8757000000000001
23216,-3.5032000000000001,2.8757000000000001
23217,-3.5032000000000001,2.8757000000000001
23218,-3.5032000000000001,2.8757000000000001
23219,-3.5032000000000001,2.8757000000000001
23220,-3.5032000000000001,2.8757000000000001
23221,-3.5032000000000001,2.8757000000000001
23222,-3.5032000000000001,2.8757000000000001
23223,-3.5032000000000001,2.8757000000000001
23224,-3.5032000000000001,2.8738000000000001
23225,-3.5032000000000001,2.8738000000000001
23226,-3.5032000000000001,2.8738000000000001
23227,-3.5032000000000001,2.8738000000000001
23228,-3.5032000000000001,2.8738000000000001
23229,-3.4969999999999999,2.8738000000000001
23230,-3.5032000000000001,2.8719999999999999
23231,-3.4969999999999999,2.8719999999999999
23232,-3.5093999999999999,2.8719999999999999
23233,-3.5032000000000001,2.8719999999999999
23234,-3.5032000000000001,2.8700999999999999
23235,-3.4969999999999999,2.8700999999999999
23236,1.3702000000000001,2.8831000000000002
23237,1.2152000000000001,2.8849999999999998
23238,0.93620000000000003,2.8868999999999998
23239,0.65100000000000002,2.8868999999999998
23240,0.40920000000000001,2.8887
23241,0.21079999999999999,2.8887
23242,-0.33479999999999999,2.8887
23243,-0.78739999999999999,2.8868999999999998
23244,-1.1035999999999999,2.8868999999999998
23245,-1.3515999999999999,2.8849999999999998
23246,-1.4632000000000001,2.8849999999999998
23247,-0.66959999999999997,2.8868999999999998
23248,-0.65720000000000001,2.8868999999999998
23249,-0.65720000000000001,2.8868999999999998
23250,-0.66959999999999997,2.8887
23251,-0.65720000000000001,2.8887
23252,-0.65720000000000001,2.8887
23253,-0.65720000000000001,2.8887
23254,-0.66959999999999997,2.8887
23255,-0.65720000000000001,2.8887
23256,-0.66959999999999997,2.8887
23257,-0.65720000000000001,2.8887
23258,-0.65720000000000001,2.8887
23259,-0.65720000000000001,2.8887
23260,-0.65720000000000001,2.8906000000000001
23261,-0.65720000000000001,2.8906000000000001
23262,-0.65720000000000001,2.8906000000000001
23263,-0.65720000000000001,2.8906000000000001
23264,-0.65720000000000001,2.8906000000000001
23265,-0.65720000000000001,2.8906000000000001
23266,-0.65720000000000001,2.8906000000000001
23267,-0.65720000000000001,2.8906000000000001
23268,-1.7795000000000001,2.8887
23269,-2.1453000000000002,2.8868999999999998
23270,-2.6164999999999998,2.8849999999999998
23271,-3.0257000000000001,2.8831000000000002
23272,-3.4226000000000001,2.8813
23273,-3.8628,2.8794
23274,-4.4641999999999999,2.8757000000000001
23275,-4.7866999999999997,2.8738000000000001
23276,-5.2268999999999997,2.8700999999999999
23277,-5.7290999999999999,2.8664000000000001
23278,-6.4546000000000001,2.8626999999999998
23279,-7.5705999999999998,2.8571
23280,-6.5414000000000003,2.8571
23281,-7.8186999999999998,2.8515000000000001
23282,-8.3519000000000005,2.8477999999999999
23283,-9.2570999999999994,2.8422000000000001
23284,-9.4990000000000006,2.8384999999999998
23285,-9.9825999999999997,2.8329
23286,-10.503399999999999,2.8292000000000002
23287,-11.464499999999999,2.8235999999999999
23288,-11.6257,2.8161999999999998
23289,-12.1465,2.8106
23290,-12.698399999999999,2.8050000000000002
23291,-13.814399999999999,2.7976000000000001
23292,-13.895,2.7919999999999998
23293,-14.496499999999999,2.7864
23294,-5.2579000000000002,2.8069000000000002
23295,-5.1835000000000004,2.8106
23296,-5.1835000000000004,2.8106
23297,-5.1772999999999998,2.8125
23298,-5.1897000000000002,2.8125
23299,-5.1835000000000004,2.8125
23300,-5.1772999999999998,2.8125
23301,-5.1897000000000002,2.8125
23302,-5.1835000000000004,2.8125
23303,-5.1835000000000004,2.8125
23304,-5.1835000000000004,2.8125
23305,-5.1835000000000004,2.8125
23306,0.96719999999999995,2.8292000000000002
23307,1.0105999999999999,2.8348
23308,0.65100000000000002,2.8365999999999998
23309,0.77500000000000002,2.8384999999999998
23310,0.65100000000000002,2.8422000000000001
23311,0.372,2.8422000000000001
23312,0.4526,2.8441000000000001
23313,0.33479999999999999,2.8458999999999999
23314,-3.621,2.8365999999999998
23315,-3.7016,2.8348
23316,-3.7016,2.8329
23317,-3.7016,2.8329
23318,-3.6953999999999998,2.8311000000000002
23319,-3.7016,2.8311000000000002
23320,-3.7016,2.8292000000000002
23321,-3.7016,2.8292000000000002
23322,-3.7016,2.8273000000000001
23323,-3.6953999999999998,2.8273000000000001
23324,-3.6953999999999998,2.8273000000000001
23325,-3.6953999999999998,2.8254999999999999
23326,-3.6953999999999998,2.8254999999999999
23327,1.6865000000000001,2.8384999999999998
23328,1.5065999999999999,2.8422000000000001
23329,1.333,2.8441000000000001
23330,0.93620000000000003,2.8441000000000001
23331,0.65100000000000002,2.8458999999999999
23332,0.40920000000000001,2.8458999999999999
23333,0.13020000000000001,2.8458999999999999
23334,-0.33479999999999999,2.8458999999999999
23335,-0.74399999999999999,2.8458999999999999
23336,-1.1097999999999999,2.8441000000000001
23337,-1.3453999999999999,2.8441000000000001
23338,-1.4694,2.8441000000000001
23339,-0.65720000000000001,2.8441000000000001
23340,-0.65720000000000001,2.8458999999999999
23341,-0.65720000000000001,2.8458999999999999
23342,-0.65720000000000001,2.8458999999999999
23343,-0.65720000000000001,2.8458999999999999
23344,-0.65720000000000001,2.8458999999999999
23345,-0.65720000000000001,2.8458999999999999
23346,-0.66959999999999997,2.8458999999999999
23347,-0.65720000000000001,2.8477999999999999
23348,-0.65720000000000001,2.8477999999999999
23349,-0.65720000000000001,2.8477999999999999
23350,-0.65720000000000001,2.8477999999999999
23351,-0.66959999999999997,2.8477999999999999
23352,-0.65720000000000001,2.8477999999999999
23353,-0.65720000000000001,2.8477999999999999
23354,-0.65720000000000001,2.8477999999999999
23355,-0.65720000000000001,2.8477999999999999
23356,-0.65720000000000001,2.8477999999999999
23357,-0.66959999999999997,2.8496999999999999
23358,-0.65720000000000001,2.8496999999999999
23359,-0.65720000000000001,2.8496999999999999
23360,-0.65720000000000001,2.8496999999999999
23361,-0.65720000000000001,2.8496999999999999
23362,-0.65720000000000001,2.8496999999999999
23363,-0.65720000000000001,2.8496999999999999
23364,-0.65720000000000001,2.8496999999999999
23365,-0.65720000000000001,2.8496999999999999
23366,-0.65720000000000001,2.8496999999999999
23367,-2.3127,2.8458999999999999
23368,-3.2551999999999999,2.8422000000000001
23369,-4.2657999999999996,2.8384999999999998
23370,-5.2579000000000002,2.8329
23371,-6.2624000000000004,2.8292000000000002
23372,-2.1453000000000002,2.8365999999999998
23373,-2.1019000000000001,2.8365999999999998
23374,-5.6670999999999996,2.8273000000000001
23375,-6.3864000000000001,2.8235999999999999
23376,-7.2667999999999999,2.8161999999999998
23377,-7.7442000000000002,2.8125
23378,-8.4324999999999992,2.8069000000000002
23379,-9.1082999999999998,2.8012999999999999
23380,-10.137600000000001,2.7957000000000001
23381,-10.5716,2.7900999999999998
23382,-11.2227,2.7845
23383,-3.8256000000000001,2.7993999999999999
23384,-3.7387999999999999,2.8012999999999999
23385,-10.546799999999999,2.7845
23386,-11.135899999999999,2.7770999999999999
23387,-11.2599,2.7696999999999998
23388,-12.214700000000001,2.7622
23389,-12.7728,2.7566000000000002
23390,-13.337,2.7492000000000001
23391,-13.3804,2.7435999999999998
23392,-14.4841,2.7362000000000002
23393,-5.2950999999999997,2.7566000000000002
23394,-5.1835000000000004,2.7604000000000002
23395,-12.6922,2.7399
23396,-13.857799999999999,2.7305999999999999
23397,-13.7524,2.7231999999999998
23398,-14.825100000000001,2.7157
23399,-14.7011,2.7101000000000002
23400,-15.184699999999999,2.7027000000000001
23401,-16.344200000000001,2.6934
23402,-16.1706,2.6878000000000002
23403,-16.697600000000001,2.6821999999999999
23404,-17.9377,2.6711
23405,-17.776499999999999,2.6636000000000002
23406,-19.091000000000001,2.6543000000000001
23407,-18.936,2.6469
23408,-8.4634999999999998,2.6728999999999998
23409,-8.3704999999999998,2.6766999999999999
23410,-8.3890999999999991,2.6804000000000001
23411,-8.3828999999999994,2.6804000000000001
23412,-8.3704999999999998,2.6804000000000001
23413,-8.3828999999999994,2.6804000000000001
23414,-8.3704999999999998,2.6766999999999999
23415,-8.3890999999999991,2.6766999999999999
23416,-8.3890999999999991,2.6747999999999998
23417,-8.3828999999999994,2.6747999999999998
23418,-8.3704999999999998,2.6728999999999998
23419,-8.3704999999999998,2.6711
23420,-8.3953000000000007,2.6692
23421,-8.3828999999999994,2.6692
23422,-8.3828999999999994,2.6674000000000002
23423,-8.3890999999999991,2.6655000000000002
23424,-8.3890999999999991,2.6636000000000002
23425,-8.3890999999999991,2.6617999999999999
23426,-8.3890999999999991,2.6598999999999999
23427,-8.3704999999999998,2.6581000000000001
23428,-8.3704999999999998,2.6562000000000001
23429,-8.3890999999999991,2.6543000000000001
23430,-8.3704999999999998,2.6524999999999999
23431,-8.3828999999999994,2.6505999999999998
23432,-8.3704999999999998,2.6488
23433,-8.3828999999999994,2.645
23434,-8.3828999999999994,2.6432000000000002
23435,-8.3890999999999991,2.6413000000000002
23436,-8.3890999999999991,2.6395
23437,-8.3828999999999994,2.6375999999999999
23438,-8.3828999999999994,2.6339000000000001
23439,-8.3704999999999998,2.6301999999999999
23440,-8.3890999999999991,2.6282999999999999
23441,-8.3890999999999991,2.6263999999999998
23442,-8.3890999999999991,2.6246
23443,-8.3828999999999994,2.6208999999999998
23444,-8.3890999999999991,2.6190000000000002
23445,-8.3890999999999991,2.6171000000000002
23446,-8.3828999999999994,2.6133999999999999
23447,-8.3828999999999994,2.6116000000000001
23448,-8.3828999999999994,2.6097000000000001
23449,-8.3828999999999994,2.6059999999999999
23450,-8.3828999999999994,2.6040999999999999
23451,-8.3704999999999998,2.6004
23452,-8.3890999999999991,2.5985
23453,-8.3828999999999994,2.5948000000000002
23454,-8.3890999999999991,2.593
23455,-8.3828999999999994,2.5891999999999999
23456,-8.3890999999999991,2.5874000000000001
23457,-8.3890999999999991,2.5817999999999999
23458,3.8938000000000001,2.6227
23459,3.8938000000000001,2.6356999999999999
23460,3.7326000000000001,2.645
23461,3.5714000000000001,2.6524999999999999
23462,3.3730000000000002,2.6562000000000001
23463,3.218,2.6617999999999999
23464,3.0133000000000001,2.6655000000000002
23465,2.8149000000000002,2.6692
23466,-5.0160999999999998,2.6488
23467,-5.1835000000000004,2.6432000000000002
23468,-5.1835000000000004,2.6395
23469,-5.1835000000000004,2.6356999999999999
23470,-5.1835000000000004,2.6301999999999999
23471,-5.1835000000000004,2.6282999999999999
23472,-5.1772999999999998,2.6246
23473,-5.1897000000000002,2.6227
23474,-5.1835000000000004,2.6208999999999998
23475,-5.1772999999999998,2.6171000000000002
23476,-5.1835000000000004,2.6153
23477,-5.1835000000000004,2.6133999999999999
23478,-5.1835000000000004,2.6116000000000001
23479,-5.1835000000000004,2.6097000000000001
23480,-5.1897000000000002,2.6078000000000001
23481,-5.1835000000000004,2.6040999999999999
23482,-5.1897000000000002,2.6023000000000001
23483,-5.1835000000000004,2.6004
23484,-5.1835000000000004,2.5985
23485,-5.1897000000000002,2.5948000000000002
23486,-5.1772999999999998,2.593
23487,-5.1897000000000002,2.5911
23488,-5.1897000000000002,2.5891999999999999
23489,-5.1835000000000004,2.5855000000000001
23490,-5.1835000000000004,2.5817999999999999
23491,-5.1835000000000004,2.5798999999999999
23492,-5.1897000000000002,2.5781000000000001
23493,-5.1835000000000004,2.5743999999999998
23494,-5.1835000000000004,2.5724999999999998
23495,-5.1835000000000004,2.5706000000000002
23496,-5.1897000000000002,2.5669
23497,-5.1897000000000002,2.5651000000000002
23498,-5.1772999999999998,2.5613000000000001
23499,-5.1835000000000004,2.5594999999999999
23500,-5.1835000000000004,2.5558000000000001
23501,-5.1835000000000004,2.5539000000000001
23502,-5.1835000000000004,2.5501999999999998
23503,-5.1835000000000004,2.5482999999999998
23504,-5.1835000000000004,2.5446
23505,-5.1835000000000004,2.5427
23506,-5.1772999999999998,2.5390000000000001
23507,-5.1835000000000004,2.5333999999999999
23508,-5.1835000000000004,2.5297000000000001
23509,-5.1772999999999998,2.5278999999999998
23510,-5.1835000000000004,2.5240999999999998
23511,-5.1835000000000004,2.5204
23512,-5.1835000000000004,2.5167000000000002
23513,-5.1772999999999998,2.5148000000000001
23514,-5.1835000000000004,2.5110999999999999
23515,-5.1897000000000002,2.5074000000000001
23516,-5.1835000000000004,2.5017999999999998
23517,-5.1835000000000004,2.4981
23518,-5.1835000000000004,2.4944000000000002
23519,-5.1772999999999998,2.4906000000000001
23520,-5.1835000000000004,2.4851000000000001
23521,-5.1835000000000004,2.4813000000000001
23522,-5.1835000000000004,2.4758
23523,-5.1772999999999998,2.4702000000000002
23524,-5.1959,2.4664999999999999
23525,-5.1835000000000004,2.4609000000000001
23526,-5.1772999999999998,2.4552999999999998
23527,-5.1835000000000004,2.4516
