time_s,current_A,voltage_V
0,0,3.6364999999999998
1,0,3.6328
2,0,3.629
3,0,3.6272000000000002
4,0,3.6234999999999999
5,0,3.6215999999999999
6,0,3.6160000000000001
7,0,3.6141999999999999
8,0,3.6122999999999998
9,0,3.6103999999999998
10,0,3.6086
11,0,3.6067
12,0,3.6049000000000002
13,0,3.6030000000000002
14,0,3.6011000000000002
15,0,3.5992999999999999
16,0,3.5973999999999999
17,0,3.5956000000000001
18,0,3.5937000000000001
19,0,3.5937000000000001
20,0,3.5918000000000001
21,0,3.5899999999999999
22,0,3.5880999999999998
23,0,3.5880999999999998
24,0,3.5863
25,0,3.5844
26,0,3.5844
27,0,3.5825
28,0,3.5825
29,0,3.5807000000000002
30,0,3.5788000000000002
31,0,3.5788000000000002
32,0,3.577
33,0,3.5750999999999999
34,0,3.5750999999999999
35,0,3.5750999999999999
36,0,3.5731999999999999
37,0,3.5695000000000001
38,0,3.5695000000000001
39,0,3.5676999999999999
40,0,3.5676999999999999
41,0,3.5657999999999999
42,0,3.5657999999999999
43,0,3.5657999999999999
44,0,3.5638999999999998
45,0,3.5638999999999998
46,0,3.5621
47,0,3.5621
48,0,3.5602
49,0,3.5602
50,0,3.5602
51,0,3.5583999999999998
52,0,3.5583999999999998
53,0,3.5583999999999998
54,0,3.5565000000000002
55,0,3.5565000000000002
56,0,3.5565000000000002
57,0,3.5546000000000002
58,0,3.5546000000000002
59,0,3.5528
60,0,3.5528
61,0,3.5528
62,0,3.5508999999999999
63,0,3.5508999999999999
64,0,3.5508999999999999
65,0,3.5491000000000001
66,0,3.5491000000000001
67,0,3.5491000000000001
68,0,3.5491000000000001
69,0,3.5472000000000001
70,0,3.5472000000000001
71,0,3.5472000000000001
72,0,3.5453000000000001
73,0,3.5453000000000001
74,0,3.5453000000000001
75,0,3.5453000000000001
76,0,3.5434999999999999
77,0,3.5434999999999999
78,0,3.5434999999999999
79,0,3.5434999999999999
80,0,3.5434999999999999
81,0,3.5415999999999999
82,0,3.5415999999999999
83,0,3.5415999999999999
84,0,3.5398000000000001
85,0,3.5398000000000001
86,0,3.5398000000000001
87,0,3.5398000000000001
88,0,3.5379
89,0,3.5379
90,0,3.5379
91,0,3.5379
92,0,3.536
93,0,3.536
94,0,3.536
95,0,3.536
96,0,3.536
97,0,3.5341999999999998
98,0,3.5341999999999998
99,0,3.5341999999999998
100,0,3.5341999999999998
101,0,3.5323000000000002
102,0,3.5323000000000002
103,0,3.5323000000000002
104,0,3.5323000000000002
105,0,3.5323000000000002
106,0,3.5305
107,0,3.5305
108,0,3.5305
109,0,3.5305
110,0,3.5305
111,0,3.5305
112,0,3.5286
113,0,3.5286
114,0,3.5286
115,0,3.5286
116,0,3.5286
117,0,3.5266999999999999
118,0,3.5266999999999999
119,0,3.5266999999999999
120,0,3.5266999999999999
121,0,3.5266999999999999
122,0,3.5266999999999999
123,0,3.5230000000000001
124,0,3.5230000000000001
125,0,3.5230000000000001
126,0,3.5230000000000001
127,0,3.5230000000000001
128,0,3.5211999999999999
129,0,3.5211999999999999
130,0,3.5211999999999999
131,0,3.5211999999999999
132,0,3.5211999999999999
133,0,3.5211999999999999
134,0,3.5192999999999999
135,0,3.5192999999999999
136,0,3.5192999999999999
137,0,3.5192999999999999
138,0,3.5192999999999999
139,0,3.5192999999999999
140,0,3.5192999999999999
141,0,3.5173999999999999
142,0,3.5173999999999999
143,0,3.5173999999999999
144,0,3.5173999999999999
145,0,3.5173999999999999
146,0,3.5173999999999999
147,0,3.5156000000000001
148,0,3.5156000000000001
149,0,3.5156000000000001
150,0,3.5156000000000001
151,0,3.5156000000000001
152,0,3.5156000000000001
153,0,3.5137
154,0,3.5137
155,0,3.5137
156,0,3.5137
157,0,3.5137
158,0,3.5118999999999998
159,0,3.5118999999999998
160,0,3.5118999999999998
161,0,3.5118999999999998
162,0,3.5118999999999998
163,0,3.5118999999999998
164,0,3.5118999999999998
165,0,3.5118999999999998
166,0,3.5118999999999998
167,0,3.5099999999999998
168,0,3.5099999999999998
169,0,3.5099999999999998
170,0,3.5099999999999998
171,0,3.5099999999999998
172,0,3.5099999999999998
173,0,3.5099999999999998
174,0,3.5081000000000002
175,0,3.5081000000000002
176,0,3.5081000000000002
177,0,3.5081000000000002
178,0,3.5081000000000002
179,0,3.5063
180,0,3.5063
181,0,3.5063
182,0,3.5063
183,0,3.5063
184,0,3.5063
185,0,3.5063
186,0,3.5063
187,0,3.5063
188,0,3.5063
189,0,3.5044
190,0,3.5044
191,0,3.5044
192,0,3.5044
193,0,3.5044
194,0,3.5044
195,0,3.5026000000000002
196,0,3.5026000000000002
197,0,3.5026000000000002
198,0,3.5026000000000002
199,0,3.5026000000000002
200,0,3.5026000000000002
201,0,3.5026000000000002
202,0,3.5026000000000002
203,0,3.5007000000000001
204,0,3.5007000000000001
205,0,3.5007000000000001
206,0,3.5007000000000001
207,0,3.5007000000000001
208,0,3.5007000000000001
209,0,3.5007000000000001
210,0,3.5007000000000001
211,0,3.5007000000000001
212,0,3.4988000000000001
213,0,3.5007000000000001
214,0,3.4988000000000001
215,0,3.4988000000000001
216,0,3.4988000000000001
217,0,3.4988000000000001
218,0,3.4988000000000001
219,0,3.4988000000000001
220,0,3.4988000000000001
221,0,3.4969999999999999
222,0,3.4969999999999999
223,0,3.4969999999999999
224,0,3.4969999999999999
225,0,3.4969999999999999
226,0,3.4969999999999999
227,0,3.4969999999999999
228,0,3.4969999999999999
229,0,3.4969999999999999
230,0,3.4969999999999999
231,0,3.4950999999999999
232,0,3.4950999999999999
233,0,3.4950999999999999
234,0,3.4950999999999999
235,0,3.4950999999999999
236,0,3.4950999999999999
237,0,3.4950999999999999
238,0,3.4950999999999999
239,0,3.4933000000000001
240,0,3.4933000000000001
241,0,3.4933000000000001
242,0,3.4933000000000001
243,0,3.4933000000000001
244,0,3.4933000000000001
245,0,3.4933000000000001
246,0,3.4933000000000001
247,0,3.4914000000000001
248,0,3.4933000000000001
249,0,3.4914000000000001
250,0,3.4914000000000001
251,0,3.4914000000000001
252,0,3.4914000000000001
253,0,3.4914000000000001
254,0,3.4914000000000001
255,0,3.4914000000000001
256,0,3.4914000000000001
257,0,3.4914000000000001
258,0,3.4914000000000001
259,0,3.4914000000000001
260,0,3.4895
261,0,3.4895
262,0,3.4895
263,0,3.4895
264,0,3.4895
265,0,3.4895
266,0,3.4895
267,0,3.4895
268,0,3.4895
269,0,3.4895
270,0,3.4895
271,0,3.4876999999999998
272,0,3.4876999999999998
273,0,3.4876999999999998
274,0,3.4876999999999998
275,0,3.4876999999999998
276,0,3.4876999999999998
277,0,3.4876999999999998
278,0,3.4876999999999998
279,0,3.4857999999999998
280,0,3.4857999999999998
281,0,3.4876999999999998
282,0,3.4857999999999998
283,0,3.4857999999999998
284,0,3.4857999999999998
285,0,3.4857999999999998
286,0,3.4857999999999998
287,0,3.4857999999999998
288,0,3.4857999999999998
289,0,3.4857999999999998
290,0,3.4857999999999998
291,0,3.484
292,0,3.484
293,0,3.484
294,0,3.484
295,0,3.484
296,0,3.484
297,0,3.484
298,0,3.484
299,0,3.484
300,0,3.484
301,0,3.4821
302,0,3.4821
303,0,3.4821
304,0,3.4821
305,0,3.4821
306,0,3.4821
307,0,3.4821
308,0,3.4821
309,0,3.4821
310,0,3.4821
311,0,3.4784000000000002
312,0,3.4784000000000002
313,0,3.4821
314,0,3.4784000000000002
315,0,3.4821
316,0,3.4784000000000002
317,0,3.4784000000000002
318,0,3.4784000000000002
319,0,3.4784000000000002
320,0,3.4784000000000002
321,0,3.4784000000000002
322,0,3.4784000000000002
323,0,3.4784000000000002
324,0,3.4784000000000002
325,0,3.4784000000000002
326,0,3.4765000000000001
327,0,3.4765000000000001
328,0,3.4765000000000001
329,0,3.4765000000000001
330,0,3.4765000000000001
331,0,3.4765000000000001
332,0,3.4765000000000001
333,0,3.4765000000000001
334,0,3.4765000000000001
335,0,3.4765000000000001
336,0,3.4765000000000001
337,0,3.4765000000000001
338,0,3.4746999999999999
339,0,3.4746999999999999
340,0,3.4746999999999999
341,0,3.4746999999999999
342,0,3.4746999999999999
343,0,3.4746999999999999
344,0,3.4746999999999999
345,0,3.4746999999999999
346,0,3.4746999999999999
347,0,3.4746999999999999
348,0,3.4746999999999999
349,0,3.4746999999999999
350,0,3.4746999999999999
351,0,3.4727999999999999
352,0,3.4727999999999999
353,0,3.4727999999999999
354,0,3.4727999999999999
355,0,3.4727999999999999
356,0,3.4727999999999999
357,0,3.4727999999999999
358,0,3.4727999999999999
359,0,3.4727999999999999
360,0,3.4727999999999999
361,0,3.4727999999999999
362,0,3.4727999999999999
363,0,3.4727999999999999
364,0,3.4708999999999999
365,0,3.4708999999999999
366,0,3.4708999999999999
367,0,3.4708999999999999
368,0,3.4708999999999999
369,0,3.4708999999999999
370,0,3.4708999999999999
371,0,3.4708999999999999
372,0,3.4708999999999999
373,0,3.4708999999999999
374,0,3.4708999999999999
375,0,3.4708999999999999
376,0,3.4708999999999999
377,0,3.4691000000000001
378,0,3.4708999999999999
379,0,3.4691000000000001
380,0,3.4691000000000001
381,0,3.4691000000000001
382,0,3.4691000000000001
383,0,3.4691000000000001
384,0,3.4691000000000001
385,0,3.4691000000000001
386,0,3.4691000000000001
387,0,3.4691000000000001
388,0,3.4691000000000001
389,0,3.4691000000000001
390,0,3.4672000000000001
391,0,3.4691000000000001
392,0,3.4691000000000001
393,0,3.4672000000000001
394,0,3.4691000000000001
395,0,3.4672000000000001
396,0,3.4672000000000001
397,0,3.4672000000000001
398,0,3.4672000000000001
399,0,3.4672000000000001
400,0,3.4672000000000001
401,0,3.4672000000000001
402,0,3.4672000000000001
403,0,3.4672000000000001
404,0,3.4672000000000001
405,0,3.4672000000000001
406,0,3.4653999999999998
407,0,3.4653999999999998
408,0,3.4653999999999998
409,0,3.4653999999999998
410,0,3.4653999999999998
411,0,3.4653999999999998
412,0,3.4653999999999998
413,0,3.4653999999999998
414,0,3.4653999999999998
415,0,3.4653999999999998
416,0,3.4653999999999998
417,0,3.4653999999999998
418,0,3.4653999999999998
419,0,3.4653999999999998
420,0,3.4653999999999998
421,0,3.4653999999999998
422,0,3.4653999999999998
423,0,3.4653999999999998
424,0,3.4634999999999998
425,0,3.4634999999999998
426,0,3.4634999999999998
427,0,3.4634999999999998
428,0,3.4634999999999998
429,0,3.4634999999999998
430,0,3.4634999999999998
431,0,3.4634999999999998
432,0,3.4634999999999998
433,0,3.4634999999999998
434,0,3.4634999999999998
435,0,3.4634999999999998
436,0,3.4634999999999998
437,0,3.4634999999999998
438,0,3.4634999999999998
439,0,3.4634999999999998
440,0,3.4615999999999998
441,0,3.4615999999999998
442,0,3.4615999999999998
443,0,3.4615999999999998
444,0,3.4615999999999998
445,0,3.4615999999999998
446,0,3.4615999999999998
447,0,3.4615999999999998
448,0,3.4615999999999998
449,0,3.4615999999999998
450,0,3.4615999999999998
451,0,3.4615999999999998
452,0,3.4615999999999998
453,0,3.4615999999999998
454,0,3.4615999999999998
455,0,3.4598
456,0,3.4598
457,0,3.4598
458,0,3.4598
459,0,3.4598
460,0,3.4598
461,0,3.4598
462,0,3.4598
463,0,3.4598
464,0,3.4598
465,0,3.4598
466,0,3.4598
467,0,3.4598
468,0,3.4598
469,0,3.4598
470,0,3.4598
471,0,3.4598
472,0,3.4579
473,0,3.4579
474,0,3.4579
475,0,3.4579
476,0,3.4579
477,0,3.4579
478,0,3.4579
479,0,3.4579
480,0,3.4579
481,0,3.4579
482,0,3.4579
483,0,3.4579
484,0,3.4579
485,0,3.4579
486,0,3.4579
487,0,3.4579
488,0,3.4579
489,0,3.4579
490,0,3.4579
491,0,3.4561000000000002
492,0,3.4579
493,0,3.4561000000000002
494,0,3.4561000000000002
495,0,3.4561000000000002
496,0,3.4561000000000002
497,0,3.4561000000000002
498,0,3.4561000000000002
499,0,3.4561000000000002
500,0,3.4561000000000002
501,0,3.4561000000000002
502,0,3.4561000000000002
503,0,3.4561000000000002
504,0,3.4561000000000002
505,0,3.4561000000000002
506,0,3.4561000000000002
507,0,3.4561000000000002
508,0,3.4542000000000002
509,0,3.4542000000000002
510,0,3.4542000000000002
511,0,3.4542000000000002
512,0,3.4561000000000002
513,0,3.4542000000000002
514,0,3.4542000000000002
515,0,3.4542000000000002
516,0,3.4542000000000002
517,0,3.4542000000000002
518,0,3.4542000000000002
519,0,3.4542000000000002
520,0,3.4542000000000002
521,0,3.4542000000000002
522,0,3.4542000000000002
523,0,3.4542000000000002
524,0,3.4542000000000002
525,0,3.4542000000000002
526,0,3.4542000000000002
527,0,3.4542000000000002
528,0,3.4542000000000002
529,0,3.4523000000000001
530,0,3.4523000000000001
531,0,3.4542000000000002
532,0,3.4523000000000001
533,0,3.4523000000000001
534,0,3.4523000000000001
535,0,3.4523000000000001
536,0,3.4523000000000001
537,0,3.4523000000000001
538,0,3.4523000000000001
539,0,3.4523000000000001
540,0,3.4523000000000001
541,0,3.4523000000000001
542,0,3.4523000000000001
543,0,3.4523000000000001
544,0,3.4523000000000001
545,0,3.4523000000000001
546,0,3.4523000000000001
547,0,3.4523000000000001
548,0,3.4523000000000001
549,0,3.4504999999999999
550,0,3.4523000000000001
551,0,3.4504999999999999
552,0,3.4523000000000001
553,0,3.4504999999999999
554,0,3.4504999999999999
555,0,3.4504999999999999
556,0,3.4504999999999999
557,0,3.4504999999999999
558,0,3.4504999999999999
559,0,3.4504999999999999
560,0,3.4504999999999999
561,0,3.4504999999999999
562,0,3.4504999999999999
563,0,3.4504999999999999
564,0,3.4504999999999999
565,0,3.4504999999999999
566,0,3.4504999999999999
567,0,3.4504999999999999
568,0,3.4504999999999999
569,0,3.4504999999999999
570,0,3.4485999999999999
571,0,3.4485999999999999
572,0,3.4485999999999999
573,0,3.4504999999999999
574,0,3.4485999999999999
575,0,3.4485999999999999
576,0,3.4485999999999999
577,0,3.4485999999999999
578,0,3.4485999999999999
579,0,3.4485999999999999
580,0,3.4485999999999999
581,0,3.4485999999999999
582,0,3.4485999999999999
583,0,3.4485999999999999
584,0,3.4485999999999999
585,0,3.4485999999999999
586,0,3.4485999999999999
587,0,3.4485999999999999
588,0,3.4485999999999999
589,0,3.4485999999999999
590,0,3.4468000000000001
591,0,3.4485999999999999
592,0,3.4468000000000001
593,0,3.4485999999999999
594,0,3.4485999999999999
595,0,3.4485999999999999
596,0,3.4468000000000001
597,0,3.4468000000000001
598,0,3.4468000000000001
599,0,3.4468000000000001
600,0,3.4468000000000001
601,0,3.4468000000000001
602,0,3.4468000000000001
603,0,3.4468000000000001
604,0,3.4468000000000001
605,0,3.4468000000000001
606,0,3.4468000000000001
607,0,3.4468000000000001
608,0,3.4468000000000001
609,0,3.4468000000000001
610,0,3.4468000000000001
611,0,3.4468000000000001
612,0,3.4468000000000001
613,0,3.4468000000000001
614,0,3.4468000000000001
615,0,3.4468000000000001
616,0,3.4468000000000001
617,0,3.4449000000000001
618,0,3.4449000000000001
619,0,3.4449000000000001
620,0,3.4449000000000001
621,0,3.4449000000000001
622,0,3.4449000000000001
623,0,3.4449000000000001
624,0,3.4449000000000001
625,0,3.4449000000000001
626,0,3.4449000000000001
627,0,3.4449000000000001
628,0,3.4449000000000001
629,0,3.4449000000000001
630,0,3.4449000000000001
631,0,3.4449000000000001
632,0,3.4449000000000001
633,0,3.4449000000000001
634,0,3.4449000000000001
635,0,3.4449000000000001
636,0,3.4449000000000001
637,0,3.4449000000000001
638,0,3.4449000000000001
639,0,3.4449000000000001
640,0,3.4449000000000001
641,0,3.4430000000000001
642,0,3.4430000000000001
643,0,3.4449000000000001
644,0,3.4430000000000001
645,0,3.4430000000000001
646,0,3.4430000000000001
647,0,3.4430000000000001
648,0,3.4430000000000001
649,0,3.4430000000000001
650,0,3.4430000000000001
651,0,3.4430000000000001
652,0,3.4430000000000001
653,0,3.4430000000000001
654,0,3.4430000000000001
655,0,3.4430000000000001
656,0,3.4430000000000001
657,0,3.4430000000000001
658,0,3.4430000000000001
659,0,3.4430000000000001
660,0,3.4430000000000001
661,0,3.4430000000000001
662,0,3.4430000000000001
663,0,3.4430000000000001
664,0,3.4430000000000001
665,0,3.4411999999999998
666,0,3.4411999999999998
667,0,3.4411999999999998
668,0,3.4411999999999998
669,0,3.4411999999999998
670,0,3.4411999999999998
671,0,3.4411999999999998
672,0,3.4411999999999998
673,0,3.4411999999999998
674,0,3.4411999999999998
675,0,3.4411999999999998
676,0,3.4411999999999998
677,0,3.4411999999999998
678,0,3.4411999999999998
679,0,3.4411999999999998
680,0,3.4411999999999998
681,0,3.4411999999999998
682,0,3.4411999999999998
683,0,3.4411999999999998
684,0,3.4411999999999998
685,0,3.4411999999999998
686,0,3.4411999999999998
687,0,3.4411999999999998
688,0,3.4411999999999998
689,0,3.4411999999999998
690,0,3.4411999999999998
691,0,3.4392999999999998
692,0,3.4392999999999998
693,0,3.4392999999999998
694,0,3.4392999999999998
695,0,3.4392999999999998
696,0,3.4392999999999998
697,0,3.4392999999999998
698,0,3.4392999999999998
699,0,3.4392999999999998
700,0,3.4392999999999998
701,0,3.4392999999999998
702,0,3.4392999999999998
703,0,3.4392999999999998
704,0,3.4392999999999998
705,0,3.4392999999999998
706,0,3.4392999999999998
707,0,3.4392999999999998
708,0,3.4392999999999998
709,0,3.4392999999999998
710,0,3.4392999999999998
711,0,3.4392999999999998
712,0,3.4392999999999998
713,0,3.4392999999999998
714,0,3.4392999999999998
715,0,3.4392999999999998
716,0,3.4392999999999998
717,0,3.4392999999999998
718,0,3.4392999999999998
719,0,3.4392999999999998
720,0,3.4375
721,0,3.4375
722,0,3.4375
723,0,3.4392999999999998
724,0,3.4375
725,0,3.4375
726,0,3.4375
727,0,3.4375
728,0,3.4375
729,0,3.4375
730,0,3.4375
731,0,3.4375
732,0,3.4375
733,0,3.4375
734,0,3.4375
735,0,3.4375
736,0,3.4375
737,0,3.4375
738,0,3.4375
739,0,3.4375
740,0,3.4375
741,0,3.4375
742,0,3.4375
743,0,3.4375
744,0,3.4375
745,0,3.4375
746,0,3.4375
747,0,3.4375
748,0,3.4356
749,0,3.4356
750,0,3.4356
751,0,3.4375
752,0,3.4356
753,0,3.4356
754,0,3.4356
755,0,3.4356
756,0,3.4356
757,0,3.4356
758,0,3.4356
759,0,3.4356
760,0,3.4356
761,0,3.4356
762,0,3.4356
763,0,3.4356
764,0,3.4356
765,0,3.4356
766,0,3.4356
767,0,3.4356
768,0,3.4356
769,0,3.4356
770,0,3.4356
771,0,3.4356
772,0,3.4356
773,0,3.4356
774,0,3.4356
775,0,3.4356
776,0,3.4319000000000002
777,0,3.4356
778,0,3.4319000000000002
779,0,3.4319000000000002
780,0,3.4319000000000002
781,0,3.4319000000000002
782,0,3.4319000000000002
783,0,3.4319000000000002
784,0,3.4319000000000002
785,0,3.4319000000000002
786,0,3.4319000000000002
787,0,3.4319000000000002
788,0,3.4319000000000002
789,0,3.4319000000000002
790,0,3.4319000000000002
791,0,3.4319000000000002
792,0,3.4319000000000002
793,0,3.4319000000000002
794,0,3.4319000000000002
795,0,3.4319000000000002
796,0,3.4319000000000002
797,0,3.4319000000000002
798,0,3.4319000000000002
799,0,3.4319000000000002
800,0,3.4319000000000002
801,0,3.4319000000000002
802,0,3.4319000000000002
803,0,3.4319000000000002
804,0,3.4319000000000002
805,0,3.4319000000000002
806,0,3.4300000000000002
807,0,3.4319000000000002
808,0,3.4319000000000002
809,0,3.4319000000000002
810,0,3.4319000000000002
811,0,3.4300000000000002
812,0,3.4300000000000002
813,0,3.4319000000000002
814,0,3.4319000000000002
815,0,3.4300000000000002
816,0,3.4300000000000002
817,0,3.4300000000000002
818,0,3.4300000000000002
819,0,3.4300000000000002
820,0,3.4300000000000002
821,0,3.4300000000000002
822,0,3.4300000000000002
823,0,3.4300000000000002
824,0,3.4300000000000002
825,0,3.4300000000000002
826,0,3.4300000000000002
827,0,3.4300000000000002
828,0,3.4300000000000002
829,0,3.4300000000000002
830,0,3.4300000000000002
831,0,3.4300000000000002
832,0,3.4300000000000002
833,0,3.4300000000000002
834,0,3.4300000000000002
835,0,3.4300000000000002
836,0,3.4300000000000002
837,0,3.4281000000000001
838,0,3.4300000000000002
839,0,3.4300000000000002
840,0,3.4300000000000002
841,0,3.4300000000000002
842,0,3.4300000000000002
843,0,3.4300000000000002
844,0,3.4300000000000002
845,0,3.4300000000000002
846,0,3.4281000000000001
847,0,3.4300000000000002
848,0,3.4281000000000001
849,0,3.4281000000000001
850,0,3.4281000000000001
851,0,3.4281000000000001
852,0,3.4281000000000001
853,0,3.4281000000000001
854,0,3.4281000000000001
855,0,3.4281000000000001
856,0,3.4281000000000001
857,0,3.4281000000000001
858,0,3.4281000000000001
859,0,3.4281000000000001
860,0,3.4281000000000001
861,0,3.4281000000000001
862,0,3.4281000000000001
863,0,3.4281000000000001
864,0,3.4281000000000001
865,0,3.4281000000000001
866,0,3.4281000000000001
867,0,3.4281000000000001
868,0,3.4281000000000001
869,0,3.4281000000000001
870,0,3.4281000000000001
871,0,3.4281000000000001
872,0,3.4281000000000001
873,0,3.4281000000000001
874,0,3.4281000000000001
875,0,3.4281000000000001
876,0,3.4281000000000001
877,0,3.4262999999999999
878,0,3.4262999999999999
879,0,3.4262999999999999
880,0,3.4281000000000001
881,0,3.4262999999999999
882,0,3.4281000000000001
883,0,3.4262999999999999
884,0,3.4262999999999999
885,0,3.4262999999999999
886,0,3.4262999999999999
887,0,3.4262999999999999
888,0,3.4262999999999999
889,0,3.4262999999999999
890,0,3.4262999999999999
891,0,3.4262999999999999
892,0,3.4262999999999999
893,0,3.4262999999999999
894,0,3.4262999999999999
895,0,3.4262999999999999
896,0,3.4262999999999999
897,0,3.4262999999999999
898,0,3.4262999999999999
899,0,3.4262999999999999
900,0,3.4262999999999999
901,0,3.4262999999999999
902,0,3.4262999999999999
903,0,3.4262999999999999
904,0,3.4262999999999999
905,0,3.4262999999999999
906,0,3.4262999999999999
907,0,3.4262999999999999
908,0,3.4262999999999999
909,0,3.4262999999999999
910,0,3.4262999999999999
911,0,3.4262999999999999
912,0,3.4262999999999999
913,0,3.4262999999999999
914,0,3.4262999999999999
915,0,3.4243999999999999
916,0,3.4262999999999999
917,0,3.4262999999999999
918,0,3.4243999999999999
919,0,3.4243999999999999
920,0,3.4243999999999999
921,0,3.4243999999999999
922,0,3.4243999999999999
923,0,3.4243999999999999
924,0,3.4243999999999999
925,0,3.4243999999999999
926,0,3.4243999999999999
927,0,3.4243999999999999
928,0,3.4243999999999999
929,0,3.4243999999999999
930,0,3.4243999999999999
931,0,3.4243999999999999
932,0,3.4243999999999999
933,0,3.4243999999999999
934,0,3.4243999999999999
935,0,3.4243999999999999
936,0,3.4243999999999999
937,0,3.4243999999999999
938,0,3.4243999999999999
939,0,3.4243999999999999
940,0,3.4243999999999999
941,0,3.4243999999999999
942,0,3.4243999999999999
943,0,3.4243999999999999
944,0,3.4243999999999999
945,0,3.4243999999999999
946,0,3.4243999999999999
947,0,3.4243999999999999
948,0,3.4243999999999999
949,0,3.4243999999999999
950,0,3.4243999999999999
951,0,3.4243999999999999
952,0,3.4226000000000001
953,0,3.4226000000000001
954,0,3.4243999999999999
955,0,3.4243999999999999
956,0,3.4243999999999999
957,0,3.4243999999999999
958,0,3.4226000000000001
959,0,3.4226000000000001
960,0,3.4226000000000001
961,0,3.4226000000000001
962,0,3.4226000000000001
963,0,3.4226000000000001
964,0,3.4226000000000001
965,0,3.4226000000000001
966,0,3.4226000000000001
967,0,3.4226000000000001
968,0,3.4226000000000001
969,0,3.4226000000000001
970,0,3.4226000000000001
971,0,3.4226000000000001
972,0,3.4226000000000001
973,0,3.4226000000000001
974,0,3.4226000000000001
975,0,3.4226000000000001
976,0,3.4226000000000001
977,0,3.4226000000000001
978,0,3.4226000000000001
979,0,3.4226000000000001
980,0,3.4226000000000001
981,0,3.4226000000000001
982,0,3.4226000000000001
983,0,3.4226000000000001
984,0,3.4226000000000001
985,0,3.4226000000000001
986,0,3.4226000000000001
987,0,3.4226000000000001
988,0,3.4226000000000001
989,0,3.4226000000000001
990,0,3.4226000000000001
991,0,3.4207000000000001
992,0,3.4226000000000001
993,0,3.4207000000000001
994,0,3.4226000000000001
995,0,3.4226000000000001
996,0,3.4226000000000001
997,0,3.4207000000000001
998,0,3.4207000000000001
999,0,3.4207000000000001
1000,0,3.4226000000000001
1001,0,3.4207000000000001
1002,0,3.4207000000000001
1003,0,3.4207000000000001
1004,0,3.4207000000000001
1005,0,3.4207000000000001
1006,0,3.4207000000000001
1007,0,3.4207000000000001
1008,0,3.4207000000000001
1009,0,3.4207000000000001
1010,0,3.4207000000000001
1011,0,3.4207000000000001
1012,0,3.4207000000000001
1013,0,3.4207000000000001
1014,0,3.4207000000000001
1015,0,3.4207000000000001
1016,0,3.4207000000000001
1017,0,3.4207000000000001
1018,0,3.4207000000000001
1019,0,3.4207000000000001
1020,0,3.4207000000000001
1021,0,3.4207000000000001
1022,0,3.4207000000000001
1023,0,3.4207000000000001
1024,0,3.4207000000000001
1025,0,3.4207000000000001
1026,0,3.4207000000000001
1027,0,3.4207000000000001
1028,0,3.4207000000000001
1029,0,3.4207000000000001
1030,0,3.4207000000000001
1031,0,3.4207000000000001
1032,0,3.4207000000000001
1033,0,3.4188000000000001
1034,0,3.4207000000000001
1035,0,3.4188000000000001
1036,0,3.4207000000000001
1037,0,3.4207000000000001
1038,0,3.4207000000000001
1039,0,3.4207000000000001
1040,0,3.4188000000000001
1041,0,3.4207000000000001
1042,0,3.4207000000000001
1043,0,3.4188000000000001
1044,0,3.4188000000000001
1045,0,3.4188000000000001
1046,0,3.4188000000000001
1047,0,3.4188000000000001
1048,0,3.4188000000000001
1049,0,3.4188000000000001
1050,0,3.4188000000000001
1051,0,3.4188000000000001
1052,0,3.4188000000000001
1053,0,3.4188000000000001
1054,0,3.4188000000000001
1055,0,3.4188000000000001
1056,0,3.4188000000000001
1057,0,3.4188000000000001
1058,0,3.4188000000000001
1059,0,3.4188000000000001
1060,0,3.4188000000000001
1061,0,3.4188000000000001
1062,0,3.4188000000000001
1063,0,3.4188000000000001
1064,0,3.4188000000000001
1065,0,3.4188000000000001
1066,0,3.4188000000000001
1067,0,3.4188000000000001
1068,0,3.4188000000000001
1069,0,3.4188000000000001
1070,0,3.4188000000000001
1071,0,3.4188000000000001
1072,0,3.4188000000000001
1073,0,3.4188000000000001
1074,0,3.4188000000000001
1075,0,3.4188000000000001
1076,0,3.4188000000000001
1077,0,3.4188000000000001
1078,0,3.4188000000000001
1079,0,3.4169999999999998
1080,0,3.4188000000000001
1081,0,3.4188000000000001
1082,0,3.4188000000000001
1083,0,3.4169999999999998
1084,0,3.4169999999999998
1085,0,3.4188000000000001
1086,0,3.4188000000000001
1087,0,3.4188000000000001
1088,0,3.4188000000000001
1089,0,3.4169999999999998
1090,0,3.4169999999999998
1091,0,3.4169999999999998
1092,0,3.4169999999999998
1093,0,3.4169999999999998
1094,0,3.4169999999999998
1095,0,3.4169999999999998
1096,0,3.4169999999999998
1097,0,3.4169999999999998
1098,0,3.4169999999999998
1099,0,3.4169999999999998
1100,0,3.4169999999999998
1101,0,3.4169999999999998
1102,0,3.4169999999999998
1103,0,3.4169999999999998
1104,0,3.4169999999999998
1105,0,3.4169999999999998
1106,0,3.4169999999999998
1107,0,3.4169999999999998
1108,0,3.4169999999999998
1109,0,3.4169999999999998
1110,0,3.4169999999999998
1111,0,3.4169999999999998
1112,0,3.4169999999999998
1113,0,3.4169999999999998
1114,0,3.4169999999999998
1115,0,3.4169999999999998
1116,0,3.4169999999999998
1117,0,3.4169999999999998
1118,0,3.4169999999999998
1119,0,3.4169999999999998
1120,0,3.4169999999999998
1121,0,3.4169999999999998
1122,0,3.4169999999999998
1123,0,3.4169999999999998
1124,0,3.4169999999999998
1125,0,3.4150999999999998
1126,0,3.4169999999999998
1127,0,3.4150999999999998
1128,0,3.4169999999999998
1129,0,3.4169999999999998
1130,0,3.4169999999999998
1131,0,3.4150999999999998
1132,0,3.4150999999999998
1133,0,3.4150999999999998
1134,0,3.4150999999999998
1135,0,3.4150999999999998
1136,0,3.4150999999999998
1137,0,3.4150999999999998
1138,0,3.4150999999999998
1139,0,3.4150999999999998
1140,0,3.4150999999999998
1141,0,3.4150999999999998
1142,0,3.4150999999999998
1143,0,3.4150999999999998
1144,0,3.4150999999999998
1145,0,3.4150999999999998
1146,0,3.4150999999999998
1147,0,3.4150999999999998
1148,0,3.4150999999999998
1149,0,3.4150999999999998
1150,0,3.4150999999999998
1151,0,3.4150999999999998
1152,0,3.4150999999999998
1153,0,3.4150999999999998
1154,0,3.4150999999999998
1155,0,3.4150999999999998
1156,0,3.4150999999999998
1157,0,3.4150999999999998
1158,0,3.4150999999999998
1159,0,3.4150999999999998
1160,0,3.4150999999999998
1161,0,3.4150999999999998
1162,0,3.4150999999999998
1163,0,3.4150999999999998
1164,0,3.4150999999999998
1165,0,3.4150999999999998
1166,0,3.4150999999999998
1167,0,3.4150999999999998
1168,0,3.4150999999999998
1169,0,3.4150999999999998
1170,0,3.4150999999999998
1171,0,3.4150999999999998
1172,0,3.4150999999999998
1173,0,3.4150999999999998
1174,0,3.4150999999999998
1175,0,3.4150999999999998
1176,0,3.4150999999999998
1177,0,3.4133
1178,0,3.4150999999999998
1179,0,3.4150999999999998
1180,0,3.4133
1181,0,3.4150999999999998
1182,0,3.4133
1183,0,3.4150999999999998
1184,0,3.4133
1185,0,3.4150999999999998
1186,0,3.4133
1187,0,3.4133
1188,0,3.4133
1189,0,3.4133
1190,0,3.4133
1191,0,3.4133
1192,0,3.4133
1193,0,3.4133
1194,0,3.4133
1195,0,3.4133
1196,0,3.4133
1197,0,3.4133
1198,0,3.4133
1199,0,3.4133
1200,0,3.4133
1201,0,3.4133
1202,0,3.4133
1203,0,3.4133
1204,0,3.4133
1205,0,3.4133
1206,0,3.4133
1207,0,3.4133
1208,0,3.4133
1209,0,3.4133
1210,0,3.4133
1211,0,3.4133
1212,0,3.4133
1213,0,3.4133
1214,0,3.4133
1215,0,3.4133
1216,0,3.4133
1217,0,3.4133
1218,0,3.4133
1219,0,3.4133
1220,0,3.4133
1221,0,3.4133
1222,0,3.4133
1223,0,3.4133
1224,0,3.4133
1225,0,3.4133
1226,0,3.4133
1227,0,3.4133
1228,0,3.4133
1229,0,3.4133
1230,0,3.4133
1231,0,3.4133
1232,0,3.4133
1233,0,3.4114
1234,0,3.4133
1235,0,3.4133
1236,0,3.4133
1237,0,3.4114
1238,0,3.4114
1239,0,3.4133
1240,0,3.4133
1241,0,3.4114
1242,0,3.4114
1243,0,3.4114
1244,0,3.4114
1245,0,3.4114
1246,0,3.4114
1247,0,3.4114
1248,0,3.4114
1249,0,3.4114
1250,0,3.4114
1251,0,3.4114
1252,0,3.4114
1253,0,3.4114
1254,0,3.4114
1255,0,3.4114
1256,0,3.4114
1257,0,3.4114
1258,0,3.4114
1259,0,3.4114
1260,0,3.4114
1261,0,3.4114
1262,0,3.4114
1263,0,3.4114
1264,0,3.4114
1265,0,3.4114
1266,0,3.4114
1267,0,3.4114
1268,0,3.4114
1269,0,3.4114
1270,0,3.4114
1271,0,3.4114
1272,0,3.4114
1273,0,3.4114
1274,0,3.4114
1275,0,3.4114
1276,0,3.4114
1277,0,3.4114
1278,0,3.4114
1279,0,3.4114
1280,0,3.4114
1281,0,3.4114
1282,0,3.4114
1283,0,3.4114
1284,0,3.4114
1285,0,3.4114
1286,0,3.4114
1287,0,3.4095
1288,0,3.4114
1289,0,3.4114
1290,0,3.4114
1291,0,3.4114
1292,0,3.4114
1293,0,3.4114
1294,0,3.4114
1295,0,3.4095
1296,0,3.4095
1297,0,3.4114
1298,0,3.4095
1299,0,3.4095
1300,0,3.4095
1301,0,3.4095
1302,0,3.4095
1303,0,3.4095
1304,0,3.4095
1305,0,3.4095
1306,0,3.4095
1307,0,3.4095
1308,0,3.4095
1309,0,3.4095
1310,0,3.4095
1311,0,3.4095
1312,0,3.4095
1313,0,3.4095
1314,0,3.4095
1315,0,3.4095
1316,0,3.4095
1317,0,3.4095
1318,0,3.4095
1319,0,3.4095
1320,0,3.4095
1321,0,3.4095
1322,0,3.4095
1323,0,3.4095
1324,0,3.4095
1325,0,3.4095
1326,0,3.4095
1327,0,3.4095
1328,0,3.4095
1329,0,3.4095
1330,0,3.4095
1331,0,3.4095
1332,0,3.4095
1333,0,3.4095
1334,0,3.4095
1335,0,3.4095
1336,0,3.4095
1337,0,3.4095
1338,0,3.4095
1339,0,3.4095
1340,0,3.4095
1341,0,3.4095
1342,0,3.4095
1343,0,3.4095
1344,0,3.4095
1345,0,3.4077000000000002
1346,0,3.4095
1347,0,3.4095
1348,0,3.4095
1349,0,3.4095
1350,0,3.4077000000000002
1351,0,3.4077000000000002
1352,0,3.4077000000000002
1353,0,3.4095
1354,0,3.4077000000000002
1355,0,3.4095
1356,0,3.4077000000000002
1357,0,3.4095
1358,0,3.4077000000000002
1359,0,3.4077000000000002
1360,0,3.4077000000000002
1361,0,3.4077000000000002
1362,0,3.4077000000000002
1363,0,3.4077000000000002
1364,0,3.4077000000000002
1365,0,3.4077000000000002
1366,0,3.4077000000000002
1367,0,3.4077000000000002
1368,0,3.4077000000000002
1369,0,3.4077000000000002
1370,0,3.4077000000000002
1371,0,3.4077000000000002
1372,0,3.4077000000000002
1373,0,3.4077000000000002
1374,0,3.4077000000000002
1375,0,3.4077000000000002
1376,0,3.4077000000000002
1377,0,3.4077000000000002
1378,0,3.4077000000000002
1379,0,3.4077000000000002
1380,0,3.4077000000000002
1381,0,3.4077000000000002
1382,0,3.4077000000000002
1383,0,3.4077000000000002
1384,0,3.4077000000000002
1385,0,3.4077000000000002
1386,0,3.4077000000000002
1387,0,3.4077000000000002
1388,0,3.4077000000000002
1389,0,3.4077000000000002
1390,0,3.4077000000000002
1391,0,3.4077000000000002
1392,0,3.4077000000000002
1393,0,3.4077000000000002
1394,0,3.4077000000000002
1395,0,3.4077000000000002
1396,0,3.4077000000000002
1397,0,3.4077000000000002
1398,0,3.4077000000000002
1399,0,3.4077000000000002
1400,0,3.4077000000000002
1401,0,3.4077000000000002
1402,0,3.4077000000000002
1403,0,3.4077000000000002
1404,0,3.4077000000000002
1405,0,3.4077000000000002
1406,0,3.4077000000000002
1407,0,3.4077000000000002
1408,0,3.4077000000000002
1409,0,3.4077000000000002
1410,0,3.4077000000000002
1411,0,3.4077000000000002
1412,0,3.4077000000000002
1413,0,3.4058000000000002
1414,0,3.4058000000000002
1415,0,3.4058000000000002
1416,0,3.4058000000000002
1417,0,3.4058000000000002
1418,0,3.4058000000000002
1419,0,3.4058000000000002
1420,0,3.4077000000000002
1421,0,3.4058000000000002
1422,0,3.4058000000000002
1423,0,3.4058000000000002
1424,0,3.4058000000000002
1425,0,3.4058000000000002
1426,0,3.4058000000000002
1427,0,3.4058000000000002
1428,0,3.4058000000000002
1429,0,3.4058000000000002
1430,0,3.4058000000000002
1431,0,3.4058000000000002
1432,0,3.4058000000000002
1433,0,3.4058000000000002
1434,0,3.4058000000000002
1435,0,3.4058000000000002
1436,0,3.4058000000000002
1437,0,3.4058000000000002
1438,0,3.4058000000000002
1439,0,3.4058000000000002
1440,0,3.4058000000000002
1441,0,3.4058000000000002
1442,0,3.4058000000000002
1443,0,3.4058000000000002
1444,0,3.4058000000000002
1445,0,3.4058000000000002
1446,0,3.4058000000000002
1447,0,3.4058000000000002
1448,0,3.4058000000000002
1449,0,3.4058000000000002
1450,0,3.4058000000000002
1451,0,3.4058000000000002
1452,0,3.4058000000000002
1453,0,3.4058000000000002
1454,0,3.4058000000000002
1455,0,3.4058000000000002
1456,0,3.4058000000000002
1457,0,3.4058000000000002
1458,0,3.4058000000000002
1459,0,3.4058000000000002
1460,0,3.4058000000000002
1461,0,3.4058000000000002
1462,0,3.4058000000000002
1463,0,3.4058000000000002
1464,0,3.4058000000000002
1465,0,3.4058000000000002
1466,0,3.4058000000000002
1467,0,3.4058000000000002
1468,0,3.4058000000000002
1469,0,3.4058000000000002
1470,0,3.4058000000000002
1471,0,3.4058000000000002
1472,0,3.4058000000000002
1473,0,3.4058000000000002
1474,0,3.4058000000000002
1475,0,3.4058000000000002
1476,0,3.4058000000000002
1477,0,3.4058000000000002
1478,0,3.4058000000000002
1479,0,3.4058000000000002
1480,0,3.4039999999999999
1481,0,3.4058000000000002
1482,0,3.4058000000000002
1483,0,3.4058000000000002
1484,0,3.4058000000000002
1485,0,3.4039999999999999
1486,0,3.4058000000000002
1487,0,3.4039999999999999
1488,0,3.4039999999999999
1489,0,3.4039999999999999
1490,0,3.4039999999999999
1491,0,3.4039999999999999
1492,0,3.4039999999999999
1493,0,3.4039999999999999
1494,0,3.4039999999999999
1495,0,3.4039999999999999
1496,0,3.4039999999999999
1497,0,3.4039999999999999
1498,0,3.4058000000000002
1499,0,3.4039999999999999
1500,0,3.4039999999999999
1501,0,3.4039999999999999
1502,0,3.4039999999999999
1503,0,3.4039999999999999
1504,0,3.4039999999999999
1505,0,3.4039999999999999
1506,0,3.4039999999999999
1507,0,3.4039999999999999
1508,0,3.4039999999999999
1509,0,3.4039999999999999
1510,0,3.4039999999999999
1511,0,3.4039999999999999
1512,0,3.4039999999999999
1513,0,3.4039999999999999
1514,0,3.4039999999999999
1515,0,3.4039999999999999
1516,0,3.4039999999999999
1517,0,3.4039999999999999
1518,0,3.4039999999999999
1519,0,3.4039999999999999
1520,0,3.4039999999999999
1521,0,3.4039999999999999
1522,0,3.4039999999999999
1523,0,3.4039999999999999
1524,0,3.4039999999999999
1525,0,3.4039999999999999
1526,0,3.4039999999999999
1527,0,3.4039999999999999
1528,0,3.4039999999999999
1529,0,3.4039999999999999
1530,0,3.4039999999999999
1531,0,3.4039999999999999
1532,0,3.4039999999999999
1533,0,3.4039999999999999
1534,0,3.4039999999999999
1535,0,3.4039999999999999
1536,0,3.4039999999999999
1537,0,3.4039999999999999
1538,0,3.4039999999999999
1539,0,3.4039999999999999
1540,0,3.4039999999999999
1541,0,3.4039999999999999
1542,0,3.4039999999999999
1543,0,3.4039999999999999
1544,0,3.4039999999999999
1545,0,3.4039999999999999
1546,0,3.4039999999999999
1547,0,3.4039999999999999
1548,0,3.4039999999999999
1549,0,3.4020999999999999
1550,0,3.4039999999999999
1551,0,3.4039999999999999
1552,0,3.4039999999999999
1553,0,3.4039999999999999
1554,0,3.4039999999999999
1555,0,3.4039999999999999
1556,0,3.4039999999999999
1557,0,3.4020999999999999
1558,0,3.4039999999999999
1559,0,3.4020999999999999
1560,0,3.4039999999999999
1561,0,3.4020999999999999
1562,0,3.4039999999999999
1563,0,3.4039999999999999
1564,0,3.4020999999999999
1565,0,3.4020999999999999
1566,0,3.4020999999999999
1567,0,3.4020999999999999
1568,0,3.4020999999999999
1569,0,3.4020999999999999
1570,0,3.4020999999999999
1571,0,3.4020999999999999
1572,0,3.4020999999999999
1573,0,3.4020999999999999
1574,0,3.4020999999999999
1575,0,3.4020999999999999
1576,0,3.4020999999999999
1577,0,3.4020999999999999
1578,0,3.4020999999999999
1579,0,3.4020999999999999
1580,0,3.4020999999999999
1581,0,3.4020999999999999
1582,0,3.4020999999999999
1583,0,3.4020999999999999
1584,0,3.4020999999999999
1585,0,3.4020999999999999
1586,0,3.4020999999999999
1587,0,3.4020999999999999
1588,0,3.4020999999999999
1589,0,3.4020999999999999
1590,0,3.4020999999999999
1591,0,3.4020999999999999
1592,0,3.4020999999999999
1593,0,3.4020999999999999
1594,0,3.4020999999999999
1595,0,3.4020999999999999
1596,0,3.4020999999999999
1597,0,3.4020999999999999
1598,0,3.4020999999999999
1599,0,3.4020999999999999
1600,0,3.4020999999999999
1601,0,3.4020999999999999
1602,0,3.4020999999999999
1603,0,3.4020999999999999
1604,0,3.4020999999999999
1605,0,3.4020999999999999
1606,0,3.4020999999999999
1607,0,3.4020999999999999
1608,0,3.4020999999999999
1609,0,3.4020999999999999
1610,0,3.4020999999999999
1611,0,3.4020999999999999
1612,0,3.4020999999999999
1613,0,3.4020999999999999
1614,0,3.4020999999999999
1615,0,3.4020999999999999
1616,0,3.4020999999999999
1617,0,3.4020999999999999
1618,0,3.4020999999999999
1619,0,3.4020999999999999
1620,0,3.4020999999999999
1621,0,3.4020999999999999
1622,0,3.4020999999999999
1623,0,3.4001999999999999
1624,0,3.4020999999999999
1625,0,3.4020999999999999
1626,0,3.4001999999999999
1627,0,3.4020999999999999
1628,0,3.4020999999999999
1629,0,3.4001999999999999
1630,0,3.4020999999999999
1631,0,3.4001999999999999
1632,0,3.4001999999999999
1633,0,3.4020999999999999
1634,0,3.4001999999999999
1635,0,3.4001999999999999
1636,0,3.4001999999999999
1637,0,3.4020999999999999
1638,0,3.4001999999999999
1639,0,3.4001999999999999
1640,0,3.4001999999999999
1641,0,3.4001999999999999
1642,0,3.4020999999999999
1643,0,3.4001999999999999
1644,0,3.4001999999999999
1645,0,3.4001999999999999
1646,0,3.4001999999999999
1647,0,3.4001999999999999
1648,0,3.4001999999999999
1649,0,3.4001999999999999
1650,0,3.4001999999999999
1651,0,3.4001999999999999
1652,0,3.4001999999999999
1653,0,3.4001999999999999
1654,0,3.4001999999999999
1655,0,3.4001999999999999
1656,0,3.4001999999999999
1657,0,3.4001999999999999
1658,0,3.4001999999999999
1659,0,3.4001999999999999
1660,0,3.4001999999999999
1661,0,3.4001999999999999
1662,0,3.4001999999999999
1663,0,3.4001999999999999
1664,0,3.4001999999999999
1665,0,3.4001999999999999
1666,0,3.4001999999999999
1667,0,3.4001999999999999
1668,0,3.4001999999999999
1669,0,3.4001999999999999
1670,0,3.4001999999999999
1671,0,3.4001999999999999
1672,0,3.4001999999999999
1673,0,3.4001999999999999
1674,0,3.4001999999999999
1675,0,3.4001999999999999
1676,0,3.4001999999999999
1677,0,3.4001999999999999
1678,0,3.4001999999999999
1679,0,3.4001999999999999
1680,0,3.4001999999999999
1681,0,3.4001999999999999
1682,0,3.4001999999999999
1683,0,3.4001999999999999
1684,0,3.4001999999999999
1685,0,3.4001999999999999
1686,0,3.4001999999999999
1687,0,3.4001999999999999
1688,0,3.4001999999999999
1689,0,3.4001999999999999
1690,0,3.4001999999999999
1691,0,3.4001999999999999
1692,0,3.4001999999999999
1693,0,3.4001999999999999
1694,0,3.4001999999999999
1695,0,3.4001999999999999
1696,0,3.4001999999999999
1697,0,3.4001999999999999
1698,0,3.4001999999999999
1699,0,3.4001999999999999
1700,0,3.4001999999999999
1701,0,3.4001999999999999
1702,0,3.4001999999999999
1703,0,3.4001999999999999
1704,0,3.3984000000000001
1705,0,3.4001999999999999
1706,0,3.4001999999999999
1707,0,3.4001999999999999
1708,0,3.4001999999999999
1709,0,3.3984000000000001
1710,0,3.3984000000000001
1711,0,3.3984000000000001
1712,0,3.4001999999999999
1713,0,3.4001999999999999
1714,0,3.4001999999999999
1715,0,3.4001999999999999
1716,0,3.3984000000000001
1717,0,3.4001999999999999
1718,0,3.3984000000000001
1719,0,3.3984000000000001
1720,0,3.4001999999999999
1721,0,3.3984000000000001
1722,0,3.3984000000000001
1723,0,3.3984000000000001
1724,0,3.3984000000000001
1725,0,3.3984000000000001
1726,0,3.3984000000000001
1727,0,3.3984000000000001
1728,0,3.3984000000000001
1729,0,3.3984000000000001
1730,0,3.3984000000000001
1731,0,3.3984000000000001
1732,0,3.3984000000000001
1733,0,3.3984000000000001
1734,0,3.3984000000000001
1735,0,3.3984000000000001
1736,0,3.3984000000000001
1737,0,3.3984000000000001
1738,0,3.3984000000000001
1739,0,3.3984000000000001
1740,0,3.3984000000000001
1741,0,3.3984000000000001
1742,0,3.3984000000000001
1743,0,3.3984000000000001
1744,0,3.3984000000000001
1745,0,3.3984000000000001
1746,0,3.3984000000000001
1747,0,3.3984000000000001
1748,0,3.3984000000000001
1749,0,3.3984000000000001
1750,0,3.3984000000000001
1751,0,3.3984000000000001
1752,0,3.3984000000000001
1753,0,3.3984000000000001
1754,0,3.3984000000000001
1755,0,3.3984000000000001
1756,0,3.3984000000000001
1757,0,3.3984000000000001
1758,0,3.3984000000000001
1759,0,3.3984000000000001
1760,0,3.3984000000000001
1761,0,3.3984000000000001
1762,0,3.3984000000000001
1763,0,3.3984000000000001
1764,0,3.3984000000000001
1765,0,3.3984000000000001
1766,0,3.3984000000000001
1767,0,3.3984000000000001
1768,0,3.3984000000000001
1769,0,3.3984000000000001
1770,0,3.3984000000000001
1771,0,3.3984000000000001
1772,0,3.3984000000000001
1773,0,3.3984000000000001
1774,0,3.3984000000000001
1775,0,3.3984000000000001
1776,0,3.3984000000000001
1777,0,3.3984000000000001
1778,0,3.3984000000000001
1779,0,3.3984000000000001
1780,0,3.3984000000000001
1781,0,3.3984000000000001
1782,0,3.3984000000000001
1783,0,3.3984000000000001
1784,0,3.3984000000000001
1785,0,3.3984000000000001
1786,0,3.3984000000000001
1787,0,3.3984000000000001
1788,0,3.3984000000000001
1789,0,3.3984000000000001
1790,0,3.3984000000000001
1791,0,3.3984000000000001
1792,0,3.3984000000000001
1793,0,3.3984000000000001
1794,0,3.3984000000000001
1795,0,3.3965000000000001
1796,0,3.3984000000000001
1797,0,3.3984000000000001
1798,0,3.3984000000000001
1799,0,3.3965000000000001
1800,0,3.3984000000000001
1801,0,3.3965000000000001
1802,0,3.3965000000000001
1803,0,3.3984000000000001
1804,0,3.3984000000000001
1805,0,3.3984000000000001
1806,0,3.3965000000000001
1807,0,3.3965000000000001
1808,0,3.3965000000000001
1809,0,3.3965000000000001
1810,0,3.3965000000000001
1811,0,3.3984000000000001
1812,0,3.3965000000000001
1813,0,3.3965000000000001
1814,0,3.3965000000000001
1815,0,3.3965000000000001
1816,0,3.3965000000000001
1817,0,3.3965000000000001
1818,0,3.3965000000000001
1819,0,3.3965000000000001
1820,0,3.3984000000000001
1821,0,3.3965000000000001
1822,0,3.3965000000000001
1823,0,3.3965000000000001
1824,0,3.3965000000000001
1825,0,3.3965000000000001
1826,0,3.3965000000000001
1827,0,3.3965000000000001
1828,0,3.3965000000000001
1829,0,3.3965000000000001
1830,0,3.3965000000000001
1831,0,3.3965000000000001
1832,0,3.3965000000000001
1833,0,3.3965000000000001
1834,0,3.3965000000000001
1835,0,3.3965000000000001
1836,0,3.3965000000000001
1837,0,3.3965000000000001
1838,0,3.3965000000000001
1839,0,3.3965000000000001
1840,0,3.3965000000000001
1841,0,3.3965000000000001
1842,0,3.3965000000000001
1843,0,3.3965000000000001
1844,0,3.3965000000000001
1845,0,3.3965000000000001
1846,0,3.3965000000000001
1847,0,3.3965000000000001
1848,0,3.3965000000000001
1849,0,3.3965000000000001
1850,0,3.3965000000000001
1851,0,3.3965000000000001
1852,0,3.3965000000000001
1853,0,3.3965000000000001
1854,0,3.3965000000000001
1855,0,3.3965000000000001
1856,0,3.3965000000000001
1857,0,3.3965000000000001
1858,0,3.3965000000000001
1859,0,3.3965000000000001
1860,0,3.3965000000000001
1861,0,3.3965000000000001
1862,0,3.3965000000000001
1863,0,3.3965000000000001
1864,0,3.3965000000000001
1865,0,3.3965000000000001
1866,0,3.3965000000000001
1867,0,3.3965000000000001
1868,0,3.3965000000000001
1869,0,3.3965000000000001
1870,0,3.3965000000000001
1871,0,3.3965000000000001
1872,0,3.3965000000000001
1873,0,3.3965000000000001
1874,0,3.3965000000000001
1875,0,3.3965000000000001
1876,0,3.3965000000000001
1877,0,3.3965000000000001
1878,0,3.3965000000000001
1879,0,3.3965000000000001
1880,0,3.3965000000000001
1881,0,3.3965000000000001
1882,0,3.3965000000000001
1883,0,3.3965000000000001
1884,0,3.3965000000000001
1885,0,3.3965000000000001
1886,0,3.3965000000000001
1887,0,3.3965000000000001
1888,0,3.3965000000000001
1889,0,3.3946999999999998
1890,0,3.3946999999999998
1891,0,3.3965000000000001
1892,0,3.3946999999999998
1893,0,3.3965000000000001
1894,0,3.3965000000000001
1895,0,3.3965000000000001
1896,0,3.3965000000000001
1897,0,3.3965000000000001
1898,0,3.3946999999999998
1899,0,3.3965000000000001
1900,0,3.3946999999999998
1901,0,3.3965000000000001
1902,0,3.3965000000000001
1903,0,3.3965000000000001
1904,0,3.3946999999999998
1905,0,3.3946999999999998
1906,0,3.3965000000000001
1907,0,3.3946999999999998
1908,0,3.3946999999999998
1909,0,3.3965000000000001
1910,0,3.3946999999999998
1911,0,3.3946999999999998
1912,0,3.3965000000000001
1913,0,3.3946999999999998
1914,0,3.3946999999999998
1915,0,3.3965000000000001
1916,0,3.3946999999999998
1917,0,3.3965000000000001
1918,0,3.3946999999999998
1919,0,3.3946999999999998
1920,0,3.3946999999999998
1921,0,3.3946999999999998
1922,0,3.3946999999999998
1923,0,3.3946999999999998
1924,0,3.3946999999999998
1925,0,3.3946999999999998
1926,0,3.3946999999999998
1927,0,3.3946999999999998
1928,0,3.3946999999999998
1929,0,3.3946999999999998
1930,0,3.3946999999999998
1931,0,3.3946999999999998
1932,0,3.3946999999999998
1933,0,3.3946999999999998
1934,0,3.3946999999999998
1935,0,3.3946999999999998
1936,0,3.3946999999999998
1937,0,3.3946999999999998
1938,0,3.3946999999999998
1939,0,3.3946999999999998
1940,0,3.3946999999999998
1941,0,3.3946999999999998
1942,0,3.3946999999999998
1943,0,3.3946999999999998
1944,0,3.3946999999999998
1945,0,3.3946999999999998
1946,0,3.3946999999999998
1947,0,3.3946999999999998
1948,0,3.3946999999999998
1949,0,3.3946999999999998
1950,0,3.3946999999999998
1951,0,3.3946999999999998
1952,0,3.3946999999999998
1953,0,3.3946999999999998
1954,0,3.3946999999999998
1955,0,3.3946999999999998
1956,0,3.3946999999999998
1957,0,3.3946999999999998
1958,0,3.3946999999999998
1959,0,3.3946999999999998
1960,0,3.3946999999999998
1961,0,3.3946999999999998
1962,0,3.3946999999999998
1963,0,3.3946999999999998
1964,0,3.3946999999999998
1965,0,3.3946999999999998
1966,0,3.3946999999999998
1967,0,3.3946999999999998
1968,0,3.3946999999999998
1969,0,3.3946999999999998
1970,0,3.3946999999999998
1971,0,3.3946999999999998
1972,0,3.3946999999999998
1973,0,3.3946999999999998
1974,0,3.3946999999999998
1975,0,3.3946999999999998
1976,0,3.3946999999999998
1977,0,3.3946999999999998
1978,0,3.3946999999999998
1979,0,3.3946999999999998
1980,0,3.3946999999999998
1981,0,3.3946999999999998
1982,0,3.3946999999999998
1983,0,3.3946999999999998
1984,0,3.3946999999999998
1985,0,3.3946999999999998
1986,0,3.3946999999999998
1987,0,3.3946999999999998
1988,0,3.3946999999999998
1989,0,3.3946999999999998
1990,0,3.3946999999999998
1991,0,3.3946999999999998
1992,0,3.3946999999999998
1993,0,3.3946999999999998
1994,0,3.3946999999999998
1995,0,3.3946999999999998
1996,0,3.3946999999999998
1997,0,3.3946999999999998
1998,0,3.3946999999999998
1999,0,3.3946999999999998
2000,0,3.3946999999999998
2001,0,3.3946999999999998
2002,0,3.3946999999999998
2003,0,3.3946999999999998
2004,0,3.3946999999999998
2005,0,3.3946999999999998
2006,0,3.3946999999999998
2007,0,3.3946999999999998
2008,0,3.3927999999999998
2009,0,3.3927999999999998
2010,0,3.3927999999999998
2011,0,3.3946999999999998
2012,0,3.3927999999999998
2013,0,3.3927999999999998
2014,0,3.3927999999999998
2015,0,3.3927999999999998
2016,0,3.3946999999999998
2017,0,3.3927999999999998
2018,0,3.3927999999999998
2019,0,3.3946999999999998
2020,0,3.3927999999999998
2021,0,3.3946999999999998
2022,0,3.3946999999999998
2023,0,3.3927999999999998
2024,0,3.3927999999999998
2025,0,3.3927999999999998
2026,0,3.3927999999999998
2027,0,3.3946999999999998
2028,0,3.3927999999999998
2029,0,3.3927999999999998
2030,0,3.3946999999999998
2031,0,3.3927999999999998
2032,0,3.3927999999999998
2033,0,3.3927999999999998
2034,0,3.3927999999999998
2035,0,3.3927999999999998
2036,0,3.3927999999999998
2037,0,3.3927999999999998
2038,0,3.3927999999999998
2039,0,3.3927999999999998
2040,0,3.3927999999999998
2041,0,3.3927999999999998
2042,0,3.3927999999999998
2043,0,3.3927999999999998
2044,0,3.3927999999999998
2045,0,3.3927999999999998
2046,0,3.3927999999999998
2047,0,3.3927999999999998
2048,0,3.3927999999999998
2049,0,3.3927999999999998
2050,0,3.3927999999999998
2051,0,3.3927999999999998
2052,0,3.3927999999999998
2053,0,3.3927999999999998
2054,0,3.3927999999999998
2055,0,3.3927999999999998
2056,0,3.3927999999999998
2057,0,3.3927999999999998
2058,0,3.3927999999999998
2059,0,3.3927999999999998
2060,0,3.3927999999999998
2061,0,3.3927999999999998
2062,0,3.3927999999999998
2063,0,3.3927999999999998
2064,0,3.3927999999999998
2065,0,3.3927999999999998
2066,0,3.3927999999999998
2067,0,3.3927999999999998
2068,0,3.3927999999999998
2069,0,3.3927999999999998
2070,0,3.3927999999999998
2071,0,3.3927999999999998
2072,0,3.3927999999999998
2073,0,3.3927999999999998
2074,0,3.3927999999999998
2075,0,3.3927999999999998
2076,0,3.3927999999999998
2077,0,3.3927999999999998
2078,0,3.3927999999999998
2079,0,3.3927999999999998
2080,0,3.3927999999999998
2081,0,3.3927999999999998
2082,0,3.3927999999999998
2083,0,3.3927999999999998
2084,0,3.3927999999999998
2085,0,3.3927999999999998
2086,0,3.3927999999999998
2087,0,3.3927999999999998
2088,0,3.3927999999999998
2089,0,3.3927999999999998
2090,0,3.3927999999999998
2091,0,3.3927999999999998
2092,0,3.3927999999999998
2093,0,3.3927999999999998
2094,0,3.3927999999999998
2095,0,3.3927999999999998
2096,0,3.3927999999999998
2097,0,3.3927999999999998
2098,0,3.3927999999999998
2099,0,3.3927999999999998
2100,0,3.3908999999999998
2101,0,3.3927999999999998
2102,0,3.3927999999999998
2103,0,3.3927999999999998
2104,0,3.3927999999999998
2105,0,3.3908999999999998
2106,0,3.3927999999999998
2107,0,3.3927999999999998
2108,0,3.3927999999999998
2109,0,3.3927999999999998
2110,0,3.3927999999999998
2111,0,3.3927999999999998
2112,0,3.3927999999999998
2113,0,3.3927999999999998
2114,0,3.3927999999999998
2115,0,3.3927999999999998
2116,0,3.3927999999999998
2117,0,3.3927999999999998
2118,0,3.3927999999999998
2119,0,3.3927999999999998
2120,0,3.3927999999999998
2121,0,3.3927999999999998
2122,0,3.3927999999999998
2123,0,3.3927999999999998
2124,0,3.3908999999999998
2125,0,3.3927999999999998
2126,0,3.3908999999999998
2127,0,3.3927999999999998
2128,0,3.3908999999999998
2129,0,3.3908999999999998
2130,0,3.3908999999999998
2131,0,3.3908999999999998
2132,0,3.3908999999999998
2133,0,3.3927999999999998
2134,0,3.3908999999999998
2135,0,3.3908999999999998
2136,0,3.3927999999999998
2137,0,3.3908999999999998
2138,0,3.3908999999999998
2139,0,3.3908999999999998
2140,0,3.3908999999999998
2141,0,3.3908999999999998
2142,0,3.3908999999999998
2143,0,3.3908999999999998
2144,0,3.3908999999999998
2145,0,3.3908999999999998
2146,0,3.3908999999999998
2147,0,3.3908999999999998
2148,0,3.3908999999999998
2149,0,3.3908999999999998
2150,0,3.3908999999999998
2151,0,3.3908999999999998
2152,0,3.3908999999999998
2153,0,3.3908999999999998
2154,0,3.3908999999999998
2155,0,3.3908999999999998
2156,0,3.3908999999999998
2157,0,3.3908999999999998
2158,0,3.3908999999999998
2159,0,3.3908999999999998
2160,0,3.3908999999999998
2161,0,3.3908999999999998
2162,0,3.3908999999999998
2163,0,3.3908999999999998
2164,0,3.3908999999999998
2165,0,3.3908999999999998
2166,0,3.3908999999999998
2167,0,3.3908999999999998
2168,0,3.3908999999999998
2169,0,3.3908999999999998
2170,0,3.3908999999999998
2171,0,3.3908999999999998
2172,0,3.3908999999999998
2173,0,3.3908999999999998
2174,0,3.3908999999999998
2175,0,3.3908999999999998
2176,0,3.3908999999999998
2177,0,3.3908999999999998
2178,0,3.3908999999999998
2179,0,3.3908999999999998
2180,0,3.3908999999999998
2181,0,3.3908999999999998
2182,0,3.3908999999999998
2183,0,3.3908999999999998
2184,0,3.3908999999999998
2185,0,3.3908999999999998
2186,0,3.3908999999999998
2187,0,3.3908999999999998
2188,0,3.3908999999999998
2189,0,3.3908999999999998
2190,0,3.3908999999999998
2191,0,3.3908999999999998
2192,0,3.3908999999999998
2193,0,3.3908999999999998
2194,0,3.3908999999999998
2195,0,3.3908999999999998
2196,0,3.3908999999999998
2197,0,3.3908999999999998
2198,0,3.3908999999999998
2199,0,3.3908999999999998
2200,0,3.3908999999999998
2201,0,3.3908999999999998
2202,0,3.3908999999999998
2203,0,3.3908999999999998
2204,0,3.3908999999999998
2205,0,3.3908999999999998
2206,0,3.3908999999999998
2207,0,3.3908999999999998
2208,0,3.3908999999999998
2209,0,3.3908999999999998
2210,0,3.3908999999999998
2211,0,3.3908999999999998
2212,0,3.3908999999999998
2213,0,3.3908999999999998
2214,0,3.3908999999999998
2215,0,3.3908999999999998
2216,0,3.3908999999999998
2217,0,3.3908999999999998
2218,0,3.3908999999999998
2219,0,3.3908999999999998
2220,0,3.3908999999999998
2221,0,3.3908999999999998
2222,0,3.3908999999999998
2223,0,3.3908999999999998
2224,0,3.3908999999999998
2225,0,3.3908999999999998
2226,0,3.3908999999999998
2227,0,3.3908999999999998
2228,0,3.3908999999999998
2229,0,3.3908999999999998
2230,0,3.3908999999999998
2231,0,3.3908999999999998
2232,0,3.3908999999999998
2233,0,3.3908999999999998
2234,0,3.3908999999999998
2235,0,3.3908999999999998
2236,0,3.3908999999999998
2237,0,3.3908999999999998
2238,0,3.3908999999999998
2239,0,3.3908999999999998
2240,0,3.3908999999999998
2241,0,3.3908999999999998
2242,0,3.3908999999999998
2243,0,3.3908999999999998
2244,0,3.3908999999999998
2245,0,3.3908999999999998
2246,0,3.3908999999999998
2247,0,3.3908999999999998
2248,0,3.3908999999999998
2249,0,3.3891
2250,0,3.3891
2251,0,3.3891
2252,0,3.3891
2253,0,3.3891
2254,0,3.3891
2255,0,3.3891
2256,0,3.3891
2257,0,3.3908999999999998
2258,0,3.3908999999999998
2259,0,3.3891
2260,0,3.3891
2261,0,3.3891
2262,0,3.3891
2263,0,3.3908999999999998
2264,0,3.3908999999999998
2265,0,3.3891
2266,0,3.3908999999999998
2267,0,3.3891
2268,0,3.3891
2269,0,3.3891
2270,0,3.3891
2271,0,3.3891
2272,0,3.3891
2273,0,3.3891
2274,0,3.3891
2275,0,3.3891
2276,0,3.3891
2277,0,3.3891
2278,0,3.3891
2279,0,3.3891
2280,0,3.3891
2281,0,3.3891
2282,0,3.3891
2283,0,3.3891
2284,0,3.3891
2285,0,3.3891
2286,0,3.3891
2287,0,3.3891
2288,0,3.3891
2289,0,3.3891
2290,0,3.3891
2291,0,3.3891
2292,0,3.3891
2293,0,3.3891
2294,0,3.3891
2295,0,3.3891
2296,0,3.3891
2297,0,3.3891
2298,0,3.3891
2299,0,3.3891
2300,0,3.3891
2301,0,3.3891
2302,0,3.3891
2303,0,3.3891
2304,0,3.3891
2305,0,3.3891
2306,0,3.3891
2307,0,3.3891
2308,0,3.3891
2309,0,3.3891
2310,0,3.3891
2311,0,3.3891
2312,0,3.3891
2313,0,3.3891
2314,0,3.3891
2315,0,3.3891
2316,0,3.3891
2317,0,3.3891
2318,0,3.3891
2319,0,3.3891
2320,0,3.3891
2321,0,3.3891
2322,0,3.3891
2323,0,3.3891
2324,0,3.3891
2325,0,3.3891
2326,0,3.3891
2327,0,3.3891
2328,0,3.3891
2329,0,3.3891
2330,0,3.3891
2331,0,3.3891
2332,0,3.3891
2333,0,3.3891
2334,0,3.3891
2335,0,3.3891
2336,0,3.3891
2337,0,3.3891
2338,0,3.3891
2339,0,3.3891
2340,0,3.3891
2341,0,3.3891
2342,0,3.3891
2343,0,3.3891
2344,0,3.3891
2345,0,3.3891
2346,0,3.3891
2347,0,3.3891
2348,0,3.3891
2349,0,3.3891
2350,0,3.3891
2351,0,3.3891
2352,0,3.3891
2353,0,3.3891
2354,0,3.3891
2355,0,3.3891
2356,0,3.3891
2357,0,3.3891
2358,0,3.3891
2359,0,3.3891
2360,0,3.3891
2361,0,3.3891
2362,0,3.3891
2363,0,3.3891
2364,0,3.3891
2365,0,3.3854000000000002
2366,0,3.3891
2367,0,3.3891
2368,0,3.3891
2369,0,3.3891
2370,0,3.3891
2371,0,3.3854000000000002
2372,0,3.3891
2373,0,3.3891
2374,0,3.3891
2375,0,3.3891
2376,0,3.3891
2377,0,3.3891
2378,0,3.3891
2379,0,3.3891
2380,0,3.3891
2381,0,3.3891
2382,0,3.3891
2383,0,3.3891
2384,0,3.3891
2385,0,3.3891
2386,0,3.3891
2387,0,3.3854000000000002
2388,0,3.3891
2389,0,3.3854000000000002
2390,0,3.3854000000000002
2391,0,3.3854000000000002
2392,0,3.3854000000000002
2393,0,3.3891
2394,0,3.3854000000000002
2395,0,3.3854000000000002
2396,0,3.3854000000000002
2397,0,3.3891
2398,0,3.3854000000000002
2399,0,3.3854000000000002
2400,0,3.3854000000000002
2401,0,3.3891
2402,0,3.3854000000000002
2403,0,3.3854000000000002
2404,0,3.3854000000000002
2405,0,3.3854000000000002
2406,0,3.3854000000000002
2407,0,3.3854000000000002
2408,0,3.3854000000000002
2409,0,3.3854000000000002
2410,0,3.3891
2411,0,3.3854000000000002
2412,0,3.3891
2413,0,3.3891
2414,0,3.3854000000000002
2415,0,3.3854000000000002
2416,0,3.3854000000000002
2417,0,3.3854000000000002
2418,0,3.3854000000000002
2419,0,3.3854000000000002
2420,0,3.3891
2421,0,3.3854000000000002
2422,0,3.3854000000000002
2423,0,3.3854000000000002
2424,0,3.3854000000000002
2425,0,3.3854000000000002
2426,0,3.3854000000000002
2427,0,3.3854000000000002
2428,0,3.3854000000000002
2429,0,3.3854000000000002
2430,0,3.3854000000000002
2431,0,3.3854000000000002
2432,0,3.3854000000000002
2433,0,3.3854000000000002
2434,0,3.3854000000000002
2435,0,3.3854000000000002
2436,0,3.3854000000000002
2437,0,3.3854000000000002
2438,0,3.3854000000000002
2439,0,3.3854000000000002
2440,0,3.3854000000000002
2441,0,3.3854000000000002
2442,0,3.3854000000000002
2443,0,3.3854000000000002
2444,0,3.3854000000000002
2445,0,3.3854000000000002
2446,0,3.3854000000000002
2447,0,3.3854000000000002
2448,0,3.3854000000000002
2449,0,3.3854000000000002
2450,0,3.3854000000000002
2451,0,3.3854000000000002
2452,0,3.3854000000000002
2453,0,3.3854000000000002
2454,0,3.3854000000000002
2455,0,3.3854000000000002
2456,0,3.3854000000000002
2457,0,3.3854000000000002
2458,0,3.3854000000000002
2459,0,3.3854000000000002
2460,0,3.3854000000000002
2461,0,3.3854000000000002
2462,0,3.3854000000000002
2463,0,3.3854000000000002
2464,0,3.3854000000000002
2465,0,3.3854000000000002
2466,0,3.3854000000000002
2467,0,3.3854000000000002
2468,0,3.3854000000000002
2469,0,3.3854000000000002
2470,0,3.3854000000000002
2471,0,3.3854000000000002
2472,0,3.3854000000000002
2473,0,3.3854000000000002
2474,0,3.3854000000000002
2475,0,3.3854000000000002
2476,0,3.3854000000000002
2477,0,3.3854000000000002
2478,0,3.3854000000000002
2479,0,3.3854000000000002
2480,0,3.3854000000000002
2481,0,3.3854000000000002
2482,0,3.3854000000000002
2483,0,3.3854000000000002
2484,0,3.3854000000000002
2485,0,3.3854000000000002
2486,0,3.3854000000000002
2487,0,3.3854000000000002
2488,0,3.3854000000000002
2489,0,3.3854000000000002
2490,0,3.3854000000000002
2491,0,3.3854000000000002
2492,0,3.3854000000000002
2493,0,3.3854000000000002
2494,0,3.3854000000000002
2495,0,3.3854000000000002
2496,0,3.3854000000000002
2497,0,3.3854000000000002
2498,0,3.3854000000000002
2499,0,3.3854000000000002
2500,0,3.3854000000000002
2501,0,3.3854000000000002
2502,0,3.3854000000000002
2503,0,3.3854000000000002
2504,0,3.3854000000000002
2505,0,3.3854000000000002
2506,0,3.3854000000000002
2507,0,3.3854000000000002
2508,0,3.3854000000000002
2509,0,3.3854000000000002
2510,0,3.3854000000000002
2511,0,3.3854000000000002
2512,0,3.3854000000000002
2513,0,3.3854000000000002
2514,0,3.3854000000000002
2515,0,3.3854000000000002
2516,0,3.3854000000000002
2517,0,3.3854000000000002
2518,0,3.3854000000000002
2519,0,3.3854000000000002
2520,0,3.3854000000000002
2521,0,3.3854000000000002
2522,0,3.3854000000000002
2523,0,3.3854000000000002
2524,0,3.3854000000000002
2525,0,3.3854000000000002
2526,0,3.3854000000000002
2527,0,3.3854000000000002
2528,0,3.3835000000000002
2529,0,3.3835000000000002
2530,0,3.3854000000000002
2531,0,3.3835000000000002
2532,0,3.3854000000000002
2533,0,3.3854000000000002
2534,0,3.3854000000000002
2535,0,3.3835000000000002
2536,0,3.3835000000000002
2537,0,3.3854000000000002
2538,0,3.3854000000000002
2539,0,3.3835000000000002
2540,0,3.3854000000000002
2541,0,3.3854000000000002
2542,0,3.3835000000000002
2543,0,3.3854000000000002
2544,0,3.3854000000000002
2545,0,3.3854000000000002
2546,0,3.3835000000000002
2547,0,3.3835000000000002
2548,0,3.3835000000000002
2549,0,3.3835000000000002
2550,0,3.3835000000000002
2551,0,3.3835000000000002
2552,0,3.3835000000000002
2553,0,3.3835000000000002
2554,0,3.3835000000000002
2555,0,3.3835000000000002
2556,0,3.3835000000000002
2557,0,3.3854000000000002
2558,0,3.3835000000000002
2559,0,3.3835000000000002
2560,0,3.3835000000000002
2561,0,3.3835000000000002
2562,0,3.3854000000000002
2563,0,3.3835000000000002
2564,0,3.3854000000000002
2565,0,3.3854000000000002
2566,0,3.3835000000000002
2567,0,3.3835000000000002
2568,0,3.3835000000000002
2569,0,3.3835000000000002
2570,0,3.3835000000000002
2571,0,3.3835000000000002
2572,0,3.3835000000000002
2573,0,3.3835000000000002
2574,0,3.3835000000000002
2575,0,3.3835000000000002
2576,0,3.3835000000000002
2577,0,3.3835000000000002
2578,0,3.3835000000000002
2579,0,3.3835000000000002
2580,0,3.3835000000000002
2581,0,3.3854000000000002
2582,0,3.3835000000000002
2583,0,3.3835000000000002
2584,0,3.3835000000000002
2585,0,3.3835000000000002
2586,0,3.3835000000000002
2587,0,3.3835000000000002
2588,0,3.3835000000000002
2589,0,3.3835000000000002
2590,0,3.3835000000000002
2591,0,3.3835000000000002
2592,0,3.3835000000000002
2593,0,3.3835000000000002
2594,0,3.3835000000000002
2595,0,3.3835000000000002
2596,0,3.3835000000000002
2597,0,3.3835000000000002
2598,0,3.3835000000000002
2599,0,3.3835000000000002
2600,0,3.3835000000000002
2601,0,3.3835000000000002
2602,0,3.3835000000000002
2603,0,3.3835000000000002
2604,0,3.3835000000000002
2605,0,3.3835000000000002
2606,0,3.3835000000000002
2607,0,3.3835000000000002
2608,0,3.3835000000000002
2609,0,3.3835000000000002
2610,0,3.3835000000000002
2611,0,3.3835000000000002
2612,0,3.3835000000000002
2613,0,3.3835000000000002
2614,0,3.3835000000000002
2615,0,3.3835000000000002
2616,0,3.3835000000000002
2617,0,3.3835000000000002
2618,0,3.3835000000000002
2619,0,3.3835000000000002
2620,0,3.3835000000000002
2621,0,3.3835000000000002
2622,0,3.3835000000000002
2623,0,3.3835000000000002
2624,0,3.3835000000000002
2625,0,3.3835000000000002
2626,0,3.3835000000000002
2627,0,3.3835000000000002
2628,0,3.3835000000000002
2629,0,3.3835000000000002
2630,0,3.3835000000000002
2631,0,3.3835000000000002
2632,0,3.3835000000000002
2633,0,3.3835000000000002
2634,0,3.3835000000000002
2635,0,3.3835000000000002
2636,0,3.3835000000000002
2637,0,3.3835000000000002
2638,0,3.3835000000000002
2639,0,3.3835000000000002
2640,0,3.3835000000000002
2641,0,3.3835000000000002
2642,0,3.3835000000000002
2643,0,3.3835000000000002
2644,0,3.3835000000000002
2645,0,3.3835000000000002
2646,0,3.3835000000000002
2647,0,3.3835000000000002
2648,0,3.3835000000000002
2649,0,3.3835000000000002
2650,0,3.3835000000000002
2651,0,3.3835000000000002
2652,0,3.3835000000000002
2653,0,3.3835000000000002
2654,0,3.3835000000000002
2655,0,3.3835000000000002
2656,0,3.3835000000000002
2657,0,3.3835000000000002
2658,0,3.3835000000000002
2659,0,3.3835000000000002
2660,0,3.3835000000000002
2661,0,3.3835000000000002
2662,0,3.3835000000000002
2663,0,3.3835000000000002
2664,0,3.3835000000000002
2665,0,3.3835000000000002
2666,0,3.3835000000000002
2667,0,3.3835000000000002
2668,0,3.3835000000000002
2669,0,3.3835000000000002
2670,0,3.3835000000000002
2671,0,3.3835000000000002
2672,0,3.3835000000000002
2673,0,3.3835000000000002
2674,0,3.3835000000000002
2675,0,3.3835000000000002
2676,0,3.3835000000000002
2677,0,3.3835000000000002
2678,0,3.3835000000000002
2679,0,3.3835000000000002
2680,0,3.3835000000000002
2681,0,3.3835000000000002
2682,0,3.3835000000000002
2683,0,3.3835000000000002
2684,0,3.3835000000000002
2685,0,3.3835000000000002
2686,0,3.3835000000000002
2687,0,3.3835000000000002
2688,0,3.3835000000000002
2689,0,3.3835000000000002
2690,0,3.3835000000000002
2691,0,3.3816000000000002
2692,0,3.3816000000000002
2693,0,3.3835000000000002
2694,0,3.3816000000000002
2695,0,3.3835000000000002
2696,0,3.3835000000000002
2697,0,3.3835000000000002
2698,0,3.3835000000000002
2699,0,3.3835000000000002
2700,0,3.3816000000000002
2701,0,3.3835000000000002
2702,0,3.3835000000000002
2703,0,3.3835000000000002
2704,0,3.3835000000000002
2705,0,3.3835000000000002
2706,0,3.3835000000000002
2707,0,3.3835000000000002
2708,0,3.3835000000000002
2709,0,3.3835000000000002
2710,0,3.3835000000000002
2711,0,3.3835000000000002
2712,0,3.3816000000000002
2713,0,3.3835000000000002
2714,0,3.3835000000000002
2715,0,3.3835000000000002
2716,0,3.3835000000000002
2717,0,3.3816000000000002
2718,0,3.3835000000000002
2719,0,3.3816000000000002
2720,0,3.3816000000000002
2721,0,3.3816000000000002
2722,0,3.3816000000000002
2723,0,3.3816000000000002
2724,0,3.3835000000000002
2725,0,3.3835000000000002
2726,0,3.3835000000000002
2727,0,3.3835000000000002
2728,0,3.3816000000000002
2729,0,3.3816000000000002
2730,0,3.3816000000000002
2731,0,3.3816000000000002
2732,0,3.3816000000000002
2733,0,3.3835000000000002
2734,0,3.3816000000000002
2735,0,3.3816000000000002
2736,0,3.3816000000000002
2737,0,3.3816000000000002
2738,0,3.3816000000000002
2739,0,3.3816000000000002
2740,0,3.3816000000000002
2741,0,3.3816000000000002
2742,0,3.3816000000000002
2743,0,3.3835000000000002
2744,0,3.3816000000000002
2745,0,3.3816000000000002
2746,0,3.3816000000000002
2747,0,3.3816000000000002
2748,0,3.3816000000000002
2749,0,3.3816000000000002
2750,0,3.3816000000000002
2751,0,3.3816000000000002
2752,0,3.3816000000000002
2753,0,3.3835000000000002
2754,0,3.3816000000000002
2755,0,3.3816000000000002
2756,0,3.3816000000000002
2757,0,3.3816000000000002
2758,0,3.3816000000000002
2759,0,3.3816000000000002
2760,0,3.3816000000000002
2761,0,3.3816000000000002
2762,0,3.3816000000000002
2763,0,3.3816000000000002
2764,0,3.3816000000000002
2765,0,3.3816000000000002
2766,0,3.3816000000000002
2767,0,3.3816000000000002
2768,0,3.3816000000000002
2769,0,3.3816000000000002
2770,0,3.3816000000000002
2771,0,3.3816000000000002
2772,0,3.3816000000000002
2773,0,3.3816000000000002
2774,0,3.3816000000000002
2775,0,3.3816000000000002
2776,0,3.3816000000000002
2777,0,3.3816000000000002
2778,0,3.3816000000000002
2779,0,3.3816000000000002
2780,0,3.3816000000000002
2781,0,3.3816000000000002
2782,0,3.3816000000000002
2783,0,3.3816000000000002
2784,0,3.3816000000000002
2785,0,3.3816000000000002
2786,0,3.3816000000000002
2787,0,3.3816000000000002
2788,0,3.3816000000000002
2789,0,3.3816000000000002
2790,0,3.3816000000000002
2791,0,3.3816000000000002
2792,0,3.3816000000000002
2793,0,3.3816000000000002
2794,0,3.3816000000000002
2795,0,3.3816000000000002
2796,0,3.3816000000000002
2797,0,3.3816000000000002
2798,0,3.3816000000000002
2799,0,3.3816000000000002
2800,0,3.3816000000000002
2801,0,3.3816000000000002
2802,0,3.3816000000000002
2803,0,3.3816000000000002
2804,0,3.3816000000000002
2805,0,3.3816000000000002
2806,0,3.3816000000000002
2807,0,3.3816000000000002
2808,0,3.3816000000000002
2809,0,3.3816000000000002
2810,0,3.3816000000000002
2811,0,3.3816000000000002
2812,0,3.3816000000000002
2813,0,3.3816000000000002
2814,0,3.3816000000000002
2815,0,3.3816000000000002
2816,0,3.3816000000000002
2817,0,3.3816000000000002
2818,0,3.3816000000000002
2819,0,3.3816000000000002
2820,0,3.3816000000000002
2821,0,3.3816000000000002
2822,0,3.3816000000000002
2823,0,3.3816000000000002
2824,0,3.3816000000000002
2825,0,3.3816000000000002
2826,0,3.3816000000000002
2827,0,3.3816000000000002
2828,0,3.3816000000000002
2829,0,3.3816000000000002
2830,0,3.3816000000000002
2831,0,3.3816000000000002
2832,0,3.3816000000000002
2833,0,3.3816000000000002
2834,0,3.3816000000000002
2835,0,3.3816000000000002
2836,0,3.3816000000000002
2837,0,3.3816000000000002
2838,0,3.3816000000000002
2839,0,3.3816000000000002
2840,0,3.3816000000000002
2841,0,3.3816000000000002
2842,0,3.3816000000000002
2843,0,3.3816000000000002
2844,0,3.3816000000000002
2845,0,3.3816000000000002
2846,0,3.3816000000000002
2847,0,3.3816000000000002
2848,0,3.3816000000000002
2849,0,3.3816000000000002
2850,0,3.3816000000000002
2851,0,3.3816000000000002
2852,0,3.3816000000000002
2853,0,3.3816000000000002
2854,0,3.3816000000000002
2855,0,3.3816000000000002
2856,0,3.3816000000000002
2857,0,3.3816000000000002
2858,0,3.3816000000000002
2859,0,3.3816000000000002
2860,0,3.3816000000000002
2861,0,3.3816000000000002
2862,0,3.3816000000000002
2863,0,3.3816000000000002
2864,0,3.3816000000000002
2865,0,3.3816000000000002
2866,0,3.3816000000000002
2867,0,3.3816000000000002
2868,0,3.3816000000000002
2869,0,3.3816000000000002
2870,0,3.3816000000000002
2871,0,3.3816000000000002
2872,0,3.3816000000000002
2873,0,3.3816000000000002
2874,0,3.3816000000000002
2875,0,3.3816000000000002
2876,0,3.3816000000000002
2877,0,3.3816000000000002
2878,0,3.3816000000000002
2879,0,3.3816000000000002
2880,0,3.3816000000000002
2881,0,3.3816000000000002
2882,0,3.3816000000000002
2883,0,3.3816000000000002
2884,0,3.3816000000000002
2885,0,3.3816000000000002
2886,0,3.3816000000000002
2887,0,3.3816000000000002
2888,0,3.3816000000000002
2889,0,3.3816000000000002
2890,0,3.3816000000000002
2891,0,3.3816000000000002
2892,0,3.3816000000000002
2893,0,3.3816000000000002
2894,0,3.3816000000000002
2895,0,3.3816000000000002
2896,0,3.3816000000000002
2897,0,3.3816000000000002
2898,0,3.3797999999999999
2899,0,3.3797999999999999
2900,0,3.3797999999999999
2901,0,3.3816000000000002
2902,0,3.3816000000000002
2903,0,3.3816000000000002
2904,0,3.3816000000000002
2905,0,3.3816000000000002
2906,0,3.3797999999999999
2907,0,3.3797999999999999
2908,0,3.3797999999999999
2909,0,3.3816000000000002
2910,0,3.3816000000000002
2911,0,3.3816000000000002
2912,0,3.3797999999999999
2913,0,3.3797999999999999
2914,0,3.3797999999999999
2915,0,3.3816000000000002
2916,0,3.3816000000000002
2917,0,3.3797999999999999
2918,0,3.3797999999999999
2919,0,3.3797999999999999
2920,0,3.3816000000000002
2921,0,3.3797999999999999
2922,0,3.3816000000000002
2923,0,3.3816000000000002
2924,0,3.3797999999999999
2925,0,3.3816000000000002
2926,0,3.3816000000000002
2927,0,3.3816000000000002
2928,0,3.3797999999999999
2929,0,3.3816000000000002
2930,0,3.3797999999999999
2931,0,3.3797999999999999
2932,0,3.3797999999999999
2933,0,3.3816000000000002
2934,0,3.3797999999999999
2935,0,3.3797999999999999
2936,0,3.3797999999999999
2937,0,3.3797999999999999
2938,0,3.3797999999999999
2939,0,3.3797999999999999
2940,0,3.3797999999999999
2941,0,3.3797999999999999
2942,0,3.3797999999999999
2943,0,3.3797999999999999
2944,0,3.3797999999999999
2945,0,3.3797999999999999
2946,0,3.3797999999999999
2947,0,3.3816000000000002
2948,0,3.3797999999999999
2949,0,3.3797999999999999
2950,0,3.3797999999999999
2951,0,3.3797999999999999
2952,0,3.3797999999999999
2953,0,3.3797999999999999
2954,0,3.3797999999999999
2955,0,3.3797999999999999
2956,0,3.3797999999999999
2957,0,3.3797999999999999
2958,0,3.3797999999999999
2959,0,3.3797999999999999
2960,0,3.3797999999999999
2961,0,3.3797999999999999
2962,0,3.3797999999999999
2963,0,3.3797999999999999
2964,0,3.3797999999999999
2965,0,3.3797999999999999
2966,0,3.3797999999999999
2967,0,3.3797999999999999
2968,0,3.3797999999999999
2969,0,3.3797999999999999
2970,0,3.3797999999999999
2971,0,3.3797999999999999
2972,0,3.3797999999999999
2973,0,3.3797999999999999
2974,0,3.3797999999999999
2975,0,3.3797999999999999
2976,0,3.3797999999999999
2977,0,3.3797999999999999
2978,0,3.3797999999999999
2979,0,3.3797999999999999
2980,0,3.3797999999999999
2981,0,3.3797999999999999
2982,0,3.3797999999999999
2983,0,3.3797999999999999
2984,0,3.3797999999999999
2985,0,3.3797999999999999
2986,0,3.3797999999999999
2987,0,3.3797999999999999
2988,0,3.3797999999999999
2989,0,3.3797999999999999
2990,0,3.3797999999999999
2991,0,3.3797999999999999
2992,0,3.3797999999999999
2993,0,3.3797999999999999
2994,0,3.3797999999999999
2995,0,3.3797999999999999
2996,0,3.3797999999999999
2997,0,3.3797999999999999
2998,0,3.3797999999999999
2999,0,3.3797999999999999
3000,0,3.3797999999999999
3001,0,3.3797999999999999
3002,0,3.3797999999999999
3003,0,3.3797999999999999
3004,0,3.3797999999999999
3005,0,3.3797999999999999
3006,0,3.3797999999999999
3007,0,3.3797999999999999
3008,0,3.3797999999999999
3009,0,3.3797999999999999
3010,0,3.3797999999999999
3011,0,3.3797999999999999
3012,0,3.3797999999999999
3013,0,3.3797999999999999
3014,0,3.3797999999999999
3015,0,3.3797999999999999
3016,0,3.3797999999999999
3017,0,3.3797999999999999
3018,0,3.3797999999999999
3019,0,3.3797999999999999
3020,0,3.3797999999999999
3021,0,3.3797999999999999
3022,0,3.3797999999999999
3023,0,3.3797999999999999
3024,0,3.3797999999999999
3025,0,3.3797999999999999
3026,0,3.3797999999999999
3027,0,3.3797999999999999
3028,0,3.3797999999999999
3029,0,3.3797999999999999
3030,0,3.3797999999999999
3031,0,3.3797999999999999
3032,0,3.3797999999999999
3033,0,3.3797999999999999
3034,0,3.3797999999999999
3035,0,3.3797999999999999
3036,0,3.3797999999999999
3037,0,3.3797999999999999
3038,0,3.3797999999999999
3039,0,3.3797999999999999
3040,0,3.3797999999999999
3041,0,3.3797999999999999
3042,0,3.3797999999999999
3043,0,3.3797999999999999
3044,0,3.3797999999999999
3045,0,3.3797999999999999
3046,0,3.3797999999999999
3047,0,3.3797999999999999
3048,0,3.3797999999999999
3049,0,3.3797999999999999
3050,0,3.3797999999999999
3051,0,3.3797999999999999
3052,0,3.3797999999999999
3053,0,3.3797999999999999
3054,0,3.3797999999999999
3055,0,3.3797999999999999
3056,0,3.3797999999999999
3057,0,3.3797999999999999
3058,0,3.3797999999999999
3059,0,3.3797999999999999
3060,0,3.3797999999999999
3061,0,3.3797999999999999
3062,0,3.3797999999999999
3063,0,3.3797999999999999
3064,0,3.3797999999999999
3065,0,3.3797999999999999
3066,0,3.3797999999999999
3067,0,3.3797999999999999
3068,0,3.3797999999999999
3069,0,3.3797999999999999
3070,0,3.3797999999999999
3071,0,3.3797999999999999
3072,0,3.3797999999999999
3073,0,3.3797999999999999
3074,0,3.3797999999999999
3075,0,3.3797999999999999
3076,0,3.3797999999999999
3077,0,3.3778999999999999
3078,0,3.3797999999999999
3079,0,3.3797999999999999
3080,0,3.3797999999999999
3081,0,3.3797999999999999
3082,0,3.3797999999999999
3083,0,3.3797999999999999
3084,0,3.3797999999999999
3085,0,3.3797999999999999
3086,0,3.3778999999999999
3087,0,3.3797999999999999
3088,0,3.3778999999999999
3089,0,3.3797999999999999
3090,0,3.3797999999999999
3091,0,3.3797999999999999
3092,0,3.3797999999999999
3093,0,3.3797999999999999
3094,0,3.3797999999999999
3095,0,3.3797999999999999
3096,0,3.3797999999999999
3097,0,3.3797999999999999
3098,0,3.3797999999999999
3099,0,3.3778999999999999
3100,0,3.3797999999999999
3101,0,3.3797999999999999
3102,0,3.3778999999999999
3103,0,3.3797999999999999
3104,0,3.3778999999999999
3105,0,3.3797999999999999
3106,0,3.3797999999999999
3107,0,3.3797999999999999
3108,0,3.3778999999999999
3109,0,3.3778999999999999
3110,0,3.3778999999999999
3111,0,3.3797999999999999
3112,0,3.3797999999999999
3113,0,3.3797999999999999
3114,0,3.3797999999999999
3115,0,3.3797999999999999
3116,0,3.3797999999999999
3117,0,3.3778999999999999
3118,0,3.3778999999999999
3119,0,3.3797999999999999
3120,0,3.3778999999999999
3121,0,3.3778999999999999
3122,0,3.3797999999999999
3123,0,3.3778999999999999
3124,0,3.3797999999999999
3125,0,3.3797999999999999
3126,0,3.3797999999999999
3127,0,3.3778999999999999
3128,0,3.3797999999999999
3129,0,3.3778999999999999
3130,0,3.3797999999999999
3131,0,3.3778999999999999
3132,0,3.3797999999999999
3133,0,3.3778999999999999
3134,0,3.3778999999999999
3135,0,3.3778999999999999
3136,0,3.3778999999999999
3137,0,3.3778999999999999
3138,0,3.3778999999999999
3139,0,3.3778999999999999
3140,0,3.3778999999999999
3141,0,3.3778999999999999
3142,0,3.3778999999999999
3143,0,3.3778999999999999
3144,0,3.3778999999999999
3145,0,3.3778999999999999
3146,0,3.3778999999999999
3147,0,3.3778999999999999
3148,0,3.3778999999999999
3149,0,3.3778999999999999
3150,0,3.3778999999999999
3151,0,3.3778999999999999
3152,0,3.3778999999999999
3153,0,3.3778999999999999
3154,0,3.3778999999999999
3155,0,3.3778999999999999
3156,0,3.3778999999999999
3157,0,3.3778999999999999
3158,0,3.3778999999999999
3159,0,3.3778999999999999
3160,0,3.3778999999999999
3161,0,3.3778999999999999
3162,0,3.3778999999999999
3163,0,3.3778999999999999
3164,0,3.3778999999999999
3165,0,3.3778999999999999
3166,0,3.3778999999999999
3167,0,3.3778999999999999
3168,0,3.3778999999999999
3169,0,3.3778999999999999
3170,0,3.3778999999999999
3171,0,3.3778999999999999
3172,0,3.3778999999999999
3173,0,3.3778999999999999
3174,0,3.3778999999999999
3175,0,3.3778999999999999
3176,0,3.3778999999999999
3177,0,3.3778999999999999
3178,0,3.3778999999999999
3179,0,3.3778999999999999
3180,0,3.3778999999999999
3181,0,3.3778999999999999
3182,0,3.3778999999999999
3183,0,3.3778999999999999
3184,0,3.3778999999999999
3185,0,3.3778999999999999
3186,0,3.3778999999999999
3187,0,3.3778999999999999
3188,0,3.3778999999999999
3189,0,3.3778999999999999
3190,0,3.3778999999999999
3191,0,3.3778999999999999
3192,0,3.3778999999999999
3193,0,3.3778999999999999
3194,0,3.3778999999999999
3195,0,3.3778999999999999
3196,0,3.3778999999999999
3197,0,3.3778999999999999
3198,0,3.3778999999999999
3199,0,3.3778999999999999
3200,0,3.3778999999999999
3201,0,3.3778999999999999
3202,0,3.3778999999999999
3203,0,3.3778999999999999
3204,0,3.3778999999999999
3205,0,3.3778999999999999
3206,0,3.3778999999999999
3207,0,3.3778999999999999
3208,0,3.3778999999999999
3209,0,3.3778999999999999
3210,0,3.3778999999999999
3211,0,3.3778999999999999
3212,0,3.3778999999999999
3213,0,3.3778999999999999
3214,0,3.3778999999999999
3215,0,3.3778999999999999
3216,0,3.3778999999999999
3217,0,3.3778999999999999
3218,0,3.3778999999999999
3219,0,3.3778999999999999
3220,0,3.3778999999999999
3221,0,3.3778999999999999
3222,0,3.3778999999999999
3223,0,3.3778999999999999
3224,0,3.3778999999999999
3225,0,3.3778999999999999
3226,0,3.3778999999999999
3227,0,3.3778999999999999
3228,0,3.3778999999999999
3229,0,3.3778999999999999
3230,0,3.3778999999999999
3231,0,3.3778999999999999
3232,0,3.3778999999999999
3233,0,3.3778999999999999
3234,0,3.3778999999999999
3235,0,3.3778999999999999
3236,0,3.3778999999999999
3237,0,3.3778999999999999
3238,0,3.3778999999999999
3239,0,3.3778999999999999
3240,0,3.3778999999999999
3241,0,3.3778999999999999
3242,0,3.3778999999999999
3243,0,3.3778999999999999
3244,0,3.3778999999999999
3245,0,3.3778999999999999
3246,0,3.3778999999999999
3247,0,3.3778999999999999
3248,0,3.3778999999999999
3249,0,3.3778999999999999
3250,0,3.3778999999999999
3251,0,3.3778999999999999
3252,0,3.3778999999999999
3253,0,3.3778999999999999
3254,0,3.3778999999999999
3255,0,3.3778999999999999
3256,0,3.3778999999999999
3257,0,3.3778999999999999
3258,0,3.3778999999999999
3259,0,3.3778999999999999
3260,0,3.3778999999999999
3261,0,3.3778999999999999
3262,0,3.3778999999999999
3263,0,3.3778999999999999
3264,0,3.3778999999999999
3265,0,3.3778999999999999
3266,0,3.3778999999999999
3267,0,3.3778999999999999
3268,0,3.3778999999999999
3269,0,3.3778999999999999
3270,0,3.3778999999999999
3271,0,3.3778999999999999
3272,0,3.3778999999999999
3273,0,3.3778999999999999
3274,0,3.3778999999999999
3275,0,3.3778999999999999
3276,0,3.3778999999999999
3277,0,3.3778999999999999
3278,0,3.3778999999999999
3279,0,3.3778999999999999
3280,0,3.3778999999999999
3281,0,3.3778999999999999
3282,0,3.3778999999999999
3283,0,3.3778999999999999
3284,0,3.3778999999999999
3285,0,3.3778999999999999
3286,0,3.3778999999999999
3287,0,3.3778999999999999
3288,0,3.3778999999999999
3289,0,3.3778999999999999
3290,0,3.3778999999999999
3291,0,3.3778999999999999
3292,0,3.3778999999999999
3293,0,3.3778999999999999
3294,0,3.3778999999999999
3295,0,3.3778999999999999
3296,0,3.3778999999999999
3297,0,3.3778999999999999
3298,0,3.3778999999999999
3299,0,3.3778999999999999
3300,0,3.3778999999999999
3301,0,3.3778999999999999
3302,0,3.3778999999999999
3303,0,3.3778999999999999
3304,0,3.3778999999999999
3305,0,3.3778999999999999
3306,0,3.3778999999999999
3307,0,3.3778999999999999
3308,0,3.3778999999999999
3309,0,3.3778999999999999
3310,0,3.3778999999999999
3311,0,3.3778999999999999
3312,0,3.3778999999999999
3313,0,3.3778999999999999
3314,0,3.3778999999999999
3315,0,3.3778999999999999
3316,0,3.3778999999999999
3317,0,3.3778999999999999
3318,0,3.3778999999999999
3319,0,3.3778999999999999
3320,0,3.3778999999999999
3321,0,3.3761000000000001
3322,0,3.3778999999999999
3323,0,3.3778999999999999
3324,0,3.3778999999999999
3325,0,3.3778999999999999
3326,0,3.3778999999999999
3327,0,3.3778999999999999
3328,0,3.3761000000000001
3329,0,3.3761000000000001
3330,0,3.3761000000000001
3331,0,3.3778999999999999
3332,0,3.3761000000000001
3333,0,3.3778999999999999
3334,0,3.3778999999999999
3335,0,3.3778999999999999
3336,0,3.3778999999999999
3337,0,3.3778999999999999
3338,0,3.3761000000000001
3339,0,3.3761000000000001
3340,0,3.3778999999999999
3341,0,3.3778999999999999
3342,0,3.3778999999999999
3343,0,3.3761000000000001
3344,0,3.3761000000000001
3345,0,3.3778999999999999
3346,0,3.3778999999999999
3347,0,3.3761000000000001
3348,0,3.3761000000000001
3349,0,3.3761000000000001
3350,0,3.3761000000000001
3351,0,3.3761000000000001
3352,0,3.3761000000000001
3353,0,3.3761000000000001
3354,0,3.3761000000000001
3355,0,3.3761000000000001
3356,0,3.3778999999999999
3357,0,3.3761000000000001
3358,0,3.3778999999999999
3359,0,3.3778999999999999
3360,0,3.3761000000000001
3361,0,3.3761000000000001
3362,0,3.3761000000000001
3363,0,3.3761000000000001
3364,0,3.3778999999999999
3365,0,3.3761000000000001
3366,0,3.3761000000000001
3367,0,3.3761000000000001
3368,0,3.3761000000000001
3369,0,3.3761000000000001
3370,0,3.3761000000000001
3371,0,3.3761000000000001
3372,0,3.3761000000000001
3373,0,3.3778999999999999
3374,0,3.3761000000000001
3375,0,3.3761000000000001
3376,0,3.3761000000000001
3377,0,3.3761000000000001
3378,0,3.3761000000000001
3379,0,3.3761000000000001
3380,0,3.3761000000000001
3381,0,3.3761000000000001
3382,0,3.3761000000000001
3383,0,3.3761000000000001
3384,0,3.3761000000000001
3385,0,3.3761000000000001
3386,0,3.3761000000000001
3387,0,3.3761000000000001
3388,0,3.3761000000000001
3389,0,3.3761000000000001
3390,0,3.3761000000000001
3391,0,3.3761000000000001
3392,0,3.3761000000000001
3393,0,3.3761000000000001
3394,0,3.3761000000000001
3395,0,3.3761000000000001
3396,0,3.3761000000000001
3397,0,3.3761000000000001
3398,0,3.3761000000000001
3399,0,3.3761000000000001
3400,0,3.3761000000000001
3401,0,3.3761000000000001
3402,0,3.3761000000000001
3403,0,3.3761000000000001
3404,0,3.3761000000000001
3405,0,3.3761000000000001
3406,0,3.3761000000000001
3407,0,3.3761000000000001
3408,0,3.3761000000000001
3409,0,3.3761000000000001
3410,0,3.3761000000000001
3411,0,3.3761000000000001
3412,0,3.3761000000000001
3413,0,3.3761000000000001
3414,0,3.3761000000000001
3415,0,3.3761000000000001
3416,0,3.3761000000000001
3417,0,3.3761000000000001
3418,0,3.3761000000000001
3419,0,3.3761000000000001
3420,0,3.3761000000000001
3421,0,3.3761000000000001
3422,0,3.3761000000000001
3423,0,3.3761000000000001
3424,0,3.3761000000000001
3425,0,3.3761000000000001
3426,0,3.3761000000000001
3427,0,3.3761000000000001
3428,0,3.3761000000000001
3429,0,3.3761000000000001
3430,0,3.3761000000000001
3431,0,3.3761000000000001
3432,0,3.3761000000000001
3433,0,3.3761000000000001
3434,0,3.3761000000000001
3435,0,3.3761000000000001
3436,0,3.3761000000000001
3437,0,3.3761000000000001
3438,0,3.3761000000000001
3439,0,3.3761000000000001
3440,0,3.3761000000000001
3441,0,3.3761000000000001
3442,0,3.3761000000000001
3443,0,3.3761000000000001
3444,0,3.3761000000000001
3445,0,3.3761000000000001
3446,0,3.3761000000000001
3447,0,3.3761000000000001
3448,0,3.3761000000000001
3449,0,3.3761000000000001
3450,0,3.3761000000000001
3451,0,3.3761000000000001
3452,0,3.3761000000000001
3453,0,3.3761000000000001
3454,0,3.3761000000000001
3455,0,3.3761000000000001
3456,0,3.3761000000000001
3457,0,3.3761000000000001
3458,0,3.3761000000000001
3459,0,3.3761000000000001
3460,0,3.3761000000000001
3461,0,3.3761000000000001
3462,0,3.3761000000000001
3463,0,3.3761000000000001
3464,0,3.3761000000000001
3465,0,3.3761000000000001
3466,0,3.3761000000000001
3467,0,3.3761000000000001
3468,0,3.3761000000000001
3469,0,3.3761000000000001
3470,0,3.3761000000000001
3471,0,3.3761000000000001
3472,0,3.3761000000000001
3473,0,3.3761000000000001
3474,0,3.3761000000000001
3475,0,3.3761000000000001
3476,0,3.3761000000000001
3477,0,3.3761000000000001
3478,0,3.3761000000000001
3479,0,3.3761000000000001
3480,0,3.3761000000000001
3481,0,3.3761000000000001
3482,0,3.3761000000000001
3483,0,3.3761000000000001
3484,0,3.3761000000000001
3485,0,3.3761000000000001
3486,0,3.3761000000000001
3487,0,3.3761000000000001
3488,0,3.3761000000000001
3489,0,3.3761000000000001
3490,0,3.3761000000000001
3491,0,3.3761000000000001
3492,0,3.3761000000000001
3493,0,3.3761000000000001
3494,0,3.3761000000000001
3495,0,3.3761000000000001
3496,0,3.3761000000000001
3497,0,3.3761000000000001
3498,0,3.3761000000000001
3499,0,3.3761000000000001
3500,0,3.3761000000000001
3501,0,3.3761000000000001
3502,0,3.3761000000000001
3503,0,3.3761000000000001
3504,0,3.3761000000000001
3505,0,3.3761000000000001
3506,0,3.3761000000000001
3507,0,3.3761000000000001
3508,0,3.3761000000000001
3509,0,3.3761000000000001
3510,0,3.3761000000000001
3511,0,3.3761000000000001
3512,0,3.3761000000000001
3513,0,3.3761000000000001
3514,0,3.3761000000000001
3515,0,3.3761000000000001
3516,0,3.3761000000000001
3517,0,3.3761000000000001
3518,0,3.3761000000000001
3519,0,3.3761000000000001
3520,0,3.3761000000000001
3521,0,3.3761000000000001
3522,0,3.3761000000000001
3523,0,3.3761000000000001
3524,0,3.3761000000000001
3525,0,3.3761000000000001
3526,0,3.3761000000000001
3527,0,3.3761000000000001
3528,0,3.3761000000000001
3529,0,3.3761000000000001
3530,0,3.3761000000000001
3531,0,3.3761000000000001
3532,0,3.3761000000000001
3533,0,3.3761000000000001
3534,0,3.3742000000000001
3535,0,3.3761000000000001
3536,0,3.3761000000000001
3537,0,3.3761000000000001
3538,0,3.3761000000000001
3539,0,3.3761000000000001
3540,0,3.3761000000000001
3541,0,3.3761000000000001
3542,0,3.3742000000000001
3543,0,3.3742000000000001
3544,0,3.3742000000000001
3545,0,3.3761000000000001
3546,0,3.3761000000000001
3547,0,3.3761000000000001
3548,0,3.3742000000000001
3549,0,3.3761000000000001
3550,0,3.3761000000000001
3551,0,3.3761000000000001
3552,0,3.3761000000000001
3553,0,3.3761000000000001
3554,0,3.3761000000000001
3555,0,3.3761000000000001
3556,0,3.3761000000000001
3557,0,3.3742000000000001
3558,0,3.3761000000000001
3559,0,3.3742000000000001
3560,0,3.3761000000000001
3561,0,3.3761000000000001
3562,0,3.3761000000000001
3563,0,3.3742000000000001
3564,0,3.3742000000000001
3565,0,3.3742000000000001
3566,0,3.3742000000000001
3567,0,3.3742000000000001
3568,0,3.3761000000000001
3569,0,3.3761000000000001
3570,0,3.3742000000000001
3571,0,3.3761000000000001
3572,0,3.3742000000000001
3573,0,3.3742000000000001
3574,0,3.3761000000000001
3575,0,3.3761000000000001
3576,0,3.3761000000000001
3577,0,3.3761000000000001
3578,0,3.3761000000000001
3579,0,3.3761000000000001
3580,0,3.3742000000000001
3581,0,3.3761000000000001
3582,0,3.3761000000000001
3583,0,3.3761000000000001
3584,0,3.3742000000000001
3585,0,3.3742000000000001
3586,0,3.3761000000000001
3587,0,3.3761000000000001
3588,0,3.3742000000000001
3589,0,3.3742000000000001
3590,0,3.3742000000000001
3591,0,3.3742000000000001
3592,0,3.3742000000000001
3593,0,3.3742000000000001
3594,0,3.3742000000000001
3595,0,3.3742000000000001
3596,0,3.3742000000000001
3597,0,3.3742000000000001
3598,0,3.3742000000000001
3599,0,3.3742000000000001
3600,0,3.3761000000000001
3601,0,3.3389000000000002
3602,0,3.3389000000000002
3603,0,3.3389000000000002
3604,0,3.3389000000000002
3605,0,3.3389000000000002
3606,0,3.3407
3607,0,3.3389000000000002
3608,0,3.3389000000000002
3609,0,3.3389000000000002
3610,0,3.3407
3611,0,3.3389000000000002
3612,0,3.3407
3613,0,3.3389000000000002
3614,0,3.3407
3615,0,3.3389000000000002
3616,0,3.3407
3617,0,3.3407
3618,0,3.3407
3619,0,3.3407
3620,0,3.3407
3621,0,3.3407
3622,0,3.3407
3623,-9.5920000000000005,3.3035000000000001
3624,-9.4307999999999996,3.3016999999999999
3625,-15.327299999999999,3.2774999999999999
3626,-18.6693,3.2625999999999999
3627,-21.118500000000001,3.2513999999999998
3628,-23.3506,3.2383999999999999
3629,-6.3182,3.2978999999999998
3630,-9.2757000000000005,3.2848999999999999
3631,-27.790099999999999,3.2198000000000002
3632,-13.1014,3.2663000000000002
3633,-10.596399999999999,3.2755999999999998
3634,-4.5448000000000004,3.2978999999999998
3635,0.81840000000000002,3.3184
3636,1.6989000000000001,3.3220999999999998
3637,1.6989000000000001,3.3239999999999998
3638,1.2214,3.3220999999999998
3639,1.6245000000000001,3.3258000000000001
3640,11.4335,3.3649
3641,7.1551999999999998,3.3500000000000001
3642,-1.7919,3.3165
3643,-4.5448000000000004,3.3071999999999999
3644,-4.6749999999999998,3.3054000000000001
3645,-6.0391000000000004,3.2997999999999998
3646,-11.9977,3.2755999999999998
3647,-20.114000000000001,3.2440000000000002
3648,-22.277999999999999,3.2347000000000001
3649,-20.510899999999999,3.2366000000000001
3650,-5.3571,3.2886000000000002
3651,-0.51459999999999995,3.3090999999999999
3652,-1.8849,3.3054000000000001
3653,5.6981000000000002,3.3332999999999999
3654,10.6584,3.3555999999999999
3655,7.3040000000000003,3.3462999999999998
3656,4.1045999999999996,3.3332999999999999
3657,-1.9158999999999999,3.3128000000000002
3658,-17.720700000000001,3.2532999999999999
3659,-21.7943,3.2347000000000001
3660,-20.833300000000001,3.2347000000000001
3661,-21.031700000000001,3.2328000000000001
3662,-15.2529,3.2513999999999998
3663,-8.5564999999999998,3.2738
3664,-7.3597999999999999,3.2774999999999999
3665,-5.2827000000000002,3.2867999999999999
3666,0.7006,3.3090999999999999
3667,-2.1949000000000001,3.2997999999999998
3668,-5.9337,3.2848999999999999
3669,-5.2331000000000003,3.2867999999999999
3670,-2.2383000000000002,3.2997999999999998
3671,-2.2010999999999998,3.2997999999999998
3672,-3.7202000000000002,3.2942
3673,-10.1128,3.2719
3674,-10.317399999999999,3.27
3675,-5.4748999999999999,3.2848999999999999
3676,0.17979999999999999,3.3071999999999999
3677,1.2647999999999999,3.3128000000000002
3678,-5.2827000000000002,3.2886000000000002
3679,-8.9161000000000001,3.2755999999999998
3680,-11.9605,3.2625999999999999
3681,-4.0797999999999996,3.2905000000000002
3682,0.13639999999999999,3.3071999999999999
3683,-9.2323000000000004,3.2738
3684,-11.6381,3.2645
3685,-14.1989,3.2551999999999999
3686,-18.638300000000001,3.2347000000000001
3687,-13.8826,3.2532999999999999
3688,-11.830299999999999,3.2589000000000001
3689,-8.9657,3.2682000000000002
3690,-9.0710999999999995,3.2682000000000002
3691,-9.2385000000000002,3.2682000000000002
3692,-5.0719000000000003,3.2812000000000001
3693,-1.5996999999999999,3.2942
3694,-3.2366000000000001,3.2886000000000002
3695,-3.2366000000000001,3.2886000000000002
3696,-6.6778000000000004,3.2774999999999999
3697,-10.7948,3.2625999999999999
3698,0.67579999999999996,3.3054000000000001
3699,1.3206,3.3090999999999999
3700,0.67579999999999996,3.3071999999999999
3701,-8.8169000000000004,3.2719
3702,-12.0473,3.2606999999999999
3703,-10.708,3.2645
3704,-7.6512000000000002,3.2738
3705,-6.8638000000000003,3.2755999999999998
3706,-3.3792,3.2886000000000002
3707,1.3206,3.3071999999999999
3708,2.0398999999999998,3.3109999999999999
3709,-6.4980000000000002,3.2793000000000001
3710,-8.9346999999999994,3.2719
3711,-12.251899999999999,3.2589000000000001
3712,-12.5434,3.2570000000000001
3713,-13.777200000000001,3.2513999999999998
3714,-11.458299999999999,3.2589000000000001
3715,-8.2651000000000003,3.27
3716,-1.8539000000000001,3.2924000000000002
3717,1.3206,3.3054000000000001
3718,21.3231,3.3816000000000002
3719,19.518799999999999,3.3797999999999999
3720,18.272500000000001,3.3778999999999999
3721,15.513299999999999,3.3704999999999998
3722,12.3697,3.363
3723,9.0772999999999993,3.3519000000000001
3724,0,3.3165
3725,0,3.3165
3726,0,3.3165
3727,0,3.3165
3728,0,3.3165
3729,0,3.3165
3730,0,3.3165
3731,0,3.3165
3732,0,3.3165
3733,0,3.3165
3734,0,3.3165
3735,0,3.3165
3736,0,3.3165
3737,0,3.3165
3738,0,3.3165
3739,0,3.3165
3740,0,3.3165
3741,0,3.3165
3742,0,3.3165
3743,0,3.3165
3744,0,3.3165
3745,0,3.3165
3746,0,3.3165
3747,0,3.3184
3748,0,3.3165
3749,0,3.3184
3750,0,3.3184
3751,0,3.3184
3752,0,3.3184
3753,0,3.3184
3754,0,3.3184
3755,0,3.3184
3756,0,3.3184
3757,0,3.3184
3758,0,3.3184
3759,0,3.3184
3760,0,3.3184
3761,0,3.3184
3762,0,3.3184
3763,0,3.3184
3764,0,3.3203
3765,0,3.3184
3766,-10.453799999999999,3.2793000000000001
3767,-14.4221,3.2645
3768,-18.2911,3.2477
3769,-22.774000000000001,3.2309999999999999
3770,-28.5776,3.2086999999999999
3771,-33.395299999999999,3.1882000000000001
3772,-29.216200000000001,3.1993999999999998
3773,-28.174600000000002,3.1993999999999998
3774,-22.277999999999999,3.218
3775,-12.1403,3.2532999999999999
3776,2.6413000000000002,3.3071999999999999
3777,1.8043,3.3071999999999999
3778,0.67579999999999996,3.3035000000000001
3779,-7.3722000000000003,3.2738
3780,-6.0887000000000002,3.2793000000000001
3781,-6.1692999999999998,3.2793000000000001
3782,-9.0525000000000002,3.2682000000000002
3783,-21.453299999999999,3.2254
3784,2.7281,3.3090999999999999
3785,14.000400000000001,3.3536999999999999
3786,6.0391000000000004,3.3258000000000001
3787,16.0776,3.3649
3788,6.9257999999999997,3.3351000000000002
3789,1.0105999999999999,3.3128000000000002
3790,-10.187200000000001,3.2719
3791,-6.7211999999999996,3.2831000000000001
3792,-15.600099999999999,3.2513999999999998
3793,-26.729900000000001,3.2105000000000001
3794,-30.822099999999999,3.1919
3795,-39.924300000000002,3.1621999999999999
3796,-39.924300000000002,3.1566000000000001
3797,-39.911900000000003,3.1547000000000001
3798,-39.924300000000002,3.1528999999999998
3799,-25.254200000000001,3.1974999999999998
3800,-39.924300000000002,3.1490999999999998
3801,-30.096699999999998,3.1789000000000001
3802,-39.924300000000002,3.1473
3803,-38.2502,3.1509999999999998
3804,-39.911900000000003,3.1454
3805,-29.1356,3.177
3806,-27.4057,3.1825999999999999
3807,-25.855599999999999,3.1863000000000001
3808,-10.4476,3.2383999999999999
3809,-6.3739999999999997,3.2551999999999999
3810,-8.6867000000000001,3.2477
3811,-6.2126999999999999,3.2589000000000001
3812,-10.224399999999999,3.2440000000000002
3813,-10.212,3.2440000000000002
3814,-10.212,3.2458999999999998
3815,-10.212,3.2458999999999998
3816,-14.775499999999999,3.2309999999999999
3817,-14.8499,3.2309999999999999
3818,-21.769500000000001,3.2067999999999999
3819,-24.4543,3.1956000000000002
3820,-24.944099999999999,3.1938
3821,-20.6907,3.2086999999999999
3822,-23.418800000000001,3.1974999999999998
3823,-26.258600000000001,3.1882000000000001
3824,-21.850100000000001,3.2012
3825,-24.658899999999999,3.1919
3826,-30.084299999999999,3.1751999999999998
3827,-39.918100000000003,3.1417000000000002
3828,-39.515099999999997,3.1417000000000002
3829,-27.697099999999999,3.177
3830,-22.7864,3.1919
3831,-17.491299999999999,3.2124000000000001
3832,-12.344900000000001,3.2290999999999999
3833,-7.4156000000000004,3.2458999999999998
3834,-14.6577,3.2235
3835,-19.890799999999999,3.2067999999999999
3836,-22.966200000000001,3.1956000000000002
3837,-25.886600000000001,3.1863000000000001
3838,-20.653500000000001,3.2012
3839,-26.457000000000001,3.1825999999999999
3840,-21.093699999999998,3.1993999999999998
3841,-24.286899999999999,3.1901000000000002
3842,-18.805800000000001,3.2086999999999999
3843,-16.183,3.2161
3844,-11.377700000000001,3.2328000000000001
3845,-16.052800000000001,3.2198000000000002
3846,-16.052800000000001,3.2198000000000002
3847,-16.052800000000001,3.2198000000000002
3848,-16.052800000000001,3.2198000000000002
3849,-16.046600000000002,3.2198000000000002
3850,-13.349399999999999,3.2290999999999999
3851,-8.3209,3.2458999999999998
3852,-8.1783000000000001,3.2477
3853,1.4818,3.2831000000000001
3854,-2.1080999999999999,3.2719
3855,-4.5819999999999999,3.2663000000000002
3856,-9.6974,3.2458999999999998
3857,-6.9382000000000001,3.2589000000000001
3858,-11.5389,3.2403
3859,-21.9742,3.2067999999999999
3860,-16.8216,3.2216999999999998
3861,-16.852599999999999,3.2216999999999998
3862,-14.2857,3.2290999999999999
3863,-6.9753999999999996,3.2551999999999999
3864,-4.1479999999999997,3.2663000000000002
3865,-4.0983999999999998,3.2682000000000002
3866,-3.8999999999999999,3.27
3867,-1.0105999999999999,3.2812000000000001
3868,-20.696899999999999,3.2141999999999999
3869,-3.5838000000000001,3.2719
3870,-10.615,3.2458999999999998
3871,-8.6556999999999995,3.2551999999999999
3872,-8.4883000000000006,3.2551999999999999
3873,-15.290100000000001,3.2309999999999999
3874,-11.0739,3.2458999999999998
3875,-39.924300000000002,3.1490999999999998
3876,2.0461,3.2867999999999999
3877,-39.924300000000002,3.1490999999999998
3878,-13.8888,3.2309999999999999
3879,-27.132899999999999,3.1863000000000001
3880,-39.918100000000003,3.1454
3881,-28.466000000000001,3.1789000000000001
3882,-20.535699999999999,3.2031000000000001
3883,-26.3826,3.1844999999999999
3884,-15.686999999999999,3.2198000000000002
3885,-10.8506,3.2366000000000001
3886,0,3.2774999999999999
3887,1.6493,3.2848999999999999
3888,4.6811999999999996,3.2997999999999998
3889,7.8868999999999998,3.3128000000000002
3890,6.5599999999999996,3.3109999999999999
3891,-12.8162,3.2421000000000002
3892,-12.8224,3.2403
3893,-3.1745999999999999,3.2738
3894,6.6467999999999998,3.3109999999999999
3895,-10.212,3.2532999999999999
3896,-14.2423,3.2366000000000001
3897,-10.212,3.2513999999999998
3898,-2.5358999999999998,3.2774999999999999
3899,-9.8957999999999995,3.2532999999999999
3900,-11.5885,3.2458999999999998
3901,-11.5823,3.2458999999999998
3902,-2.2940999999999998,3.2793000000000001
3903,0,3.2886000000000002
3904,0.124,3.2905000000000002
3905,5.1276999999999999,3.3109999999999999
3906,7.9612999999999996,3.3220999999999998
3907,7.9241000000000001,3.3239999999999998
3908,9.0835000000000008,3.3296000000000001
3909,8.9905000000000008,3.3296000000000001
3910,7.7628000000000004,3.3277000000000001
3911,8.8045000000000009,3.3332999999999999
3912,15.153700000000001,3.3574999999999999
3913,11.600899999999999,3.3462999999999998
3914,14.1617,3.3574999999999999
3915,9.9640000000000004,3.3443999999999998
3916,8.5317000000000007,3.3370000000000002
3917,5.5617000000000001,3.3296000000000001
3918,4.6440000000000001,3.3258000000000001
3919,-3.2986,3.2978999999999998
3920,1.3206,3.3128000000000002
3921,5.2579000000000002,3.3258000000000001
3922,8.9161000000000001,3.3407
3923,15.718,3.3668
3924,17.807500000000001,3.3761000000000001
3925,5.8841000000000001,3.3351000000000002
3926,3.7202000000000002,3.3277000000000001
3927,1.5687,3.3203
3928,5.2020999999999997,3.3313999999999999
3929,4.7247000000000003,3.3313999999999999
3930,8.4821000000000009,3.3462999999999998
3931,3.7698,3.3277000000000001
3932,0,3.3147000000000002
3933,0,3.3147000000000002
3934,0,3.3128000000000002
3935,0,3.3128000000000002
3936,0,3.3128000000000002
3937,0,3.3128000000000002
3938,0,3.3128000000000002
3939,0,3.3128000000000002
3940,0,3.3128000000000002
3941,0,3.3128000000000002
3942,0,3.3128000000000002
3943,0,3.3128000000000002
3944,0,3.3128000000000002
3945,0,3.3128000000000002
3946,0,3.3128000000000002
3947,0,3.3128000000000002
3948,0,3.3128000000000002
3949,-3.2986,3.3016999999999999
3950,-10.5778,3.2738
3951,-16.660399999999999,3.2513999999999998
3952,-20.182200000000002,3.2366000000000001
3953,-24.5411,3.2198000000000002
3954,-28.168399999999998,3.2031000000000001
3955,-27.777699999999999,3.2031000000000001
3956,-30.729099999999999,3.1919
3957,-16.840199999999999,3.2347000000000001
3958,-21.7013,3.2198000000000002
3959,-20.938700000000001,3.2216999999999998
3960,-23.6173,3.2105000000000001
3961,-31.411200000000001,3.1825999999999999
3962,-16.1768,3.2328000000000001
3963,-16.747199999999999,3.2309999999999999
3964,-13.058,3.2421000000000002
3965,-15.935,3.2328000000000001
3966,-17.584299999999999,3.2273000000000001
3967,-19.773,3.2198000000000002
3968,-7.8993000000000002,3.2606999999999999
3969,-10.732799999999999,3.2513999999999998
3970,-4.2534000000000001,3.2738
3971,-0.44640000000000002,3.2886000000000002
3972,-8.9346999999999994,3.2606999999999999
3973,-18.861599999999999,3.2254
3974,-14.775499999999999,3.2383999999999999
3975,-6.5351999999999997,3.2663000000000002
3976,-6.5351999999999997,3.2682000000000002
3977,-6.5476000000000001,3.2682000000000002
3978,-6.5476000000000001,3.2682000000000002
3979,-6.5476000000000001,3.27
3980,-7.7317999999999998,3.2645
3981,-11.427300000000001,3.2532999999999999
3982,-7.8993000000000002,3.2645
3983,-4.7432999999999996,3.2755999999999998
3984,0.44019999999999998,3.2942
3985,5.1276999999999999,3.3147000000000002
3986,6.0019,3.3184
3987,2.2073,3.3071999999999999
3988,15.190899999999999,3.3555999999999999
3989,16.561199999999999,3.363
3990,20.082999999999998,3.3778999999999999
3991,14.639099999999999,3.363
3992,13.5602,3.3593000000000002
3993,12.2333,3.3555999999999999
3994,10.5654,3.3519000000000001
3995,6.1569000000000003,3.3351000000000002
3996,0,3.3128000000000002
3997,0,3.3128000000000002
3998,0,3.3109999999999999
3999,0,3.3109999999999999
4000,0,3.3109999999999999
4001,0,3.3109999999999999
4002,0,3.3109999999999999
4003,0,3.3109999999999999
4004,0,3.3109999999999999
4005,-8.2960999999999991,3.2812000000000001
4006,-10.615,3.2719
4007,-17.0014,3.2458999999999998
4008,-23.183199999999999,3.2235
4009,-27.325099999999999,3.2067999999999999
4010,-32.1676,3.1882000000000001
4011,-39.918100000000003,3.1621999999999999
4012,-35.571599999999997,3.1715
4013,-11.7311,3.2477
4014,-28.335799999999999,3.1919
4015,-24.497699999999998,3.2031000000000001
4016,-18.613499999999998,3.2235
4017,-6.5724,3.2645
4018,-3.1436000000000002,3.2774999999999999
4019,0,3.2905000000000002
4020,0.67579999999999996,3.2942
4021,1.3206,3.2997999999999998
4022,3.6829999999999998,3.3109999999999999
4023,17.6401,3.363
4024,18.036899999999999,3.3685999999999998
4025,15.277699999999999,3.3612000000000002
4026,12.1341,3.3519000000000001
4027,8.8850999999999996,3.3407
4028,0,3.3090999999999999
4029,0,3.3090999999999999
4030,0,3.3090999999999999
4031,0,3.3090999999999999
4032,0,3.3090999999999999
4033,0,3.3090999999999999
4034,0,3.3090999999999999
4035,0,3.3090999999999999
4036,0,3.3090999999999999
4037,0,3.3090999999999999
4038,0,3.3090999999999999
4039,0,3.3090999999999999
4040,0,3.3090999999999999
4041,0,3.3090999999999999
4042,0,3.3090999999999999
4043,0,3.3090999999999999
4044,0,3.3109999999999999
4045,0,3.3090999999999999
4046,0,3.3109999999999999
4047,0,3.3109999999999999
4048,0,3.3109999999999999
4049,0,3.3109999999999999
4050,-10.453799999999999,3.2719
4051,-14.415900000000001,3.2570000000000001
4052,-18.2973,3.2403
4053,-22.774000000000001,3.2235
4054,-28.5776,3.2012
4055,-33.420099999999998,3.1825999999999999
4056,-39.936700000000002,3.1602999999999999
4057,-39.918100000000003,3.1547000000000001
4058,-21.998999999999999,3.2124000000000001
4059,-21.7881,3.2124000000000001
4060,-39.924300000000002,3.1509999999999998
4061,-28.360600000000002,3.1863000000000001
4062,-14.415900000000001,3.2328000000000001
4063,-24.807700000000001,3.1974999999999998
4064,-10.819599999999999,3.2440000000000002
4065,-14.5275,3.2328000000000001
4066,-14.818899999999999,3.2328000000000001
4067,-4.5758000000000001,3.27
4068,-7.7256,3.2606999999999999
4069,-7.7876000000000003,3.2606999999999999
4070,-2.6598999999999999,3.2774999999999999
4071,-0.65720000000000001,3.2867999999999999
4072,-11.2165,3.2513999999999998
4073,-6.5476000000000001,3.2663000000000002
4074,0.48980000000000001,3.2924000000000002
4075,-4.4580000000000002,3.2755999999999998
4076,-4.3836000000000004,3.2755999999999998
4077,-2.4615,3.2831000000000001
4078,-6.2624000000000004,3.2719
4079,-6.2624000000000004,3.2719
4080,-6.2624000000000004,3.2719
4081,-6.25,3.2719
4082,-6.2624000000000004,3.2719
4083,-2.4119000000000002,3.2848999999999999
4084,-8.1038999999999994,3.2663000000000002
4085,-8.1349,3.2663000000000002
4086,-11.0181,3.2551999999999999
4087,-0.52700000000000002,3.2905000000000002
4088,-2.4119000000000002,3.2867999999999999
4089,-6.1755000000000004,3.2738
4090,-6.1755000000000004,3.2738
4091,-2.3809,3.2867999999999999
4092,-2.2940999999999998,3.2867999999999999
4093,-4.1479999999999997,3.2812000000000001
4094,5.9584999999999999,3.3184
4095,10.1624,3.3351000000000002
4096,13.076599999999999,3.3519000000000001
4097,13.7896,3.3555999999999999
4098,14.8003,3.3612000000000002
4099,15.9102,3.3668
4100,13.244,3.3593000000000002
4101,13.244,3.3612000000000002
4102,10.639799999999999,3.3519000000000001
4103,6.7645999999999997,3.3389000000000002
4104,0,3.3147000000000002
4105,0,3.3128000000000002
4106,0,3.3128000000000002
4107,0,3.3128000000000002
4108,0,3.3128000000000002
4109,0,3.3128000000000002
4110,0,3.3128000000000002
4111,0,3.3128000000000002
4112,0,3.3128000000000002
4113,-3.9434,3.2978999999999998
4114,-7.5023999999999997,3.2831000000000001
4115,-6.6219999999999999,3.2848999999999999
4116,-3.5899999999999999,3.2942
4117,-11.377700000000001,3.2682000000000002
4118,-7.056,3.2812000000000001
4119,-6.5785999999999998,3.2831000000000001
4120,-10.267799999999999,3.27
4121,-15.823399999999999,3.2477
4122,-17.416899999999998,3.2403
4123,-16.294599999999999,3.2421000000000002
4124,-13.901199999999999,3.2513999999999998
4125,-13.461,3.2513999999999998
4126,-11.972899999999999,3.2570000000000001
4127,-13.299799999999999,3.2513999999999998
4128,-14.415900000000001,3.2458999999999998
4129,-12.5372,3.2532999999999999
4130,-11.743499999999999,3.2551999999999999
4131,-8.6681000000000008,3.2663000000000002
4132,-5.2579000000000002,3.2774999999999999
4133,-3.7759999999999998,3.2831000000000001
4134,-3.7884000000000002,3.2848999999999999
4135,-3.7884000000000002,3.2848999999999999
4136,-3.7759999999999998,3.2848999999999999
4137,-3.7884000000000002,3.2848999999999999
4138,-11.743499999999999,3.2589000000000001
4139,-6.3057999999999996,3.2755999999999998
4140,-6.3677999999999999,3.2755999999999998
4141,0.67579999999999996,3.3016999999999999
4142,0.67579999999999996,3.3035000000000001
4143,-0.73780000000000001,3.2997999999999998
4144,-3.7884000000000002,3.2867999999999999
4145,-3.7884000000000002,3.2886000000000002
4146,1.7608999999999999,3.3090999999999999
4147,6.1569000000000003,3.3258000000000001
4148,16.4434,3.3649
4149,13.2378,3.3574999999999999
4150,10.639799999999999,3.3500000000000001
4151,0,3.3109999999999999
4152,0,3.3109999999999999
4153,0,3.3109999999999999
4154,0,3.3109999999999999
4155,0,3.3109999999999999
4156,0,3.3109999999999999
4157,0,3.3109999999999999
4158,0,3.3109999999999999
4159,0,3.3109999999999999
4160,0,3.3109999999999999
4161,0,3.3109999999999999
4162,0,3.3109999999999999
4163,0,3.3109999999999999
4164,0,3.3109999999999999
4165,0,3.3109999999999999
4166,0,3.3109999999999999
4167,0,3.3109999999999999
4168,0,3.3109999999999999
4169,0,3.3109999999999999
4170,0,3.3128000000000002
4171,-10.453799999999999,3.2738
4172,-14.415900000000001,3.2589000000000001
4173,-18.3035,3.2403
4174,-22.5322,3.2254
4175,-13.275,3.2551999999999999
4176,-13.020799999999999,3.2551999999999999
4177,-10.9809,3.2625999999999999
4178,-2.1080999999999999,3.2924000000000002
4179,-2.1080999999999999,3.2942
4180,-6.2624000000000004,3.2793000000000001
4181,-4.1045999999999996,3.2867999999999999
4182,-2.1019000000000001,3.2942
4183,-0.124,3.3035000000000001
4184,1.0044,3.3090999999999999
4185,-1.1035999999999999,3.3016999999999999
4186,0.2356,3.3071999999999999
4187,-6.2126999999999999,3.2831000000000001
4188,-3.1808000000000001,3.2942
4189,-1.1035999999999999,3.3016999999999999
4190,0.56420000000000003,3.3090999999999999
4191,-1.054,3.3035000000000001
4192,-2.0213000000000001,3.2997999999999998
4193,-3.0194999999999999,3.2942
4194,-6.2188999999999997,3.2831000000000001
4195,-7.2233999999999998,3.2793000000000001
4196,-10.422800000000001,3.2682000000000002
4197,-8.9037000000000006,3.2719
4198,-12.487500000000001,3.2589000000000001
4199,-10.9437,3.2625999999999999
4200,-3.9062000000000001,3.2867999999999999
4201,-3.9434,3.2886000000000002
4202,-7.6946000000000003,3.2738
4203,-7.4962,3.2755999999999998
4204,-7.6201999999999996,3.2738
4205,-4.5324,3.2848999999999999
4206,-3.1808000000000001,3.2905000000000002
4207,-3.1869999999999998,3.2905000000000002
4208,-5.3013000000000003,3.2831000000000001
4209,-14.9305,3.2477
4210,-20.455100000000002,3.2273000000000001
4211,-15.2219,3.2421000000000002
4212,-10.788600000000001,3.2589000000000001
4213,-10.422800000000001,3.2606999999999999
4214,3.9247999999999998,3.3128000000000002
4215,17.633900000000001,3.3649
4216,16.164400000000001,3.3649
4217,13.039400000000001,3.3574999999999999
4218,9.6788000000000007,3.3462999999999998
4219,0,3.3109999999999999
4220,0,3.3109999999999999
4221,0,3.3090999999999999
4222,0,3.3090999999999999
4223,0,3.3109999999999999
4224,0,3.3109999999999999
4225,0,3.3109999999999999
4226,0,3.3109999999999999
4227,0,3.3109999999999999
4228,0,3.3109999999999999
4229,0,3.3109999999999999
4230,0,3.3109999999999999
4231,0,3.3109999999999999
4232,0,3.3109999999999999
4233,0,3.3109999999999999
4234,0,3.3109999999999999
4235,0,3.3109999999999999
4236,0,3.3109999999999999
4237,0,3.3109999999999999
4238,0,3.3128000000000002
4239,0,3.3128000000000002
4240,0,3.3128000000000002
4241,0,3.3128000000000002
4242,0,3.3128000000000002
4243,0,3.3128000000000002
4244,0,3.3128000000000002
4245,0,3.3128000000000002
4246,0,3.3128000000000002
4247,0,3.3128000000000002
4248,-6.4298000000000002,3.2886000000000002
4249,-8.1410999999999998,3.2812000000000001
4250,-17.1068,3.2477
4251,-13.8764,3.2570000000000001
4252,-16.381399999999999,3.2458999999999998
4253,-11.972899999999999,3.2606999999999999
4254,-11.613300000000001,3.2625999999999999
4255,-19.989999999999998,3.2309999999999999
4256,-21.577300000000001,3.2235
4257,-16.492999999999999,3.2383999999999999
4258,-15.686999999999999,3.2403
4259,-15.4079,3.2403
4260,-17.497499999999999,3.2347000000000001
4261,-13.461,3.2458999999999998
4262,-7.5705999999999998,3.2682000000000002
4263,-9.1331000000000007,3.2625999999999999
4264,-5.6299000000000001,3.2755999999999998
4265,-5.6485000000000003,3.2755999999999998
4266,-4.0983999999999998,3.2831000000000001
4267,-6.5537999999999998,3.2738
4268,-5.6981000000000002,3.2774999999999999
4269,-4.1479999999999997,3.2831000000000001
4270,1.2524,3.3054000000000001
4271,1.2462,3.3054000000000001
4272,10.081799999999999,3.3389000000000002
4273,11.1669,3.3462999999999998
4274,13.312200000000001,3.3555999999999999
4275,7.7938000000000001,3.3370000000000002
4276,6.1879,3.3313999999999999
4277,7.6078000000000001,3.3389000000000002
4278,0,3.3109999999999999
4279,0,3.3109999999999999
4280,0,3.3109999999999999
4281,0,3.3109999999999999
4282,0,3.3109999999999999
4283,0,3.3109999999999999
4284,0,3.3109999999999999
4285,0,3.3109999999999999
4286,0,3.3109999999999999
4287,0,3.3109999999999999
4288,0,3.3109999999999999
4289,0,3.3109999999999999
4290,0,3.3109999999999999
4291,0,3.3128000000000002
4292,0,3.3128000000000002
4293,0,3.3128000000000002
4294,0,3.3128000000000002
4295,0,3.3128000000000002
4296,-4.5324,3.2942
4297,-6.2126999999999999,3.2886000000000002
4298,-3.8132000000000001,3.2942
4299,-6.9196,3.2831000000000001
4300,-13.9818,3.2589000000000001
4301,-13.6098,3.2570000000000001
4302,-15.928800000000001,3.2458999999999998
4303,-10.180999999999999,3.2663000000000002
4304,-16.251200000000001,3.2440000000000002
4305,-5.0656999999999996,3.2831000000000001
4306,-0.1178,3.3035000000000001
4307,-2.0089000000000001,3.2978999999999998
4308,-16.8154,3.2421000000000002
4309,-11.8179,3.2589000000000001
4310,-11.4335,3.2606999999999999
4311,-16.896000000000001,3.2383999999999999
4312,-14.0625,3.2477
4313,-3.1808000000000001,3.2867999999999999
4314,0.79979999999999996,3.3035000000000001
4315,-10.1686,3.2645
4316,-10.4476,3.2625999999999999
4317,-5.5740999999999996,3.2793000000000001
4318,4.0426000000000002,3.3165
4319,3.5651999999999999,3.3165
4320,4.4828000000000001,3.3203
4321,11.0367,3.3481999999999998
4322,10.918799999999999,3.3500000000000001
4323,8.1225000000000005,3.3389000000000002
4324,0,3.3109999999999999
4325,0,3.3109999999999999
4326,0,3.3109999999999999
4327,0,3.3109999999999999
4328,0,3.3109999999999999
4329,0,3.3109999999999999
4330,-0.068199999999999997,3.3090999999999999
4331,-8.6681000000000008,3.2774999999999999
4332,-10.6088,3.27
4333,-16.585999999999999,3.2458999999999998
4334,-20.343499999999999,3.2309999999999999
4335,-11.972899999999999,3.2589000000000001
4336,-17.416899999999998,3.2383999999999999
4337,-18.8492,3.2309999999999999
4338,-17.212299999999999,3.2347000000000001
4339,-21.7013,3.2198000000000002
4340,-20.889099999999999,3.2198000000000002
4341,-19.9466,3.2235
4342,-16.1768,3.2347000000000001
4343,-16.896000000000001,3.2309999999999999
4344,-11.8179,3.2477
4345,-10.732799999999999,3.2532999999999999
4346,-8.0542999999999996,3.2625999999999999
4347,-9.6105999999999998,3.2589000000000001
4348,-8.3332999999999995,3.2625999999999999
4349,-4.4518000000000004,3.2774999999999999
4350,0.024799999999999999,3.2942
4351,-2.7404999999999999,3.2848999999999999
4352,-1.1035999999999999,3.2924000000000002
4353,1.3206,3.3035000000000001
4354,2.5607000000000002,3.3090999999999999
4355,6.7274000000000003,3.3258000000000001
4356,10.7142,3.3407
4357,10.038399999999999,3.3407
4358,11.6877,3.3500000000000001
4359,9.7965999999999998,3.3462999999999998
4360,5.2020999999999997,3.3296000000000001
4361,6.6467999999999998,3.3351000000000002
4362,0,3.3109999999999999
4363,0,3.3109999999999999
4364,0,3.3109999999999999
4365,0,3.3109999999999999
4366,-0.44640000000000002,3.3090999999999999
4367,0,3.3109999999999999
4368,0,3.3109999999999999
4369,-9.5609999999999999,3.2738
4370,-10.6088,3.2682000000000002
4371,-17.764099999999999,3.2421000000000002
4372,-23.933499999999999,3.218
4373,-24.131900000000002,3.2141999999999999
4374,-16.108599999999999,3.2403
4375,-10.3794,3.2606999999999999
4376,-13.020799999999999,3.2513999999999998
4377,-14.223699999999999,3.2440000000000002
4378,-15.7676,3.2383999999999999
4379,-16.492999999999999,3.2366000000000001
4380,-25.254200000000001,3.2031000000000001
4381,-22.9786,3.2105000000000001
4382,-16.8216,3.2290999999999999
4383,-10.9499,3.2513999999999998
4384,-8.1721000000000004,3.2625999999999999
4385,-12.245699999999999,3.2458999999999998
4386,-4.5324,3.2738
4387,-4.5324,3.2755999999999998
4388,-2.8521000000000001,3.2831000000000001
4389,0,3.2942
4390,-1.1284000000000001,3.2905000000000002
4391,-4.3339999999999996,3.2793000000000001
4392,-4.3402000000000003,3.2793000000000001
4393,-2.7404999999999999,3.2867999999999999
4394,2.0026999999999999,3.3054000000000001
4395,-2.6227,3.2886000000000002
4396,-4.1417999999999999,3.2831000000000001
4397,-4.1417999999999999,3.2831000000000001
4398,-4.1417999999999999,3.2831000000000001
4399,-4.1417999999999999,3.2848999999999999
4400,-4.1479999999999997,3.2831000000000001
4401,-5.7786999999999997,3.2774999999999999
4402,-9.4928000000000008,3.2645
4403,-11.1731,3.2589000000000001
4404,-25.4588,3.2067999999999999
4405,-19.326599999999999,3.2254
4406,-19.742000000000001,3.2216999999999998
4407,-20.4923,3.218
4408,-5.7849000000000004,3.27
4409,-14.415900000000001,3.2383999999999999
4410,-11.979100000000001,3.2477
4411,-10.4476,3.2532999999999999
4412,-4.0860000000000003,3.2755999999999998
4413,-2.1825000000000001,3.2831000000000001
4414,-5.8468999999999998,3.2719
4415,-3.9744000000000002,3.2793000000000001
4416,-0.29759999999999998,3.2924000000000002
4417,1.3206,3.3016999999999999
4418,-3.9371999999999998,3.2812000000000001
4419,1.3206,3.3035000000000001
4420,1.3206,3.3035000000000001
4421,-3.621,3.2848999999999999
4422,-0.124,3.2997999999999998
4423,-3.5341999999999998,3.2867999999999999
4424,4.6378000000000004,3.3184
4425,2.0398999999999998,3.3090999999999999
4426,-3.1436000000000002,3.2905000000000002
4427,-4.8114999999999997,3.2831000000000001
4428,-4.8177000000000003,3.2831000000000001
4429,-4.8239000000000001,3.2831000000000001
4430,0,3.3016999999999999
4431,-3.0257000000000001,3.2905000000000002
4432,-4.6936999999999998,3.2831000000000001
4433,-1.2958000000000001,3.2978999999999998
4434,0.68200000000000005,3.3054000000000001
4435,2.6413000000000002,3.3147000000000002
4436,1.3206,3.3090999999999999
4437,2.6103000000000001,3.3147000000000002
4438,7.9612999999999996,3.3351000000000002
4439,9.5548000000000002,3.3443999999999998
4440,8.7301000000000002,3.3443999999999998
4441,6.5662000000000003,3.3351000000000002
4442,5.2020999999999997,3.3313999999999999
4443,-2.3871000000000002,3.3035000000000001
4444,-11.414899999999999,3.2682000000000002
4445,-10.8506,3.2682000000000002
4446,-7.8993000000000002,3.2774999999999999
4447,-8.9408999999999992,3.2719
4448,-10.094200000000001,3.2682000000000002
4449,-10.422800000000001,3.2663000000000002
4450,-12.698399999999999,3.2570000000000001
4451,-15.811,3.2440000000000002
4452,-16.5426,3.2383999999999999
4453,-11.5823,3.2570000000000001
4454,-3.9434,3.2831000000000001
4455,-6.2686000000000002,3.2755999999999998
4456,-6.2934000000000001,3.2774999999999999
4457,-6.4236000000000004,3.2755999999999998
4458,-11.6257,3.2570000000000001
4459,-8.1410999999999998,3.27
4460,-13.578799999999999,3.2477
4461,-6.1755000000000004,3.2755999999999998
4462,-6.2251000000000003,3.2755999999999998
4463,-6.2188999999999997,3.2755999999999998
4464,-2.9451000000000001,3.2867999999999999
4465,4.3712,3.3147000000000002
4466,2.0089000000000001,3.3090999999999999
4467,1.3268,3.3071999999999999
4468,6.0762999999999998,3.3258000000000001
4469,3.2056,3.3165
4470,1.2462,3.3109999999999999
4471,-7.2977999999999996,3.2793000000000001
4472,-7.4156000000000004,3.2774999999999999
4473,-8.9408999999999992,3.27
4474,-6.2624000000000004,3.2793000000000001
4475,-10.615,3.2645
4476,-12.487500000000001,3.2570000000000001
4477,-11.5017,3.2589000000000001
4478,-7.9737,3.27
4479,-11.935700000000001,3.2570000000000001
4480,-12.301500000000001,3.2532999999999999
4481,-7.0498000000000003,3.2719
4482,-2.9388999999999998,3.2867999999999999
4483,-2.9388999999999998,3.2867999999999999
4484,-2.8521000000000001,3.2886000000000002
4485,0.73160000000000003,3.3035000000000001
4486,0.72540000000000004,3.3054000000000001
4487,-2.7404999999999999,3.2905000000000002
4488,-4.3029999999999999,3.2848999999999999
4489,0.72540000000000004,3.3054000000000001
4490,0.72540000000000004,3.3071999999999999
4491,1.9717,3.3109999999999999
4492,-9.0587,3.2719
4493,-10.6646,3.2645
4494,-7.9861000000000004,3.2719
4495,-6.6529999999999996,3.2774999999999999
4496,-1.1035999999999999,3.2978999999999998
4497,-6.6529999999999996,3.2774999999999999
4498,-4.2968000000000002,3.2848999999999999
4499,-4.2968000000000002,3.2848999999999999
4500,0,3.3035000000000001
4501,0.124,3.3035000000000001
4502,1.3206,3.3090999999999999
4503,0.124,3.3054000000000001
4504,-2.5731000000000002,3.2942
4505,-4.1417999999999999,3.2886000000000002
4506,-4.1417999999999999,3.2886000000000002
4507,-0.94240000000000002,3.3016999999999999
4508,-2.4615,3.2942
4509,-4.0983999999999998,3.2886000000000002
4510,0.049599999999999998,3.3054000000000001
4511,0.124,3.3071999999999999
4512,-3.8938000000000001,3.2905000000000002
4513,-7.7256,3.2774999999999999
4514,-2.4119000000000002,3.2942
4515,0.155,3.3054000000000001
4516,3.7635999999999998,3.3203
4517,4.7247000000000003,3.3239999999999998
4518,5.8841000000000001,3.3296000000000001
4519,1.6865000000000001,3.3165
4520,-2.8149000000000002,3.2997999999999998
4521,-3.8999999999999999,3.2942
4522,-13.0146,3.2606999999999999
4523,-12.3325,3.2606999999999999
4524,-10.8506,3.2645
4525,-5.7786999999999997,3.2812000000000001
4526,-5.8159000000000001,3.2812000000000001
4527,-10.001200000000001,3.2663000000000002
4528,-6.0576999999999996,3.2793000000000001
4529,-5.2950999999999997,3.2831000000000001
4530,-5.3446999999999996,3.2831000000000001
4531,-6.2126999999999999,3.2793000000000001
4532,0.155,3.3035000000000001
4533,-0.73780000000000001,3.3016999999999999
4534,-3.7759999999999998,3.2905000000000002
4535,-3.7759999999999998,3.2905000000000002
4536,0.16120000000000001,3.3054000000000001
4537,-0.69440000000000002,3.3035000000000001
4538,-0.69440000000000002,3.3035000000000001
4539,-3.5775999999999999,3.2924000000000002
4540,-5.8468999999999998,3.2831000000000001
4541,-10.050800000000001,3.2682000000000002
4542,-3.7759999999999998,3.2886000000000002
4543,0.68200000000000005,3.3071999999999999
4544,-3.6953999999999998,3.2905000000000002
4545,1.24,3.3109999999999999
4546,-8.4945000000000004,3.2738
4547,-11.427300000000001,3.2625999999999999
4548,-10.2926,3.2645
4549,1.24,3.3071999999999999
4550,4.8487,3.3220999999999998
4551,10.559200000000001,3.3462999999999998
4552,8.8850999999999996,3.3407
4553,13.119999999999999,3.3612000000000002
4554,10.4414,3.3536999999999999
4555,7.2729999999999997,3.3407
4556,0,3.3147000000000002
4557,0,3.3147000000000002
4558,0,3.3147000000000002
4559,0,3.3128000000000002
4560,0,3.3128000000000002
4561,0,3.3128000000000002
4562,-6.4173999999999998,3.2886000000000002
4563,-9.6601999999999997,3.2755999999999998
4564,-20.4985,3.2347000000000001
4565,-22.061,3.2254
4566,-26.246200000000002,3.2086999999999999
4567,-20.802299999999999,3.2254
4568,-12.3759,3.2532999999999999
4569,-15.612500000000001,3.2403
4570,-13.485799999999999,3.2477
4571,-12.1837,3.2532999999999999
4572,-14.4221,3.2440000000000002
4573,-21.0627,3.2198000000000002
4574,-26.6555,3.1993999999999998
4575,-19.134399999999999,3.2216999999999998
4576,-11.7683,3.2477
4577,-8.2527000000000008,3.2606999999999999
4578,-6.0143000000000004,3.27
4579,-4.4518000000000004,3.2774999999999999
4580,-4.4518000000000004,3.2774999999999999
4581,3.6086,3.3090999999999999
4582,-1.054,3.2924000000000002
4583,0,3.2997999999999998
4584,0.72540000000000004,3.3035000000000001
4585,0.124,3.3016999999999999
4586,1.24,3.3054000000000001
4587,0.1116,3.3035000000000001
4588,1.2462,3.3071999999999999
4589,5.7663000000000002,3.3239999999999998
4590,10.553000000000001,3.3462999999999998
4591,1.2462,3.3128000000000002
4592,-2.7776999999999998,3.2942
4593,-6.2686000000000002,3.2831000000000001
4594,-10.6646,3.2663000000000002
4595,-9.1021000000000001,3.27
4596,-0.50219999999999998,3.3016999999999999
4597,-3.2242000000000002,3.2905000000000002
4598,-5.4253,3.2831000000000001
4599,0.24179999999999999,3.3054000000000001
4600,-3.2303999999999999,3.2924000000000002
4601,-3.2118000000000002,3.2905000000000002
4602,-12.388299999999999,3.2589000000000001
4603,-9.5671999999999997,3.2663000000000002
4604,-11.1731,3.2606999999999999
4605,-5.9832999999999998,3.2774999999999999
4606,-7.4156000000000004,3.2719
4607,-8.9346999999999994,3.2682000000000002
4608,-5.4500999999999999,3.2793000000000001
4609,-2.3746999999999998,3.2905000000000002
4610,1.2462,3.3071999999999999
4611,3.6892,3.3165
4612,0.67579999999999996,3.3071999999999999
4613,1.1966000000000001,3.3090999999999999
4614,0.2356,3.3071999999999999
4615,0.67579999999999996,3.3090999999999999
4616,1.2834000000000001,3.3109999999999999
4617,0.72540000000000004,3.3109999999999999
4618,4.4828000000000001,3.3239999999999998
4619,13.126200000000001,3.3574999999999999
4620,11.3963,3.3555999999999999
4621,8.2340999999999998,3.3443999999999998
4622,0,3.3128000000000002
4623,0,3.3128000000000002
4624,0,3.3128000000000002
4625,0,3.3128000000000002
4626,0,3.3128000000000002
4627,0,3.3128000000000002
4628,0,3.3128000000000002
4629,0,3.3128000000000002
4630,0,3.3128000000000002
4631,0,3.3128000000000002
4632,0,3.3128000000000002
4633,0,3.3128000000000002
4634,0,3.3128000000000002
4635,0,3.3128000000000002
4636,0,3.3128000000000002
4637,0,3.3128000000000002
4638,0,3.3128000000000002
4639,0,3.3128000000000002
4640,0,3.3128000000000002
4641,0,3.3128000000000002
4642,0,3.3128000000000002
4643,0,3.3147000000000002
4644,0,3.3147000000000002
4645,0,3.3128000000000002
4646,0,3.3128000000000002
4647,0,3.3128000000000002
4648,0,3.3147000000000002
4649,0,3.3128000000000002
4650,0,3.3147000000000002
4651,0,3.3147000000000002
4652,0,3.3147000000000002
4653,0,3.3147000000000002
4654,0,3.3147000000000002
4655,-3.9371999999999998,3.2997999999999998
4656,-9.0214999999999996,3.2793000000000001
4657,-15.965999999999999,3.2532999999999999
4658,-19.617999999999999,3.2366000000000001
4659,-23.9831,3.2198000000000002
4660,-27.697099999999999,3.2031000000000001
4661,-15.2963,3.2440000000000002
4662,-16.585999999999999,3.2383999999999999
4663,-20.703099999999999,3.2235
4664,-16.338000000000001,3.2366000000000001
4665,-15.1351,3.2403
4666,-13.1386,3.2458999999999998
4667,-13.6594,3.2440000000000002
4668,-15.562900000000001,3.2366000000000001
4669,-7.6201999999999996,3.2663000000000002
4670,-11.427300000000001,3.2532999999999999
4671,-10.8444,3.2551999999999999
4672,-9.6229999999999993,3.2589000000000001
4673,0,3.2942
4674,1.3206,3.3016999999999999
4675,1.3206,3.3035000000000001
4676,-4.0549999999999997,3.2831000000000001
4677,2.7281,3.3109999999999999
4678,9.7904,3.3370000000000002
4679,10.280200000000001,3.3443999999999998
4680,4.1294000000000004,3.3220999999999998
4681,3.4102000000000001,3.3203
4682,11.557499999999999,3.3519000000000001
4683,10.925000000000001,3.3519000000000001
4684,7.4093999999999998,3.3389000000000002
4685,2.3995000000000002,3.3220999999999998
4686,0.56420000000000003,3.3147000000000002
4687,0,3.3128000000000002
4688,0,3.3109999999999999
4689,0,3.3109999999999999
4690,0,3.3109999999999999
4691,-0.52700000000000002,3.3090999999999999
4692,-2.1825000000000001,3.3035000000000001
4693,-2.2134999999999998,3.3035000000000001
4694,0,3.3109999999999999
4695,-0.52700000000000002,3.3090999999999999
4696,0,3.3109999999999999
4697,0,3.3128000000000002
4698,0,3.3128000000000002
4699,0,3.3128000000000002
4700,0,3.3128000000000002
4701,0,3.3128000000000002
4702,0,3.3128000000000002
4703,-0.074399999999999994,3.3109999999999999
4704,-1.7733000000000001,3.3054000000000001
4705,-3.3792,3.2997999999999998
4706,-6.5662000000000003,3.2867999999999999
4707,-15.048299999999999,3.2551999999999999
4708,-17.249500000000001,3.2440000000000002
4709,-20.175999999999998,3.2309999999999999
4710,-9.8523999999999994,3.2663000000000002
4711,-5.4191000000000003,3.2831000000000001
4712,-13.814399999999999,3.2532999999999999
4713,-19.810199999999998,3.2290999999999999
4714,-20.095400000000001,3.2254
4715,-13.058,3.2477
4716,-5.1401000000000003,3.2774999999999999
4717,-3.9434,3.2831000000000001
4718,-3.9805999999999999,3.2848999999999999
4719,-6.2126999999999999,3.2774999999999999
4720,-11.7807,3.2570000000000001
4721,-9.0959000000000003,3.2663000000000002
4722,-12.5372,3.2532999999999999
4723,-11.737299999999999,3.2551999999999999
4724,-10.0632,3.2606999999999999
4725,-2.2631000000000001,3.2886000000000002
4726,-2.2073,3.2886000000000002
4727,-6.0143000000000004,3.2774999999999999
4728,-8.9037000000000006,3.2663000000000002
4729,-9.0525000000000002,3.2645
4730,-6.3739999999999997,3.2738
4731,-9.2881,3.2645
4732,-6.2126999999999999,3.2738
4733,-7.6883999999999997,3.27
4734,-5.5803000000000003,3.2774999999999999
4735,-4.0549999999999997,3.2831000000000001
4736,-4.0488,3.2831000000000001
4737,-2.4615,3.2886000000000002
4738,-2.4615,3.2905000000000002
4739,-3.9805999999999999,3.2848999999999999
4740,0,3.3016999999999999
4741,-2.5358999999999998,3.2905000000000002
4742,0.68200000000000005,3.3054000000000001
4743,1.24,3.3071999999999999
4744,3.7635999999999998,3.3184
4745,4.7247000000000003,3.3220999999999998
4746,10.044600000000001,3.3462999999999998
4747,6.4050000000000002,3.3313999999999999
4748,10.788600000000001,3.3519000000000001
4749,4.8734999999999999,3.3296000000000001
4750,6.3677999999999999,3.3351000000000002
4751,7.5582000000000003,3.3407
4752,0,3.3128000000000002
4753,0,3.3128000000000002
4754,0,3.3128000000000002
4755,0,3.3128000000000002
4756,0,3.3128000000000002
4757,0,3.3128000000000002
4758,0,3.3128000000000002
4759,0,3.3128000000000002
4760,0,3.3128000000000002
4761,0,3.3128000000000002
4762,0,3.3128000000000002
4763,0,3.3128000000000002
4764,0,3.3128000000000002
4765,0,3.3128000000000002
4766,0,3.3128000000000002
4767,0,3.3128000000000002
4768,0,3.3128000000000002
4769,0,3.3128000000000002
4770,0,3.3128000000000002
4771,-6.7336,3.2867999999999999
4772,-10.615,3.2719
4773,-16.0962,3.2513999999999998
4774,-22.2346,3.2254
4775,-26.450800000000001,3.2086999999999999
4776,-31.324400000000001,3.1882000000000001
4777,-27.343699999999998,3.1974999999999998
4778,-24.1753,3.2086999999999999
4779,-9.2881,3.2589000000000001
4780,1.2090000000000001,3.2997999999999998
4781,1.1966000000000001,3.3035000000000001
4782,12.2829,3.3462999999999998
4783,13.398999999999999,3.3536999999999999
4784,10.7948,3.3481999999999998
4785,7.1242000000000001,3.3351000000000002
4786,0,3.3090999999999999
4787,0,3.3090999999999999
4788,0,3.3090999999999999
4789,0,3.3090999999999999
4790,0,3.3090999999999999
4791,0,3.3090999999999999
4792,0,3.3090999999999999
4793,0,3.3090999999999999
4794,0,3.3109999999999999
4795,0,3.3109999999999999
4796,0,3.3109999999999999
4797,0,3.3109999999999999
4798,0,3.3109999999999999
4799,-0.73160000000000003,3.3090999999999999
4800,-4.2968000000000002,3.2942
4801,-6.5724,3.2848999999999999
4802,-9.6850000000000005,3.2719
4803,-18.086500000000001,3.2403
4804,-15.1289,3.2477
4805,-8.1349,3.2719
4806,-2.5358999999999998,3.2924000000000002
4807,0.44019999999999998,3.3071999999999999
4808,-3.2924000000000002,3.2924000000000002
4809,-3.8999999999999999,3.2905000000000002
4810,-1.4942,3.2997999999999998
4811,-8.1783000000000001,3.2755999999999998
4812,-13.3432,3.2551999999999999
4813,-14.6577,3.2477
4814,-16.294599999999999,3.2403
4815,-13.132400000000001,3.2513999999999998
4816,-15.4947,3.2403
4817,-7.9302999999999999,3.2682000000000002
4818,-6.2624000000000004,3.2755999999999998
4819,-2.7404999999999999,3.2886000000000002
4820,0.2356,3.3016999999999999
4821,0.2356,3.3035000000000001
4822,-6.4173999999999998,3.2774999999999999
4823,-6.2624000000000004,3.2774999999999999
4824,-5.1029,3.2812000000000001
4825,-1.5687,3.2942
4826,-0.33479999999999999,3.3016999999999999
4827,-0.33479999999999999,3.3016999999999999
4828,-2.7839,3.2924000000000002
4829,-1.5810999999999999,3.2978999999999998
4830,5.3943000000000003,3.3239999999999998
4831,1.6059000000000001,3.3128000000000002
4832,0.28520000000000001,3.3090999999999999
4833,-6.8638000000000003,3.2812000000000001
4834,-4.7061000000000002,3.2867999999999999
4835,-4.7432999999999996,3.2867999999999999
4836,1.1160000000000001,3.3109999999999999
4837,8.2960999999999991,3.3370000000000002
4838,7.0064000000000002,3.3351000000000002
4839,7.2110000000000003,3.3370000000000002
4840,0,3.3109999999999999
4841,0,3.3109999999999999
4842,0,3.3109999999999999
4843,0,3.3109999999999999
4844,0,3.3109999999999999
4845,0,3.3109999999999999
4846,0,3.3109999999999999
4847,0,3.3109999999999999
4848,0,3.3109999999999999
4849,0,3.3109999999999999
4850,0,3.3109999999999999
4851,0,3.3128000000000002
4852,0,3.3128000000000002
4853,0,3.3128000000000002
4854,-3.2986,3.2997999999999998
4855,-0.4526,3.3090999999999999
4856,-0.4526,3.3109999999999999
4857,-0.4526,3.3109999999999999
4858,-0.4526,3.3109999999999999
4859,-2.2197,3.3035000000000001
4860,-4.6936999999999998,3.2924000000000002
4861,-3.5404,3.2978999999999998
4862,-3.5341999999999998,3.2978999999999998
4863,-4.5014000000000003,3.2924000000000002
4864,-9.4494000000000007,3.2738
4865,-11.4955,3.2663000000000002
4866,-4.1479999999999997,3.2905000000000002
4867,0,3.3071999999999999
4868,0,3.3090999999999999
4869,0,3.3090999999999999
4870,-6.5724,3.2848999999999999
4871,-13.814399999999999,3.2570000000000001
4872,-22.017600000000002,3.2254
4873,-26.816700000000001,3.2067999999999999
4874,-25.216999999999999,3.2086999999999999
4875,-17.497499999999999,3.2309999999999999
4876,-11.0181,3.2570000000000001
4877,-7.5396000000000001,3.2682000000000002
4878,-12.0969,3.2532999999999999
4879,-10.615,3.2570000000000001
4880,-9.6229999999999993,3.2606999999999999
4881,-8.4945000000000004,3.2645
4882,-3.621,3.2812000000000001
4883,1.2462,3.3035000000000001
4884,1.2090000000000001,3.3035000000000001
4885,-3.4163999999999999,3.2867999999999999
4886,-3.4163999999999999,3.2867999999999999
4887,-3.4102000000000001,3.2867999999999999
4888,-3.4226000000000001,3.2867999999999999
4889,-3.4226000000000001,3.2867999999999999
4890,-9.5733999999999995,3.2663000000000002
4891,-5.0223000000000004,3.2812000000000001
4892,-8.5007000000000001,3.2682000000000002
4893,-5.9089,3.2774999999999999
4894,-7.3659999999999997,3.2738
4895,-8.8975000000000009,3.2663000000000002
4896,-6.2188999999999997,3.2755999999999998
4897,-5.4500999999999999,3.2793000000000001
4898,-7.7317999999999998,3.27
4899,-6.4236000000000004,3.2755999999999998
4900,-13.851599999999999,3.2458999999999998
4901,-28.447399999999998,3.1938
4902,8.8912999999999993,3.3277000000000001
4903,-27.2941,3.1974999999999998
4904,-6.2126999999999999,3.27
4905,-2.9264999999999999,3.2831000000000001
4906,5.0781000000000001,3.3165
4907,19.0352,3.3704999999999998
4908,17.677299999999999,3.3704999999999998
4909,15.0421,3.3649
4910,11.929500000000001,3.3555999999999999
4911,8.6433,3.3462999999999998
4912,0,3.3128000000000002
4913,0,3.3109999999999999
4914,0,3.3109999999999999
4915,0,3.3109999999999999
4916,0,3.3109999999999999
4917,0,3.3109999999999999
4918,0,3.3109999999999999
4919,0,3.3109999999999999
4920,0,3.3109999999999999
4921,0,3.3109999999999999
4922,0,3.3109999999999999
4923,0,3.3109999999999999
4924,0,3.3109999999999999
4925,0,3.3109999999999999
4926,0,3.3128000000000002
4927,0,3.3128000000000002
4928,0,3.3128000000000002
4929,0,3.3128000000000002
4930,0,3.3128000000000002
4931,0,3.3128000000000002
4932,0,3.3128000000000002
4933,0,3.3128000000000002
4934,0,3.3128000000000002
4935,0,3.3128000000000002
4936,0,3.3128000000000002
4937,0,3.3128000000000002
4938,0,3.3128000000000002
4939,0,3.3128000000000002
4940,-4.8611000000000004,3.2942
4941,-10.596399999999999,3.2719
4942,-17.770299999999999,3.2421000000000002
4943,-18.613499999999998,3.2383999999999999
4944,-16.492999999999999,3.2421000000000002
4945,-14.9739,3.2458999999999998
4946,-9.4865999999999993,3.2663000000000002
4947,-26.053999999999998,3.2067999999999999
4948,-7.0187999999999997,3.2719
4949,-14.0562,3.2458999999999998
4950,-11.055300000000001,3.2570000000000001
4951,-2.7776999999999998,3.2867999999999999
4952,-20.696899999999999,3.2235
4953,1.2090000000000001,3.3016999999999999
4954,0.79979999999999996,3.3035000000000001
4955,0.72540000000000004,3.3054000000000001
4956,1.2090000000000001,3.3071999999999999
4957,1.6493,3.3090999999999999
4958,1.2090000000000001,3.3090999999999999
4959,0.67579999999999996,3.3071999999999999
4960,4.0797999999999996,3.3220999999999998
4961,3.4102000000000001,3.3203
4962,3.0442999999999998,3.3203
4963,2.8458999999999999,3.3203
4964,4.2843999999999998,3.3258000000000001
4965,7.4837999999999996,3.3389000000000002
4966,0,3.3109999999999999
4967,0,3.3109999999999999
4968,0,3.3109999999999999
4969,0,3.3109999999999999
4970,0,3.3109999999999999
4971,0,3.3109999999999999
4972,0,3.3109999999999999
4973,0,3.3128000000000002
4974,0,3.3128000000000002
4975,0,3.3128000000000002
4976,0,3.3128000000000002
4977,0,3.3109999999999999
4978,0,3.3128000000000002
4979,0,3.3128000000000002
4980,0,3.3128000000000002
4981,0,3.3128000000000002
4982,0,3.3128000000000002
4983,0,3.3128000000000002
4984,0,3.3128000000000002
4985,0,3.3128000000000002
4986,0,3.3128000000000002
4987,0,3.3128000000000002
4988,0,3.3128000000000002
4989,0,3.3128000000000002
4990,0,3.3128000000000002
4991,0,3.3147000000000002
4992,0,3.3128000000000002
4993,0,3.3128000000000002
4994,0,3.3147000000000002
4995,0,3.3128000000000002
4996,0,3.3147000000000002
4997,-9.5733999999999995,3.2774999999999999
4998,-9.4122000000000003,3.2755999999999998
4999,-15.2963,3.2532999999999999
5000,-18.6569,3.2383999999999999
5001,-21.093699999999998,3.2273000000000001
5002,-23.325800000000001,3.218
5003,-6.3057999999999996,3.2755999999999998
5004,-9.2570999999999994,3.2663000000000002
5005,-27.777699999999999,3.1993999999999998
5006,-13.089,3.2477
5007,-10.5778,3.2589000000000001
5008,-4.5262000000000002,3.2793000000000001
5009,0.79979999999999996,3.3016999999999999
5010,1.6802999999999999,3.3071999999999999
5011,1.6802999999999999,3.3090999999999999
5012,1.1966000000000001,3.3071999999999999
5013,1.5996999999999999,3.3109999999999999
5014,11.4087,3.3500000000000001
5015,7.1180000000000003,3.3351000000000002
5016,-1.7733000000000001,3.3035000000000001
5017,-4.5385999999999997,3.2905000000000002
5018,-4.6626000000000003,3.2886000000000002
5019,-6.0080999999999998,3.2831000000000001
5020,-11.972899999999999,3.2606999999999999
5021,-20.101600000000001,3.2290999999999999
5022,-22.259399999999999,3.2198000000000002
5023,-20.4923,3.2235
5024,-5.3323,3.2755999999999998
5025,-0.496,3.2942
5026,-1.8601000000000001,3.2905000000000002
5027,5.6733000000000002,3.3220999999999998
5028,10.639799999999999,3.3443999999999998
5029,7.2729999999999997,3.3332999999999999
5030,4.0797999999999996,3.3220999999999998
5031,-1.8973,3.3016999999999999
5032,-17.702100000000002,3.2403
5033,-21.769500000000001,3.2235
5034,-20.814699999999998,3.2235
5035,-21.006900000000002,3.2216999999999998
5036,-15.2157,3.2383999999999999
5037,-8.5441000000000003,3.2645
5038,-7.3474000000000004,3.2682000000000002
5039,-5.2641,3.2774999999999999
5040,0.68200000000000005,3.2997999999999998
5041,-2.1825000000000001,3.2905000000000002
5042,-5.9089,3.2774999999999999
5043,-5.2206999999999999,3.2793000000000001
5044,-2.2197,3.2905000000000002
5045,-2.1825000000000001,3.2905000000000002
5046,-3.6953999999999998,3.2867999999999999
5047,-10.094200000000001,3.2625999999999999
5048,-10.2926,3.2606999999999999
5049,-5.4562999999999997,3.2774999999999999
5050,0.16120000000000001,3.2997999999999998
5051,1.24,3.3054000000000001
5052,-5.2641,3.2812000000000001
5053,-8.8912999999999993,3.2682000000000002
5054,-11.9481,3.2551999999999999
5055,-4.0549999999999997,3.2831000000000001
5056,0.049599999999999998,3.2997999999999998
5057,-9.2074999999999996,3.2663000000000002
5058,-11.607100000000001,3.2570000000000001
5059,-14.186500000000001,3.2440000000000002
5060,-18.619700000000002,3.2273000000000001
5061,-13.864000000000001,3.2421000000000002
5062,-11.8241,3.2513999999999998
5063,-8.9533000000000005,3.2606999999999999
5064,-9.0525000000000002,3.2606999999999999
5065,-9.2136999999999993,3.2606999999999999
5066,-5.0719000000000003,3.2755999999999998
5067,-1.5749,3.2886000000000002
5068,-3.2118000000000002,3.2831000000000001
5069,-3.2118000000000002,3.2831000000000001
5070,-6.6654,3.2719
5071,-10.776199999999999,3.2570000000000001
5072,0.68200000000000005,3.2997999999999998
5073,1.3206,3.3035000000000001
5074,0.67579999999999996,3.3016999999999999
5075,-8.8169000000000004,3.2663000000000002
5076,-12.0535,3.2551999999999999
5077,-10.7018,3.2570000000000001
5078,-7.6635999999999997,3.2682000000000002
5079,-6.8575999999999997,3.27
5080,-3.3792,3.2831000000000001
5081,1.3206,3.3035000000000001
5082,2.0398999999999998,3.3071999999999999
5083,-6.4917999999999996,3.2755999999999998
5084,-8.9408999999999992,3.2663000000000002
5085,-12.258100000000001,3.2532999999999999
5086,-12.5434,3.2513999999999998
5087,-13.7834,3.2440000000000002
5088,-11.470700000000001,3.2532999999999999
5089,-8.2589000000000006,3.2645
5090,-1.8601000000000001,3.2867999999999999
5091,1.3206,3.3016999999999999
5092,21.3231,3.3778999999999999
5093,19.518799999999999,3.3778999999999999
5094,18.2911,3.3761000000000001
5095,15.513299999999999,3.3704999999999998
5096,12.3635,3.3593000000000002
5097,9.0835000000000008,3.3500000000000001
5098,0,3.3147000000000002
5099,0,3.3128000000000002
5100,0,3.3128000000000002
5101,0,3.3128000000000002
5102,0,3.3128000000000002
5103,0,3.3128000000000002
5104,0,3.3109999999999999
5105,0,3.3128000000000002
5106,0,3.3128000000000002
5107,0,3.3128000000000002
5108,0,3.3109999999999999
5109,0,3.3128000000000002
5110,0,3.3128000000000002
5111,0,3.3109999999999999
5112,0,3.3128000000000002
5113,0,3.3128000000000002
5114,0,3.3128000000000002
5115,0,3.3128000000000002
5116,0,3.3128000000000002
5117,0,3.3128000000000002
5118,0,3.3128000000000002
5119,0,3.3128000000000002
5120,0,3.3128000000000002
5121,0,3.3128000000000002
5122,0,3.3128000000000002
5123,0,3.3128000000000002
5124,0,3.3128000000000002
5125,0,3.3128000000000002
5126,0,3.3128000000000002
5127,0,3.3128000000000002
5128,0,3.3147000000000002
5129,0,3.3128000000000002
5130,0,3.3147000000000002
5131,0,3.3128000000000002
5132,0,3.3147000000000002
5133,0,3.3147000000000002
5134,0,3.3147000000000002
5135,0,3.3147000000000002
5136,0,3.3147000000000002
5137,0,3.3147000000000002
5138,0,3.3147000000000002
5139,0,3.3147000000000002
5140,-10.4476,3.2755999999999998
5141,-14.4221,3.2589000000000001
5142,-18.2973,3.2403
5143,-22.774000000000001,3.2235
5144,-28.5838,3.1993999999999998
5145,-33.407699999999998,3.1808000000000001
5146,-29.216200000000001,3.1901000000000002
5147,-28.187000000000001,3.1919
5148,-22.271799999999999,3.2105000000000001
5149,-12.1341,3.2440000000000002
5150,2.6413000000000002,3.3016999999999999
5151,1.7981,3.3016999999999999
5152,0.67579999999999996,3.2997999999999998
5153,-7.3722000000000003,3.27
5154,-6.0949,3.2738
5155,-6.1755000000000004,3.2738
5156,-9.0463000000000005,3.2645
5157,-21.453299999999999,3.218
5158,2.7281,3.3054000000000001
5159,13.994199999999999,3.3519000000000001
5160,6.0328999999999997,3.3239999999999998
5161,16.065200000000001,3.3649
5162,6.9134000000000002,3.3332999999999999
5163,1.0044,3.3109999999999999
5164,-10.187200000000001,3.2682000000000002
5165,-6.7336,3.2793000000000001
5166,-15.625,3.2440000000000002
5167,-26.729900000000001,3.2031000000000001
5168,-30.815899999999999,3.1863000000000001
5169,-39.930500000000002,3.1528999999999998
5170,-39.930500000000002,3.1490999999999998
5171,-39.924300000000002,3.1454
5172,-39.924300000000002,3.1436000000000002
5173,-25.248000000000001,3.1882000000000001
5174,-39.918100000000003,3.1398000000000001
5175,-30.078099999999999,3.1715
5176,-39.911900000000003,3.1379999999999999
5177,-38.256399999999999,3.1417000000000002
5178,-39.918100000000003,3.1343000000000001
5179,-29.123200000000001,3.1677
5180,-27.411899999999999,3.1732999999999998
5181,-25.855599999999999,3.177
5182,-10.453799999999999,3.2290999999999999
5183,-6.3802000000000003,3.2458999999999998
5184,-8.6928999999999998,3.2403
5185,-6.2126999999999999,3.2513999999999998
5186,-10.2058,3.2383999999999999
5187,-10.2058,3.2383999999999999
5188,-10.2058,3.2383999999999999
5189,-10.212,3.2383999999999999
5190,-14.775499999999999,3.2235
5191,-14.8437,3.2235
5192,-21.7819,3.1974999999999998
5193,-24.4481,3.1882000000000001
5194,-24.950299999999999,3.1844999999999999
5195,-20.696899999999999,3.1974999999999998
5196,-23.418800000000001,3.1882000000000001
5197,-26.233799999999999,3.1789000000000001
5198,-21.856300000000001,3.1919
5199,-24.652699999999999,3.1825999999999999
5200,-30.084299999999999,3.1659000000000002
5201,-39.918100000000003,3.1305000000000001
5202,-39.508899999999997,3.1305000000000001
5203,-27.697099999999999,3.1677
5204,-22.774000000000001,3.1825999999999999
5205,-17.491299999999999,3.2012
5206,-12.3325,3.2198000000000002
5207,-7.4156000000000004,3.2383999999999999
5208,-14.6515,3.2161
5209,-19.896999999999998,3.1956000000000002
5210,-22.960000000000001,3.1863000000000001
5211,-25.886600000000001,3.1751999999999998
5212,-20.647300000000001,3.1919
5213,-26.450800000000001,3.1732999999999998
5214,-21.087499999999999,3.1901000000000002
5215,-24.299299999999999,3.1789000000000001
5216,-18.805800000000001,3.1974999999999998
5217,-16.1706,3.2086999999999999
5218,-11.383900000000001,3.2254
5219,-16.059000000000001,3.2105000000000001
5220,-16.046600000000002,3.2105000000000001
5221,-16.052800000000001,3.2105000000000001
5222,-16.052800000000001,3.2105000000000001
5223,-16.059000000000001,3.2105000000000001
5224,-13.3432,3.2198000000000002
5225,-8.3332999999999995,3.2383999999999999
5226,-8.1721000000000004,3.2403
5227,1.4818,3.2755999999999998
5228,-2.1019000000000001,3.2645
5229,-4.5819999999999999,3.2589000000000001
5230,-9.6974,3.2403
5231,-6.9320000000000004,3.2513999999999998
5232,-11.5327,3.2347000000000001
5233,-21.9742,3.1974999999999998
5234,-16.8216,3.2141999999999999
5235,-16.858799999999999,3.2141999999999999
5236,-14.2919,3.2216999999999998
5237,-6.9816000000000003,3.2477
5238,-4.1479999999999997,3.2606999999999999
5239,-4.1045999999999996,3.2606999999999999
5240,-3.9062000000000001,3.2625999999999999
5241,-1.0167999999999999,3.2738
5242,-20.6907,3.2067999999999999
5243,-3.5775999999999999,3.2645
5244,-10.6088,3.2403
5245,-8.6556999999999995,3.2477
5246,-8.4945000000000004,3.2477
5247,-15.290100000000001,3.2254
5248,-11.055300000000001,3.2383999999999999
5249,-39.918100000000003,3.1417000000000002
5250,2.0398999999999998,3.2812000000000001
5251,-39.911900000000003,3.1398000000000001
5252,-13.8888,3.2235
5253,-27.1267,3.1789000000000001
5254,-39.924300000000002,3.1360999999999999
5255,-28.453600000000002,3.1696
5256,-20.535699999999999,3.1938
5257,-26.3764,3.1751999999999998
5258,-15.699400000000001,3.2124000000000001
5259,-10.863,3.2290999999999999
5260,0.037199999999999997,3.27
5261,1.6493,3.2774999999999999
5262,4.6875,3.2905000000000002
5263,7.8868999999999998,3.3071999999999999
5264,6.5599999999999996,3.3035000000000001
5265,-12.8224,3.2347000000000001
5266,-12.81,3.2347000000000001
5267,-3.1808000000000001,3.2682000000000002
5268,6.6406000000000001,3.3054000000000001
5269,-10.2058,3.2458999999999998
5270,-14.2547,3.2309999999999999
5271,-10.212,3.2440000000000002
5272,-2.5358999999999998,3.2719
5273,-9.8957999999999995,3.2458999999999998
5274,-11.5823,3.2403
5275,-11.5823,3.2403
5276,-2.2879,3.2738
5277,0,3.2831000000000001
5278,0.124,3.2848999999999999
5279,5.1276999999999999,3.3054000000000001
5280,7.9550999999999998,3.3165
5281,7.9179000000000004,3.3184
5282,9.0835000000000008,3.3239999999999998
5283,9.0029000000000003,3.3258000000000001
5284,7.7690000000000001,3.3239999999999998
5285,8.7920999999999996,3.3296000000000001
5286,15.153700000000001,3.3536999999999999
5287,11.600899999999999,3.3443999999999998
5288,14.1617,3.3555999999999999
5289,9.9515999999999991,3.3407
5290,8.5317000000000007,3.3351000000000002
5291,5.5617000000000001,3.3258000000000001
5292,4.6440000000000001,3.3220999999999998
5293,-3.2986,3.2924000000000002
5294,1.3206,3.3090999999999999
5295,5.2454999999999998,3.3239999999999998
5296,8.9161000000000001,3.3389000000000002
5297,15.7118,3.3649
5298,17.801300000000001,3.3761000000000001
5299,5.8841000000000001,3.3332999999999999
5300,3.7202000000000002,3.3258000000000001
5301,1.5687,3.3184
5302,5.2020999999999997,3.3296000000000001
5303,4.7309000000000001,3.3296000000000001
5304,8.4821000000000009,3.3443999999999998
5305,3.7698,3.3258000000000001
5306,0,3.3128000000000002
5307,0,3.3128000000000002
5308,0,3.3128000000000002
5309,0,3.3109999999999999
5310,0,3.3109999999999999
5311,0,3.3109999999999999
5312,0,3.3109999999999999
5313,0,3.3109999999999999
5314,0,3.3109999999999999
5315,0,3.3109999999999999
5316,0,3.3109999999999999
5317,0,3.3109999999999999
5318,0,3.3109999999999999
5319,0,3.3109999999999999
5320,0,3.3109999999999999
5321,0,3.3109999999999999
5322,0,3.3109999999999999
5323,-3.2986,3.2997999999999998
5324,-10.5654,3.2719
5325,-16.6418,3.2458999999999998
5326,-20.175999999999998,3.2328000000000001
5327,-24.5411,3.2161
5328,-28.162199999999999,3.1993999999999998
5329,-27.7715,3.1974999999999998
5330,-30.735299999999999,3.1863000000000001
5331,-16.846399999999999,3.2290999999999999
5332,-21.7013,3.2141999999999999
5333,-20.932500000000001,3.2141999999999999
5334,-23.604900000000001,3.2031000000000001
5335,-31.411200000000001,3.177
5336,-16.183,3.2254
5337,-16.741,3.2254
5338,-13.0518,3.2366000000000001
5339,-15.935,3.2273000000000001
5340,-17.590499999999999,3.2216999999999998
5341,-19.7544,3.2141999999999999
5342,-7.8930999999999996,3.2551999999999999
5343,-10.739000000000001,3.2440000000000002
5344,-4.2534000000000001,3.2682000000000002
5345,-0.4526,3.2831000000000001
5346,-8.9284999999999997,3.2551999999999999
5347,-18.861599999999999,3.2198000000000002
5348,-14.781700000000001,3.2309999999999999
5349,-6.5351999999999997,3.2625999999999999
5350,-6.5351999999999997,3.2625999999999999
5351,-6.5476000000000001,3.2625999999999999
5352,-6.5476000000000001,3.2645
5353,-6.5351999999999997,3.2645
5354,-7.7317999999999998,3.2606999999999999
5355,-11.414899999999999,3.2458999999999998
5356,-7.9055,3.2589000000000001
5357,-4.7432999999999996,3.27
5358,0.44019999999999998,3.2905000000000002
5359,5.1276999999999999,3.3109999999999999
5360,6.0080999999999998,3.3147000000000002
5361,2.2010999999999998,3.3035000000000001
5362,15.197100000000001,3.3519000000000001
5363,16.561199999999999,3.3612000000000002
5364,20.076799999999999,3.3761000000000001
5365,14.645300000000001,3.3612000000000002
5366,13.5664,3.3593000000000002
5367,12.2395,3.3555999999999999
5368,10.5716,3.3500000000000001
5369,6.1569000000000003,3.3351000000000002
5370,0,3.3109999999999999
5371,0,3.3109999999999999
5372,0,3.3109999999999999
5373,0,3.3090999999999999
5374,0,3.3090999999999999
5375,0,3.3090999999999999
5376,0,3.3090999999999999
5377,0,3.3090999999999999
5378,0,3.3090999999999999
5379,-8.2960999999999991,3.2774999999999999
5380,-10.615,3.2682000000000002
5381,-17.0138,3.2440000000000002
5382,-23.189399999999999,3.2198000000000002
5383,-27.325099999999999,3.2012
5384,-32.1614,3.1825999999999999
5385,-39.911900000000003,3.1547000000000001
5386,-35.577800000000003,3.1659000000000002
5387,-11.737299999999999,3.2421000000000002
5388,-28.341999999999999,3.1863000000000001
5389,-24.491499999999998,3.1974999999999998
5390,-18.613499999999998,3.218
5391,-6.5724,3.2589000000000001
5392,-3.1560000000000001,3.2719
5393,0,3.2867999999999999
5394,0.67579999999999996,3.2905000000000002
5395,1.3206,3.2942
5396,3.6829999999999998,3.3054000000000001
5397,17.621500000000001,3.3593000000000002
5398,18.036899999999999,3.3649
5399,15.283899999999999,3.3593000000000002
5400,12.115500000000001,3.3500000000000001
5401,8.8850999999999996,3.3389000000000002
5402,0,3.3071999999999999
5403,0,3.3071999999999999
5404,0,3.3054000000000001
5405,0,3.3054000000000001
5406,0,3.3071999999999999
5407,0,3.3071999999999999
5408,0,3.3071999999999999
5409,0,3.3071999999999999
5410,0,3.3071999999999999
5411,0,3.3071999999999999
5412,0,3.3071999999999999
5413,0,3.3071999999999999
5414,0,3.3071999999999999
5415,0,3.3071999999999999
5416,0,3.3071999999999999
5417,0,3.3090999999999999
5418,0,3.3071999999999999
5419,0,3.3090999999999999
5420,0,3.3090999999999999
5421,0,3.3090999999999999
5422,0,3.3090999999999999
5423,0,3.3090999999999999
5424,-10.453799999999999,3.27
5425,-14.415900000000001,3.2551999999999999
5426,-18.2973,3.2366000000000001
5427,-22.780200000000001,3.2198000000000002
5428,-28.571400000000001,3.1956000000000002
5429,-33.401499999999999,3.1789000000000001
5430,-39.924300000000002,3.1528999999999998
5431,-39.918100000000003,3.1490999999999998
5432,-22.023800000000001,3.2067999999999999
5433,-21.7881,3.2067999999999999
5434,-39.930500000000002,3.1454
5435,-28.366800000000001,3.1808000000000001
5436,-14.415900000000001,3.2254
5437,-24.8139,3.1919
5438,-10.819599999999999,3.2383999999999999
5439,-14.5213,3.2273000000000001
5440,-14.8065,3.2254
5441,-4.5819999999999999,3.2625999999999999
5442,-7.7317999999999998,3.2532999999999999
5443,-7.7751999999999999,3.2551999999999999
5444,-2.6598999999999999,3.2738
5445,-0.65720000000000001,3.2812000000000001
5446,-11.2041,3.2440000000000002
5447,-6.5476000000000001,3.2625999999999999
5448,0.48359999999999997,3.2867999999999999
5449,-4.4518000000000004,3.2719
5450,-4.3773999999999997,3.2719
5451,-2.4615,3.2793000000000001
5452,-6.2686000000000002,3.2682000000000002
5453,-6.2686000000000002,3.2663000000000002
5454,-6.2624000000000004,3.2682000000000002
5455,-6.2686000000000002,3.2663000000000002
5456,-6.2624000000000004,3.2663000000000002
5457,-2.4180999999999999,3.2812000000000001
5458,-8.1038999999999994,3.2606999999999999
5459,-8.1349,3.2606999999999999
5460,-11.0181,3.2513999999999998
5461,-0.52700000000000002,3.2867999999999999
5462,-2.4119000000000002,3.2812000000000001
5463,-6.1692999999999998,3.27
5464,-6.1755000000000004,3.27
5465,-2.3871000000000002,3.2831000000000001
5466,-2.2940999999999998,3.2848999999999999
5467,-4.1479999999999997,3.2774999999999999
5468,5.9646999999999997,3.3165
5469,10.1624,3.3332999999999999
5470,13.076599999999999,3.3481999999999998
5471,13.808199999999999,3.3536999999999999
5472,14.8003,3.3593000000000002
5473,15.922599999999999,3.3649
5474,13.244,3.3574999999999999
5475,13.2502,3.3593000000000002
5476,10.639799999999999,3.3519000000000001
5477,6.7645999999999997,3.3370000000000002
5478,0,3.3128000000000002
5479,0,3.3128000000000002
5480,0,3.3109999999999999
5481,0,3.3109999999999999
5482,0,3.3109999999999999
5483,0,3.3109999999999999
5484,0,3.3109999999999999
5485,0,3.3109999999999999
5486,0,3.3109999999999999
5487,-3.9434,3.2942
5488,-7.4962,3.2812000000000001
5489,-6.6219999999999999,3.2831000000000001
5490,-3.5962000000000001,3.2924000000000002
5491,-11.377700000000001,3.2663000000000002
5492,-7.0498000000000003,3.2793000000000001
5493,-6.5724,3.2812000000000001
5494,-10.2554,3.2663000000000002
5495,-15.823399999999999,3.2440000000000002
5496,-17.410699999999999,3.2366000000000001
5497,-16.306999999999999,3.2383999999999999
5498,-13.8826,3.2458999999999998
5499,-13.454800000000001,3.2477
5500,-11.966699999999999,3.2532999999999999
5501,-13.299799999999999,3.2458999999999998
5502,-14.409700000000001,3.2421000000000002
5503,-12.5434,3.2477
5504,-11.749700000000001,3.2513999999999998
5505,-8.6681000000000008,3.2625999999999999
5506,-5.2579000000000002,3.2738
5507,-3.7759999999999998,3.2793000000000001
5508,-3.7759999999999998,3.2812000000000001
5509,-3.7884000000000002,3.2812000000000001
5510,-3.7759999999999998,3.2812000000000001
5511,-3.7759999999999998,3.2831000000000001
5512,-11.737299999999999,3.2551999999999999
5513,-6.2934000000000001,3.2719
5514,-6.3739999999999997,3.2719
5515,0.67579999999999996,3.2997999999999998
5516,0.68200000000000005,3.3016999999999999
5517,-0.73780000000000001,3.2942
5518,-3.7884000000000002,3.2848999999999999
5519,-3.7884000000000002,3.2848999999999999
5520,1.7546999999999999,3.3054000000000001
5521,6.1631,3.3239999999999998
5522,16.437200000000001,3.3649
5523,13.2378,3.3555999999999999
5524,10.639799999999999,3.3500000000000001
5525,0,3.3109999999999999
5526,0,3.3090999999999999
5527,0,3.3090999999999999
5528,0,3.3090999999999999
5529,0,3.3090999999999999
5530,0,3.3090999999999999
5531,0,3.3090999999999999
5532,0,3.3090999999999999
5533,0,3.3090999999999999
5534,0,3.3090999999999999
5535,0,3.3090999999999999
5536,0,3.3090999999999999
5537,0,3.3090999999999999
5538,0,3.3090999999999999
5539,0,3.3090999999999999
5540,0,3.3109999999999999
5541,0,3.3109999999999999
5542,0,3.3109999999999999
5543,0,3.3109999999999999
5544,0,3.3109999999999999
5545,-10.453799999999999,3.2719
5546,-14.409700000000001,3.2551999999999999
5547,-18.2973,3.2383999999999999
5548,-22.526,3.2216999999999998
5549,-13.2502,3.2513999999999998
5550,-13.0146,3.2513999999999998
5551,-10.9809,3.2589000000000001
5552,-2.1019000000000001,3.2886000000000002
5553,-2.1019000000000001,3.2905000000000002
5554,-6.2624000000000004,3.2774999999999999
5555,-4.0860000000000003,3.2848999999999999
5556,-2.1019000000000001,3.2924000000000002
5557,-0.124,3.3016999999999999
5558,1.0044,3.3071999999999999
5559,-1.1097999999999999,3.2997999999999998
5560,0.24179999999999999,3.3054000000000001
5561,-6.2188999999999997,3.2812000000000001
5562,-3.1869999999999998,3.2905000000000002
5563,-1.1035999999999999,3.2997999999999998
5564,0.56420000000000003,3.3071999999999999
5565,-1.054,3.3016999999999999
5566,-2.0213000000000001,3.2978999999999998
5567,-3.0257000000000001,3.2924000000000002
5568,-6.2126999999999999,3.2812000000000001
5569,-7.2172000000000001,3.2774999999999999
5570,-10.422800000000001,3.2645
5571,-8.8975000000000009,3.27
5572,-12.5,3.2551999999999999
5573,-10.9312,3.2606999999999999
5574,-3.8999999999999999,3.2831000000000001
5575,-3.9371999999999998,3.2848999999999999
5576,-7.6883999999999997,3.2719
5577,-7.4962,3.2719
5578,-7.6139999999999999,3.27
5579,-4.5324,3.2812000000000001
5580,-3.1808000000000001,3.2867999999999999
5581,-3.1808000000000001,3.2886000000000002
5582,-5.2950999999999997,3.2793000000000001
5583,-14.9367,3.2458999999999998
5584,-20.442699999999999,3.2235
5585,-15.2157,3.2403
5586,-10.77,3.2551999999999999
5587,-10.422800000000001,3.2570000000000001
5588,3.9247999999999998,3.3090999999999999
5589,17.633900000000001,3.363
5590,16.158200000000001,3.363
5591,13.033200000000001,3.3536999999999999
5592,9.6725999999999992,3.3462999999999998
5593,0,3.3090999999999999
5594,0,3.3090999999999999
5595,0,3.3090999999999999
5596,0,3.3090999999999999
5597,0,3.3090999999999999
5598,0,3.3090999999999999
5599,0,3.3090999999999999
5600,0,3.3090999999999999
5601,0,3.3090999999999999
5602,0,3.3090999999999999
5603,0,3.3090999999999999
5604,0,3.3090999999999999
5605,0,3.3090999999999999
5606,0,3.3090999999999999
5607,0,3.3090999999999999
5608,0,3.3109999999999999
5609,0,3.3109999999999999
5610,0,3.3109999999999999
5611,0,3.3109999999999999
5612,0,3.3109999999999999
5613,0,3.3109999999999999
5614,0,3.3109999999999999
5615,0,3.3109999999999999
5616,0,3.3109999999999999
5617,0,3.3109999999999999
5618,0,3.3109999999999999
5619,0,3.3109999999999999
5620,0,3.3109999999999999
5621,0,3.3109999999999999
5622,-6.4236000000000004,3.2867999999999999
5623,-8.1349,3.2793000000000001
5624,-17.1006,3.2458999999999998
5625,-13.857799999999999,3.2551999999999999
5626,-16.3752,3.2440000000000002
5627,-11.979100000000001,3.2589000000000001
5628,-11.613300000000001,3.2589000000000001
5629,-19.983799999999999,3.2290999999999999
5630,-21.577300000000001,3.2198000000000002
5631,-16.499199999999998,3.2347000000000001
5632,-15.7056,3.2366000000000001
5633,-15.4079,3.2383999999999999
5634,-17.491299999999999,3.2290999999999999
5635,-13.454800000000001,3.2421000000000002
5636,-7.5768000000000004,3.2645
5637,-9.1268999999999991,3.2589000000000001
5638,-5.6113,3.2719
5639,-5.6608999999999998,3.2719
5640,-4.0922000000000001,3.2793000000000001
5641,-6.5351999999999997,3.27
5642,-5.6981000000000002,3.2738
5643,-4.1479999999999997,3.2793000000000001
5644,1.24,3.3016999999999999
5645,1.2462,3.3035000000000001
5646,10.0756,3.3351000000000002
5647,11.1607,3.3443999999999998
5648,13.3184,3.3555999999999999
5649,7.7938000000000001,3.3370000000000002
5650,6.2003000000000004,3.3313999999999999
5651,7.6078000000000001,3.3370000000000002
5652,0,3.3109999999999999
5653,0,3.3090999999999999
5654,0,3.3090999999999999
5655,0,3.3090999999999999
5656,0,3.3090999999999999
5657,0,3.3090999999999999
5658,0,3.3090999999999999
5659,0,3.3090999999999999
5660,0,3.3090999999999999
5661,0,3.3090999999999999
5662,0,3.3090999999999999
5663,0,3.3109999999999999
5664,0,3.3090999999999999
5665,0,3.3090999999999999
5666,0,3.3109999999999999
5667,0,3.3109999999999999
5668,0,3.3109999999999999
5669,0,3.3109999999999999
5670,-4.5324,3.2924000000000002
5671,-6.2065000000000001,3.2867999999999999
5672,-3.8193999999999999,3.2942
5673,-6.9257999999999997,3.2831000000000001
5674,-13.9756,3.2570000000000001
5675,-13.6036,3.2551999999999999
5676,-15.922599999999999,3.2440000000000002
5677,-10.174799999999999,3.2645
5678,-16.257400000000001,3.2403
5679,-5.0533000000000001,3.2793000000000001
5680,-0.124,3.2997999999999998
5681,-2.0089000000000001,3.2942
5682,-16.8216,3.2403
5683,-11.8241,3.2570000000000001
5684,-11.4335,3.2570000000000001
5685,-16.896000000000001,3.2366000000000001
5686,-14.0625,3.2440000000000002
5687,-3.1745999999999999,3.2831000000000001
5688,0.79979999999999996,3.2997999999999998
5689,-10.180999999999999,3.2606999999999999
5690,-10.453799999999999,3.2589000000000001
5691,-5.5740999999999996,3.2755999999999998
5692,4.0488,3.3128000000000002
5693,3.5651999999999999,3.3128000000000002
5694,4.4828000000000001,3.3184
5695,11.049099999999999,3.3462999999999998
5696,10.918799999999999,3.3481999999999998
5697,8.1225000000000005,3.3389000000000002
5698,0,3.3090999999999999
5699,0,3.3090999999999999
5700,0,3.3090999999999999
5701,0,3.3090999999999999
5702,0,3.3090999999999999
5703,0,3.3090999999999999
5704,-0.155,3.3071999999999999
5705,-8.6681000000000008,3.2774999999999999
5706,-10.6212,3.2682000000000002
5707,-16.585999999999999,3.2440000000000002
5708,-20.337299999999999,3.2290999999999999
5709,-11.979100000000001,3.2570000000000001
5710,-17.404499999999999,3.2347000000000001
5711,-18.855399999999999,3.2290999999999999
5712,-17.212299999999999,3.2328000000000001
5713,-21.6951,3.2161
5714,-20.889099999999999,3.218
5715,-19.9404,3.218
5716,-16.183,3.2309999999999999
5717,-16.896000000000001,3.2273000000000001
5718,-11.8241,3.2440000000000002
5719,-10.732799999999999,3.2477
5720,-8.0542999999999996,3.2589000000000001
5721,-9.6105999999999998,3.2551999999999999
5722,-8.3332999999999995,3.2589000000000001
5723,-4.4518000000000004,3.2719
5724,0.086800000000000002,3.2905000000000002
5725,-2.7404999999999999,3.2812000000000001
5726,-1.0911999999999999,3.2886000000000002
5727,1.3206,3.2997999999999998
5728,2.5607000000000002,3.3071999999999999
5729,6.7274000000000003,3.3220999999999998
5730,10.708,3.3389000000000002
5731,10.044600000000001,3.3389000000000002
5732,11.6753,3.3500000000000001
5733,9.7904,3.3443999999999998
5734,5.2083000000000004,3.3277000000000001
5735,6.6406000000000001,3.3332999999999999
5736,0,3.3090999999999999
5737,0,3.3090999999999999
5738,0,3.3090999999999999
5739,0,3.3090999999999999
5740,-0.44640000000000002,3.3071999999999999
5741,0,3.3090999999999999
5742,0,3.3090999999999999
5743,-9.5671999999999997,3.2738
5744,-10.6088,3.2682000000000002
5745,-17.770299999999999,3.2383999999999999
5746,-23.933499999999999,3.2161
5747,-24.125699999999998,3.2124000000000001
5748,-16.102399999999999,3.2366000000000001
5749,-10.373200000000001,3.2570000000000001
5750,-13.0146,3.2458999999999998
5751,-14.2113,3.2421000000000002
5752,-15.7738,3.2347000000000001
5753,-16.492999999999999,3.2309999999999999
5754,-25.260400000000001,3.1993999999999998
5755,-22.960000000000001,3.2067999999999999
5756,-16.8154,3.2254
5757,-10.9437,3.2458999999999998
5758,-8.1783000000000001,3.2570000000000001
5759,-12.251899999999999,3.2421000000000002
5760,-4.5324,3.27
5761,-4.5262000000000002,3.2719
5762,-2.8582999999999998,3.2793000000000001
5763,0,3.2905000000000002
5764,-1.1346000000000001,3.2867999999999999
5765,-4.3339999999999996,3.2774999999999999
5766,-4.3339999999999996,3.2774999999999999
5767,-2.7467000000000001,3.2831000000000001
5768,2.0026999999999999,3.3016999999999999
5769,-2.6227,3.2848999999999999
5770,-4.1417999999999999,3.2812000000000001
5771,-4.1294000000000004,3.2812000000000001
5772,-4.1479999999999997,3.2793000000000001
5773,-4.1417999999999999,3.2812000000000001
5774,-4.1479999999999997,3.2812000000000001
5775,-5.7849000000000004,3.2755999999999998
5776,-9.4865999999999993,3.2606999999999999
5777,-11.1793,3.2551999999999999
5778,-25.446400000000001,3.2012
5779,-19.332799999999999,3.2216999999999998
5780,-19.748200000000001,3.218
5781,-20.4985,3.2141999999999999
5782,-5.7849000000000004,3.2645
5783,-14.4221,3.2347000000000001
5784,-11.972899999999999,3.2421000000000002
5785,-10.453799999999999,3.2477
5786,-4.0983999999999998,3.2719
5787,-2.1825000000000001,3.2793000000000001
5788,-5.8531000000000004,3.2682000000000002
5789,-3.9744000000000002,3.2755999999999998
5790,-0.29139999999999999,3.2886000000000002
5791,1.3206,3.2978999999999998
5792,-3.9434,3.2793000000000001
5793,1.3206,3.2997999999999998
5794,1.3206,3.3016999999999999
5795,-3.6147999999999998,3.2831000000000001
5796,-0.1178,3.2942
5797,-3.5404,3.2831000000000001
5798,4.6440000000000001,3.3147000000000002
5799,2.0398999999999998,3.3071999999999999
5800,-3.1436000000000002,3.2867999999999999
5801,-4.8177000000000003,3.2812000000000001
5802,-4.8239000000000001,3.2812000000000001
5803,-4.8177000000000003,3.2793000000000001
5804,0.074399999999999994,3.2997999999999998
5805,-3.0257000000000001,3.2867999999999999
5806,-4.6936999999999998,3.2812000000000001
5807,-1.2958000000000001,3.2942
5808,0.67579999999999996,3.3035000000000001
5809,2.6413000000000002,3.3109999999999999
5810,1.3206,3.3071999999999999
5811,2.6040999999999999,3.3128000000000002
5812,7.9612999999999996,3.3332999999999999
5813,9.5609999999999999,3.3407
5814,8.7177000000000007,3.3389000000000002
5815,6.5599999999999996,3.3332999999999999
5816,5.2020999999999997,3.3296000000000001
5817,-2.3871000000000002,3.3016999999999999
5818,-11.4087,3.2663000000000002
5819,-10.869199999999999,3.2663000000000002
5820,-7.8993000000000002,3.2755999999999998
5821,-8.9408999999999992,3.27
5822,-10.087999999999999,3.2645
5823,-10.416600000000001,3.2625999999999999
5824,-12.698399999999999,3.2551999999999999
5825,-15.8172,3.2403
5826,-16.530200000000001,3.2366000000000001
5827,-11.5885,3.2532999999999999
5828,-3.9371999999999998,3.2793000000000001
5829,-6.25,3.2738
5830,-6.2934000000000001,3.2738
5831,-6.4236000000000004,3.2719
5832,-11.613300000000001,3.2551999999999999
5833,-8.1349,3.2663000000000002
5834,-13.5726,3.2440000000000002
5835,-6.1755000000000004,3.2719
5836,-6.2126999999999999,3.2719
5837,-6.2188999999999997,3.2719
5838,-2.9388999999999998,3.2831000000000001
5839,4.3650000000000002,3.3128000000000002
5840,2.0089000000000001,3.3071999999999999
5841,1.3144,3.3054000000000001
5842,6.0824999999999996,3.3239999999999998
5843,3.1993999999999998,3.3147000000000002
5844,1.24,3.3090999999999999
5845,-7.2977999999999996,3.2755999999999998
5846,-7.4279999999999999,3.2755999999999998
5847,-8.9408999999999992,3.2682000000000002
5848,-6.2624000000000004,3.2755999999999998
5849,-10.6088,3.2606999999999999
5850,-12.4937,3.2532999999999999
5851,-11.5017,3.2551999999999999
5852,-7.9737,3.2663000000000002
5853,-11.9419,3.2532999999999999
5854,-12.295299999999999,3.2513999999999998
5855,-7.0498000000000003,3.2682000000000002
5856,-2.9388999999999998,3.2831000000000001
5857,-2.9388999999999998,3.2848999999999999
5858,-2.8521000000000001,3.2848999999999999
5859,0.72540000000000004,3.2997999999999998
5860,0.72540000000000004,3.3016999999999999
5861,-2.7343000000000002,3.2886000000000002
5862,-4.2968000000000002,3.2831000000000001
5863,0.72540000000000004,3.3035000000000001
5864,0.72540000000000004,3.3035000000000001
5865,1.9655,3.3090999999999999
5866,-9.0463000000000005,3.2682000000000002
5867,-10.6584,3.2606999999999999
5868,-7.9737,3.27
5869,-6.6529999999999996,3.2738
5870,-1.1035999999999999,3.2942
5871,-6.6592000000000002,3.2738
5872,-4.2968000000000002,3.2831000000000001
5873,-4.2968000000000002,3.2831000000000001
5874,0.062,3.2997999999999998
5875,0.124,3.3016999999999999
5876,1.3206,3.3071999999999999
5877,0.124,3.3035000000000001
5878,-2.5669,3.2924000000000002
5879,-4.1417999999999999,3.2867999999999999
5880,-4.1417999999999999,3.2867999999999999
5881,-0.93620000000000003,3.2997999999999998
5882,-2.4615,3.2924000000000002
5883,-4.0983999999999998,3.2867999999999999
5884,0.086800000000000002,3.3035000000000001
5885,0.124,3.3035000000000001
5886,-3.9062000000000001,3.2886000000000002
5887,-7.7317999999999998,3.2738
5888,-2.4119000000000002,3.2924000000000002
5889,0.155,3.3035000000000001
5890,3.7635999999999998,3.3184
5891,4.7309000000000001,3.3220999999999998
5892,5.8841000000000001,3.3277000000000001
5893,1.6802999999999999,3.3147000000000002
5894,-2.8210999999999999,3.2978999999999998
5895,-3.8999999999999999,3.2924000000000002
5896,-13.020799999999999,3.2589000000000001
5897,-12.351100000000001,3.2589000000000001
5898,-10.8506,3.2625999999999999
5899,-5.7786999999999997,3.2793000000000001
5900,-5.8159000000000001,3.2793000000000001
5901,-10.0136,3.2645
5902,-6.0514999999999999,3.2774999999999999
5903,-5.2950999999999997,3.2812000000000001
5904,-5.3323,3.2793000000000001
5905,-6.2188999999999997,3.2774999999999999
5906,0.155,3.3016999999999999
5907,-0.73160000000000003,3.2997999999999998
5908,-3.7759999999999998,3.2867999999999999
5909,-3.7759999999999998,3.2867999999999999
5910,0.155,3.3035000000000001
5911,-0.69440000000000002,3.3016999999999999
5912,-0.69440000000000002,3.3016999999999999
5913,-3.5838000000000001,3.2905000000000002
5914,-5.8531000000000004,3.2812000000000001
5915,-10.050800000000001,3.2663000000000002
5916,-3.7759999999999998,3.2867999999999999
5917,0.67579999999999996,3.3054000000000001
5918,-3.6953999999999998,3.2886000000000002
5919,1.24,3.3090999999999999
5920,-8.4945000000000004,3.2719
5921,-11.414899999999999,3.2606999999999999
5922,-10.2988,3.2625999999999999
5923,1.2462,3.3054000000000001
5924,4.8487,3.3203
5925,10.559200000000001,3.3443999999999998
5926,8.8975000000000009,3.3407
5927,13.113799999999999,3.3593000000000002
5928,10.4414,3.3519000000000001
5929,7.2854000000000001,3.3407
5930,0,3.3128000000000002
5931,0,3.3128000000000002
5932,0,3.3128000000000002
5933,0,3.3128000000000002
5934,0,3.3128000000000002
5935,0,3.3128000000000002
5936,-6.4236000000000004,3.2867999999999999
5937,-9.6478000000000002,3.2738
5938,-20.5047,3.2328000000000001
5939,-22.0486,3.2235
5940,-26.246200000000002,3.2067999999999999
5941,-20.814699999999998,3.2216999999999998
5942,-12.3759,3.2513999999999998
5943,-15.606299999999999,3.2383999999999999
5944,-13.492000000000001,3.2440000000000002
5945,-12.1837,3.2477
5946,-14.415900000000001,3.2403
5947,-21.0503,3.218
5948,-26.6493,3.1956000000000002
5949,-19.140599999999999,3.2198000000000002
5950,-11.7683,3.2421000000000002
5951,-8.2527000000000008,3.2589000000000001
5952,-6.0080999999999998,3.2663000000000002
5953,-4.4518000000000004,3.2738
5954,-4.4580000000000002,3.2738
5955,3.6086,3.3054000000000001
5956,-1.054,3.2886000000000002
5957,0,3.2942
5958,0.72540000000000004,3.2997999999999998
5959,0.124,3.2978999999999998
5960,1.24,3.3035000000000001
5961,0.124,3.2997999999999998
5962,1.24,3.3054000000000001
5963,5.7663000000000002,3.3220999999999998
5964,10.559200000000001,3.3407
5965,1.2462,3.3090999999999999
5966,-2.7776999999999998,3.2924000000000002
5967,-6.25,3.2793000000000001
5968,-10.6584,3.2645
5969,-9.1021000000000001,3.2682000000000002
5970,-0.496,3.2978999999999998
5971,-3.2118000000000002,3.2886000000000002
5972,-5.4191000000000003,3.2812000000000001
5973,0.2356,3.3035000000000001
5974,-3.2118000000000002,3.2886000000000002
5975,-3.2118000000000002,3.2886000000000002
5976,-12.3759,3.2570000000000001
5977,-9.5671999999999997,3.2645
5978,-11.1793,3.2589000000000001
5979,-5.9832999999999998,3.2755999999999998
5980,-7.4218000000000002,3.27
5981,-8.9346999999999994,3.2645
5982,-5.4562999999999997,3.2774999999999999
5983,-2.3809,3.2867999999999999
5984,1.2462,3.3035000000000001
5985,3.6829999999999998,3.3147000000000002
5986,0.67579999999999996,3.3054000000000001
5987,1.2090000000000001,3.3071999999999999
5988,0.2356,3.3054000000000001
5989,0.67579999999999996,3.3071999999999999
5990,1.2834000000000001,3.3090999999999999
5991,0.72540000000000004,3.3071999999999999
5992,4.4828000000000001,3.3220999999999998
5993,13.113799999999999,3.3555999999999999
5994,11.4087,3.3536999999999999
5995,8.2402999999999995,3.3443999999999998
5996,0,3.3128000000000002
5997,0,3.3109999999999999
5998,0,3.3109999999999999
5999,0,3.3109999999999999
6000,0,3.3109999999999999
6001,0,3.3109999999999999
6002,0,3.3109999999999999
6003,0,3.3109999999999999
6004,0,3.3109999999999999
6005,0,3.3109999999999999
6006,0,3.3109999999999999
6007,0,3.3109999999999999
6008,0,3.3109999999999999
6009,0,3.3109999999999999
6010,0,3.3128000000000002
6011,0,3.3109999999999999
6012,0,3.3128000000000002
6013,0,3.3128000000000002
6014,0,3.3128000000000002
6015,0,3.3128000000000002
6016,0,3.3128000000000002
6017,0,3.3128000000000002
6018,0,3.3128000000000002
6019,0,3.3128000000000002
6020,0,3.3128000000000002
6021,0,3.3128000000000002
6022,0,3.3128000000000002
6023,0,3.3128000000000002
6024,0,3.3128000000000002
6025,0,3.3128000000000002
6026,0,3.3128000000000002
6027,0,3.3128000000000002
6028,0,3.3128000000000002
6029,-3.9434,3.2997999999999998
6030,-9.0214999999999996,3.2774999999999999
6031,-15.978400000000001,3.2513999999999998
6032,-19.617999999999999,3.2347000000000001
6033,-23.9831,3.218
6034,-27.703299999999999,3.2012
6035,-15.2963,3.2403
6036,-16.573599999999999,3.2347000000000001
6037,-20.6907,3.2198000000000002
6038,-16.338000000000001,3.2328000000000001
6039,-15.1289,3.2366000000000001
6040,-13.132400000000001,3.2440000000000002
6041,-13.6532,3.2421000000000002
6042,-15.569100000000001,3.2347000000000001
6043,-7.6201999999999996,3.2625999999999999
6044,-11.427300000000001,3.2477
6045,-10.863,3.2513999999999998
6046,-9.6167999999999996,3.2551999999999999
6047,0,3.2905000000000002
6048,1.3206,3.2997999999999998
6049,1.3206,3.3016999999999999
6050,-4.0612000000000004,3.2812000000000001
6051,2.7281,3.3071999999999999
6052,9.7904,3.3351000000000002
6053,10.2864,3.3389000000000002
6054,4.1294000000000004,3.3184
6055,3.4102000000000001,3.3184
6056,11.563700000000001,3.3500000000000001
6057,10.925000000000001,3.3500000000000001
6058,7.4093999999999998,3.3370000000000002
6059,2.3933,3.3203
6060,0.56420000000000003,3.3128000000000002
6061,0,3.3109999999999999
6062,0,3.3109999999999999
6063,0,3.3109999999999999
6064,0,3.3109999999999999
6065,-0.52700000000000002,3.3090999999999999
6066,-2.1825000000000001,3.3016999999999999
6067,-2.2134999999999998,3.3016999999999999
6068,0,3.3090999999999999
6069,-0.52700000000000002,3.3071999999999999
6070,0,3.3109999999999999
6071,0,3.3109999999999999
6072,0,3.3109999999999999
6073,0,3.3109999999999999
6074,0,3.3109999999999999
6075,0,3.3109999999999999
6076,0,3.3109999999999999
6077,-0.26040000000000002,3.3090999999999999
6078,-1.7733000000000001,3.3054000000000001
6079,-3.3792,3.2997999999999998
6080,-6.5785999999999998,3.2848999999999999
6081,-15.0669,3.2532999999999999
6082,-17.255700000000001,3.2421000000000002
6083,-20.169799999999999,3.2290999999999999
6084,-9.8461999999999996,3.2645
6085,-5.4191000000000003,3.2793000000000001
6086,-13.820600000000001,3.2477
6087,-19.816400000000002,3.2273000000000001
6088,-20.089200000000002,3.2235
6089,-13.0642,3.2458999999999998
6090,-5.1401000000000003,3.2755999999999998
6091,-3.9434,3.2812000000000001
6092,-3.9805999999999999,3.2812000000000001
6093,-6.2188999999999997,3.2738
6094,-11.7807,3.2551999999999999
6095,-9.0959000000000003,3.2625999999999999
6096,-12.5372,3.2513999999999998
6097,-11.737299999999999,3.2513999999999998
6098,-10.0632,3.2570000000000001
6099,-2.2631000000000001,3.2848999999999999
6100,-2.2134999999999998,3.2867999999999999
6101,-6.0205000000000002,3.2738
6102,-8.9037000000000006,3.2625999999999999
6103,-9.0463000000000005,3.2625999999999999
6104,-6.3802000000000003,3.2719
6105,-9.2942999999999998,3.2606999999999999
6106,-6.2126999999999999,3.2719
6107,-7.6946000000000003,3.2663000000000002
6108,-5.5740999999999996,3.2738
6109,-4.0549999999999997,3.2793000000000001
6110,-4.0549999999999997,3.2793000000000001
6111,-2.4552999999999998,3.2867999999999999
6112,-2.4615,3.2867999999999999
6113,-3.9805999999999999,3.2812000000000001
6114,0.049599999999999998,3.2978999999999998
6115,-2.5421,3.2886000000000002
6116,0.67579999999999996,3.3016999999999999
6117,1.24,3.3054000000000001
6118,3.7635999999999998,3.3147000000000002
6119,4.7309000000000001,3.3203
6120,10.044600000000001,3.3407
6121,6.3925999999999998,3.3296000000000001
6122,10.7948,3.3500000000000001
6123,4.8796999999999997,3.3277000000000001
6124,6.3616000000000001,3.3332999999999999
6125,7.5582000000000003,3.3389000000000002
6126,0,3.3128000000000002
6127,0,3.3109999999999999
6128,0,3.3109999999999999
6129,0,3.3109999999999999
6130,0,3.3109999999999999
6131,0,3.3109999999999999
6132,0,3.3109999999999999
6133,0,3.3109999999999999
6134,0,3.3109999999999999
6135,0,3.3109999999999999
6136,0,3.3109999999999999
6137,0,3.3109999999999999
6138,0,3.3109999999999999
6139,0,3.3109999999999999
6140,0,3.3128000000000002
6141,0,3.3128000000000002
6142,0,3.3128000000000002
6143,0,3.3128000000000002
6144,0,3.3128000000000002
6145,-6.7336,3.2867999999999999
6146,-10.615,3.27
6147,-16.0962,3.2477
6148,-22.2532,3.2235
6149,-26.450800000000001,3.2067999999999999
6150,-31.3306,3.1863000000000001
6151,-27.343699999999998,3.1956000000000002
6152,-24.1629,3.2031000000000001
6153,-9.3066999999999993,3.2551999999999999
6154,1.2090000000000001,3.2942
6155,1.2090000000000001,3.2997999999999998
6156,12.2829,3.3407
6157,13.4114,3.3519000000000001
6158,10.801,3.3443999999999998
6159,7.1242000000000001,3.3332999999999999
6160,0,3.3071999999999999
6161,0,3.3071999999999999
6162,0,3.3071999999999999
6163,0,3.3071999999999999
6164,0,3.3071999999999999
6165,0,3.3071999999999999
6166,0,3.3071999999999999
6167,0,3.3090999999999999
6168,0,3.3090999999999999
6169,0,3.3090999999999999
6170,0,3.3090999999999999
6171,0,3.3090999999999999
6172,0,3.3090999999999999
6173,-0.73780000000000001,3.3071999999999999
6174,-4.3029999999999999,3.2924000000000002
6175,-6.5785999999999998,3.2831000000000001
6176,-9.7035999999999998,3.2719
6177,-18.0989,3.2383999999999999
6178,-15.1351,3.2458999999999998
6179,-8.1349,3.27
6180,-2.5358999999999998,3.2905000000000002
6181,0.44019999999999998,3.3035000000000001
6182,-3.2924000000000002,3.2905000000000002
6183,-3.8999999999999999,3.2886000000000002
6184,-1.5004,3.2978999999999998
6185,-8.1783000000000001,3.2738
6186,-13.3432,3.2532999999999999
6187,-14.6515,3.2458999999999998
6188,-16.288399999999999,3.2383999999999999
6189,-13.126200000000001,3.2477
6190,-15.4947,3.2383999999999999
6191,-7.9302999999999999,3.2663000000000002
6192,-6.2686000000000002,3.2719
6193,-2.7404999999999999,3.2848999999999999
6194,0.2356,3.2978999999999998
6195,0.2356,3.2997999999999998
6196,-6.4236000000000004,3.2755999999999998
6197,-6.2624000000000004,3.2755999999999998
6198,-5.0967000000000002,3.2793000000000001
6199,-1.5749,3.2924000000000002
6200,-0.34100000000000003,3.2978999999999998
6201,-0.33479999999999999,3.2997999999999998
6202,-2.7776999999999998,3.2905000000000002
6203,-1.5749,3.2942
6204,5.3943000000000003,3.3220999999999998
6205,1.6059000000000001,3.3109999999999999
6206,0.28520000000000001,3.3054000000000001
6207,-6.8575999999999997,3.2793000000000001
6208,-4.7061000000000002,3.2848999999999999
6209,-4.7432999999999996,3.2848999999999999
6210,1.1160000000000001,3.3071999999999999
6211,8.2836999999999996,3.3351000000000002
6212,7.0002000000000004,3.3332999999999999
6213,7.1924000000000001,3.3351000000000002
6214,0,3.3090999999999999
6215,0,3.3090999999999999
6216,0,3.3090999999999999
6217,0,3.3090999999999999
6218,0,3.3090999999999999
6219,0,3.3090999999999999
6220,0,3.3090999999999999
6221,0,3.3090999999999999
6222,0,3.3109999999999999
6223,0,3.3109999999999999
6224,0,3.3090999999999999
6225,0,3.3109999999999999
6226,0,3.3109999999999999
6227,0,3.3109999999999999
6228,-3.3048000000000002,3.2978999999999998
6229,-0.44640000000000002,3.3090999999999999
6230,-0.4526,3.3090999999999999
6231,-0.44640000000000002,3.3090999999999999
6232,-0.44640000000000002,3.3090999999999999
6233,-2.2134999999999998,3.3035000000000001
6234,-4.7061000000000002,3.2924000000000002
6235,-3.5404,3.2978999999999998
6236,-3.5341999999999998,3.2942
6237,-4.5076000000000001,3.2905000000000002
6238,-9.4618000000000002,3.2738
6239,-11.4955,3.2645
6240,-4.1479999999999997,3.2886000000000002
6241,0,3.3054000000000001
6242,0,3.3071999999999999
6243,0,3.3071999999999999
6244,-6.5724,3.2831000000000001
6245,-13.820600000000001,3.2551999999999999
6246,-22.023800000000001,3.2235
6247,-26.816700000000001,3.2031000000000001
6248,-25.223199999999999,3.2067999999999999
6249,-17.509899999999998,3.2309999999999999
6250,-11.011900000000001,3.2532999999999999
6251,-7.5271999999999997,3.2663000000000002
6252,-12.1031,3.2513999999999998
6253,-10.615,3.2551999999999999
6254,-9.6167999999999996,3.2570000000000001
6255,-8.4945000000000004,3.2625999999999999
6256,-3.621,3.2793000000000001
6257,1.2462,3.2997999999999998
6258,1.1966000000000001,3.3016999999999999
6259,-3.4163999999999999,3.2848999999999999
6260,-3.4163999999999999,3.2848999999999999
6261,-3.4163999999999999,3.2848999999999999
6262,-3.4163999999999999,3.2848999999999999
6263,-3.4163999999999999,3.2848999999999999
6264,-9.5609999999999999,3.2625999999999999
6265,-5.0285000000000002,3.2793000000000001
6266,-8.4883000000000006,3.2663000000000002
6267,-5.9089,3.2755999999999998
6268,-7.3722000000000003,3.27
6269,-8.8912999999999993,3.2645
6270,-6.2126999999999999,3.2738
6271,-5.4625000000000004,3.2755999999999998
6272,-7.7317999999999998,3.2682000000000002
6273,-6.4236000000000004,3.2719
6274,-13.864000000000001,3.2440000000000002
6275,-28.447399999999998,3.1919
6276,8.8912999999999993,3.3220999999999998
6277,-27.2879,3.1956000000000002
6278,-6.2126999999999999,3.2663000000000002
6279,-2.9388999999999998,3.2793000000000001
6280,5.0842999999999998,3.3128000000000002
6281,19.0352,3.3668
6282,17.677299999999999,3.3685999999999998
6283,15.0421,3.3612000000000002
6284,11.923299999999999,3.3536999999999999
6285,8.6371000000000002,3.3407
6286,0,3.3109999999999999
6287,0,3.3090999999999999
6288,0,3.3090999999999999
6289,0,3.3090999999999999
6290,0,3.3090999999999999
6291,0,3.3090999999999999
6292,0,3.3090999999999999
6293,0,3.3090999999999999
6294,0,3.3090999999999999
6295,0,3.3090999999999999
6296,0,3.3090999999999999
6297,0,3.3090999999999999
6298,0,3.3090999999999999
6299,0,3.3109999999999999
6300,0,3.3109999999999999
6301,0,3.3109999999999999
6302,0,3.3109999999999999
6303,0,3.3109999999999999
6304,0,3.3109999999999999
6305,0,3.3109999999999999
6306,0,3.3109999999999999
6307,0,3.3109999999999999
6308,0,3.3109999999999999
6309,0,3.3109999999999999
6310,0,3.3109999999999999
6311,0,3.3109999999999999
6312,0,3.3109999999999999
6313,0,3.3128000000000002
6314,-4.8611000000000004,3.2924000000000002
6315,-10.584,3.2719
6316,-17.770299999999999,3.2421000000000002
6317,-18.613499999999998,3.2366000000000001
6318,-16.486799999999999,3.2421000000000002
6319,-14.9863,3.2440000000000002
6320,-9.4865999999999993,3.2645
6321,-26.066400000000002,3.2067999999999999
6322,-7.0250000000000004,3.2682000000000002
6323,-14.0562,3.2440000000000002
6324,-11.055300000000001,3.2551999999999999
6325,-2.7776999999999998,3.2831000000000001
6326,-20.696899999999999,3.2216999999999998
6327,1.2090000000000001,3.2978999999999998
6328,0.79359999999999997,3.2997999999999998
6329,0.72540000000000004,3.3016999999999999
6330,1.2090000000000001,3.3054000000000001
6331,1.6431,3.3071999999999999
6332,1.2090000000000001,3.3071999999999999
6333,0.68200000000000005,3.3054000000000001
6334,4.0797999999999996,3.3184
6335,3.4163999999999999,3.3184
6336,3.0505,3.3165
6337,2.8397000000000001,3.3165
6338,4.2782,3.3239999999999998
6339,7.4837999999999996,3.3370000000000002
6340,0,3.3109999999999999
6341,0,3.3090999999999999
6342,0,3.3090999999999999
6343,0,3.3090999999999999
6344,0,3.3090999999999999
6345,0,3.3090999999999999
6346,0,3.3090999999999999
6347,0,3.3109999999999999
6348,0,3.3109999999999999
6349,0,3.3109999999999999
6350,0,3.3109999999999999
6351,0,3.3109999999999999
6352,0,3.3109999999999999
6353,0,3.3109999999999999
6354,0,3.3109999999999999
6355,0,3.3109999999999999
6356,0,3.3109999999999999
6357,0,3.3109999999999999
6358,0,3.3109999999999999
6359,0,3.3109999999999999
6360,0,3.3109999999999999
6361,0,3.3109999999999999
6362,0,3.3109999999999999
6363,0,3.3128000000000002
6364,0,3.3128000000000002
6365,0,3.3128000000000002
6366,0,3.3128000000000002
6367,0,3.3128000000000002
6368,0,3.3128000000000002
6369,0,3.3128000000000002
6370,0,3.3128000000000002
6371,-9.5733999999999995,3.2755999999999998
6372,-9.4122000000000003,3.2755999999999998
6373,-15.283899999999999,3.2532999999999999
6374,-18.6569,3.2366000000000001
6375,-21.093699999999998,3.2254
6376,-23.332000000000001,3.2161
6377,-6.2934000000000001,3.2738
6378,-9.2632999999999992,3.2645
6379,-27.7715,3.1974999999999998
6380,-13.0952,3.2458999999999998
6381,-10.584,3.2551999999999999
6382,-4.5262000000000002,3.2774999999999999
6383,0.79979999999999996,3.2997999999999998
6384,1.6802999999999999,3.3054000000000001
6385,1.6802999999999999,3.3054000000000001
6386,1.1966000000000001,3.3054000000000001
6387,1.5996999999999999,3.3090999999999999
6388,11.3963,3.3462999999999998
6389,7.1303999999999998,3.3313999999999999
6390,-1.7733000000000001,3.3016999999999999
6391,-4.5262000000000002,3.2886000000000002
6392,-4.6626000000000003,3.2867999999999999
6393,-6.0205000000000002,3.2812000000000001
6394,-11.966699999999999,3.2606999999999999
6395,-20.089200000000002,3.2290999999999999
6396,-22.2532,3.218
6397,-20.4985,3.2216999999999998
6398,-5.3323,3.2738
6399,-0.496,3.2924000000000002
6400,-1.8601000000000001,3.2886000000000002
6401,5.6733000000000002,3.3203
6402,10.639799999999999,3.3407
6403,7.2729999999999997,3.3313999999999999
6404,4.0735999999999999,3.3220999999999998
6405,-1.8973,3.2997999999999998
6406,-17.695900000000002,3.2403
6407,-21.775700000000001,3.2216999999999998
6408,-20.808499999999999,3.2216999999999998
6409,-21.013100000000001,3.2198000000000002
6410,-15.2157,3.2366000000000001
6411,-8.5379000000000005,3.2606999999999999
6412,-7.335,3.2663000000000002
6413,-5.2641,3.2738
6414,0.67579999999999996,3.2978999999999998
6415,-2.1762999999999999,3.2867999999999999
6416,-5.9089,3.2738
6417,-5.2145000000000001,3.2774999999999999
6418,-2.2197,3.2867999999999999
6419,-2.1825000000000001,3.2886000000000002
6420,-3.7016,3.2831000000000001
6421,-10.1066,3.2606999999999999
6422,-10.305,3.2589000000000001
6423,-5.4562999999999997,3.2755999999999998
6424,0.16120000000000001,3.2978999999999998
6425,1.2462,3.3035000000000001
6426,-5.2641,3.2793000000000001
6427,-8.9099000000000004,3.2663000000000002
6428,-11.9419,3.2532999999999999
6429,-4.0549999999999997,3.2793000000000001
6430,0.049599999999999998,3.2978999999999998
6431,-9.2136999999999993,3.2645
6432,-11.607100000000001,3.2551999999999999
6433,-14.174099999999999,3.2421000000000002
6434,-18.619700000000002,3.2254
6435,-13.851599999999999,3.2403
6436,-11.8179,3.2458999999999998
6437,-8.9346999999999994,3.2589000000000001
6438,-9.0587,3.2570000000000001
6439,-9.2136999999999993,3.2570000000000001
6440,-5.0533000000000001,3.2719
6441,-1.5810999999999999,3.2848999999999999
6442,-3.2242000000000002,3.2812000000000001
6443,-3.2242000000000002,3.2812000000000001
6444,-6.6529999999999996,3.27
6445,-10.776199999999999,3.2551999999999999
6446,0.68200000000000005,3.2942
6447,1.3268,3.2997999999999998
6448,0.67579999999999996,3.2997999999999998
6449,-8.8169000000000004,3.2645
6450,-12.0535,3.2513999999999998
6451,-10.7018,3.2551999999999999
6452,-7.6574,3.2645
6453,-6.8638000000000003,3.2682000000000002
6454,-3.3854000000000002,3.2812000000000001
6455,1.3206,3.2997999999999998
6456,2.0398999999999998,3.3035000000000001
6457,-6.4917999999999996,3.2738
6458,-8.9346999999999994,3.2645
6459,-12.251899999999999,3.2513999999999998
6460,-12.524800000000001,3.2458999999999998
6461,-13.771000000000001,3.2421000000000002
6462,-11.458299999999999,3.2477
6463,-8.2589000000000006,3.2606999999999999
6464,-1.8601000000000001,3.2831000000000001
6465,1.3206,3.2978999999999998
6466,21.3293,3.3742000000000001
6467,19.524999999999999,3.3742000000000001
6468,18.2911,3.3742000000000001
6469,15.507099999999999,3.3668
6470,12.3635,3.3574999999999999
6471,9.0710999999999995,3.3481999999999998
6472,0,3.3128000000000002
6473,0,3.3109999999999999
6474,0,3.3109999999999999
6475,0,3.3109999999999999
6476,0,3.3109999999999999
6477,0,3.3109999999999999
6478,0,3.3109999999999999
6479,0,3.3109999999999999
6480,0,3.3109999999999999
6481,0,3.3109999999999999
6482,0,3.3109999999999999
6483,0,3.3109999999999999
6484,0,3.3109999999999999
6485,0,3.3109999999999999
6486,0,3.3109999999999999
6487,0,3.3109999999999999
6488,0,3.3109999999999999
6489,0,3.3109999999999999
6490,0,3.3109999999999999
6491,0,3.3109999999999999
6492,0,3.3109999999999999
6493,0,3.3109999999999999
6494,0,3.3109999999999999
6495,0,3.3109999999999999
6496,0,3.3109999999999999
6497,0,3.3128000000000002
6498,0,3.3128000000000002
6499,0,3.3128000000000002
6500,0,3.3128000000000002
6501,0,3.3128000000000002
6502,0,3.3128000000000002
6503,0,3.3128000000000002
6504,0,3.3128000000000002
6505,0,3.3128000000000002
6506,0,3.3128000000000002
6507,0,3.3128000000000002
6508,0,3.3128000000000002
6509,0,3.3128000000000002
6510,0,3.3128000000000002
6511,0,3.3128000000000002
6512,0,3.3128000000000002
6513,0,3.3128000000000002
6514,-10.453799999999999,3.2738
6515,-14.415900000000001,3.2570000000000001
6516,-18.2973,3.2403
6517,-22.774000000000001,3.2216999999999998
6518,-28.559000000000001,3.1974999999999998
6519,-33.395299999999999,3.1789000000000001
6520,-29.203800000000001,3.1882000000000001
6521,-28.168399999999998,3.1901000000000002
6522,-22.296600000000002,3.2086999999999999
6523,-12.1403,3.2421000000000002
6524,2.6351,3.2978999999999998
6525,1.8043,3.2978999999999998
6526,0.67579999999999996,3.2942
6527,-7.3722000000000003,3.2663000000000002
6528,-6.0949,3.2719
6529,-6.1692999999999998,3.2719
6530,-9.0525000000000002,3.2606999999999999
6531,-21.453299999999999,3.2161
6532,2.7281,3.3016999999999999
6533,13.988,3.3481999999999998
6534,6.0391000000000004,3.3203
6535,16.071400000000001,3.3612000000000002
6536,6.9134000000000002,3.3296000000000001
6537,0.99819999999999998,3.3090999999999999
6538,-10.180999999999999,3.2682000000000002
6539,-6.7336,3.2774999999999999
6540,-15.606299999999999,3.2440000000000002
6541,-26.723700000000001,3.2012
6542,-30.809699999999999,3.1844999999999999
6543,-39.936700000000002,3.1509999999999998
6544,-39.918100000000003,3.1473
6545,-39.924300000000002,3.1436000000000002
6546,-39.918100000000003,3.1398000000000001
6547,-25.254200000000001,3.1844999999999999
6548,-39.930500000000002,3.1379999999999999
6549,-30.084299999999999,3.1677
6550,-39.924300000000002,3.1343000000000001
6551,-38.256399999999999,3.1360999999999999
6552,-39.924300000000002,3.1305000000000001
6553,-29.117000000000001,3.1640000000000001
6554,-27.3933,3.1677
6555,-25.8432,3.1732999999999998
6556,-10.453799999999999,3.2254
6557,-6.3677999999999999,3.2403
6558,-8.6928999999999998,3.2347000000000001
6559,-6.2065000000000001,3.2440000000000002
6560,-10.212,3.2328000000000001
6561,-10.2058,3.2328000000000001
6562,-10.2058,3.2328000000000001
6563,-10.212,3.2347000000000001
6564,-14.769299999999999,3.2198000000000002
6565,-14.8561,3.218
6566,-21.775700000000001,3.1938
6567,-24.4481,3.1844999999999999
6568,-24.9193,3.1808000000000001
6569,-20.696899999999999,3.1938
6570,-23.418800000000001,3.1844999999999999
6571,-26.239999999999998,3.1751999999999998
6572,-21.862500000000001,3.1863000000000001
6573,-24.652699999999999,3.1789000000000001
6574,-30.102900000000002,3.1602999999999999
6575,-39.930500000000002,3.1267999999999998
6576,-39.508899999999997,3.125
6577,-27.690899999999999,3.1621999999999999
6578,-22.774000000000001,3.177
6579,-17.497499999999999,3.1956000000000002
6580,-12.3325,3.2141999999999999
6581,-7.4156000000000004,3.2328000000000001
6582,-14.6639,3.2105000000000001
6583,-19.890799999999999,3.1919
6584,-22.966200000000001,3.1808000000000001
6585,-25.892800000000001,3.1715
6586,-20.647300000000001,3.1863000000000001
6587,-26.450800000000001,3.1677
6588,-21.087499999999999,3.1844999999999999
6589,-24.286899999999999,3.1751999999999998
6590,-18.805800000000001,3.1919
6591,-16.183,3.2012
6592,-11.377700000000001,3.218
6593,-16.059000000000001,3.2031000000000001
6594,-16.046600000000002,3.2031000000000001
6595,-16.052800000000001,3.2031000000000001
6596,-16.046600000000002,3.2031000000000001
6597,-16.046600000000002,3.2031000000000001
6598,-13.3432,3.2141999999999999
6599,-8.3394999999999992,3.2309999999999999
6600,-8.1906999999999996,3.2328000000000001
6601,1.4818,3.27
6602,-2.1019000000000001,3.2589000000000001
6603,-4.5819999999999999,3.2532999999999999
6604,-9.6850000000000005,3.2347000000000001
6605,-6.9320000000000004,3.2440000000000002
6606,-11.5389,3.2290999999999999
6607,-21.980399999999999,3.1919
6608,-16.8216,3.2086999999999999
6609,-16.852599999999999,3.2086999999999999
6610,-14.2919,3.2161
6611,-6.9816000000000003,3.2403
6612,-4.1417999999999999,3.2532999999999999
6613,-4.0922000000000001,3.2551999999999999
6614,-3.8999999999999999,3.2570000000000001
6615,-1.0167999999999999,3.2682000000000002
6616,-20.703099999999999,3.1993999999999998
6617,-3.5838000000000001,3.2589000000000001
6618,-10.615,3.2347000000000001
6619,-8.6681000000000008,3.2403
6620,-8.4945000000000004,3.2421000000000002
6621,-15.283899999999999,3.2198000000000002
6622,-11.061500000000001,3.2328000000000001
6623,-39.918100000000003,3.1360999999999999
6624,2.0398999999999998,3.2738
6625,-39.924300000000002,3.1360999999999999
6626,-13.8888,3.218
6627,-27.139099999999999,3.1732999999999998
6628,-39.911900000000003,3.1305000000000001
6629,-28.434999999999999,3.1640000000000001
6630,-20.529499999999999,3.1882000000000001
6631,-26.370200000000001,3.1696
6632,-15.693199999999999,3.2031000000000001
6633,-10.863,3.2216999999999998
6634,0.018599999999999998,3.2625999999999999
6635,1.6493,3.27
6636,4.6875,3.2831000000000001
6637,7.8807,3.2997999999999998
6638,6.5662000000000003,3.2978999999999998
6639,-12.8224,3.2309999999999999
6640,-12.8162,3.2290999999999999
6641,-3.1808000000000001,3.2625999999999999
6642,6.6467999999999998,3.2997999999999998
6643,-10.2058,3.2403
6644,-14.2547,3.2254
6645,-10.2058,3.2383999999999999
6646,-2.5358999999999998,3.2663000000000002
6647,-9.8957999999999995,3.2403
6648,-11.5761,3.2347000000000001
6649,-11.5823,3.2347000000000001
6650,-2.2940999999999998,3.2682000000000002
6651,0.10539999999999999,3.2774999999999999
6652,0.124,3.2793000000000001
6653,5.1338999999999997,3.2997999999999998
6654,7.9675000000000002,3.3109999999999999
6655,7.9116999999999997,3.3128000000000002
6656,9.0772999999999993,3.3184
6657,8.9967000000000006,3.3203
6658,7.7628000000000004,3.3184
6659,8.7920999999999996,3.3239999999999998
6660,15.153700000000001,3.3481999999999998
6661,11.5947,3.3370000000000002
6662,14.1617,3.3500000000000001
6663,9.9640000000000004,3.3351000000000002
6664,8.5254999999999992,3.3313999999999999
6665,5.5617000000000001,3.3220999999999998
6666,4.6440000000000001,3.3184
6667,-3.2924000000000002,3.2886000000000002
6668,1.3144,3.3054000000000001
6669,5.2579000000000002,3.3203
6670,8.9222999999999999,3.3332999999999999
6671,15.7242,3.3612000000000002
6672,17.801300000000001,3.3704999999999998
6673,5.8841000000000001,3.3296000000000001
6674,3.7202000000000002,3.3220999999999998
6675,1.5687,3.3147000000000002
6676,5.2020999999999997,3.3258000000000001
6677,4.7184999999999997,3.3258000000000001
6678,8.4821000000000009,3.3389000000000002
6679,3.7574000000000001,3.3220999999999998
6680,0,3.3090999999999999
6681,0,3.3090999999999999
6682,0,3.3090999999999999
6683,0,3.3090999999999999
6684,0,3.3090999999999999
6685,0,3.3071999999999999
6686,0,3.3071999999999999
6687,0,3.3071999999999999
6688,0,3.3071999999999999
6689,0,3.3071999999999999
6690,0,3.3071999999999999
6691,0,3.3071999999999999
6692,0,3.3071999999999999
6693,0,3.3071999999999999
6694,0,3.3071999999999999
6695,0,3.3071999999999999
6696,0,3.3090999999999999
6697,-3.2986,3.2942
6698,-10.5778,3.2682000000000002
6699,-16.660399999999999,3.2440000000000002
6700,-20.182200000000002,3.2290999999999999
6701,-24.528700000000001,3.2124000000000001
6702,-28.162199999999999,3.1974999999999998
6703,-27.7715,3.1938
6704,-30.716699999999999,3.1825999999999999
6705,-16.858799999999999,3.2254
6706,-21.6889,3.2105000000000001
6707,-20.926300000000001,3.2105000000000001
6708,-23.6111,3.1993999999999998
6709,-31.405000000000001,3.1732999999999998
6710,-16.1706,3.2216999999999998
6711,-16.7348,3.2198000000000002
6712,-13.058,3.2328000000000001
6713,-15.928800000000001,3.2235
6714,-17.5657,3.218
6715,-19.773,3.2105000000000001
6716,-7.9055,3.2477
6717,-10.739000000000001,3.2403
6718,-4.2534000000000001,3.2645
6719,-0.4526,3.2774999999999999
6720,-8.9346999999999994,3.2513999999999998
6721,-18.861599999999999,3.2161
6722,-14.769299999999999,3.2273000000000001
6723,-6.5476000000000001,3.2570000000000001
6724,-6.5351999999999997,3.2570000000000001
6725,-6.5289999999999999,3.2570000000000001
6726,-6.5351999999999997,3.2589000000000001
6727,-6.5476000000000001,3.2589000000000001
6728,-7.7317999999999998,3.2551999999999999
6729,-11.4087,3.2421000000000002
6730,-7.8930999999999996,3.2551999999999999
6731,-4.7432999999999996,3.2645
6732,0.44019999999999998,3.2848999999999999
6733,5.1276999999999999,3.3035000000000001
6734,6.0019,3.3090999999999999
6735,2.2010999999999998,3.2978999999999998
6736,15.197100000000001,3.3462999999999998
6737,16.561199999999999,3.3555999999999999
6738,20.082999999999998,3.3704999999999998
6739,14.6515,3.3555999999999999
6740,13.5602,3.3536999999999999
6741,12.2395,3.3519000000000001
6742,10.5654,3.3462999999999998
6743,6.1631,3.3296000000000001
6744,0,3.3090999999999999
6745,0,3.3071999999999999
6746,0,3.3071999999999999
6747,0,3.3071999999999999
6748,0,3.3054000000000001
6749,0,3.3054000000000001
6750,0,3.3054000000000001
6751,0,3.3054000000000001
6752,0,3.3071999999999999
6753,-8.2960999999999991,3.2755999999999998
6754,-10.6212,3.2663000000000002
6755,-17.0138,3.2403
6756,-23.183199999999999,3.218
6757,-27.318899999999999,3.1993999999999998
6758,-32.18,3.1808000000000001
6759,-39.918100000000003,3.1509999999999998
6760,-35.577800000000003,3.1621999999999999
6761,-11.749700000000001,3.2366000000000001
6762,-28.335799999999999,3.1825999999999999
6763,-24.497699999999998,3.1919
6764,-18.613499999999998,3.2124000000000001
6765,-6.5785999999999998,3.2551999999999999
6766,-3.1436000000000002,3.2682000000000002
6767,0.092999999999999999,3.2812000000000001
6768,0.67579999999999996,3.2848999999999999
6769,1.3206,3.2886000000000002
6770,3.6829999999999998,3.2997999999999998
6771,17.6401,3.3536999999999999
6772,18.043099999999999,3.3593000000000002
6773,15.283899999999999,3.3536999999999999
6774,12.115500000000001,3.3462999999999998
6775,8.8912999999999993,3.3351000000000002
6776,0,3.3035000000000001
6777,0,3.3035000000000001
6778,0,3.3016999999999999
6779,0,3.3035000000000001
6780,0,3.3016999999999999
6781,0,3.3035000000000001
6782,0,3.3035000000000001
6783,0,3.3035000000000001
6784,0,3.3035000000000001
6785,0,3.3035000000000001
6786,0,3.3035000000000001
6787,0,3.3035000000000001
6788,0,3.3035000000000001
6789,0,3.3054000000000001
6790,0,3.3054000000000001
6791,0,3.3054000000000001
6792,0,3.3054000000000001
6793,0,3.3054000000000001
6794,0,3.3054000000000001
6795,0,3.3054000000000001
6796,0,3.3054000000000001
6797,0,3.3054000000000001
6798,-10.453799999999999,3.2682000000000002
6799,-14.415900000000001,3.2513999999999998
6800,-18.3035,3.2347000000000001
6801,-22.774000000000001,3.218
6802,-28.571400000000001,3.1938
6803,-33.395299999999999,3.1751999999999998
6804,-39.924300000000002,3.1509999999999998
6805,-39.930500000000002,3.1473
6806,-22.017600000000002,3.1993999999999998
6807,-21.775700000000001,3.2012
6808,-39.918100000000003,3.1417000000000002
6809,-28.360600000000002,3.177
6810,-14.415900000000001,3.2216999999999998
6811,-24.807700000000001,3.1863000000000001
6812,-10.819599999999999,3.2328000000000001
6813,-14.539899999999999,3.2216999999999998
6814,-14.8065,3.2216999999999998
6815,-4.5758000000000001,3.2570000000000001
6816,-7.7317999999999998,3.2477
6817,-7.7813999999999997,3.2477
6818,-2.6598999999999999,3.2682000000000002
6819,-0.65100000000000002,3.2755999999999998
6820,-11.2227,3.2403
6821,-6.5476000000000001,3.2570000000000001
6822,0.48359999999999997,3.2812000000000001
6823,-4.4455999999999998,3.2663000000000002
6824,-4.3836000000000004,3.2682000000000002
6825,-2.4615,3.2738
6826,-6.2624000000000004,3.2625999999999999
6827,-6.2624000000000004,3.2625999999999999
6828,-6.2686000000000002,3.2625999999999999
6829,-6.2624000000000004,3.2625999999999999
6830,-6.2436999999999996,3.2625999999999999
6831,-2.4119000000000002,3.2755999999999998
6832,-8.1038999999999994,3.2570000000000001
6833,-8.1349,3.2570000000000001
6834,-11.0181,3.2458999999999998
6835,-0.53939999999999999,3.2812000000000001
6836,-2.4180999999999999,3.2774999999999999
6837,-6.1755000000000004,3.2645
6838,-6.1755000000000004,3.2645
6839,-2.3871000000000002,3.2774999999999999
6840,-2.2940999999999998,3.2793000000000001
6841,-4.1479999999999997,3.2738
6842,5.9646999999999997,3.3109999999999999
6843,10.1624,3.3277000000000001
6844,13.089,3.3407
6845,13.808199999999999,3.3481999999999998
6846,14.7941,3.3536999999999999
6847,15.916399999999999,3.3612000000000002
6848,13.2502,3.3536999999999999
6849,13.244,3.3555999999999999
6850,10.646000000000001,3.3481999999999998
6851,6.7770000000000001,3.3332999999999999
6852,0,3.3090999999999999
6853,0,3.3090999999999999
6854,0,3.3090999999999999
6855,0,3.3071999999999999
6856,0,3.3071999999999999
6857,0,3.3071999999999999
6858,0,3.3071999999999999
6859,0,3.3071999999999999
6860,0,3.3071999999999999
6861,-3.9371999999999998,3.2924000000000002
6862,-7.4962,3.2793000000000001
6863,-6.6219999999999999,3.2812000000000001
6864,-3.5899999999999999,3.2905000000000002
6865,-11.377700000000001,3.2625999999999999
6866,-7.0621999999999998,3.2755999999999998
6867,-6.5724,3.2774999999999999
6868,-10.2554,3.2645
6869,-15.823399999999999,3.2421000000000002
6870,-17.410699999999999,3.2347000000000001
6871,-16.294599999999999,3.2366000000000001
6872,-13.8888,3.2421000000000002
6873,-13.461,3.2440000000000002
6874,-11.972899999999999,3.2477
6875,-13.299799999999999,3.2421000000000002
6876,-14.403499999999999,3.2383999999999999
6877,-12.5372,3.2440000000000002
6878,-11.743499999999999,3.2458999999999998
6879,-8.6556999999999995,3.2570000000000001
6880,-5.2579000000000002,3.27
6881,-3.7759999999999998,3.2755999999999998
6882,-3.7884000000000002,3.2774999999999999
6883,-3.7759999999999998,3.2774999999999999
6884,-3.7759999999999998,3.2774999999999999
6885,-3.7759999999999998,3.2774999999999999
6886,-11.737299999999999,3.2513999999999998
6887,-6.2995999999999999,3.2682000000000002
6888,-6.3739999999999997,3.2682000000000002
6889,0.67579999999999996,3.2942
6890,0.67579999999999996,3.2942
6891,-0.73780000000000001,3.2905000000000002
6892,-3.7884000000000002,3.2812000000000001
6893,-3.7884000000000002,3.2812000000000001
6894,1.7546999999999999,3.3016999999999999
6895,6.1569000000000003,3.3184
6896,16.4434,3.3593000000000002
6897,13.2378,3.3519000000000001
6898,10.639799999999999,3.3462999999999998
6899,0,3.3071999999999999
6900,0,3.3071999999999999
6901,0,3.3054000000000001
6902,0,3.3054000000000001
6903,0,3.3054000000000001
6904,0,3.3054000000000001
6905,0,3.3054000000000001
6906,0,3.3054000000000001
6907,0,3.3071999999999999
6908,0,3.3071999999999999
6909,0,3.3054000000000001
6910,0,3.3071999999999999
6911,0,3.3071999999999999
6912,0,3.3071999999999999
6913,0,3.3071999999999999
6914,0,3.3071999999999999
6915,0,3.3071999999999999
6916,0,3.3071999999999999
6917,0,3.3071999999999999
6918,0,3.3071999999999999
6919,-10.4476,3.27
6920,-14.4221,3.2532999999999999
6921,-18.2973,3.2366000000000001
6922,-22.538399999999999,3.2198000000000002
6923,-13.268800000000001,3.2477
6924,-13.0146,3.2477
6925,-10.968500000000001,3.2551999999999999
6926,-2.1019000000000001,3.2867999999999999
6927,-2.1019000000000001,3.2867999999999999
6928,-6.2686000000000002,3.2738
6929,-4.0922000000000001,3.2812000000000001
6930,-2.1019000000000001,3.2886000000000002
6931,-0.124,3.2978999999999998
6932,0.99819999999999998,3.3035000000000001
6933,-1.1035999999999999,3.2942
6934,0.2356,3.3016999999999999
6935,-6.2188999999999997,3.2774999999999999
6936,-3.1745999999999999,3.2867999999999999
6937,-1.1035999999999999,3.2942
6938,0.56420000000000003,3.3035000000000001
6939,-1.054,3.2978999999999998
6940,-2.0089000000000001,3.2942
6941,-3.0194999999999999,3.2905000000000002
6942,-6.2126999999999999,3.2793000000000001
6943,-7.2172000000000001,3.2738
6944,-10.416600000000001,3.2625999999999999
6945,-8.9037000000000006,3.2663000000000002
6946,-12.4937,3.2532999999999999
6947,-10.9437,3.2570000000000001
6948,-3.8999999999999999,3.2812000000000001
6949,-3.9434,3.2812000000000001
6950,-7.6946000000000003,3.2682000000000002
6951,-7.5023999999999997,3.2682000000000002
6952,-7.6139999999999999,3.2682000000000002
6953,-4.5385999999999997,3.2793000000000001
6954,-3.1808000000000001,3.2831000000000001
6955,-3.1808000000000001,3.2848999999999999
6956,-5.3013000000000003,3.2774999999999999
6957,-14.9429,3.2421000000000002
6958,-20.448899999999998,3.2216999999999998
6959,-15.2095,3.2366000000000001
6960,-10.776199999999999,3.2513999999999998
6961,-10.416600000000001,3.2532999999999999
6962,3.9247999999999998,3.3054000000000001
6963,17.6401,3.3574999999999999
6964,16.158200000000001,3.3574999999999999
6965,13.039400000000001,3.3519000000000001
6966,9.6788000000000007,3.3407
6967,0,3.3071999999999999
6968,0,3.3054000000000001
6969,0,3.3054000000000001
6970,0,3.3054000000000001
6971,0,3.3054000000000001
6972,0,3.3054000000000001
6973,0,3.3054000000000001
6974,0,3.3071999999999999
6975,0,3.3054000000000001
6976,0,3.3054000000000001
6977,0,3.3071999999999999
6978,0,3.3071999999999999
6979,0,3.3071999999999999
6980,0,3.3071999999999999
6981,0,3.3071999999999999
6982,0,3.3071999999999999
6983,0,3.3071999999999999
6984,0,3.3071999999999999
6985,0,3.3090999999999999
6986,0,3.3090999999999999
6987,0,3.3090999999999999
6988,0,3.3090999999999999
6989,0,3.3090999999999999
6990,0,3.3090999999999999
6991,0,3.3090999999999999
6992,0,3.3090999999999999
6993,0,3.3090999999999999
6994,0,3.3090999999999999
6995,0,3.3090999999999999
6996,-6.4236000000000004,3.2848999999999999
6997,-8.1472999999999995,3.2774999999999999
6998,-17.0944,3.2440000000000002
6999,-13.857799999999999,3.2532999999999999
7000,-16.3752,3.2403
7001,-11.972899999999999,3.2551999999999999
7002,-11.613300000000001,3.2570000000000001
7003,-19.983799999999999,3.2254
7004,-21.583500000000001,3.218
7005,-16.480599999999999,3.2328000000000001
7006,-15.686999999999999,3.2347000000000001
7007,-15.4079,3.2347000000000001
7008,-17.485099999999999,3.2273000000000001
7009,-13.448600000000001,3.2383999999999999
7010,-7.5768000000000004,3.2606999999999999
7011,-9.1331000000000007,3.2551999999999999
7012,-5.6174999999999997,3.2682000000000002
7013,-5.6547000000000001,3.2682000000000002
7014,-4.0983999999999998,3.2755999999999998
7015,-6.5476000000000001,3.2663000000000002
7016,-5.6856999999999998,3.27
7017,-4.1417999999999999,3.2755999999999998
7018,1.2462,3.2978999999999998
7019,1.24,3.2997999999999998
7020,10.0756,3.3313999999999999
7021,11.1607,3.3389000000000002
7022,13.3246,3.3519000000000001
7023,7.7938000000000001,3.3332999999999999
7024,6.2003000000000004,3.3277000000000001
7025,7.6016000000000004,3.3332999999999999
7026,0,3.3071999999999999
7027,0,3.3071999999999999
7028,0,3.3071999999999999
7029,0,3.3071999999999999
7030,0,3.3071999999999999
7031,0,3.3071999999999999
7032,0,3.3071999999999999
7033,0,3.3071999999999999
7034,0,3.3071999999999999
7035,0,3.3071999999999999
7036,0,3.3071999999999999
7037,0,3.3071999999999999
7038,0,3.3071999999999999
7039,0,3.3071999999999999
7040,0,3.3071999999999999
7041,0,3.3090999999999999
7042,0,3.3090999999999999
7043,0,3.3090999999999999
7044,-4.5385999999999997,3.2905000000000002
7045,-6.2126999999999999,3.2848999999999999
7046,-3.8132000000000001,3.2924000000000002
7047,-6.9320000000000004,3.2793000000000001
7048,-13.9694,3.2551999999999999
7049,-13.6098,3.2532999999999999
7050,-15.928800000000001,3.2421000000000002
7051,-10.180999999999999,3.2606999999999999
7052,-16.2636,3.2383999999999999
7053,-5.0533000000000001,3.2774999999999999
7054,-0.1178,3.2978999999999998
7055,-2.0089000000000001,3.2905000000000002
7056,-16.8216,3.2383999999999999
7057,-11.8241,3.2532999999999999
7058,-11.414899999999999,3.2551999999999999
7059,-16.896000000000001,3.2328000000000001
7060,-14.0625,3.2421000000000002
7061,-3.1808000000000001,3.2793000000000001
7062,0.79979999999999996,3.2978999999999998
7063,-10.180999999999999,3.2589000000000001
7064,-10.4414,3.2570000000000001
7065,-5.5803000000000003,3.2719
7066,4.0426000000000002,3.3090999999999999
7067,3.5651999999999999,3.3109999999999999
7068,4.4889999999999999,3.3147000000000002
7069,11.049099999999999,3.3407
7070,10.9312,3.3443999999999998
7071,8.1225000000000005,3.3351000000000002
7072,0,3.3071999999999999
7073,0,3.3071999999999999
7074,0,3.3054000000000001
7075,0,3.3054000000000001
7076,0,3.3071999999999999
7077,0,3.3071999999999999
7078,-0.19839999999999999,3.3054000000000001
7079,-8.6556999999999995,3.2755999999999998
7080,-10.6088,3.2663000000000002
7081,-16.567399999999999,3.2421000000000002
7082,-20.349699999999999,3.2273000000000001
7083,-11.966699999999999,3.2532999999999999
7084,-17.410699999999999,3.2328000000000001
7085,-18.855399999999999,3.2254
7086,-17.206099999999999,3.2290999999999999
7087,-21.6951,3.2141999999999999
7088,-20.907699999999998,3.2141999999999999
7089,-19.934200000000001,3.2161
7090,-16.1706,3.2273000000000001
7091,-16.889800000000001,3.2235
7092,-11.8179,3.2403
7093,-10.745200000000001,3.2440000000000002
7094,-8.0604999999999993,3.2551999999999999
7095,-9.6105999999999998,3.2477
7096,-8.3332999999999995,3.2551999999999999
7097,-4.4518000000000004,3.2682000000000002
7098,0.0124,3.2848999999999999
7099,-2.7404999999999999,3.2774999999999999
7100,-1.1035999999999999,3.2848999999999999
7101,1.3206,3.2942
7102,2.5545,3.3016999999999999
7103,6.7211999999999996,3.3184
7104,10.7142,3.3351000000000002
7105,10.038399999999999,3.3351000000000002
7106,11.6753,3.3443999999999998
7107,9.7965999999999998,3.3389000000000002
7108,5.2020999999999997,3.3239999999999998
7109,6.6406000000000001,3.3296000000000001
7110,0,3.3071999999999999
7111,0,3.3071999999999999
7112,0,3.3054000000000001
7113,0,3.3071999999999999
7114,-0.44640000000000002,3.3054000000000001
7115,0,3.3054000000000001
7116,0,3.3054000000000001
7117,-9.5609999999999999,3.2719
7118,-10.6088,3.2645
7119,-17.770299999999999,3.2366000000000001
7120,-23.927299999999999,3.2141999999999999
7121,-24.125699999999998,3.2086999999999999
7122,-16.0962,3.2328000000000001
7123,-10.3794,3.2532999999999999
7124,-13.026999999999999,3.2421000000000002
7125,-14.217499999999999,3.2383999999999999
7126,-15.7738,3.2309999999999999
7127,-16.492999999999999,3.2290999999999999
7128,-25.254200000000001,3.1974999999999998
7129,-22.966200000000001,3.2012
7130,-16.809200000000001,3.2216999999999998
7131,-10.9437,3.2421000000000002
7132,-8.1783000000000001,3.2532999999999999
7133,-12.258100000000001,3.2383999999999999
7134,-4.5324,3.2663000000000002
7135,-4.5324,3.2682000000000002
7136,-2.8582999999999998,3.2738
7137,0.10539999999999999,3.2848999999999999
7138,-1.1346000000000001,3.2831000000000001
7139,-4.3339999999999996,3.2738
7140,-4.3277999999999999,3.2738
7141,-2.7404999999999999,3.2793000000000001
7142,2.0026999999999999,3.2978999999999998
7143,-2.6164999999999998,3.2812000000000001
7144,-4.1417999999999999,3.2774999999999999
7145,-4.1479999999999997,3.2774999999999999
7146,-4.1294000000000004,3.2755999999999998
7147,-4.1479999999999997,3.2774999999999999
7148,-4.1417999999999999,3.2774999999999999
7149,-5.7786999999999997,3.2719
7150,-9.4865999999999993,3.2589000000000001
7151,-11.185499999999999,3.2513999999999998
7152,-25.440200000000001,3.1993999999999998
7153,-19.332799999999999,3.218
7154,-19.735800000000001,3.2141999999999999
7155,-20.4923,3.2105000000000001
7156,-5.7725,3.2606999999999999
7157,-14.415900000000001,3.2309999999999999
7158,-11.966699999999999,3.2383999999999999
7159,-10.4476,3.2440000000000002
7160,-4.0922000000000001,3.2663000000000002
7161,-2.1762999999999999,3.2755999999999998
7162,-5.8531000000000004,3.2645
7163,-3.9744000000000002,3.27
7164,-0.29759999999999998,3.2831000000000001
7165,1.3206,3.2924000000000002
7166,-3.9371999999999998,3.2738
7167,1.3206,3.2924000000000002
7168,1.3206,3.2942
7169,-3.621,3.2774999999999999
7170,-0.124,3.2905000000000002
7171,-3.5341999999999998,3.2793000000000001
7172,4.6378000000000004,3.3090999999999999
7173,2.0398999999999998,3.3016999999999999
7174,-3.1374,3.2831000000000001
7175,-4.8114999999999997,3.2774999999999999
7176,-4.8177000000000003,3.2774999999999999
7177,-4.8239000000000001,3.2755999999999998
7178,0.086800000000000002,3.2942
7179,-3.0194999999999999,3.2831000000000001
7180,-4.6936999999999998,3.2774999999999999
7181,-1.2958000000000001,3.2905000000000002
7182,0.68200000000000005,3.2978999999999998
7183,2.6351,3.3071999999999999
7184,1.3206,3.3035000000000001
7185,2.6103000000000001,3.3090999999999999
7186,7.9550999999999998,3.3296000000000001
7187,9.5609999999999999,3.3370000000000002
7188,8.7114999999999991,3.3351000000000002
7189,6.5476000000000001,3.3296000000000001
7190,5.1959,3.3258000000000001
7191,-2.3746999999999998,3.2997999999999998
7192,-11.414899999999999,3.2645
7193,-10.8506,3.2625999999999999
7194,-7.8930999999999996,3.2719
7195,-8.9408999999999992,3.2682000000000002
7196,-10.094200000000001,3.2625999999999999
7197,-10.416600000000001,3.2606999999999999
7198,-12.704599999999999,3.2513999999999998
7199,-15.829599999999999,3.2366000000000001
7200,-16.5364,3.2328000000000001
7201,-11.5885,3.2477
7202,-3.9434,3.2755999999999998
7203,-6.2624000000000004,3.27
7204,-6.2934000000000001,3.27
7205,-6.4298000000000002,3.27
7206,-11.6195,3.2513999999999998
7207,-8.1410999999999998,3.2606999999999999
7208,-13.5726,3.2421000000000002
7209,-6.1755000000000004,3.2682000000000002
7210,-6.2188999999999997,3.2682000000000002
7211,-6.2188999999999997,3.2682000000000002
7212,-2.9388999999999998,3.2793000000000001
7213,4.3712,3.3071999999999999
7214,2.0089000000000001,3.3016999999999999
7215,1.3206,3.3016999999999999
7216,6.0824999999999996,3.3203
7217,3.1993999999999998,3.3109999999999999
7218,1.2462,3.3054000000000001
7219,-7.3040000000000003,3.2719
7220,-7.4279999999999999,3.2719
7221,-8.9346999999999994,3.2645
7222,-6.2624000000000004,3.2738
7223,-10.615,3.2570000000000001
7224,-12.5,3.2477
7225,-11.507899999999999,3.2513999999999998
7226,-7.9798999999999998,3.2625999999999999
7227,-11.9419,3.2477
7228,-12.307700000000001,3.2458999999999998
7229,-7.056,3.2645
7230,-2.9264999999999999,3.2793000000000001
7231,-2.9388999999999998,3.2812000000000001
7232,-2.8521000000000001,3.2812000000000001
7233,0.72540000000000004,3.2942
7234,0.72540000000000004,3.2978999999999998
7235,-2.7404999999999999,3.2848999999999999
7236,-4.2968000000000002,3.2793000000000001
7237,0.72540000000000004,3.2997999999999998
7238,0.72540000000000004,3.2997999999999998
7239,1.9655,3.3054000000000001
7240,-9.0648999999999997,3.2663000000000002
7241,-10.6646,3.2589000000000001
7242,-7.9675000000000002,3.2663000000000002
7243,-6.6529999999999996,3.27
7244,-1.1035999999999999,3.2886000000000002
7245,-6.6529999999999996,3.27
7246,-4.3029999999999999,3.2793000000000001
7247,-4.2968000000000002,3.2793000000000001
7248,0.068199999999999997,3.2942
7249,0.124,3.2978999999999998
7250,1.3206,3.3035000000000001
7251,0.124,3.2997999999999998
7252,-2.5855000000000001,3.2886000000000002
7253,-4.1417999999999999,3.2831000000000001
7254,-4.1479999999999997,3.2831000000000001
7255,-0.93620000000000003,3.2942
7256,-2.4615,3.2886000000000002
7257,-4.0983999999999998,3.2831000000000001
7258,0.10539999999999999,3.2997999999999998
7259,0.124,3.2997999999999998
7260,-3.9062000000000001,3.2848999999999999
7261,-7.7317999999999998,3.2719
7262,-2.4119000000000002,3.2886000000000002
7263,0.155,3.2997999999999998
7264,3.7635999999999998,3.3147000000000002
7265,4.7247000000000003,3.3184
7266,5.8841000000000001,3.3258000000000001
7267,1.6802999999999999,3.3109999999999999
7268,-2.8149000000000002,3.2942
7269,-3.8999999999999999,3.2886000000000002
7270,-13.0146,3.2570000000000001
7271,-12.344900000000001,3.2551999999999999
7272,-10.8444,3.2589000000000001
7273,-5.7786999999999997,3.2755999999999998
7274,-5.8159000000000001,3.2755999999999998
7275,-10.0198,3.2606999999999999
7276,-6.0514999999999999,3.2738
7277,-5.2950999999999997,3.2755999999999998
7278,-5.3323,3.2774999999999999
7279,-6.2126999999999999,3.2738
7280,0.16120000000000001,3.2978999999999998
7281,-0.73780000000000001,3.2942
7282,-3.7884000000000002,3.2831000000000001
7283,-3.7884000000000002,3.2831000000000001
7284,0.155,3.2997999999999998
7285,-0.69440000000000002,3.2978999999999998
7286,-0.69440000000000002,3.2978999999999998
7287,-3.5775999999999999,3.2867999999999999
7288,-5.8531000000000004,3.2774999999999999
7289,-10.0632,3.2625999999999999
7290,-3.7759999999999998,3.2831000000000001
7291,0.68200000000000005,3.3016999999999999
7292,-3.6953999999999998,3.2848999999999999
7293,1.24,3.3054000000000001
7294,-8.5007000000000001,3.27
7295,-11.4397,3.2570000000000001
7296,-10.2988,3.2589000000000001
7297,1.24,3.3016999999999999
7298,4.8425000000000002,3.3165
7299,10.5654,3.3389000000000002
7300,8.8850999999999996,3.3370000000000002
7301,13.119999999999999,3.3555999999999999
7302,10.4352,3.3481999999999998
7303,7.2915999999999999,3.3370000000000002
7304,0,3.3109999999999999
7305,0,3.3090999999999999
7306,0,3.3090999999999999
7307,0,3.3090999999999999
7308,0,3.3090999999999999
7309,0,3.3090999999999999
7310,-6.4236000000000004,3.2848999999999999
7311,-9.6601999999999997,3.2719
7312,-20.4923,3.2309999999999999
7313,-22.0486,3.2216999999999998
7314,-26.246200000000002,3.2031000000000001
7315,-20.808499999999999,3.2198000000000002
7316,-12.382099999999999,3.2458999999999998
7317,-15.612500000000001,3.2347000000000001
7318,-13.498200000000001,3.2403
7319,-12.1837,3.2440000000000002
7320,-14.409700000000001,3.2366000000000001
7321,-21.0565,3.2141999999999999
7322,-26.6555,3.1919
7323,-19.140599999999999,3.2141999999999999
7324,-11.7807,3.2383999999999999
7325,-8.2527000000000008,3.2532999999999999
7326,-6.0143000000000004,3.2606999999999999
7327,-4.4518000000000004,3.2682000000000002
7328,-4.4518000000000004,3.2682000000000002
7329,3.6086,3.2997999999999998
7330,-1.054,3.2848999999999999
7331,0.10539999999999999,3.2886000000000002
7332,0.72540000000000004,3.2924000000000002
7333,0.124,3.2924000000000002
7334,1.24,3.2978999999999998
7335,0.1116,3.2942
7336,1.2462,3.2997999999999998
7337,5.7663000000000002,3.3184
7338,10.5716,3.3370000000000002
7339,1.2462,3.3054000000000001
7340,-2.7776999999999998,3.2905000000000002
7341,-6.2624000000000004,3.2774999999999999
7342,-10.6646,3.2606999999999999
7343,-9.0959000000000003,3.2645
7344,-0.496,3.2942
7345,-3.2242000000000002,3.2848999999999999
7346,-5.4253,3.2774999999999999
7347,0.2356,3.2978999999999998
7348,-3.2118000000000002,3.2867999999999999
7349,-3.2118000000000002,3.2848999999999999
7350,-12.382099999999999,3.2532999999999999
7351,-9.5733999999999995,3.2606999999999999
7352,-11.1793,3.2551999999999999
7353,-5.9832999999999998,3.2719
7354,-7.4156000000000004,3.2663000000000002
7355,-8.9346999999999994,3.2606999999999999
7356,-5.4562999999999997,3.2738
7357,-2.3809,3.2831000000000001
7358,1.2462,3.2997999999999998
7359,3.6892,3.3109999999999999
7360,0.68200000000000005,3.3016999999999999
7361,1.2090000000000001,3.3035000000000001
7362,0.2356,3.2997999999999998
7363,0.68200000000000005,3.3035000000000001
7364,1.2834000000000001,3.3054000000000001
7365,0.72540000000000004,3.3054000000000001
7366,4.4828000000000001,3.3184
7367,13.119999999999999,3.3519000000000001
7368,11.3963,3.3500000000000001
7369,8.2402999999999995,3.3389000000000002
7370,0,3.3090999999999999
7371,0,3.3090999999999999
7372,0,3.3090999999999999
7373,0,3.3090999999999999
7374,0,3.3090999999999999
7375,0,3.3090999999999999
7376,0,3.3090999999999999
7377,0,3.3090999999999999
7378,0,3.3090999999999999
7379,0,3.3090999999999999
7380,0,3.3090999999999999
7381,0,3.3090999999999999
7382,0,3.3090999999999999
7383,0,3.3090999999999999
7384,0,3.3090999999999999
7385,0,3.3090999999999999
7386,0,3.3090999999999999
7387,0,3.3090999999999999
7388,0,3.3090999999999999
7389,0,3.3090999999999999
7390,0,3.3090999999999999
7391,0,3.3090999999999999
7392,0,3.3090999999999999
7393,0,3.3090999999999999
7394,0,3.3109999999999999
7395,0,3.3090999999999999
7396,0,3.3109999999999999
7397,0,3.3109999999999999
7398,0,3.3109999999999999
7399,0,3.3109999999999999
7400,0,3.3109999999999999
7401,0,3.3109999999999999
7402,0,3.3109999999999999
7403,-3.9371999999999998,3.2942
7404,-9.0091000000000001,3.2755999999999998
7405,-15.9846,3.2477
7406,-19.617999999999999,3.2328000000000001
7407,-23.9893,3.2161
7408,-27.697099999999999,3.1974999999999998
7409,-15.2963,3.2366000000000001
7410,-16.573599999999999,3.2328000000000001
7411,-20.703099999999999,3.218
7412,-16.331800000000001,3.2290999999999999
7413,-15.1351,3.2328000000000001
7414,-13.132400000000001,3.2403
7415,-13.647,3.2383999999999999
7416,-15.5815,3.2309999999999999
7417,-7.6201999999999996,3.2589000000000001
7418,-11.414899999999999,3.2440000000000002
7419,-10.863,3.2458999999999998
7420,-9.6229999999999993,3.2532999999999999
7421,0,3.2867999999999999
7422,1.3206,3.2924000000000002
7423,1.3206,3.2942
7424,-4.0549999999999997,3.2774999999999999
7425,2.7281,3.3035000000000001
7426,9.7904,3.3296000000000001
7427,10.2864,3.3351000000000002
7428,4.1294000000000004,3.3165
7429,3.4102000000000001,3.3147000000000002
7430,11.563700000000001,3.3462999999999998
7431,10.9312,3.3462999999999998
7432,7.4093999999999998,3.3351000000000002
7433,2.3995000000000002,3.3165
7434,0.57040000000000002,3.3109999999999999
7435,0,3.3071999999999999
7436,0,3.3071999999999999
7437,0,3.3071999999999999
7438,0,3.3071999999999999
7439,-0.52700000000000002,3.3054000000000001
7440,-2.1825000000000001,3.2997999999999998
7441,-2.2134999999999998,3.2997999999999998
7442,0,3.3071999999999999
7443,-0.52700000000000002,3.3054000000000001
7444,0,3.3071999999999999
7445,0,3.3071999999999999
7446,0,3.3071999999999999
7447,0,3.3071999999999999
7448,0,3.3071999999999999
7449,0,3.3071999999999999
7450,0,3.3071999999999999
7451,-0.26040000000000002,3.3071999999999999
7452,-1.7795000000000001,3.3016999999999999
7453,-3.3854000000000002,3.2942
7454,-6.5724,3.2831000000000001
7455,-15.054500000000001,3.2513999999999998
7456,-17.255700000000001,3.2403
7457,-20.175999999999998,3.2273000000000001
7458,-9.8399999999999999,3.2606999999999999
7459,-5.4253,3.2755999999999998
7460,-13.808199999999999,3.2458999999999998
7461,-19.816400000000002,3.2235
7462,-20.095400000000001,3.2216999999999998
7463,-13.0642,3.2421000000000002
7464,-5.1401000000000003,3.2719
7465,-3.9434,3.2774999999999999
7466,-3.9744000000000002,3.2774999999999999
7467,-6.2065000000000001,3.27
7468,-11.7807,3.2513999999999998
7469,-9.0959000000000003,3.2589000000000001
7470,-12.5434,3.2458999999999998
7471,-11.737299999999999,3.2458999999999998
7472,-10.057,3.2532999999999999
7473,-2.2568999999999999,3.2812000000000001
7474,-2.2197,3.2831000000000001
7475,-6.0080999999999998,3.27
7476,-8.8975000000000009,3.2589000000000001
7477,-9.0525000000000002,3.2589000000000001
7478,-6.3739999999999997,3.2682000000000002
7479,-9.2942999999999998,3.2589000000000001
7480,-6.2188999999999997,3.2682000000000002
7481,-7.7008000000000001,3.2625999999999999
7482,-5.5740999999999996,3.27
7483,-4.0549999999999997,3.2755999999999998
7484,-4.0488,3.2755999999999998
7485,-2.4615,3.2812000000000001
7486,-2.4615,3.2831000000000001
7487,-3.9744000000000002,3.2774999999999999
7488,0.086800000000000002,3.2924000000000002
7489,-2.5358999999999998,3.2848999999999999
7490,0.67579999999999996,3.2978999999999998
7491,1.2462,3.3016999999999999
7492,3.7635999999999998,3.3109999999999999
7493,4.7247000000000003,3.3165
7494,10.044600000000001,3.3370000000000002
7495,6.3987999999999996,3.3258000000000001
7496,10.7948,3.3443999999999998
7497,4.8796999999999997,3.3239999999999998
7498,6.3677999999999999,3.3296000000000001
7499,7.5644,3.3351000000000002
7500,0,3.3090999999999999
7501,0,3.3090999999999999
7502,0,3.3090999999999999
7503,0,3.3071999999999999
7504,0,3.3090999999999999
7505,0,3.3090999999999999
7506,0,3.3071999999999999
7507,0,3.3090999999999999
7508,0,3.3090999999999999
7509,0,3.3090999999999999
7510,0,3.3090999999999999
7511,0,3.3090999999999999
7512,0,3.3090999999999999
7513,0,3.3090999999999999
7514,0,3.3090999999999999
7515,0,3.3090999999999999
7516,0,3.3090999999999999
7517,0,3.3090999999999999
7518,0,3.3090999999999999
7519,-6.7397999999999998,3.2831000000000001
7520,-10.615,3.2682000000000002
7521,-16.0776,3.2458999999999998
7522,-22.259399999999999,3.2216999999999998
7523,-26.444600000000001,3.2031000000000001
7524,-31.3306,3.1825999999999999
7525,-27.318899999999999,3.1919
7526,-24.1629,3.2012
7527,-9.3066999999999993,3.2513999999999998
7528,1.2090000000000001,3.2905000000000002
7529,1.1966000000000001,3.2924000000000002
7530,12.2829,3.3370000000000002
7531,13.4114,3.3462999999999998
7532,10.8072,3.3389000000000002
7533,7.1242000000000001,3.3296000000000001
7534,0,3.3054000000000001
7535,0,3.3035000000000001
7536,0,3.3035000000000001
7537,0,3.3035000000000001
7538,0,3.3035000000000001
7539,0,3.3054000000000001
7540,0,3.3054000000000001
7541,0,3.3054000000000001
7542,0,3.3054000000000001
7543,0,3.3054000000000001
7544,0,3.3054000000000001
7545,0,3.3054000000000001
7546,0,3.3054000000000001
7547,-0.73780000000000001,3.3035000000000001
7548,-4.2968000000000002,3.2886000000000002
7549,-6.5785999999999998,3.2812000000000001
7550,-9.7035999999999998,3.2682000000000002
7551,-18.086500000000001,3.2366000000000001
7552,-15.1351,3.2421000000000002
7553,-8.1349,3.2663000000000002
7554,-2.5358999999999998,3.2867999999999999
7555,0.44019999999999998,3.2997999999999998
7556,-3.2924000000000002,3.2867999999999999
7557,-3.8999999999999999,3.2848999999999999
7558,-1.5004,3.2942
7559,-8.1721000000000004,3.27
7560,-13.3432,3.2513999999999998
7561,-14.6515,3.2421000000000002
7562,-16.288399999999999,3.2347000000000001
7563,-13.132400000000001,3.2440000000000002
7564,-15.4885,3.2347000000000001
7565,-7.9302999999999999,3.2625999999999999
7566,-6.2624000000000004,3.2682000000000002
7567,-2.7404999999999999,3.2812000000000001
7568,0.2356,3.2924000000000002
7569,0.2356,3.2942
7570,-6.4173999999999998,3.2719
7571,-6.25,3.2719
7572,-5.0967000000000002,3.2755999999999998
7573,-1.5749,3.2886000000000002
7574,-0.33479999999999999,3.2942
7575,-0.33479999999999999,3.2942
7576,-2.7715000000000001,3.2848999999999999
7577,-1.5749,3.2905000000000002
7578,5.3943000000000003,3.3184
7579,1.5996999999999999,3.3071999999999999
7580,0.28520000000000001,3.3035000000000001
7581,-6.8513999999999999,3.2755999999999998
7582,-4.6936999999999998,3.2812000000000001
7583,-4.7370999999999999,3.2812000000000001
7584,1.1160000000000001,3.3035000000000001
7585,8.2836999999999996,3.3313999999999999
7586,7.0002000000000004,3.3296000000000001
7587,7.1985999999999999,3.3313999999999999
7588,0,3.3071999999999999
7589,0,3.3071999999999999
7590,0,3.3071999999999999
7591,0,3.3054000000000001
7592,0,3.3071999999999999
7593,0,3.3071999999999999
7594,0,3.3071999999999999
7595,0,3.3071999999999999
7596,0,3.3071999999999999
7597,0,3.3071999999999999
7598,0,3.3071999999999999
7599,0,3.3071999999999999
7600,0,3.3071999999999999
7601,0,3.3090999999999999
7602,-3.2986,3.2942
7603,-0.4526,3.3054000000000001
7604,-0.4526,3.3054000000000001
7605,-0.4526,3.3071999999999999
7606,-0.4526,3.3071999999999999
7607,-2.2197,3.2997999999999998
7608,-4.6936999999999998,3.2886000000000002
7609,-3.5404,3.2924000000000002
7610,-3.5341999999999998,3.2924000000000002
7611,-4.5076000000000001,3.2886000000000002
7612,-9.4556000000000004,3.27
7613,-11.4831,3.2625999999999999
7614,-4.1417999999999999,3.2867999999999999
7615,0,3.3035000000000001
7616,0,3.3035000000000001
7617,0,3.3054000000000001
7618,-6.5662000000000003,3.2793000000000001
7619,-13.808199999999999,3.2532999999999999
7620,-22.017600000000002,3.2216999999999998
7621,-26.798100000000002,3.2012
7622,-25.216999999999999,3.2012
7623,-17.522300000000001,3.2254
7624,-11.0181,3.2477
7625,-7.5271999999999997,3.2606999999999999
7626,-12.1031,3.2440000000000002
7627,-10.6212,3.2513999999999998
7628,-9.6229999999999993,3.2532999999999999
7629,-8.5007000000000001,3.2570000000000001
7630,-3.6272000000000002,3.2755999999999998
7631,1.24,3.2942
7632,1.2090000000000001,3.2978999999999998
7633,-3.4163999999999999,3.2812000000000001
7634,-3.4102000000000001,3.2812000000000001
7635,-3.4163999999999999,3.2812000000000001
7636,-3.4163999999999999,3.2812000000000001
7637,-3.4163999999999999,3.2812000000000001
7638,-9.5671999999999997,3.2606999999999999
7639,-5.0223000000000004,3.2738
7640,-8.4883000000000006,3.2625999999999999
7641,-5.8964999999999996,3.2719
7642,-7.3722000000000003,3.2663000000000002
7643,-8.9037000000000006,3.2606999999999999
7644,-6.2065000000000001,3.2682000000000002
7645,-5.4625000000000004,3.2719
7646,-7.7256,3.2645
7647,-6.4173999999999998,3.2682000000000002
7648,-13.857799999999999,3.2403
7649,-28.434999999999999,3.1882000000000001
7650,8.8850999999999996,3.3184
7651,-27.2941,3.1919
7652,-6.2126999999999999,3.2625999999999999
7653,-2.9388999999999998,3.2755999999999998
7654,5.0842999999999998,3.3071999999999999
7655,19.041399999999999,3.3612000000000002
7656,17.683499999999999,3.363
7657,15.0359,3.3574999999999999
7658,11.929500000000001,3.3481999999999998
7659,8.6494999999999997,3.3370000000000002
7660,0,3.3071999999999999
7661,0,3.3054000000000001
7662,0,3.3054000000000001
7663,0,3.3054000000000001
7664,0,3.3054000000000001
7665,0,3.3054000000000001
7666,0,3.3054000000000001
7667,0,3.3054000000000001
7668,0,3.3054000000000001
7669,0,3.3054000000000001
7670,0,3.3071999999999999
7671,0,3.3071999999999999
7672,0,3.3071999999999999
7673,0,3.3071999999999999
7674,0,3.3071999999999999
7675,0,3.3071999999999999
7676,0,3.3071999999999999
7677,0,3.3071999999999999
7678,0,3.3071999999999999
7679,0,3.3071999999999999
7680,0,3.3071999999999999
7681,0,3.3090999999999999
7682,0,3.3090999999999999
7683,0,3.3090999999999999
7684,0,3.3090999999999999
7685,0,3.3090999999999999
7686,0,3.3090999999999999
7687,0,3.3090999999999999
7688,-4.8611000000000004,3.2905000000000002
7689,-10.5778,3.2682000000000002
7690,-17.770299999999999,3.2403
7691,-18.619700000000002,3.2328000000000001
7692,-16.492999999999999,3.2383999999999999
7693,-14.9801,3.2421000000000002
7694,-9.4803999999999995,3.2606999999999999
7695,-26.066400000000002,3.2012
7696,-7.0125999999999999,3.2645
7697,-14.0625,3.2403
7698,-11.061500000000001,3.2513999999999998
7699,-2.7776999999999998,3.2793000000000001
7700,-20.696899999999999,3.218
7701,1.1966000000000001,3.2924000000000002
7702,0.79979999999999996,3.2942
7703,0.72540000000000004,3.2942
7704,1.2090000000000001,3.2997999999999998
7705,1.6493,3.3035000000000001
7706,1.2090000000000001,3.3035000000000001
7707,0.67579999999999996,3.3016999999999999
7708,4.0797999999999996,3.3147000000000002
7709,3.4039999999999999,3.3147000000000002
7710,3.0442999999999998,3.3128000000000002
7711,2.8397000000000001,3.3128000000000002
7712,4.2843999999999998,3.3203
7713,7.4775999999999998,3.3332999999999999
7714,0,3.3071999999999999
7715,0,3.3071999999999999
7716,0,3.3071999999999999
7717,0,3.3071999999999999
7718,0,3.3071999999999999
7719,0,3.3071999999999999
7720,0,3.3071999999999999
7721,0,3.3071999999999999
7722,0,3.3071999999999999
7723,0,3.3071999999999999
7724,0,3.3071999999999999
7725,0,3.3071999999999999
7726,0,3.3071999999999999
7727,0,3.3071999999999999
7728,0,3.3090999999999999
7729,0,3.3090999999999999
7730,0,3.3090999999999999
7731,0,3.3090999999999999
7732,0,3.3090999999999999
7733,0,3.3090999999999999
7734,0,3.3090999999999999
7735,0,3.3090999999999999
7736,0,3.3090999999999999
7737,0,3.3090999999999999
7738,0,3.3090999999999999
7739,0,3.3090999999999999
7740,0,3.3090999999999999
7741,0,3.3090999999999999
7742,0,3.3090999999999999
7743,0,3.3090999999999999
7744,0,3.3109999999999999
7745,-9.5671999999999997,3.2738
7746,-9.4122000000000003,3.2719
7747,-15.2963,3.2477
7748,-18.6569,3.2347000000000001
7749,-21.093699999999998,3.2235
7750,-23.332000000000001,3.2124000000000001
7751,-6.3057999999999996,3.27
7752,-9.2570999999999994,3.2606999999999999
7753,-27.7715,3.1938
7754,-13.089,3.2421000000000002
7755,-10.5778,3.2513999999999998
7756,-4.5324,3.2738
7757,0.79979999999999996,3.2942
7758,1.6802999999999999,3.2997999999999998
7759,1.6802999999999999,3.3016999999999999
7760,1.2090000000000001,3.3016999999999999
7761,1.5996999999999999,3.3035000000000001
7762,11.3963,3.3407
7763,7.1242000000000001,3.3296000000000001
7764,-1.7733000000000001,3.2978999999999998
7765,-4.5324,3.2867999999999999
7766,-4.6626000000000003,3.2848999999999999
7767,-6.0143000000000004,3.2793000000000001
7768,-11.972899999999999,3.2570000000000001
7769,-20.101600000000001,3.2254
7770,-22.259399999999999,3.2141999999999999
7771,-20.5047,3.218
7772,-5.3323,3.27
7773,-0.496,3.2886000000000002
7774,-1.8601000000000001,3.2848999999999999
7775,5.6733000000000002,3.3147000000000002
7776,10.633599999999999,3.3370000000000002
7777,7.2854000000000001,3.3277000000000001
7778,4.0797999999999996,3.3184
7779,-1.8973,3.2942
7780,-17.689699999999998,3.2366000000000001
7781,-21.775700000000001,3.2198000000000002
7782,-20.820900000000002,3.2198000000000002
7783,-21.019300000000001,3.2161
7784,-15.2095,3.2328000000000001
7785,-8.5379000000000005,3.2570000000000001
7786,-7.3288000000000002,3.2606999999999999
7787,-5.2641,3.27
7788,0.67579999999999996,3.2905000000000002
7789,-2.1762999999999999,3.2831000000000001
7790,-5.8964999999999996,3.27
7791,-5.2083000000000004,3.2719
7792,-2.2134999999999998,3.2831000000000001
7793,-2.1762999999999999,3.2848999999999999
7794,-3.6953999999999998,3.2793000000000001
7795,-10.094200000000001,3.2570000000000001
7796,-10.2988,3.2551999999999999
7797,-5.4562999999999997,3.2719
7798,0.155,3.2924000000000002
7799,1.24,3.2978999999999998
7800,-5.2641,3.2755999999999998
7801,-8.9037000000000006,3.2625999999999999
7802,-11.935700000000001,3.2477
7803,-4.0612000000000004,3.2755999999999998
7804,0.1116,3.2924000000000002
7805,-9.2199000000000009,3.2606999999999999
7806,-11.613300000000001,3.2477
7807,-14.174099999999999,3.2383999999999999
7808,-18.613499999999998,3.2216999999999998
7809,-13.851599999999999,3.2347000000000001
7810,-11.8179,3.2421000000000002
7811,-8.9346999999999994,3.2532999999999999
7812,-9.0525000000000002,3.2532999999999999
7813,-9.2074999999999996,3.2532999999999999
7814,-5.0471000000000004,3.2663000000000002
7815,-1.5749,3.2793000000000001
7816,-3.2242000000000002,3.2755999999999998
7817,-3.2118000000000002,3.2774999999999999
7818,-6.6592000000000002,3.2645
7819,-10.776199999999999,3.2477
7820,0.68200000000000005,3.2905000000000002
7821,1.3206,3.2942
7822,0.68200000000000005,3.2924000000000002
7823,-8.8169000000000004,3.2606999999999999
7824,-12.0535,3.2458999999999998
7825,-10.695600000000001,3.2513999999999998
7826,-7.6574,3.2606999999999999
7827,-6.8575999999999997,3.2625999999999999
7828,-3.3854000000000002,3.2755999999999998
7829,1.3206,3.2924000000000002
7830,2.0398999999999998,3.2997999999999998
7831,-6.4917999999999996,3.2682000000000002
7832,-8.9284999999999997,3.2589000000000001
7833,-12.251899999999999,3.2440000000000002
7834,-12.5372,3.2421000000000002
7835,-13.771000000000001,3.2366000000000001
7836,-11.458299999999999,3.2440000000000002
7837,-8.2527000000000008,3.2551999999999999
7838,-1.8539000000000001,3.2793000000000001
7839,1.3206,3.2924000000000002
7840,21.3231,3.3685999999999998
7841,19.518799999999999,3.3685999999999998
7842,18.2849,3.3685999999999998
7843,15.519500000000001,3.363
7844,12.3759,3.3536999999999999
7845,9.0835000000000008,3.3407
7846,0,3.3090999999999999
7847,0,3.3071999999999999
7848,0,3.3071999999999999
7849,0,3.3071999999999999
7850,0,3.3071999999999999
7851,0,3.3071999999999999
7852,0,3.3071999999999999
7853,0,3.3071999999999999
7854,0,3.3071999999999999
7855,0,3.3071999999999999
7856,0,3.3071999999999999
7857,0,3.3071999999999999
7858,0,3.3071999999999999
7859,0,3.3071999999999999
7860,0,3.3071999999999999
7861,0,3.3071999999999999
7862,0,3.3071999999999999
7863,0,3.3071999999999999
7864,0,3.3071999999999999
7865,0,3.3090999999999999
7866,0,3.3071999999999999
7867,0,3.3071999999999999
7868,0,3.3071999999999999
7869,0,3.3090999999999999
7870,0,3.3090999999999999
7871,0,3.3090999999999999
7872,0,3.3090999999999999
7873,0,3.3090999999999999
7874,0,3.3090999999999999
7875,0,3.3090999999999999
7876,0,3.3090999999999999
7877,0,3.3090999999999999
7878,0,3.3090999999999999
7879,0,3.3090999999999999
7880,0,3.3090999999999999
7881,0,3.3090999999999999
7882,0,3.3090999999999999
7883,0,3.3090999999999999
7884,0,3.3109999999999999
7885,0,3.3109999999999999
7886,0,3.3109999999999999
7887,0,3.3109999999999999
7888,-10.4476,3.2719
7889,-14.415900000000001,3.2551999999999999
7890,-18.2973,3.2366000000000001
7891,-22.780200000000001,3.2198000000000002
7892,-28.5776,3.1938
7893,-33.407699999999998,3.1751999999999998
7894,-29.210000000000001,3.1844999999999999
7895,-28.168399999999998,3.1863000000000001
7896,-22.277999999999999,3.2031000000000001
7897,-12.1341,3.2366000000000001
7898,2.6413000000000002,3.2905000000000002
7899,1.8043,3.2924000000000002
7900,0.67579999999999996,3.2905000000000002
7901,-7.3722000000000003,3.2645
7902,-6.0949,3.2682000000000002
7903,-6.1755000000000004,3.2682000000000002
7904,-9.0525000000000002,3.2570000000000001
7905,-21.453299999999999,3.2124000000000001
7906,2.7281,3.2978999999999998
7907,13.994199999999999,3.3407
7908,6.0391000000000004,3.3165
7909,16.071400000000001,3.3555999999999999
7910,6.9134000000000002,3.3258000000000001
7911,0.99819999999999998,3.3054000000000001
7912,-10.180999999999999,3.2645
7913,-6.7336,3.2738
7914,-15.606299999999999,3.2403
7915,-26.7361,3.1974999999999998
7916,-30.815899999999999,3.1808000000000001
7917,-39.918100000000003,3.1473
7918,-39.930500000000002,3.1417000000000002
7919,-39.924300000000002,3.1379999999999999
7920,-39.924300000000002,3.1360999999999999
7921,-25.254200000000001,3.1808000000000001
7922,-39.911900000000003,3.1324000000000001
7923,-30.096699999999998,3.1621999999999999
7924,-39.924300000000002,3.1286999999999998
7925,-38.262599999999999,3.1305000000000001
7926,-39.924300000000002,3.125
7927,-29.1294,3.1566000000000001
7928,-27.418099999999999,3.1621999999999999
7929,-25.861799999999999,3.1677
7930,-10.460000000000001,3.218
7931,-6.3802000000000003,3.2347000000000001
7932,-8.6990999999999996,3.2290999999999999
7933,-6.2188999999999997,3.2383999999999999
7934,-10.1934,3.2273000000000001
7935,-10.2058,3.2273000000000001
7936,-10.2058,3.2273000000000001
7937,-10.2058,3.2273000000000001
7938,-14.775499999999999,3.2124000000000001
7939,-14.8499,3.2124000000000001
7940,-21.7819,3.1882000000000001
7941,-24.4605,3.1789000000000001
7942,-24.931699999999999,3.1751999999999998
7943,-20.6907,3.1882000000000001
7944,-23.412600000000001,3.1789000000000001
7945,-26.239999999999998,3.1677
7946,-21.862500000000001,3.1825999999999999
7947,-24.6341,3.1715
7948,-30.084299999999999,3.1528999999999998
7949,-39.918100000000003,3.1212
7950,-39.515099999999997,3.1194000000000002
7951,-27.690899999999999,3.1547000000000001
7952,-22.767800000000001,3.1715
7953,-17.497499999999999,3.1882000000000001
7954,-12.3325,3.2086999999999999
7955,-7.4279999999999999,3.2254
7956,-14.6515,3.2012
7957,-19.884599999999999,3.1844999999999999
7958,-22.9724,3.1751999999999998
7959,-25.886600000000001,3.1640000000000001
7960,-20.641100000000002,3.1808000000000001
7961,-26.450800000000001,3.1621999999999999
7962,-21.087499999999999,3.177
7963,-24.299299999999999,3.1677
7964,-18.812000000000001,3.1844999999999999
7965,-16.1768,3.1938
7966,-11.371499999999999,3.2124000000000001
7967,-16.046600000000002,3.1956000000000002
7968,-16.046600000000002,3.1956000000000002
7969,-16.046600000000002,3.1956000000000002
7970,-16.046600000000002,3.1956000000000002
7971,-16.052800000000001,3.1956000000000002
7972,-13.337,3.2067999999999999
7973,-8.3270999999999997,3.2235
7974,-8.1721000000000004,3.2273000000000001
7975,1.4818,3.2606999999999999
7976,-2.0956999999999999,3.2513999999999998
7977,-4.5819999999999999,3.2440000000000002
7978,-9.6912000000000003,3.2273000000000001
7979,-6.9320000000000004,3.2366000000000001
7980,-11.5265,3.2216999999999998
7981,-21.9742,3.1844999999999999
7982,-16.809200000000001,3.1993999999999998
7983,-16.852599999999999,3.1993999999999998
7984,-14.2857,3.2086999999999999
7985,-6.9816000000000003,3.2328000000000001
7986,-4.1417999999999999,3.2440000000000002
7987,-4.0922000000000001,3.2458999999999998
7988,-3.9062000000000001,3.2477
7989,-1.0105999999999999,3.2606999999999999
7990,-20.696899999999999,3.1938
7991,-3.5838000000000001,3.2513999999999998
7992,-10.6088,3.2273000000000001
7993,-8.6556999999999995,3.2328000000000001
7994,-8.4945000000000004,3.2347000000000001
7995,-15.2963,3.2124000000000001
7996,-11.061500000000001,3.2254
7997,-39.924300000000002,3.1305000000000001
7998,2.0461,3.2663000000000002
7999,-39.924300000000002,3.1286999999999998
8000,-13.907400000000001,3.2086999999999999
8001,-27.132899999999999,3.1659000000000002
8002,-39.924300000000002,3.1231
8003,-28.466000000000001,3.1547000000000001
8004,-20.535699999999999,3.1808000000000001
8005,-26.370200000000001,3.1640000000000001
8006,-15.693199999999999,3.1956000000000002
8007,-10.8506,3.2141999999999999
8008,0.080600000000000005,3.2532999999999999
8009,1.6493,3.2625999999999999
8010,4.6875,3.2755999999999998
8011,7.8807,3.2886000000000002
8012,6.5599999999999996,3.2886000000000002
8013,-12.8162,3.2235
8014,-12.8224,3.2216999999999998
8015,-3.1745999999999999,3.2551999999999999
8016,6.6406000000000001,3.2886000000000002
8017,-10.212,3.2328000000000001
8018,-14.267099999999999,3.218
8019,-10.212,3.2309999999999999
8020,-2.5421,3.2589000000000001
8021,-9.8957999999999995,3.2328000000000001
8022,-11.5885,3.2273000000000001
8023,-11.5885,3.2273000000000001
8024,-2.3065000000000002,3.2589000000000001
8025,0.099199999999999997,3.2682000000000002
8026,0.124,3.27
8027,5.1338999999999997,3.2886000000000002
8028,7.9612999999999996,3.3035000000000001
8029,7.9241000000000001,3.3054000000000001
8030,9.0772999999999993,3.3109999999999999
8031,8.9967000000000006,3.3128000000000002
8032,7.7690000000000001,3.3109999999999999
8033,8.8045000000000009,3.3147000000000002
8034,15.1599,3.3389000000000002
8035,11.5947,3.3296000000000001
8036,14.1493,3.3389000000000002
8037,9.9640000000000004,3.3277000000000001
8038,8.5254999999999992,3.3220999999999998
8039,5.5678999999999998,3.3128000000000002
8040,4.6440000000000001,3.3109999999999999
8041,-3.2924000000000002,3.2812000000000001
8042,1.3206,3.2978999999999998
8043,5.2454999999999998,3.3128000000000002
8044,8.9222999999999999,3.3258000000000001
8045,15.7118,3.3519000000000001
8046,17.801300000000001,3.363
8047,5.8841000000000001,3.3220999999999998
8048,3.7263999999999999,3.3147000000000002
8049,1.5687,3.3071999999999999
8050,5.2020999999999997,3.3184
8051,4.7247000000000003,3.3184
8052,8.4821000000000009,3.3313999999999999
8053,3.7635999999999998,3.3165
8054,0,3.3016999999999999
8055,0,3.3016999999999999
8056,0,3.3016999999999999
8057,0,3.3016999999999999
8058,0,3.3016999999999999
8059,0,3.3016999999999999
8060,0,3.3016999999999999
8061,0,3.3016999999999999
8062,0,3.2997999999999998
8063,0,3.2997999999999998
8064,0,3.3016999999999999
8065,0,3.2997999999999998
8066,0,3.3016999999999999
8067,0,3.3016999999999999
8068,0,3.3016999999999999
8069,0,3.3016999999999999
8070,0,3.3016999999999999
8071,-3.2986,3.2886000000000002
8072,-10.5778,3.2625999999999999
8073,-16.660399999999999,3.2383999999999999
8074,-20.169799999999999,3.2235
8075,-24.5349,3.2067999999999999
8076,-28.174600000000002,3.1901000000000002
8077,-27.7715,3.1882000000000001
8078,-30.729099999999999,3.1751999999999998
8079,-16.846399999999999,3.218
8080,-21.6889,3.2012
8081,-20.932500000000001,3.2031000000000001
8082,-23.6111,3.1919
8083,-31.398800000000001,3.1677
8084,-16.1768,3.2141999999999999
8085,-16.741,3.2124000000000001
8086,-13.039400000000001,3.2235
8087,-15.935,3.2161
8088,-17.578099999999999,3.2105000000000001
8089,-19.7544,3.1993999999999998
8090,-7.8930999999999996,3.2403
8091,-10.726599999999999,3.2328000000000001
8092,-4.2534000000000001,3.2570000000000001
8093,-0.4526,3.27
8094,-8.9284999999999997,3.2421000000000002
8095,-18.855399999999999,3.2086999999999999
8096,-14.769299999999999,3.2198000000000002
8097,-6.5476000000000001,3.2477
8098,-6.5351999999999997,3.2477
8099,-6.5476000000000001,3.2513999999999998
8100,-6.5476000000000001,3.2513999999999998
8101,-6.5476000000000001,3.2513999999999998
8102,-7.7256,3.2458999999999998
8103,-11.414899999999999,3.2347000000000001
8104,-7.9055,3.2458999999999998
8105,-4.7370999999999999,3.2589000000000001
8106,0.44019999999999998,3.2774999999999999
8107,5.1276999999999999,3.2942
8108,6.0019,3.3016999999999999
8109,2.2010999999999998,3.2886000000000002
8110,15.190899999999999,3.3370000000000002
8111,16.561199999999999,3.3462999999999998
8112,20.076799999999999,3.363
8113,14.639099999999999,3.3481999999999998
8114,13.5602,3.3462999999999998
8115,12.2333,3.3407
8116,10.5654,3.3370000000000002
8117,6.1631,3.3220999999999998
8118,0,3.3016999999999999
8119,0,3.2997999999999998
8120,0,3.2997999999999998
8121,0,3.2997999999999998
8122,0,3.2997999999999998
8123,0,3.2997999999999998
8124,0,3.2997999999999998
8125,0,3.2997999999999998
8126,0,3.2978999999999998
8127,-8.2898999999999994,3.2682000000000002
8128,-10.615,3.2589000000000001
8129,-16.995200000000001,3.2328000000000001
8130,-23.1708,3.2105000000000001
8131,-27.325099999999999,3.1919
8132,-32.1614,3.1732999999999998
8133,-39.924300000000002,3.1436000000000002
8134,-35.559199999999997,3.1528999999999998
8135,-11.7311,3.2290999999999999
8136,-28.335799999999999,3.177
8137,-24.485299999999999,3.1863000000000001
8138,-18.607299999999999,3.2031000000000001
8139,-6.5724,3.2458999999999998
8140,-3.1374,3.2606999999999999
8141,0.055800000000000002,3.2738
8142,0.67579999999999996,3.2774999999999999
8143,1.3206,3.2812000000000001
8144,3.6829999999999998,3.2905000000000002
8145,17.621500000000001,3.3443999999999998
8146,18.036899999999999,3.3519000000000001
8147,15.283899999999999,3.3462999999999998
8148,12.109299999999999,3.3351000000000002
8149,8.8912999999999993,3.3258000000000001
8150,0,3.2942
8151,0,3.2942
8152,0,3.2942
8153,0,3.2924000000000002
8154,0,3.2942
8155,0,3.2942
8156,0,3.2942
8157,0,3.2942
8158,0,3.2942
8159,0,3.2942
8160,0,3.2942
8161,0,3.2942
8162,0,3.2978999999999998
8163,0,3.2978999999999998
8164,0,3.2978999999999998
8165,0,3.2978999999999998
8166,0,3.2978999999999998
8167,0,3.2978999999999998
8168,0,3.2978999999999998
8169,0,3.2978999999999998
8170,0,3.2997999999999998
8171,0,3.2978999999999998
8172,-10.453799999999999,3.2606999999999999
8173,-14.409700000000001,3.2440000000000002
8174,-18.2973,3.2273000000000001
8175,-22.774000000000001,3.2105000000000001
8176,-28.59,3.1882000000000001
8177,-33.401499999999999,3.1696
8178,-39.918100000000003,3.1436000000000002
8179,-39.924300000000002,3.1398000000000001
8180,-22.011399999999998,3.1938
8181,-21.7819,3.1938
8182,-39.930500000000002,3.1360999999999999
8183,-28.366800000000001,3.1696
8184,-14.415900000000001,3.2141999999999999
8185,-24.8139,3.1808000000000001
8186,-10.8134,3.2254
8187,-14.546099999999999,3.2161
8188,-14.8065,3.2141999999999999
8189,-4.5819999999999999,3.2477
8190,-7.7317999999999998,3.2403
8191,-7.7751999999999999,3.2403
8192,-2.6475,3.2606999999999999
8193,-0.65100000000000002,3.2682000000000002
8194,-11.2165,3.2328000000000001
8195,-6.5476000000000001,3.2477
8196,0.48359999999999997,3.2738
8197,-4.4580000000000002,3.2589000000000001
8198,-4.3773999999999997,3.2589000000000001
8199,-2.4615,3.2663000000000002
8200,-6.2624000000000004,3.2551999999999999
8201,-6.2624000000000004,3.2551999999999999
8202,-6.25,3.2551999999999999
8203,-6.2624000000000004,3.2551999999999999
8204,-6.25,3.2551999999999999
8205,-2.4119000000000002,3.2682000000000002
8206,-8.0914999999999999,3.2477
8207,-8.1287000000000003,3.2477
8208,-11.0181,3.2383999999999999
8209,-0.52700000000000002,3.2738
8210,-2.4180999999999999,3.27
8211,-6.1755000000000004,3.2570000000000001
8212,-6.1692999999999998,3.2570000000000001
8213,-2.3809,3.27
8214,-2.2940999999999998,3.2719
8215,-4.1294000000000004,3.2663000000000002
8216,5.9584999999999999,3.3016999999999999
8217,10.1624,3.3203
8218,13.076599999999999,3.3332999999999999
8219,13.7896,3.3389000000000002
8220,14.7941,3.3462999999999998
8221,15.9102,3.3519000000000001
8222,13.2378,3.3462999999999998
8223,13.244,3.3481999999999998
8224,10.633599999999999,3.3389000000000002
8225,6.7645999999999997,3.3258000000000001
8226,0,3.3016999999999999
8227,0,3.3016999999999999
8228,0,3.2997999999999998
8229,0,3.2997999999999998
8230,0,3.2997999999999998
8231,0,3.2997999999999998
8232,0,3.2997999999999998
8233,0,3.2997999999999998
8234,0,3.2997999999999998
8235,-3.9371999999999998,3.2848999999999999
8236,-7.4962,3.2719
8237,-6.6219999999999999,3.2738
8238,-3.5775999999999999,3.2831000000000001
8239,-11.377700000000001,3.2551999999999999
8240,-7.0621999999999998,3.2682000000000002
8241,-6.5724,3.27
8242,-10.2554,3.2570000000000001
8243,-15.823399999999999,3.2347000000000001
8244,-17.416899999999998,3.2273000000000001
8245,-16.288399999999999,3.2290999999999999
8246,-13.901199999999999,3.2366000000000001
8247,-13.461,3.2366000000000001
8248,-11.966699999999999,3.2403
8249,-13.2936,3.2347000000000001
8250,-14.415900000000001,3.2309999999999999
8251,-12.531000000000001,3.2366000000000001
8252,-11.737299999999999,3.2383999999999999
8253,-8.6494999999999997,3.2477
8254,-5.2579000000000002,3.2625999999999999
8255,-3.7884000000000002,3.2682000000000002
8256,-3.7884000000000002,3.2682000000000002
8257,-3.7884000000000002,3.27
8258,-3.7759999999999998,3.27
8259,-3.7884000000000002,3.27
8260,-11.7311,3.2421000000000002
8261,-6.2995999999999999,3.2606999999999999
8262,-6.3739999999999997,3.2606999999999999
8263,0.68200000000000005,3.2848999999999999
8264,0.67579999999999996,3.2867999999999999
8265,-0.73780000000000001,3.2831000000000001
8266,-3.7759999999999998,3.2738
8267,-3.7884000000000002,3.2738
8268,1.7608999999999999,3.2924000000000002
8269,6.1569000000000003,3.3109999999999999
8270,16.437200000000001,3.3519000000000001
8271,13.2378,3.3443999999999998
8272,10.639799999999999,3.3351000000000002
8273,0,3.2997999999999998
8274,0,3.2997999999999998
8275,0,3.2978999999999998
8276,0,3.2978999999999998
8277,0,3.2978999999999998
8278,0,3.2978999999999998
8279,0,3.2997999999999998
8280,0,3.2978999999999998
8281,0,3.2978999999999998
8282,0,3.2997999999999998
8283,0,3.2997999999999998
8284,0,3.2997999999999998
8285,0,3.2997999999999998
8286,0,3.2997999999999998
8287,0,3.2997999999999998
8288,0,3.2997999999999998
8289,0,3.2997999999999998
8290,0,3.2997999999999998
8291,0,3.3016999999999999
8292,0,3.3016999999999999
8293,-10.4476,3.2625999999999999
8294,-14.409700000000001,3.2458999999999998
8295,-18.2911,3.2290999999999999
8296,-22.5322,3.2124000000000001
8297,-13.2502,3.2403
8298,-13.0084,3.2403
8299,-10.9747,3.2458999999999998
8300,-2.1019000000000001,3.2774999999999999
8301,-2.1019000000000001,3.2793000000000001
8302,-6.25,3.2663000000000002
8303,-4.0983999999999998,3.2738
8304,-2.1019000000000001,3.2812000000000001
8305,-0.124,3.2886000000000002
8306,1.0044,3.2942
8307,-1.1035999999999999,3.2867999999999999
8308,0.2356,3.2924000000000002
8309,-6.2126999999999999,3.27
8310,-3.1745999999999999,3.2812000000000001
8311,-1.1035999999999999,3.2886000000000002
8312,0.56420000000000003,3.2942
8313,-1.054,3.2905000000000002
8314,-2.0213000000000001,3.2867999999999999
8315,-3.0194999999999999,3.2831000000000001
8316,-6.2126999999999999,3.2719
8317,-7.2172000000000001,3.2682000000000002
8318,-10.422800000000001,3.2551999999999999
8319,-8.8975000000000009,3.2589000000000001
8320,-12.487500000000001,3.2440000000000002
8321,-10.9499,3.2477
8322,-3.8938000000000001,3.2738
8323,-3.9434,3.2738
8324,-7.6883999999999997,3.2606999999999999
8325,-7.4962,3.2625999999999999
8326,-7.6078000000000001,3.2606999999999999
8327,-4.5385999999999997,3.2719
8328,-3.1808000000000001,3.2755999999999998
8329,-3.1745999999999999,3.2774999999999999
8330,-5.2950999999999997,3.27
8331,-14.9305,3.2347000000000001
8332,-20.455100000000002,3.2141999999999999
8333,-15.2157,3.2290999999999999
8334,-10.776199999999999,3.2421000000000002
8335,-10.422800000000001,3.2440000000000002
8336,3.9186000000000001,3.2942
8337,17.633900000000001,3.3500000000000001
8338,16.152000000000001,3.3500000000000001
8339,13.039400000000001,3.3443999999999998
8340,9.6788000000000007,3.3332999999999999
8341,0,3.2997999999999998
8342,0,3.2997999999999998
8343,0,3.2978999999999998
8344,0,3.2978999999999998
8345,0,3.2978999999999998
8346,0,3.2978999999999998
8347,0,3.2997999999999998
8348,0,3.2997999999999998
8349,0,3.2997999999999998
8350,0,3.2997999999999998
8351,0,3.2997999999999998
8352,0,3.2997999999999998
8353,0,3.2997999999999998
8354,0,3.2997999999999998
8355,0,3.2997999999999998
8356,0,3.2997999999999998
8357,0,3.2997999999999998
8358,0,3.3016999999999999
8359,0,3.3016999999999999
8360,0,3.3016999999999999
8361,0,3.3016999999999999
8362,0,3.3016999999999999
8363,0,3.3016999999999999
8364,0,3.3016999999999999
8365,0,3.3016999999999999
8366,0,3.3016999999999999
8367,0,3.3016999999999999
8368,0,3.3035000000000001
8369,0,3.3016999999999999
8370,-6.4298000000000002,3.2793000000000001
8371,-8.1349,3.2719
8372,-17.088200000000001,3.2366000000000001
8373,-13.857799999999999,3.2458999999999998
8374,-16.381399999999999,3.2347000000000001
8375,-11.972899999999999,3.2477
8376,-11.613300000000001,3.2477
8377,-19.983799999999999,3.2198000000000002
8378,-21.571100000000001,3.2105000000000001
8379,-16.486799999999999,3.2254
8380,-15.686999999999999,3.2273000000000001
8381,-15.4079,3.2273000000000001
8382,-17.497499999999999,3.2198000000000002
8383,-13.454800000000001,3.2328000000000001
8384,-7.5768000000000004,3.2532999999999999
8385,-9.1393000000000004,3.2477
8386,-5.6174999999999997,3.2606999999999999
8387,-5.6608999999999998,3.2625999999999999
8388,-4.0983999999999998,3.2682000000000002
8389,-6.5476000000000001,3.2589000000000001
8390,-5.6856999999999998,3.2625999999999999
8391,-4.1479999999999997,3.2682000000000002
8392,1.2462,3.2886000000000002
8393,1.2462,3.2886000000000002
8394,10.0756,3.3239999999999998
8395,11.1669,3.3313999999999999
8396,13.3246,3.3407
8397,7.8061999999999996,3.3258000000000001
8398,6.2065000000000001,3.3203
8399,7.6078000000000001,3.3258000000000001
8400,0,3.2997999999999998
8401,0,3.2997999999999998
8402,0,3.2997999999999998
8403,0,3.2997999999999998
8404,0,3.2997999999999998
8405,0,3.2997999999999998
8406,0,3.2997999999999998
8407,0,3.2997999999999998
8408,0,3.3016999999999999
8409,0,3.2997999999999998
8410,0,3.3016999999999999
8411,0,3.3016999999999999
8412,0,3.2997999999999998
8413,0,3.3016999999999999
8414,0,3.3016999999999999
8415,0,3.3016999999999999
8416,0,3.3016999999999999
8417,0,3.3016999999999999
8418,-4.5324,3.2848999999999999
8419,-6.2188999999999997,3.2774999999999999
8420,-3.8193999999999999,3.2848999999999999
8421,-6.9382000000000001,3.2738
8422,-13.9756,3.2458999999999998
8423,-13.622199999999999,3.2458999999999998
8424,-15.922599999999999,3.2366000000000001
8425,-10.180999999999999,3.2551999999999999
8426,-16.251200000000001,3.2328000000000001
8427,-5.0533000000000001,3.27
8428,-0.1178,3.2886000000000002
8429,-2.0213000000000001,3.2831000000000001
8430,-16.809200000000001,3.2309999999999999
8431,-11.8179,3.2458999999999998
8432,-11.414899999999999,3.2458999999999998
8433,-16.889800000000001,3.2273000000000001
8434,-14.0562,3.2347000000000001
8435,-3.1745999999999999,3.2719
8436,0.79979999999999996,3.2867999999999999
8437,-10.180999999999999,3.2513999999999998
8438,-10.460000000000001,3.2477
8439,-5.5740999999999996,3.2663000000000002
8440,4.0426000000000002,3.3016999999999999
8441,3.5651999999999999,3.3016999999999999
8442,4.4889999999999999,3.3071999999999999
8443,11.0367,3.3332999999999999
8444,10.925000000000001,3.3351000000000002
8445,8.1225000000000005,3.3277000000000001
8446,0,3.2997999999999998
8447,0,3.2997999999999998
8448,0,3.2997999999999998
8449,0,3.2997999999999998
8450,0,3.2997999999999998
8451,0,3.2997999999999998
8452,-0.32240000000000002,3.2997999999999998
8453,-8.6556999999999995,3.2682000000000002
8454,-10.6212,3.2589000000000001
8455,-16.567399999999999,3.2347000000000001
8456,-20.343499999999999,3.2198000000000002
8457,-11.972899999999999,3.2458999999999998
8458,-17.416899999999998,3.2254
8459,-18.867799999999999,3.2198000000000002
8460,-17.224699999999999,3.2235
8461,-21.7013,3.2067999999999999
8462,-20.907699999999998,3.2067999999999999
8463,-19.934200000000001,3.2086999999999999
8464,-16.1706,3.2198000000000002
8465,-16.896000000000001,3.218
8466,-11.830299999999999,3.2328000000000001
8467,-10.732799999999999,3.2383999999999999
8468,-8.0542999999999996,3.2458999999999998
8469,-9.6229999999999993,3.2421000000000002
8470,-8.3332999999999995,3.2458999999999998
8471,-4.4518000000000004,3.2606999999999999
8472,0.080600000000000005,3.2774999999999999
8473,-2.7343000000000002,3.27
8474,-1.1035999999999999,3.2755999999999998
8475,1.3206,3.2867999999999999
8476,2.5607000000000002,3.2924000000000002
8477,6.7149999999999999,3.3109999999999999
8478,10.7142,3.3277000000000001
8479,10.038399999999999,3.3277000000000001
8480,11.6691,3.3351000000000002
8481,9.7965999999999998,3.3313999999999999
8482,5.2020999999999997,3.3165
8483,6.6529999999999996,3.3220999999999998
8484,0,3.2997999999999998
8485,0,3.2978999999999998
8486,0,3.2997999999999998
8487,0,3.2997999999999998
8488,-0.44640000000000002,3.2978999999999998
8489,0,3.2978999999999998
8490,0,3.2997999999999998
8491,-9.5671999999999997,3.2645
8492,-10.6088,3.2589000000000001
8493,-17.770299999999999,3.2309999999999999
8494,-23.921099999999999,3.2067999999999999
8495,-24.138100000000001,3.2012
8496,-16.102399999999999,3.2273000000000001
8497,-10.373200000000001,3.2458999999999998
8498,-13.0084,3.2347000000000001
8499,-14.217499999999999,3.2309999999999999
8500,-15.7676,3.2254
8501,-16.474399999999999,3.2216999999999998
8502,-25.254200000000001,3.1901000000000002
8503,-22.9724,3.1938
8504,-16.8154,3.2141999999999999
8505,-10.9499,3.2347000000000001
8506,-8.1844999999999999,3.2440000000000002
8507,-12.2395,3.2309999999999999
8508,-4.5262000000000002,3.2589000000000001
8509,-4.5262000000000002,3.2606999999999999
8510,-2.8521000000000001,3.2663000000000002
8511,0.049599999999999998,3.2774999999999999
8512,-1.1346000000000001,3.2755999999999998
8513,-4.3339999999999996,3.2645
8514,-4.3339999999999996,3.2663000000000002
8515,-2.7404999999999999,3.2719
8516,2.0026999999999999,3.2886000000000002
8517,-2.6164999999999998,3.2738
8518,-4.1417999999999999,3.2682000000000002
8519,-4.1417999999999999,3.27
8520,-4.1417999999999999,3.27
8521,-4.1417999999999999,3.27
8522,-4.1417999999999999,3.27
8523,-5.7849000000000004,3.2645
8524,-9.4990000000000006,3.2513999999999998
8525,-11.185499999999999,3.2421000000000002
8526,-25.446400000000001,3.1919
8527,-19.345199999999998,3.2105000000000001
8528,-19.735800000000001,3.2067999999999999
8529,-20.5047,3.2012
8530,-5.7849000000000004,3.2532999999999999
8531,-14.403499999999999,3.2235
8532,-11.966699999999999,3.2309999999999999
8533,-10.4476,3.2347000000000001
8534,-4.0922000000000001,3.2589000000000001
8535,-2.1825000000000001,3.2663000000000002
8536,-5.8531000000000004,3.2570000000000001
8537,-3.9805999999999999,3.2625999999999999
8538,-0.29139999999999999,3.2755999999999998
8539,1.3206,3.2831000000000001
8540,-3.9371999999999998,3.2663000000000002
8541,1.3206,3.2848999999999999
8542,1.3206,3.2867999999999999
8543,-3.621,3.27
8544,-0.124,3.2831000000000001
8545,-3.5341999999999998,3.2719
8546,4.6440000000000001,3.3016999999999999
8547,2.0398999999999998,3.2924000000000002
8548,-3.1374,3.2755999999999998
8549,-4.8177000000000003,3.27
8550,-4.8177000000000003,3.2682000000000002
8551,-4.8177000000000003,3.2682000000000002
8552,0,3.2848999999999999
8553,-3.0257000000000001,3.2755999999999998
8554,-4.6875,3.27
8555,-1.2958000000000001,3.2812000000000001
8556,0.67579999999999996,3.2886000000000002
8557,2.6413000000000002,3.2978999999999998
8558,1.3206,3.2942
8559,2.6103000000000001,3.2997999999999998
8560,7.9675000000000002,3.3203
8561,9.5609999999999999,3.3277000000000001
8562,8.7177000000000007,3.3277000000000001
8563,6.5599999999999996,3.3220999999999998
8564,5.2083000000000004,3.3184
8565,-2.3809,3.2886000000000002
8566,-11.427300000000001,3.2570000000000001
8567,-10.8444,3.2570000000000001
8568,-7.8993000000000002,3.2645
8569,-8.9284999999999997,3.2589000000000001
8570,-10.094200000000001,3.2551999999999999
8571,-10.416600000000001,3.2532999999999999
8572,-12.686,3.2421000000000002
8573,-15.823399999999999,3.2290999999999999
8574,-16.5364,3.2254
8575,-11.5823,3.2403
8576,-3.9434,3.2682000000000002
8577,-6.2624000000000004,3.2606999999999999
8578,-6.2934000000000001,3.2606999999999999
8579,-6.4236000000000004,3.2606999999999999
8580,-11.613300000000001,3.2421000000000002
8581,-8.1349,3.2532999999999999
8582,-13.5726,3.2328000000000001
8583,-6.1692999999999998,3.2589000000000001
8584,-6.2126999999999999,3.2606999999999999
8585,-6.2188999999999997,3.2606999999999999
8586,-2.9388999999999998,3.2719
8587,4.3650000000000002,3.2997999999999998
8588,1.9903,3.2924000000000002
8589,1.3206,3.2905000000000002
8590,6.0824999999999996,3.3109999999999999
8591,3.2118000000000002,3.3035000000000001
8592,1.24,3.2978999999999998
8593,-7.3040000000000003,3.2645
8594,-7.4279999999999999,3.2625999999999999
8595,-8.9284999999999997,3.2570000000000001
8596,-6.2624000000000004,3.2645
8597,-10.6212,3.2477
8598,-12.5,3.2403
8599,-11.5017,3.2421000000000002
8600,-7.9737,3.2551999999999999
8601,-11.9481,3.2403
8602,-12.301500000000001,3.2383999999999999
8603,-7.056,3.2570000000000001
8604,-2.9451000000000001,3.2719
8605,-2.9451000000000001,3.2719
8606,-2.8582999999999998,3.2738
8607,0.72540000000000004,3.2867999999999999
8608,0.72540000000000004,3.2867999999999999
8609,-2.7404999999999999,3.2755999999999998
8610,-4.2968000000000002,3.2719
8611,0.73160000000000003,3.2886000000000002
8612,0.73160000000000003,3.2905000000000002
8613,1.9655,3.2978999999999998
8614,-9.0587,3.2570000000000001
8615,-10.6584,3.2477
8616,-7.9737,3.2589000000000001
8617,-6.6592000000000002,3.2625999999999999
8618,-1.1097999999999999,3.2812000000000001
8619,-6.6654,3.2625999999999999
8620,-4.2968000000000002,3.27
8621,-4.2968000000000002,3.27
8622,0,3.2867999999999999
8623,0.1116,3.2867999999999999
8624,1.3206,3.2924000000000002
8625,0.124,3.2886000000000002
8626,-2.5731000000000002,3.2812000000000001
8627,-4.1479999999999997,3.2755999999999998
8628,-4.1479999999999997,3.2738
8629,-0.93000000000000005,3.2848999999999999
8630,-2.4552999999999998,3.2812000000000001
8631,-4.0983999999999998,3.2755999999999998
8632,0.10539999999999999,3.2886000000000002
8633,0.124,3.2905000000000002
8634,-3.8938000000000001,3.2774999999999999
8635,-7.7317999999999998,3.2625999999999999
8636,-2.4119000000000002,3.2812000000000001
8637,0.155,3.2905000000000002
8638,3.7635999999999998,3.3054000000000001
8639,4.7247000000000003,3.3109999999999999
8640,5.8841000000000001,3.3165
8641,1.6802999999999999,3.3035000000000001
8642,-2.8149000000000002,3.2848999999999999
8643,-3.8938000000000001,3.2812000000000001
8644,-13.020799999999999,3.2458999999999998
8645,-12.3325,3.2458999999999998
8646,-10.8506,3.2513999999999998
8647,-5.7786999999999997,3.2682000000000002
8648,-5.8159000000000001,3.2682000000000002
8649,-10.0136,3.2532999999999999
8650,-6.0514999999999999,3.2663000000000002
8651,-5.2950999999999997,3.2682000000000002
8652,-5.3323,3.2682000000000002
8653,-6.2188999999999997,3.2645
8654,0.155,3.2867999999999999
8655,-0.73780000000000001,3.2848999999999999
8656,-3.7884000000000002,3.2755999999999998
8657,-3.7884000000000002,3.2755999999999998
8658,0.16120000000000001,3.2905000000000002
8659,-0.69440000000000002,3.2867999999999999
8660,-0.69440000000000002,3.2886000000000002
8661,-3.5838000000000001,3.2774999999999999
8662,-5.8593000000000002,3.27
8663,-10.0632,3.2551999999999999
8664,-3.7884000000000002,3.2755999999999998
8665,0.67579999999999996,3.2924000000000002
8666,-3.6953999999999998,3.2774999999999999
8667,1.2462,3.2942
8668,-8.4945000000000004,3.2606999999999999
8669,-11.414899999999999,3.2477
8670,-10.2926,3.2513999999999998
8671,1.24,3.2924000000000002
8672,4.8425000000000002,3.3071999999999999
8673,10.559200000000001,3.3296000000000001
8674,8.8850999999999996,3.3277000000000001
8675,13.119999999999999,3.3462999999999998
8676,10.4352,3.3389000000000002
8677,7.2729999999999997,3.3277000000000001
8678,0,3.3035000000000001
8679,0,3.3016999999999999
8680,0,3.3016999999999999
8681,0,3.3016999999999999
8682,0,3.3016999999999999
8683,0,3.3016999999999999
8684,-6.4236000000000004,3.2774999999999999
8685,-9.6601999999999997,3.2645
8686,-20.4861,3.2235
8687,-22.0486,3.2141999999999999
8688,-26.258600000000001,3.1956000000000002
8689,-20.820900000000002,3.2124000000000001
8690,-12.3759,3.2383999999999999
8691,-15.612500000000001,3.2273000000000001
8692,-13.485799999999999,3.2328000000000001
8693,-12.1837,3.2366000000000001
8694,-14.409700000000001,3.2290999999999999
8695,-21.0503,3.2031000000000001
8696,-26.6431,3.1844999999999999
8697,-19.134399999999999,3.2067999999999999
8698,-11.7683,3.2309999999999999
8699,-8.2589000000000006,3.2440000000000002
8700,-6.0143000000000004,3.2532999999999999
8701,-4.4455999999999998,3.2606999999999999
8702,-4.4518000000000004,3.2606999999999999
8703,3.6086,3.2905000000000002
8704,-1.054,3.2755999999999998
8705,0.080600000000000005,3.2812000000000001
8706,0.72540000000000004,3.2848999999999999
8707,0.124,3.2848999999999999
8708,1.24,3.2886000000000002
8709,0.124,3.2848999999999999
8710,1.2462,3.2905000000000002
8711,5.7538999999999998,3.3090999999999999
8712,10.5654,3.3277000000000001
8713,1.2462,3.2978999999999998
8714,-2.7715000000000001,3.2812000000000001
8715,-6.2624000000000004,3.2682000000000002
8716,-10.6646,3.2513999999999998
8717,-9.0959000000000003,3.2551999999999999
8718,-0.50219999999999998,3.2848999999999999
8719,-3.2242000000000002,3.2755999999999998
8720,-5.4314999999999998,3.2682000000000002
8721,0.2356,3.2886000000000002
8722,-3.2118000000000002,3.2774999999999999
8723,-3.2242000000000002,3.2774999999999999
8724,-12.3759,3.2440000000000002
8725,-9.5733999999999995,3.2532999999999999
8726,-11.1731,3.2440000000000002
8727,-5.9709000000000003,3.2625999999999999
8728,-7.4218000000000002,3.2589000000000001
8729,-8.9346999999999994,3.2532999999999999
8730,-5.4562999999999997,3.2645
8731,-2.3871000000000002,3.2755999999999998
8732,1.2462,3.2905000000000002
8733,3.6829999999999998,3.3016999999999999
8734,0.67579999999999996,3.2905000000000002
8735,1.2090000000000001,3.2942
8736,0.2356,3.2905000000000002
8737,0.67579999999999996,3.2924000000000002
8738,1.2834000000000001,3.2978999999999998
8739,0.72540000000000004,3.2942
8740,4.4889999999999999,3.3109999999999999
8741,13.113799999999999,3.3443999999999998
8742,11.3963,3.3389000000000002
8743,8.2402999999999995,3.3296000000000001
8744,0,3.3016999999999999
8745,0,3.3016999999999999
8746,0,3.2997999999999998
8747,0,3.2997999999999998
8748,0,3.2997999999999998
8749,0,3.2997999999999998
8750,0,3.2997999999999998
8751,0,3.2997999999999998
8752,0,3.2997999999999998
8753,0,3.2997999999999998
8754,0,3.2997999999999998
8755,0,3.3016999999999999
8756,0,3.3016999999999999
8757,0,3.3016999999999999
8758,0,3.3016999999999999
8759,0,3.3016999999999999
8760,0,3.3016999999999999
8761,0,3.3016999999999999
8762,0,3.3016999999999999
8763,0,3.3016999999999999
8764,0,3.3016999999999999
8765,0,3.3016999999999999
8766,0,3.3016999999999999
8767,0,3.3016999999999999
8768,0,3.3016999999999999
8769,0,3.3016999999999999
8770,0,3.3016999999999999
8771,0,3.3035000000000001
8772,0,3.3016999999999999
8773,0,3.3035000000000001
8774,0,3.3035000000000001
8775,0,3.3035000000000001
8776,0,3.3035000000000001
8777,-3.9371999999999998,3.2867999999999999
8778,-9.0214999999999996,3.2682000000000002
8779,-15.978400000000001,3.2421000000000002
8780,-19.605599999999999,3.2254
8781,-23.964500000000001,3.2086999999999999
8782,-27.697099999999999,3.1901000000000002
8783,-15.290100000000001,3.2290999999999999
8784,-16.573599999999999,3.2254
8785,-20.696899999999999,3.2105000000000001
8786,-16.331800000000001,3.2216999999999998
8787,-15.1289,3.2254
8788,-13.1386,3.2328000000000001
8789,-13.6594,3.2290999999999999
8790,-15.5815,3.2235
8791,-7.6201999999999996,3.2513999999999998
8792,-11.414899999999999,3.2366000000000001
8793,-10.863,3.2383999999999999
8794,-9.6292000000000009,3.2421000000000002
8795,0,3.2774999999999999
8796,1.3206,3.2848999999999999
8797,1.3206,3.2867999999999999
8798,-4.0549999999999997,3.27
8799,2.7281,3.2924000000000002
8800,9.7965999999999998,3.3220999999999998
8801,10.280200000000001,3.3258000000000001
8802,4.1294000000000004,3.3071999999999999
8803,3.4039999999999999,3.3054000000000001
8804,11.557499999999999,3.3351000000000002
8805,10.925000000000001,3.3351000000000002
8806,7.4093999999999998,3.3258000000000001
8807,2.3995000000000002,3.3090999999999999
8808,0.57040000000000002,3.3016999999999999
8809,0,3.2997999999999998
8810,0,3.2997999999999998
8811,0,3.2997999999999998
8812,0,3.2997999999999998
8813,-0.52700000000000002,3.2978999999999998
8814,-2.1825000000000001,3.2905000000000002
8815,-2.2321,3.2886000000000002
8816,0,3.2978999999999998
8817,-0.52080000000000004,3.2978999999999998
8818,0,3.2997999999999998
8819,0,3.2997999999999998
8820,0,3.2997999999999998
8821,0,3.2997999999999998
8822,0,3.2997999999999998
8823,0,3.2997999999999998
8824,0,3.2997999999999998
8825,-0.35339999999999999,3.2997999999999998
8826,-1.7733000000000001,3.2924000000000002
8827,-3.3792,3.2867999999999999
8828,-6.5724,3.2755999999999998
8829,-15.048299999999999,3.2421000000000002
8830,-17.255700000000001,3.2309999999999999
8831,-20.175999999999998,3.2198000000000002
8832,-9.8461999999999996,3.2532999999999999
8833,-5.4253,3.2682000000000002
8834,-13.820600000000001,3.2383999999999999
8835,-19.810199999999998,3.2161
8836,-20.101600000000001,3.2124000000000001
8837,-13.0518,3.2347000000000001
8838,-5.1401000000000003,3.2625999999999999
8839,-3.9434,3.2682000000000002
8840,-3.9744000000000002,3.27
8841,-6.2188999999999997,3.2625999999999999
8842,-11.7683,3.2421000000000002
8843,-9.0959000000000003,3.2513999999999998
8844,-12.5372,3.2366000000000001
8845,-11.743499999999999,3.2383999999999999
8846,-10.057,3.2440000000000002
8847,-2.2631000000000001,3.2719
8848,-2.2134999999999998,3.2738
8849,-6.0143000000000004,3.2606999999999999
8850,-8.9037000000000006,3.2513999999999998
8851,-9.0463000000000005,3.2513999999999998
8852,-6.3802000000000003,3.2589000000000001
8853,-9.2881,3.2477
8854,-6.2126999999999999,3.2589000000000001
8855,-7.6946000000000003,3.2551999999999999
8856,-5.5740999999999996,3.2606999999999999
8857,-4.0549999999999997,3.2663000000000002
8858,-4.0549999999999997,3.2682000000000002
8859,-2.4615,3.2738
8860,-2.4615,3.2738
8861,-3.9744000000000002,3.27
8862,0.031,3.2848999999999999
8863,-2.5358999999999998,3.2755999999999998
8864,0.67579999999999996,3.2886000000000002
8865,1.24,3.2905000000000002
8866,3.7635999999999998,3.3035000000000001
8867,4.7309000000000001,3.3090999999999999
8868,10.038399999999999,3.3277000000000001
8869,6.3987999999999996,3.3184
8870,10.7948,3.3351000000000002
8871,4.8796999999999997,3.3165
8872,6.3616000000000001,3.3220999999999998
8873,7.5644,3.3277000000000001
8874,0,3.3016999999999999
8875,0,3.3016999999999999
8876,0,3.2997999999999998
8877,0,3.2997999999999998
8878,0,3.2997999999999998
8879,0,3.2997999999999998
8880,0,3.2997999999999998
8881,0,3.2997999999999998
8882,0,3.3016999999999999
8883,0,3.2997999999999998
8884,0,3.2997999999999998
8885,0,3.3016999999999999
8886,0,3.3016999999999999
8887,0,3.3016999999999999
8888,0,3.3016999999999999
8889,0,3.3016999999999999
8890,0,3.3016999999999999
8891,0,3.3016999999999999
8892,0,3.3016999999999999
8893,-6.7274000000000003,3.2755999999999998
8894,-10.6088,3.2606999999999999
8895,-16.102399999999999,3.2383999999999999
8896,-22.2532,3.2141999999999999
8897,-26.450800000000001,3.1956000000000002
8898,-31.3306,3.177
8899,-27.325099999999999,3.1844999999999999
8900,-24.1753,3.1919
8901,-9.2942999999999998,3.2421000000000002
8902,1.2090000000000001,3.2812000000000001
8903,1.2090000000000001,3.2848999999999999
8904,12.2829,3.3277000000000001
8905,13.398999999999999,3.3370000000000002
8906,10.7948,3.3313999999999999
8907,7.1117999999999997,3.3203
8908,0,3.2942
8909,0,3.2942
8910,0,3.2942
8911,0,3.2942
8912,0,3.2942
8913,0,3.2942
8914,0,3.2978999999999998
8915,0,3.2978999999999998
8916,0,3.2978999999999998
8917,0,3.2978999999999998
8918,0,3.2978999999999998
8919,0,3.2978999999999998
8920,0,3.2978999999999998
8921,-0.73780000000000001,3.2942
8922,-4.2968000000000002,3.2812000000000001
8923,-6.5724,3.2738
8924,-9.6974,3.2606999999999999
8925,-18.086500000000001,3.2290999999999999
8926,-15.1289,3.2347000000000001
8927,-8.1349,3.2589000000000001
8928,-2.5358999999999998,3.2793000000000001
8929,0.44019999999999998,3.2905000000000002
8930,-3.2986,3.2793000000000001
8931,-3.8999999999999999,3.2774999999999999
8932,-1.5004,3.2848999999999999
8933,-8.1783000000000001,3.2625999999999999
8934,-13.337,3.2421000000000002
8935,-14.6701,3.2347000000000001
8936,-16.294599999999999,3.2273000000000001
8937,-13.132400000000001,3.2366000000000001
8938,-15.4947,3.2273000000000001
8939,-7.9302999999999999,3.2532999999999999
8940,-6.2624000000000004,3.2606999999999999
8941,-2.7467000000000001,3.2719
8942,0.2356,3.2848999999999999
8943,0.2356,3.2867999999999999
8944,-6.4236000000000004,3.2645
8945,-6.25,3.2625999999999999
8946,-5.1029,3.2682000000000002
8947,-1.5749,3.2793000000000001
8948,-0.34100000000000003,3.2848999999999999
8949,-0.33479999999999999,3.2848999999999999
8950,-2.7776999999999998,3.2793000000000001
8951,-1.5749,3.2831000000000001
8952,5.3943000000000003,3.3090999999999999
8953,1.6059000000000001,3.2978999999999998
8954,0.27900000000000003,3.2924000000000002
8955,-6.8575999999999997,3.2682000000000002
8956,-4.6875,3.2738
8957,-4.7432999999999996,3.2738
8958,1.1160000000000001,3.2942
8959,8.2774999999999999,3.3220999999999998
8960,7.0002000000000004,3.3203
8961,7.1985999999999999,3.3239999999999998
8962,0,3.2997999999999998
8963,0,3.2978999999999998
8964,0,3.2978999999999998
8965,0,3.2978999999999998
8966,0,3.2978999999999998
8967,0,3.2997999999999998
8968,0,3.2978999999999998
8969,0,3.2997999999999998
8970,0,3.2997999999999998
8971,0,3.2997999999999998
8972,0,3.2997999999999998
8973,0,3.2997999999999998
8974,0,3.2997999999999998
8975,0,3.2997999999999998
8976,-3.2986,3.2867999999999999
8977,-0.4526,3.2978999999999998
8978,-0.4526,3.2978999999999998
8979,-0.4526,3.2978999999999998
8980,-0.4526,3.2997999999999998
8981,-2.2197,3.2905000000000002
8982,-4.6936999999999998,3.2812000000000001
8983,-3.5404,3.2848999999999999
8984,-3.5404,3.2848999999999999
8985,-4.5076000000000001,3.2812000000000001
8986,-9.468,3.2625999999999999
8987,-11.507899999999999,3.2532999999999999
8988,-4.1479999999999997,3.2774999999999999
8989,0,3.2924000000000002
8990,0,3.2942
8991,0,3.2942
8992,-6.5785999999999998,3.2719
8993,-13.814399999999999,3.2440000000000002
8994,-22.017600000000002,3.2141999999999999
8995,-26.804300000000001,3.1919
8996,-25.204599999999999,3.1938
8997,-17.497499999999999,3.2198000000000002
8998,-11.0181,3.2383999999999999
8999,-7.5457999999999998,3.2532999999999999
9000,-12.0907,3.2366000000000001
9001,-10.6212,3.2403
9002,-9.6105999999999998,3.2440000000000002
9003,-8.4883000000000006,3.2477
9004,-3.621,3.2663000000000002
9005,1.2462,3.2848999999999999
9006,1.2090000000000001,3.2867999999999999
9007,-3.4350000000000001,3.2719
9008,-3.4226000000000001,3.2719
9009,-3.4226000000000001,3.2719
9010,-3.4163999999999999,3.2719
9011,-3.4350000000000001,3.2738
9012,-9.5733999999999995,3.2513999999999998
9013,-5.0223000000000004,3.2663000000000002
9014,-8.4883000000000006,3.2551999999999999
9015,-5.8964999999999996,3.2625999999999999
9016,-7.3784000000000001,3.2570000000000001
9017,-8.9037000000000006,3.2513999999999998
9018,-6.2126999999999999,3.2606999999999999
9019,-5.4562999999999997,3.2645
9020,-7.7380000000000004,3.2551999999999999
9021,-6.4236000000000004,3.2606999999999999
9022,-13.857799999999999,3.2309999999999999
9023,-28.453600000000002,3.1808000000000001
9024,8.8912999999999993,3.3090999999999999
9025,-27.2879,3.1844999999999999
9026,-6.2126999999999999,3.2532999999999999
9027,-2.9388999999999998,3.2663000000000002
9028,5.0842999999999998,3.2978999999999998
9029,19.0352,3.3536999999999999
9030,17.677299999999999,3.3536999999999999
9031,15.0421,3.3481999999999998
9032,11.9171,3.3389000000000002
9033,8.6371000000000002,3.3296000000000001
9034,0,3.2997999999999998
9035,0,3.2978999999999998
9036,0,3.2978999999999998
9037,0,3.2978999999999998
9038,0,3.2978999999999998
9039,0,3.2978999999999998
9040,0,3.2978999999999998
9041,0,3.2978999999999998
9042,0,3.2978999999999998
9043,0,3.2978999999999998
9044,0,3.2978999999999998
9045,0,3.2978999999999998
9046,0,3.2978999999999998
9047,0,3.2978999999999998
9048,0,3.2978999999999998
9049,0,3.2997999999999998
9050,0,3.2978999999999998
9051,0,3.2997999999999998
9052,0,3.2997999999999998
9053,0,3.2997999999999998
9054,0,3.2997999999999998
9055,0,3.2997999999999998
9056,0,3.2997999999999998
9057,0,3.2997999999999998
9058,0,3.2997999999999998
9059,0,3.2997999999999998
9060,0,3.3016999999999999
9061,0,3.3016999999999999
9062,-4.8611000000000004,3.2812000000000001
9063,-10.5778,3.2606999999999999
9064,-17.764099999999999,3.2309999999999999
9065,-18.601099999999999,3.2254
9066,-16.486799999999999,3.2309999999999999
9067,-14.9863,3.2328000000000001
9068,-9.4865999999999993,3.2532999999999999
9069,-26.066400000000002,3.1938
9070,-7.0187999999999997,3.2570000000000001
9071,-14.0562,3.2309999999999999
9072,-11.061500000000001,3.2403
9073,-2.7776999999999998,3.2719
9074,-20.703099999999999,3.2105000000000001
9075,1.1966000000000001,3.2848999999999999
9076,0.79979999999999996,3.2848999999999999
9077,0.72540000000000004,3.2867999999999999
9078,1.2090000000000001,3.2905000000000002
9079,1.6493,3.2924000000000002
9080,1.1966000000000001,3.2924000000000002
9081,0.67579999999999996,3.2924000000000002
9082,4.0797999999999996,3.3071999999999999
9083,3.4102000000000001,3.3054000000000001
9084,3.0442999999999998,3.3054000000000001
9085,2.8458999999999999,3.3054000000000001
9086,4.2843999999999998,3.3109999999999999
9087,7.4775999999999998,3.3239999999999998
9088,0,3.2978999999999998
9089,0,3.2978999999999998
9090,0,3.2978999999999998
9091,0,3.2978999999999998
9092,0,3.2978999999999998
9093,0,3.2997999999999998
9094,0,3.2997999999999998
9095,0,3.2997999999999998
9096,0,3.2997999999999998
9097,0,3.2997999999999998
9098,0,3.2997999999999998
9099,0,3.2997999999999998
9100,0,3.2997999999999998
9101,0,3.2997999999999998
9102,0,3.2997999999999998
9103,0,3.2997999999999998
9104,0,3.2997999999999998
9105,0,3.2997999999999998
9106,0,3.2997999999999998
9107,0,3.3016999999999999
9108,0,3.3016999999999999
9109,0,3.3016999999999999
9110,0,3.3016999999999999
9111,0,3.3016999999999999
9112,0,3.3016999999999999
9113,0,3.3016999999999999
9114,0,3.3016999999999999
9115,0,3.3016999999999999
9116,0,3.3016999999999999
9117,0,3.3016999999999999
9118,0,3.3035000000000001
9119,-9.5671999999999997,3.2663000000000002
9120,-9.4122000000000003,3.2645
9121,-15.290100000000001,3.2403
9122,-18.6569,3.2273000000000001
9123,-21.081299999999999,3.2161
9124,-23.319600000000001,3.2031000000000001
9125,-6.2995999999999999,3.2625999999999999
9126,-9.2570999999999994,3.2532999999999999
9127,-27.783899999999999,3.1863000000000001
9128,-13.1014,3.2328000000000001
9129,-10.5778,3.2421000000000002
9130,-4.5324,3.2645
9131,0.79979999999999996,3.2848999999999999
9132,1.6802999999999999,3.2905000000000002
9133,1.6802999999999999,3.2924000000000002
9134,1.1966000000000001,3.2924000000000002
9135,1.5996999999999999,3.2942
9136,11.4087,3.3313999999999999
9137,7.1242000000000001,3.3203
9138,-1.7733000000000001,3.2886000000000002
9139,-4.5324,3.2774999999999999
9140,-4.6626000000000003,3.2755999999999998
9141,-6.0205000000000002,3.27
9142,-11.966699999999999,3.2477
9143,-20.095400000000001,3.218
9144,-22.259399999999999,3.2067999999999999
9145,-20.4985,3.2105000000000001
9146,-5.3198999999999996,3.2606999999999999
9147,-0.496,3.2793000000000001
9148,-1.8539000000000001,3.2774999999999999
9149,5.6733000000000002,3.3071999999999999
9150,10.639799999999999,3.3258000000000001
9151,7.2729999999999997,3.3184
9152,4.0797999999999996,3.3090999999999999
9153,-1.8973,3.2867999999999999
9154,-17.689699999999998,3.2290999999999999
9155,-21.7881,3.2105000000000001
9156,-20.814699999999998,3.2105000000000001
9157,-21.013100000000001,3.2067999999999999
9158,-15.2219,3.2235
9159,-8.5441000000000003,3.2458999999999998
9160,-7.335,3.2532999999999999
9161,-5.2579000000000002,3.2606999999999999
9162,0.68200000000000005,3.2831000000000001
9163,-2.1762999999999999,3.2738
9164,-5.9089,3.2625999999999999
9165,-5.2206999999999999,3.2645
9166,-2.2134999999999998,3.2738
9167,-2.1762999999999999,3.2755999999999998
9168,-3.6953999999999998,3.2719
9169,-10.094200000000001,3.2458999999999998
9170,-10.2988,3.2440000000000002
9171,-5.4500999999999999,3.2625999999999999
9172,0.155,3.2831000000000001
9173,1.2462,3.2886000000000002
9174,-5.2579000000000002,3.2663000000000002
9175,-8.9037000000000006,3.2532999999999999
9176,-11.9419,3.2403
9177,-4.0488,3.2682000000000002
9178,0,3.2831000000000001
9179,-9.2074999999999996,3.2513999999999998
9180,-11.613300000000001,3.2403
9181,-14.174099999999999,3.2290999999999999
9182,-18.638300000000001,3.2141999999999999
9183,-13.851599999999999,3.2273000000000001
9184,-11.830299999999999,3.2328000000000001
9185,-8.9408999999999992,3.2421000000000002
9186,-9.0587,3.2421000000000002
9187,-9.2136999999999993,3.2421000000000002
9188,-5.0533000000000001,3.2589000000000001
9189,-1.5749,3.2719
9190,-3.2118000000000002,3.2663000000000002
9191,-3.2118000000000002,3.2682000000000002
9192,-6.6592000000000002,3.2551999999999999
9193,-10.776199999999999,3.2403
9194,0.67579999999999996,3.2812000000000001
9195,1.3206,3.2848999999999999
9196,0.67579999999999996,3.2848999999999999
9197,-8.8169000000000004,3.2513999999999998
9198,-12.0473,3.2366000000000001
9199,-10.689399999999999,3.2403
9200,-7.6512000000000002,3.2513999999999998
9201,-6.8575999999999997,3.2532999999999999
9202,-3.3854000000000002,3.2663000000000002
9203,1.3268,3.2848999999999999
9204,2.0398999999999998,3.2886000000000002
9205,-6.4980000000000002,3.2589000000000001
9206,-8.9408999999999992,3.2477
9207,-12.258100000000001,3.2366000000000001
9208,-12.5372,3.2328000000000001
9209,-13.771000000000001,3.2290999999999999
9210,-11.458299999999999,3.2347000000000001
9211,-8.2589000000000006,3.2458999999999998
9212,-1.8601000000000001,3.27
9213,1.3206,3.2831000000000001
9214,21.310700000000001,3.3593000000000002
9215,19.506399999999999,3.3593000000000002
9216,18.2849,3.3593000000000002
9217,15.519500000000001,3.3536999999999999
9218,12.3635,3.3443999999999998
9219,9.0772999999999993,3.3313999999999999
9220,0,3.2997999999999998
9221,0,3.2997999999999998
9222,0,3.2978999999999998
9223,0,3.2978999999999998
9224,0,3.2978999999999998
9225,0,3.2978999999999998
9226,0,3.2978999999999998
9227,0,3.2978999999999998
9228,0,3.2978999999999998
9229,0,3.2978999999999998
9230,0,3.2978999999999998
9231,0,3.2978999999999998
9232,0,3.2978999999999998
9233,0,3.2978999999999998
9234,0,3.2978999999999998
9235,0,3.2978999999999998
9236,0,3.2997999999999998
9237,0,3.2978999999999998
9238,0,3.2997999999999998
9239,0,3.2997999999999998
9240,0,3.2997999999999998
9241,0,3.2997999999999998
9242,0,3.2997999999999998
9243,0,3.2997999999999998
9244,0,3.2997999999999998
9245,0,3.2997999999999998
9246,0,3.2997999999999998
9247,0,3.2997999999999998
9248,0,3.2997999999999998
9249,0,3.2997999999999998
9250,0,3.2997999999999998
9251,0,3.3016999999999999
9252,0,3.2997999999999998
9253,0,3.3016999999999999
9254,0,3.3016999999999999
9255,0,3.3016999999999999
9256,0,3.3016999999999999
9257,0,3.3016999999999999
9258,0,3.3016999999999999
9259,0,3.3016999999999999
9260,0,3.3016999999999999
9261,0,3.3016999999999999
9262,-10.453799999999999,3.2645
9263,-14.4221,3.2440000000000002
9264,-18.2911,3.2290999999999999
9265,-22.767800000000001,3.2105000000000001
9266,-28.5776,3.1863000000000001
9267,-33.407699999999998,3.1677
9268,-29.203800000000001,3.177
9269,-28.168399999999998,3.177
9270,-22.284199999999998,3.1938
9271,-12.1341,3.2273000000000001
9272,2.6351,3.2812000000000001
9273,1.8105,3.2831000000000001
9274,0.67579999999999996,3.2812000000000001
9275,-7.3659999999999997,3.2551999999999999
9276,-6.0949,3.2589000000000001
9277,-6.1755000000000004,3.2589000000000001
9278,-9.0587,3.2458999999999998
9279,-21.453299999999999,3.2031000000000001
9280,2.7157,3.2848999999999999
9281,13.994199999999999,3.3296000000000001
9282,6.0391000000000004,3.3071999999999999
9283,16.071400000000001,3.3462999999999998
9284,6.9134000000000002,3.3165
9285,1.0044,3.2942
9286,-10.174799999999999,3.2551999999999999
9287,-6.7336,3.2645
9288,-15.606299999999999,3.2309999999999999
9289,-26.7361,3.1901000000000002
9290,-30.809699999999999,3.1715
9291,-39.924300000000002,3.1379999999999999
9292,-39.905700000000003,3.1343000000000001
9293,-39.924300000000002,3.1305000000000001
9294,-39.911900000000003,3.1267999999999998
9295,-25.241800000000001,3.1715
9296,-39.924300000000002,3.125
9297,-30.084299999999999,3.1509999999999998
9298,-39.918100000000003,3.1212
9299,-38.244,3.1231
9300,-39.918100000000003,3.1175000000000002
9301,-29.1294,3.1473
9302,-27.418099999999999,3.1528999999999998
9303,-25.855599999999999,3.1566000000000001
9304,-10.453799999999999,3.2105000000000001
9305,-6.3677999999999999,3.2254
9306,-8.6928999999999998,3.2198000000000002
9307,-6.2126999999999999,3.2309999999999999
9308,-10.212,3.218
9309,-10.2058,3.218
9310,-10.212,3.2198000000000002
9311,-10.1996,3.2198000000000002
9312,-14.769299999999999,3.2031000000000001
9313,-14.862299999999999,3.2031000000000001
9314,-21.7819,3.1789000000000001
9315,-24.4481,3.1696
9316,-24.937899999999999,3.1659000000000002
9317,-20.696899999999999,3.1789000000000001
9318,-23.418800000000001,3.1696
9319,-26.239999999999998,3.1602999999999999
9320,-21.850100000000001,3.1732999999999998
9321,-24.658899999999999,3.1640000000000001
9322,-30.102900000000002,3.1436000000000002
9323,-39.918100000000003,3.1137999999999999
9324,-39.502699999999997,3.1101000000000001
9325,-27.697099999999999,3.1454
9326,-22.761600000000001,3.1640000000000001
9327,-17.497499999999999,3.1808000000000001
9328,-12.3325,3.1974999999999998
9329,-7.4156000000000004,3.218
9330,-14.6515,3.1938
9331,-19.890799999999999,3.177
9332,-22.9724,3.1677
9333,-25.886600000000001,3.1547000000000001
9334,-20.653500000000001,3.1715
9335,-26.457000000000001,3.1528999999999998
9336,-21.099900000000002,3.1696
9337,-24.286899999999999,3.1602999999999999
9338,-18.818200000000001,3.177
9339,-16.183,3.1863000000000001
9340,-11.383900000000001,3.2012
9341,-16.052800000000001,3.1882000000000001
9342,-16.040400000000002,3.1882000000000001
9343,-16.046600000000002,3.1882000000000001
9344,-16.059000000000001,3.1882000000000001
9345,-16.046600000000002,3.1882000000000001
9346,-13.3432,3.1974999999999998
9347,-8.3332999999999995,3.2161
9348,-8.1783000000000001,3.218
9349,1.4818,3.2532999999999999
9350,-2.0956999999999999,3.2421000000000002
9351,-4.5881999999999996,3.2347000000000001
9352,-9.6912000000000003,3.2198000000000002
9353,-6.9257999999999997,3.2273000000000001
9354,-11.5389,3.2124000000000001
9355,-21.9742,3.177
9356,-16.8216,3.1919
9357,-16.858799999999999,3.1901000000000002
9358,-14.2919,3.1993999999999998
9359,-6.9691999999999998,3.2254
9360,-4.1417999999999999,3.2366000000000001
9361,-4.0983999999999998,3.2366000000000001
9362,-3.8999999999999999,3.2403
9363,-1.0105999999999999,3.2532999999999999
9364,-20.6783,3.1844999999999999
9365,-3.5838000000000001,3.2403
9366,-10.615,3.218
9367,-8.6494999999999997,3.2254
9368,-8.4945000000000004,3.2254
9369,-15.2963,3.2012
9370,-11.055300000000001,3.2161
9371,-39.918100000000003,3.1212
9372,2.0398999999999998,3.2570000000000001
9373,-39.918100000000003,3.1212
9374,-13.8826,3.1993999999999998
9375,-27.132899999999999,3.1566000000000001
9376,-39.918100000000003,3.1156000000000001
9377,-28.447399999999998,3.1473
9378,-20.523299999999999,3.1732999999999998
9379,-26.3764,3.1528999999999998
9380,-15.693199999999999,3.1882000000000001
9381,-10.8506,3.2067999999999999
9382,0,3.2440000000000002
9383,1.6431,3.2551999999999999
9384,4.6875,3.2682000000000002
9385,7.8807,3.2812000000000001
9386,6.5476000000000001,3.2793000000000001
9387,-12.8162,3.2141999999999999
9388,-12.8224,3.2124000000000001
9389,-3.1808000000000001,3.2440000000000002
9390,6.6467999999999998,3.2812000000000001
9391,-10.2058,3.2254
9392,-14.2547,3.2105000000000001
9393,-10.2058,3.2216999999999998
9394,-2.5358999999999998,3.2477
9395,-9.8895999999999997,3.2235
9396,-11.5885,3.218
9397,-11.569900000000001,3.218
9398,-2.2940999999999998,3.2477
9399,0,3.2606999999999999
9400,0.124,3.2625999999999999
9401,5.1215000000000002,3.2812000000000001
9402,7.9612999999999996,3.2924000000000002
9403,7.9241000000000001,3.2942
9404,9.0710999999999995,3.3016999999999999
9405,8.9967000000000006,3.3035000000000001
9406,7.7565999999999997,3.3016999999999999
9407,8.7920999999999996,3.3071999999999999
9408,15.141299999999999,3.3296000000000001
9409,11.5947,3.3203
9410,14.1617,3.3296000000000001
9411,9.9515999999999991,3.3184
9412,8.5254999999999992,3.3147000000000002
9413,5.5617000000000001,3.3054000000000001
9414,4.6378000000000004,3.3016999999999999
9415,-3.2924000000000002,3.2719
9416,1.3206,3.2867999999999999
9417,5.2454999999999998,3.3016999999999999
9418,8.9099000000000004,3.3165
9419,15.718,3.3407
9420,17.801300000000001,3.3519000000000001
9421,5.8841000000000001,3.3128000000000002
9422,3.7202000000000002,3.3054000000000001
9423,1.5687,3.2942
9424,5.1959,3.3090999999999999
9425,4.7184999999999997,3.3071999999999999
9426,8.4758999999999993,3.3220999999999998
9427,3.7635999999999998,3.3054000000000001
9428,0,3.2905000000000002
9429,0,3.2905000000000002
9430,0,3.2905000000000002
9431,0,3.2905000000000002
9432,0,3.2886000000000002
9433,0,3.2886000000000002
9434,0,3.2886000000000002
9435,0,3.2886000000000002
9436,0,3.2886000000000002
9437,0,3.2886000000000002
9438,0,3.2886000000000002
9439,0,3.2886000000000002
9440,0,3.2886000000000002
9441,0,3.2886000000000002
9442,0,3.2886000000000002
9443,0,3.2886000000000002
9444,0,3.2886000000000002
9445,-3.2986,3.2774999999999999
9446,-10.5778,3.2532999999999999
9447,-16.6418,3.2273000000000001
9448,-20.169799999999999,3.2141999999999999
9449,-24.528700000000001,3.1938
9450,-28.162199999999999,3.1808000000000001
9451,-27.7715,3.177
9452,-30.729099999999999,3.1659000000000002
9453,-16.852599999999999,3.2105000000000001
9454,-21.6889,3.1919
9455,-20.938700000000001,3.1938
9456,-23.6235,3.1825999999999999
9457,-31.405000000000001,3.1566000000000001
9458,-16.1706,3.2031000000000001
9459,-16.7348,3.2012
9460,-13.058,3.2141999999999999
9461,-15.928800000000001,3.2067999999999999
9462,-17.5657,3.1993999999999998
9463,-19.7606,3.1919
9464,-7.8930999999999996,3.2309999999999999
9465,-10.726599999999999,3.2235
9466,-4.2595999999999998,3.2440000000000002
9467,-0.44640000000000002,3.2606999999999999
9468,-8.9346999999999994,3.2328000000000001
9469,-18.855399999999999,3.1974999999999998
9470,-14.769299999999999,3.2105000000000001
9471,-6.5351999999999997,3.2383999999999999
9472,-6.5351999999999997,3.2383999999999999
9473,-6.5351999999999997,3.2383999999999999
9474,-6.5351999999999997,3.2403
9475,-6.5289999999999999,3.2403
9476,-7.7317999999999998,3.2366000000000001
9477,-11.4087,3.2235
9478,-7.8930999999999996,3.2347000000000001
9479,-4.7432999999999996,3.2458999999999998
9480,0.44019999999999998,3.2663000000000002
9481,5.1276999999999999,3.2848999999999999
9482,6.0019,3.2905000000000002
9483,2.2010999999999998,3.2793000000000001
9484,15.197100000000001,3.3277000000000001
9485,16.555,3.3351000000000002
9486,20.076799999999999,3.3536999999999999
9487,14.639099999999999,3.3351000000000002
9488,13.5602,3.3332999999999999
9489,12.2395,3.3313999999999999
9490,10.559200000000001,3.3277000000000001
9491,6.1631,3.3128000000000002
9492,0,3.2886000000000002
9493,0,3.2886000000000002
9494,0,3.2867999999999999
9495,0,3.2867999999999999
9496,0,3.2867999999999999
9497,0,3.2867999999999999
9498,0,3.2867999999999999
9499,0,3.2867999999999999
9500,0,3.2867999999999999
9501,-8.2960999999999991,3.2589000000000001
9502,-10.6088,3.2458999999999998
9503,-17.0014,3.2235
9504,-23.1646,3.1993999999999998
9505,-27.325099999999999,3.1825999999999999
9506,-32.1614,3.1640000000000001
9507,-39.924300000000002,3.1343000000000001
9508,-35.565399999999997,3.1436000000000002
9509,-11.737299999999999,3.2198000000000002
9510,-28.329599999999999,3.1659000000000002
9511,-24.491499999999998,3.1751999999999998
9512,-18.607299999999999,3.1938
9513,-6.5724,3.2347000000000001
9514,-3.1436000000000002,3.2477
9515,0.055800000000000002,3.2625999999999999
9516,0.68200000000000005,3.2682000000000002
9517,1.3206,3.2719
9518,3.6829999999999998,3.2812000000000001
9519,17.6401,3.3332999999999999
9520,18.0307,3.3407
9521,15.283899999999999,3.3332999999999999
9522,12.1341,3.3258000000000001
9523,8.8850999999999996,3.3165
9524,0,3.2848999999999999
9525,0,3.2831000000000001
9526,0,3.2831000000000001
9527,0,3.2831000000000001
9528,0,3.2831000000000001
9529,0,3.2831000000000001
9530,0,3.2831000000000001
9531,0,3.2831000000000001
9532,0,3.2831000000000001
9533,0,3.2831000000000001
9534,0,3.2848999999999999
9535,0,3.2848999999999999
9536,0,3.2848999999999999
9537,0,3.2848999999999999
9538,0,3.2848999999999999
9539,0,3.2848999999999999
9540,0,3.2848999999999999
9541,0,3.2867999999999999
9542,0,3.2867999999999999
9543,0,3.2867999999999999
9544,0,3.2867999999999999
9545,0,3.2867999999999999
9546,-10.4476,3.2477
9547,-14.415900000000001,3.2328000000000001
9548,-18.2973,3.218
9549,-22.767800000000001,3.1993999999999998
9550,-28.5838,3.177
9551,-33.401499999999999,3.1566000000000001
9552,-39.911900000000003,3.1324000000000001
9553,-39.930500000000002,3.1286999999999998
9554,-22.017600000000002,3.1825999999999999
9555,-21.775700000000001,3.1844999999999999
9556,-39.924300000000002,3.125
9557,-28.366800000000001,3.1566000000000001
9558,-14.4221,3.2031000000000001
9559,-24.801500000000001,3.1696
9560,-10.819599999999999,3.2161
9561,-14.5275,3.2031000000000001
9562,-14.8065,3.2031000000000001
9563,-4.5758000000000001,3.2383999999999999
9564,-7.7256,3.2290999999999999
9565,-7.7751999999999999,3.2309999999999999
9566,-2.6598999999999999,3.2477
9567,-0.65100000000000002,3.2589000000000001
9568,-11.2227,3.2235
9569,-6.5476000000000001,3.2383999999999999
9570,0.48980000000000001,3.2645
9571,-4.4518000000000004,3.2477
9572,-4.3836000000000004,3.2477
9573,-2.4615,3.2570000000000001
9574,-6.2686000000000002,3.2421000000000002
9575,-6.2624000000000004,3.2421000000000002
9576,-6.2624000000000004,3.2421000000000002
9577,-6.2747999999999999,3.2421000000000002
9578,-6.2686000000000002,3.2440000000000002
9579,-2.4180999999999999,3.2589000000000001
9580,-8.1100999999999992,3.2383999999999999
9581,-8.1410999999999998,3.2383999999999999
9582,-11.0243,3.2273000000000001
9583,-0.52700000000000002,3.2645
9584,-2.4119000000000002,3.2589000000000001
9585,-6.1817000000000002,3.2458999999999998
9586,-6.1755000000000004,3.2458999999999998
9587,-2.3871000000000002,3.2606999999999999
9588,-2.2940999999999998,3.2606999999999999
9589,-4.1479999999999997,3.2551999999999999
9590,5.9646999999999997,3.2905000000000002
9591,10.1624,3.3090999999999999
9592,13.082800000000001,3.3220999999999998
9593,13.814399999999999,3.3277000000000001
9594,14.7941,3.3351000000000002
9595,15.9102,3.3407
9596,13.2378,3.3332999999999999
9597,13.244,3.3351000000000002
9598,10.639799999999999,3.3277000000000001
9599,6.7645999999999997,3.3147000000000002
9600,0,3.2905000000000002
9601,0,3.2886000000000002
9602,0,3.2886000000000002
9603,0,3.2867999999999999
9604,0,3.2867999999999999
9605,0,3.2867999999999999
9606,0,3.2867999999999999
9607,0,3.2867999999999999
9608,0,3.2867999999999999
9609,-3.9434,3.2738
9610,-7.4962,3.2606999999999999
9611,-6.6158000000000001,3.2625999999999999
9612,-3.5838000000000001,3.2719
9613,-11.3901,3.2440000000000002
9614,-7.056,3.2570000000000001
9615,-6.5785999999999998,3.2589000000000001
9616,-10.2554,3.2440000000000002
9617,-15.823399999999999,3.2235
9618,-17.416899999999998,3.2161
9619,-16.294599999999999,3.218
9620,-13.8888,3.2254
9621,-13.454800000000001,3.2254
9622,-11.972899999999999,3.2290999999999999
9623,-13.2936,3.2254
9624,-14.415900000000001,3.2198000000000002
9625,-12.5372,3.2254
9626,-11.737299999999999,3.2273000000000001
9627,-8.6556999999999995,3.2383999999999999
9628,-5.2641,3.2513999999999998
9629,-3.7884000000000002,3.2570000000000001
9630,-3.7884000000000002,3.2589000000000001
9631,-3.7884000000000002,3.2589000000000001
9632,-3.7884000000000002,3.2589000000000001
9633,-3.7759999999999998,3.2606999999999999
9634,-11.743499999999999,3.2309999999999999
9635,-6.2995999999999999,3.2477
9636,-6.3802000000000003,3.2477
9637,0.67579999999999996,3.2738
9638,0.67579999999999996,3.2774999999999999
9639,-0.73780000000000001,3.2719
9640,-3.7759999999999998,3.2625999999999999
9641,-3.7759999999999998,3.2625999999999999
9642,1.7608999999999999,3.2812000000000001
9643,6.1569000000000003,3.2997999999999998
9644,16.437200000000001,3.3389000000000002
9645,13.244,3.3313999999999999
9646,10.639799999999999,3.3239999999999998
9647,0,3.2867999999999999
9648,0,3.2848999999999999
9649,0,3.2848999999999999
9650,0,3.2848999999999999
9651,0,3.2867999999999999
9652,0,3.2848999999999999
9653,0,3.2848999999999999
9654,0,3.2848999999999999
9655,0,3.2848999999999999
9656,0,3.2867999999999999
9657,0,3.2867999999999999
9658,0,3.2867999999999999
9659,0,3.2867999999999999
9660,0,3.2867999999999999
9661,0,3.2867999999999999
9662,0,3.2867999999999999
9663,0,3.2867999999999999
9664,0,3.2867999999999999
9665,0,3.2867999999999999
9666,0,3.2867999999999999
9667,-10.4476,3.2513999999999998
9668,-14.415900000000001,3.2328000000000001
9669,-18.2973,3.218
9670,-22.544599999999999,3.1993999999999998
9671,-13.2502,3.2290999999999999
9672,-13.0146,3.2290999999999999
9673,-10.9747,3.2347000000000001
9674,-2.0956999999999999,3.2663000000000002
9675,-2.1019000000000001,3.2682000000000002
9676,-6.2624000000000004,3.2551999999999999
9677,-4.0922000000000001,3.2625999999999999
9678,-2.1019000000000001,3.27
9679,-0.124,3.2774999999999999
9680,0.99819999999999998,3.2831000000000001
9681,-1.1035999999999999,3.2755999999999998
9682,0.2356,3.2812000000000001
9683,-6.2126999999999999,3.2589000000000001
9684,-3.1808000000000001,3.2682000000000002
9685,-1.1035999999999999,3.2774999999999999
9686,0.57040000000000002,3.2831000000000001
9687,-1.054,3.2774999999999999
9688,-2.0089000000000001,3.2755999999999998
9689,-3.0133000000000001,3.2719
9690,-6.2126999999999999,3.2606999999999999
9691,-7.2172000000000001,3.2551999999999999
9692,-10.4352,3.2421000000000002
9693,-8.8975000000000009,3.2458999999999998
9694,-12.5,3.2328000000000001
9695,-10.9375,3.2366000000000001
9696,-3.8999999999999999,3.2625999999999999
9697,-3.9434,3.2625999999999999
9698,-7.6946000000000003,3.2513999999999998
9699,-7.4962,3.2477
9700,-7.6139999999999999,3.2477
9701,-4.5324,3.2589000000000001
9702,-3.1808000000000001,3.2645
9703,-3.1745999999999999,3.2663000000000002
9704,-5.3013000000000003,3.2589000000000001
9705,-14.9367,3.2235
9706,-20.461300000000001,3.2012
9707,-15.2219,3.218
9708,-10.77,3.2309999999999999
9709,-10.410399999999999,3.2328000000000001
9710,3.9186000000000001,3.2831000000000001
9711,17.621500000000001,3.3370000000000002
9712,16.164400000000001,3.3370000000000002
9713,13.039400000000001,3.3313999999999999
9714,9.6725999999999992,3.3203
9715,0,3.2867999999999999
9716,0,3.2848999999999999
9717,0,3.2848999999999999
9718,0,3.2848999999999999
9719,0,3.2848999999999999
9720,0,3.2848999999999999
9721,0,3.2848999999999999
9722,0,3.2848999999999999
9723,0,3.2867999999999999
9724,0,3.2848999999999999
9725,0,3.2867999999999999
9726,0,3.2867999999999999
9727,0,3.2867999999999999
9728,0,3.2867999999999999
9729,0,3.2867999999999999
9730,0,3.2867999999999999
9731,0,3.2867999999999999
9732,0,3.2867999999999999
9733,0,3.2867999999999999
9734,0,3.2886000000000002
9735,0,3.2886000000000002
9736,0,3.2886000000000002
9737,0,3.2886000000000002
9738,0,3.2886000000000002
9739,0,3.2886000000000002
9740,0,3.2886000000000002
9741,0,3.2886000000000002
9742,0,3.2886000000000002
9743,0,3.2886000000000002
9744,-6.4236000000000004,3.2663000000000002
9745,-8.1410999999999998,3.2589000000000001
9746,-17.1006,3.2254
9747,-13.857799999999999,3.2328000000000001
9748,-16.3752,3.2235
9749,-11.966699999999999,3.2366000000000001
9750,-11.613300000000001,3.2366000000000001
9751,-19.971399999999999,3.2067999999999999
9752,-21.577300000000001,3.1974999999999998
9753,-16.486799999999999,3.2141999999999999
9754,-15.699400000000001,3.2161
9755,-15.414099999999999,3.2161
9756,-17.509899999999998,3.2086999999999999
9757,-13.448600000000001,3.2216999999999998
9758,-7.5768000000000004,3.2403
9759,-9.1331000000000007,3.2366000000000001
9760,-5.6299000000000001,3.2477
9761,-5.6608999999999998,3.2513999999999998
9762,-4.0983999999999998,3.2570000000000001
9763,-6.5351999999999997,3.2477
9764,-5.6856999999999998,3.2513999999999998
9765,-4.1417999999999999,3.2570000000000001
9766,1.24,3.2774999999999999
9767,1.24,3.2793000000000001
9768,10.0756,3.3128000000000002
9769,11.1607,3.3203
9770,13.3184,3.3296000000000001
9771,7.7999999999999998,3.3147000000000002
9772,6.2065000000000001,3.3090999999999999
9773,7.6016000000000004,3.3147000000000002
9774,0,3.2867999999999999
9775,0,3.2867999999999999
9776,0,3.2867999999999999
9777,0,3.2867999999999999
9778,0,3.2867999999999999
9779,0,3.2867999999999999
9780,0,3.2867999999999999
9781,0,3.2867999999999999
9782,0,3.2867999999999999
9783,0,3.2867999999999999
9784,0,3.2867999999999999
9785,0,3.2867999999999999
9786,0,3.2867999999999999
9787,0,3.2886000000000002
9788,0,3.2867999999999999
9789,0,3.2867999999999999
9790,0,3.2886000000000002
9791,0,3.2886000000000002
9792,-4.5324,3.2719
9793,-6.2126999999999999,3.2663000000000002
9794,-3.8132000000000001,3.2738
9795,-6.9320000000000004,3.2625999999999999
9796,-13.9694,3.2347000000000001
9797,-13.6098,3.2328000000000001
9798,-15.9536,3.2235
9799,-10.180999999999999,3.2403
9800,-16.2636,3.2198000000000002
9801,-5.0656999999999996,3.2589000000000001
9802,-0.124,3.2774999999999999
9803,-2.0213000000000001,3.2719
9804,-16.8216,3.2198000000000002
9805,-11.8241,3.2328000000000001
9806,-11.414899999999999,3.2347000000000001
9807,-16.889800000000001,3.2141999999999999
9808,-14.0562,3.2216999999999998
9809,-3.1808000000000001,3.2606999999999999
9810,0.79979999999999996,3.2755999999999998
9811,-10.187200000000001,3.2383999999999999
9812,-10.453799999999999,3.2366000000000001
9813,-5.5803000000000003,3.2532999999999999
9814,4.0426000000000002,3.2886000000000002
9815,3.5651999999999999,3.2886000000000002
9816,4.4889999999999999,3.2942
9817,11.049099999999999,3.3203
9818,10.925000000000001,3.3239999999999998
9819,8.1225000000000005,3.3165
9820,0,3.2867999999999999
9821,0,3.2867999999999999
9822,0,3.2848999999999999
9823,0,3.2848999999999999
9824,0,3.2848999999999999
9825,0,3.2867999999999999
9826,-0.124,3.2848999999999999
9827,-8.6494999999999997,3.2551999999999999
9828,-10.615,3.2458999999999998
9829,-16.573599999999999,3.2235
9830,-20.337299999999999,3.2067999999999999
9831,-11.972899999999999,3.2328000000000001
9832,-17.416899999999998,3.2141999999999999
9833,-18.861599999999999,3.2067999999999999
9834,-17.206099999999999,3.2105000000000001
9835,-21.6951,3.1938
9836,-20.913900000000002,3.1938
9837,-19.928000000000001,3.1956000000000002
9838,-16.1768,3.2086999999999999
9839,-16.889800000000001,3.2031000000000001
9840,-11.8179,3.2216999999999998
9841,-10.732799999999999,3.2254
9842,-8.0542999999999996,3.2347000000000001
9843,-9.6167999999999996,3.2290999999999999
9844,-8.3332999999999995,3.2347000000000001
9845,-4.4518000000000004,3.2477
9846,0,3.2682000000000002
9847,-2.7404999999999999,3.2589000000000001
9848,-1.1035999999999999,3.2663000000000002
9849,1.3206,3.2755999999999998
9850,2.5607000000000002,3.2812000000000001
9851,6.7274000000000003,3.2997999999999998
9852,10.7142,3.3165
9853,10.044600000000001,3.3165
9854,11.6815,3.3239999999999998
9855,9.7965999999999998,3.3203
9856,5.1959,3.3054000000000001
9857,6.6467999999999998,3.3109999999999999
9858,0,3.2867999999999999
9859,0,3.2848999999999999
9860,0,3.2848999999999999
9861,0,3.2848999999999999
9862,-0.44640000000000002,3.2848999999999999
9863,0,3.2848999999999999
9864,0,3.2848999999999999
9865,-9.5671999999999997,3.2513999999999998
9866,-10.6212,3.2440000000000002
9867,-17.770299999999999,3.218
9868,-23.933499999999999,3.1919
9869,-24.131900000000002,3.1882000000000001
9870,-16.102399999999999,3.2141999999999999
9871,-10.367000000000001,3.2328000000000001
9872,-13.0146,3.2235
9873,-14.223699999999999,3.2198000000000002
9874,-15.7676,3.2124000000000001
9875,-16.486799999999999,3.2086999999999999
9876,-25.260400000000001,3.177
9877,-22.9724,3.1825999999999999
9878,-16.8154,3.2012
9879,-10.9499,3.2216999999999998
9880,-8.1783000000000001,3.2328000000000001
9881,-12.245699999999999,3.2198000000000002
9882,-4.5324,3.2458999999999998
9883,-4.5324,3.2477
9884,-2.8521000000000001,3.2551999999999999
9885,0,3.2663000000000002
9886,-1.1346000000000001,3.2645
9887,-4.3339999999999996,3.2532999999999999
9888,-4.3402000000000003,3.2532999999999999
9889,-2.7404999999999999,3.2606999999999999
9890,2.0089000000000001,3.2774999999999999
9891,-2.6227,3.2625999999999999
9892,-4.1417999999999999,3.2570000000000001
9893,-4.1417999999999999,3.2570000000000001
9894,-4.1479999999999997,3.2570000000000001
9895,-4.1479999999999997,3.2589000000000001
9896,-4.1417999999999999,3.2589000000000001
9897,-5.7725,3.2532999999999999
9898,-9.4928000000000008,3.2366000000000001
9899,-11.1793,3.2309999999999999
9900,-25.446400000000001,3.1808000000000001
9901,-19.320399999999999,3.1956000000000002
9902,-19.748200000000001,3.1938
9903,-20.4923,3.1901000000000002
9904,-5.7849000000000004,3.2403
9905,-14.415900000000001,3.2124000000000001
9906,-11.972899999999999,3.2198000000000002
9907,-10.460000000000001,3.2235
9908,-4.1108000000000002,3.2458999999999998
9909,-2.1762999999999999,3.2551999999999999
9910,-5.8531000000000004,3.2440000000000002
9911,-3.9744000000000002,3.2513999999999998
9912,-0.29759999999999998,3.2645
9913,1.3206,3.2719
9914,-3.9434,3.2551999999999999
9915,1.3206,3.2738
9916,1.3206,3.2755999999999998
9917,-3.621,3.2589000000000001
9918,-0.1178,3.27
9919,-3.5341999999999998,3.2606999999999999
9920,4.6440000000000001,3.2886000000000002
9921,2.0398999999999998,3.2812000000000001
9922,-3.1436000000000002,3.2645
9923,-4.8177000000000003,3.2589000000000001
9924,-4.8177000000000003,3.2570000000000001
9925,-4.8177000000000003,3.2570000000000001
9926,0,3.2738
9927,-3.0257000000000001,3.2645
9928,-4.7061000000000002,3.2589000000000001
9929,-1.2958000000000001,3.27
9930,0.67579999999999996,3.2774999999999999
9931,2.6351,3.2848999999999999
9932,1.3206,3.2831000000000001
9933,2.6103000000000001,3.2886000000000002
9934,7.9550999999999998,3.3090999999999999
9935,9.5548000000000002,3.3165
9936,8.7114999999999991,3.3165
9937,6.5599999999999996,3.3109999999999999
9938,5.2020999999999997,3.3071999999999999
9939,-2.3809,3.2774999999999999
9940,-11.414899999999999,3.2440000000000002
9941,-10.8506,3.2421000000000002
9942,-7.8993000000000002,3.2532999999999999
9943,-8.9346999999999994,3.2458999999999998
9944,-10.094200000000001,3.2403
9945,-10.422800000000001,3.2383999999999999
9946,-12.698399999999999,3.2290999999999999
9947,-15.823399999999999,3.218
9948,-16.5364,3.2141999999999999
9949,-11.5823,3.2290999999999999
9950,-3.9371999999999998,3.2570000000000001
9951,-6.25,3.2477
9952,-6.2995999999999999,3.2477
9953,-6.4236000000000004,3.2477
9954,-11.607100000000001,3.2290999999999999
9955,-8.1349,3.2403
9956,-13.5664,3.2216999999999998
9957,-6.1631,3.2458999999999998
9958,-6.2126999999999999,3.2458999999999998
9959,-6.2065000000000001,3.2458999999999998
9960,-2.9388999999999998,3.2606999999999999
9961,4.3712,3.2867999999999999
9962,2.0026999999999999,3.2812000000000001
9963,1.3206,3.2793000000000001
9964,6.0824999999999996,3.2997999999999998
9965,3.1993999999999998,3.2886000000000002
9966,1.24,3.2831000000000001
9967,-7.2977999999999996,3.2532999999999999
9968,-7.4093999999999998,3.2513999999999998
9969,-8.9408999999999992,3.2421000000000002
9970,-6.2624000000000004,3.2532999999999999
9971,-10.615,3.2366000000000001
9972,-12.4937,3.2290999999999999
9973,-11.5017,3.2290999999999999
9974,-7.9737,3.2421000000000002
9975,-11.9419,3.2273000000000001
9976,-12.301500000000001,3.2254
9977,-7.0621999999999998,3.2421000000000002
9978,-2.9388999999999998,3.2589000000000001
9979,-2.9451000000000001,3.2606999999999999
9980,-2.8582999999999998,3.2606999999999999
9981,0.72540000000000004,3.2738
9982,0.73160000000000003,3.2755999999999998
9983,-2.7343000000000002,3.2645
9984,-4.3029999999999999,3.2589000000000001
9985,0.73160000000000003,3.2774999999999999
9986,0.72540000000000004,3.2793000000000001
9987,1.9717,3.2831000000000001
9988,-9.0525000000000002,3.2440000000000002
9989,-10.652200000000001,3.2366000000000001
9990,-7.9798999999999998,3.2440000000000002
9991,-6.6592000000000002,3.2477
9992,-1.1035999999999999,3.27
9993,-6.6592000000000002,3.2513999999999998
9994,-4.3029999999999999,3.2589000000000001
9995,-4.2968000000000002,3.2589000000000001
9996,0,3.2738
9997,0.124,3.2755999999999998
9998,1.3268,3.2812000000000001
9999,0.124,3.2774999999999999
10000,-2.5855000000000001,3.2682000000000002
10001,-4.1479999999999997,3.2625999999999999
10002,-4.1479999999999997,3.2625999999999999
10003,-0.93620000000000003,3.2738
10004,-2.4615,3.2682000000000002
10005,-4.0983999999999998,3.2625999999999999
10006,0.0124,3.2774999999999999
10007,0.124,3.2793000000000001
10008,-3.8999999999999999,3.2645
10009,-7.7317999999999998,3.2513999999999998
10010,-2.4119000000000002,3.2682000000000002
10011,0.16120000000000001,3.2793000000000001
10012,3.7635999999999998,3.2924000000000002
10013,4.7247000000000003,3.2997999999999998
10014,5.8841000000000001,3.3054000000000001
10015,1.6802999999999999,3.2886000000000002
10016,-2.8210999999999999,3.2738
10017,-3.8999999999999999,3.2682000000000002
10018,-13.0146,3.2328000000000001
10019,-12.3263,3.2347000000000001
10020,-10.8506,3.2366000000000001
10021,-5.7786999999999997,3.2551999999999999
10022,-5.8097000000000003,3.2551999999999999
10023,-10.0198,3.2383999999999999
10024,-6.0576999999999996,3.2532999999999999
10025,-5.2950999999999997,3.2570000000000001
10026,-5.3323,3.2570000000000001
10027,-6.2126999999999999,3.2532999999999999
10028,0.16120000000000001,3.2755999999999998
10029,-0.73780000000000001,3.2738
10030,-3.7884000000000002,3.2625999999999999
10031,-3.7759999999999998,3.2645
10032,0.16120000000000001,3.2774999999999999
10033,-0.69440000000000002,3.2755999999999998
10034,-0.69440000000000002,3.2755999999999998
10035,-3.5838000000000001,3.2663000000000002
10036,-5.8593000000000002,3.2570000000000001
10037,-10.057,3.2403
10038,-3.7759999999999998,3.2625999999999999
10039,0.67579999999999996,3.2793000000000001
10040,-3.6892,3.2645
10041,1.24,3.2831000000000001
10042,-8.4945000000000004,3.2477
10043,-11.4087,3.2347000000000001
10044,-10.2988,3.2366000000000001
10045,1.2462,3.2793000000000001
10046,4.8425000000000002,3.2942
10047,10.5654,3.3184
10048,8.8788999999999998,3.3165
10049,13.119999999999999,3.3332999999999999
10050,10.4476,3.3258000000000001
10051,7.2854000000000001,3.3165
10052,0,3.2886000000000002
10053,0,3.2886000000000002
10054,0,3.2867999999999999
10055,0,3.2867999999999999
10056,0,3.2867999999999999
10057,0,3.2867999999999999
10058,-6.4173999999999998,3.2645
10059,-9.6663999999999994,3.2513999999999998
10060,-20.4923,3.2105000000000001
10061,-22.0672,3.1993999999999998
10062,-26.252400000000002,3.1825999999999999
10063,-20.814699999999998,3.1956000000000002
10064,-12.3759,3.2254
10065,-15.606299999999999,3.2141999999999999
10066,-13.485799999999999,3.2198000000000002
10067,-12.1775,3.2235
10068,-14.409700000000001,3.2161
10069,-21.0565,3.1919
10070,-26.6555,3.1715
10071,-19.146799999999999,3.1919
10072,-11.7807,3.218
10073,-8.2589000000000006,3.2309999999999999
10074,-6.0143000000000004,3.2403
10075,-4.4518000000000004,3.2458999999999998
10076,-4.4580000000000002,3.2477
10077,3.6023999999999998,3.2793000000000001
10078,-1.054,3.2645
10079,0,3.27
10080,0.72540000000000004,3.2738
10081,0.124,3.2719
10082,1.2462,3.2774999999999999
10083,0.124,3.2738
10084,1.2462,3.2793000000000001
10085,5.7663000000000002,3.2978999999999998
10086,10.559200000000001,3.3165
10087,1.2462,3.2848999999999999
10088,-2.7715000000000001,3.27
10089,-6.2686000000000002,3.2551999999999999
10090,-10.6646,3.2383999999999999
10091,-9.0959000000000003,3.2421000000000002
10092,-0.496,3.2719
10093,-3.2118000000000002,3.2645
10094,-5.4066999999999998,3.2570000000000001
10095,0.2356,3.2755999999999998
10096,-3.2118000000000002,3.2645
10097,-3.2118000000000002,3.2645
10098,-12.3759,3.2309999999999999
10099,-9.5733999999999995,3.2383999999999999
10100,-11.185499999999999,3.2328000000000001
10101,-5.9709000000000003,3.2513999999999998
10102,-7.4218000000000002,3.2440000000000002
10103,-8.9533000000000005,3.2383999999999999
10104,-5.4625000000000004,3.2513999999999998
10105,-2.3871000000000002,3.2625999999999999
10106,1.2462,3.2774999999999999
10107,3.6892,3.2886000000000002
10108,0.68200000000000005,3.2793000000000001
10109,1.1966000000000001,3.2812000000000001
10110,0.2356,3.2793000000000001
10111,0.68200000000000005,3.2812000000000001
10112,1.2834000000000001,3.2831000000000001
10113,0.72540000000000004,3.2831000000000001
10114,4.4889999999999999,3.2978999999999998
10115,13.113799999999999,3.3313999999999999
10116,11.4087,3.3277000000000001
10117,8.2402999999999995,3.3184
10118,0,3.2886000000000002
10119,0,3.2867999999999999
10120,0,3.2867999999999999
10121,0,3.2867999999999999
10122,0,3.2848999999999999
10123,0,3.2848999999999999
10124,0,3.2848999999999999
10125,0,3.2867999999999999
10126,0,3.2848999999999999
10127,0,3.2848999999999999
10128,0,3.2848999999999999
10129,0,3.2867999999999999
10130,0,3.2867999999999999
10131,0,3.2867999999999999
10132,0,3.2867999999999999
10133,0,3.2867999999999999
10134,0,3.2867999999999999
10135,0,3.2867999999999999
10136,0,3.2867999999999999
10137,0,3.2867999999999999
10138,0,3.2867999999999999
10139,0,3.2867999999999999
10140,0,3.2867999999999999
10141,0,3.2867999999999999
10142,0,3.2867999999999999
10143,0,3.2867999999999999
10144,0,3.2867999999999999
10145,0,3.2867999999999999
10146,0,3.2867999999999999
10147,0,3.2886000000000002
10148,0,3.2886000000000002
10149,0,3.2886000000000002
10150,0,3.2886000000000002
10151,-3.9371999999999998,3.2738
10152,-9.0091000000000001,3.2551999999999999
10153,-15.965999999999999,3.2273000000000001
10154,-19.605599999999999,3.2124000000000001
10155,-23.964500000000001,3.1919
10156,-27.697099999999999,3.1751999999999998
10157,-15.290100000000001,3.2161
10158,-16.567399999999999,3.2105000000000001
10159,-20.696899999999999,3.1938
10160,-16.325600000000001,3.2086999999999999
10161,-15.1289,3.2124000000000001
10162,-13.1386,3.218
10163,-13.6594,3.2161
10164,-15.569100000000001,3.2105000000000001
10165,-7.6078000000000001,3.2366000000000001
10166,-11.414899999999999,3.2235
10167,-10.863,3.2254
10168,-9.6229999999999993,3.2290999999999999
10169,0,3.2663000000000002
10170,1.3206,3.2719
10171,1.3268,3.2738
10172,-4.0612000000000004,3.2570000000000001
10173,2.7343000000000002,3.2812000000000001
10174,9.8027999999999995,3.3109999999999999
10175,10.2864,3.3147000000000002
10176,4.1294000000000004,3.2924000000000002
10177,3.4102000000000001,3.2924000000000002
10178,11.563700000000001,3.3239999999999998
10179,10.918799999999999,3.3239999999999998
10180,7.4032,3.3128000000000002
10181,2.3995000000000002,3.2942
10182,0.56420000000000003,3.2886000000000002
10183,0,3.2848999999999999
10184,0,3.2848999999999999
10185,0,3.2848999999999999
10186,0,3.2848999999999999
10187,-0.52700000000000002,3.2831000000000001
10188,-2.1762999999999999,3.2774999999999999
10189,-2.2134999999999998,3.2755999999999998
10190,0,3.2831000000000001
10191,-0.53939999999999999,3.2831000000000001
10192,0,3.2848999999999999
10193,0,3.2848999999999999
10194,0,3.2848999999999999
10195,0,3.2848999999999999
10196,0,3.2848999999999999
10197,0,3.2848999999999999
10198,0,3.2848999999999999
10199,-0.34100000000000003,3.2848999999999999
10200,-1.7733000000000001,3.2793000000000001
10201,-3.3792,3.2738
10202,-6.5785999999999998,3.2606999999999999
10203,-15.054500000000001,3.2290999999999999
10204,-17.249500000000001,3.218
10205,-20.163599999999999,3.2031000000000001
10206,-9.8585999999999991,3.2383999999999999
10207,-5.4191000000000003,3.2551999999999999
10208,-13.820600000000001,3.2254
10209,-19.810199999999998,3.2012
10210,-20.095400000000001,3.1974999999999998
10211,-13.0518,3.2216999999999998
10212,-5.1463000000000001,3.2477
10213,-3.9434,3.2551999999999999
10214,-3.9744000000000002,3.2570000000000001
10215,-6.2188999999999997,3.2477
10216,-11.7807,3.2290999999999999
10217,-9.0959000000000003,3.2366000000000001
10218,-12.5372,3.2235
10219,-11.743499999999999,3.2254
10220,-10.050800000000001,3.2309999999999999
10221,-2.2568999999999999,3.2606999999999999
10222,-2.2134999999999998,3.2606999999999999
10223,-6.0205000000000002,3.2477
10224,-8.8912999999999993,3.2366000000000001
10225,-9.0525000000000002,3.2366000000000001
10226,-6.3739999999999997,3.2440000000000002
10227,-9.2881,3.2347000000000001
10228,-6.2065000000000001,3.2458999999999998
10229,-7.7008000000000001,3.2403
10230,-5.5740999999999996,3.2477
10231,-4.0549999999999997,3.2551999999999999
10232,-4.0612000000000004,3.2551999999999999
10233,-2.4552999999999998,3.2606999999999999
10234,-2.4615,3.2625999999999999
10235,-3.9805999999999999,3.2570000000000001
10236,0.062,3.2719
10237,-2.5421,3.2645
10238,0.68200000000000005,3.2755999999999998
10239,1.2462,3.2793000000000001
10240,3.7574000000000001,3.2886000000000002
10241,4.7247000000000003,3.2942
10242,10.044600000000001,3.3165
10243,6.3987999999999996,3.3054000000000001
10244,10.801,3.3220999999999998
10245,4.8859000000000004,3.3035000000000001
10246,6.3677999999999999,3.3090999999999999
10247,7.5582000000000003,3.3147000000000002
10248,0,3.2867999999999999
10249,0,3.2867999999999999
10250,0,3.2867999999999999
10251,0,3.2848999999999999
10252,0,3.2848999999999999
10253,0,3.2848999999999999
10254,0,3.2848999999999999
10255,0,3.2848999999999999
10256,0,3.2848999999999999
10257,0,3.2848999999999999
10258,0,3.2848999999999999
10259,0,3.2848999999999999
10260,0,3.2848999999999999
10261,0,3.2848999999999999
10262,0,3.2867999999999999
10263,0,3.2867999999999999
10264,0,3.2867999999999999
10265,0,3.2867999999999999
10266,0,3.2867999999999999
10267,-6.7336,3.2625999999999999
10268,-10.6088,3.2458999999999998
10269,-16.102399999999999,3.2235
10270,-22.259399999999999,3.1974999999999998
10271,-26.463200000000001,3.1808000000000001
10272,-31.3368,3.1602999999999999
10273,-27.318899999999999,3.1696
10274,-24.1691,3.1789000000000001
10275,-9.3066999999999993,3.2290999999999999
10276,1.2090000000000001,3.2682000000000002
10277,1.1966000000000001,3.2719
10278,12.2829,3.3165
10279,13.405200000000001,3.3239999999999998
10280,10.7948,3.3184
10281,7.1242000000000001,3.3090999999999999
10282,0,3.2812000000000001
10283,0,3.2812000000000001
10284,0,3.2812000000000001
10285,0,3.2812000000000001
10286,0,3.2831000000000001
10287,0,3.2812000000000001
10288,0,3.2831000000000001
10289,0,3.2831000000000001
10290,0,3.2831000000000001
10291,0,3.2831000000000001
10292,0,3.2831000000000001
10293,0,3.2831000000000001
10294,0,3.2831000000000001
10295,-0.73780000000000001,3.2812000000000001
10296,-4.3029999999999999,3.2682000000000002
10297,-6.5848000000000004,3.2589000000000001
10298,-9.7097999999999995,3.2458999999999998
10299,-18.092700000000001,3.2141999999999999
10300,-15.141299999999999,3.2216999999999998
10301,-8.1349,3.2440000000000002
10302,-2.5421,3.2663000000000002
10303,0.44019999999999998,3.2774999999999999
10304,-3.2924000000000002,3.2663000000000002
10305,-3.9062000000000001,3.2625999999999999
10306,-1.5004,3.2719
10307,-8.1783000000000001,3.2477
10308,-13.3432,3.2273000000000001
10309,-14.6577,3.2216999999999998
10310,-16.2822,3.2124000000000001
10311,-13.1386,3.2216999999999998
10312,-15.4885,3.2141999999999999
10313,-7.9364999999999997,3.2383999999999999
10314,-6.2624000000000004,3.2440000000000002
10315,-2.7404999999999999,3.2589000000000001
10316,0.2356,3.2719
10317,0.2356,3.2738
10318,-6.4236000000000004,3.2477
10319,-6.2624000000000004,3.2477
10320,-5.0967000000000002,3.2532999999999999
10321,-1.5749,3.2663000000000002
10322,-0.33479999999999999,3.2719
10323,-0.33479999999999999,3.2738
10324,-2.7776999999999998,3.2645
10325,-1.5749,3.27
10326,5.3943000000000003,3.2978999999999998
10327,1.5996999999999999,3.2831000000000001
10328,0.28520000000000001,3.2793000000000001
10329,-6.8575999999999997,3.2532999999999999
10330,-4.6936999999999998,3.2606999999999999
10331,-4.7370999999999999,3.2589000000000001
10332,1.1160000000000001,3.2812000000000001
10333,8.2774999999999999,3.3090999999999999
10334,7.0064000000000002,3.3090999999999999
10335,7.1985999999999999,3.3109999999999999
10336,0,3.2848999999999999
10337,0,3.2831000000000001
10338,0,3.2831000000000001
10339,0,3.2831000000000001
10340,0,3.2831000000000001
10341,0,3.2831000000000001
10342,0,3.2831000000000001
10343,0,3.2831000000000001
10344,0,3.2848999999999999
10345,0,3.2848999999999999
10346,0,3.2848999999999999
10347,0,3.2848999999999999
10348,0,3.2848999999999999
10349,0,3.2848999999999999
10350,-3.2986,3.2738
10351,-0.44640000000000002,3.2831000000000001
10352,-0.4526,3.2831000000000001
10353,-0.4526,3.2831000000000001
10354,-0.4526,3.2831000000000001
10355,-2.2134999999999998,3.2774999999999999
10356,-4.6936999999999998,3.2682000000000002
10357,-3.5404,3.2719
10358,-3.528,3.27
10359,-4.5014000000000003,3.2663000000000002
10360,-9.4556000000000004,3.2458999999999998
10361,-11.4955,3.2383999999999999
10362,-4.1417999999999999,3.2645
10363,0,3.2793000000000001
10364,0,3.2793000000000001
10365,0,3.2812000000000001
10366,-6.5785999999999998,3.2589000000000001
10367,-13.833,3.2290999999999999
10368,-22.023800000000001,3.1974999999999998
10369,-26.804300000000001,3.177
10370,-25.204599999999999,3.1789000000000001
10371,-17.497499999999999,3.2012
10372,-11.011900000000001,3.2254
10373,-7.5271999999999997,3.2383999999999999
10374,-12.0969,3.2235
10375,-10.6212,3.2273000000000001
10376,-9.6167999999999996,3.2309999999999999
10377,-8.4945000000000004,3.2347000000000001
10378,-3.621,3.2532999999999999
10379,1.24,3.2719
10380,1.2090000000000001,3.2755999999999998
10381,-3.4226000000000001,3.2589000000000001
10382,-3.4102000000000001,3.2589000000000001
10383,-3.4163999999999999,3.2589000000000001
10384,-3.4163999999999999,3.2606999999999999
10385,-3.4226000000000001,3.2606999999999999
10386,-9.5733999999999995,3.2366000000000001
10387,-5.0347,3.2532999999999999
10388,-8.5007000000000001,3.2383999999999999
10389,-5.9089,3.2477
10390,-7.3784000000000001,3.2421000000000002
10391,-8.9037000000000006,3.2366000000000001
10392,-6.2188999999999997,3.2458999999999998
10393,-5.4562999999999997,3.2477
10394,-7.7256,3.2403
10395,-6.4236000000000004,3.2440000000000002
10396,-13.857799999999999,3.218
10397,-28.447399999999998,3.1659000000000002
10398,8.8788999999999998,3.2942
10399,-27.2879,3.1696
10400,-6.2126999999999999,3.2383999999999999
10401,-2.9264999999999999,3.2551999999999999
10402,5.0842999999999998,3.2848999999999999
10403,19.029,3.3407
10404,17.677299999999999,3.3407
10405,15.0421,3.3351000000000002
10406,11.929500000000001,3.3277000000000001
10407,8.6433,3.3165
10408,0,3.2848999999999999
10409,0,3.2831000000000001
10410,0,3.2831000000000001
10411,0,3.2831000000000001
10412,0,3.2831000000000001
10413,0,3.2831000000000001
10414,0,3.2831000000000001
10415,0,3.2831000000000001
10416,0,3.2831000000000001
10417,0,3.2831000000000001
10418,0,3.2831000000000001
10419,0,3.2831000000000001
10420,0,3.2831000000000001
10421,0,3.2831000000000001
10422,0,3.2831000000000001
10423,0,3.2848999999999999
10424,0,3.2848999999999999
10425,0,3.2831000000000001
10426,0,3.2848999999999999
10427,0,3.2848999999999999
10428,0,3.2848999999999999
10429,0,3.2848999999999999
10430,0,3.2848999999999999
10431,0,3.2848999999999999
10432,0,3.2848999999999999
10433,0,3.2848999999999999
10434,0,3.2848999999999999
10435,0,3.2848999999999999
10436,-4.8611000000000004,3.2682000000000002
10437,-10.5654,3.2440000000000002
10438,-17.770299999999999,3.218
10439,-18.613499999999998,3.2105000000000001
10440,-16.486799999999999,3.2161
10441,-14.9863,3.218
10442,-9.4928000000000008,3.2366000000000001
10443,-26.053999999999998,3.1789000000000001
10444,-7.0125999999999999,3.2403
10445,-14.0562,3.218
10446,-11.055300000000001,3.2273000000000001
10447,-2.7715000000000001,3.2589000000000001
10448,-20.6783,3.1938
10449,1.1966000000000001,3.2719
10450,0.79979999999999996,3.2719
10451,0.72540000000000004,3.2738
10452,1.2090000000000001,3.2774999999999999
10453,1.6431,3.2793000000000001
10454,1.2090000000000001,3.2793000000000001
10455,0.67579999999999996,3.2793000000000001
10456,4.0797999999999996,3.2924000000000002
10457,3.4039999999999999,3.2905000000000002
10458,3.0505,3.2905000000000002
10459,2.8397000000000001,3.2905000000000002
10460,4.2782,3.2997999999999998
10461,7.4837999999999996,3.3109999999999999
10462,0,3.2848999999999999
10463,0,3.2831000000000001
10464,0,3.2831000000000001
10465,0,3.2831000000000001
10466,0,3.2831000000000001
10467,0,3.2831000000000001
10468,0,3.2831000000000001
10469,0,3.2831000000000001
10470,0,3.2831000000000001
10471,0,3.2831000000000001
10472,0,3.2831000000000001
10473,0,3.2848999999999999
10474,0,3.2848999999999999
10475,0,3.2831000000000001
10476,0,3.2848999999999999
10477,0,3.2848999999999999
10478,0,3.2848999999999999
10479,0,3.2848999999999999
10480,0,3.2848999999999999
10481,0,3.2848999999999999
10482,0,3.2848999999999999
10483,0,3.2848999999999999
10484,0,3.2848999999999999
10485,0,3.2867999999999999
10486,0,3.2848999999999999
10487,0,3.2867999999999999
10488,0,3.2867999999999999
10489,0,3.2867999999999999
10490,0,3.2867999999999999
10491,0,3.2867999999999999
10492,0,3.2867999999999999
10493,-9.5671999999999997,3.2513999999999998
10494,-9.4184000000000001,3.2477
10495,-15.2963,3.2254
10496,-18.6631,3.2105000000000001
10497,-21.087499999999999,3.1974999999999998
10498,-23.332000000000001,3.1882000000000001
10499,-6.2995999999999999,3.2458999999999998
10500,-9.2632999999999992,3.2366000000000001
10501,-27.7715,3.1715
10502,-13.0952,3.2198000000000002
10503,-10.584,3.2273000000000001
10504,-4.5324,3.2513999999999998
10505,0.79979999999999996,3.2719
10506,1.6802999999999999,3.2774999999999999
10507,1.6740999999999999,3.2793000000000001
10508,1.2090000000000001,3.2793000000000001
10509,1.6059000000000001,3.2812000000000001
10510,11.4087,3.3203
10511,7.1242000000000001,3.3071999999999999
10512,-1.7733000000000001,3.2755999999999998
10513,-4.5262000000000002,3.2645
10514,-4.6688000000000001,3.2625999999999999
10515,-6.0205000000000002,3.2570000000000001
10516,-11.972899999999999,3.2328000000000001
10517,-20.089200000000002,3.2012
10518,-22.2532,3.1901000000000002
10519,-20.4923,3.1919
10520,-5.3446999999999996,3.2458999999999998
10521,-0.50219999999999998,3.2663000000000002
10522,-1.8601000000000001,3.2625999999999999
10523,5.6795,3.2924000000000002
10524,10.652200000000001,3.3147000000000002
10525,7.2915999999999999,3.3054000000000001
10526,4.0797999999999996,3.2942
10527,-1.8973,3.2738
10528,-17.695900000000002,3.2141999999999999
10529,-21.7819,3.1938
10530,-20.814699999999998,3.1938
10531,-21.019300000000001,3.1901000000000002
10532,-15.2157,3.2105000000000001
10533,-8.5441000000000003,3.2328000000000001
10534,-7.335,3.2383999999999999
10535,-5.2641,3.2458999999999998
10536,0.67579999999999996,3.27
10537,-2.1762999999999999,3.2606999999999999
10538,-5.8964999999999996,3.2458999999999998
10539,-5.2145000000000001,3.2477
10540,-2.2134999999999998,3.2606999999999999
10541,-2.1825000000000001,3.2625999999999999
10542,-3.6892,3.2570000000000001
10543,-10.094200000000001,3.2328000000000001
10544,-10.2988,3.2309999999999999
10545,-5.4562999999999997,3.2477
10546,0.155,3.27
10547,1.24,3.2755999999999998
10548,-5.2579000000000002,3.2532999999999999
10549,-8.9037000000000006,3.2383999999999999
10550,-11.935700000000001,3.2254
10551,-4.0549999999999997,3.2532999999999999
10552,0,3.27
10553,-9.2136999999999993,3.2366000000000001
10554,-11.607100000000001,3.2254
10555,-14.174099999999999,3.2161
10556,-18.619700000000002,3.1974999999999998
10557,-13.857799999999999,3.2124000000000001
10558,-11.830299999999999,3.2198000000000002
10559,-8.9346999999999994,3.2290999999999999
10560,-9.0525000000000002,3.2290999999999999
10561,-9.2074999999999996,3.2290999999999999
10562,-5.0471000000000004,3.2440000000000002
10563,-1.5749,3.2589000000000001
10564,-3.2242000000000002,3.2551999999999999
10565,-3.2242000000000002,3.2551999999999999
10566,-6.6529999999999996,3.2421000000000002
10567,-10.788600000000001,3.2254
10568,0.68200000000000005,3.2682000000000002
10569,1.3268,3.2719
10570,0.67579999999999996,3.2719
10571,-8.8107000000000006,3.2366000000000001
10572,-12.065899999999999,3.2235
10573,-10.695600000000001,3.2273000000000001
10574,-7.6635999999999997,3.2366000000000001
10575,-6.8575999999999997,3.2403
10576,-3.3792,3.2532999999999999
10577,1.3206,3.2719
10578,2.0398999999999998,3.2774999999999999
10579,-6.4917999999999996,3.2458999999999998
10580,-8.9346999999999994,3.2347000000000001
10581,-12.251899999999999,3.2235
10582,-12.531000000000001,3.2198000000000002
10583,-13.7896,3.2141999999999999
10584,-11.464499999999999,3.2216999999999998
10585,-8.2527000000000008,3.2328000000000001
10586,-1.8601000000000001,3.2570000000000001
10587,1.3206,3.27
10588,21.310700000000001,3.3481999999999998
10589,19.524999999999999,3.3500000000000001
10590,18.272500000000001,3.3500000000000001
10591,15.513299999999999,3.3407
10592,12.3635,3.3313999999999999
10593,9.0772999999999993,3.3203
10594,0,3.2867999999999999
10595,0,3.2848999999999999
10596,0,3.2831000000000001
10597,0,3.2831000000000001
10598,0,3.2831000000000001
10599,0,3.2831000000000001
10600,0,3.2831000000000001
10601,0,3.2831000000000001
10602,0,3.2831000000000001
10603,0,3.2831000000000001
10604,0,3.2831000000000001
10605,0,3.2831000000000001
10606,0,3.2831000000000001
10607,0,3.2831000000000001
10608,0,3.2831000000000001
10609,0,3.2831000000000001
10610,0,3.2831000000000001
10611,0,3.2831000000000001
10612,0,3.2848999999999999
10613,0,3.2831000000000001
10614,0,3.2848999999999999
10615,0,3.2848999999999999
10616,0,3.2848999999999999
10617,0,3.2848999999999999
10618,0,3.2848999999999999
10619,0,3.2848999999999999
10620,0,3.2848999999999999
10621,0,3.2848999999999999
10622,0,3.2848999999999999
10623,0,3.2848999999999999
10624,0,3.2848999999999999
10625,0,3.2867999999999999
10626,0,3.2867999999999999
10627,0,3.2848999999999999
10628,0,3.2848999999999999
10629,0,3.2848999999999999
10630,0,3.2848999999999999
10631,0,3.2867999999999999
10632,0,3.2848999999999999
10633,0,3.2867999999999999
10634,0,3.2867999999999999
10635,0,3.2867999999999999
10636,-10.453799999999999,3.2458999999999998
10637,-14.415900000000001,3.2309999999999999
10638,-18.2973,3.2124000000000001
10639,-22.767800000000001,3.1938
10640,-28.571400000000001,3.1696
10641,-33.407699999999998,3.1490999999999998
10642,-29.197600000000001,3.1602999999999999
10643,-28.162199999999999,3.1621999999999999
10644,-22.277999999999999,3.1789000000000001
10645,-12.1341,3.2141999999999999
10646,2.6351,3.27
10647,1.8043,3.27
10648,0.67579999999999996,3.2682000000000002
10649,-7.3659999999999997,3.2383999999999999
10650,-6.0949,3.2440000000000002
10651,-6.1755000000000004,3.2421000000000002
10652,-9.0525000000000002,3.2328000000000001
10653,-21.447099999999999,3.1882000000000001
10654,2.7281,3.2738
10655,14.000400000000001,3.3203
10656,6.0328999999999997,3.2942
10657,16.071400000000001,3.3332999999999999
10658,6.9134000000000002,3.3054000000000001
10659,1.0044,3.2831000000000001
10660,-10.180999999999999,3.2403
10661,-6.7397999999999998,3.2513999999999998
10662,-15.612500000000001,3.218
10663,-26.7423,3.1732999999999998
10664,-30.809699999999999,3.1547000000000001
10665,-39.930500000000002,3.1212
10666,-39.911900000000003,3.1175000000000002
10667,-39.911900000000003,3.1137999999999999
10668,-39.918100000000003,3.1101000000000001
10669,-25.241800000000001,3.1547000000000001
10670,-39.930500000000002,3.1063000000000001
10671,-30.084299999999999,3.1360999999999999
10672,-39.911900000000003,3.1044999999999998
10673,-38.2502,3.1063000000000001
10674,-39.930500000000002,3.1008
10675,-29.1294,3.1343000000000001
10676,-27.418099999999999,3.1398000000000001
10677,-25.8432,3.1436000000000002
10678,-10.453799999999999,3.1974999999999998
10679,-6.3739999999999997,3.2141999999999999
10680,-8.6928999999999998,3.2086999999999999
10681,-6.2126999999999999,3.2198000000000002
10682,-10.2058,3.2067999999999999
10683,-10.2058,3.2067999999999999
10684,-10.1996,3.2086999999999999
10685,-10.224399999999999,3.2086999999999999
10686,-14.769299999999999,3.1919
10687,-14.8499,3.1901000000000002
10688,-21.775700000000001,3.1677
10689,-24.4481,3.1547000000000001
10690,-24.937899999999999,3.1528999999999998
10691,-20.703099999999999,3.1677
10692,-23.406400000000001,3.1566000000000001
10693,-26.252400000000002,3.1454
10694,-21.850100000000001,3.1602999999999999
10695,-24.665099999999999,3.1490999999999998
10696,-30.084299999999999,3.1305000000000001
10697,-39.918100000000003,3.097
10698,-39.527500000000003,3.097
10699,-27.697099999999999,3.1343000000000001
10700,-22.780200000000001,3.1490999999999998
10701,-17.497499999999999,3.1696
10702,-12.351100000000001,3.1863000000000001
10703,-7.4218000000000002,3.2067999999999999
10704,-14.6577,3.1825999999999999
10705,-19.890799999999999,3.1659000000000002
10706,-22.960000000000001,3.1528999999999998
10707,-25.886600000000001,3.1436000000000002
10708,-20.634899999999998,3.1602999999999999
10709,-26.432200000000002,3.1398000000000001
10710,-21.093699999999998,3.1566000000000001
10711,-24.2807,3.1454
10712,-18.812000000000001,3.1659000000000002
10713,-16.1768,3.1751999999999998
10714,-11.371499999999999,3.1919
10715,-16.052800000000001,3.177
10716,-16.046600000000002,3.177
10717,-16.052800000000001,3.177
10718,-16.059000000000001,3.177
10719,-16.052800000000001,3.177
10720,-13.3432,3.1863000000000001
10721,-8.3394999999999992,3.2067999999999999
10722,-8.1721000000000004,3.2086999999999999
10723,1.4818,3.2440000000000002
10724,-2.1019000000000001,3.2328000000000001
10725,-4.5758000000000001,3.2254
10726,-9.6912000000000003,3.2086999999999999
10727,-6.9320000000000004,3.218
10728,-11.5327,3.2012
10729,-21.9742,3.1659000000000002
10730,-16.8154,3.1808000000000001
10731,-16.852599999999999,3.1808000000000001
10732,-14.2919,3.1882000000000001
10733,-6.9753999999999996,3.2161
10734,-4.1417999999999999,3.2254
10735,-4.1045999999999996,3.2290999999999999
10736,-3.8999999999999999,3.2309999999999999
10737,-1.0105999999999999,3.2421000000000002
10738,-20.6907,3.1732999999999998
10739,-3.5838000000000001,3.2309999999999999
10740,-10.615,3.2086999999999999
10741,-8.6494999999999997,3.2141999999999999
10742,-8.4945000000000004,3.2161
10743,-15.290100000000001,3.1919
10744,-11.055300000000001,3.2067999999999999
10745,-39.924300000000002,3.1063000000000001
10746,2.0398999999999998,3.2477
10747,-39.924300000000002,3.1063000000000001
10748,-13.8888,3.1882000000000001
10749,-27.1267,3.1436000000000002
10750,-39.918100000000003,3.1008
10751,-28.441199999999998,3.1343000000000001
10752,-20.517099999999999,3.1621999999999999
10753,-26.370200000000001,3.1417000000000002
10754,-15.699400000000001,3.177
10755,-10.869199999999999,3.1956000000000002
10756,0,3.2366000000000001
10757,1.6493,3.2440000000000002
10758,4.6875,3.2606999999999999
10759,7.8868999999999998,3.2738
10760,6.5662000000000003,3.2719
10761,-12.8162,3.2031000000000001
10762,-12.8224,3.2012
10763,-3.1808000000000001,3.2347000000000001
10764,6.6467999999999998,3.2738
10765,-10.2058,3.2141999999999999
10766,-14.2547,3.1974999999999998
10767,-10.212,3.2124000000000001
10768,-2.5421,3.2383999999999999
10769,-9.8957999999999995,3.2141999999999999
10770,-11.5885,3.2086999999999999
10771,-11.5885,3.2086999999999999
10772,-2.3065000000000002,3.2383999999999999
10773,0,3.2513999999999998
10774,0.124,3.2532999999999999
10775,5.1276999999999999,3.2719
10776,7.9675000000000002,3.2848999999999999
10777,7.9116999999999997,3.2867999999999999
10778,9.0772999999999993,3.2942
10779,9.0029000000000003,3.2942
10780,7.7565999999999997,3.2924000000000002
10781,8.8107000000000006,3.2997999999999998
10782,15.153700000000001,3.3239999999999998
10783,11.600899999999999,3.3128000000000002
10784,14.1617,3.3239999999999998
10785,9.9640000000000004,3.3109999999999999
10786,8.5254999999999992,3.3071999999999999
10787,5.5617000000000001,3.2978999999999998
10788,4.6440000000000001,3.2924000000000002
10789,-3.3048000000000002,3.2645
10790,1.3206,3.2793000000000001
10791,5.2454999999999998,3.2924000000000002
10792,8.9099000000000004,3.3090999999999999
10793,15.718,3.3351000000000002
10794,17.795100000000001,3.3462999999999998
10795,5.8841000000000001,3.3054000000000001
10796,3.7202000000000002,3.2942
10797,1.5687,3.2867999999999999
10798,5.2020999999999997,3.3016999999999999
10799,4.7247000000000003,3.2997999999999998
10800,8.4758999999999993,3.3128000000000002
10801,3.7635999999999998,3.2978999999999998
10802,0,3.2812000000000001
10803,0,3.2812000000000001
10804,0,3.2812000000000001
10805,0,3.2812000000000001
10806,0,3.2812000000000001
10807,0,3.2793000000000001
10808,0,3.2793000000000001
10809,0,3.2793000000000001
10810,0,3.2793000000000001
10811,0,3.2793000000000001
10812,0,3.2793000000000001
10813,0,3.2793000000000001
10814,0,3.2793000000000001
10815,0,3.2793000000000001
10816,0,3.2793000000000001
10817,0,3.2793000000000001
10818,0,3.2793000000000001
10819,-3.2924000000000002,3.2682000000000002
10820,-10.5778,3.2403
10821,-16.6418,3.2161
10822,-20.175999999999998,3.1993999999999998
10823,-24.5349,3.1825999999999999
10824,-28.187000000000001,3.1677
10825,-27.777699999999999,3.1659000000000002
10826,-30.741499999999998,3.1509999999999998
10827,-16.858799999999999,3.1956000000000002
10828,-21.6951,3.1789000000000001
10829,-20.926300000000001,3.1808000000000001
10830,-23.6111,3.1715
10831,-31.405000000000001,3.1417000000000002
10832,-16.1706,3.1919
10833,-16.741,3.1901000000000002
10834,-13.058,3.2031000000000001
10835,-15.928800000000001,3.1938
10836,-17.584299999999999,3.1882000000000001
10837,-19.779199999999999,3.1789000000000001
10838,-7.8993000000000002,3.2198000000000002
10839,-10.732799999999999,3.2124000000000001
10840,-4.2595999999999998,3.2347000000000001
10841,-0.4526,3.2513999999999998
10842,-8.9346999999999994,3.2216999999999998
10843,-18.855399999999999,3.1863000000000001
10844,-14.775499999999999,3.1974999999999998
10845,-6.5351999999999997,3.2273000000000001
10846,-6.5289999999999999,3.2290999999999999
10847,-6.5351999999999997,3.2290999999999999
10848,-6.5351999999999997,3.2309999999999999
10849,-6.5351999999999997,3.2309999999999999
10850,-7.7194000000000003,3.2273000000000001
10851,-11.427300000000001,3.2141999999999999
10852,-7.8807,3.2254
10853,-4.7370999999999999,3.2366000000000001
10854,0.434,3.2570000000000001
10855,5.1276999999999999,3.2755999999999998
10856,6.0080999999999998,3.2831000000000001
10857,2.2010999999999998,3.2719
10858,15.197100000000001,3.3203
10859,16.561199999999999,3.3296000000000001
10860,20.095400000000001,3.3462999999999998
10861,14.645300000000001,3.3296000000000001
10862,13.554,3.3277000000000001
10863,12.2395,3.3239999999999998
10864,10.559200000000001,3.3203
10865,6.1569000000000003,3.3054000000000001
10866,0,3.2793000000000001
10867,0,3.2793000000000001
10868,0,3.2774999999999999
10869,0,3.2774999999999999
10870,0,3.2774999999999999
10871,0,3.2774999999999999
10872,0,3.2774999999999999
10873,0,3.2774999999999999
10874,0,3.2774999999999999
10875,-8.2898999999999994,3.2458999999999998
10876,-10.6212,3.2366000000000001
10877,-17.0138,3.2124000000000001
10878,-23.1708,3.1863000000000001
10879,-27.325099999999999,3.1696
10880,-32.1676,3.1473
10881,-39.924300000000002,3.1194000000000002
10882,-35.577800000000003,3.1286999999999998
10883,-11.737299999999999,3.2086999999999999
10884,-28.329599999999999,3.1509999999999998
10885,-24.485299999999999,3.1640000000000001
10886,-18.619700000000002,3.1808000000000001
10887,-6.5724,3.2254
10888,-3.1374,3.2383999999999999
10889,0,3.2532999999999999
10890,0.67579999999999996,3.2589000000000001
10891,1.3206,3.2625999999999999
10892,3.6892,3.2738
10893,17.633900000000001,3.3258000000000001
10894,18.043099999999999,3.3332999999999999
10895,15.283899999999999,3.3277000000000001
10896,12.121700000000001,3.3184
10897,8.8912999999999993,3.3090999999999999
10898,0,3.2755999999999998
10899,0,3.2738
10900,0,3.2738
10901,0,3.2738
10902,0,3.2738
10903,0,3.2738
10904,0,3.2738
10905,0,3.2738
10906,0,3.2738
10907,0,3.2738
10908,0,3.2738
10909,0,3.2755999999999998
10910,0,3.2755999999999998
10911,0,3.2755999999999998
10912,0,3.2755999999999998
10913,0,3.2755999999999998
10914,0,3.2755999999999998
10915,0,3.2755999999999998
10916,0,3.2755999999999998
10917,0,3.2755999999999998
10918,0,3.2755999999999998
10919,0,3.2755999999999998
10920,-10.453799999999999,3.2383999999999999
10921,-14.415900000000001,3.2216999999999998
10922,-18.2911,3.2031000000000001
10923,-22.774000000000001,3.1863000000000001
10924,-28.5838,3.1640000000000001
10925,-33.426299999999998,3.1417000000000002
10926,-39.924300000000002,3.1175000000000002
10927,-39.918100000000003,3.1137999999999999
10928,-22.017600000000002,3.1696
10929,-21.775700000000001,3.1715
10930,-39.924300000000002,3.1082000000000001
10931,-28.373000000000001,3.1436000000000002
10932,-14.415900000000001,3.1901000000000002
10933,-24.8139,3.1547000000000001
10934,-10.819599999999999,3.2031000000000001
10935,-14.5213,3.1919
10936,-14.818899999999999,3.1919
10937,-4.5758000000000001,3.2290999999999999
10938,-7.7317999999999998,3.2198000000000002
10939,-7.7751999999999999,3.2198000000000002
10940,-2.6475,3.2383999999999999
10941,-0.65100000000000002,3.2477
10942,-11.2227,3.2124000000000001
10943,-6.5351999999999997,3.2273000000000001
10944,0.48359999999999997,3.2551999999999999
10945,-4.4518000000000004,3.2366000000000001
10946,-4.3836000000000004,3.2383999999999999
10947,-2.4615,3.2458999999999998
10948,-6.2436999999999996,3.2328000000000001
10949,-6.2624000000000004,3.2328000000000001
10950,-6.25,3.2328000000000001
10951,-6.2624000000000004,3.2328000000000001
10952,-6.25,3.2328000000000001
10953,-2.4119000000000002,3.2477
10954,-8.1038999999999994,3.2273000000000001
10955,-8.1349,3.2273000000000001
10956,-11.0181,3.218
10957,-0.52700000000000002,3.2551999999999999
10958,-2.4056999999999999,3.2477
10959,-6.1755000000000004,3.2366000000000001
10960,-6.1692999999999998,3.2347000000000001
10961,-2.3871000000000002,3.2513999999999998
10962,-2.2940999999999998,3.2513999999999998
10963,-4.1479999999999997,3.2440000000000002
10964,5.9584999999999999,3.2831000000000001
10965,10.1624,3.3016999999999999
10966,13.076599999999999,3.3147000000000002
10967,13.7896,3.3220999999999998
10968,14.7941,3.3277000000000001
10969,15.922599999999999,3.3351000000000002
10970,13.244,3.3277000000000001
10971,13.244,3.3296000000000001
10972,10.646000000000001,3.3220999999999998
10973,6.7645999999999997,3.3071999999999999
10974,0,3.2812000000000001
10975,0,3.2793000000000001
10976,0,3.2793000000000001
10977,0,3.2793000000000001
10978,0,3.2793000000000001
10979,0,3.2774999999999999
10980,0,3.2793000000000001
10981,0,3.2774999999999999
10982,0,3.2774999999999999
10983,-3.9434,3.2645
10984,-7.5023999999999997,3.2477
10985,-6.6219999999999999,3.2513999999999998
10986,-3.5899999999999999,3.2606999999999999
10987,-11.377700000000001,3.2309999999999999
10988,-7.0621999999999998,3.2458999999999998
10989,-6.5785999999999998,3.2458999999999998
10990,-10.2616,3.2328000000000001
10991,-15.8172,3.2124000000000001
10992,-17.416899999999998,3.2031000000000001
10993,-16.2822,3.2067999999999999
10994,-13.8826,3.2124000000000001
10995,-13.461,3.2141999999999999
10996,-11.9605,3.218
10997,-13.299799999999999,3.2141999999999999
10998,-14.415900000000001,3.2086999999999999
10999,-12.5372,3.2141999999999999
11000,-11.737299999999999,3.2161
11001,-8.6556999999999995,3.2273000000000001
11002,-5.2516999999999996,3.2403
11003,-3.7884000000000002,3.2458999999999998
11004,-3.7759999999999998,3.2458999999999998
11005,-3.7884000000000002,3.2477
11006,-3.7884000000000002,3.2477
11007,-3.7884000000000002,3.2477
11008,-11.737299999999999,3.2216999999999998
11009,-6.2995999999999999,3.2383999999999999
11010,-6.3739999999999997,3.2383999999999999
11011,0.68200000000000005,3.2645
11012,0.67579999999999996,3.2682000000000002
11013,-0.73780000000000001,3.2625999999999999
11014,-3.7884000000000002,3.2532999999999999
11015,-3.7884000000000002,3.2532999999999999
11016,1.7608999999999999,3.2719
11017,6.1569000000000003,3.2905000000000002
11018,16.431000000000001,3.3313999999999999
11019,13.2378,3.3239999999999998
11020,10.639799999999999,3.3184
11021,0,3.2774999999999999
11022,0,3.2774999999999999
11023,0,3.2755999999999998
11024,0,3.2755999999999998
11025,0,3.2755999999999998
11026,0,3.2755999999999998
11027,0,3.2755999999999998
11028,0,3.2755999999999998
11029,0,3.2755999999999998
11030,0,3.2755999999999998
11031,0,3.2755999999999998
11032,0,3.2774999999999999
11033,0,3.2774999999999999
11034,0,3.2774999999999999
11035,0,3.2774999999999999
11036,0,3.2774999999999999
11037,0,3.2774999999999999
11038,0,3.2774999999999999
11039,0,3.2774999999999999
11040,0,3.2774999999999999
11041,-10.453799999999999,3.2383999999999999
11042,-14.409700000000001,3.2216999999999998
11043,-18.2911,3.2067999999999999
11044,-22.538399999999999,3.1863000000000001
11045,-13.2502,3.218
11046,-13.0146,3.218
11047,-10.9747,3.2235
11048,-2.0956999999999999,3.2570000000000001
11049,-2.1019000000000001,3.2589000000000001
11050,-6.2686000000000002,3.2421000000000002
11051,-4.0922000000000001,3.2513999999999998
11052,-2.1019000000000001,3.2606999999999999
11053,-0.124,3.2682000000000002
11054,1.0044,3.2738
11055,-1.1035999999999999,3.2663000000000002
11056,0.2356,3.2719
11057,-6.2126999999999999,3.2477
11058,-3.1745999999999999,3.2589000000000001
11059,-1.1035999999999999,3.2663000000000002
11060,0.56420000000000003,3.2738
11061,-1.054,3.2682000000000002
11062,-2.0089000000000001,3.2645
11063,-3.0194999999999999,3.2606999999999999
11064,-6.2126999999999999,3.2477
11065,-7.2110000000000003,3.2440000000000002
11066,-10.410399999999999,3.2309999999999999
11067,-8.9037000000000006,3.2347000000000001
11068,-12.487500000000001,3.2216999999999998
11069,-10.9499,3.2254
11070,-3.8999999999999999,3.2513999999999998
11071,-3.9434,3.2513999999999998
11072,-7.6883999999999997,3.2366000000000001
11073,-7.4962,3.2366000000000001
11074,-7.6078000000000001,3.2366000000000001
11075,-4.5324,3.2477
11076,-3.1808000000000001,3.2551999999999999
11077,-3.1745999999999999,3.2551999999999999
11078,-5.2950999999999997,3.2458999999999998
11079,-14.9367,3.2124000000000001
11080,-20.455100000000002,3.1882000000000001
11081,-15.2219,3.2067999999999999
11082,-10.788600000000001,3.2198000000000002
11083,-10.410399999999999,3.2216999999999998
11084,3.9247999999999998,3.2755999999999998
11085,17.621500000000001,3.3296000000000001
11086,16.158200000000001,3.3296000000000001
11087,13.0456,3.3220999999999998
11088,9.6850000000000005,3.3128000000000002
11089,0,3.2774999999999999
11090,0,3.2755999999999998
11091,0,3.2755999999999998
11092,0,3.2755999999999998
11093,0,3.2755999999999998
11094,0,3.2755999999999998
11095,0,3.2755999999999998
11096,0,3.2755999999999998
11097,0,3.2755999999999998
11098,0,3.2755999999999998
11099,0,3.2755999999999998
11100,0,3.2755999999999998
11101,0,3.2774999999999999
11102,0,3.2774999999999999
11103,0,3.2774999999999999
11104,0,3.2774999999999999
11105,0,3.2774999999999999
11106,0,3.2774999999999999
11107,0,3.2774999999999999
11108,0,3.2774999999999999
11109,0,3.2774999999999999
11110,0,3.2774999999999999
11111,0,3.2774999999999999
11112,0,3.2774999999999999
11113,0,3.2793000000000001
11114,0,3.2793000000000001
11115,0,3.2793000000000001
11116,0,3.2793000000000001
11117,0,3.2793000000000001
11118,-6.4236000000000004,3.2551999999999999
11119,-8.1287000000000003,3.2458999999999998
11120,-17.0944,3.2124000000000001
11121,-13.864000000000001,3.2216999999999998
11122,-16.3628,3.2105000000000001
11123,-11.972899999999999,3.2235
11124,-11.607100000000001,3.2254
11125,-19.965199999999999,3.1919
11126,-21.564900000000002,3.1844999999999999
11127,-16.492999999999999,3.1993999999999998
11128,-15.693199999999999,3.2012
11129,-15.420299999999999,3.2012
11130,-17.497499999999999,3.1938
11131,-13.454800000000001,3.2086999999999999
11132,-7.5644,3.2290999999999999
11133,-9.1331000000000007,3.2235
11134,-5.6113,3.2366000000000001
11135,-5.6547000000000001,3.2383999999999999
11136,-4.0922000000000001,3.2440000000000002
11137,-6.5476000000000001,3.2366000000000001
11138,-5.6856999999999998,3.2383999999999999
11139,-4.1294000000000004,3.2458999999999998
11140,1.24,3.2682000000000002
11141,1.24,3.2682000000000002
11142,10.081799999999999,3.3054000000000001
11143,11.154500000000001,3.3128000000000002
11144,13.312200000000001,3.3220999999999998
11145,7.7938000000000001,3.3054000000000001
11146,6.2003000000000004,3.2997999999999998
11147,7.6016000000000004,3.3071999999999999
11148,0,3.2774999999999999
11149,0,3.2774999999999999
11150,0,3.2774999999999999
11151,0,3.2755999999999998
11152,0,3.2755999999999998
11153,0,3.2755999999999998
11154,0,3.2755999999999998
11155,0,3.2774999999999999
11156,0,3.2774999999999999
11157,0,3.2774999999999999
11158,0,3.2774999999999999
11159,0,3.2774999999999999
11160,0,3.2774999999999999
11161,0,3.2774999999999999
11162,0,3.2774999999999999
11163,0,3.2774999999999999
11164,0,3.2774999999999999
11165,0,3.2774999999999999
11166,-4.5324,3.2625999999999999
11167,-6.2126999999999999,3.2532999999999999
11168,-3.8132000000000001,3.2625999999999999
11169,-6.9320000000000004,3.2513999999999998
11170,-13.9756,3.2216999999999998
11171,-13.6098,3.2216999999999998
11172,-15.935,3.2105000000000001
11173,-10.187200000000001,3.2290999999999999
11174,-16.251200000000001,3.2067999999999999
11175,-5.0533000000000001,3.2440000000000002
11176,-0.1178,3.2663000000000002
11177,-2.0089000000000001,3.2606999999999999
11178,-16.8278,3.2067999999999999
11179,-11.8241,3.2216999999999998
11180,-11.427300000000001,3.2216999999999998
11181,-16.902200000000001,3.1993999999999998
11182,-14.0625,3.2105000000000001
11183,-3.1745999999999999,3.2477
11184,0.79979999999999996,3.2663000000000002
11185,-10.180999999999999,3.2273000000000001
11186,-10.4476,3.2235
11187,-5.5740999999999996,3.2403
11188,4.0426000000000002,3.2793000000000001
11189,3.5651999999999999,3.2793000000000001
11190,4.4889999999999999,3.2848999999999999
11191,11.0367,3.3128000000000002
11192,10.925000000000001,3.3147000000000002
11193,8.1225000000000005,3.3071999999999999
11194,0,3.2774999999999999
11195,0,3.2755999999999998
11196,0,3.2755999999999998
11197,0,3.2755999999999998
11198,0,3.2755999999999998
11199,0,3.2755999999999998
11200,-0.27279999999999999,3.2755999999999998
11201,-8.6556999999999995,3.2421000000000002
11202,-10.615,3.2347000000000001
11203,-16.585999999999999,3.2105000000000001
11204,-20.3249,3.1919
11205,-11.972899999999999,3.2216999999999998
11206,-17.416899999999998,3.1993999999999998
11207,-18.861599999999999,3.1919
11208,-17.224699999999999,3.1956000000000002
11209,-21.6889,3.1789000000000001
11210,-20.901499999999999,3.1789000000000001
11211,-19.934200000000001,3.1825999999999999
11212,-16.1768,3.1938
11213,-16.889800000000001,3.1901000000000002
11214,-11.8179,3.2105000000000001
11215,-10.726599999999999,3.2141999999999999
11216,-8.0604999999999993,3.2235
11217,-9.6167999999999996,3.2198000000000002
11218,-8.3332999999999995,3.2235
11219,-4.4518000000000004,3.2383999999999999
11220,0,3.2570000000000001
11221,-2.7404999999999999,3.2477
11222,-1.1035999999999999,3.2551999999999999
11223,1.3206,3.2663000000000002
11224,2.5607000000000002,3.2719
11225,6.7149999999999999,3.2886000000000002
11226,10.7142,3.3071999999999999
11227,10.038399999999999,3.3090999999999999
11228,11.6753,3.3165
11229,9.7965999999999998,3.3128000000000002
11230,5.2020999999999997,3.2942
11231,6.6406000000000001,3.3016999999999999
11232,0,3.2774999999999999
11233,0,3.2755999999999998
11234,0,3.2755999999999998
11235,0,3.2755999999999998
11236,-0.44640000000000002,3.2738
11237,0,3.2755999999999998
11238,0,3.2755999999999998
11239,-9.5671999999999997,3.2403
11240,-10.615,3.2328000000000001
11241,-17.776499999999999,3.2067999999999999
11242,-23.921099999999999,3.1808000000000001
11243,-24.138100000000001,3.1751999999999998
11244,-16.108599999999999,3.1993999999999998
11245,-10.373200000000001,3.2216999999999998
11246,-13.0146,3.2124000000000001
11247,-14.223699999999999,3.2067999999999999
11248,-15.7676,3.1993999999999998
11249,-16.486799999999999,3.1956000000000002
11250,-25.254200000000001,3.1640000000000001
11251,-22.9786,3.1696
11252,-16.8154,3.1882000000000001
11253,-10.9499,3.2105000000000001
11254,-8.1783000000000001,3.2216999999999998
11255,-12.245699999999999,3.2086999999999999
11256,-4.5385999999999997,3.2347000000000001
11257,-4.5262000000000002,3.2366000000000001
11258,-2.8521000000000001,3.2440000000000002
11259,0,3.2570000000000001
11260,-1.1346000000000001,3.2551999999999999
11261,-4.3277999999999999,3.2421000000000002
11262,-4.3339999999999996,3.2421000000000002
11263,-2.7404999999999999,3.2477
11264,2.0026999999999999,3.2682000000000002
11265,-2.6227,3.2532999999999999
11266,-4.1417999999999999,3.2458999999999998
11267,-4.1417999999999999,3.2458999999999998
11268,-4.1479999999999997,3.2458999999999998
11269,-4.1479999999999997,3.2458999999999998
11270,-4.1417999999999999,3.2458999999999998
11271,-5.7786999999999997,3.2403
11272,-9.4928000000000008,3.2273000000000001
11273,-11.1793,3.2198000000000002
11274,-25.4526,3.1677
11275,-19.332799999999999,3.1844999999999999
11276,-19.735800000000001,3.1808000000000001
11277,-20.4985,3.177
11278,-5.7911000000000001,3.2290999999999999
11279,-14.4221,3.1974999999999998
11280,-11.966699999999999,3.2086999999999999
11281,-10.4476,3.2141999999999999
11282,-4.0922000000000001,3.2366000000000001
11283,-2.1825000000000001,3.2440000000000002
11284,-5.8593000000000002,3.2328000000000001
11285,-3.9744000000000002,3.2403
11286,-0.29759999999999998,3.2551999999999999
11287,1.3268,3.2645
11288,-3.9434,3.2440000000000002
11289,1.3268,3.2663000000000002
11290,1.3206,3.2663000000000002
11291,-3.6147999999999998,3.2477
11292,-0.124,3.2625999999999999
11293,-3.528,3.2477
11294,4.6440000000000001,3.2812000000000001
11295,2.0398999999999998,3.2738
11296,-3.1436000000000002,3.2551999999999999
11297,-4.8239000000000001,3.2458999999999998
11298,-4.8239000000000001,3.2458999999999998
11299,-4.8177000000000003,3.2458999999999998
11300,0,3.2645
11301,-3.0257000000000001,3.2551999999999999
11302,-4.6875,3.2477
11303,-1.2958000000000001,3.2606999999999999
11304,0.68200000000000005,3.27
11305,2.6351,3.2774999999999999
11306,1.3206,3.2738
11307,2.6103000000000001,3.2793000000000001
11308,7.9550999999999998,3.3016999999999999
11309,9.5548000000000002,3.3090999999999999
11310,8.7301000000000002,3.3090999999999999
11311,6.5476000000000001,3.3035000000000001
11312,5.2020999999999997,3.2978999999999998
11313,-2.3809,3.2682000000000002
11314,-11.427300000000001,3.2328000000000001
11315,-10.863,3.2309999999999999
11316,-7.8930999999999996,3.2403
11317,-8.9408999999999992,3.2366000000000001
11318,-10.094200000000001,3.2309999999999999
11319,-10.422800000000001,3.2273000000000001
11320,-12.698399999999999,3.218
11321,-15.823399999999999,3.2067999999999999
11322,-16.530200000000001,3.1993999999999998
11323,-11.5823,3.218
11324,-3.9434,3.2458999999999998
11325,-6.2624000000000004,3.2383999999999999
11326,-6.2995999999999999,3.2366000000000001
11327,-6.4298000000000002,3.2383999999999999
11328,-11.613300000000001,3.2198000000000002
11329,-8.1410999999999998,3.2309999999999999
11330,-13.5726,3.2105000000000001
11331,-6.1692999999999998,3.2347000000000001
11332,-6.2126999999999999,3.2366000000000001
11333,-6.2126999999999999,3.2366000000000001
11334,-2.9388999999999998,3.2513999999999998
11335,4.3650000000000002,3.2774999999999999
11336,2.0026999999999999,3.2719
11337,1.3206,3.2719
11338,6.0762999999999998,3.2905000000000002
11339,3.2056,3.2812000000000001
11340,1.2462,3.2755999999999998
11341,-7.3040000000000003,3.2421000000000002
11342,-7.4093999999999998,3.2403
11343,-8.9346999999999994,3.2328000000000001
11344,-6.25,3.2421000000000002
11345,-10.6088,3.2254
11346,-12.4937,3.218
11347,-11.4955,3.2198000000000002
11348,-7.9737,3.2309999999999999
11349,-11.9481,3.2161
11350,-12.301500000000001,3.2141999999999999
11351,-7.0621999999999998,3.2328000000000001
11352,-2.9388999999999998,3.2477
11353,-2.9451000000000001,3.2513999999999998
11354,-2.8582999999999998,3.2513999999999998
11355,0.73160000000000003,3.2663000000000002
11356,0.73160000000000003,3.2682000000000002
11357,-2.7467000000000001,3.2551999999999999
11358,-4.3029999999999999,3.2477
11359,0.73160000000000003,3.2682000000000002
11360,0.72540000000000004,3.27
11361,1.9655,3.2755999999999998
11362,-9.0587,3.2347000000000001
11363,-10.652200000000001,3.2254
11364,-7.9737,3.2347000000000001
11365,-6.6529999999999996,3.2383999999999999
11366,-1.1035999999999999,3.2606999999999999
11367,-6.6592000000000002,3.2383999999999999
11368,-4.2968000000000002,3.2477
11369,-4.2968000000000002,3.2477
11370,0,3.2663000000000002
11371,0.124,3.2663000000000002
11372,1.3206,3.2719
11373,0.1116,3.27
11374,-2.5731000000000002,3.2589000000000001
11375,-4.1479999999999997,3.2532999999999999
11376,-4.1479999999999997,3.2532999999999999
11377,-0.93620000000000003,3.2645
11378,-2.4676999999999998,3.2589000000000001
11379,-4.1045999999999996,3.2532999999999999
11380,0.062,3.2682000000000002
11381,0.13020000000000001,3.27
11382,-3.8999999999999999,3.2551999999999999
11383,-7.7317999999999998,3.2383999999999999
11384,-2.4119000000000002,3.2589000000000001
11385,0.16120000000000001,3.27
11386,3.7574000000000001,3.2831000000000001
11387,4.7309000000000001,3.2886000000000002
11388,5.8841000000000001,3.2942
11389,1.6802999999999999,3.2812000000000001
11390,-2.8210999999999999,3.2645
11391,-3.8999999999999999,3.2589000000000001
11392,-13.0146,3.2235
11393,-12.3325,3.2235
11394,-10.863,3.2273000000000001
11395,-5.7786999999999997,3.2440000000000002
11396,-5.8159000000000001,3.2440000000000002
11397,-10.0198,3.2290999999999999
11398,-6.0576999999999996,3.2421000000000002
11399,-5.2888999999999999,3.2440000000000002
11400,-5.3323,3.2440000000000002
11401,-6.2126999999999999,3.2403
11402,0.155,3.2663000000000002
11403,-0.73160000000000003,3.2645
11404,-3.7884000000000002,3.2532999999999999
11405,-3.7759999999999998,3.2532999999999999
11406,0.155,3.2682000000000002
11407,-0.69440000000000002,3.2663000000000002
11408,-0.69440000000000002,3.2663000000000002
11409,-3.5838000000000001,3.2570000000000001
11410,-5.8593000000000002,3.2458999999999998
11411,-10.057,3.2290999999999999
11412,-3.7759999999999998,3.2532999999999999
11413,0.68200000000000005,3.27
11414,-3.6953999999999998,3.2551999999999999
11415,1.24,3.2738
11416,-8.5007000000000001,3.2366000000000001
11417,-11.414899999999999,3.2254
11418,-10.2988,3.2273000000000001
11419,1.2462,3.27
11420,4.8362999999999996,3.2848999999999999
11421,10.559200000000001,3.3109999999999999
11422,8.8850999999999996,3.3071999999999999
11423,13.126200000000001,3.3258000000000001
11424,10.4352,3.3203
11425,7.2915999999999999,3.3090999999999999
11426,0,3.2793000000000001
11427,0,3.2793000000000001
11428,0,3.2793000000000001
11429,0,3.2793000000000001
11430,0,3.2774999999999999
11431,0,3.2774999999999999
11432,-6.4173999999999998,3.2551999999999999
11433,-9.6478000000000002,3.2383999999999999
11434,-20.4923,3.1956000000000002
11435,-22.0486,3.1863000000000001
11436,-26.233799999999999,3.1696
11437,-20.814699999999998,3.1844999999999999
11438,-12.3759,3.2141999999999999
11439,-15.612500000000001,3.2012
11440,-13.492000000000001,3.2086999999999999
11441,-12.1837,3.2141999999999999
11442,-14.415900000000001,3.2031000000000001
11443,-21.0627,3.1789000000000001
11444,-26.6493,3.1566000000000001
11445,-19.140599999999999,3.1808000000000001
11446,-11.7807,3.2067999999999999
11447,-8.2527000000000008,3.2216999999999998
11448,-6.0080999999999998,3.2290999999999999
11449,-4.4518000000000004,3.2366000000000001
11450,-4.4580000000000002,3.2383999999999999
11451,3.6086,3.27
11452,-1.054,3.2551999999999999
11453,0,3.2606999999999999
11454,0.72540000000000004,3.2645
11455,0.1116,3.2625999999999999
11456,1.24,3.27
11457,0.124,3.2663000000000002
11458,1.24,3.27
11459,5.7663000000000002,3.2886000000000002
11460,10.559200000000001,3.3109999999999999
11461,1.2462,3.2755999999999998
11462,-2.7776999999999998,3.2606999999999999
11463,-6.2624000000000004,3.2458999999999998
11464,-10.6584,3.2273000000000001
11465,-9.0959000000000003,3.2309999999999999
11466,-0.496,3.2645
11467,-3.2118000000000002,3.2551999999999999
11468,-5.4191000000000003,3.2458999999999998
11469,0.2356,3.2682000000000002
11470,-3.2118000000000002,3.2570000000000001
11471,-3.2056,3.2551999999999999
11472,-12.3759,3.2198000000000002
11473,-9.5609999999999999,3.2290999999999999
11474,-11.1793,3.2216999999999998
11475,-5.9832999999999998,3.2403
11476,-7.4218000000000002,3.2347000000000001
11477,-8.9408999999999992,3.2290999999999999
11478,-5.4625000000000004,3.2403
11479,-2.3871000000000002,3.2532999999999999
11480,1.2462,3.2682000000000002
11481,3.6892,3.2793000000000001
11482,0.68200000000000005,3.27
11483,1.2090000000000001,3.2738
11484,0.24179999999999999,3.27
11485,0.68820000000000003,3.2719
11486,1.2896000000000001,3.2755999999999998
11487,0.72540000000000004,3.2738
11488,4.4889999999999999,3.2886000000000002
11489,13.113799999999999,3.3239999999999998
11490,11.4087,3.3203
11491,8.2402999999999995,3.3109999999999999
11492,0,3.2793000000000001
11493,0,3.2774999999999999
11494,0,3.2774999999999999
11495,0,3.2774999999999999
11496,0,3.2774999999999999
11497,0,3.2774999999999999
11498,0,3.2774999999999999
11499,0,3.2774999999999999
11500,0,3.2774999999999999
11501,0,3.2774999999999999
11502,0,3.2774999999999999
11503,0,3.2774999999999999
11504,0,3.2774999999999999
11505,0,3.2774999999999999
11506,0,3.2774999999999999
11507,0,3.2774999999999999
11508,0,3.2774999999999999
11509,0,3.2774999999999999
11510,0,3.2774999999999999
11511,0,3.2774999999999999
11512,0,3.2774999999999999
11513,0,3.2774999999999999
11514,0,3.2774999999999999
11515,0,3.2774999999999999
11516,0,3.2793000000000001
11517,0,3.2793000000000001
11518,0,3.2793000000000001
11519,0,3.2793000000000001
11520,0,3.2793000000000001
11521,0,3.2793000000000001
11522,0,3.2793000000000001
11523,0,3.2793000000000001
11524,0,3.2793000000000001
11525,-3.9371999999999998,3.2645
11526,-9.0214999999999996,3.2421000000000002
11527,-15.9846,3.2161
11528,-19.599399999999999,3.1974999999999998
11529,-23.976900000000001,3.1789000000000001
11530,-27.697099999999999,3.1621999999999999
11531,-15.3025,3.2031000000000001
11532,-16.573599999999999,3.1974999999999998
11533,-20.696899999999999,3.1825999999999999
11534,-16.325600000000001,3.1956000000000002
11535,-15.1351,3.1993999999999998
11536,-13.132400000000001,3.2067999999999999
11537,-13.6532,3.2031000000000001
11538,-15.5753,3.1956000000000002
11539,-7.6201999999999996,3.2254
11540,-11.414899999999999,3.2124000000000001
11541,-10.863,3.2141999999999999
11542,-9.6229999999999993,3.2198000000000002
11543,0,3.2570000000000001
11544,1.3206,3.2645
11545,1.3206,3.2663000000000002
11546,-4.0488,3.2458999999999998
11547,2.7281,3.2719
11548,9.7965999999999998,3.3035000000000001
11549,10.2864,3.3071999999999999
11550,4.1294000000000004,3.2867999999999999
11551,3.4039999999999999,3.2831000000000001
11552,11.563700000000001,3.3165
11553,10.925000000000001,3.3165
11554,7.4093999999999998,3.3054000000000001
11555,2.3995000000000002,3.2867999999999999
11556,0.57040000000000002,3.2793000000000001
11557,0,3.2755999999999998
11558,0,3.2755999999999998
11559,0,3.2755999999999998
11560,0,3.2755999999999998
11561,-0.52700000000000002,3.2738
11562,-2.1825000000000001,3.2682000000000002
11563,-2.2134999999999998,3.2682000000000002
11564,0,3.2755999999999998
11565,-0.52700000000000002,3.2738
11566,0,3.2755999999999998
11567,0,3.2755999999999998
11568,0,3.2755999999999998
11569,0,3.2774999999999999
11570,0,3.2774999999999999
11571,0,3.2774999999999999
11572,0,3.2774999999999999
11573,-0.3286,3.2755999999999998
11574,-1.7733000000000001,3.27
11575,-3.3854000000000002,3.2645
11576,-6.5724,3.2513999999999998
11577,-15.054500000000001,3.218
11578,-17.249500000000001,3.2067999999999999
11579,-20.175999999999998,3.1919
11580,-9.8461999999999996,3.2273000000000001
11581,-5.4253,3.2440000000000002
11582,-13.814399999999999,3.2141999999999999
11583,-19.816400000000002,3.1882000000000001
11584,-20.101600000000001,3.1844999999999999
11585,-13.0642,3.2105000000000001
11586,-5.1463000000000001,3.2383999999999999
11587,-3.9371999999999998,3.2440000000000002
11588,-3.9805999999999999,3.2458999999999998
11589,-6.2126999999999999,3.2383999999999999
11590,-11.7621,3.2161
11591,-9.0959000000000003,3.2254
11592,-12.5372,3.2124000000000001
11593,-11.737299999999999,3.2161
11594,-10.057,3.2198000000000002
11595,-2.2631000000000001,3.2513999999999998
11596,-2.2134999999999998,3.2532999999999999
11597,-6.0205000000000002,3.2383999999999999
11598,-8.9037000000000006,3.2273000000000001
11599,-9.0648999999999997,3.2254
11600,-6.3739999999999997,3.2347000000000001
11601,-9.2942999999999998,3.2254
11602,-6.2126999999999999,3.2347000000000001
11603,-7.6946000000000003,3.2290999999999999
11604,-5.5803000000000003,3.2383999999999999
11605,-4.0549999999999997,3.2440000000000002
11606,-4.0549999999999997,3.2440000000000002
11607,-2.4552999999999998,3.2532999999999999
11608,-2.4552999999999998,3.2532999999999999
11609,-3.9805999999999999,3.2458999999999998
11610,0.055800000000000002,3.2625999999999999
11611,-2.5358999999999998,3.2551999999999999
11612,0.67579999999999996,3.2682000000000002
11613,1.2462,3.2719
11614,3.7635999999999998,3.2812000000000001
11615,4.7247000000000003,3.2867999999999999
11616,10.038399999999999,3.3109999999999999
11617,6.3987999999999996,3.2997999999999998
11618,10.7948,3.3165
11619,4.8796999999999997,3.2942
11620,6.3677999999999999,3.3035000000000001
11621,7.5644,3.3090999999999999
11622,0,3.2793000000000001
11623,0,3.2774999999999999
11624,0,3.2774999999999999
11625,0,3.2774999999999999
11626,0,3.2774999999999999
11627,0,3.2774999999999999
11628,0,3.2774999999999999
11629,0,3.2774999999999999
11630,0,3.2774999999999999
11631,0,3.2774999999999999
11632,0,3.2774999999999999
11633,0,3.2774999999999999
11634,0,3.2774999999999999
11635,0,3.2774999999999999
11636,0,3.2774999999999999
11637,0,3.2774999999999999
11638,0,3.2774999999999999
11639,0,3.2774999999999999
11640,0,3.2774999999999999
11641,-6.7274000000000003,3.2532999999999999
11642,-10.615,3.2347000000000001
11643,-16.0838,3.2124000000000001
11644,-22.2532,3.1863000000000001
11645,-26.450800000000001,3.1677
11646,-31.3306,3.1454
11647,-27.318899999999999,3.1547000000000001
11648,-24.1691,3.1659000000000002
11649,-9.2819000000000003,3.218
11650,1.2090000000000001,3.2606999999999999
11651,1.2090000000000001,3.2625999999999999
11652,12.2829,3.3090999999999999
11653,13.405200000000001,3.3184
11654,10.788600000000001,3.3128000000000002
11655,7.1242000000000001,3.3016999999999999
11656,0,3.2738
11657,0,3.2738
11658,0,3.2738
11659,0,3.2738
11660,0,3.2738
11661,0,3.2738
11662,0,3.2738
11663,0,3.2738
11664,0,3.2738
11665,0,3.2738
11666,0,3.2755999999999998
11667,0,3.2738
11668,0,3.2755999999999998
11669,-0.73780000000000001,3.2719
11670,-4.3029999999999999,3.2589000000000001
11671,-6.5724,3.2477
11672,-9.6850000000000005,3.2347000000000001
11673,-18.086500000000001,3.2012
11674,-15.1289,3.2105000000000001
11675,-8.1349,3.2347000000000001
11676,-2.5358999999999998,3.2570000000000001
11677,0.44019999999999998,3.2682000000000002
11678,-3.2986,3.2570000000000001
11679,-3.8999999999999999,3.2551999999999999
11680,-1.5004,3.2625999999999999
11681,-8.1783000000000001,3.2366000000000001
11682,-13.3432,3.2161
11683,-14.6515,3.2105000000000001
11684,-16.294599999999999,3.1993999999999998
11685,-13.132400000000001,3.2124000000000001
11686,-15.5009,3.1993999999999998
11687,-7.9364999999999997,3.2290999999999999
11688,-6.2624000000000004,3.2347000000000001
11689,-2.7404999999999999,3.2477
11690,0.2356,3.2625999999999999
11691,0.2356,3.2645
11692,-6.4173999999999998,3.2383999999999999
11693,-6.25,3.2383999999999999
11694,-5.0967000000000002,3.2421000000000002
11695,-1.5749,3.2589000000000001
11696,-0.33479999999999999,3.2645
11697,-0.34100000000000003,3.2645
11698,-2.7715000000000001,3.2570000000000001
11699,-1.5749,3.2606999999999999
11700,5.3943000000000003,3.2867999999999999
11701,1.5996999999999999,3.2755999999999998
11702,0.28520000000000001,3.2719
11703,-6.8638000000000003,3.2421000000000002
11704,-4.7061000000000002,3.2513999999999998
11705,-4.7432999999999996,3.2513999999999998
11706,1.1160000000000001,3.2719
11707,8.2960999999999991,3.3035000000000001
11708,7.0064000000000002,3.3016999999999999
11709,7.1985999999999999,3.3035000000000001
11710,0,3.2755999999999998
11711,0,3.2755999999999998
11712,0,3.2755999999999998
11713,0,3.2755999999999998
11714,0,3.2755999999999998
11715,0,3.2755999999999998
11716,0,3.2755999999999998
11717,0,3.2755999999999998
11718,0,3.2755999999999998
11719,0,3.2755999999999998
11720,0,3.2755999999999998
11721,0,3.2755999999999998
11722,0,3.2755999999999998
11723,0,3.2755999999999998
11724,-3.2924000000000002,3.2645
11725,-0.4526,3.2738
11726,-0.4526,3.2738
11727,-0.44640000000000002,3.2738
11728,-0.44640000000000002,3.2755999999999998
11729,-2.2134999999999998,3.2682000000000002
11730,-4.6936999999999998,3.2570000000000001
11731,-3.528,3.2606999999999999
11732,-3.5404,3.2606999999999999
11733,-4.5014000000000003,3.2570000000000001
11734,-9.4494000000000007,3.2366000000000001
11735,-11.5017,3.2273000000000001
11736,-4.1417999999999999,3.2551999999999999
11737,0,3.27
11738,0,3.2719
11739,0,3.2719
11740,-6.5785999999999998,3.2477
11741,-13.808199999999999,3.218
11742,-21.998999999999999,3.1844999999999999
11743,-26.810500000000001,3.1640000000000001
11744,-25.204599999999999,3.1659000000000002
11745,-17.497499999999999,3.1901000000000002
11746,-11.011900000000001,3.2141999999999999
11747,-7.5271999999999997,3.2273000000000001
11748,-12.1031,3.2124000000000001
11749,-10.615,3.2161
11750,-9.6167999999999996,3.2198000000000002
11751,-8.4945000000000004,3.2254
11752,-3.621,3.2421000000000002
11753,1.2462,3.2645
11754,1.1966000000000001,3.2663000000000002
11755,-3.4163999999999999,3.2513999999999998
11756,-3.4226000000000001,3.2513999999999998
11757,-3.4163999999999999,3.2513999999999998
11758,-3.4163999999999999,3.2513999999999998
11759,-3.4226000000000001,3.2513999999999998
11760,-9.5671999999999997,3.2273000000000001
11761,-5.0223000000000004,3.2421000000000002
11762,-8.4883000000000006,3.2290999999999999
11763,-5.8964999999999996,3.2383999999999999
11764,-7.3722000000000003,3.2328000000000001
11765,-8.8975000000000009,3.2273000000000001
11766,-6.2065000000000001,3.2366000000000001
11767,-5.4625000000000004,3.2383999999999999
11768,-7.7256,3.2309999999999999
11769,-6.4298000000000002,3.2347000000000001
11770,-13.8454,3.2086999999999999
11771,-28.434999999999999,3.1509999999999998
11772,8.8850999999999996,3.2886000000000002
11773,-27.2941,3.1566000000000001
11774,-6.2126999999999999,3.2309999999999999
11775,-2.9264999999999999,3.2440000000000002
11776,5.0842999999999998,3.2774999999999999
11777,19.0352,3.3351000000000002
11778,17.677299999999999,3.3351000000000002
11779,15.0421,3.3296000000000001
11780,11.929500000000001,3.3220999999999998
11781,8.6433,3.3109999999999999
11782,0,3.2774999999999999
11783,0,3.2755999999999998
11784,0,3.2755999999999998
11785,0,3.2738
11786,0,3.2755999999999998
11787,0,3.2738
11788,0,3.2738
11789,0,3.2755999999999998
11790,0,3.2738
11791,0,3.2755999999999998
11792,0,3.2755999999999998
11793,0,3.2755999999999998
11794,0,3.2755999999999998
11795,0,3.2755999999999998
11796,0,3.2755999999999998
11797,0,3.2755999999999998
11798,0,3.2755999999999998
11799,0,3.2755999999999998
11800,0,3.2755999999999998
11801,0,3.2755999999999998
11802,0,3.2755999999999998
11803,0,3.2774999999999999
11804,0,3.2755999999999998
11805,0,3.2774999999999999
11806,0,3.2774999999999999
11807,0,3.2774999999999999
11808,0,3.2774999999999999
11809,0,3.2774999999999999
11810,-4.8611000000000004,3.2589000000000001
11811,-10.5778,3.2347000000000001
11812,-17.764099999999999,3.2031000000000001
11813,-18.607299999999999,3.1974999999999998
11814,-16.486799999999999,3.2031000000000001
11815,-14.9739,3.2067999999999999
11816,-9.4928000000000008,3.2273000000000001
11817,-26.041599999999999,3.1659000000000002
11818,-7.0125999999999999,3.2309999999999999
11819,-14.0562,3.2067999999999999
11820,-11.055300000000001,3.2161
11821,-2.7776999999999998,3.2477
11822,-20.6907,3.1808000000000001
11823,1.1966000000000001,3.2625999999999999
11824,0.79979999999999996,3.2645
11825,0.72540000000000004,3.2663000000000002
11826,1.2090000000000001,3.2682000000000002
11827,1.6431,3.2719
11828,1.2090000000000001,3.2719
11829,0.68200000000000005,3.27
11830,4.0735999999999999,3.2848999999999999
11831,3.4039999999999999,3.2831000000000001
11832,3.0442999999999998,3.2831000000000001
11833,2.8334999999999999,3.2831000000000001
11834,4.2782,3.2886000000000002
11835,7.4837999999999996,3.3035000000000001
11836,0,3.2755999999999998
11837,0,3.2755999999999998
11838,0,3.2755999999999998
11839,0,3.2738
11840,0,3.2755999999999998
11841,0,3.2755999999999998
11842,0,3.2755999999999998
11843,0,3.2755999999999998
11844,0,3.2755999999999998
11845,0,3.2755999999999998
11846,0,3.2755999999999998
11847,0,3.2755999999999998
11848,0,3.2755999999999998
11849,0,3.2755999999999998
11850,0,3.2755999999999998
11851,0,3.2755999999999998
11852,0,3.2774999999999999
11853,0,3.2755999999999998
11854,0,3.2755999999999998
11855,0,3.2774999999999999
11856,0,3.2774999999999999
11857,0,3.2774999999999999
11858,0,3.2774999999999999
11859,0,3.2774999999999999
11860,0,3.2774999999999999
11861,0,3.2774999999999999
11862,0,3.2774999999999999
11863,0,3.2774999999999999
11864,0,3.2774999999999999
11865,0,3.2793000000000001
11866,0,3.2774999999999999
11867,-9.5671999999999997,3.2403
11868,-9.4122000000000003,3.2383999999999999
11869,-15.2963,3.2141999999999999
11870,-18.650700000000001,3.1974999999999998
11871,-21.087499999999999,3.1863000000000001
11872,-23.325800000000001,3.1751999999999998
11873,-6.2995999999999999,3.2347000000000001
11874,-9.2570999999999994,3.2273000000000001
11875,-27.7653,3.1566000000000001
11876,-13.0952,3.2086999999999999
11877,-10.584,3.2161
11878,-4.5324,3.2403
11879,0.79979999999999996,3.2625999999999999
11880,1.6802999999999999,3.2682000000000002
11881,1.6802999999999999,3.27
11882,1.1966000000000001,3.27
11883,1.6059000000000001,3.2738
11884,11.4087,3.3128000000000002
11885,7.1242000000000001,3.3016999999999999
11886,-1.7733000000000001,3.2663000000000002
11887,-4.5262000000000002,3.2551999999999999
11888,-4.6688000000000001,3.2532999999999999
11889,-6.0143000000000004,3.2458999999999998
11890,-11.966699999999999,3.2216999999999998
11891,-20.095400000000001,3.1901000000000002
11892,-22.247,3.1789000000000001
11893,-20.4923,3.1808000000000001
11894,-5.3261000000000003,3.2366000000000001
11895,-0.496,3.2570000000000001
11896,-1.8539000000000001,3.2551999999999999
11897,5.6733000000000002,3.2848999999999999
11898,10.639799999999999,3.3090999999999999
11899,7.2915999999999999,3.2978999999999998
11900,4.0797999999999996,3.2867999999999999
11901,-1.8973,3.2645
11902,-17.695900000000002,3.2012
11903,-21.769500000000001,3.1825999999999999
11904,-20.802299999999999,3.1825999999999999
11905,-21.006900000000002,3.1789000000000001
11906,-15.2157,3.1974999999999998
11907,-8.5379000000000005,3.2235
11908,-7.3288000000000002,3.2273000000000001
11909,-5.2579000000000002,3.2366000000000001
11910,0.68200000000000005,3.2606999999999999
11911,-2.1825000000000001,3.2532999999999999
11912,-5.9089,3.2366000000000001
11913,-5.2145000000000001,3.2403
11914,-2.2134999999999998,3.2532999999999999
11915,-2.1762999999999999,3.2551999999999999
11916,-3.6953999999999998,3.2477
11917,-10.094200000000001,3.2235
11918,-10.2926,3.2216999999999998
11919,-5.4562999999999997,3.2383999999999999
11920,0.155,3.2606999999999999
11921,1.24,3.2682000000000002
11922,-5.2641,3.2421000000000002
11923,-8.8975000000000009,3.2290999999999999
11924,-11.935700000000001,3.2161
11925,-4.0612000000000004,3.2440000000000002
11926,0,3.2606999999999999
11927,-9.2074999999999996,3.2273000000000001
11928,-11.613300000000001,3.2161
11929,-14.1617,3.2031000000000001
11930,-18.607299999999999,3.1863000000000001
11931,-13.851599999999999,3.2012
11932,-11.8179,3.2086999999999999
11933,-8.9346999999999994,3.2198000000000002
11934,-9.0587,3.2198000000000002
11935,-9.2074999999999996,3.2198000000000002
11936,-5.0533000000000001,3.2347000000000001
11937,-1.5749,3.2513999999999998
11938,-3.2242000000000002,3.2440000000000002
11939,-3.2242000000000002,3.2440000000000002
11940,-6.6592000000000002,3.2328000000000001
11941,-10.788600000000001,3.2161
11942,0.68200000000000005,3.2606999999999999
11943,1.3268,3.2645
11944,0.68820000000000003,3.2645
11945,-8.8169000000000004,3.2273000000000001
11946,-12.065899999999999,3.2141999999999999
11947,-10.7018,3.218
11948,-7.6574,3.2273000000000001
11949,-6.8638000000000003,3.2309999999999999
11950,-3.3792,3.2440000000000002
11951,1.3268,3.2645
11952,2.0398999999999998,3.2682000000000002
11953,-6.5042,3.2366000000000001
11954,-8.9408999999999992,3.2254
11955,-12.251899999999999,3.2124000000000001
11956,-12.5372,3.2105000000000001
11957,-13.777200000000001,3.2031000000000001
11958,-11.464499999999999,3.2105000000000001
11959,-8.2589000000000006,3.2235
11960,-1.8601000000000001,3.2477
11961,1.3268,3.2625999999999999
11962,21.3293,3.3443999999999998
11963,19.524999999999999,3.3443999999999998
11964,18.272500000000001,3.3443999999999998
11965,15.519500000000001,3.3370000000000002
11966,12.3697,3.3258000000000001
11967,9.0835000000000008,3.3147000000000002
11968,0,3.2793000000000001
11969,0,3.2774999999999999
11970,0,3.2774999999999999
11971,0,3.2774999999999999
11972,0,3.2755999999999998
11973,0,3.2755999999999998
11974,0,3.2755999999999998
11975,0,3.2755999999999998
11976,0,3.2755999999999998
11977,0,3.2755999999999998
11978,0,3.2755999999999998
11979,0,3.2755999999999998
11980,0,3.2755999999999998
11981,0,3.2755999999999998
11982,0,3.2755999999999998
11983,0,3.2755999999999998
11984,0,3.2755999999999998
11985,0,3.2755999999999998
11986,0,3.2755999999999998
11987,0,3.2774999999999999
11988,0,3.2774999999999999
11989,0,3.2774999999999999
11990,0,3.2774999999999999
11991,0,3.2774999999999999
11992,0,3.2774999999999999
11993,0,3.2774999999999999
11994,0,3.2774999999999999
11995,0,3.2774999999999999
11996,0,3.2774999999999999
11997,0,3.2774999999999999
11998,0,3.2774999999999999
11999,0,3.2774999999999999
12000,0,3.2774999999999999
12001,0,3.2774999999999999
12002,0,3.2774999999999999
12003,0,3.2774999999999999
12004,0,3.2774999999999999
12005,0,3.2774999999999999
12006,0,3.2774999999999999
12007,0,3.2793000000000001
12008,0,3.2774999999999999
12009,0,3.2774999999999999
12010,-10.453799999999999,3.2366000000000001
12011,-14.409700000000001,3.2198000000000002
12012,-18.3035,3.2012
12013,-22.780200000000001,3.1808000000000001
12014,-28.565200000000001,3.1566000000000001
12015,-33.407699999999998,3.1343000000000001
12016,-29.210000000000001,3.1454
12017,-28.162199999999999,3.1473
12018,-22.284199999999998,3.1659000000000002
12019,-12.1403,3.2012
12020,2.6351,3.2606999999999999
12021,1.8043,3.2625999999999999
12022,0.67579999999999996,3.2606999999999999
12023,-7.3784000000000001,3.2309999999999999
12024,-6.0949,3.2347000000000001
12025,-6.1755000000000004,3.2347000000000001
12026,-9.0648999999999997,3.2235
12027,-21.453299999999999,3.1751999999999998
12028,2.7281,3.2663000000000002
12029,13.994199999999999,3.3147000000000002
12030,6.0391000000000004,3.2867999999999999
12031,16.0776,3.3296000000000001
12032,6.9071999999999996,3.2978999999999998
12033,0.99819999999999998,3.2755999999999998
12034,-10.180999999999999,3.2309999999999999
12035,-6.7336,3.2403
12036,-15.606299999999999,3.2067999999999999
12037,-26.7361,3.1621999999999999
12038,-30.809699999999999,3.1417000000000002
12039,-39.911900000000003,3.1063000000000001
12040,-39.918100000000003,3.1008
12041,-39.918100000000003,3.0989
12042,-39.918100000000003,3.0952000000000002
12043,-25.248000000000001,3.1417000000000002
12044,-39.924300000000002,3.0933000000000002
12045,-30.084299999999999,3.1231
12046,-39.911900000000003,3.0895999999999999
12047,-38.244,3.0933000000000002
12048,-39.918100000000003,3.0859000000000001
12049,-29.123200000000001,3.1212
12050,-27.4057,3.1267999999999998
12051,-25.8432,3.1305000000000001
12052,-10.453799999999999,3.1863000000000001
12053,-6.3802000000000003,3.2031000000000001
12054,-8.6928999999999998,3.1974999999999998
12055,-6.2126999999999999,3.2105000000000001
12056,-10.2058,3.1938
12057,-10.2058,3.1956000000000002
12058,-10.2058,3.1956000000000002
12059,-10.212,3.1956000000000002
12060,-14.775499999999999,3.1808000000000001
12061,-14.8499,3.1808000000000001
12062,-21.7819,3.1528999999999998
12063,-24.4543,3.1436000000000002
12064,-24.944099999999999,3.1398000000000001
12065,-20.696899999999999,3.1528999999999998
12066,-23.406400000000001,3.1436000000000002
12067,-26.246200000000002,3.1324000000000001
12068,-21.850100000000001,3.1473
12069,-24.658899999999999,3.1379999999999999
12070,-30.078099999999999,3.1175000000000002
12071,-39.924300000000002,3.0840000000000001
12072,-39.508899999999997,3.0821999999999998
12073,-27.690899999999999,3.1212
12074,-22.774000000000001,3.1360999999999999
12075,-17.497499999999999,3.1547000000000001
12076,-12.344900000000001,3.177
12077,-7.4279999999999999,3.1956000000000002
12078,-14.6639,3.1715
12079,-19.896999999999998,3.1528999999999998
12080,-22.966200000000001,3.1398000000000001
12081,-25.886600000000001,3.1305000000000001
12082,-20.647300000000001,3.1473
12083,-26.457000000000001,3.1267999999999998
12084,-21.081299999999999,3.1436000000000002
12085,-24.286899999999999,3.1324000000000001
12086,-18.812000000000001,3.1509999999999998
12087,-16.1768,3.1621999999999999
12088,-11.377700000000001,3.1808000000000001
12089,-16.059000000000001,3.1659000000000002
12090,-16.059000000000001,3.1659000000000002
12091,-16.059000000000001,3.1659000000000002
12092,-16.052800000000001,3.1659000000000002
12093,-16.052800000000001,3.1677
12094,-13.3432,3.177
12095,-8.3394999999999992,3.1938
12096,-8.1783000000000001,3.1956000000000002
12097,1.4942,3.2347000000000001
12098,-2.1019000000000001,3.2235
12099,-4.5758000000000001,3.2161
12100,-9.6912000000000003,3.1974999999999998
12101,-6.9257999999999997,3.2086999999999999
12102,-11.5389,3.1919
12103,-21.968,3.1528999999999998
12104,-16.8154,3.1696
12105,-16.858799999999999,3.1696
12106,-14.2857,3.177
12107,-6.9878,3.2067999999999999
12108,-4.1294000000000004,3.218
12109,-4.0983999999999998,3.2198000000000002
12110,-3.8999999999999999,3.2216999999999998
12111,-1.0105999999999999,3.2328000000000001
12112,-20.703099999999999,3.1640000000000001
12113,-3.5838000000000001,3.2235
12114,-10.615,3.1974999999999998
12115,-8.6556999999999995,3.2031000000000001
12116,-8.4945000000000004,3.2067999999999999
12117,-15.290100000000001,3.1808000000000001
12118,-11.055300000000001,3.1938
12119,-39.918100000000003,3.0933000000000002
12120,2.0337000000000001,3.2383999999999999
12121,-39.918100000000003,3.0914999999999999
12122,-13.8888,3.177
12123,-27.139099999999999,3.1324000000000001
12124,-39.924300000000002,3.0859000000000001
12125,-28.441199999999998,3.1212
12126,-20.548100000000002,3.1473
12127,-26.3764,3.1286999999999998
12128,-15.686999999999999,3.1659000000000002
12129,-10.863,3.1844999999999999
12130,0,3.2273000000000001
12131,1.6431,3.2366000000000001
12132,4.6811999999999996,3.2513999999999998
12133,7.8807,3.2663000000000002
12134,6.5599999999999996,3.2663000000000002
12135,-12.81,3.1938
12136,-12.8162,3.1919
12137,-3.1745999999999999,3.2273000000000001
12138,6.6406000000000001,3.2663000000000002
12139,-10.2058,3.2031000000000001
12140,-14.2547,3.1882000000000001
12141,-10.212,3.2012
12142,-2.5358999999999998,3.2309999999999999
12143,-9.8957999999999995,3.2031000000000001
12144,-11.5761,3.1956000000000002
12145,-11.5823,3.1956000000000002
12146,-2.3065000000000002,3.2309999999999999
12147,0,3.2421000000000002
12148,0.124,3.2440000000000002
12149,5.1338999999999997,3.2663000000000002
12150,7.9612999999999996,3.2793000000000001
12151,7.9241000000000001,3.2812000000000001
12152,9.0772999999999993,3.2867999999999999
12153,9.0029000000000003,3.2886000000000002
12154,7.7565999999999997,3.2867999999999999
12155,8.8045000000000009,3.2905000000000002
12156,15.153700000000001,3.3184
12157,11.5947,3.3090999999999999
12158,14.1617,3.3203
12159,9.9640000000000004,3.3054000000000001
12160,8.5254999999999992,3.3016999999999999
12161,5.5617000000000001,3.2886000000000002
12162,4.6440000000000001,3.2867999999999999
12163,-3.2986,3.2570000000000001
12164,1.3206,3.2719
12165,5.2454999999999998,3.2867999999999999
12166,8.9161000000000001,3.3035000000000001
12167,15.718,3.3296000000000001
12168,17.801300000000001,3.3407
12169,5.8902999999999999,3.2997999999999998
12170,3.7263999999999999,3.2886000000000002
12171,1.5687,3.2812000000000001
12172,5.2083000000000004,3.2942
12173,4.7309000000000001,3.2924000000000002
12174,8.4883000000000006,3.3071999999999999
12175,3.7635999999999998,3.2905000000000002
12176,0,3.2755999999999998
12177,0,3.2738
12178,0,3.2738
12179,0,3.2738
12180,0,3.2738
12181,0,3.2738
12182,0,3.2738
12183,0,3.2738
12184,0,3.2738
12185,0,3.2738
12186,0,3.2738
12187,0,3.2719
12188,0,3.2738
12189,0,3.2738
12190,0,3.2738
12191,0,3.2719
12192,0,3.2738
12193,-3.2986,3.2606999999999999
12194,-10.5778,3.2309999999999999
12195,-16.648,3.2067999999999999
12196,-20.175999999999998,3.1901000000000002
12197,-24.5349,3.1715
12198,-28.162199999999999,3.1528999999999998
12199,-27.7715,3.1509999999999998
12200,-30.735299999999999,3.1379999999999999
12201,-16.846399999999999,3.1844999999999999
12202,-21.7013,3.1677
12203,-20.926300000000001,3.1696
12204,-23.604900000000001,3.1602999999999999
12205,-31.417400000000001,3.1286999999999998
12206,-16.1768,3.1808000000000001
12207,-16.741,3.1789000000000001
12208,-13.0518,3.1919
12209,-15.935,3.1825999999999999
12210,-17.584299999999999,3.177
12211,-19.7606,3.1677
12212,-7.8930999999999996,3.2105000000000001
12213,-10.739000000000001,3.2012
12214,-4.2595999999999998,3.2273000000000001
12215,-0.4526,3.2421000000000002
12216,-8.9408999999999992,3.2124000000000001
12217,-18.861599999999999,3.1751999999999998
12218,-14.769299999999999,3.1882000000000001
12219,-6.5476000000000001,3.2198000000000002
12220,-6.5351999999999997,3.2198000000000002
12221,-6.5476000000000001,3.2198000000000002
12222,-6.5476000000000001,3.2216999999999998
12223,-6.5476000000000001,3.2216999999999998
12224,-7.7256,3.218
12225,-11.414899999999999,3.2031000000000001
12226,-7.8993000000000002,3.2161
12227,-4.7432999999999996,3.2290999999999999
12228,0.44019999999999998,3.2513999999999998
12229,5.1276999999999999,3.27
12230,6.0019,3.2755999999999998
12231,2.2010999999999998,3.2645
12232,15.197100000000001,3.3165
12233,16.561199999999999,3.3258000000000001
12234,20.076799999999999,3.3443999999999998
12235,14.639099999999999,3.3258000000000001
12236,13.554,3.3239999999999998
12237,12.2333,3.3203
12238,10.559200000000001,3.3147000000000002
12239,6.1569000000000003,3.2997999999999998
12240,0,3.2738
12241,0,3.2719
12242,0,3.2719
12243,0,3.2719
12244,0,3.2719
12245,0,3.2719
12246,0,3.2719
12247,0,3.27
12248,0,3.2719
12249,-8.2960999999999991,3.2383999999999999
12250,-10.6212,3.2273000000000001
12251,-17.026199999999999,3.2012
12252,-23.177,3.1751999999999998
12253,-27.337499999999999,3.1547000000000001
12254,-32.1738,3.1360999999999999
12255,-39.924300000000002,3.1044999999999998
12256,-35.565399999999997,3.1156000000000001
12257,-11.737299999999999,3.1956000000000002
12258,-28.341999999999999,3.1398000000000001
12259,-24.497699999999998,3.1490999999999998
12260,-18.613499999999998,3.1715
12261,-6.5724,3.2161
12262,-3.1436000000000002,3.2309999999999999
12263,0,3.2440000000000002
12264,0.68200000000000005,3.2513999999999998
12265,1.3206,3.2551999999999999
12266,3.6829999999999998,3.2663000000000002
12267,17.633900000000001,3.3220999999999998
12268,18.043099999999999,3.3296000000000001
12269,15.277699999999999,3.3239999999999998
12270,12.115500000000001,3.3147000000000002
12271,8.8850999999999996,3.3035000000000001
12272,0,3.27
12273,0,3.2682000000000002
12274,0,3.2682000000000002
12275,0,3.2682000000000002
12276,0,3.2682000000000002
12277,0,3.2682000000000002
12278,0,3.2682000000000002
12279,0,3.2682000000000002
12280,0,3.2682000000000002
12281,0,3.2682000000000002
12282,0,3.2682000000000002
12283,0,3.2682000000000002
12284,0,3.2682000000000002
12285,0,3.2682000000000002
12286,0,3.2682000000000002
12287,0,3.27
12288,0,3.27
12289,0,3.27
12290,0,3.27
12291,0,3.27
12292,0,3.27
12293,0,3.27
12294,-10.4476,3.2309999999999999
12295,-14.415900000000001,3.2124000000000001
12296,-18.2973,3.1938
12297,-22.767800000000001,3.1751999999999998
12298,-28.5776,3.1509999999999998
12299,-33.407699999999998,3.1305000000000001
12300,-39.924300000000002,3.1025999999999998
12301,-39.930500000000002,3.0989
12302,-22.017600000000002,3.1566000000000001
12303,-21.7819,3.1602999999999999
12304,-39.924300000000002,3.0952000000000002
12305,-28.366800000000001,3.1305000000000001
12306,-14.415900000000001,3.1808000000000001
12307,-24.8139,3.1436000000000002
12308,-10.8134,3.1938
12309,-14.539899999999999,3.1825999999999999
12310,-14.8065,3.1808000000000001
12311,-4.5758000000000001,3.2198000000000002
12312,-7.7256,3.2105000000000001
12313,-7.7751999999999999,3.2105000000000001
12314,-2.6475,3.2309999999999999
12315,-0.65100000000000002,3.2403
12316,-11.2227,3.2012
12317,-6.5351999999999997,3.2198000000000002
12318,0.48980000000000001,3.2458999999999998
12319,-4.4580000000000002,3.2290999999999999
12320,-4.3836000000000004,3.2309999999999999
12321,-2.4615,3.2383999999999999
12322,-6.2624000000000004,3.2254
12323,-6.2624000000000004,3.2254
12324,-6.25,3.2254
12325,-6.2624000000000004,3.2254
12326,-6.2624000000000004,3.2254
12327,-2.4119000000000002,3.2403
12328,-8.0914999999999999,3.2198000000000002
12329,-8.1349,3.2198000000000002
12330,-11.0181,3.2086999999999999
12331,-0.52700000000000002,3.2458999999999998
12332,-2.4180999999999999,3.2403
12333,-6.1692999999999998,3.2273000000000001
12334,-6.1692999999999998,3.2273000000000001
12335,-2.3809,3.2421000000000002
12336,-2.2940999999999998,3.2421000000000002
12337,-4.1417999999999999,3.2366000000000001
12338,5.9646999999999997,3.2774999999999999
12339,10.1624,3.2978999999999998
12340,13.076599999999999,3.3109999999999999
12341,13.808199999999999,3.3165
12342,14.8003,3.3239999999999998
12343,15.922599999999999,3.3313999999999999
12344,13.244,3.3239999999999998
12345,13.2502,3.3258000000000001
12346,10.652200000000001,3.3165
12347,6.7645999999999997,3.3035000000000001
12348,0,3.2755999999999998
12349,0,3.2738
12350,0,3.2738
12351,0,3.2719
12352,0,3.2719
12353,0,3.2719
12354,0,3.2719
12355,0,3.2719
12356,0,3.2719
12357,-3.9434,3.2570000000000001
12358,-7.4962,3.2403
12359,-6.6281999999999996,3.2421000000000002
12360,-3.5838000000000001,3.2551999999999999
12361,-11.377700000000001,3.2235
12362,-7.0621999999999998,3.2383999999999999
12363,-6.5724,3.2383999999999999
12364,-10.2616,3.2254
12365,-15.829599999999999,3.2012
12366,-17.410699999999999,3.1938
12367,-16.294599999999999,3.1956000000000002
12368,-13.907400000000001,3.2012
12369,-13.454800000000001,3.2031000000000001
12370,-11.9915,3.2086999999999999
12371,-13.299799999999999,3.2031000000000001
12372,-14.409700000000001,3.1974999999999998
12373,-12.5372,3.2031000000000001
12374,-11.743499999999999,3.2067999999999999
12375,-8.6556999999999995,3.218
12376,-5.2641,3.2309999999999999
12377,-3.7884000000000002,3.2383999999999999
12378,-3.7759999999999998,3.2383999999999999
12379,-3.7759999999999998,3.2403
12380,-3.7884000000000002,3.2403
12381,-3.7884000000000002,3.2403
12382,-11.743499999999999,3.2124000000000001
12383,-6.2995999999999999,3.2290999999999999
12384,-6.3802000000000003,3.2309999999999999
12385,0.67579999999999996,3.2589000000000001
12386,0.67579999999999996,3.2606999999999999
12387,-0.73780000000000001,3.2570000000000001
12388,-3.7884000000000002,3.2440000000000002
12389,-3.7884000000000002,3.2440000000000002
12390,1.7546999999999999,3.2663000000000002
12391,6.1631,3.2848999999999999
12392,16.4434,3.3277000000000001
12393,13.2502,3.3203
12394,10.639799999999999,3.3128000000000002
12395,0,3.2719
12396,0,3.2719
12397,0,3.27
12398,0,3.27
12399,0,3.27
12400,0,3.27
12401,0,3.27
12402,0,3.27
12403,0,3.27
12404,0,3.27
12405,0,3.27
12406,0,3.27
12407,0,3.27
12408,0,3.27
12409,0,3.27
12410,0,3.2719
12411,0,3.2719
12412,0,3.2719
12413,0,3.2719
12414,0,3.2719
12415,-10.453799999999999,3.2309999999999999
12416,-14.4283,3.2141999999999999
12417,-18.2973,3.1956000000000002
12418,-22.5322,3.177
12419,-13.2502,3.2086999999999999
12420,-13.0084,3.2086999999999999
12421,-10.9747,3.2141999999999999
12422,-2.1080999999999999,3.2477
12423,-2.1080999999999999,3.2513999999999998
12424,-6.2624000000000004,3.2347000000000001
12425,-4.0983999999999998,3.2440000000000002
12426,-2.1019000000000001,3.2532999999999999
12427,-0.124,3.2606999999999999
12428,1.0044,3.2663000000000002
12429,-1.1035999999999999,3.2606999999999999
12430,0.2356,3.2645
12431,-6.2126999999999999,3.2403
12432,-3.1869999999999998,3.2513999999999998
12433,-1.1035999999999999,3.2589000000000001
12434,0.56420000000000003,3.2663000000000002
12435,-1.0602,3.2606999999999999
12436,-2.0089000000000001,3.2589000000000001
12437,-3.0194999999999999,3.2551999999999999
12438,-6.2126999999999999,3.2403
12439,-7.2110000000000003,3.2366000000000001
12440,-10.422800000000001,3.2235
12441,-8.8975000000000009,3.2273000000000001
12442,-12.5,3.2124000000000001
12443,-10.9437,3.2161
12444,-3.8938000000000001,3.2421000000000002
12445,-3.9434,3.2440000000000002
12446,-7.6946000000000003,3.2309999999999999
12447,-7.5023999999999997,3.2290999999999999
12448,-7.6139999999999999,3.2290999999999999
12449,-4.5324,3.2403
12450,-3.1808000000000001,3.2458999999999998
12451,-3.1808000000000001,3.2458999999999998
12452,-5.2950999999999997,3.2383999999999999
12453,-14.924300000000001,3.2012
12454,-20.448899999999998,3.1789000000000001
12455,-15.2157,3.1956000000000002
12456,-10.776199999999999,3.2105000000000001
12457,-10.416600000000001,3.2124000000000001
12458,3.9247999999999998,3.2682000000000002
12459,17.6463,3.3258000000000001
12460,16.158200000000001,3.3258000000000001
12461,13.033200000000001,3.3184
12462,9.6850000000000005,3.3090999999999999
12463,0,3.2719
12464,0,3.27
12465,0,3.27
12466,0,3.27
12467,0,3.27
12468,0,3.27
12469,0,3.27
12470,0,3.27
12471,0,3.27
12472,0,3.27
12473,0,3.27
12474,0,3.27
12475,0,3.27
12476,0,3.2719
12477,0,3.27
12478,0,3.2719
12479,0,3.2719
12480,0,3.2719
12481,0,3.2719
12482,0,3.2719
12483,0,3.2719
12484,0,3.2719
12485,0,3.2719
12486,0,3.2719
12487,0,3.2719
12488,0,3.2719
12489,0,3.2719
12490,0,3.2738
12491,0,3.2738
12492,-6.4173999999999998,3.2458999999999998
12493,-8.1287000000000003,3.2383999999999999
12494,-17.1006,3.2031000000000001
12495,-13.864000000000001,3.2124000000000001
12496,-16.3628,3.1993999999999998
12497,-11.972899999999999,3.2161
12498,-11.613300000000001,3.2161
12499,-19.971399999999999,3.1825999999999999
12500,-21.571100000000001,3.1751999999999998
12501,-16.486799999999999,3.1901000000000002
12502,-15.693199999999999,3.1919
12503,-15.420299999999999,3.1919
12504,-17.497499999999999,3.1844999999999999
12505,-13.454800000000001,3.1974999999999998
12506,-7.5768000000000004,3.2216999999999998
12507,-9.1331000000000007,3.2161
12508,-5.6113,3.2290999999999999
12509,-5.6547000000000001,3.2309999999999999
12510,-4.0983999999999998,3.2366000000000001
12511,-6.5537999999999998,3.2290999999999999
12512,-5.6856999999999998,3.2309999999999999
12513,-4.1479999999999997,3.2383999999999999
12514,1.24,3.2606999999999999
12515,1.24,3.2625999999999999
12516,10.081799999999999,3.2997999999999998
12517,11.154500000000001,3.3071999999999999
12518,13.3246,3.3184
12519,7.7999999999999998,3.3016999999999999
12520,6.2003000000000004,3.2942
12521,7.5953999999999997,3.3016999999999999
12522,0,3.2719
12523,0,3.2719
12524,0,3.2719
12525,0,3.27
12526,0,3.27
12527,0,3.27
12528,0,3.27
12529,0,3.2719
12530,0,3.2719
12531,0,3.2719
12532,0,3.2719
12533,0,3.2719
12534,0,3.2719
12535,0,3.2719
12536,0,3.2719
12537,0,3.2719
12538,0,3.2719
12539,0,3.2719
12540,-4.5324,3.2551999999999999
12541,-6.2188999999999997,3.2458999999999998
12542,-3.8193999999999999,3.2551999999999999
12543,-6.9382000000000001,3.2421000000000002
12544,-13.988,3.2141999999999999
12545,-13.622199999999999,3.2124000000000001
12546,-15.935,3.1993999999999998
12547,-10.180999999999999,3.2216999999999998
12548,-16.257400000000001,3.1974999999999998
12549,-5.0471000000000004,3.2383999999999999
12550,-0.124,3.2589000000000001
12551,-2.0213000000000001,3.2551999999999999
12552,-16.809200000000001,3.1956000000000002
12553,-11.8241,3.2124000000000001
12554,-11.414899999999999,3.2141999999999999
12555,-16.883600000000001,3.1901000000000002
12556,-14.050000000000001,3.1993999999999998
12557,-3.1745999999999999,3.2403
12558,0.79979999999999996,3.2606999999999999
12559,-10.180999999999999,3.218
12560,-10.460000000000001,3.2161
12561,-5.5740999999999996,3.2347000000000001
12562,4.0488,3.2738
12563,3.5651999999999999,3.2738
12564,4.4889999999999999,3.2793000000000001
12565,11.049099999999999,3.3090999999999999
12566,10.9312,3.3109999999999999
12567,8.1163000000000007,3.3035000000000001
12568,0,3.2719
12569,0,3.27
12570,0,3.27
12571,0,3.27
12572,0,3.27
12573,0,3.27
12574,-0.29759999999999998,3.2682000000000002
12575,-8.6556999999999995,3.2347000000000001
12576,-10.615,3.2254
12577,-16.573599999999999,3.1993999999999998
12578,-20.3187,3.1825999999999999
12579,-11.966699999999999,3.2124000000000001
12580,-17.398299999999999,3.1901000000000002
12581,-18.861599999999999,3.1825999999999999
12582,-17.206099999999999,3.1863000000000001
12583,-21.6889,3.1696
12584,-20.907699999999998,3.1696
12585,-19.9466,3.1715
12586,-16.1706,3.1844999999999999
12587,-16.883600000000001,3.1808000000000001
12588,-11.8117,3.1993999999999998
12589,-10.739000000000001,3.2031000000000001
12590,-8.0542999999999996,3.2161
12591,-9.6167999999999996,3.2105000000000001
12592,-8.3332999999999995,3.2161
12593,-4.4518000000000004,3.2309999999999999
12594,0,3.2513999999999998
12595,-2.7404999999999999,3.2403
12596,-1.1035999999999999,3.2477
12597,1.3206,3.2606999999999999
12598,2.5607000000000002,3.2663000000000002
12599,6.7274000000000003,3.2831000000000001
12600,10.708,3.3035000000000001
12601,10.044600000000001,3.3035000000000001
12602,11.6753,3.3128000000000002
12603,9.8027999999999995,3.3090999999999999
12604,5.2020999999999997,3.2905000000000002
12605,6.6406000000000001,3.2978999999999998
12606,0,3.2719
12607,0,3.27
12608,0,3.27
12609,0,3.27
12610,-0.44640000000000002,3.2682000000000002
12611,0,3.27
12612,0,3.27
12613,-9.5671999999999997,3.2309999999999999
12614,-10.6212,3.2254
12615,-17.764099999999999,3.1938
12616,-23.914899999999999,3.1696
12617,-24.131900000000002,3.1640000000000001
12618,-16.102399999999999,3.1901000000000002
12619,-10.3794,3.2124000000000001
12620,-13.020799999999999,3.2012
12621,-14.2113,3.1956000000000002
12622,-15.7738,3.1901000000000002
12623,-16.486799999999999,3.1863000000000001
12624,-25.260400000000001,3.1528999999999998
12625,-22.9724,3.1566000000000001
12626,-16.8154,3.1789000000000001
12627,-10.9499,3.1993999999999998
12628,-8.1783000000000001,3.2124000000000001
12629,-12.245699999999999,3.1974999999999998
12630,-4.5262000000000002,3.2273000000000001
12631,-4.5324,3.2290999999999999
12632,-2.8521000000000001,3.2366000000000001
12633,0,3.2513999999999998
12634,-1.1284000000000001,3.2458999999999998
12635,-4.3402000000000003,3.2347000000000001
12636,-4.3277999999999999,3.2347000000000001
12637,-2.7404999999999999,3.2421000000000002
12638,2.0026999999999999,3.2625999999999999
12639,-2.6227,3.2440000000000002
12640,-4.1417999999999999,3.2383999999999999
12641,-4.1479999999999997,3.2383999999999999
12642,-4.1479999999999997,3.2383999999999999
12643,-4.1479999999999997,3.2383999999999999
12644,-4.1479999999999997,3.2383999999999999
12645,-5.7849000000000004,3.2328000000000001
12646,-9.4928000000000008,3.218
12647,-11.1793,3.2105000000000001
12648,-25.446400000000001,3.1547000000000001
12649,-19.332799999999999,3.1751999999999998
12650,-19.735800000000001,3.1715
12651,-20.4985,3.1659000000000002
12652,-5.7725,3.2216999999999998
12653,-14.4221,3.1882000000000001
12654,-11.972899999999999,3.1974999999999998
12655,-10.453799999999999,3.2031000000000001
12656,-4.0983999999999998,3.2290999999999999
12657,-2.1825000000000001,3.2366000000000001
12658,-5.8593000000000002,3.2254
12659,-3.9744000000000002,3.2328000000000001
12660,-0.29759999999999998,3.2477
12661,1.3206,3.2570000000000001
12662,-3.9434,3.2366000000000001
12663,1.3206,3.2589000000000001
12664,1.3268,3.2606999999999999
12665,-3.6272000000000002,3.2403
12666,-0.124,3.2551999999999999
12667,-3.5404,3.2421000000000002
12668,4.6440000000000001,3.2755999999999998
12669,2.0398999999999998,3.2663000000000002
12670,-3.1436000000000002,3.2458999999999998
12671,-4.8177000000000003,3.2383999999999999
12672,-4.8177000000000003,3.2383999999999999
12673,-4.8177000000000003,3.2383999999999999
12674,0,3.2589000000000001
12675,-3.0257000000000001,3.2458999999999998
12676,-4.7061000000000002,3.2403
12677,-1.2958000000000001,3.2551999999999999
12678,0.68200000000000005,3.2625999999999999
12679,2.6413000000000002,3.2719
12680,1.3206,3.2682000000000002
12681,2.6103000000000001,3.2738
12682,7.9550999999999998,3.2978999999999998
12683,9.5548000000000002,3.3054000000000001
12684,8.7301000000000002,3.3054000000000001
12685,6.5599999999999996,3.2978999999999998
12686,5.2020999999999997,3.2924000000000002
12687,-2.3871000000000002,3.2625999999999999
12688,-11.414899999999999,3.2254
12689,-10.863,3.2235
12690,-7.8993000000000002,3.2328000000000001
12691,-8.9346999999999994,3.2273000000000001
12692,-10.087999999999999,3.2235
12693,-10.416600000000001,3.2198000000000002
12694,-12.698399999999999,3.2105000000000001
12695,-15.823399999999999,3.1956000000000002
12696,-16.555,3.1919
12697,-11.5885,3.2086999999999999
12698,-3.9434,3.2366000000000001
12699,-6.2686000000000002,3.2309999999999999
12700,-6.2995999999999999,3.2309999999999999
12701,-6.4236000000000004,3.2290999999999999
12702,-11.613300000000001,3.2105000000000001
12703,-8.1410999999999998,3.2216999999999998
12704,-13.585000000000001,3.1993999999999998
12705,-6.1755000000000004,3.2273000000000001
12706,-6.2188999999999997,3.2290999999999999
12707,-6.2188999999999997,3.2290999999999999
12708,-2.9388999999999998,3.2421000000000002
12709,4.3712,3.2738
12710,1.9903,3.2663000000000002
12711,1.3206,3.2645
12712,6.0824999999999996,3.2848999999999999
12713,3.1993999999999998,3.2755999999999998
12714,1.24,3.27
12715,-7.2977999999999996,3.2347000000000001
12716,-7.4218000000000002,3.2328000000000001
12717,-8.9346999999999994,3.2254
12718,-6.2686000000000002,3.2347000000000001
12719,-10.615,3.218
12720,-12.4937,3.2086999999999999
12721,-11.4955,3.2105000000000001
12722,-7.9675000000000002,3.2235
12723,-11.9481,3.2086999999999999
12724,-12.289099999999999,3.2067999999999999
12725,-7.056,3.2235
12726,-2.9388999999999998,3.2403
12727,-2.9451000000000001,3.2421000000000002
12728,-2.8458999999999999,3.2421000000000002
12729,0.72540000000000004,3.2606999999999999
12730,0.72540000000000004,3.2606999999999999
12731,-2.7467000000000001,3.2477
12732,-4.3029999999999999,3.2403
12733,0.72540000000000004,3.2625999999999999
12734,0.73160000000000003,3.2645
12735,1.9717,3.27
12736,-9.0525000000000002,3.2254
12737,-10.6584,3.218
12738,-7.9798999999999998,3.2254
12739,-6.6592000000000002,3.2309999999999999
12740,-1.1097999999999999,3.2532999999999999
12741,-6.6592000000000002,3.2309999999999999
12742,-4.3029999999999999,3.2403
12743,-4.2968000000000002,3.2403
12744,0,3.2589000000000001
12745,0.124,3.2606999999999999
12746,1.3206,3.2663000000000002
12747,0.124,3.2625999999999999
12748,-2.5855000000000001,3.2532999999999999
12749,-4.1417999999999999,3.2458999999999998
12750,-4.1417999999999999,3.2440000000000002
12751,-0.93620000000000003,3.2589000000000001
12752,-2.4615,3.2532999999999999
12753,-4.0922000000000001,3.2458999999999998
12754,0,3.2625999999999999
12755,0.124,3.2645
12756,-3.8999999999999999,3.2477
12757,-7.7317999999999998,3.2328000000000001
12758,-2.4243000000000001,3.2532999999999999
12759,0.16120000000000001,3.2625999999999999
12760,3.7698,3.2793000000000001
12761,4.7247000000000003,3.2848999999999999
12762,5.8902999999999999,3.2905000000000002
12763,1.6802999999999999,3.2755999999999998
12764,-2.8149000000000002,3.2589000000000001
12765,-3.8999999999999999,3.2532999999999999
12766,-13.0146,3.2161
12767,-12.3325,3.2161
12768,-10.8444,3.218
12769,-5.7786999999999997,3.2366000000000001
12770,-5.8159000000000001,3.2366000000000001
12771,-10.0322,3.2198000000000002
12772,-6.0576999999999996,3.2347000000000001
12773,-5.2950999999999997,3.2383999999999999
12774,-5.3323,3.2383999999999999
12775,-6.2126999999999999,3.2347000000000001
12776,0.155,3.2606999999999999
12777,-0.73780000000000001,3.2589000000000001
12778,-3.7884000000000002,3.2458999999999998
12779,-3.7759999999999998,3.2458999999999998
12780,0.155,3.2625999999999999
12781,-0.69440000000000002,3.2606999999999999
12782,-0.7006,3.2606999999999999
12783,-3.5899999999999999,3.2477
12784,-5.8593000000000002,3.2403
12785,-10.057,3.2216999999999998
12786,-3.7884000000000002,3.2440000000000002
12787,0.67579999999999996,3.2645
12788,-3.6953999999999998,3.2477
12789,1.2462,3.2682000000000002
12790,-8.5007000000000001,3.2290999999999999
12791,-11.414899999999999,3.2161
12792,-10.2988,3.2198000000000002
12793,1.24,3.2645
12794,4.8548999999999998,3.2812000000000001
12795,10.559200000000001,3.3071999999999999
12796,8.8912999999999993,3.3035000000000001
12797,13.113799999999999,3.3220999999999998
12798,10.4352,3.3147000000000002
12799,7.2854000000000001,3.3054000000000001
12800,0,3.2755999999999998
12801,0,3.2738
12802,0,3.2738
12803,0,3.2738
12804,0,3.2738
12805,0,3.2719
12806,-6.4236000000000004,3.2458999999999998
12807,-9.6601999999999997,3.2328000000000001
12808,-20.4985,3.1882000000000001
12809,-22.0548,3.177
12810,-26.246200000000002,3.1566000000000001
12811,-20.814699999999998,3.1732999999999998
12812,-12.3635,3.2031000000000001
12813,-15.606299999999999,3.1919
12814,-13.492000000000001,3.1974999999999998
12815,-12.1837,3.2031000000000001
12816,-14.409700000000001,3.1938
12817,-21.0565,3.1696
12818,-26.6555,3.1454
12819,-19.140599999999999,3.1696
12820,-11.7683,3.1974999999999998
12821,-8.2589000000000006,3.2124000000000001
12822,-6.0205000000000002,3.2216999999999998
12823,-4.4518000000000004,3.2290999999999999
12824,-4.4518000000000004,3.2309999999999999
12825,3.6086,3.2645
12826,-1.054,3.2477
12827,0,3.2551999999999999
12828,0.72540000000000004,3.2589000000000001
12829,0.124,3.2570000000000001
12830,1.24,3.2625999999999999
12831,0.1116,3.2589000000000001
12832,1.24,3.2645
12833,5.7538999999999998,3.2831000000000001
12834,10.5654,3.3054000000000001
12835,1.24,3.27
12836,-2.7776999999999998,3.2551999999999999
12837,-6.25,3.2383999999999999
12838,-10.646000000000001,3.2198000000000002
12839,-9.0959000000000003,3.2235
12840,-0.496,3.2570000000000001
12841,-3.2118000000000002,3.2477
12842,-5.4253,3.2383999999999999
12843,0.2356,3.2625999999999999
12844,-3.2118000000000002,3.2477
12845,-3.2118000000000002,3.2477
12846,-12.3759,3.2124000000000001
12847,-9.5671999999999997,3.2198000000000002
12848,-11.1793,3.2141999999999999
12849,-5.9832999999999998,3.2328000000000001
12850,-7.4218000000000002,3.2273000000000001
12851,-8.9346999999999994,3.2216999999999998
12852,-5.4562999999999997,3.2328000000000001
12853,-2.3809,3.2458999999999998
12854,1.24,3.2625999999999999
12855,3.6829999999999998,3.2738
12856,0.68200000000000005,3.2645
12857,1.2090000000000001,3.2663000000000002
12858,0.2356,3.2645
12859,0.67579999999999996,3.2663000000000002
12860,1.2834000000000001,3.27
12861,0.72540000000000004,3.2682000000000002
12862,4.4889999999999999,3.2831000000000001
12863,13.113799999999999,3.3203
12864,11.4087,3.3165
12865,8.2402999999999995,3.3071999999999999
12866,0,3.2738
12867,0,3.2719
12868,0,3.2719
12869,0,3.2719
12870,0,3.2719
12871,0,3.2719
12872,0,3.2719
12873,0,3.2719
12874,0,3.2719
12875,0,3.2719
12876,0,3.2719
12877,0,3.2719
12878,0,3.2719
12879,0,3.2719
12880,0,3.2719
12881,0,3.2719
12882,0,3.2719
12883,0,3.2719
12884,0,3.2738
12885,0,3.2719
12886,0,3.2719
12887,0,3.2738
12888,0,3.2738
12889,0,3.2738
12890,0,3.2738
12891,0,3.2738
12892,0,3.2738
12893,0,3.2738
12894,0,3.2738
12895,0,3.2738
12896,0,3.2738
12897,0,3.2738
12898,0,3.2738
12899,-3.9371999999999998,3.2589000000000001
12900,-9.0214999999999996,3.2366000000000001
12901,-15.972200000000001,3.2086999999999999
12902,-19.611799999999999,3.1901000000000002
12903,-23.970700000000001,3.1696
12904,-27.690899999999999,3.1509999999999998
12905,-15.2963,3.1938
12906,-16.592199999999998,3.1882000000000001
12907,-20.696899999999999,3.1732999999999998
12908,-16.338000000000001,3.1863000000000001
12909,-15.1351,3.1901000000000002
12910,-13.132400000000001,3.1974999999999998
12911,-13.6532,3.1956000000000002
12912,-15.5753,3.1863000000000001
12913,-7.6139999999999999,3.218
12914,-11.4087,3.2031000000000001
12915,-10.8506,3.2067999999999999
12916,-9.6167999999999996,3.2105000000000001
12917,0,3.2477
12918,1.3206,3.2570000000000001
12919,1.3206,3.2606999999999999
12920,-4.0488,3.2383999999999999
12921,2.7281,3.2663000000000002
12922,9.7965999999999998,3.2978999999999998
12923,10.280200000000001,3.3035000000000001
12924,4.1294000000000004,3.2812000000000001
12925,3.4039999999999999,3.2793000000000001
12926,11.563700000000001,3.3128000000000002
12927,10.925000000000001,3.3147000000000002
12928,7.4032,3.3016999999999999
12929,2.3995000000000002,3.2812000000000001
12930,0.56420000000000003,3.2755999999999998
12931,0,3.2719
12932,0,3.2719
12933,0,3.2719
12934,0,3.2719
12935,-0.52700000000000002,3.2682000000000002
12936,-2.1825000000000001,3.2625999999999999
12937,-2.2197,3.2606999999999999
12938,0,3.27
12939,-0.52700000000000002,3.2682000000000002
12940,0,3.27
12941,0,3.27
12942,0,3.2719
12943,0,3.2719
12944,0,3.2719
12945,0,3.2719
12946,0,3.2719
12947,-0.22320000000000001,3.27
12948,-1.7733000000000001,3.2645
12949,-3.3792,3.2589000000000001
12950,-6.5785999999999998,3.2440000000000002
12951,-15.048299999999999,3.2105000000000001
12952,-17.249500000000001,3.1956000000000002
12953,-20.175999999999998,3.1825999999999999
12954,-9.8461999999999996,3.2198000000000002
12955,-5.4066999999999998,3.2366000000000001
12956,-13.814399999999999,3.2031000000000001
12957,-19.810199999999998,3.1808000000000001
12958,-20.095400000000001,3.1751999999999998
12959,-13.0518,3.1993999999999998
12960,-5.1463000000000001,3.2309999999999999
12961,-3.9371999999999998,3.2366000000000001
12962,-3.9805999999999999,3.2383999999999999
12963,-6.2126999999999999,3.2309999999999999
12964,-11.7683,3.2105000000000001
12965,-9.0835000000000008,3.218
12966,-12.5372,3.2031000000000001
12967,-11.743499999999999,3.2067999999999999
12968,-10.0632,3.2124000000000001
12969,-2.2631000000000001,3.2421000000000002
12970,-2.2134999999999998,3.2440000000000002
12971,-6.0143000000000004,3.2309999999999999
12972,-8.8975000000000009,3.2198000000000002
12973,-9.0525000000000002,3.218
12974,-6.3802000000000003,3.2273000000000001
12975,-9.3066999999999993,3.2161
12976,-6.2126999999999999,3.2273000000000001
12977,-7.6946000000000003,3.2216999999999998
12978,-5.5740999999999996,3.2309999999999999
12979,-4.0549999999999997,3.2366000000000001
12980,-4.0549999999999997,3.2366000000000001
12981,-2.4615,3.2440000000000002
12982,-2.4552999999999998,3.2440000000000002
12983,-3.9805999999999999,3.2403
12984,0,3.2570000000000001
12985,-2.5358999999999998,3.2458999999999998
12986,0.67579999999999996,3.2606999999999999
12987,1.24,3.2645
12988,3.7635999999999998,3.2755999999999998
12989,4.7247000000000003,3.2812000000000001
12990,10.026,3.3054000000000001
12991,6.3987999999999996,3.2924000000000002
12992,10.788600000000001,3.3128000000000002
12993,4.8796999999999997,3.2905000000000002
12994,6.3616000000000001,3.2978999999999998
12995,7.5644,3.3035000000000001
12996,0,3.2738
12997,0,3.2719
12998,0,3.2719
12999,0,3.2719
13000,0,3.2719
13001,0,3.2719
13002,0,3.2719
13003,0,3.2719
13004,0,3.2719
13005,0,3.2719
13006,0,3.2719
13007,0,3.2719
13008,0,3.2719
13009,0,3.2719
13010,0,3.2719
13011,0,3.2719
13012,0,3.2719
13013,0,3.2719
13014,0,3.2719
13015,-6.7336,3.2440000000000002
13016,-10.6088,3.2273000000000001
13017,-16.0962,3.2031000000000001
13018,-22.2532,3.177
13019,-26.438400000000001,3.1566000000000001
13020,-31.324400000000001,3.1343000000000001
13021,-27.3127,3.1454
13022,-24.1691,3.1528999999999998
13023,-9.2881,3.2086999999999999
13024,1.1966000000000001,3.2532999999999999
13025,1.2090000000000001,3.2570000000000001
13026,12.2829,3.3054000000000001
13027,13.405200000000001,3.3147000000000002
13028,10.7948,3.3071999999999999
13029,7.1242000000000001,3.2942
13030,0,3.2682000000000002
13031,0,3.2682000000000002
13032,0,3.2682000000000002
13033,0,3.2682000000000002
13034,0,3.2682000000000002
13035,0,3.2682000000000002
13036,0,3.2682000000000002
13037,0,3.2682000000000002
13038,0,3.2682000000000002
13039,0,3.2682000000000002
13040,0,3.27
13041,0,3.2682000000000002
13042,0,3.27
13043,-0.73160000000000003,3.2663000000000002
13044,-4.2968000000000002,3.2532999999999999
13045,-6.5785999999999998,3.2403
13046,-9.6912000000000003,3.2290999999999999
13047,-18.092700000000001,3.1938
13048,-15.1351,3.1993999999999998
13049,-8.1349,3.2273000000000001
13050,-2.5358999999999998,3.2477
13051,0.44019999999999998,3.2625999999999999
13052,-3.2924000000000002,3.2477
13053,-3.8999999999999999,3.2458999999999998
13054,-1.4942,3.2570000000000001
13055,-8.1783000000000001,3.2309999999999999
13056,-13.349399999999999,3.2086999999999999
13057,-14.6577,3.1993999999999998
13058,-16.288399999999999,3.1919
13059,-13.132400000000001,3.2012
13060,-15.4885,3.1919
13061,-7.9241000000000001,3.2198000000000002
13062,-6.25,3.2273000000000001
13063,-2.7404999999999999,3.2421000000000002
13064,0.2356,3.2570000000000001
13065,0.2356,3.2589000000000001
13066,-6.4236000000000004,3.2328000000000001
13067,-6.2624000000000004,3.2328000000000001
13068,-5.0967000000000002,3.2366000000000001
13069,-1.5749,3.2513999999999998
13070,-0.33479999999999999,3.2570000000000001
13071,-0.33479999999999999,3.2589000000000001
13072,-2.7776999999999998,3.2477
13073,-1.5749,3.2551999999999999
13074,5.4066999999999998,3.2831000000000001
13075,1.5996999999999999,3.27
13076,0.27900000000000003,3.2663000000000002
13077,-6.8638000000000003,3.2366000000000001
13078,-4.6875,3.2440000000000002
13079,-4.7432999999999996,3.2421000000000002
13080,1.1160000000000001,3.2682000000000002
13081,8.2774999999999999,3.2978999999999998
13082,7.0002000000000004,3.2942
13083,7.2110000000000003,3.2997999999999998
13084,0,3.27
13085,0,3.27
13086,0,3.27
13087,0,3.27
13088,0,3.27
13089,0,3.27
13090,0,3.27
13091,0,3.27
13092,0,3.27
13093,0,3.27
13094,0,3.27
13095,0,3.27
13096,0,3.27
13097,0,3.27
13098,-3.2986,3.2589000000000001
13099,-0.44640000000000002,3.2682000000000002
13100,-0.44640000000000002,3.2682000000000002
13101,-0.44640000000000002,3.2682000000000002
13102,-0.44640000000000002,3.27
13103,-2.2134999999999998,3.2625999999999999
13104,-4.6936999999999998,3.2532999999999999
13105,-3.5341999999999998,3.2551999999999999
13106,-3.5341999999999998,3.2551999999999999
13107,-4.4951999999999996,3.2513999999999998
13108,-9.4556000000000004,3.2290999999999999
13109,-11.4955,3.2198000000000002
13110,-4.1417999999999999,3.2458999999999998
13111,0,3.2645
13112,0,3.2663000000000002
13113,0,3.2682000000000002
13114,-6.5724,3.2403
13115,-13.808199999999999,3.2105000000000001
13116,-22.011399999999998,3.177
13117,-26.810500000000001,3.1528999999999998
13118,-25.223199999999999,3.1547000000000001
13119,-17.491299999999999,3.1808000000000001
13120,-11.011900000000001,3.2067999999999999
13121,-7.5396000000000001,3.2198000000000002
13122,-12.0907,3.2012
13123,-10.6212,3.2086999999999999
13124,-9.6167999999999996,3.2124000000000001
13125,-8.4945000000000004,3.2161
13126,-3.6272000000000002,3.2347000000000001
13127,1.2462,3.2589000000000001
13128,1.2090000000000001,3.2606999999999999
13129,-3.4226000000000001,3.2421000000000002
13130,-3.4226000000000001,3.2421000000000002
13131,-3.4163999999999999,3.2421000000000002
13132,-3.4226000000000001,3.2421000000000002
13133,-3.4163999999999999,3.2421000000000002
13134,-9.5733999999999995,3.2198000000000002
13135,-5.0285000000000002,3.2366000000000001
13136,-8.5007000000000001,3.2216999999999998
13137,-5.8964999999999996,3.2309999999999999
13138,-7.3784000000000001,3.2254
13139,-8.9037000000000006,3.2198000000000002
13140,-6.2188999999999997,3.2290999999999999
13141,-5.4625000000000004,3.2328000000000001
13142,-7.7380000000000004,3.2235
13143,-6.4298000000000002,3.2290999999999999
13144,-13.851599999999999,3.1993999999999998
13145,-28.441199999999998,3.1417000000000002
13146,8.8912999999999993,3.2831000000000001
13147,-27.2879,3.1454
13148,-6.2188999999999997,3.2216999999999998
13149,-2.9388999999999998,3.2366000000000001
13150,5.0904999999999996,3.2719
13151,19.029,3.3313999999999999
13152,17.683499999999999,3.3332999999999999
13153,15.0359,3.3277000000000001
13154,11.929500000000001,3.3184
13155,8.6494999999999997,3.3071999999999999
13156,0,3.2719
13157,0,3.27
13158,0,3.27
13159,0,3.27
13160,0,3.27
13161,0,3.2682000000000002
13162,0,3.27
13163,0,3.27
13164,0,3.27
13165,0,3.27
13166,0,3.27
13167,0,3.27
13168,0,3.27
13169,0,3.27
13170,0,3.27
13171,0,3.27
13172,0,3.27
13173,0,3.27
13174,0,3.27
13175,0,3.2719
13176,0,3.2719
13177,0,3.2719
13178,0,3.2719
13179,0,3.2719
13180,0,3.2719
13181,0,3.2719
13182,0,3.2719
13183,0,3.2719
13184,-4.8548999999999998,3.2532999999999999
13185,-10.5778,3.2273000000000001
13186,-17.776499999999999,3.1956000000000002
13187,-18.613499999999998,3.1901000000000002
13188,-16.492999999999999,3.1938
13189,-14.967700000000001,3.1974999999999998
13190,-9.4803999999999995,3.218
13191,-26.047799999999999,3.1547000000000001
13192,-7.0187999999999997,3.2235
13193,-14.0562,3.1974999999999998
13194,-11.061500000000001,3.2086999999999999
13195,-2.7776999999999998,3.2403
13196,-20.696899999999999,3.1732999999999998
13197,1.2090000000000001,3.2551999999999999
13198,0.79979999999999996,3.2589000000000001
13199,0.72540000000000004,3.2606999999999999
13200,1.2090000000000001,3.2645
13201,1.6431,3.2663000000000002
13202,1.1966000000000001,3.2663000000000002
13203,0.67579999999999996,3.2645
13204,4.0735999999999999,3.2793000000000001
13205,3.4039999999999999,3.2793000000000001
13206,3.0442999999999998,3.2774999999999999
13207,2.8334999999999999,3.2793000000000001
13208,4.2906000000000004,3.2848999999999999
13209,7.4837999999999996,3.3016999999999999
13210,0,3.2719
13211,0,3.27
13212,0,3.27
13213,0,3.27
13214,0,3.27
13215,0,3.27
13216,0,3.27
13217,0,3.27
13218,0,3.27
13219,0,3.27
13220,0,3.27
13221,0,3.27
13222,0,3.27
13223,0,3.2719
13224,0,3.2719
13225,0,3.2719
13226,0,3.2719
13227,0,3.2719
13228,0,3.2719
13229,0,3.2719
13230,0,3.2719
13231,0,3.2719
13232,0,3.2719
13233,0,3.2719
13234,0,3.2719
13235,0,3.2719
13236,0,3.2719
13237,0,3.2738
13238,0,3.2738
13239,0,3.2738
13240,0,3.2738
13241,-9.5671999999999997,3.2347000000000001
13242,-9.4122000000000003,3.2328000000000001
13243,-15.2963,3.2067999999999999
13244,-18.650700000000001,3.1901000000000002
13245,-21.087499999999999,3.177
13246,-23.332000000000001,3.1659000000000002
13247,-6.2934000000000001,3.2290999999999999
13248,-9.2632999999999992,3.2198000000000002
13249,-27.777699999999999,3.1473
13250,-13.089,3.1974999999999998
13251,-10.5778,3.2086999999999999
13252,-4.5324,3.2328000000000001
13253,0.79979999999999996,3.2570000000000001
13254,1.6802999999999999,3.2625999999999999
13255,1.6802999999999999,3.2645
13256,1.2090000000000001,3.2645
13257,1.5996999999999999,3.2682000000000002
13258,11.3963,3.3090999999999999
13259,7.1242000000000001,3.2942
13260,-1.7795000000000001,3.2606999999999999
13261,-4.5385999999999997,3.2477
13262,-4.6688000000000001,3.2458999999999998
13263,-6.0205000000000002,3.2403
13264,-11.966699999999999,3.2161
13265,-20.101600000000001,3.1808000000000001
13266,-22.265599999999999,3.1696
13267,-20.5047,3.1715
13268,-5.3261000000000003,3.2290999999999999
13269,-0.496,3.2513999999999998
13270,-1.8539000000000001,3.2458999999999998
13271,5.6733000000000002,3.2793000000000001
13272,10.639799999999999,3.3035000000000001
13273,7.2729999999999997,3.2942
13274,4.0797999999999996,3.2831000000000001
13275,-1.8973,3.2589000000000001
13276,-17.689699999999998,3.1938
13277,-21.7881,3.1751999999999998
13278,-20.814699999999998,3.1732999999999998
13279,-21.006900000000002,3.1696
13280,-15.2095,3.1882000000000001
13281,-8.5441000000000003,3.2141999999999999
13282,-7.3411999999999997,3.2198000000000002
13283,-5.2641,3.2290999999999999
13284,0.68200000000000005,3.2551999999999999
13285,-2.1825000000000001,3.2440000000000002
13286,-5.8964999999999996,3.2309999999999999
13287,-5.2145000000000001,3.2328000000000001
13288,-2.2134999999999998,3.2458999999999998
13289,-2.1762999999999999,3.2458999999999998
13290,-3.7016,3.2403
13291,-10.1004,3.2161
13292,-10.2988,3.2141999999999999
13293,-5.4500999999999999,3.2309999999999999
13294,0.155,3.2551999999999999
13295,1.24,3.2625999999999999
13296,-5.2641,3.2366000000000001
13297,-8.9037000000000006,3.2216999999999998
13298,-11.9419,3.2086999999999999
13299,-4.0549999999999997,3.2366000000000001
13300,0,3.2551999999999999
13301,-9.2136999999999993,3.2198000000000002
13302,-11.600899999999999,3.2086999999999999
13303,-14.167899999999999,3.1956000000000002
13304,-18.607299999999999,3.177
13305,-13.851599999999999,3.1919
13306,-11.8179,3.1993999999999998
13307,-8.9408999999999992,3.2124000000000001
13308,-9.0463000000000005,3.2124000000000001
13309,-9.2074999999999996,3.2105000000000001
13310,-5.0471000000000004,3.2273000000000001
13311,-1.5749,3.2421000000000002
13312,-3.2242000000000002,3.2366000000000001
13313,-3.2118000000000002,3.2383999999999999
13314,-6.6592000000000002,3.2254
13315,-10.77,3.2086999999999999
13316,0.68200000000000005,3.2532999999999999
13317,1.3206,3.2589000000000001
13318,0.68200000000000005,3.2589000000000001
13319,-8.8169000000000004,3.2198000000000002
13320,-12.0473,3.2067999999999999
13321,-10.695600000000001,3.2086999999999999
13322,-7.6574,3.2198000000000002
13323,-6.8575999999999997,3.2235
13324,-3.3730000000000002,3.2366000000000001
13325,1.3206,3.2589000000000001
13326,2.0337000000000001,3.2625999999999999
13327,-6.4917999999999996,3.2290999999999999
13328,-8.9346999999999994,3.218
13329,-12.245699999999999,3.2031000000000001
13330,-12.5434,3.1993999999999998
13331,-13.7834,3.1938
13332,-11.464499999999999,3.2012
13333,-8.2589000000000006,3.2141999999999999
13334,-1.8601000000000001,3.2403
13335,1.3268,3.2570000000000001
13336,21.3293,3.3389000000000002
13337,19.518799999999999,3.3389000000000002
13338,18.2849,3.3407
13339,15.513299999999999,3.3332999999999999
13340,12.3635,3.3239999999999998
13341,9.0772999999999993,3.3109999999999999
13342,0,3.2738
13343,0,3.2719
13344,0,3.2719
13345,0,3.2719
13346,0,3.27
13347,0,3.27
13348,0,3.27
13349,0,3.27
13350,0,3.27
13351,0,3.27
13352,0,3.27
13353,0,3.27
13354,0,3.27
13355,0,3.27
13356,0,3.27
13357,0,3.2719
13358,0,3.27
13359,0,3.27
13360,0,3.2719
13361,0,3.2719
13362,0,3.2719
13363,0,3.2719
13364,0,3.2719
13365,0,3.2719
13366,0,3.2719
13367,0,3.2719
13368,0,3.2719
13369,0,3.2719
13370,0,3.2719
13371,0,3.2719
13372,0,3.2719
13373,0,3.2719
13374,0,3.2719
13375,0,3.2738
13376,0,3.2719
13377,0,3.2738
13378,0,3.2738
13379,0,3.2719
13380,0,3.2738
13381,0,3.2738
13382,0,3.2738
13383,0,3.2738
13384,-10.4476,3.2309999999999999
13385,-14.415900000000001,3.2124000000000001
13386,-18.309699999999999,3.1919
13387,-22.774000000000001,3.1732999999999998
13388,-28.5838,3.1454
13389,-33.407699999999998,3.125
13390,-29.216200000000001,3.1343000000000001
13391,-28.149799999999999,3.1360999999999999
13392,-22.290400000000002,3.1547000000000001
13393,-12.121700000000001,3.1919
13394,2.6351,3.2551999999999999
13395,1.8043,3.2551999999999999
13396,0.67579999999999996,3.2551999999999999
13397,-7.3722000000000003,3.2235
13398,-6.0949,3.2273000000000001
13399,-6.1755000000000004,3.2273000000000001
13400,-9.0525000000000002,3.2161
13401,-21.447099999999999,3.1677
13402,2.7343000000000002,3.2589000000000001
13403,13.994199999999999,3.3090999999999999
13404,6.0391000000000004,3.2831000000000001
13405,16.071400000000001,3.3258000000000001
13406,6.9257999999999997,3.2924000000000002
13407,1.0044,3.27
13408,-10.180999999999999,3.2235
13409,-6.7336,3.2347000000000001
13410,-15.606299999999999,3.1974999999999998
13411,-26.7361,3.1509999999999998
13412,-30.809699999999999,3.1305000000000001
13413,-39.924300000000002,3.0952000000000002
13414,-39.924300000000002,3.0895999999999999
13415,-39.924300000000002,3.0859000000000001
13416,-39.924300000000002,3.0821999999999998
13417,-25.260400000000001,3.1305000000000001
13418,-39.930500000000002,3.0802999999999998
13419,-30.096699999999998,3.1101000000000001
13420,-39.918100000000003,3.0766
13421,-38.256399999999999,3.0783999999999998
13422,-39.924300000000002,3.0729000000000002
13423,-29.123200000000001,3.1063000000000001
13424,-27.4057,3.1137999999999999
13425,-25.855599999999999,3.1194000000000002
13426,-10.4476,3.177
13427,-6.3739999999999997,3.1938
13428,-8.6867000000000001,3.1882000000000001
13429,-6.2188999999999997,3.1993999999999998
13430,-10.2058,3.1863000000000001
13431,-10.2058,3.1863000000000001
13432,-10.212,3.1863000000000001
13433,-10.2058,3.1863000000000001
13434,-14.775499999999999,3.1715
13435,-14.8561,3.1696
13436,-21.763300000000001,3.1417000000000002
13437,-24.4419,3.1324000000000001
13438,-24.950299999999999,3.1286999999999998
13439,-20.703099999999999,3.1417000000000002
13440,-23.412600000000001,3.1324000000000001
13441,-26.239999999999998,3.1212
13442,-21.856300000000001,3.1343000000000001
13443,-24.658899999999999,3.125
13444,-30.096699999999998,3.1044999999999998
13445,-39.930500000000002,3.0691000000000002
13446,-39.508899999999997,3.0691000000000002
13447,-27.697099999999999,3.1044999999999998
13448,-22.774000000000001,3.125
13449,-17.497499999999999,3.1436000000000002
13450,-12.3325,3.1659000000000002
13451,-7.4218000000000002,3.1863000000000001
13452,-14.6515,3.1602999999999999
13453,-19.896999999999998,3.1398000000000001
13454,-22.966200000000001,3.1286999999999998
13455,-25.892800000000001,3.1175000000000002
13456,-20.653500000000001,3.1343000000000001
13457,-26.457000000000001,3.1156000000000001
13458,-21.087499999999999,3.1324000000000001
13459,-24.299299999999999,3.1212
13460,-18.818200000000001,3.1398000000000001
13461,-16.1892,3.1490999999999998
13462,-11.383900000000001,3.1696
13463,-16.046600000000002,3.1528999999999998
13464,-16.059000000000001,3.1528999999999998
13465,-16.052800000000001,3.1528999999999998
13466,-16.059000000000001,3.1528999999999998
13467,-16.046600000000002,3.1528999999999998
13468,-13.337,3.1659000000000002
13469,-8.3332999999999995,3.1844999999999999
13470,-8.1844999999999999,3.1863000000000001
13471,1.4942,3.2254
13472,-2.1019000000000001,3.2161
13473,-4.5758000000000001,3.2067999999999999
13474,-9.6912000000000003,3.1882000000000001
13475,-6.9382000000000001,3.1974999999999998
13476,-11.5389,3.1808000000000001
13477,-21.980399999999999,3.1398000000000001
13478,-16.809200000000001,3.1566000000000001
13479,-16.852599999999999,3.1566000000000001
13480,-14.2919,3.1677
13481,-6.9816000000000003,3.1938
13482,-4.1479999999999997,3.2086999999999999
13483,-4.0922000000000001,3.2105000000000001
13484,-3.8999999999999999,3.2124000000000001
13485,-1.0105999999999999,3.2254
13486,-20.6907,3.1490999999999998
13487,-3.5838000000000001,3.2141999999999999
13488,-10.615,3.1863000000000001
13489,-8.6556999999999995,3.1938
13490,-8.5007000000000001,3.1956000000000002
13491,-15.290100000000001,3.1696
13492,-11.055300000000001,3.1844999999999999
13493,-39.918100000000003,3.0802999999999998
13494,2.0398999999999998,3.2290999999999999
13495,-39.924300000000002,3.0783999999999998
13496,-13.901199999999999,3.1677
13497,-27.132899999999999,3.1194000000000002
13498,-39.924300000000002,3.0710000000000002
13499,-28.441199999999998,3.1063000000000001
13500,-20.548100000000002,3.1360999999999999
13501,-26.370200000000001,3.1156000000000001
13502,-15.699400000000001,3.1528999999999998
13503,-10.863,3.1732999999999998
13504,0,3.218
13505,1.6431,3.2273000000000001
13506,4.6811999999999996,3.2421000000000002
13507,7.8682999999999996,3.2589000000000001
13508,6.5599999999999996,3.2589000000000001
13509,-12.81,3.1825999999999999
13510,-12.8162,3.1808000000000001
13511,-3.1808000000000001,3.218
13512,6.6406000000000001,3.2589000000000001
13513,-10.212,3.1938
13514,-14.2547,3.177
13515,-10.212,3.1919
13516,-2.5358999999999998,3.2216999999999998
13517,-9.8957999999999995,3.1938
13518,-11.5823,3.1863000000000001
13519,-11.5885,3.1863000000000001
13520,-2.2940999999999998,3.2216999999999998
13521,0,3.2328000000000001
13522,0.124,3.2366000000000001
13523,5.1276999999999999,3.2589000000000001
13524,7.9489000000000001,3.2719
13525,7.9179000000000004,3.2738
13526,9.0835000000000008,3.2812000000000001
13527,9.0029000000000003,3.2831000000000001
13528,7.7690000000000001,3.2793000000000001
13529,8.8045000000000009,3.2848999999999999
13530,15.1599,3.3128000000000002
13531,11.600899999999999,3.3035000000000001
13532,14.1617,3.3147000000000002
13533,9.9763999999999999,3.2997999999999998
13534,8.5317000000000007,3.2942
13535,5.5617000000000001,3.2831000000000001
13536,4.6378000000000004,3.2793000000000001
13537,-3.2986,3.2477
13538,1.3206,3.2645
13539,5.2454999999999998,3.2812000000000001
13540,8.9222999999999999,3.2978999999999998
13541,15.7242,3.3258000000000001
13542,17.795100000000001,3.3370000000000002
13543,5.8902999999999999,3.2924000000000002
13544,3.7202000000000002,3.2831000000000001
13545,1.5687,3.2738
13546,5.2083000000000004,3.2867999999999999
13547,4.7247000000000003,3.2867999999999999
13548,8.4821000000000009,3.3035000000000001
13549,3.7635999999999998,3.2848999999999999
13550,0,3.27
13551,0,3.2682000000000002
13552,0,3.2682000000000002
13553,0,3.2682000000000002
13554,0,3.2663000000000002
13555,0,3.2663000000000002
13556,0,3.2663000000000002
13557,0,3.2663000000000002
13558,0,3.2663000000000002
13559,0,3.2663000000000002
13560,0,3.2663000000000002
13561,0,3.2663000000000002
13562,0,3.2663000000000002
13563,0,3.2663000000000002
13564,0,3.2663000000000002
13565,0,3.2663000000000002
13566,0,3.2663000000000002
13567,-3.2986,3.2532999999999999
13568,-10.5778,3.2235
13569,-16.648,3.1956000000000002
13570,-20.175999999999998,3.1808000000000001
13571,-24.522500000000001,3.1602999999999999
13572,-28.162199999999999,3.1436000000000002
13573,-27.777699999999999,3.1398000000000001
13574,-30.716699999999999,3.1267999999999998
13575,-16.852599999999999,3.1751999999999998
13576,-21.6951,3.1566000000000001
13577,-20.926300000000001,3.1566000000000001
13578,-23.6173,3.1454
13579,-31.411200000000001,3.1175000000000002
13580,-16.1706,3.1696
13581,-16.741,3.1696
13582,-13.058,3.1825999999999999
13583,-15.9412,3.1732999999999998
13584,-17.578099999999999,3.1659000000000002
13585,-19.779199999999999,3.1566000000000001
13586,-7.8993000000000002,3.1993999999999998
13587,-10.732799999999999,3.1919
13588,-4.2595999999999998,3.218
13589,-0.4526,3.2347000000000001
13590,-8.9346999999999994,3.2031000000000001
13591,-18.867799999999999,3.1659000000000002
13592,-14.775499999999999,3.1789000000000001
13593,-6.5351999999999997,3.2105000000000001
13594,-6.5351999999999997,3.2105000000000001
13595,-6.5351999999999997,3.2124000000000001
13596,-6.5351999999999997,3.2124000000000001
13597,-6.5351999999999997,3.2141999999999999
13598,-7.7317999999999998,3.2086999999999999
13599,-11.414899999999999,3.1938
13600,-7.8930999999999996,3.2086999999999999
13601,-4.7432999999999996,3.2198000000000002
13602,0.44019999999999998,3.2403
13603,5.1215000000000002,3.2645
13604,6.0019,3.27
13605,2.2010999999999998,3.2570000000000001
13606,15.2095,3.3109999999999999
13607,16.567399999999999,3.3203
13608,20.070599999999999,3.3389000000000002
13609,14.645300000000001,3.3220999999999998
13610,13.5602,3.3184
13611,12.2395,3.3147000000000002
13612,10.5654,3.3109999999999999
13613,6.1569000000000003,3.2924000000000002
13614,0,3.2682000000000002
13615,0,3.2663000000000002
13616,0,3.2663000000000002
13617,0,3.2663000000000002
13618,0,3.2645
13619,0,3.2645
13620,0,3.2645
13621,0,3.2645
13622,0,3.2645
13623,-8.2960999999999991,3.2309999999999999
13624,-10.6088,3.2198000000000002
13625,-17.0138,3.1919
13626,-23.177,3.1659000000000002
13627,-27.325099999999999,3.1454
13628,-32.1676,3.125
13629,-39.930500000000002,3.0914999999999999
13630,-35.565399999999997,3.1025999999999998
13631,-11.743499999999999,3.1863000000000001
13632,-28.329599999999999,3.1267999999999998
13633,-24.491499999999998,3.1379999999999999
13634,-18.625900000000001,3.1602999999999999
13635,-6.5724,3.2067999999999999
13636,-3.1374,3.2216999999999998
13637,0,3.2366000000000001
13638,0.67579999999999996,3.2421000000000002
13639,1.3206,3.2458999999999998
13640,3.6829999999999998,3.2589000000000001
13641,17.633900000000001,3.3165
13642,18.0307,3.3239999999999998
13643,15.277699999999999,3.3184
13644,12.109299999999999,3.3090999999999999
13645,8.8912999999999993,3.2997999999999998
13646,0,3.2625999999999999
13647,0,3.2625999999999999
13648,0,3.2625999999999999
13649,0,3.2606999999999999
13650,0,3.2606999999999999
13651,0,3.2606999999999999
13652,0,3.2606999999999999
13653,0,3.2606999999999999
13654,0,3.2625999999999999
13655,0,3.2625999999999999
13656,0,3.2625999999999999
13657,0,3.2625999999999999
13658,0,3.2625999999999999
13659,0,3.2625999999999999
13660,0,3.2625999999999999
13661,0,3.2625999999999999
13662,0,3.2625999999999999
13663,0,3.2625999999999999
13664,0,3.2625999999999999
13665,0,3.2645
13666,0,3.2645
13667,0,3.2645
13668,-10.453799999999999,3.2216999999999998
13669,-14.4221,3.2031000000000001
13670,-18.2973,3.1844999999999999
13671,-22.780200000000001,3.1659000000000002
13672,-28.571400000000001,3.1398000000000001
13673,-33.401499999999999,3.1175000000000002
13674,-39.930500000000002,3.0914999999999999
13675,-39.924300000000002,3.0859000000000001
13676,-22.017600000000002,3.1454
13677,-21.7819,3.1473
13678,-39.918100000000003,3.0821999999999998
13679,-28.373000000000001,3.1194000000000002
13680,-14.409700000000001,3.1696
13681,-24.807700000000001,3.1324000000000001
13682,-10.8134,3.1825999999999999
13683,-14.5213,3.1715
13684,-14.8065,3.1715
13685,-4.5819999999999999,3.2105000000000001
13686,-7.7256,3.1993999999999998
13687,-7.7813999999999997,3.2012
13688,-2.6598999999999999,3.2216999999999998
13689,-0.65100000000000002,3.2328000000000001
13690,-11.2165,3.1919
13691,-6.5476000000000001,3.2105000000000001
13692,0.48980000000000001,3.2383999999999999
13693,-4.4518000000000004,3.2216999999999998
13694,-4.3836000000000004,3.2216999999999998
13695,-2.4615,3.2309999999999999
13696,-6.2624000000000004,3.2161
13697,-6.2624000000000004,3.2161
13698,-6.25,3.2161
13699,-6.2624000000000004,3.2161
13700,-6.25,3.2161
13701,-2.4119000000000002,3.2309999999999999
13702,-8.1100999999999992,3.2105000000000001
13703,-8.1287000000000003,3.2105000000000001
13704,-11.0181,3.1974999999999998
13705,-0.52700000000000002,3.2383999999999999
13706,-2.4119000000000002,3.2328000000000001
13707,-6.1692999999999998,3.2198000000000002
13708,-6.1692999999999998,3.2198000000000002
13709,-2.3809,3.2328000000000001
13710,-2.2940999999999998,3.2347000000000001
13711,-4.1479999999999997,3.2290999999999999
13712,5.9646999999999997,3.27
13713,10.1562,3.2886000000000002
13714,13.0642,3.3071999999999999
13715,13.802,3.3128000000000002
13716,14.7941,3.3203
13717,15.922599999999999,3.3258000000000001
13718,13.2378,3.3184
13719,13.244,3.3203
13720,10.6274,3.3128000000000002
13721,6.7645999999999997,3.2978999999999998
13722,0,3.2682000000000002
13723,0,3.2682000000000002
13724,0,3.2663000000000002
13725,0,3.2663000000000002
13726,0,3.2663000000000002
13727,0,3.2663000000000002
13728,0,3.2645
13729,0,3.2663000000000002
13730,0,3.2663000000000002
13731,-3.9371999999999998,3.2477
13732,-7.4962,3.2328000000000001
13733,-6.6219999999999999,3.2347000000000001
13734,-3.5775999999999999,3.2458999999999998
13735,-11.377700000000001,3.2161
13736,-7.0621999999999998,3.2309999999999999
13737,-6.5724,3.2309999999999999
13738,-10.2554,3.2161
13739,-15.829599999999999,3.1919
13740,-17.410699999999999,3.1844999999999999
13741,-16.2822,3.1863000000000001
13742,-13.907400000000001,3.1938
13743,-13.454800000000001,3.1938
13744,-11.979100000000001,3.1993999999999998
13745,-13.299799999999999,3.1938
13746,-14.4283,3.1882000000000001
13747,-12.5558,3.1938
13748,-11.743499999999999,3.1956000000000002
13749,-8.6681000000000008,3.2105000000000001
13750,-5.2641,3.2235
13751,-3.7946,3.2290999999999999
13752,-3.7759999999999998,3.2309999999999999
13753,-3.7884000000000002,3.2328000000000001
13754,-3.7884000000000002,3.2328000000000001
13755,-3.7946,3.2328000000000001
13756,-11.743499999999999,3.2012
13757,-6.3057999999999996,3.2216999999999998
13758,-6.3739999999999997,3.2216999999999998
13759,0.67579999999999996,3.2513999999999998
13760,0.68200000000000005,3.2532999999999999
13761,-0.73780000000000001,3.2477
13762,-3.7884000000000002,3.2366000000000001
13763,-3.7884000000000002,3.2366000000000001
13764,1.7608999999999999,3.2606999999999999
13765,6.1569000000000003,3.2793000000000001
13766,16.437200000000001,3.3220999999999998
13767,13.244,3.3165
13768,10.639799999999999,3.3071999999999999
13769,0,3.2663000000000002
13770,0,3.2645
13771,0,3.2645
13772,0,3.2645
13773,0,3.2645
13774,0,3.2645
13775,0,3.2645
13776,0,3.2645
13777,0,3.2645
13778,0,3.2645
13779,0,3.2645
13780,0,3.2645
13781,0,3.2645
13782,0,3.2645
13783,0,3.2645
13784,0,3.2645
13785,0,3.2645
13786,0,3.2663000000000002
13787,0,3.2645
13788,0,3.2663000000000002
13789,-10.453799999999999,3.2235
13790,-14.415900000000001,3.2031000000000001
13791,-18.2911,3.1863000000000001
13792,-22.538399999999999,3.1659000000000002
13793,-13.244,3.1974999999999998
13794,-13.020799999999999,3.1974999999999998
13795,-10.968500000000001,3.2067999999999999
13796,-2.1019000000000001,3.2403
13797,-2.1019000000000001,3.2421000000000002
13798,-6.2624000000000004,3.2273000000000001
13799,-4.0983999999999998,3.2366000000000001
13800,-2.1019000000000001,3.2440000000000002
13801,-0.1178,3.2551999999999999
13802,1.0044,3.2606999999999999
13803,-1.1035999999999999,3.2532999999999999
13804,0.2356,3.2589000000000001
13805,-6.2126999999999999,3.2328000000000001
13806,-3.1808000000000001,3.2440000000000002
13807,-1.1035999999999999,3.2532999999999999
13808,0.56420000000000003,3.2606999999999999
13809,-1.0602,3.2551999999999999
13810,-2.0089000000000001,3.2513999999999998
13811,-3.0257000000000001,3.2458999999999998
13812,-6.2126999999999999,3.2328000000000001
13813,-7.2110000000000003,3.2290999999999999
13814,-10.416600000000001,3.2161
13815,-8.9037000000000006,3.2198000000000002
13816,-12.4937,3.2031000000000001
13817,-10.9437,3.2086999999999999
13818,-3.8999999999999999,3.2347000000000001
13819,-3.9434,3.2366000000000001
13820,-7.7008000000000001,3.2216999999999998
13821,-7.4962,3.2216999999999998
13822,-7.6139999999999999,3.2216999999999998
13823,-4.5385999999999997,3.2328000000000001
13824,-3.1808000000000001,3.2383999999999999
13825,-3.1808000000000001,3.2383999999999999
13826,-5.2950999999999997,3.2309999999999999
13827,-14.9367,3.1938
13828,-20.461300000000001,3.1696
13829,-15.2157,3.1844999999999999
13830,-10.77,3.2012
13831,-10.416600000000001,3.2031000000000001
13832,3.9247999999999998,3.2606999999999999
13833,17.621500000000001,3.3203
13834,16.158200000000001,3.3220999999999998
13835,13.039400000000001,3.3147000000000002
13836,9.6912000000000003,3.3035000000000001
13837,0,3.2663000000000002
13838,0,3.2645
13839,0,3.2645
13840,0,3.2645
13841,0,3.2625999999999999
13842,0,3.2625999999999999
13843,0,3.2645
13844,0,3.2645
13845,0,3.2645
13846,0,3.2645
13847,0,3.2645
13848,0,3.2645
13849,0,3.2645
13850,0,3.2645
13851,0,3.2645
13852,0,3.2663000000000002
13853,0,3.2645
13854,0,3.2663000000000002
13855,0,3.2663000000000002
13856,0,3.2663000000000002
13857,0,3.2663000000000002
13858,0,3.2663000000000002
13859,0,3.2663000000000002
13860,0,3.2663000000000002
13861,0,3.2663000000000002
13862,0,3.2663000000000002
13863,0,3.2682000000000002
13864,0,3.2663000000000002
13865,0,3.2663000000000002
13866,-6.4236000000000004,3.2403
13867,-8.1410999999999998,3.2309999999999999
13868,-17.1006,3.1938
13869,-13.857799999999999,3.2031000000000001
13870,-16.381399999999999,3.1901000000000002
13871,-11.966699999999999,3.2067999999999999
13872,-11.607100000000001,3.2067999999999999
13873,-19.971399999999999,3.1732999999999998
13874,-21.571100000000001,3.1659000000000002
13875,-16.499199999999998,3.1808000000000001
13876,-15.693199999999999,3.1825999999999999
13877,-15.4017,3.1825999999999999
13878,-17.509899999999998,3.1751999999999998
13879,-13.461,3.1882000000000001
13880,-7.5705999999999998,3.2124000000000001
13881,-9.1331000000000007,3.2067999999999999
13882,-5.6174999999999997,3.2216999999999998
13883,-5.6547000000000001,3.2216999999999998
13884,-4.0922000000000001,3.2290999999999999
13885,-6.5476000000000001,3.2198000000000002
13886,-5.7042999999999999,3.2235
13887,-4.1417999999999999,3.2309999999999999
13888,1.2462,3.2532999999999999
13889,1.2462,3.2570000000000001
13890,10.081799999999999,3.2924000000000002
13891,11.1669,3.3035000000000001
13892,13.3246,3.3147000000000002
13893,7.7999999999999998,3.2942
13894,6.2003000000000004,3.2886000000000002
13895,7.6016000000000004,3.2942
13896,0,3.2663000000000002
13897,0,3.2663000000000002
13898,0,3.2645
13899,0,3.2645
13900,0,3.2645
13901,0,3.2645
13902,0,3.2645
13903,0,3.2645
13904,0,3.2645
13905,0,3.2645
13906,0,3.2645
13907,0,3.2663000000000002
13908,0,3.2645
13909,0,3.2663000000000002
13910,0,3.2663000000000002
13911,0,3.2663000000000002
13912,0,3.2663000000000002
13913,0,3.2663000000000002
13914,-4.5262000000000002,3.2477
13915,-6.2126999999999999,3.2383999999999999
13916,-3.8132000000000001,3.2477
13917,-6.9382000000000001,3.2347000000000001
13918,-13.9756,3.2067999999999999
13919,-13.622199999999999,3.2031000000000001
13920,-15.9536,3.1919
13921,-10.187200000000001,3.2124000000000001
13922,-16.2698,3.1882000000000001
13923,-5.0656999999999996,3.2309999999999999
13924,-0.124,3.2532999999999999
13925,-2.0213000000000001,3.2458999999999998
13926,-16.8154,3.1882000000000001
13927,-11.8179,3.2031000000000001
13928,-11.427300000000001,3.2031000000000001
13929,-16.889800000000001,3.1825999999999999
13930,-14.0562,3.1901000000000002
13931,-3.1745999999999999,3.2328000000000001
13932,0.79979999999999996,3.2532999999999999
13933,-10.174799999999999,3.2105000000000001
13934,-10.453799999999999,3.2086999999999999
13935,-5.5740999999999996,3.2254
13936,4.0426000000000002,3.2663000000000002
13937,3.5651999999999999,3.2682000000000002
13938,4.4828000000000001,3.2738
13939,11.0367,3.3035000000000001
13940,10.918799999999999,3.3071999999999999
13941,8.1225000000000005,3.2978999999999998
13942,0,3.2663000000000002
13943,0,3.2645
13944,0,3.2645
13945,0,3.2645
13946,0,3.2645
13947,0,3.2645
13948,-0.16739999999999999,3.2645
13949,-8.6681000000000008,3.2290999999999999
13950,-10.6088,3.218
13951,-16.585999999999999,3.1919
13952,-20.337299999999999,3.1751999999999998
13953,-11.972899999999999,3.2031000000000001
13954,-17.423100000000002,3.1808000000000001
13955,-18.861599999999999,3.1732999999999998
13956,-17.224699999999999,3.177
13957,-21.7013,3.1602999999999999
13958,-20.901499999999999,3.1602999999999999
13959,-19.921800000000001,3.1621999999999999
13960,-16.1768,3.1751999999999998
13961,-16.902200000000001,3.1715
13962,-11.8241,3.1901000000000002
13963,-10.732799999999999,3.1938
13964,-8.0604999999999993,3.2067999999999999
13965,-9.6167999999999996,3.1993999999999998
13966,-8.3332999999999995,3.2067999999999999
13967,-4.4518000000000004,3.2216999999999998
13968,0,3.2421000000000002
13969,-2.7404999999999999,3.2328000000000001
13970,-1.1035999999999999,3.2403
13971,1.3206,3.2532999999999999
13972,2.5607000000000002,3.2606999999999999
13973,6.7211999999999996,3.2774999999999999
13974,10.7142,3.2978999999999998
13975,10.044600000000001,3.2997999999999998
13976,11.6753,3.3090999999999999
13977,9.7965999999999998,3.3035000000000001
13978,5.2020999999999997,3.2848999999999999
13979,6.6467999999999998,3.2924000000000002
13980,0,3.2645
13981,0,3.2645
13982,0,3.2645
13983,0,3.2645
13984,-0.44640000000000002,3.2625999999999999
13985,0,3.2645
13986,0,3.2645
13987,-9.5671999999999997,3.2254
13988,-10.6088,3.218
13989,-17.764099999999999,3.1863000000000001
13990,-23.945900000000002,3.1602999999999999
13991,-24.131900000000002,3.1528999999999998
13992,-16.0962,3.1808000000000001
13993,-10.3794,3.2031000000000001
13994,-13.020799999999999,3.1919
13995,-14.223699999999999,3.1882000000000001
13996,-15.7738,3.1808000000000001
13997,-16.486799999999999,3.177
13998,-25.248000000000001,3.1417000000000002
13999,-22.953800000000001,3.1473
14000,-16.8154,3.1696
14001,-10.9499,3.1901000000000002
14002,-8.1721000000000004,3.2012
14003,-12.245699999999999,3.1882000000000001
14004,-4.5324,3.2198000000000002
14005,-4.5385999999999997,3.2198000000000002
14006,-2.8582999999999998,3.2290999999999999
14007,0,3.2421000000000002
14008,-1.1346000000000001,3.2383999999999999
14009,-4.3277999999999999,3.2273000000000001
14010,-4.3339999999999996,3.2273000000000001
14011,-2.7404999999999999,3.2328000000000001
14012,2.0026999999999999,3.2551999999999999
14013,-2.6164999999999998,3.2383999999999999
14014,-4.1417999999999999,3.2309999999999999
14015,-4.1417999999999999,3.2309999999999999
14016,-4.1417999999999999,3.2309999999999999
14017,-4.1417999999999999,3.2309999999999999
14018,-4.1417999999999999,3.2309999999999999
14019,-5.7786999999999997,3.2254
14020,-9.4928000000000008,3.2105000000000001
14021,-11.1731,3.2012
14022,-25.4526,3.1454
14023,-19.320399999999999,3.1640000000000001
14024,-19.7544,3.1602999999999999
14025,-20.5047,3.1547000000000001
14026,-5.7786999999999997,3.2124000000000001
14027,-14.415900000000001,3.1789000000000001
14028,-11.972899999999999,3.1882000000000001
14029,-10.4476,3.1938
14030,-4.0983999999999998,3.2198000000000002
14031,-2.1762999999999999,3.2290999999999999
14032,-5.8468999999999998,3.2161
14033,-3.9805999999999999,3.2254
14034,-0.29759999999999998,3.2403
14035,1.3206,3.2477
14036,-3.9371999999999998,3.2290999999999999
14037,1.3206,3.2513999999999998
14038,1.3206,3.2532999999999999
14039,-3.621,3.2328000000000001
14040,-0.124,3.2477
14041,-3.5341999999999998,3.2347000000000001
14042,4.6440000000000001,3.2682000000000002
14043,2.0337000000000001,3.2606999999999999
14044,-3.1374,3.2383999999999999
14045,-4.8177000000000003,3.2328000000000001
14046,-4.8177000000000003,3.2309999999999999
14047,-4.8177000000000003,3.2309999999999999
14048,0,3.2513999999999998
14049,-3.0257000000000001,3.2383999999999999
14050,-4.6936999999999998,3.2328000000000001
14051,-1.2958000000000001,3.2458999999999998
14052,0.67579999999999996,3.2551999999999999
14053,2.6413000000000002,3.2645
14054,1.3268,3.2606999999999999
14055,2.6103000000000001,3.2682000000000002
14056,7.9612999999999996,3.2905000000000002
14057,9.5548000000000002,3.2997999999999998
14058,8.7177000000000007,3.2997999999999998
14059,6.5662000000000003,3.2905000000000002
14060,5.2083000000000004,3.2867999999999999
14061,-2.3809,3.2570000000000001
14062,-11.427300000000001,3.218
14063,-10.863,3.2161
14064,-7.8930999999999996,3.2254
14065,-8.9408999999999992,3.2198000000000002
14066,-10.094200000000001,3.2141999999999999
14067,-10.410399999999999,3.2124000000000001
14068,-12.698399999999999,3.1993999999999998
14069,-15.823399999999999,3.1863000000000001
14070,-16.5426,3.1808000000000001
14071,-11.5885,3.1974999999999998
14072,-3.9496000000000002,3.2290999999999999
14073,-6.2624000000000004,3.2216999999999998
14074,-6.3057999999999996,3.2216999999999998
14075,-6.4236000000000004,3.2216999999999998
14076,-11.613300000000001,3.1993999999999998
14077,-8.1410999999999998,3.2141999999999999
14078,-13.5726,3.1901000000000002
14079,-6.1692999999999998,3.2198000000000002
14080,-6.2126999999999999,3.2198000000000002
14081,-6.2188999999999997,3.2198000000000002
14082,-2.9388999999999998,3.2347000000000001
14083,4.3712,3.2663000000000002
14084,2.0026999999999999,3.2589000000000001
14085,1.3206,3.2589000000000001
14086,6.0824999999999996,3.2793000000000001
14087,3.1993999999999998,3.2682000000000002
14088,1.2462,3.2625999999999999
14089,-7.3102,3.2273000000000001
14090,-7.4156000000000004,3.2254
14091,-8.9408999999999992,3.218
14092,-6.2624000000000004,3.2273000000000001
14093,-10.615,3.2086999999999999
14094,-12.4937,3.1993999999999998
14095,-11.5017,3.2012
14096,-7.9798999999999998,3.2141999999999999
14097,-11.9419,3.1974999999999998
14098,-12.289099999999999,3.1956000000000002
14099,-7.056,3.2161
14100,-2.9388999999999998,3.2328000000000001
14101,-2.9388999999999998,3.2347000000000001
14102,-2.8582999999999998,3.2366000000000001
14103,0.72540000000000004,3.2532999999999999
14104,0.72540000000000004,3.2551999999999999
14105,-2.7467000000000001,3.2403
14106,-4.2968000000000002,3.2328000000000001
14107,0.73160000000000003,3.2551999999999999
14108,0.72540000000000004,3.2570000000000001
14109,1.9717,3.2625999999999999
14110,-9.0525000000000002,3.218
14111,-10.6584,3.2105000000000001
14112,-7.9675000000000002,3.218
14113,-6.6529999999999996,3.2235
14114,-1.1035999999999999,3.2440000000000002
14115,-6.6592000000000002,3.2235
14116,-4.2968000000000002,3.2328000000000001
14117,-4.2968000000000002,3.2328000000000001
14118,0,3.2513999999999998
14119,0.1116,3.2532999999999999
14120,1.3206,3.2589000000000001
14121,0.1116,3.2570000000000001
14122,-2.5731000000000002,3.2440000000000002
14123,-4.1417999999999999,3.2383999999999999
14124,-4.1479999999999997,3.2366000000000001
14125,-0.93620000000000003,3.2513999999999998
14126,-2.4615,3.2440000000000002
14127,-4.0983999999999998,3.2383999999999999
14128,0,3.2551999999999999
14129,0.124,3.2570000000000001
14130,-3.8938000000000001,3.2403
14131,-7.7380000000000004,3.2235
14132,-2.4180999999999999,3.2440000000000002
14133,0.155,3.2570000000000001
14134,3.7635999999999998,3.2719
14135,4.7309000000000001,3.2774999999999999
14136,5.8841000000000001,3.2848999999999999
14137,1.6802999999999999,3.27
14138,-2.8210999999999999,3.2513999999999998
14139,-3.8999999999999999,3.2440000000000002
14140,-13.0146,3.2067999999999999
14141,-12.344900000000001,3.2067999999999999
14142,-10.8506,3.2105000000000001
14143,-5.7849000000000004,3.2290999999999999
14144,-5.8097000000000003,3.2290999999999999
14145,-10.001200000000001,3.2124000000000001
14146,-6.0576999999999996,3.2273000000000001
14147,-5.2888999999999999,3.2290999999999999
14148,-5.3323,3.2290999999999999
14149,-6.2126999999999999,3.2273000000000001
14150,0.155,3.2532999999999999
14151,-0.73780000000000001,3.2513999999999998
14152,-3.7759999999999998,3.2383999999999999
14153,-3.7759999999999998,3.2383999999999999
14154,0.155,3.2551999999999999
14155,-0.69440000000000002,3.2532999999999999
14156,-0.69440000000000002,3.2551999999999999
14157,-3.5775999999999999,3.2403
14158,-5.8531000000000004,3.2309999999999999
14159,-10.057,3.2141999999999999
14160,-3.7698,3.2366000000000001
14161,0.67579999999999996,3.2570000000000001
14162,-3.6953999999999998,3.2403
14163,1.2462,3.2606999999999999
14164,-8.4945000000000004,3.2216999999999998
14165,-11.427300000000001,3.2086999999999999
14166,-10.2926,3.2105000000000001
14167,1.24,3.2570000000000001
14168,4.8425000000000002,3.2738
14169,10.5654,3.3016999999999999
14170,8.8912999999999993,3.2978999999999998
14171,13.113799999999999,3.3184
14172,10.4352,3.3109999999999999
14173,7.2729999999999997,3.2997999999999998
14174,0,3.27
14175,0,3.2682000000000002
14176,0,3.2663000000000002
14177,0,3.2663000000000002
14178,0,3.2663000000000002
14179,0,3.2663000000000002
14180,-6.4236000000000004,3.2403
14181,-9.6478000000000002,3.2254
14182,-20.4985,3.1789000000000001
14183,-22.042400000000001,3.1677
14184,-26.246200000000002,3.1473
14185,-20.802299999999999,3.1640000000000001
14186,-12.3759,3.1938
14187,-15.606299999999999,3.1825999999999999
14188,-13.498200000000001,3.1882000000000001
14189,-12.1775,3.1938
14190,-14.409700000000001,3.1844999999999999
14191,-21.0627,3.1566000000000001
14192,-26.6555,3.1343000000000001
14193,-19.140599999999999,3.1602999999999999
14194,-11.7807,3.1863000000000001
14195,-8.2527000000000008,3.2012
14196,-6.0143000000000004,3.2124000000000001
14197,-4.4580000000000002,3.2216999999999998
14198,-4.4518000000000004,3.2216999999999998
14199,3.6023999999999998,3.2570000000000001
14200,-1.0478000000000001,3.2403
14201,0.0061999999999999998,3.2458999999999998
14202,0.72540000000000004,3.2513999999999998
14203,0.1116,3.2477
14204,1.24,3.2551999999999999
14205,0.124,3.2532999999999999
14206,1.2462,3.2589000000000001
14207,5.7663000000000002,3.2774999999999999
14208,10.5654,3.2997999999999998
14209,1.2462,3.2645
14210,-2.7776999999999998,3.2458999999999998
14211,-6.25,3.2309999999999999
14212,-10.652200000000001,3.2124000000000001
14213,-9.0959000000000003,3.2161
14214,-0.496,3.2477
14215,-3.2118000000000002,3.2403
14216,-5.4191000000000003,3.2309999999999999
14217,0.2356,3.2551999999999999
14218,-3.2118000000000002,3.2403
14219,-3.2118000000000002,3.2403
14220,-12.3759,3.2031000000000001
14221,-9.5733999999999995,3.2124000000000001
14222,-11.1731,3.2031000000000001
14223,-5.9709000000000003,3.2235
14224,-7.4218000000000002,3.2198000000000002
14225,-8.9346999999999994,3.2124000000000001
14226,-5.4562999999999997,3.2254
14227,-2.3809,3.2383999999999999
14228,1.24,3.2551999999999999
14229,3.6829999999999998,3.2682000000000002
14230,0.67579999999999996,3.2570000000000001
14231,1.1966000000000001,3.2606999999999999
14232,0.2356,3.2570000000000001
14233,0.67579999999999996,3.2606999999999999
14234,1.2834000000000001,3.2625999999999999
14235,0.72540000000000004,3.2625999999999999
14236,4.4828000000000001,3.2774999999999999
14237,13.113799999999999,3.3147000000000002
14238,11.4087,3.3128000000000002
14239,8.2340999999999998,3.3035000000000001
14240,0,3.2682000000000002
14241,0,3.2663000000000002
14242,0,3.2663000000000002
14243,0,3.2663000000000002
14244,0,3.2663000000000002
14245,0,3.2645
14246,0,3.2663000000000002
14247,0,3.2663000000000002
14248,0,3.2663000000000002
14249,0,3.2663000000000002
14250,0,3.2663000000000002
14251,0,3.2663000000000002
14252,0,3.2663000000000002
14253,0,3.2663000000000002
14254,0,3.2663000000000002
14255,0,3.2663000000000002
14256,0,3.2663000000000002
14257,0,3.2663000000000002
14258,0,3.2663000000000002
14259,0,3.2663000000000002
14260,0,3.2663000000000002
14261,0,3.2663000000000002
14262,0,3.2663000000000002
14263,0,3.2663000000000002
14264,0,3.2682000000000002
14265,0,3.2682000000000002
14266,0,3.2682000000000002
14267,0,3.2663000000000002
14268,0,3.2682000000000002
14269,0,3.2682000000000002
14270,0,3.2682000000000002
14271,0,3.2682000000000002
14272,0,3.2682000000000002
14273,-3.9371999999999998,3.2532999999999999
14274,-9.0214999999999996,3.2290999999999999
14275,-15.972200000000001,3.1974999999999998
14276,-19.605599999999999,3.1808000000000001
14277,-23.964500000000001,3.1602999999999999
14278,-27.703299999999999,3.1398000000000001
14279,-15.2963,3.1844999999999999
14280,-16.585999999999999,3.1789000000000001
14281,-20.696899999999999,3.1621999999999999
14282,-16.331800000000001,3.177
14283,-15.1351,3.1808000000000001
14284,-13.1386,3.1882000000000001
14285,-13.6532,3.1863000000000001
14286,-15.569100000000001,3.1789000000000001
14287,-7.6078000000000001,3.2086999999999999
14288,-11.414899999999999,3.1938
14289,-10.863,3.1956000000000002
14290,-9.6167999999999996,3.2012
14291,0.031,3.2403
14292,1.3206,3.2513999999999998
14293,1.3206,3.2532999999999999
14294,-4.0488,3.2309999999999999
14295,2.7281,3.2606999999999999
14296,9.7904,3.2905000000000002
14297,10.273999999999999,3.2978999999999998
14298,4.1294000000000004,3.2755999999999998
14299,3.4039999999999999,3.2719
14300,11.563700000000001,3.3090999999999999
14301,10.918799999999999,3.3090999999999999
14302,7.3970000000000002,3.2978999999999998
14303,2.3995000000000002,3.2755999999999998
14304,0.56420000000000003,3.2682000000000002
14305,0,3.2645
14306,0,3.2645
14307,0,3.2645
14308,0,3.2645
14309,-0.52700000000000002,3.2625999999999999
14310,-2.1825000000000001,3.2551999999999999
14311,-2.2134999999999998,3.2551999999999999
14312,0,3.2645
14313,-0.53939999999999999,3.2625999999999999
14314,0,3.2645
14315,0,3.2645
14316,0,3.2645
14317,0,3.2645
14318,0,3.2645
14319,0,3.2663000000000002
14320,0,3.2663000000000002
14321,-0.099199999999999997,3.2645
14322,-1.7795000000000001,3.2589000000000001
14323,-3.3915999999999999,3.2513999999999998
14324,-6.5785999999999998,3.2366000000000001
14325,-15.048299999999999,3.1993999999999998
14326,-17.249500000000001,3.1882000000000001
14327,-20.194600000000001,3.1732999999999998
14328,-9.8585999999999991,3.2105000000000001
14329,-5.4253,3.2290999999999999
14330,-13.808199999999999,3.1956000000000002
14331,-19.816400000000002,3.1696
14332,-20.101600000000001,3.1659000000000002
14333,-13.058,3.1901000000000002
14334,-5.1463000000000001,3.2235
14335,-3.9496000000000002,3.2290999999999999
14336,-3.9805999999999999,3.2309999999999999
14337,-6.2126999999999999,3.2216999999999998
14338,-11.7807,3.1993999999999998
14339,-9.0959000000000003,3.2105000000000001
14340,-12.5372,3.1956000000000002
14341,-11.7311,3.1956000000000002
14342,-10.0632,3.2012
14343,-2.2631000000000001,3.2347000000000001
14344,-2.2197,3.2366000000000001
14345,-6.0143000000000004,3.2216999999999998
14346,-8.8912999999999993,3.2105000000000001
14347,-9.0525000000000002,3.2086999999999999
14348,-6.3739999999999997,3.2198000000000002
14349,-9.2881,3.2086999999999999
14350,-6.2126999999999999,3.2198000000000002
14351,-7.7008000000000001,3.2141999999999999
14352,-5.5865,3.2216999999999998
14353,-4.0549999999999997,3.2290999999999999
14354,-4.0612000000000004,3.2290999999999999
14355,-2.4615,3.2366000000000001
14356,-2.4615,3.2366000000000001
14357,-3.9744000000000002,3.2328000000000001
14358,0.086800000000000002,3.2477
14359,-2.5358999999999998,3.2383999999999999
14360,0.67579999999999996,3.2551999999999999
14361,1.24,3.2589000000000001
14362,3.7635999999999998,3.27
14363,4.7247000000000003,3.2755999999999998
14364,10.044600000000001,3.2997999999999998
14365,6.3925999999999998,3.2867999999999999
14366,10.7948,3.3071999999999999
14367,4.8796999999999997,3.2848999999999999
14368,6.3616000000000001,3.2905000000000002
14369,7.5582000000000003,3.2997999999999998
14370,0,3.2682000000000002
14371,0,3.2663000000000002
14372,0,3.2663000000000002
14373,0,3.2663000000000002
14374,0,3.2663000000000002
14375,0,3.2663000000000002
14376,0,3.2663000000000002
14377,0,3.2663000000000002
14378,0,3.2663000000000002
14379,0,3.2645
14380,0,3.2645
14381,0,3.2663000000000002
14382,0,3.2663000000000002
14383,0,3.2663000000000002
14384,0,3.2663000000000002
14385,0,3.2663000000000002
14386,0,3.2663000000000002
14387,0,3.2663000000000002
14388,0,3.2663000000000002
14389,-6.7397999999999998,3.2383999999999999
14390,-10.615,3.2198000000000002
14391,-16.0962,3.1938
14392,-22.2532,3.1677
14393,-26.457000000000001,3.1454
14394,-31.3306,3.1231
14395,-27.325099999999999,3.1324000000000001
14396,-24.1691,3.1417000000000002
14397,-9.3066999999999993,3.1974999999999998
14398,1.2090000000000001,3.2440000000000002
14399,1.1966000000000001,3.2477
14400,12.289099999999999,3.2997999999999998
14401,13.405200000000001,3.3090999999999999
14402,10.801,3.3035000000000001
14403,7.1303999999999998,3.2886000000000002
14404,0,3.2625999999999999
14405,0,3.2606999999999999
14406,0,3.2606999999999999
14407,0,3.2606999999999999
14408,0,3.2625999999999999
14409,0,3.2625999999999999
14410,0,3.2625999999999999
14411,0,3.2625999999999999
14412,0,3.2625999999999999
14413,0,3.2625999999999999
14414,0,3.2625999999999999
14415,0,3.2625999999999999
14416,0,3.2645
14417,-0.73780000000000001,3.2606999999999999
14418,-4.2968000000000002,3.2440000000000002
14419,-6.5662000000000003,3.2347000000000001
14420,-9.6850000000000005,3.2198000000000002
14421,-18.0989,3.1844999999999999
14422,-15.1351,3.1919
14423,-8.1410999999999998,3.218
14424,-2.5358999999999998,3.2403
14425,0.44019999999999998,3.2570000000000001
14426,-3.2986,3.2421000000000002
14427,-3.8999999999999999,3.2383999999999999
14428,-1.5004,3.2477
14429,-8.1844999999999999,3.2216999999999998
14430,-13.3432,3.1993999999999998
14431,-14.6701,3.1919
14432,-16.294599999999999,3.1825999999999999
14433,-13.126200000000001,3.1919
14434,-15.4947,3.1825999999999999
14435,-7.9364999999999997,3.2124000000000001
14436,-6.2624000000000004,3.2198000000000002
14437,-2.7404999999999999,3.2347000000000001
14438,0.2356,3.2477
14439,0.2356,3.2513999999999998
14440,-6.4298000000000002,3.2254
14441,-6.2624000000000004,3.2254
14442,-5.0967000000000002,3.2273000000000001
14443,-1.5749,3.2421000000000002
14444,-0.34100000000000003,3.2513999999999998
14445,-0.34100000000000003,3.2513999999999998
14446,-2.7776999999999998,3.2403
14447,-1.5810999999999999,3.2458999999999998
14448,5.3943000000000003,3.2774999999999999
14449,1.6059000000000001,3.2645
14450,0.29139999999999999,3.2589000000000001
14451,-6.8638000000000003,3.2290999999999999
14452,-4.6936999999999998,3.2366000000000001
14453,-4.7432999999999996,3.2347000000000001
14454,1.1160000000000001,3.2606999999999999
14455,8.2836999999999996,3.2905000000000002
14456,7.0002000000000004,3.2886000000000002
14457,7.2110000000000003,3.2924000000000002
14458,0,3.2645
14459,0,3.2645
14460,0,3.2645
14461,0,3.2645
14462,0,3.2625999999999999
14463,0,3.2645
14464,0,3.2645
14465,0,3.2645
14466,0,3.2645
14467,0,3.2645
14468,0,3.2645
14469,0,3.2645
14470,0,3.2645
14471,0,3.2645
14472,-3.2986,3.2513999999999998
14473,-0.4526,3.2625999999999999
14474,-0.44640000000000002,3.2625999999999999
14475,-0.4526,3.2625999999999999
14476,-0.44640000000000002,3.2625999999999999
14477,-2.2134999999999998,3.2551999999999999
14478,-4.6936999999999998,3.2440000000000002
14479,-3.5341999999999998,3.2477
14480,-3.5341999999999998,3.2458999999999998
14481,-4.5014000000000003,3.2421000000000002
14482,-9.4494000000000007,3.2216999999999998
14483,-11.5017,3.2124000000000001
14484,-4.1417999999999999,3.2383999999999999
14485,0,3.2589000000000001
14486,0,3.2589000000000001
14487,0,3.2606999999999999
14488,-6.5662000000000003,3.2328000000000001
14489,-13.808199999999999,3.2012
14490,-22.011399999999998,3.1659000000000002
14491,-26.816700000000001,3.1417000000000002
14492,-25.216999999999999,3.1436000000000002
14493,-17.497499999999999,3.1715
14494,-11.0181,3.1956000000000002
14495,-7.5396000000000001,3.2105000000000001
14496,-12.0907,3.1938
14497,-10.6212,3.1974999999999998
14498,-9.6167999999999996,3.2012
14499,-8.4883000000000006,3.2086999999999999
14500,-3.621,3.2273000000000001
14501,1.24,3.2477
14502,1.2090000000000001,3.2532999999999999
14503,-3.4163999999999999,3.2347000000000001
14504,-3.4102000000000001,3.2347000000000001
14505,-3.4102000000000001,3.2347000000000001
14506,-3.4163999999999999,3.2347000000000001
14507,-3.4226000000000001,3.2347000000000001
14508,-9.5671999999999997,3.2105000000000001
14509,-5.0223000000000004,3.2273000000000001
14510,-8.5007000000000001,3.2141999999999999
14511,-5.8964999999999996,3.2235
14512,-7.3784000000000001,3.218
14513,-8.8975000000000009,3.2105000000000001
14514,-6.2126999999999999,3.2216999999999998
14515,-5.4562999999999997,3.2235
14516,-7.7380000000000004,3.2161
14517,-6.4236000000000004,3.2198000000000002
14518,-13.857799999999999,3.1882000000000001
14519,-28.434999999999999,3.1305000000000001
14520,8.8850999999999996,3.2755999999999998
14521,-27.2941,3.1360999999999999
14522,-6.2188999999999997,3.2124000000000001
14523,-2.9388999999999998,3.2273000000000001
14524,5.0842999999999998,3.2645
14525,19.029,3.3258000000000001
14526,17.677299999999999,3.3277000000000001
14527,15.0297,3.3220999999999998
14528,11.9171,3.3128000000000002
14529,8.6433,3.3016999999999999
14530,0,3.2663000000000002
14531,0,3.2645
14532,0,3.2625999999999999
14533,0,3.2625999999999999
14534,0,3.2625999999999999
14535,0,3.2625999999999999
14536,0,3.2625999999999999
14537,0,3.2625999999999999
14538,0,3.2625999999999999
14539,0,3.2625999999999999
14540,0,3.2625999999999999
14541,0,3.2625999999999999
14542,0,3.2625999999999999
14543,0,3.2645
14544,0,3.2645
14545,0,3.2645
14546,0,3.2645
14547,0,3.2645
14548,0,3.2645
14549,0,3.2645
14550,0,3.2645
14551,0,3.2645
14552,0,3.2645
14553,0,3.2663000000000002
14554,0,3.2663000000000002
14555,0,3.2663000000000002
14556,0,3.2663000000000002
14557,0,3.2663000000000002
14558,-4.8611000000000004,3.2440000000000002
14559,-10.584,3.2216999999999998
14560,-17.764099999999999,3.1882000000000001
14561,-18.613499999999998,3.1808000000000001
14562,-16.480599999999999,3.1844999999999999
14563,-14.9801,3.1882000000000001
14564,-9.4928000000000008,3.2105000000000001
14565,-26.053999999999998,3.1436000000000002
14566,-7.0064000000000002,3.2141999999999999
14567,-14.0562,3.1882000000000001
14568,-11.049099999999999,3.1974999999999998
14569,-2.7715000000000001,3.2328000000000001
14570,-20.703099999999999,3.1621999999999999
14571,1.1966000000000001,3.2458999999999998
14572,0.79979999999999996,3.2513999999999998
14573,0.72540000000000004,3.2532999999999999
14574,1.1966000000000001,3.2570000000000001
14575,1.6493,3.2606999999999999
14576,1.2090000000000001,3.2589000000000001
14577,0.67579999999999996,3.2589000000000001
14578,4.0797999999999996,3.2738
14579,3.4102000000000001,3.2719
14580,3.0505,3.2719
14581,2.8458999999999999,3.2719
14582,4.2843999999999998,3.2793000000000001
14583,7.4775999999999998,3.2924000000000002
14584,0,3.2645
14585,0,3.2645
14586,0,3.2645
14587,0,3.2645
14588,0,3.2645
14589,0,3.2645
14590,0,3.2645
14591,0,3.2645
14592,0,3.2645
14593,0,3.2645
14594,0,3.2645
14595,0,3.2645
14596,0,3.2645
14597,0,3.2645
14598,0,3.2645
14599,0,3.2663000000000002
14600,0,3.2645
14601,0,3.2645
14602,0,3.2663000000000002
14603,0,3.2663000000000002
14604,0,3.2663000000000002
14605,0,3.2663000000000002
14606,0,3.2663000000000002
14607,0,3.2663000000000002
14608,0,3.2663000000000002
14609,0,3.2663000000000002
14610,0,3.2663000000000002
14611,0,3.2663000000000002
14612,0,3.2663000000000002
14613,0,3.2682000000000002
14614,0,3.2682000000000002
14615,-9.5671999999999997,3.2273000000000001
14616,-9.4184000000000001,3.2254
14617,-15.3025,3.1974999999999998
14618,-18.644500000000001,3.1808000000000001
14619,-21.087499999999999,3.1677
14620,-23.319600000000001,3.1547000000000001
14621,-6.2995999999999999,3.2198000000000002
14622,-9.2632999999999992,3.2105000000000001
14623,-27.7715,3.1360999999999999
14624,-13.0952,3.1882000000000001
14625,-10.5778,3.1974999999999998
14626,-4.5324,3.2235
14627,0.79979999999999996,3.2477
14628,1.6802999999999999,3.2570000000000001
14629,1.6802999999999999,3.2589000000000001
14630,1.1966000000000001,3.2589000000000001
14631,1.6059000000000001,3.2606999999999999
14632,11.4087,3.3054000000000001
14633,7.1180000000000003,3.2886000000000002
14634,-1.7733000000000001,3.2551999999999999
14635,-4.5324,3.2421000000000002
14636,-4.6688000000000001,3.2383999999999999
14637,-6.0205000000000002,3.2328000000000001
14638,-11.9605,3.2086999999999999
14639,-20.095400000000001,3.1715
14640,-22.2532,3.1602999999999999
14641,-20.4923,3.1621999999999999
14642,-5.3446999999999996,3.2198000000000002
14643,-0.50219999999999998,3.2421000000000002
14644,-1.8663000000000001,3.2383999999999999
14645,5.6795,3.2738
14646,10.639799999999999,3.2978999999999998
14647,7.2854000000000001,3.2867999999999999
14648,4.0860000000000003,3.2774999999999999
14649,-1.9035,3.2532999999999999
14650,-17.695900000000002,3.1863000000000001
14651,-21.7881,3.1640000000000001
14652,-20.814699999999998,3.1640000000000001
14653,-21.013100000000001,3.1602999999999999
14654,-15.2157,3.1789000000000001
14655,-8.5379000000000005,3.2067999999999999
14656,-7.3411999999999997,3.2124000000000001
14657,-5.2579000000000002,3.2198000000000002
14658,0.68200000000000005,3.2458999999999998
14659,-2.1825000000000001,3.2366000000000001
14660,-5.8964999999999996,3.2235
14661,-5.2145000000000001,3.2254
14662,-2.2134999999999998,3.2383999999999999
14663,-2.1825000000000001,3.2383999999999999
14664,-3.7016,3.2328000000000001
14665,-10.087999999999999,3.2086999999999999
14666,-10.2988,3.2031000000000001
14667,-5.4562999999999997,3.2235
14668,0.16120000000000001,3.2458999999999998
14669,1.24,3.2551999999999999
14670,-5.2641,3.2290999999999999
14671,-8.9037000000000006,3.2124000000000001
14672,-11.935700000000001,3.1974999999999998
14673,-4.0488,3.2290999999999999
14674,0.099199999999999997,3.2458999999999998
14675,-9.2074999999999996,3.2105000000000001
14676,-11.613300000000001,3.1993999999999998
14677,-14.167899999999999,3.1863000000000001
14678,-18.613499999999998,3.1677
14679,-13.857799999999999,3.1825999999999999
14680,-11.8179,3.1901000000000002
14681,-8.9346999999999994,3.2012
14682,-9.0587,3.2012
14683,-9.2136999999999993,3.1993999999999998
14684,-5.0656999999999996,3.218
14685,-1.5749,3.2328000000000001
14686,-3.2118000000000002,3.2290999999999999
14687,-3.2118000000000002,3.2290999999999999
14688,-6.6467999999999998,3.2161
14689,-10.788600000000001,3.1974999999999998
14690,0.67579999999999996,3.2440000000000002
14691,1.3206,3.2513999999999998
14692,0.68200000000000005,3.2513999999999998
14693,-8.8169000000000004,3.2124000000000001
14694,-12.0473,3.1956000000000002
14695,-10.7018,3.1993999999999998
14696,-7.6574,3.2124000000000001
14697,-6.8513999999999999,3.2141999999999999
14698,-3.3854000000000002,3.2273000000000001
14699,1.3206,3.2513999999999998
14700,2.0337000000000001,3.2551999999999999
14701,-6.4917999999999996,3.2216999999999998
14702,-8.9408999999999992,3.2105000000000001
14703,-12.245699999999999,3.1938
14704,-12.531000000000001,3.1901000000000002
14705,-13.777200000000001,3.1844999999999999
14706,-11.464499999999999,3.1919
14707,-8.2589000000000006,3.2031000000000001
14708,-1.8601000000000001,3.2309999999999999
14709,1.3206,3.2477
14710,21.310700000000001,3.3332999999999999
14711,19.506399999999999,3.3351000000000002
14712,18.2849,3.3351000000000002
14713,15.513299999999999,3.3296000000000001
14714,12.3635,3.3184
14715,9.0772999999999993,3.3071999999999999
14716,0,3.2682000000000002
14717,0,3.2663000000000002
14718,0,3.2645
14719,0,3.2645
14720,0,3.2645
14721,0,3.2645
14722,0,3.2645
14723,0,3.2645
14724,0,3.2645
14725,0,3.2645
14726,0,3.2645
14727,0,3.2645
14728,0,3.2645
14729,0,3.2645
14730,0,3.2645
14731,0,3.2645
14732,0,3.2645
14733,0,3.2645
14734,0,3.2645
14735,0,3.2645
14736,0,3.2645
14737,0,3.2645
14738,0,3.2645
14739,0,3.2645
14740,0,3.2645
14741,0,3.2663000000000002
14742,0,3.2663000000000002
14743,0,3.2663000000000002
14744,0,3.2663000000000002
14745,0,3.2663000000000002
14746,0,3.2663000000000002
14747,0,3.2663000000000002
14748,0,3.2663000000000002
14749,0,3.2663000000000002
14750,0,3.2663000000000002
14751,0,3.2663000000000002
14752,0,3.2663000000000002
14753,0,3.2663000000000002
14754,0,3.2663000000000002
14755,0,3.2663000000000002
14756,0,3.2682000000000002
14757,0,3.2682000000000002
14758,-10.460000000000001,3.2235
14759,-14.415900000000001,3.2031000000000001
14760,-18.2911,3.1844999999999999
14761,-22.761600000000001,3.1621999999999999
14762,-28.571400000000001,3.1343000000000001
14763,-33.401499999999999,3.1137999999999999
14764,-29.210000000000001,3.1231
14765,-28.155999999999999,3.125
14766,-22.290400000000002,3.1436000000000002
14767,-12.1403,3.1825999999999999
14768,2.6351,3.2440000000000002
14769,1.8105,3.2458999999999998
14770,0.68200000000000005,3.2440000000000002
14771,-7.3722000000000003,3.2141999999999999
14772,-6.1010999999999997,3.218
14773,-6.1755000000000004,3.218
14774,-9.0463000000000005,3.2067999999999999
14775,-21.447099999999999,3.1547000000000001
14776,2.7281,3.2513999999999998
14777,13.994199999999999,3.3035000000000001
14778,6.0391000000000004,3.2755999999999998
14779,16.0838,3.3203
14780,6.9134000000000002,3.2867999999999999
14781,1.0044,3.2645
14782,-10.174799999999999,3.2161
14783,-6.7397999999999998,3.2254
14784,-15.612500000000001,3.1882000000000001
14785,-26.7361,3.1398000000000001
14786,-30.822099999999999,3.1194000000000002
14787,-39.924300000000002,3.0821999999999998
14788,-39.924300000000002,3.0766
14789,-39.924300000000002,3.0729000000000002
14790,-39.924300000000002,3.0691000000000002
14791,-25.254200000000001,3.1194000000000002
14792,-39.911900000000003,3.0636000000000001
14793,-30.096699999999998,3.097
14794,-39.924300000000002,3.0617000000000001
14795,-38.256399999999999,3.0636000000000001
14796,-39.918100000000003,3.0560999999999998
14797,-29.1356,3.0933000000000002
14798,-27.418099999999999,3.0989
14799,-25.855599999999999,3.1044999999999998
14800,-10.4476,3.1640000000000001
14801,-6.3739999999999997,3.1825999999999999
14802,-8.6867000000000001,3.177
14803,-6.2188999999999997,3.1882000000000001
14804,-10.224399999999999,3.1751999999999998
14805,-10.212,3.1751999999999998
14806,-10.2058,3.1751999999999998
14807,-10.212,3.177
14808,-14.781700000000001,3.1566000000000001
14809,-14.8561,3.1566000000000001
14810,-21.7943,3.1305000000000001
14811,-24.4481,3.1194000000000002
14812,-24.9193,3.1156000000000001
14813,-20.696899999999999,3.1286999999999998
14814,-23.412600000000001,3.1194000000000002
14815,-26.252400000000002,3.1063000000000001
14816,-21.862500000000001,3.1212
14817,-24.658899999999999,3.1101000000000001
14818,-30.084299999999999,3.0895999999999999
14819,-39.924300000000002,3.0524
14820,-39.515099999999997,3.0505
14821,-27.697099999999999,3.0914999999999999
14822,-22.767800000000001,3.1101000000000001
14823,-17.491299999999999,3.1305000000000001
14824,-12.3325,3.1509999999999998
14825,-7.4218000000000002,3.1732999999999998
14826,-14.645300000000001,3.1473
14827,-19.890799999999999,3.1267999999999998
14828,-22.9724,3.1156000000000001
14829,-25.886600000000001,3.1025999999999998
14830,-20.647300000000001,3.1212
14831,-26.450800000000001,3.0989
14832,-21.093699999999998,3.1194000000000002
14833,-24.286899999999999,3.1063000000000001
14834,-18.812000000000001,3.1267999999999998
14835,-16.183,3.1360999999999999
14836,-11.377700000000001,3.1566000000000001
14837,-16.052800000000001,3.1398000000000001
14838,-16.059000000000001,3.1398000000000001
14839,-16.052800000000001,3.1398000000000001
14840,-16.052800000000001,3.1398000000000001
14841,-16.059000000000001,3.1398000000000001
14842,-13.349399999999999,3.1509999999999998
14843,-8.3394999999999992,3.1732999999999998
14844,-8.1906999999999996,3.1751999999999998
14845,1.4818,3.2161
14846,-2.1019000000000001,3.2031000000000001
14847,-4.5696000000000003,3.1956000000000002
14848,-9.6974,3.177
14849,-6.9382000000000001,3.1863000000000001
14850,-11.5451,3.1696
14851,-21.9742,3.1286999999999998
14852,-16.8216,3.1436000000000002
14853,-16.871200000000002,3.1436000000000002
14854,-14.2919,3.1528999999999998
14855,-6.9816000000000003,3.1825999999999999
14856,-4.1479999999999997,3.1956000000000002
14857,-4.0922000000000001,3.1974999999999998
14858,-3.8999999999999999,3.1993999999999998
14859,-1.0105999999999999,3.2141999999999999
14860,-20.703099999999999,3.1379999999999999
14861,-3.5899999999999999,3.1993999999999998
14862,-10.615,3.1751999999999998
14863,-8.6681000000000008,3.1825999999999999
14864,-8.4945000000000004,3.1844999999999999
14865,-15.290100000000001,3.1566000000000001
14866,-11.049099999999999,3.1732999999999998
14867,-39.930500000000002,3.0636000000000001
14868,2.0398999999999998,3.218
14869,-39.918100000000003,3.0617000000000001
14870,-13.901199999999999,3.1509999999999998
14871,-27.132899999999999,3.1025999999999998
14872,-39.930500000000002,3.0543
14873,-28.453600000000002,3.0914999999999999
14874,-20.535699999999999,3.1212
14875,-26.370200000000001,3.0989
14876,-15.693199999999999,3.1398000000000001
14877,-10.8506,3.1602999999999999
14878,0.0061999999999999998,3.2067999999999999
14879,1.6431,3.2161
14880,4.6811999999999996,3.2309999999999999
14881,7.8807,3.2477
14882,6.5599999999999996,3.2477
14883,-12.8162,3.1715
14884,-12.8162,3.1696
14885,-3.1745999999999999,3.2067999999999999
14886,6.6529999999999996,3.2477
14887,-10.212,3.1825999999999999
14888,-14.2423,3.1659000000000002
14889,-10.2058,3.1789000000000001
14890,-2.5358999999999998,3.2105000000000001
14891,-9.8957999999999995,3.1825999999999999
14892,-11.5823,3.1751999999999998
14893,-11.5823,3.1732999999999998
14894,-2.2940999999999998,3.2105000000000001
14895,0,3.2235
14896,0.124,3.2254
14897,5.1276999999999999,3.2458999999999998
14898,7.9550999999999998,3.2625999999999999
14899,7.9179000000000004,3.2663000000000002
14900,9.0772999999999993,3.2719
14901,9.0029000000000003,3.2738
14902,7.7628000000000004,3.2719
14903,8.8045000000000009,3.2774999999999999
14904,15.147500000000001,3.3054000000000001
14905,11.5947,3.2942
14906,14.1617,3.3071999999999999
14907,9.9640000000000004,3.2905000000000002
14908,8.5317000000000007,3.2867999999999999
14909,5.5617000000000001,3.2755999999999998
14910,4.6440000000000001,3.2719
14911,-3.2986,3.2383999999999999
14912,1.3268,3.2570000000000001
14913,5.2454999999999998,3.2719
14914,8.9284999999999997,3.2886000000000002
14915,15.730399999999999,3.3184
14916,17.795100000000001,3.3296000000000001
14917,5.8841000000000001,3.2848999999999999
14918,3.7202000000000002,3.2755999999999998
14919,1.5687,3.2663000000000002
14920,5.2020999999999997,3.2793000000000001
14921,4.7309000000000001,3.2793000000000001
14922,8.4758999999999993,3.2942
14923,3.7698,3.2774999999999999
14924,0,3.2606999999999999
14925,0,3.2589000000000001
14926,0,3.2589000000000001
14927,0,3.2589000000000001
14928,0,3.2589000000000001
14929,0,3.2589000000000001
14930,0,3.2589000000000001
14931,0,3.2589000000000001
14932,0,3.2589000000000001
14933,0,3.2589000000000001
14934,0,3.2589000000000001
14935,0,3.2589000000000001
14936,0,3.2589000000000001
14937,0,3.2589000000000001
14938,0,3.2589000000000001
14939,0,3.2589000000000001
14940,0,3.2589000000000001
14941,-3.2986,3.2440000000000002
14942,-10.5778,3.2141999999999999
14943,-16.660399999999999,3.1863000000000001
14944,-20.175999999999998,3.1696
14945,-24.528700000000001,3.1473
14946,-28.168399999999998,3.1305000000000001
14947,-27.783899999999999,3.1267999999999998
14948,-30.735299999999999,3.1137999999999999
14949,-16.858799999999999,3.1621999999999999
14950,-21.6951,3.1436000000000002
14951,-20.938700000000001,3.1454
14952,-23.6173,3.1343000000000001
14953,-31.417400000000001,3.1025999999999998
14954,-16.1768,3.1566000000000001
14955,-16.747199999999999,3.1547000000000001
14956,-13.058,3.1696
14957,-15.9412,3.1602999999999999
14958,-17.584299999999999,3.1528999999999998
14959,-19.785399999999999,3.1417000000000002
14960,-7.9055,3.1882000000000001
14961,-10.732799999999999,3.1789000000000001
14962,-4.2595999999999998,3.2067999999999999
14963,-0.4526,3.2235
14964,-8.9346999999999994,3.1919
14965,-18.861599999999999,3.1509999999999998
14966,-14.775499999999999,3.1659000000000002
14967,-6.5351999999999997,3.1974999999999998
14968,-6.5476000000000001,3.1974999999999998
14969,-6.5351999999999997,3.1993999999999998
14970,-6.5351999999999997,3.1993999999999998
14971,-6.5351999999999997,3.2012
14972,-7.7317999999999998,3.1956000000000002
14973,-11.414899999999999,3.1825999999999999
14974,-7.8993000000000002,3.1938
14975,-4.7432999999999996,3.2086999999999999
14976,0.434,3.2309999999999999
14977,5.1276999999999999,3.2532999999999999
14978,6.0019,3.2606999999999999
14979,2.2010999999999998,3.2458999999999998
14980,15.2033,3.3035000000000001
14981,16.561199999999999,3.3128000000000002
14982,20.076799999999999,3.3313999999999999
14983,14.639099999999999,3.3147000000000002
14984,13.5664,3.3109999999999999
14985,12.2395,3.3090999999999999
14986,10.559200000000001,3.3035000000000001
14987,6.1569000000000003,3.2848999999999999
14988,0,3.2606999999999999
14989,0,3.2589000000000001
14990,0,3.2570000000000001
14991,0,3.2570000000000001
14992,0,3.2570000000000001
14993,0,3.2570000000000001
14994,0,3.2551999999999999
14995,0,3.2570000000000001
14996,0,3.2570000000000001
14997,-8.2898999999999994,3.2216999999999998
14998,-10.6212,3.2105000000000001
14999,-17.02,3.1808000000000001
15000,-23.1708,3.1509999999999998
15001,-27.325099999999999,3.1324000000000001
15002,-32.1614,3.1082000000000001
15003,-39.918100000000003,3.0766
15004,-35.559199999999997,3.0876999999999999
15005,-11.7311,3.1732999999999998
15006,-28.329599999999999,3.1137999999999999
15007,-24.491499999999998,3.125
15008,-18.607299999999999,3.1436000000000002
15009,-6.5662000000000003,3.1919
15010,-3.1436000000000002,3.2105000000000001
15011,0.024799999999999999,3.2254
15012,0.68200000000000005,3.2309999999999999
15013,1.3206,3.2366000000000001
15014,3.6829999999999998,3.2477
15015,17.6401,3.3090999999999999
15016,18.036899999999999,3.3165
15017,15.277699999999999,3.3109999999999999
15018,12.115500000000001,3.3016999999999999
15019,8.8850999999999996,3.2886000000000002
15020,0,3.2551999999999999
15021,0,3.2532999999999999
15022,0,3.2532999999999999
15023,0,3.2513999999999998
15024,0,3.2532999999999999
15025,0,3.2513999999999998
15026,0,3.2513999999999998
15027,0,3.2532999999999999
15028,0,3.2532999999999999
15029,0,3.2532999999999999
15030,0,3.2532999999999999
15031,0,3.2532999999999999
15032,0,3.2532999999999999
15033,0,3.2532999999999999
15034,0,3.2532999999999999
15035,0,3.2532999999999999
15036,0,3.2551999999999999
15037,0,3.2551999999999999
15038,0,3.2551999999999999
15039,0,3.2551999999999999
15040,0,3.2551999999999999
15041,0,3.2551999999999999
15042,-10.4476,3.2124000000000001
15043,-14.409700000000001,3.1919
15044,-18.2973,3.1732999999999998
15045,-22.774000000000001,3.1509999999999998
15046,-28.5776,3.1267999999999998
15047,-33.401499999999999,3.1025999999999998
15048,-39.911900000000003,3.0747
15049,-39.924300000000002,3.0710000000000002
15050,-22.023800000000001,3.1305000000000001
15051,-21.775700000000001,3.1324000000000001
15052,-39.918100000000003,3.0653999999999999
15053,-28.373000000000001,3.1025999999999998
15054,-14.4221,3.1547000000000001
15055,-24.801500000000001,3.1175000000000002
15056,-10.819599999999999,3.1696
15057,-14.5275,3.1566000000000001
15058,-14.818899999999999,3.1566000000000001
15059,-4.5819999999999999,3.1974999999999998
15060,-7.7256,3.1882000000000001
15061,-7.7751999999999999,3.1882000000000001
15062,-2.6475,3.2105000000000001
15063,-0.65100000000000002,3.2216999999999998
15064,-11.2227,3.1808000000000001
15065,-6.5351999999999997,3.1974999999999998
15066,0.48359999999999997,3.2273000000000001
15067,-4.4518000000000004,3.2105000000000001
15068,-4.3773999999999997,3.2105000000000001
15069,-2.4615,3.2198000000000002
15070,-6.2624000000000004,3.2031000000000001
15071,-6.2624000000000004,3.2031000000000001
15072,-6.2624000000000004,3.2031000000000001
15073,-6.2624000000000004,3.2031000000000001
15074,-6.2624000000000004,3.2031000000000001
15075,-2.4119000000000002,3.2198000000000002
15076,-8.0914999999999999,3.1974999999999998
15077,-8.1349,3.1974999999999998
15078,-11.011900000000001,3.1844999999999999
15079,-0.52700000000000002,3.2273000000000001
15080,-2.4119000000000002,3.2216999999999998
15081,-6.1692999999999998,3.2086999999999999
15082,-6.1755000000000004,3.2086999999999999
15083,-2.3809,3.2235
15084,-2.2940999999999998,3.2235
15085,-4.1417999999999999,3.218
15086,5.9646999999999997,3.2606999999999999
15087,10.1562,3.2793000000000001
15088,13.076599999999999,3.2978999999999998
15089,13.7896,3.3035000000000001
15090,14.7941,3.3109999999999999
15091,15.916399999999999,3.3184
15092,13.244,3.3109999999999999
15093,13.244,3.3128000000000002
15094,10.639799999999999,3.3035000000000001
15095,6.7584,3.2886000000000002
15096,0,3.2606999999999999
15097,0,3.2589000000000001
15098,0,3.2589000000000001
15099,0,3.2589000000000001
15100,0,3.2570000000000001
15101,0,3.2570000000000001
15102,0,3.2570000000000001
15103,0,3.2570000000000001
15104,0,3.2570000000000001
15105,-3.9496000000000002,3.2383999999999999
15106,-7.5086000000000004,3.2235
15107,-6.6281999999999996,3.2254
15108,-3.5899999999999999,3.2366000000000001
15109,-11.383900000000001,3.2031000000000001
15110,-7.0621999999999998,3.2198000000000002
15111,-6.5724,3.2216999999999998
15112,-10.2554,3.2067999999999999
15113,-15.811,3.1808000000000001
15114,-17.410699999999999,3.1715
15115,-16.294599999999999,3.1732999999999998
15116,-13.907400000000001,3.1808000000000001
15117,-13.461,3.1825999999999999
15118,-11.972899999999999,3.1863000000000001
15119,-13.2936,3.1808000000000001
15120,-14.415900000000001,3.1751999999999998
15121,-12.531000000000001,3.1825999999999999
15122,-11.737299999999999,3.1844999999999999
15123,-8.6681000000000008,3.1956000000000002
15124,-5.2579000000000002,3.2124000000000001
15125,-3.7884000000000002,3.2198000000000002
15126,-3.7946,3.2198000000000002
15127,-3.7946,3.2216999999999998
15128,-3.7884000000000002,3.2216999999999998
15129,-3.7946,3.2216999999999998
15130,-11.743499999999999,3.1901000000000002
15131,-6.3057999999999996,3.2105000000000001
15132,-6.3802000000000003,3.2105000000000001
15133,0.68200000000000005,3.2383999999999999
15134,0.67579999999999996,3.2421000000000002
15135,-0.73780000000000001,3.2383999999999999
15136,-3.7884000000000002,3.2254
15137,-3.7884000000000002,3.2254
15138,1.7608999999999999,3.2477
15139,6.1569000000000003,3.2682000000000002
15140,16.437200000000001,3.3147000000000002
15141,13.244,3.3071999999999999
15142,10.639799999999999,3.3016999999999999
15143,0,3.2570000000000001
15144,0,3.2570000000000001
15145,0,3.2551999999999999
15146,0,3.2551999999999999
15147,0,3.2551999999999999
15148,0,3.2551999999999999
15149,0,3.2551999999999999
15150,0,3.2551999999999999
15151,0,3.2551999999999999
15152,0,3.2551999999999999
15153,0,3.2551999999999999
15154,0,3.2551999999999999
15155,0,3.2551999999999999
15156,0,3.2551999999999999
15157,0,3.2551999999999999
15158,0,3.2551999999999999
15159,0,3.2551999999999999
15160,0,3.2570000000000001
15161,0,3.2570000000000001
15162,0,3.2570000000000001
15163,-10.453799999999999,3.2141999999999999
15164,-14.415900000000001,3.1919
15165,-18.2911,3.1732999999999998
15166,-22.544599999999999,3.1528999999999998
15167,-13.2502,3.1863000000000001
15168,-13.0146,3.1863000000000001
15169,-10.968500000000001,3.1938
15170,-2.1019000000000001,3.2309999999999999
15171,-2.1019000000000001,3.2328000000000001
15172,-6.2624000000000004,3.218
15173,-4.0922000000000001,3.2254
15174,-2.1019000000000001,3.2347000000000001
15175,-0.124,3.2421000000000002
15176,1.0044,3.2513999999999998
15177,-1.1035999999999999,3.2421000000000002
15178,0.2356,3.2477
15179,-6.2188999999999997,3.2235
15180,-3.1745999999999999,3.2328000000000001
15181,-1.1035999999999999,3.2421000000000002
15182,0.56420000000000003,3.2513999999999998
15183,-1.054,3.2440000000000002
15184,-2.0089000000000001,3.2403
15185,-3.0194999999999999,3.2366000000000001
15186,-6.2126999999999999,3.2235
15187,-7.2172000000000001,3.218
15188,-10.416600000000001,3.2012
15189,-8.9037000000000006,3.2086999999999999
15190,-12.5,3.1919
15191,-10.9499,3.1956000000000002
15192,-3.8999999999999999,3.2235
15193,-3.9434,3.2254
15194,-7.6946000000000003,3.2124000000000001
15195,-7.5023999999999997,3.2105000000000001
15196,-7.6139999999999999,3.2105000000000001
15197,-4.5324,3.2216999999999998
15198,-3.1808000000000001,3.2290999999999999
15199,-3.1808000000000001,3.2290999999999999
15200,-5.3013000000000003,3.2216999999999998
15201,-14.9305,3.1808000000000001
15202,-20.461300000000001,3.1547000000000001
15203,-15.2219,3.1732999999999998
15204,-10.77,3.1901000000000002
15205,-10.422800000000001,3.1901000000000002
15206,3.9247999999999998,3.2513999999999998
15207,17.633900000000001,3.3128000000000002
15208,16.158200000000001,3.3147000000000002
15209,13.033200000000001,3.3071999999999999
15210,9.6850000000000005,3.2942
15211,0,3.2570000000000001
15212,0,3.2551999999999999
15213,0,3.2551999999999999
15214,0,3.2551999999999999
15215,0,3.2551999999999999
15216,0,3.2551999999999999
15217,0,3.2551999999999999
15218,0,3.2551999999999999
15219,0,3.2551999999999999
15220,0,3.2551999999999999
15221,0,3.2551999999999999
15222,0,3.2551999999999999
15223,0,3.2551999999999999
15224,0,3.2551999999999999
15225,0,3.2570000000000001
15226,0,3.2570000000000001
15227,0,3.2570000000000001
15228,0,3.2570000000000001
15229,0,3.2570000000000001
15230,0,3.2570000000000001
15231,0,3.2570000000000001
15232,0,3.2570000000000001
15233,0,3.2570000000000001
15234,0,3.2570000000000001
15235,0,3.2570000000000001
15236,0,3.2570000000000001
15237,0,3.2570000000000001
15238,0,3.2570000000000001
15239,0,3.2589000000000001
15240,-6.4236000000000004,3.2309999999999999
15241,-8.1410999999999998,3.2216999999999998
15242,-17.1006,3.1825999999999999
15243,-13.857799999999999,3.1901000000000002
15244,-16.387599999999999,3.1789000000000001
15245,-11.966699999999999,3.1938
15246,-11.607100000000001,3.1938
15247,-19.983799999999999,3.1621999999999999
15248,-21.577300000000001,3.1490999999999998
15249,-16.486799999999999,3.1677
15250,-15.686999999999999,3.1696
15251,-15.414099999999999,3.1696
15252,-17.497499999999999,3.1621999999999999
15253,-13.461,3.1751999999999998
15254,-7.5705999999999998,3.1993999999999998
15255,-9.1331000000000007,3.1938
15256,-5.6299000000000001,3.2105000000000001
15257,-5.6608999999999998,3.2105000000000001
15258,-4.0983999999999998,3.218
15259,-6.5351999999999997,3.2105000000000001
15260,-5.6981000000000002,3.2124000000000001
15261,-4.1542000000000003,3.2198000000000002
15262,1.2462,3.2421000000000002
15263,1.24,3.2440000000000002
15264,10.0756,3.2831000000000001
15265,11.1607,3.2924000000000002
15266,13.3184,3.3071999999999999
15267,7.7999999999999998,3.2867999999999999
15268,6.2003000000000004,3.2812000000000001
15269,7.6016000000000004,3.2867999999999999
15270,0,3.2589000000000001
15271,0,3.2570000000000001
15272,0,3.2570000000000001
15273,0,3.2570000000000001
15274,0,3.2551999999999999
15275,0,3.2551999999999999
15276,0,3.2551999999999999
15277,0,3.2551999999999999
15278,0,3.2570000000000001
15279,0,3.2551999999999999
15280,0,3.2570000000000001
15281,0,3.2570000000000001
15282,0,3.2570000000000001
15283,0,3.2570000000000001
15284,0,3.2570000000000001
15285,0,3.2570000000000001
15286,0,3.2570000000000001
15287,0,3.2570000000000001
15288,-4.5324,3.2383999999999999
15289,-6.2126999999999999,3.2290999999999999
15290,-3.8193999999999999,3.2383999999999999
15291,-6.9320000000000004,3.2254
15292,-13.9756,3.1938
15293,-13.6098,3.1919
15294,-15.928800000000001,3.1808000000000001
15295,-10.174799999999999,3.1993999999999998
15296,-16.251200000000001,3.177
15297,-5.0471000000000004,3.2198000000000002
15298,-0.124,3.2421000000000002
15299,-2.0089000000000001,3.2366000000000001
15300,-16.8216,3.1751999999999998
15301,-11.8179,3.1919
15302,-11.4087,3.1919
15303,-16.896000000000001,3.1696
15304,-14.0562,3.1789000000000001
15305,-3.1808000000000001,3.2216999999999998
15306,0.79979999999999996,3.2403
15307,-10.180999999999999,3.1974999999999998
15308,-10.453799999999999,3.1938
15309,-5.5740999999999996,3.2141999999999999
15310,4.0426000000000002,3.2570000000000001
15311,3.5651999999999999,3.2589000000000001
15312,4.4828000000000001,3.2645
15313,11.0367,3.2942
15314,10.918799999999999,3.2978999999999998
15315,8.1225000000000005,3.2886000000000002
15316,0,3.2570000000000001
15317,0,3.2551999999999999
15318,0,3.2551999999999999
15319,0,3.2551999999999999
15320,0,3.2551999999999999
15321,0,3.2551999999999999
15322,-0.062,3.2532999999999999
15323,-8.6494999999999997,3.218
15324,-10.615,3.2086999999999999
15325,-16.573599999999999,3.1808000000000001
15326,-20.337299999999999,3.1621999999999999
15327,-11.966699999999999,3.1901000000000002
15328,-17.416899999999998,3.1696
15329,-18.861599999999999,3.1602999999999999
15330,-17.212299999999999,3.1640000000000001
15331,-21.7013,3.1436000000000002
15332,-20.901499999999999,3.1454
15333,-19.928000000000001,3.1454
15334,-16.1768,3.1602999999999999
15335,-16.896000000000001,3.1566000000000001
15336,-11.8241,3.177
15337,-10.732799999999999,3.1808000000000001
15338,-8.0667000000000009,3.1919
15339,-9.6229999999999993,3.1882000000000001
15340,-8.3332999999999995,3.1919
15341,-4.4580000000000002,3.2105000000000001
15342,0,3.2309999999999999
15343,-2.7404999999999999,3.2216999999999998
15344,-1.1035999999999999,3.2290999999999999
15345,1.3206,3.2403
15346,2.5607000000000002,3.2477
15347,6.7149999999999999,3.2682000000000002
15348,10.7204,3.2886000000000002
15349,10.038399999999999,3.2886000000000002
15350,11.6815,3.2997999999999998
15351,9.7965999999999998,3.2942
15352,5.2020999999999997,3.2774999999999999
15353,6.6467999999999998,3.2831000000000001
15354,0,3.2570000000000001
15355,0,3.2551999999999999
15356,0,3.2551999999999999
15357,0,3.2551999999999999
15358,-0.44640000000000002,3.2532999999999999
15359,0,3.2551999999999999
15360,0,3.2551999999999999
15361,-9.5671999999999997,3.2141999999999999
15362,-10.6212,3.2067999999999999
15363,-17.776499999999999,3.1751999999999998
15364,-23.927299999999999,3.1454
15365,-24.131900000000002,3.1398000000000001
15366,-16.0838,3.1677
15367,-10.373200000000001,3.1901000000000002
15368,-13.026999999999999,3.1808000000000001
15369,-14.217499999999999,3.1751999999999998
15370,-15.7676,3.1677
15371,-16.486799999999999,3.1640000000000001
15372,-25.248000000000001,3.1267999999999998
15373,-22.966200000000001,3.1324000000000001
15374,-16.8216,3.1528999999999998
15375,-10.9375,3.177
15376,-8.1721000000000004,3.1901000000000002
15377,-12.251899999999999,3.1751999999999998
15378,-4.5262000000000002,3.2067999999999999
15379,-4.5262000000000002,3.2086999999999999
15380,-2.8521000000000001,3.2161
15381,0,3.2309999999999999
15382,-1.1284000000000001,3.2273000000000001
15383,-4.3339999999999996,3.2161
15384,-4.3277999999999999,3.2161
15385,-2.7404999999999999,3.2235
15386,2.0026999999999999,3.2440000000000002
15387,-2.6227,3.2273000000000001
15388,-4.1417999999999999,3.2198000000000002
15389,-4.1417999999999999,3.2198000000000002
15390,-4.1417999999999999,3.2198000000000002
15391,-4.1417999999999999,3.2198000000000002
15392,-4.1417999999999999,3.2198000000000002
15393,-5.7786999999999997,3.2141999999999999
15394,-9.4928000000000008,3.1974999999999998
15395,-11.1731,3.1882000000000001
15396,-25.4588,3.1305000000000001
15397,-19.332799999999999,3.1490999999999998
15398,-19.742000000000001,3.1454
15399,-20.4923,3.1398000000000001
15400,-5.7786999999999997,3.1974999999999998
15401,-14.409700000000001,3.1659000000000002
15402,-11.966699999999999,3.1732999999999998
15403,-10.4476,3.1808000000000001
15404,-4.0922000000000001,3.2067999999999999
15405,-2.1762999999999999,3.218
15406,-5.8531000000000004,3.2031000000000001
15407,-3.9744000000000002,3.2124000000000001
15408,-0.29139999999999999,3.2290999999999999
15409,1.3206,3.2366000000000001
15410,-3.9371999999999998,3.218
15411,1.3206,3.2403
15412,1.3206,3.2403
15413,-3.6147999999999998,3.2216999999999998
15414,-0.124,3.2366000000000001
15415,-3.5404,3.2235
15416,4.6440000000000001,3.2589000000000001
15417,2.0337000000000001,3.2513999999999998
15418,-3.1374,3.2290999999999999
15419,-4.8114999999999997,3.2216999999999998
15420,-4.8114999999999997,3.2198000000000002
15421,-4.8177000000000003,3.2198000000000002
15422,0,3.2383999999999999
15423,-3.0194999999999999,3.2290999999999999
15424,-4.6875,3.2216999999999998
15425,-1.2958000000000001,3.2347000000000001
15426,0.67579999999999996,3.2440000000000002
15427,2.6413000000000002,3.2551999999999999
15428,1.3206,3.2513999999999998
15429,2.6040999999999999,3.2570000000000001
15430,7.9612999999999996,3.2812000000000001
15431,9.5609999999999999,3.2905000000000002
15432,8.7177000000000007,3.2886000000000002
15433,6.5599999999999996,3.2812000000000001
15434,5.2083000000000004,3.2774999999999999
15435,-2.3809,3.2458999999999998
15436,-11.414899999999999,3.2067999999999999
15437,-10.863,3.2031000000000001
15438,-7.8930999999999996,3.2141999999999999
15439,-8.9408999999999992,3.2086999999999999
15440,-10.094200000000001,3.2012
15441,-10.410399999999999,3.1974999999999998
15442,-12.698399999999999,3.1882000000000001
15443,-15.8172,3.1732999999999998
15444,-16.5364,3.1677
15445,-11.5761,3.1863000000000001
15446,-3.9434,3.2161
15447,-6.2624000000000004,3.2105000000000001
15448,-6.2934000000000001,3.2105000000000001
15449,-6.4236000000000004,3.2105000000000001
15450,-11.6195,3.1882000000000001
15451,-8.1349,3.1993999999999998
15452,-13.578799999999999,3.1789000000000001
15453,-6.1692999999999998,3.2067999999999999
15454,-6.2126999999999999,3.2086999999999999
15455,-6.2126999999999999,3.2086999999999999
15456,-2.9264999999999999,3.2216999999999998
15457,4.3712,3.2551999999999999
15458,2.0026999999999999,3.2477
15459,1.3206,3.2458999999999998
15460,6.0762999999999998,3.2682000000000002
15461,3.2056,3.2589000000000001
15462,1.24,3.2532999999999999
15463,-7.3102,3.2161
15464,-7.4156000000000004,3.2141999999999999
15465,-8.9408999999999992,3.2031000000000001
15466,-6.2624000000000004,3.2141999999999999
15467,-10.615,3.1956000000000002
15468,-12.4937,3.1863000000000001
15469,-11.5017,3.1882000000000001
15470,-7.9675000000000002,3.2012
15471,-11.9419,3.1844999999999999
15472,-12.301500000000001,3.1825999999999999
15473,-7.056,3.2012
15474,-2.9264999999999999,3.2216999999999998
15475,-2.9264999999999999,3.2216999999999998
15476,-2.8521000000000001,3.2235
15477,0.72540000000000004,3.2403
15478,0.72540000000000004,3.2421000000000002
15479,-2.7343000000000002,3.2290999999999999
15480,-4.2968000000000002,3.2216999999999998
15481,0.72540000000000004,3.2421000000000002
15482,0.72540000000000004,3.2440000000000002
15483,1.9717,3.2513999999999998
15484,-9.0587,3.2067999999999999
15485,-10.6584,3.1956000000000002
15486,-7.9675000000000002,3.2067999999999999
15487,-6.6592000000000002,3.2105000000000001
15488,-1.1035999999999999,3.2328000000000001
15489,-6.6529999999999996,3.2124000000000001
15490,-4.2968000000000002,3.2216999999999998
15491,-4.3029999999999999,3.2216999999999998
15492,0,3.2403
15493,0.124,3.2421000000000002
15494,1.3206,3.2477
15495,0.124,3.2440000000000002
15496,-2.5855000000000001,3.2328000000000001
15497,-4.1417999999999999,3.2273000000000001
15498,-4.1417999999999999,3.2254
15499,-0.94240000000000002,3.2383999999999999
15500,-2.4615,3.2328000000000001
15501,-4.1045999999999996,3.2273000000000001
15502,0.049599999999999998,3.2440000000000002
15503,0.13020000000000001,3.2440000000000002
15504,-3.9062000000000001,3.2290999999999999
15505,-7.7317999999999998,3.2124000000000001
15506,-2.4180999999999999,3.2328000000000001
15507,0.16739999999999999,3.2440000000000002
15508,3.7635999999999998,3.2625999999999999
15509,4.7309000000000001,3.2682000000000002
15510,5.8902999999999999,3.2755999999999998
15511,1.6865000000000001,3.2606999999999999
15512,-2.8210999999999999,3.2403
15513,-3.9062000000000001,3.2347000000000001
15514,-13.020799999999999,3.1938
15515,-12.3325,3.1938
15516,-10.869199999999999,3.1956000000000002
15517,-5.7849000000000004,3.2161
15518,-5.8159000000000001,3.218
15519,-10.0198,3.1993999999999998
15520,-6.0639000000000003,3.2141999999999999
15521,-5.2950999999999997,3.218
15522,-5.3323,3.218
15523,-6.2126999999999999,3.2141999999999999
15524,0.16120000000000001,3.2403
15525,-0.73780000000000001,3.2383999999999999
15526,-3.7884000000000002,3.2273000000000001
15527,-3.7884000000000002,3.2273000000000001
15528,0.16120000000000001,3.2421000000000002
15529,-0.69440000000000002,3.2403
15530,-0.69440000000000002,3.2421000000000002
15531,-3.5775999999999999,3.2309999999999999
15532,-5.8531000000000004,3.2198000000000002
15533,-10.0632,3.2012
15534,-3.7759999999999998,3.2254
15535,0.67579999999999996,3.2440000000000002
15536,-3.6953999999999998,3.2290999999999999
15537,1.2462,3.2513999999999998
15538,-8.4883000000000006,3.2105000000000001
15539,-11.4087,3.1956000000000002
15540,-10.2988,3.1974999999999998
15541,1.2462,3.2440000000000002
15542,4.8487,3.2645
15543,10.5654,3.2905000000000002
15544,8.8850999999999996,3.2886000000000002
15545,13.1076,3.3090999999999999
15546,10.4352,3.3016999999999999
15547,7.2854000000000001,3.2886000000000002
15548,0,3.2606999999999999
15549,0,3.2589000000000001
15550,0,3.2570000000000001
15551,0,3.2570000000000001
15552,0,3.2570000000000001
15553,0,3.2570000000000001
15554,-6.4173999999999998,3.2290999999999999
15555,-9.6601999999999997,3.2141999999999999
15556,-20.4923,3.1659000000000002
15557,-22.042400000000001,3.1528999999999998
15558,-26.246200000000002,3.1324000000000001
15559,-20.808499999999999,3.1490999999999998
15560,-12.3697,3.1808000000000001
15561,-15.612500000000001,3.1677
15562,-13.498200000000001,3.1751999999999998
15563,-12.1837,3.1808000000000001
15564,-14.409700000000001,3.1715
15565,-21.068899999999999,3.1417000000000002
15566,-26.6617,3.1175000000000002
15567,-19.140599999999999,3.1436000000000002
15568,-11.7807,3.1732999999999998
15569,-8.2589000000000006,3.1882000000000001
15570,-6.0205000000000002,3.1974999999999998
15571,-4.4518000000000004,3.2086999999999999
15572,-4.4580000000000002,3.2086999999999999
15573,3.6086,3.2440000000000002
15574,-1.054,3.2273000000000001
15575,0,3.2347000000000001
15576,0.72540000000000004,3.2383999999999999
15577,0.124,3.2366000000000001
15578,1.24,3.2440000000000002
15579,0.124,3.2403
15580,1.24,3.2440000000000002
15581,5.7538999999999998,3.2663000000000002
15582,10.559200000000001,3.2886000000000002
15583,1.24,3.2532999999999999
15584,-2.7776999999999998,3.2347000000000001
15585,-6.25,3.2198000000000002
15586,-10.6584,3.1993999999999998
15587,-9.1021000000000001,3.2012
15588,-0.496,3.2366000000000001
15589,-3.2242000000000002,3.2290999999999999
15590,-5.4191000000000003,3.2198000000000002
15591,0.2356,3.2421000000000002
15592,-3.2118000000000002,3.2290999999999999
15593,-3.2118000000000002,3.2290999999999999
15594,-12.3759,3.1901000000000002
15595,-9.5609999999999999,3.1974999999999998
15596,-11.1731,3.1901000000000002
15597,-5.9832999999999998,3.2124000000000001
15598,-7.4156000000000004,3.2067999999999999
15599,-8.9346999999999994,3.1974999999999998
15600,-5.4500999999999999,3.2141999999999999
15601,-2.3809,3.2273000000000001
15602,1.24,3.2421000000000002
15603,3.6829999999999998,3.2570000000000001
15604,0.67579999999999996,3.2440000000000002
15605,1.2090000000000001,3.2477
15606,0.2356,3.2458999999999998
15607,0.67579999999999996,3.2477
15608,1.2834000000000001,3.2532999999999999
15609,0.72540000000000004,3.2513999999999998
15610,4.4951999999999996,3.2682000000000002
15611,13.119999999999999,3.3071999999999999
15612,11.3963,3.3035000000000001
15613,8.2402999999999995,3.2924000000000002
15614,0,3.2589000000000001
15615,0,3.2570000000000001
15616,0,3.2570000000000001
15617,0,3.2570000000000001
15618,0,3.2551999999999999
15619,0,3.2551999999999999
15620,0,3.2551999999999999
15621,0,3.2551999999999999
15622,0,3.2551999999999999
15623,0,3.2551999999999999
15624,0,3.2551999999999999
15625,0,3.2551999999999999
15626,0,3.2551999999999999
15627,0,3.2551999999999999
15628,0,3.2551999999999999
15629,0,3.2570000000000001
15630,0,3.2570000000000001
15631,0,3.2570000000000001
15632,0,3.2570000000000001
15633,0,3.2570000000000001
15634,0,3.2570000000000001
15635,0,3.2570000000000001
15636,0,3.2570000000000001
15637,0,3.2570000000000001
15638,0,3.2570000000000001
15639,0,3.2570000000000001
15640,0,3.2570000000000001
15641,0,3.2589000000000001
15642,0,3.2589000000000001
15643,0,3.2570000000000001
15644,0,3.2589000000000001
15645,0,3.2589000000000001
15646,0,3.2589000000000001
15647,-3.9371999999999998,3.2403
15648,-9.0214999999999996,3.218
15649,-15.965999999999999,3.1863000000000001
15650,-19.605599999999999,3.1677
15651,-23.9831,3.1436000000000002
15652,-27.697099999999999,3.125
15653,-15.290100000000001,3.1696
15654,-16.573599999999999,3.1640000000000001
15655,-20.703099999999999,3.1454
15656,-16.331800000000001,3.1621999999999999
15657,-15.1289,3.1659000000000002
15658,-13.126200000000001,3.1732999999999998
15659,-13.6532,3.1715
15660,-15.569100000000001,3.1640000000000001
15661,-7.6139999999999999,3.1938
15662,-11.414899999999999,3.1808000000000001
15663,-10.8506,3.1825999999999999
15664,-9.6167999999999996,3.1863000000000001
15665,0,3.2273000000000001
15666,1.3206,3.2366000000000001
15667,1.3206,3.2403
15668,-4.0549999999999997,3.2198000000000002
15669,2.7281,3.2477
15670,9.7904,3.2812000000000001
15671,10.2864,3.2867999999999999
15672,4.1294000000000004,3.2645
15673,3.4039999999999999,3.2625999999999999
15674,11.563700000000001,3.2997999999999998
15675,10.925000000000001,3.2997999999999998
15676,7.4032,3.2867999999999999
15677,2.3995000000000002,3.2682000000000002
15678,0.55800000000000005,3.2589000000000001
15679,0,3.2551999999999999
15680,0,3.2551999999999999
15681,0,3.2551999999999999
15682,0,3.2551999999999999
15683,-0.52080000000000004,3.2532999999999999
15684,-2.1762999999999999,3.2440000000000002
15685,-2.2134999999999998,3.2421000000000002
15686,0,3.2532999999999999
15687,-0.52700000000000002,3.2513999999999998
15688,0,3.2532999999999999
15689,0,3.2551999999999999
15690,0,3.2551999999999999
15691,0,3.2551999999999999
15692,0,3.2551999999999999
15693,0,3.2551999999999999
15694,0,3.2551999999999999
15695,-0.080600000000000005,3.2551999999999999
15696,-1.7795000000000001,3.2458999999999998
15697,-3.3854000000000002,3.2403
15698,-6.5724,3.2254
15699,-15.060700000000001,3.1882000000000001
15700,-17.249500000000001,3.1751999999999998
15701,-20.182200000000002,3.1602999999999999
15702,-9.8523999999999994,3.1956000000000002
15703,-5.4191000000000003,3.2161
15704,-13.820600000000001,3.1825999999999999
15705,-19.822600000000001,3.1547000000000001
15706,-20.095400000000001,3.1490999999999998
15707,-13.0518,3.177
15708,-5.1401000000000003,3.2105000000000001
15709,-3.9371999999999998,3.2161
15710,-3.9744000000000002,3.218
15711,-6.2126999999999999,3.2105000000000001
15712,-11.7807,3.1863000000000001
15713,-9.0959000000000003,3.1956000000000002
15714,-12.5372,3.1808000000000001
15715,-11.743499999999999,3.1825999999999999
15716,-10.0632,3.1882000000000001
15717,-2.2692999999999999,3.2216999999999998
15718,-2.2134999999999998,3.2235
15719,-6.0143000000000004,3.2105000000000001
15720,-8.9037000000000006,3.1956000000000002
15721,-9.0525000000000002,3.1956000000000002
15722,-6.3802000000000003,3.2067999999999999
15723,-9.3066999999999993,3.1938
15724,-6.2188999999999997,3.2067999999999999
15725,-7.7008000000000001,3.1993999999999998
15726,-5.5865,3.2086999999999999
15727,-4.0612000000000004,3.2161
15728,-4.0488,3.218
15729,-2.4552999999999998,3.2235
15730,-2.4552999999999998,3.2254
15731,-3.9805999999999999,3.2198000000000002
15732,0.037199999999999997,3.2366000000000001
15733,-2.5358999999999998,3.2273000000000001
15734,0.68200000000000005,3.2421000000000002
15735,1.2462,3.2458999999999998
15736,3.7635999999999998,3.2589000000000001
15737,4.7309000000000001,3.2645
15738,10.044600000000001,3.2886000000000002
15739,6.3987999999999996,3.2774999999999999
15740,10.7948,3.2997999999999998
15741,4.8796999999999997,3.2755999999999998
15742,6.3677999999999999,3.2831000000000001
15743,7.5582000000000003,3.2886000000000002
15744,0,3.2589000000000001
15745,0,3.2570000000000001
15746,0,3.2570000000000001
15747,0,3.2551999999999999
15748,0,3.2551999999999999
15749,0,3.2551999999999999
15750,0,3.2551999999999999
15751,0,3.2551999999999999
15752,0,3.2551999999999999
15753,0,3.2551999999999999
15754,0,3.2551999999999999
15755,0,3.2551999999999999
15756,0,3.2551999999999999
15757,0,3.2551999999999999
15758,0,3.2551999999999999
15759,0,3.2570000000000001
15760,0,3.2570000000000001
15761,0,3.2570000000000001
15762,0,3.2570000000000001
15763,-6.7274000000000003,3.2273000000000001
15764,-10.6088,3.2086999999999999
15765,-16.0962,3.1825999999999999
15766,-22.2532,3.1509999999999998
15767,-26.444600000000001,3.1305000000000001
15768,-31.3306,3.1063000000000001
15769,-27.318899999999999,3.1175000000000002
15770,-24.1815,3.1267999999999998
15771,-9.3066999999999993,3.1844999999999999
15772,1.2090000000000001,3.2309999999999999
15773,1.2090000000000001,3.2366000000000001
15774,12.289099999999999,3.2867999999999999
15775,13.405200000000001,3.2997999999999998
15776,10.7948,3.2924000000000002
15777,7.1242000000000001,3.2793000000000001
15778,0,3.2513999999999998
15779,0,3.2513999999999998
15780,0,3.2513999999999998
15781,0,3.2513999999999998
15782,0,3.2513999999999998
15783,0,3.2513999999999998
15784,0,3.2513999999999998
15785,0,3.2513999999999998
15786,0,3.2513999999999998
15787,0,3.2532999999999999
15788,0,3.2532999999999999
15789,0,3.2532999999999999
15790,0,3.2532999999999999
15791,-0.73780000000000001,3.2477
15792,-4.2968000000000002,3.2328000000000001
15793,-6.5785999999999998,3.2235
15794,-9.6974,3.2086999999999999
15795,-18.092700000000001,3.1715
15796,-15.1289,3.1789000000000001
15797,-8.1349,3.2031000000000001
15798,-2.5421,3.2290999999999999
15799,0.44019999999999998,3.2421000000000002
15800,-3.2986,3.2290999999999999
15801,-3.8938000000000001,3.2273000000000001
15802,-1.4942,3.2366000000000001
15803,-8.1844999999999999,3.2105000000000001
15804,-13.3432,3.1863000000000001
15805,-14.6577,3.177
15806,-16.294599999999999,3.1696
15807,-13.1386,3.1789000000000001
15808,-15.4823,3.1696
15809,-7.9302999999999999,3.1974999999999998
15810,-6.25,3.2067999999999999
15811,-2.7404999999999999,3.2216999999999998
15812,0.2356,3.2366000000000001
15813,0.2356,3.2383999999999999
15814,-6.4236000000000004,3.2124000000000001
15815,-6.2624000000000004,3.2124000000000001
15816,-5.0967000000000002,3.2161
15817,-1.5749,3.2309999999999999
15818,-0.33479999999999999,3.2366000000000001
15819,-0.33479999999999999,3.2383999999999999
15820,-2.7715000000000001,3.2290999999999999
15821,-1.5687,3.2347000000000001
15822,5.3943000000000003,3.2663000000000002
15823,1.5996999999999999,3.2532999999999999
15824,0.28520000000000001,3.2477
15825,-6.8575999999999997,3.218
15826,-4.6936999999999998,3.2235
15827,-4.7432999999999996,3.2235
15828,1.1222000000000001,3.2477
15829,8.2836999999999996,3.2812000000000001
15830,7.0064000000000002,3.2793000000000001
15831,7.2110000000000003,3.2831000000000001
15832,0,3.2532999999999999
15833,0,3.2532999999999999
15834,0,3.2532999999999999
15835,0,3.2532999999999999
15836,0,3.2532999999999999
15837,0,3.2532999999999999
15838,0,3.2532999999999999
15839,0,3.2532999999999999
15840,0,3.2532999999999999
15841,0,3.2532999999999999
15842,0,3.2532999999999999
15843,0,3.2532999999999999
15844,0,3.2551999999999999
15845,0,3.2551999999999999
15846,-3.2986,3.2383999999999999
15847,-0.4526,3.2513999999999998
15848,-0.4526,3.2513999999999998
15849,-0.4526,3.2513999999999998
15850,-0.44640000000000002,3.2532999999999999
15851,-2.2134999999999998,3.2440000000000002
15852,-4.6936999999999998,3.2328000000000001
15853,-3.5341999999999998,3.2366000000000001
15854,-3.5341999999999998,3.2366000000000001
15855,-4.4951999999999996,3.2309999999999999
15856,-9.4556000000000004,3.2105000000000001
15857,-11.5017,3.1974999999999998
15858,-4.1479999999999997,3.2273000000000001
15859,0,3.2458999999999998
15860,0,3.2477
15861,0,3.2477
15862,-6.5724,3.2216999999999998
15863,-13.808199999999999,3.1901000000000002
15864,-22.017600000000002,3.1509999999999998
15865,-26.810500000000001,3.1267999999999998
15866,-25.204599999999999,3.1286999999999998
15867,-17.497499999999999,3.1547000000000001
15868,-11.0181,3.1808000000000001
15869,-7.5396000000000001,3.1956000000000002
15870,-12.0907,3.1789000000000001
15871,-10.6212,3.1844999999999999
15872,-9.6105999999999998,3.1882000000000001
15873,-8.4883000000000006,3.1938
15874,-3.621,3.2141999999999999
15875,1.2462,3.2366000000000001
15876,1.1966000000000001,3.2403
15877,-3.4163999999999999,3.2216999999999998
15878,-3.4226000000000001,3.2216999999999998
15879,-3.4102000000000001,3.2235
15880,-3.4102000000000001,3.2235
15881,-3.4163999999999999,3.2235
15882,-9.5671999999999997,3.1956000000000002
15883,-5.0285000000000002,3.2141999999999999
15884,-8.4945000000000004,3.1993999999999998
15885,-5.9089,3.2105000000000001
15886,-7.3659999999999997,3.2031000000000001
15887,-8.9037000000000006,3.1956000000000002
15888,-6.2188999999999997,3.2086999999999999
15889,-5.4562999999999997,3.2105000000000001
15890,-7.7256,3.1993999999999998
15891,-6.4236000000000004,3.2067999999999999
15892,-13.851599999999999,3.1751999999999998
15893,-28.447399999999998,3.1156000000000001
15894,8.8850999999999996,3.2645
15895,-27.3003,3.1194000000000002
15896,-6.2126999999999999,3.1974999999999998
15897,-2.9451000000000001,3.2141999999999999
15898,5.0842999999999998,3.2513999999999998
15899,19.0352,3.3165
15900,17.683499999999999,3.3184
15901,15.0421,3.3128000000000002
15902,11.923299999999999,3.3035000000000001
15903,8.6433,3.2905000000000002
15904,0,3.2551999999999999
15905,0,3.2532999999999999
15906,0,3.2532999999999999
15907,0,3.2532999999999999
15908,0,3.2532999999999999
15909,0,3.2532999999999999
15910,0,3.2532999999999999
15911,0,3.2513999999999998
15912,0,3.2532999999999999
15913,0,3.2532999999999999
15914,0,3.2532999999999999
15915,0,3.2532999999999999
15916,0,3.2532999999999999
15917,0,3.2532999999999999
15918,0,3.2532999999999999
15919,0,3.2532999999999999
15920,0,3.2532999999999999
15921,0,3.2532999999999999
15922,0,3.2532999999999999
15923,0,3.2532999999999999
15924,0,3.2532999999999999
15925,0,3.2551999999999999
15926,0,3.2551999999999999
15927,0,3.2551999999999999
15928,0,3.2551999999999999
15929,0,3.2551999999999999
15930,0,3.2551999999999999
15931,0,3.2551999999999999
15932,-4.8611000000000004,3.2328000000000001
15933,-10.5778,3.2086999999999999
15934,-17.764099999999999,3.1751999999999998
15935,-18.619700000000002,3.1659000000000002
15936,-16.492999999999999,3.1715
15937,-14.9863,3.1751999999999998
15938,-9.4928000000000008,3.1956000000000002
15939,-26.053999999999998,3.1286999999999998
15940,-7.0125999999999999,3.1993999999999998
15941,-14.0562,3.1732999999999998
15942,-11.055300000000001,3.1844999999999999
15943,-2.7776999999999998,3.2198000000000002
15944,-20.703099999999999,3.1454
15945,1.2090000000000001,3.2347000000000001
15946,0.79979999999999996,3.2366000000000001
15947,0.72540000000000004,3.2383999999999999
15948,1.2090000000000001,3.2440000000000002
15949,1.6431,3.2458999999999998
15950,1.1966000000000001,3.2477
15951,0.67579999999999996,3.2458999999999998
15952,4.0860000000000003,3.2625999999999999
15953,3.4039999999999999,3.2606999999999999
15954,3.0442999999999998,3.2606999999999999
15955,2.8458999999999999,3.2625999999999999
15956,4.2782,3.2682000000000002
15957,7.4837999999999996,3.2831000000000001
15958,0,3.2532999999999999
15959,0,3.2532999999999999
15960,0,3.2532999999999999
15961,0,3.2532999999999999
15962,0,3.2532999999999999
15963,0,3.2532999999999999
15964,0,3.2532999999999999
15965,0,3.2532999999999999
15966,0,3.2532999999999999
15967,0,3.2532999999999999
15968,0,3.2532999999999999
15969,0,3.2532999999999999
15970,0,3.2532999999999999
15971,0,3.2532999999999999
15972,0,3.2551999999999999
15973,0,3.2551999999999999
15974,0,3.2551999999999999
15975,0,3.2551999999999999
15976,0,3.2551999999999999
15977,0,3.2551999999999999
15978,0,3.2551999999999999
15979,0,3.2551999999999999
15980,0,3.2551999999999999
15981,0,3.2551999999999999
15982,0,3.2570000000000001
15983,0,3.2570000000000001
15984,0,3.2570000000000001
15985,0,3.2570000000000001
15986,0,3.2570000000000001
15987,0,3.2570000000000001
15988,0,3.2570000000000001
15989,-9.5609999999999999,3.2161
15990,-9.4184000000000001,3.2124000000000001
15991,-15.290100000000001,3.1844999999999999
15992,-18.6569,3.1677
15993,-21.087499999999999,3.1509999999999998
15994,-23.332000000000001,3.1398000000000001
15995,-6.2995999999999999,3.2067999999999999
15996,-9.2632999999999992,3.1956000000000002
15997,-27.7653,3.1194000000000002
15998,-13.0952,3.1732999999999998
15999,-10.590199999999999,3.1844999999999999
16000,-4.5324,3.2105000000000001
16001,0.79979999999999996,3.2347000000000001
16002,1.6802999999999999,3.2421000000000002
16003,1.6802999999999999,3.2440000000000002
16004,1.1966000000000001,3.2458999999999998
16005,1.6059000000000001,3.2477
16006,11.4087,3.2924000000000002
16007,7.1303999999999998,3.2793000000000001
16008,-1.7733000000000001,3.2421000000000002
16009,-4.5324,3.2290999999999999
16010,-4.6626000000000003,3.2273000000000001
16011,-6.0080999999999998,3.2198000000000002
16012,-11.966699999999999,3.1938
16013,-20.095400000000001,3.1566000000000001
16014,-22.2532,3.1417000000000002
16015,-20.4985,3.1454
16016,-5.3261000000000003,3.2067999999999999
16017,-0.496,3.2290999999999999
16018,-1.8539000000000001,3.2254
16019,5.6733000000000002,3.2606999999999999
16020,10.633599999999999,3.2867999999999999
16021,7.2854000000000001,3.2774999999999999
16022,4.0860000000000003,3.2663000000000002
16023,-1.9035,3.2403
16024,-17.695900000000002,3.1732999999999998
16025,-21.7881,3.1490999999999998
16026,-20.814699999999998,3.1473
16027,-21.019300000000001,3.1417000000000002
16028,-15.2157,3.1640000000000001
16029,-8.5441000000000003,3.1901000000000002
16030,-7.3411999999999997,3.1956000000000002
16031,-5.2579000000000002,3.2086999999999999
16032,0.67579999999999996,3.2328000000000001
16033,-2.1825000000000001,3.2235
16034,-5.9089,3.2105000000000001
16035,-5.2206999999999999,3.2124000000000001
16036,-2.2134999999999998,3.2254
16037,-2.1825000000000001,3.2254
16038,-3.6953999999999998,3.2198000000000002
16039,-10.087999999999999,3.1919
16040,-10.2988,3.1901000000000002
16041,-5.4562999999999997,3.2105000000000001
16042,0.155,3.2347000000000001
16043,1.24,3.2421000000000002
16044,-5.2579000000000002,3.2161
16045,-8.8912999999999993,3.1974999999999998
16046,-11.935700000000001,3.1844999999999999
16047,-4.0549999999999997,3.2161
16048,0.055800000000000002,3.2347000000000001
16049,-9.2136999999999993,3.1956000000000002
16050,-11.607100000000001,3.1844999999999999
16051,-14.167899999999999,3.1715
16052,-18.607299999999999,3.1509999999999998
16053,-13.857799999999999,3.1677
16054,-11.8179,3.1751999999999998
16055,-8.9408999999999992,3.1863000000000001
16056,-9.0525000000000002,3.1863000000000001
16057,-9.2074999999999996,3.1863000000000001
16058,-5.0533000000000001,3.2031000000000001
16059,-1.5749,3.2198000000000002
16060,-3.2242000000000002,3.2161
16061,-3.2242000000000002,3.2161
16062,-6.6592000000000002,3.2012
16063,-10.776199999999999,3.1844999999999999
16064,0.68200000000000005,3.2309999999999999
16065,1.3206,3.2366000000000001
16066,0.67579999999999996,3.2366000000000001
16067,-8.8107000000000006,3.1974999999999998
16068,-12.0535,3.1808000000000001
16069,-10.695600000000001,3.1844999999999999
16070,-7.6635999999999997,3.1956000000000002
16071,-6.8575999999999997,3.1993999999999998
16072,-3.3854000000000002,3.2161
16073,1.3206,3.2366000000000001
16074,2.0398999999999998,3.2421000000000002
16075,-6.4980000000000002,3.2086999999999999
16076,-8.9284999999999997,3.1956000000000002
16077,-12.245699999999999,3.1808000000000001
16078,-12.5372,3.177
16079,-13.777200000000001,3.1696
16080,-11.458299999999999,3.177
16081,-8.2589000000000006,3.1901000000000002
16082,-1.8539000000000001,3.218
16083,1.3206,3.2347000000000001
16084,21.3231,3.3239999999999998
16085,19.506399999999999,3.3258000000000001
16086,18.2849,3.3258000000000001
16087,15.519500000000001,3.3184
16088,12.3573,3.3090999999999999
16089,9.0772999999999993,3.2942
16090,0,3.2589000000000001
16091,0,3.2551999999999999
16092,0,3.2551999999999999
16093,0,3.2532999999999999
16094,0,3.2532999999999999
16095,0,3.2532999999999999
16096,0,3.2532999999999999
16097,0,3.2532999999999999
16098,0,3.2532999999999999
16099,0,3.2532999999999999
16100,0,3.2532999999999999
16101,0,3.2532999999999999
16102,0,3.2532999999999999
16103,0,3.2532999999999999
16104,0,3.2532999999999999
16105,0,3.2532999999999999
16106,0,3.2532999999999999
16107,0,3.2532999999999999
16108,0,3.2532999999999999
16109,0,3.2532999999999999
16110,0,3.2532999999999999
16111,0,3.2532999999999999
16112,0,3.2532999999999999
16113,0,3.2532999999999999
16114,0,3.2551999999999999
16115,0,3.2551999999999999
16116,0,3.2551999999999999
16117,0,3.2551999999999999
16118,0,3.2551999999999999
16119,0,3.2551999999999999
16120,0,3.2551999999999999
16121,0,3.2551999999999999
16122,0,3.2551999999999999
16123,0,3.2551999999999999
16124,0,3.2551999999999999
16125,0,3.2551999999999999
16126,0,3.2551999999999999
16127,0,3.2570000000000001
16128,0,3.2551999999999999
16129,0,3.2570000000000001
16130,0,3.2551999999999999
16131,0,3.2570000000000001
16132,-10.453799999999999,3.2124000000000001
16133,-14.415900000000001,3.1901000000000002
16134,-18.3035,3.1696
16135,-22.780200000000001,3.1473
16136,-28.59,3.1194000000000002
16137,-33.395299999999999,3.0933000000000002
16138,-29.210000000000001,3.1044999999999998
16139,-28.187000000000001,3.1044999999999998
16140,-22.290400000000002,3.1267999999999998
16141,-12.1403,3.1677
16142,2.6413000000000002,3.2309999999999999
16143,1.8043,3.2328000000000001
16144,0.68200000000000005,3.2309999999999999
16145,-7.3722000000000003,3.1974999999999998
16146,-6.0887000000000002,3.2031000000000001
16147,-6.1755000000000004,3.2031000000000001
16148,-9.0525000000000002,3.1919
16149,-21.453299999999999,3.1379999999999999
16150,2.7281,3.2366000000000001
16151,14.000400000000001,3.2905000000000002
16152,6.0453000000000001,3.2645
16153,16.071400000000001,3.3109999999999999
16154,6.9257999999999997,3.2755999999999998
16155,1.0044,3.2532999999999999
16156,-10.180999999999999,3.2012
16157,-6.7336,3.2141999999999999
16158,-15.612500000000001,3.1751999999999998
16159,-26.7423,3.125
16160,-30.809699999999999,3.1008
16161,-39.905700000000003,3.0617000000000001
16162,-39.924300000000002,3.0543
16163,-39.911900000000003,3.0505
16164,-39.924300000000002,3.0468000000000002
16165,-25.260400000000001,3.0989
16166,-39.918100000000003,3.0449999999999999
16167,-30.084299999999999,3.0783999999999998
16168,-39.918100000000003,3.0411999999999999
16169,-38.2502,3.0430999999999999
16170,-39.930500000000002,3.0356999999999998
16171,-29.1356,3.0747
16172,-27.411899999999999,3.0802999999999998
16173,-25.855599999999999,3.0859000000000001
16174,-10.4476,3.1473
16175,-6.3802000000000003,3.1677
16176,-8.6867000000000001,3.1621999999999999
16177,-6.2188999999999997,3.1732999999999998
16178,-10.212,3.1566000000000001
16179,-10.212,3.1602999999999999
16180,-10.212,3.1602999999999999
16181,-10.212,3.1621999999999999
16182,-14.775499999999999,3.1417000000000002
16183,-14.8437,3.1398000000000001
16184,-21.769500000000001,3.1137999999999999
16185,-24.4543,3.0989
16186,-24.937899999999999,3.0952000000000002
16187,-20.703099999999999,3.1101000000000001
16188,-23.425000000000001,3.0989
16189,-26.246200000000002,3.0876999999999999
16190,-21.856300000000001,3.1025999999999998
16191,-24.658899999999999,3.0914999999999999
16192,-30.096699999999998,3.0710000000000002
16193,-39.924300000000002,3.0337999999999998
16194,-39.515099999999997,3.0318999999999998
16195,-27.690899999999999,3.0729000000000002
16196,-22.767800000000001,3.0914999999999999
16197,-17.497499999999999,3.1137999999999999
16198,-12.3325,3.1343000000000001
16199,-7.4156000000000004,3.1566000000000001
16200,-14.6577,3.1305000000000001
16201,-19.896999999999998,3.1101000000000001
16202,-22.9724,3.097
16203,-25.892800000000001,3.0840000000000001
16204,-20.647300000000001,3.1025999999999998
16205,-26.457000000000001,3.0802999999999998
16206,-21.087499999999999,3.0989
16207,-24.305499999999999,3.0876999999999999
16208,-18.805800000000001,3.1063000000000001
16209,-16.1768,3.1194000000000002
16210,-11.383900000000001,3.1379999999999999
16211,-16.052800000000001,3.1231
16212,-16.059000000000001,3.1231
16213,-16.046600000000002,3.1231
16214,-16.059000000000001,3.1231
16215,-16.046600000000002,3.1231
16216,-13.3432,3.1343000000000001
16217,-8.3332999999999995,3.1547000000000001
16218,-8.1721000000000004,3.1566000000000001
16219,1.4942,3.1993999999999998
16220,-2.1019000000000001,3.1882000000000001
16221,-4.5881999999999996,3.1808000000000001
16222,-9.6974,3.1621999999999999
16223,-6.9320000000000004,3.1715
16224,-11.5451,3.1509999999999998
16225,-21.992799999999999,3.1082000000000001
16226,-16.8154,3.1267999999999998
16227,-16.846399999999999,3.1267999999999998
16228,-14.2857,3.1360999999999999
16229,-6.9816000000000003,3.1659000000000002
16230,-4.1417999999999999,3.1808000000000001
16231,-4.0922000000000001,3.1825999999999999
16232,-3.8999999999999999,3.1844999999999999
16233,-1.0105999999999999,3.1974999999999998
16234,-20.703099999999999,3.1212
16235,-3.5838000000000001,3.1863000000000001
16236,-10.6088,3.1602999999999999
16237,-8.6556999999999995,3.1677
16238,-8.4945000000000004,3.1677
16239,-15.3025,3.1398000000000001
16240,-11.061500000000001,3.1547000000000001
16241,-39.918100000000003,3.0430999999999999
16242,2.0398999999999998,3.2012
16243,-39.918100000000003,3.0411999999999999
16244,-13.907400000000001,3.1343000000000001
16245,-27.132899999999999,3.0840000000000001
16246,-39.930500000000002,3.0337999999999998
16247,-28.447399999999998,3.0729000000000002
16248,-20.535699999999999,3.1008
16249,-26.370200000000001,3.0802999999999998
16250,-15.686999999999999,3.1194000000000002
16251,-10.8506,3.1417000000000002
16252,0,3.1882000000000001
16253,1.6431,3.1993999999999998
16254,4.6811999999999996,3.218
16255,7.8868999999999998,3.2347000000000001
16256,6.5599999999999996,3.2328000000000001
16257,-12.8286,3.1547000000000001
16258,-12.81,3.1509999999999998
16259,-3.1745999999999999,3.1901000000000002
16260,6.6467999999999998,3.2328000000000001
16261,-10.1996,3.1677
16262,-14.2547,3.1473
16263,-10.212,3.1640000000000001
16264,-2.5358999999999998,3.1938
16265,-9.8895999999999997,3.1677
16266,-11.5823,3.1602999999999999
16267,-11.5823,3.1566000000000001
16268,-2.2940999999999998,3.1938
16269,0,3.2086999999999999
16270,0.124,3.2105000000000001
16271,5.1215000000000002,3.2328000000000001
16272,7.9612999999999996,3.2477
16273,7.9179000000000004,3.2532999999999999
16274,9.0772999999999993,3.2606999999999999
16275,8.9967000000000006,3.2625999999999999
16276,7.7628000000000004,3.2589000000000001
16277,8.8045000000000009,3.2645
16278,15.147500000000001,3.2924000000000002
16279,11.5885,3.2812000000000001
16280,14.1617,3.2942
16281,9.9702000000000002,3.2793000000000001
16282,8.5192999999999994,3.2755999999999998
16283,5.5617000000000001,3.2645
16284,4.6440000000000001,3.2606999999999999
16285,-3.2986,3.2254
16286,1.3268,3.2421000000000002
16287,5.2579000000000002,3.2606999999999999
16288,8.9099000000000004,3.2774999999999999
16289,15.7118,3.3071999999999999
16290,17.795100000000001,3.3184
16291,5.8902999999999999,3.2738
16292,3.7202000000000002,3.2645
16293,1.5687,3.2551999999999999
16294,5.2083000000000004,3.2682000000000002
16295,4.7309000000000001,3.2682000000000002
16296,8.4883000000000006,3.2831000000000001
16297,3.7574000000000001,3.2645
16298,0,3.2477
16299,0,3.2458999999999998
16300,0,3.2458999999999998
16301,0,3.2458999999999998
16302,0,3.2458999999999998
16303,0,3.2458999999999998
16304,0,3.2440000000000002
16305,0,3.2440000000000002
16306,0,3.2440000000000002
16307,0,3.2440000000000002
16308,0,3.2440000000000002
16309,0,3.2440000000000002
16310,0,3.2440000000000002
16311,0,3.2440000000000002
16312,0,3.2440000000000002
16313,0,3.2440000000000002
16314,0,3.2440000000000002
16315,-3.2986,3.2309999999999999
16316,-10.584,3.1993999999999998
16317,-16.660399999999999,3.1715
16318,-20.175999999999998,3.1528999999999998
16319,-24.5349,3.1324000000000001
16320,-28.168399999999998,3.1137999999999999
16321,-27.777699999999999,3.1082000000000001
16322,-30.729099999999999,3.0933000000000002
16323,-16.852599999999999,3.1436000000000002
16324,-21.682700000000001,3.125
16325,-20.932500000000001,3.1267999999999998
16326,-23.6111,3.1156000000000001
16327,-31.4236,3.0821999999999998
16328,-16.1768,3.1379999999999999
16329,-16.741,3.1360999999999999
16330,-13.0518,3.1509999999999998
16331,-15.9412,3.1417000000000002
16332,-17.5595,3.1343000000000001
16333,-19.7606,3.125
16334,-7.8930999999999996,3.1715
16335,-10.732799999999999,3.1621999999999999
16336,-4.2534000000000001,3.1882000000000001
16337,-0.4526,3.2086999999999999
16338,-8.9346999999999994,3.1751999999999998
16339,-18.867799999999999,3.1343000000000001
16340,-14.781700000000001,3.1473
16341,-6.5351999999999997,3.1808000000000001
16342,-6.5351999999999997,3.1825999999999999
16343,-6.5351999999999997,3.1825999999999999
16344,-6.5289999999999999,3.1844999999999999
16345,-6.5351999999999997,3.1844999999999999
16346,-7.7256,3.1808000000000001
16347,-11.414899999999999,3.1659000000000002
16348,-7.8930999999999996,3.1789000000000001
16349,-4.7432999999999996,3.1919
16350,0.44019999999999998,3.2161
16351,5.1338999999999997,3.2383999999999999
16352,6.0080999999999998,3.2458999999999998
16353,2.2010999999999998,3.2328000000000001
16354,15.190899999999999,3.2886000000000002
16355,16.561199999999999,3.2997999999999998
16356,20.076799999999999,3.3184
16357,14.639099999999999,3.3016999999999999
16358,13.5602,3.3016999999999999
16359,12.2395,3.2942
16360,10.559200000000001,3.2905000000000002
16361,6.1631,3.2738
16362,0,3.2458999999999998
16363,0,3.2440000000000002
16364,0,3.2421000000000002
16365,0,3.2421000000000002
16366,0,3.2421000000000002
16367,0,3.2421000000000002
16368,0,3.2421000000000002
16369,0,3.2421000000000002
16370,0,3.2421000000000002
16371,-8.2960999999999991,3.2086999999999999
16372,-10.615,3.1938
16373,-17.0014,3.1659000000000002
16374,-23.1708,3.1360999999999999
16375,-27.318899999999999,3.1156000000000001
16376,-32.1738,3.0914999999999999
16377,-39.924300000000002,3.0560999999999998
16378,-35.577800000000003,3.0653999999999999
16379,-11.743499999999999,3.1547000000000001
16380,-28.329599999999999,3.0933000000000002
16381,-24.491499999999998,3.1025999999999998
16382,-18.607299999999999,3.1267999999999998
16383,-6.5724,3.1751999999999998
16384,-3.1436000000000002,3.1919
16385,0,3.2105000000000001
16386,0.67579999999999996,3.2161
16387,1.3206,3.2216999999999998
16388,3.6829999999999998,3.2328000000000001
16389,17.633900000000001,3.2942
16390,18.043099999999999,3.3054000000000001
16391,15.283899999999999,3.2997999999999998
16392,12.115500000000001,3.2886000000000002
16393,8.8912999999999993,3.2774999999999999
16394,0,3.2403
16395,0,3.2383999999999999
16396,0,3.2383999999999999
16397,0,3.2366000000000001
16398,0,3.2366000000000001
16399,0,3.2383999999999999
16400,0,3.2383999999999999
16401,0,3.2366000000000001
16402,0,3.2383999999999999
16403,0,3.2383999999999999
16404,0,3.2383999999999999
16405,0,3.2383999999999999
16406,0,3.2383999999999999
16407,0,3.2383999999999999
16408,0,3.2383999999999999
16409,0,3.2383999999999999
16410,0,3.2383999999999999
16411,0,3.2403
16412,0,3.2403
16413,0,3.2403
16414,0,3.2403
16415,0,3.2403
16416,-10.453799999999999,3.1956000000000002
16417,-14.403499999999999,3.177
16418,-18.2911,3.1566000000000001
16419,-22.774000000000001,3.1343000000000001
16420,-28.571400000000001,3.1063000000000001
16421,-33.401499999999999,3.0840000000000001
16422,-39.924300000000002,3.0543
16423,-39.924300000000002,3.0487000000000002
16424,-22.017600000000002,3.1101000000000001
16425,-21.7819,3.1137999999999999
16426,-39.911900000000003,3.0430999999999999
16427,-28.366800000000001,3.0821999999999998
16428,-14.4221,3.1343000000000001
16429,-24.8139,3.097
16430,-10.819599999999999,3.1509999999999998
16431,-14.5213,3.1379999999999999
16432,-14.8003,3.1379999999999999
16433,-4.5758000000000001,3.1789000000000001
16434,-7.7256,3.1696
16435,-7.7751999999999999,3.1715
16436,-2.6598999999999999,3.1919
16437,-0.65100000000000002,3.2031000000000001
16438,-11.2227,3.1640000000000001
16439,-6.5476000000000001,3.1808000000000001
16440,0.48980000000000001,3.2124000000000001
16441,-4.4580000000000002,3.1919
16442,-4.3898000000000001,3.1938
16443,-2.4676999999999998,3.2012
16444,-6.2624000000000004,3.1882000000000001
16445,-6.2686000000000002,3.1882000000000001
16446,-6.2686000000000002,3.1882000000000001
16447,-6.2686000000000002,3.1882000000000001
16448,-6.2624000000000004,3.1882000000000001
16449,-2.4180999999999999,3.2031000000000001
16450,-8.0914999999999999,3.1825999999999999
16451,-8.1349,3.1808000000000001
16452,-11.011900000000001,3.1677
16453,-0.53939999999999999,3.2124000000000001
16454,-2.4119000000000002,3.2067999999999999
16455,-6.1692999999999998,3.1901000000000002
16456,-6.1692999999999998,3.1901000000000002
16457,-2.3809,3.2067999999999999
16458,-2.2940999999999998,3.2086999999999999
16459,-4.1417999999999999,3.2012
16460,5.9584999999999999,3.2440000000000002
16461,10.1686,3.2663000000000002
16462,13.082800000000001,3.2831000000000001
16463,13.802,3.2905000000000002
16464,14.8127,3.2978999999999998
16465,15.9102,3.3071999999999999
16466,13.2502,3.2997999999999998
16467,13.244,3.3016999999999999
16468,10.646000000000001,3.2905000000000002
16469,6.7645999999999997,3.2755999999999998
16470,0,3.2458999999999998
16471,0,3.2440000000000002
16472,0,3.2440000000000002
16473,0,3.2421000000000002
16474,0,3.2421000000000002
16475,0,3.2421000000000002
16476,0,3.2421000000000002
16477,0,3.2421000000000002
16478,0,3.2421000000000002
16479,-3.9434,3.2254
16480,-7.4962,3.2105000000000001
16481,-6.6158000000000001,3.2105000000000001
16482,-3.5838000000000001,3.2216999999999998
16483,-11.371499999999999,3.1882000000000001
16484,-7.056,3.2031000000000001
16485,-6.5724,3.2067999999999999
16486,-10.2554,3.1901000000000002
16487,-15.8172,3.1659000000000002
16488,-17.410699999999999,3.1547000000000001
16489,-16.294599999999999,3.1547000000000001
16490,-13.901199999999999,3.1640000000000001
16491,-13.454800000000001,3.1640000000000001
16492,-11.972899999999999,3.1696
16493,-13.299799999999999,3.1640000000000001
16494,-14.4221,3.1566000000000001
16495,-12.5372,3.1659000000000002
16496,-11.737299999999999,3.1677
16497,-8.6556999999999995,3.1789000000000001
16498,-5.2579000000000002,3.1938
16499,-3.7759999999999998,3.2012
16500,-3.7759999999999998,3.2031000000000001
16501,-3.7884000000000002,3.2031000000000001
16502,-3.7884000000000002,3.2067999999999999
16503,-3.7759999999999998,3.2067999999999999
16504,-11.7311,3.1732999999999998
16505,-6.2934000000000001,3.1919
16506,-6.3739999999999997,3.1938
16507,0.67579999999999996,3.2235
16508,0.67579999999999996,3.2273000000000001
16509,-0.73780000000000001,3.2216999999999998
16510,-3.7884000000000002,3.2105000000000001
16511,-3.7884000000000002,3.2105000000000001
16512,1.7608999999999999,3.2328000000000001
16513,6.1569000000000003,3.2551999999999999
16514,16.4434,3.3016999999999999
16515,13.244,3.2942
16516,10.639799999999999,3.2867999999999999
16517,0,3.2421000000000002
16518,0,3.2403
16519,0,3.2403
16520,0,3.2403
16521,0,3.2383999999999999
16522,0,3.2403
16523,0,3.2383999999999999
16524,0,3.2383999999999999
16525,0,3.2383999999999999
16526,0,3.2383999999999999
16527,0,3.2403
16528,0,3.2403
16529,0,3.2403
16530,0,3.2403
16531,0,3.2403
16532,0,3.2403
16533,0,3.2403
16534,0,3.2403
16535,0,3.2403
16536,0,3.2421000000000002
16537,-10.4476,3.1974999999999998
16538,-14.415900000000001,3.177
16539,-18.2973,3.1566000000000001
16540,-22.538399999999999,3.1360999999999999
16541,-13.256399999999999,3.1696
16542,-13.0146,3.1696
16543,-10.9747,3.177
16544,-2.1019000000000001,3.2141999999999999
16545,-2.1019000000000001,3.2161
16546,-6.2624000000000004,3.1993999999999998
16547,-4.1045999999999996,3.2105000000000001
16548,-2.1019000000000001,3.218
16549,-0.124,3.2273000000000001
16550,1.0044,3.2347000000000001
16551,-1.1035999999999999,3.2273000000000001
16552,0.2356,3.2328000000000001
16553,-6.2126999999999999,3.2086999999999999
16554,-3.1745999999999999,3.218
16555,-1.1035999999999999,3.2273000000000001
16556,0.56420000000000003,3.2347000000000001
16557,-1.054,3.2290999999999999
16558,-2.0089000000000001,3.2254
16559,-3.0194999999999999,3.2216999999999998
16560,-6.2126999999999999,3.2086999999999999
16561,-7.2172000000000001,3.2012
16562,-10.416600000000001,3.1863000000000001
16563,-8.8975000000000009,3.1901000000000002
16564,-12.487500000000001,3.1751999999999998
16565,-10.9437,3.1789000000000001
16566,-3.8999999999999999,3.2086999999999999
16567,-3.9434,3.2105000000000001
16568,-7.6946000000000003,3.1938
16569,-7.5023999999999997,3.1938
16570,-7.6139999999999999,3.1919
16571,-4.5324,3.2067999999999999
16572,-3.1745999999999999,3.2124000000000001
16573,-3.1808000000000001,3.2141999999999999
16574,-5.2950999999999997,3.2031000000000001
16575,-14.9429,3.1640000000000001
16576,-20.461300000000001,3.1360999999999999
16577,-15.2157,3.1528999999999998
16578,-10.77,3.1715
16579,-10.410399999999999,3.1732999999999998
16580,3.9247999999999998,3.2328000000000001
16581,17.621500000000001,3.2978999999999998
16582,16.158200000000001,3.3016999999999999
16583,13.039400000000001,3.2924000000000002
16584,9.6850000000000005,3.2812000000000001
16585,0,3.2403
16586,0,3.2403
16587,0,3.2383999999999999
16588,0,3.2383999999999999
16589,0,3.2383999999999999
16590,0,3.2383999999999999
16591,0,3.2383999999999999
16592,0,3.2383999999999999
16593,0,3.2383999999999999
16594,0,3.2403
16595,0,3.2403
16596,0,3.2403
16597,0,3.2403
16598,0,3.2403
16599,0,3.2403
16600,0,3.2403
16601,0,3.2403
16602,0,3.2403
16603,0,3.2403
16604,0,3.2421000000000002
16605,0,3.2421000000000002
16606,0,3.2421000000000002
16607,0,3.2421000000000002
16608,0,3.2421000000000002
16609,0,3.2421000000000002
16610,0,3.2421000000000002
16611,0,3.2421000000000002
16612,0,3.2421000000000002
16613,0,3.2421000000000002
16614,-6.4298000000000002,3.2161
16615,-8.1287000000000003,3.2067999999999999
16616,-17.0944,3.1677
16617,-13.857799999999999,3.1751999999999998
16618,-16.3566,3.1621999999999999
16619,-11.972899999999999,3.177
16620,-11.607100000000001,3.177
16621,-19.971399999999999,3.1417000000000002
16622,-21.571100000000001,3.1305000000000001
16623,-16.492999999999999,3.1473
16624,-15.686999999999999,3.1490999999999998
16625,-15.4017,3.1490999999999998
16626,-17.497499999999999,3.1417000000000002
16627,-13.454800000000001,3.1547000000000001
16628,-7.5830000000000002,3.1808000000000001
16629,-9.1268999999999991,3.1751999999999998
16630,-5.6299000000000001,3.1901000000000002
16631,-5.6547000000000001,3.1919
16632,-4.0922000000000001,3.1993999999999998
16633,-6.5351999999999997,3.1901000000000002
16634,-5.6856999999999998,3.1938
16635,-4.1417999999999999,3.2012
16636,1.2462,3.2254
16637,1.24,3.2290999999999999
16638,10.0632,3.27
16639,11.1731,3.2793000000000001
16640,13.312200000000001,3.2905000000000002
16641,7.8061999999999996,3.2719
16642,6.2003000000000004,3.2682000000000002
16643,7.6078000000000001,3.2738
16644,0,3.2421000000000002
16645,0,3.2403
16646,0,3.2403
16647,0,3.2403
16648,0,3.2403
16649,0,3.2403
16650,0,3.2403
16651,0,3.2403
16652,0,3.2403
16653,0,3.2403
16654,0,3.2403
16655,0,3.2403
16656,0,3.2403
16657,0,3.2403
16658,0,3.2403
16659,0,3.2403
16660,0,3.2403
16661,0,3.2421000000000002
16662,-4.5262000000000002,3.2235
16663,-6.2126999999999999,3.2141999999999999
16664,-3.8193999999999999,3.2235
16665,-6.9320000000000004,3.2105000000000001
16666,-13.9694,3.177
16667,-13.6036,3.1751999999999998
16668,-15.935,3.1640000000000001
16669,-10.180999999999999,3.1825999999999999
16670,-16.257400000000001,3.1566000000000001
16671,-5.0533000000000001,3.2012
16672,-0.1178,3.2254
16673,-2.0213000000000001,3.2198000000000002
16674,-16.8154,3.1566000000000001
16675,-11.8241,3.1751999999999998
16676,-11.414899999999999,3.1751999999999998
16677,-16.896000000000001,3.1490999999999998
16678,-14.0749,3.1602999999999999
16679,-3.1808000000000001,3.2031000000000001
16680,0.79979999999999996,3.2254
16681,-10.180999999999999,3.1808000000000001
16682,-10.460000000000001,3.177
16683,-5.5803000000000003,3.1956000000000002
16684,4.0488,3.2383999999999999
16685,3.5714000000000001,3.2421000000000002
16686,4.4889999999999999,3.2477
16687,11.055300000000001,3.2793000000000001
16688,10.9312,3.2831000000000001
16689,8.1225000000000005,3.2755999999999998
16690,0,3.2403
16691,0,3.2403
16692,0,3.2403
16693,0,3.2403
16694,0,3.2383999999999999
16695,0,3.2383999999999999
16696,-0.124,3.2383999999999999
16697,-8.6681000000000008,3.2012
16698,-10.6088,3.1901000000000002
16699,-16.585999999999999,3.1640000000000001
16700,-20.337299999999999,3.1417000000000002
16701,-11.972899999999999,3.1732999999999998
16702,-17.416899999999998,3.1490999999999998
16703,-18.861599999999999,3.1398000000000001
16704,-17.212299999999999,3.1436000000000002
16705,-21.7013,3.125
16706,-20.913900000000002,3.125
16707,-19.9404,3.1267999999999998
16708,-16.1768,3.1398000000000001
16709,-16.896000000000001,3.1360999999999999
16710,-11.8179,3.1566000000000001
16711,-10.732799999999999,3.1621999999999999
16712,-8.0667000000000009,3.1751999999999998
16713,-9.6167999999999996,3.1696
16714,-8.3332999999999995,3.1751999999999998
16715,-4.4580000000000002,3.1919
16716,0,3.2141999999999999
16717,-2.7404999999999999,3.2031000000000001
16718,-1.1035999999999999,3.2124000000000001
16719,1.3206,3.2254
16720,2.5607000000000002,3.2328000000000001
16721,6.7274000000000003,3.2532999999999999
16722,10.7142,3.2738
16723,10.044600000000001,3.2755999999999998
16724,11.6691,3.2848999999999999
16725,9.7904,3.2793000000000001
16726,5.2020999999999997,3.2625999999999999
16727,6.6406000000000001,3.27
16728,0,3.2403
16729,0,3.2403
16730,0,3.2383999999999999
16731,0,3.2383999999999999
16732,-0.4526,3.2366000000000001
16733,0,3.2383999999999999
16734,0,3.2383999999999999
16735,-9.5733999999999995,3.1974999999999998
16736,-10.6212,3.1882000000000001
16737,-17.788900000000002,3.1566000000000001
16738,-23.921099999999999,3.1267999999999998
16739,-24.138100000000001,3.1212
16740,-16.0962,3.1473
16741,-10.3794,3.1715
16742,-13.0022,3.1621999999999999
16743,-14.223699999999999,3.1528999999999998
16744,-15.7676,3.1473
16745,-16.486799999999999,3.1417000000000002
16746,-25.248000000000001,3.1044999999999998
16747,-22.9786,3.1101000000000001
16748,-16.8216,3.1324000000000001
16749,-10.9499,3.1566000000000001
16750,-8.1844999999999999,3.1715
16751,-12.251899999999999,3.1528999999999998
16752,-4.5324,3.1863000000000001
16753,-4.5385999999999997,3.1901000000000002
16754,-2.8521000000000001,3.1974999999999998
16755,0,3.2141999999999999
16756,-1.1284000000000001,3.2105000000000001
16757,-4.3339999999999996,3.1974999999999998
16758,-4.3277999999999999,3.1974999999999998
16759,-2.7404999999999999,3.2067999999999999
16760,2.0026999999999999,3.2273000000000001
16761,-2.6227,3.2105000000000001
16762,-4.1417999999999999,3.2031000000000001
16763,-4.1417999999999999,3.2012
16764,-4.1417999999999999,3.2031000000000001
16765,-4.1417999999999999,3.2012
16766,-4.1479999999999997,3.2012
16767,-5.7786999999999997,3.1956000000000002
16768,-9.4990000000000006,3.1808000000000001
16769,-11.1731,3.1715
16770,-25.446400000000001,3.1082000000000001
16771,-19.332799999999999,3.1286999999999998
16772,-19.735800000000001,3.125
16773,-20.4985,3.1194000000000002
16774,-5.7849000000000004,3.1789000000000001
16775,-14.415900000000001,3.1454
16776,-11.966699999999999,3.1528999999999998
16777,-10.4476,3.1621999999999999
16778,-4.0983999999999998,3.1882000000000001
16779,-2.1825000000000001,3.1974999999999998
16780,-5.8531000000000004,3.1844999999999999
16781,-3.9744000000000002,3.1938
16782,-0.29139999999999999,3.2105000000000001
16783,1.3206,3.2198000000000002
16784,-3.9371999999999998,3.1993999999999998
16785,1.3206,3.2235
16786,1.3206,3.2254
16787,-3.6147999999999998,3.2067999999999999
16788,-0.1178,3.2198000000000002
16789,-3.5341999999999998,3.2067999999999999
16790,4.6440000000000001,3.2403
16791,2.0398999999999998,3.2328000000000001
16792,-3.1560000000000001,3.2124000000000001
16793,-4.8177000000000003,3.2031000000000001
16794,-4.8177000000000003,3.2012
16795,-4.8177000000000003,3.2012
16796,0,3.2235
16797,-3.0257000000000001,3.2124000000000001
16798,-4.6875,3.2031000000000001
16799,-1.2958000000000001,3.218
16800,0.67579999999999996,3.2273000000000001
16801,2.6351,3.2383999999999999
16802,1.3206,3.2347000000000001
16803,2.6040999999999999,3.2403
16804,7.9612999999999996,3.2663000000000002
16805,9.5609999999999999,3.2755999999999998
16806,8.7052999999999994,3.2755999999999998
16807,6.5599999999999996,3.2682000000000002
16808,5.2020999999999997,3.2645
16809,-2.3809,3.2309999999999999
16810,-11.414899999999999,3.1901000000000002
16811,-10.8506,3.1863000000000001
16812,-7.8993000000000002,3.1956000000000002
16813,-8.9284999999999997,3.1901000000000002
16814,-10.1004,3.1844999999999999
16815,-10.422800000000001,3.1808000000000001
16816,-12.704599999999999,3.1696
16817,-15.829599999999999,3.1528999999999998
16818,-16.5364,3.1473
16819,-11.5885,3.1659000000000002
16820,-3.9496000000000002,3.1974999999999998
16821,-6.2624000000000004,3.1901000000000002
16822,-6.2934000000000001,3.1919
16823,-6.4298000000000002,3.1901000000000002
16824,-11.6257,3.1696
16825,-8.1349,3.1825999999999999
16826,-13.5726,3.1602999999999999
16827,-6.1692999999999998,3.1882000000000001
16828,-6.2188999999999997,3.1882000000000001
16829,-6.2126999999999999,3.1901000000000002
16830,-2.9388999999999998,3.2031000000000001
16831,4.3650000000000002,3.2366000000000001
16832,2.0089000000000001,3.2309999999999999
16833,1.3206,3.2309999999999999
16834,6.0762999999999998,3.2532999999999999
16835,3.1993999999999998,3.2421000000000002
16836,1.24,3.2366000000000001
16837,-7.2977999999999996,3.1974999999999998
16838,-7.4156000000000004,3.1956000000000002
16839,-8.9408999999999992,3.1882000000000001
16840,-6.2624000000000004,3.1956000000000002
16841,-10.615,3.1789000000000001
16842,-12.4937,3.1677
16843,-11.5017,3.1696
16844,-7.9737,3.1825999999999999
16845,-11.935700000000001,3.1659000000000002
16846,-12.295299999999999,3.1640000000000001
16847,-7.0498000000000003,3.1844999999999999
16848,-2.9388999999999998,3.2012
16849,-2.9388999999999998,3.2031000000000001
16850,-2.8521000000000001,3.2067999999999999
16851,0.72540000000000004,3.2235
16852,0.72540000000000004,3.2254
16853,-2.7404999999999999,3.2124000000000001
16854,-4.2906000000000004,3.2067999999999999
16855,0.72540000000000004,3.2273000000000001
16856,0.72540000000000004,3.2290999999999999
16857,1.9655,3.2347000000000001
16858,-9.0525000000000002,3.1882000000000001
16859,-10.6584,3.1789000000000001
16860,-7.9798999999999998,3.1882000000000001
16861,-6.6529999999999996,3.1919
16862,-1.1035999999999999,3.218
16863,-6.6529999999999996,3.1938
16864,-4.2968000000000002,3.2031000000000001
16865,-4.2968000000000002,3.2031000000000001
16866,0,3.2235
16867,0.1116,3.2254
16868,1.3206,3.2328000000000001
16869,0.124,3.2273000000000001
16870,-2.5731000000000002,3.218
16871,-4.1417999999999999,3.2105000000000001
16872,-4.1479999999999997,3.2105000000000001
16873,-0.93620000000000003,3.2235
16874,-2.4615,3.218
16875,-4.0922000000000001,3.2105000000000001
16876,0,3.2273000000000001
16877,0.124,3.2290999999999999
16878,-3.8999999999999999,3.2124000000000001
16879,-7.7317999999999998,3.1956000000000002
16880,-2.4119000000000002,3.2161
16881,0.155,3.2273000000000001
16882,3.7635999999999998,3.2440000000000002
16883,4.7247000000000003,3.2532999999999999
16884,5.8902999999999999,3.2606999999999999
16885,1.6865000000000001,3.2421000000000002
16886,-2.8210999999999999,3.2235
16887,-3.9062000000000001,3.218
16888,-13.026999999999999,3.177
16889,-12.351100000000001,3.1751999999999998
16890,-10.863,3.1789000000000001
16891,-5.7786999999999997,3.1974999999999998
16892,-5.8159000000000001,3.1974999999999998
16893,-10.0136,3.1808000000000001
16894,-6.0576999999999996,3.1956000000000002
16895,-5.3013000000000003,3.1993999999999998
16896,-5.3323,3.1993999999999998
16897,-6.2126999999999999,3.1956000000000002
16898,0.16120000000000001,3.2235
16899,-0.73780000000000001,3.2216999999999998
16900,-3.7759999999999998,3.2105000000000001
16901,-3.7884000000000002,3.2105000000000001
16902,0.155,3.2273000000000001
16903,-0.69440000000000002,3.2254
16904,-0.69440000000000002,3.2254
16905,-3.5899999999999999,3.2141999999999999
16906,-5.8593000000000002,3.2012
16907,-10.0632,3.1844999999999999
16908,-3.7884000000000002,3.2086999999999999
16909,0.68200000000000005,3.2290999999999999
16910,-3.7016,3.2124000000000001
16911,1.2462,3.2328000000000001
16912,-8.5007000000000001,3.1919
16913,-11.4087,3.177
16914,-10.2988,3.1789000000000001
16915,1.2462,3.2273000000000001
16916,4.8487,3.2458999999999998
16917,10.5654,3.2755999999999998
16918,8.8850999999999996,3.2738
16919,13.119999999999999,3.2942
16920,10.4352,3.2867999999999999
16921,7.2729999999999997,3.2755999999999998
16922,0,3.2440000000000002
16923,0,3.2421000000000002
16924,0,3.2421000000000002
16925,0,3.2403
16926,0,3.2403
16927,0,3.2403
16928,-6.4236000000000004,3.2141999999999999
16929,-9.6601999999999997,3.1956000000000002
16930,-20.5047,3.1473
16931,-22.0548,3.1343000000000001
16932,-26.246200000000002,3.1101000000000001
16933,-20.808499999999999,3.1286999999999998
16934,-12.3697,3.1621999999999999
16935,-15.606299999999999,3.1473
16936,-13.485799999999999,3.1547000000000001
16937,-12.1775,3.1602999999999999
16938,-14.415900000000001,3.1490999999999998
16939,-21.0503,3.1212
16940,-26.6493,3.0952000000000002
16941,-19.134399999999999,3.1212
16942,-11.786899999999999,3.1509999999999998
16943,-8.2527000000000008,3.1677
16944,-6.0205000000000002,3.1789000000000001
16945,-4.4518000000000004,3.1882000000000001
16946,-4.4518000000000004,3.1901000000000002
16947,3.6023999999999998,3.2273000000000001
16948,-1.0602,3.2105000000000001
16949,0,3.2161
16950,0.72540000000000004,3.2216999999999998
16951,0.124,3.2216999999999998
16952,1.2462,3.2273000000000001
16953,0.124,3.2235
16954,1.24,3.2290999999999999
16955,5.7538999999999998,3.2513999999999998
16956,10.5654,3.2738
16957,1.24,3.2366000000000001
16958,-2.7776999999999998,3.2198000000000002
16959,-6.2624000000000004,3.2012
16960,-10.6584,3.1825999999999999
16961,-9.1021000000000001,3.1844999999999999
16962,-0.50219999999999998,3.2216999999999998
16963,-3.2118000000000002,3.2124000000000001
16964,-5.4191000000000003,3.2012
16965,0.2356,3.2254
16966,-3.2056,3.2124000000000001
16967,-3.2118000000000002,3.2124000000000001
16968,-12.3759,3.1732999999999998
16969,-9.5609999999999999,3.1808000000000001
16970,-11.1669,3.1715
16971,-5.9832999999999998,3.1919
16972,-7.4279999999999999,3.1863000000000001
16973,-8.9346999999999994,3.1808000000000001
16974,-5.4562999999999997,3.1938
16975,-2.3809,3.2086999999999999
16976,1.24,3.2254
16977,3.6892,3.2383999999999999
16978,0.68200000000000005,3.2290999999999999
16979,1.1966000000000001,3.2328000000000001
16980,0.2356,3.2290999999999999
16981,0.68200000000000005,3.2309999999999999
16982,1.2834000000000001,3.2347000000000001
16983,0.72540000000000004,3.2328000000000001
16984,4.4828000000000001,3.2513999999999998
16985,13.1076,3.2905000000000002
16986,11.3963,3.2867999999999999
16987,8.2402999999999995,3.2774999999999999
16988,0,3.2421000000000002
16989,0,3.2403
16990,0,3.2403
16991,0,3.2383999999999999
16992,0,3.2383999999999999
16993,0,3.2383999999999999
16994,0,3.2383999999999999
16995,0,3.2383999999999999
16996,0,3.2383999999999999
16997,0,3.2383999999999999
16998,0,3.2383999999999999
16999,0,3.2383999999999999
17000,0,3.2383999999999999
17001,0,3.2383999999999999
17002,0,3.2383999999999999
17003,0,3.2403
17004,0,3.2383999999999999
17005,0,3.2403
17006,0,3.2403
17007,0,3.2403
17008,0,3.2403
17009,0,3.2403
17010,0,3.2403
17011,0,3.2403
17012,0,3.2403
17013,0,3.2403
17014,0,3.2403
17015,0,3.2403
17016,0,3.2403
17017,0,3.2403
17018,0,3.2403
17019,0,3.2403
17020,0,3.2421000000000002
17021,-3.9434,3.2254
17022,-9.0214999999999996,3.2012
17023,-15.9598,3.1696
17024,-19.617999999999999,3.1473
17025,-23.9831,3.125
17026,-27.703299999999999,3.1044999999999998
17027,-15.2963,3.1490999999999998
17028,-16.573599999999999,3.1436000000000002
17029,-20.6907,3.125
17030,-16.331800000000001,3.1398000000000001
17031,-15.1351,3.1454
17032,-13.132400000000001,3.1509999999999998
17033,-13.6532,3.1490999999999998
17034,-15.5815,3.1417000000000002
17035,-7.6139999999999999,3.1751999999999998
17036,-11.427300000000001,3.1602999999999999
17037,-10.863,3.1621999999999999
17038,-9.6167999999999996,3.1677
17039,0,3.2105000000000001
17040,1.3206,3.2198000000000002
17041,1.3206,3.2216999999999998
17042,-4.0612000000000004,3.1993999999999998
17043,2.7281,3.2309999999999999
17044,9.7904,3.2645
17045,10.2864,3.2719
17046,4.1356000000000002,3.2477
17047,3.4039999999999999,3.2458999999999998
17048,11.569900000000001,3.2831000000000001
17049,10.925000000000001,3.2831000000000001
17050,7.4032,3.2719
17051,2.3995000000000002,3.2513999999999998
17052,0.56420000000000003,3.2421000000000002
17053,0,3.2383999999999999
17054,0,3.2383999999999999
17055,0,3.2383999999999999
17056,0,3.2366000000000001
17057,-0.52080000000000004,3.2347000000000001
17058,-2.1762999999999999,3.2290999999999999
17059,-2.2134999999999998,3.2273000000000001
17060,0,3.2366000000000001
17061,-0.52700000000000002,3.2347000000000001
17062,0,3.2366000000000001
17063,0,3.2366000000000001
17064,0,3.2366000000000001
17065,0,3.2383999999999999
17066,0,3.2383999999999999
17067,0,3.2383999999999999
17068,0,3.2383999999999999
17069,-0.22320000000000001,3.2366000000000001
17070,-1.7733000000000001,3.2309999999999999
17071,-3.3854000000000002,3.2235
17072,-6.5724,3.2086999999999999
17073,-15.054500000000001,3.1715
17074,-17.249500000000001,3.1547000000000001
17075,-20.182200000000002,3.1379999999999999
17076,-9.8399999999999999,3.1789000000000001
17077,-5.4191000000000003,3.1974999999999998
17078,-13.808199999999999,3.1640000000000001
17079,-19.816400000000002,3.1343000000000001
17080,-20.101600000000001,3.1286999999999998
17081,-13.0642,3.1547000000000001
17082,-5.1463000000000001,3.1901000000000002
17083,-3.9434,3.1974999999999998
17084,-3.9744000000000002,3.1974999999999998
17085,-6.2126999999999999,3.1901000000000002
17086,-11.786899999999999,3.1677
17087,-9.0959000000000003,3.1751999999999998
17088,-12.5372,3.1621999999999999
17089,-11.743499999999999,3.1621999999999999
17090,-10.057,3.1696
17091,-2.2631000000000001,3.2012
17092,-2.2134999999999998,3.2067999999999999
17093,-6.0143000000000004,3.1901000000000002
17094,-8.8975000000000009,3.177
17095,-9.0587,3.177
17096,-6.3802000000000003,3.1863000000000001
17097,-9.2942999999999998,3.1751999999999998
17098,-6.2126999999999999,3.1863000000000001
17099,-7.6946000000000003,3.1808000000000001
17100,-5.5740999999999996,3.1882000000000001
17101,-4.0549999999999997,3.1974999999999998
17102,-4.0612000000000004,3.1974999999999998
17103,-2.4615,3.2067999999999999
17104,-2.4615,3.2067999999999999
17105,-3.9805999999999999,3.1993999999999998
17106,0,3.2198000000000002
17107,-2.5421,3.2105000000000001
17108,0.68820000000000003,3.2235
17109,1.2462,3.2290999999999999
17110,3.7635999999999998,3.2403
17111,4.7247000000000003,3.2477
17112,10.038399999999999,3.2738
17113,6.4050000000000002,3.2625999999999999
17114,10.7948,3.2831000000000001
17115,4.8859000000000004,3.2606999999999999
17116,6.3616000000000001,3.2663000000000002
17117,7.5644,3.2738
17118,0,3.2403
17119,0,3.2403
17120,0,3.2383999999999999
17121,0,3.2383999999999999
17122,0,3.2383999999999999
17123,0,3.2383999999999999
17124,0,3.2383999999999999
17125,0,3.2383999999999999
17126,0,3.2383999999999999
17127,0,3.2383999999999999
17128,0,3.2383999999999999
17129,0,3.2383999999999999
17130,0,3.2383999999999999
17131,0,3.2383999999999999
17132,0,3.2383999999999999
17133,0,3.2383999999999999
17134,0,3.2383999999999999
17135,0,3.2383999999999999
17136,0,3.2383999999999999
17137,-6.7336,3.2105000000000001
17138,-10.6212,3.1901000000000002
17139,-16.0838,3.1640000000000001
17140,-22.259399999999999,3.1324000000000001
17141,-26.450800000000001,3.1082000000000001
17142,-31.343,3.0840000000000001
17143,-27.325099999999999,3.0933000000000002
17144,-24.1753,3.1025999999999998
17145,-9.2942999999999998,3.1640000000000001
17146,1.2090000000000001,3.2124000000000001
17147,1.1966000000000001,3.218
17148,12.289099999999999,3.27
17149,13.405200000000001,3.2831000000000001
17150,10.801,3.2774999999999999
17151,7.1180000000000003,3.2645
17152,0,3.2347000000000001
17153,0,3.2328000000000001
17154,0,3.2328000000000001
17155,0,3.2328000000000001
17156,0,3.2328000000000001
17157,0,3.2328000000000001
17158,0,3.2328000000000001
17159,0,3.2347000000000001
17160,0,3.2347000000000001
17161,0,3.2347000000000001
17162,0,3.2347000000000001
17163,0,3.2347000000000001
17164,0,3.2347000000000001
17165,-0.73780000000000001,3.2328000000000001
17166,-4.2968000000000002,3.218
17167,-6.5785999999999998,3.2067999999999999
17168,-9.6912000000000003,3.1901000000000002
17169,-18.0989,3.1509999999999998
17170,-15.1351,3.1602999999999999
17171,-8.1349,3.1844999999999999
17172,-2.5358999999999998,3.2105000000000001
17173,0.44019999999999998,3.2254
17174,-3.2986,3.2124000000000001
17175,-3.8999999999999999,3.2105000000000001
17176,-1.4942,3.2198000000000002
17177,-8.1783000000000001,3.1919
17178,-13.3432,3.1677
17179,-14.6515,3.1566000000000001
17180,-16.2822,3.1473
17181,-13.132400000000001,3.1566000000000001
17182,-15.4823,3.1473
17183,-7.9364999999999997,3.177
17184,-6.2686000000000002,3.1863000000000001
17185,-2.7404999999999999,3.2012
17186,0.2356,3.218
17187,0.2356,3.2216999999999998
17188,-6.4236000000000004,3.1919
17189,-6.25,3.1919
17190,-5.1029,3.1956000000000002
17191,-1.5749,3.2124000000000001
17192,-0.33479999999999999,3.2198000000000002
17193,-0.34100000000000003,3.2216999999999998
17194,-2.7776999999999998,3.2124000000000001
17195,-1.5810999999999999,3.2161
17196,5.3943000000000003,3.2477
17197,1.6059000000000001,3.2347000000000001
17198,0.28520000000000001,3.2309999999999999
17199,-6.8513999999999999,3.1993999999999998
17200,-4.6936999999999998,3.2067999999999999
17201,-4.7432999999999996,3.2067999999999999
17202,1.1160000000000001,3.2309999999999999
17203,8.2774999999999999,3.2645
17204,7.0002000000000004,3.2645
17205,7.2110000000000003,3.2682000000000002
17206,0,3.2366000000000001
17207,0,3.2347000000000001
17208,0,3.2347000000000001
17209,0,3.2347000000000001
17210,0,3.2366000000000001
17211,0,3.2347000000000001
17212,0,3.2347000000000001
17213,0,3.2347000000000001
17214,0,3.2347000000000001
17215,0,3.2366000000000001
17216,0,3.2366000000000001
17217,0,3.2366000000000001
17218,0,3.2366000000000001
17219,0,3.2366000000000001
17220,-3.2924000000000002,3.2235
17221,-0.4526,3.2347000000000001
17222,-0.4526,3.2347000000000001
17223,-0.4526,3.2347000000000001
17224,-0.44640000000000002,3.2347000000000001
17225,-2.2321,3.2273000000000001
17226,-4.7061000000000002,3.2161
17227,-3.5341999999999998,3.2198000000000002
17228,-3.5341999999999998,3.2198000000000002
17229,-4.5076000000000001,3.2141999999999999
17230,-9.4494000000000007,3.1919
17231,-11.507899999999999,3.1808000000000001
17232,-4.1417999999999999,3.2105000000000001
17233,0,3.2290999999999999
17234,0,3.2309999999999999
17235,0,3.2309999999999999
17236,-6.5785999999999998,3.2031000000000001
17237,-13.814399999999999,3.1715
17238,-22.017600000000002,3.1305000000000001
17239,-26.810500000000001,3.1044999999999998
17240,-25.216999999999999,3.1044999999999998
17241,-17.491299999999999,3.1324000000000001
17242,-11.0181,3.1602999999999999
17243,-7.5396000000000001,3.1751999999999998
17244,-12.1031,3.1566000000000001
17245,-10.615,3.1640000000000001
17246,-9.6167999999999996,3.1677
17247,-8.5007000000000001,3.1732999999999998
17248,-3.621,3.1938
17249,1.2462,3.218
17250,1.2090000000000001,3.2216999999999998
17251,-3.4226000000000001,3.2031000000000001
17252,-3.4163999999999999,3.2012
17253,-3.4102000000000001,3.2031000000000001
17254,-3.4226000000000001,3.2031000000000001
17255,-3.4163999999999999,3.2031000000000001
17256,-9.5609999999999999,3.177
17257,-5.0223000000000004,3.1938
17258,-8.5007000000000001,3.1808000000000001
17259,-5.9089,3.1901000000000002
17260,-7.3722000000000003,3.1844999999999999
17261,-8.9037000000000006,3.177
17262,-6.2188999999999997,3.1863000000000001
17263,-5.4562999999999997,3.1901000000000002
17264,-7.7317999999999998,3.1808000000000001
17265,-6.4236000000000004,3.1863000000000001
17266,-13.864000000000001,3.1528999999999998
17267,-28.447399999999998,3.0914999999999999
17268,8.8912999999999993,3.2421000000000002
17269,-27.2941,3.0952000000000002
17270,-6.2126999999999999,3.177
17271,-2.9264999999999999,3.1938
17272,5.0842999999999998,3.2328000000000001
17273,19.0352,3.2997999999999998
17274,17.677299999999999,3.3035000000000001
17275,15.0421,3.2978999999999998
17276,11.923299999999999,3.2867999999999999
17277,8.6494999999999997,3.2755999999999998
17278,0,3.2383999999999999
17279,0,3.2366000000000001
17280,0,3.2347000000000001
17281,0,3.2347000000000001
17282,0,3.2347000000000001
17283,0,3.2347000000000001
17284,0,3.2347000000000001
17285,0,3.2347000000000001
17286,0,3.2347000000000001
17287,0,3.2347000000000001
17288,0,3.2347000000000001
17289,0,3.2347000000000001
17290,0,3.2347000000000001
17291,0,3.2347000000000001
17292,0,3.2347000000000001
17293,0,3.2366000000000001
17294,0,3.2366000000000001
17295,0,3.2366000000000001
17296,0,3.2366000000000001
17297,0,3.2366000000000001
17298,0,3.2366000000000001
17299,0,3.2366000000000001
17300,0,3.2366000000000001
17301,0,3.2366000000000001
17302,0,3.2366000000000001
17303,0,3.2383999999999999
17304,0,3.2383999999999999
17305,0,3.2383999999999999
17306,-4.8611000000000004,3.218
17307,-10.5778,3.1901000000000002
17308,-17.776499999999999,3.1547000000000001
17309,-18.619700000000002,3.1454
17310,-16.492999999999999,3.1490999999999998
17311,-14.9863,3.1528999999999998
17312,-9.4928000000000008,3.1751999999999998
17313,-26.047799999999999,3.1044999999999998
17314,-7.0187999999999997,3.1789000000000001
17315,-14.0562,3.1509999999999998
17316,-11.061500000000001,3.1640000000000001
17317,-2.7776999999999998,3.1974999999999998
17318,-20.6907,3.125
17319,1.2090000000000001,3.2141999999999999
17320,0.79979999999999996,3.218
17321,0.72540000000000004,3.2216999999999998
17322,1.2090000000000001,3.2254
17323,1.6431,3.2290999999999999
17324,1.1966000000000001,3.2290999999999999
17325,0.67579999999999996,3.2273000000000001
17326,4.0860000000000003,3.2440000000000002
17327,3.4039999999999999,3.2440000000000002
17328,3.0505,3.2440000000000002
17329,2.8397000000000001,3.2440000000000002
17330,4.2843999999999998,3.2532999999999999
17331,7.4775999999999998,3.2682000000000002
17332,0,3.2366000000000001
17333,0,3.2347000000000001
17334,0,3.2347000000000001
17335,0,3.2347000000000001
17336,0,3.2347000000000001
17337,0,3.2347000000000001
17338,0,3.2347000000000001
17339,0,3.2347000000000001
17340,0,3.2347000000000001
17341,0,3.2366000000000001
17342,0,3.2347000000000001
17343,0,3.2347000000000001
17344,0,3.2366000000000001
17345,0,3.2366000000000001
17346,0,3.2366000000000001
17347,0,3.2366000000000001
17348,0,3.2366000000000001
17349,0,3.2366000000000001
17350,0,3.2366000000000001
17351,0,3.2366000000000001
17352,0,3.2366000000000001
17353,0,3.2383999999999999
17354,0,3.2383999999999999
17355,0,3.2383999999999999
17356,0,3.2383999999999999
17357,0,3.2383999999999999
17358,0,3.2383999999999999
17359,0,3.2383999999999999
17360,0,3.2383999999999999
17361,0,3.2383999999999999
17362,0,3.2383999999999999
17363,-9.5609999999999999,3.1974999999999998
17364,-9.4122000000000003,3.1938
17365,-15.2963,3.1659000000000002
17366,-18.6569,3.1454
17367,-21.093699999999998,3.1324000000000001
17368,-23.319600000000001,3.1175000000000002
17369,-6.2934000000000001,3.1863000000000001
17370,-9.2570999999999994,3.1751999999999998
17371,-27.777699999999999,3.097
17372,-13.0952,3.1509999999999998
17373,-10.5778,3.1640000000000001
17374,-4.5262000000000002,3.1901000000000002
17375,0.79979999999999996,3.2161
17376,1.6802999999999999,3.2235
17377,1.6802999999999999,3.2273000000000001
17378,1.2090000000000001,3.2273000000000001
17379,1.5996999999999999,3.2309999999999999
17380,11.4087,3.2755999999999998
17381,7.1242000000000001,3.2625999999999999
17382,-1.7733000000000001,3.2254
17383,-4.5324,3.2124000000000001
17384,-4.6688000000000001,3.2105000000000001
17385,-6.0143000000000004,3.2012
17386,-11.972899999999999,3.1751999999999998
17387,-20.089200000000002,3.1360999999999999
17388,-22.2532,3.1212
17389,-20.4923,3.1231
17390,-5.3323,3.1844999999999999
17391,-0.496,3.2105000000000001
17392,-1.8539000000000001,3.2067999999999999
17393,5.6733000000000002,3.2421000000000002
17394,10.639799999999999,3.27
17395,7.2854000000000001,3.2606999999999999
17396,4.0797999999999996,3.2477
17397,-1.8973,3.2235
17398,-17.689699999999998,3.1509999999999998
17399,-21.775700000000001,3.1267999999999998
17400,-20.820900000000002,3.1267999999999998
17401,-21.013100000000001,3.1212
17402,-15.2157,3.1398000000000001
17403,-8.5441000000000003,3.1696
17404,-7.335,3.1751999999999998
17405,-5.2765000000000004,3.1863000000000001
17406,0.68200000000000005,3.2141999999999999
17407,-2.1825000000000001,3.2031000000000001
17408,-5.9150999999999998,3.1882000000000001
17409,-5.2206999999999999,3.1919
17410,-2.2197,3.2031000000000001
17411,-2.1825000000000001,3.2067999999999999
17412,-3.7016,3.1993999999999998
17413,-10.094200000000001,3.1732999999999998
17414,-10.305,3.1696
17415,-5.4625000000000004,3.1882000000000001
17416,0.155,3.2141999999999999
17417,1.2462,3.2235
17418,-5.2641,3.1956000000000002
17419,-8.9099000000000004,3.1789000000000001
17420,-11.9419,3.1640000000000001
17421,-4.0612000000000004,3.1938
17422,0,3.2161
17423,-9.2074999999999996,3.177
17424,-11.613300000000001,3.1640000000000001
17425,-14.167899999999999,3.1490999999999998
17426,-18.613499999999998,3.1286999999999998
17427,-13.851599999999999,3.1454
17428,-11.8179,3.1528999999999998
17429,-8.9346999999999994,3.1659000000000002
17430,-9.0587,3.1659000000000002
17431,-9.2136999999999993,3.1659000000000002
17432,-5.0533000000000001,3.1825999999999999
17433,-1.5749,3.1993999999999998
17434,-3.2118000000000002,3.1938
17435,-3.2242000000000002,3.1956000000000002
17436,-6.6529999999999996,3.1808000000000001
17437,-10.776199999999999,3.1640000000000001
17438,0.67579999999999996,3.2124000000000001
17439,1.3206,3.218
17440,0.68200000000000005,3.218
17441,-8.8231000000000002,3.1789000000000001
17442,-12.0535,3.1621999999999999
17443,-10.7018,3.1640000000000001
17444,-7.6574,3.1751999999999998
17445,-6.8638000000000003,3.1789000000000001
17446,-3.3854000000000002,3.1938
17447,1.3206,3.218
17448,2.0461,3.2235
17449,-6.4917999999999996,3.1882000000000001
17450,-8.9408999999999992,3.1751999999999998
17451,-12.251899999999999,3.1602999999999999
17452,-12.531000000000001,3.1528999999999998
17453,-13.7834,3.1473
17454,-11.464499999999999,3.1547000000000001
17455,-8.2589000000000006,3.1696
17456,-1.8601000000000001,3.1956000000000002
17457,1.3206,3.2161
17458,21.310700000000001,3.3071999999999999
17459,19.518799999999999,3.3090999999999999
17460,18.272500000000001,3.3109999999999999
17461,15.519500000000001,3.3035000000000001
17462,12.3635,3.2924000000000002
17463,9.0835000000000008,3.2793000000000001
17464,0,3.2403
17465,0,3.2383999999999999
17466,0,3.2366000000000001
17467,0,3.2366000000000001
17468,0,3.2347000000000001
17469,0,3.2347000000000001
17470,0,3.2347000000000001
17471,0,3.2347000000000001
17472,0,3.2347000000000001
17473,0,3.2347000000000001
17474,0,3.2347000000000001
17475,0,3.2347000000000001
17476,0,3.2347000000000001
17477,0,3.2347000000000001
17478,0,3.2347000000000001
17479,0,3.2366000000000001
17480,0,3.2347000000000001
17481,0,3.2366000000000001
17482,0,3.2366000000000001
17483,0,3.2366000000000001
17484,0,3.2366000000000001
17485,0,3.2366000000000001
17486,0,3.2366000000000001
17487,0,3.2366000000000001
17488,0,3.2366000000000001
17489,0,3.2366000000000001
17490,0,3.2366000000000001
17491,0,3.2366000000000001
17492,0,3.2366000000000001
17493,0,3.2366000000000001
17494,0,3.2366000000000001
17495,0,3.2366000000000001
17496,0,3.2366000000000001
17497,0,3.2366000000000001
17498,0,3.2366000000000001
17499,0,3.2383999999999999
17500,0,3.2383999999999999
17501,0,3.2383999999999999
17502,0,3.2383999999999999
17503,0,3.2383999999999999
17504,0,3.2383999999999999
17505,0,3.2383999999999999
17506,-10.453799999999999,3.1919
17507,-14.4221,3.1715
17508,-18.2911,3.1490999999999998
17509,-22.774000000000001,3.125
17510,-28.5838,3.0952000000000002
17511,-33.407699999999998,3.0710000000000002
17512,-29.216200000000001,3.0802999999999998
17513,-28.174600000000002,3.0821999999999998
17514,-22.290400000000002,3.1008
17515,-12.1341,3.1417000000000002
17516,2.6351,3.2105000000000001
17517,1.8105,3.2124000000000001
17518,0.68200000000000005,3.2124000000000001
17519,-7.3722000000000003,3.1789000000000001
17520,-6.0949,3.1825999999999999
17521,-6.1755000000000004,3.1825999999999999
17522,-9.0525000000000002,3.1715
17523,-21.453299999999999,3.1175000000000002
17524,2.7281,3.2161
17525,13.988,3.2719
17526,6.0391000000000004,3.2440000000000002
17527,16.0838,3.2924000000000002
17528,6.9071999999999996,3.2606999999999999
17529,1.0044,3.2347000000000001
17530,-10.180999999999999,3.1844999999999999
17531,-6.7397999999999998,3.1938
17532,-15.612500000000001,3.1528999999999998
17533,-26.729900000000001,3.1008
17534,-30.809699999999999,3.0783999999999998
17535,-39.918100000000003,3.0375000000000001
17536,-39.918100000000003,3.0282
17537,-39.936700000000002,3.0245000000000002
17538,-39.905700000000003,3.0188999999999999
17539,-25.254200000000001,3.0729000000000002
17540,-39.924300000000002,3.0171000000000001
17541,-30.096699999999998,3.0505
17542,-39.918100000000003,3.0114999999999998
17543,-38.268799999999999,3.0152000000000001
17544,-39.911900000000003,3.0078
17545,-29.1294,3.0468000000000002
17546,-27.418099999999999,3.0524
17547,-25.8432,3.0579999999999998
17548,-10.453799999999999,3.1212
17549,-6.3739999999999997,3.1436000000000002
17550,-8.6928999999999998,3.1360999999999999
17551,-6.2126999999999999,3.1490999999999998
17552,-10.2058,3.1343000000000001
17553,-10.2058,3.1360999999999999
17554,-10.2058,3.1360999999999999
17555,-10.1934,3.1360999999999999
17556,-14.775499999999999,3.1194000000000002
17557,-14.8437,3.1175000000000002
17558,-21.775700000000001,3.0876999999999999
17559,-24.4543,3.0747
17560,-24.937899999999999,3.0710000000000002
17561,-20.696899999999999,3.0859000000000001
17562,-23.412600000000001,3.0747
17563,-26.246200000000002,3.0598000000000001
17564,-21.856300000000001,3.0766
17565,-24.658899999999999,3.0653999999999999
17566,-30.084299999999999,3.0430999999999999
17567,-39.924300000000002,3.004
17568,-39.521299999999997,3.0003000000000002
17569,-27.703299999999999,3.0430999999999999
17570,-22.767800000000001,3.0617000000000001
17571,-17.497499999999999,3.0859000000000001
17572,-12.344900000000001,3.1082000000000001
17573,-7.4156000000000004,3.1324000000000001
17574,-14.6515,3.1044999999999998
17575,-19.890799999999999,3.0840000000000001
17576,-22.960000000000001,3.0710000000000002
17577,-25.899000000000001,3.0560999999999998
17578,-20.665900000000001,3.0747
17579,-26.450800000000001,3.0524
17580,-21.099900000000002,3.0729000000000002
17581,-24.305499999999999,3.0598000000000001
17582,-18.799600000000002,3.0802999999999998
17583,-16.183,3.0914999999999999
17584,-11.371499999999999,3.1137999999999999
17585,-16.052800000000001,3.0952000000000002
17586,-16.052800000000001,3.0952000000000002
17587,-16.052800000000001,3.0952000000000002
17588,-16.052800000000001,3.0952000000000002
17589,-16.046600000000002,3.0952000000000002
17590,-13.3432,3.1063000000000001
17591,-8.3332999999999995,3.1305000000000001
17592,-8.1721000000000004,3.1324000000000001
17593,1.4818,3.177
17594,-2.0956999999999999,3.1659000000000002
17595,-4.5758000000000001,3.1566000000000001
17596,-9.6974,3.1360999999999999
17597,-6.9320000000000004,3.1473
17598,-11.5389,3.1286999999999998
17599,-21.9742,3.0840000000000001
17600,-16.8216,3.1008
17601,-16.852599999999999,3.0989
17602,-14.2919,3.1101000000000001
17603,-6.9753999999999996,3.1398000000000001
17604,-4.1417999999999999,3.1547000000000001
17605,-4.0983999999999998,3.1602999999999999
17606,-3.8999999999999999,3.1621999999999999
17607,-1.0105999999999999,3.1751999999999998
17608,-20.6907,3.0952000000000002
17609,-3.5899999999999999,3.1621999999999999
17610,-10.6088,3.1343000000000001
17611,-8.6494999999999997,3.1417000000000002
17612,-8.4883000000000006,3.1436000000000002
17613,-15.290100000000001,3.1156000000000001
17614,-11.061500000000001,3.1305000000000001
17615,-39.918100000000003,3.0133000000000001
17616,2.0398999999999998,3.177
17617,-39.918100000000003,3.0133000000000001
17618,-13.901199999999999,3.1063000000000001
17619,-27.132899999999999,3.0560999999999998
17620,-39.930500000000002,3.004
17621,-28.441199999999998,3.0411999999999999
17622,-20.529499999999999,3.0729000000000002
17623,-26.3764,3.0505
17624,-15.693199999999999,3.0914999999999999
17625,-10.863,3.1137999999999999
17626,0,3.1640000000000001
17627,1.6493,3.1751999999999998
17628,4.6811999999999996,3.1919
17629,7.8807,3.2124000000000001
17630,6.5599999999999996,3.2124000000000001
17631,-12.8224,3.1324000000000001
17632,-12.8224,3.1267999999999998
17633,-3.1808000000000001,3.1659000000000002
17634,6.6467999999999998,3.2105000000000001
17635,-10.2058,3.1436000000000002
17636,-14.2547,3.125
17637,-10.212,3.1379999999999999
17638,-2.5358999999999998,3.1715
17639,-9.9019999999999992,3.1417000000000002
17640,-11.5823,3.1324000000000001
17641,-11.5947,3.1324000000000001
17642,-2.2879,3.1715
17643,0,3.1844999999999999
17644,0.124,3.1882000000000001
17645,5.1276999999999999,3.2124000000000001
17646,7.9612999999999996,3.2273000000000001
17647,7.9116999999999997,3.2309999999999999
17648,9.0835000000000008,3.2383999999999999
17649,9.0029000000000003,3.2403
17650,7.7690000000000001,3.2383999999999999
17651,8.8045000000000009,3.2440000000000002
17652,15.153700000000001,3.2738
17653,11.5947,3.2645
17654,14.1617,3.2755999999999998
17655,9.9702000000000002,3.2625999999999999
17656,8.5192999999999994,3.2570000000000001
17657,5.5678999999999998,3.2440000000000002
17658,4.6440000000000001,3.2403
17659,-3.2924000000000002,3.2067999999999999
17660,1.3206,3.2235
17661,5.2454999999999998,3.2403
17662,8.9161000000000001,3.2589000000000001
17663,15.718,3.2886000000000002
17664,17.795100000000001,3.3016999999999999
17665,5.8902999999999999,3.2570000000000001
17666,3.7263999999999999,3.2458999999999998
17667,1.5562,3.2347000000000001
17668,5.2083000000000004,3.2513999999999998
17669,4.7184999999999997,3.2477
17670,8.4821000000000009,3.2663000000000002
17671,3.7635999999999998,3.2458999999999998
17672,0,3.2309999999999999
17673,0,3.2290999999999999
17674,0,3.2273000000000001
17675,0,3.2273000000000001
17676,0,3.2273000000000001
17677,0,3.2273000000000001
17678,0,3.2254
17679,0,3.2273000000000001
17680,0,3.2273000000000001
17681,0,3.2273000000000001
17682,0,3.2273000000000001
17683,0,3.2273000000000001
17684,0,3.2273000000000001
17685,0,3.2273000000000001
17686,0,3.2273000000000001
17687,0,3.2254
17688,0,3.2254
17689,-3.2986,3.2124000000000001
17690,-10.5778,3.1808000000000001
17691,-16.6418,3.1490999999999998
17692,-20.163599999999999,3.1305000000000001
17693,-24.5349,3.1063000000000001
17694,-28.162199999999999,3.0876999999999999
17695,-27.7653,3.0840000000000001
17696,-30.741499999999998,3.0653999999999999
17697,-16.858799999999999,3.1175000000000002
17698,-21.6951,3.0989
17699,-20.932500000000001,3.0989
17700,-23.6235,3.0876999999999999
17701,-31.417400000000001,3.0543
17702,-16.1768,3.1101000000000001
17703,-16.741,3.1082000000000001
17704,-13.058,3.125
17705,-15.928800000000001,3.1156000000000001
17706,-17.5595,3.1063000000000001
17707,-19.773,3.097
17708,-7.8930999999999996,3.1436000000000002
17709,-10.732799999999999,3.1360999999999999
17710,-4.2595999999999998,3.1640000000000001
17711,-0.44640000000000002,3.1825999999999999
17712,-8.9408999999999992,3.1490999999999998
17713,-18.855399999999999,3.1063000000000001
17714,-14.781700000000001,3.1212
17715,-6.5351999999999997,3.1528999999999998
17716,-6.5537999999999998,3.1566000000000001
17717,-6.5476000000000001,3.1566000000000001
17718,-6.5351999999999997,3.1602999999999999
17719,-6.5351999999999997,3.1602999999999999
17720,-7.7317999999999998,3.1547000000000001
17721,-11.414899999999999,3.1398000000000001
17722,-7.8993000000000002,3.1528999999999998
17723,-4.7370999999999999,3.1677
17724,0.44019999999999998,3.1919
17725,5.1215000000000002,3.2161
17726,6.0019,3.2235
17727,2.2010999999999998,3.2105000000000001
17728,15.190899999999999,3.2682000000000002
17729,16.555,3.2793000000000001
17730,20.076799999999999,3.3016999999999999
17731,14.645300000000001,3.2831000000000001
17732,13.5602,3.2812000000000001
17733,12.2333,3.2774999999999999
17734,10.559200000000001,3.2719
17735,6.1631,3.2551999999999999
17736,0,3.2273000000000001
17737,0,3.2254
17738,0,3.2254
17739,0,3.2235
17740,0,3.2235
17741,0,3.2235
17742,0,3.2216999999999998
17743,0,3.2216999999999998
17744,0,3.2216999999999998
17745,-8.3147000000000002,3.1863000000000001
17746,-10.615,3.1732999999999998
17747,-17.0138,3.1436000000000002
17748,-23.177,3.1137999999999999
17749,-27.325099999999999,3.0895999999999999
17750,-32.1676,3.0636000000000001
17751,-39.930500000000002,3.0282
17752,-35.571599999999997,3.0356999999999998
17753,-11.743499999999999,3.1267999999999998
17754,-28.329599999999999,3.0636000000000001
17755,-24.485299999999999,3.0747
17756,-18.607299999999999,3.097
17757,-6.5724,3.1473
17758,-3.1374,3.1677
17759,0,3.1844999999999999
17760,0.67579999999999996,3.1919
17761,1.3206,3.1974999999999998
17762,3.6829999999999998,3.2124000000000001
17763,17.6401,3.2738
17764,18.0307,3.2831000000000001
17765,15.277699999999999,3.2774999999999999
17766,12.115500000000001,3.2682000000000002
17767,8.8850999999999996,3.2589000000000001
17768,0,3.2216999999999998
17769,0,3.2198000000000002
17770,0,3.218
17771,0,3.218
17772,0,3.218
17773,0,3.218
17774,0,3.218
17775,0,3.218
17776,0,3.218
17777,0,3.218
17778,0,3.218
17779,0,3.218
17780,0,3.218
17781,0,3.2198000000000002
17782,0,3.2198000000000002
17783,0,3.2198000000000002
17784,0,3.2198000000000002
17785,0,3.2198000000000002
17786,0,3.2198000000000002
17787,0,3.2198000000000002
17788,0,3.2198000000000002
17789,0,3.2216999999999998
17790,-10.4476,3.177
17791,-14.415900000000001,3.1547000000000001
17792,-18.2973,3.1343000000000001
17793,-22.767800000000001,3.1101000000000001
17794,-28.565200000000001,3.0802999999999998
17795,-33.401499999999999,3.0543
17796,-39.924300000000002,3.0245000000000002
17797,-39.924300000000002,3.0171000000000001
17798,-22.017600000000002,3.0821999999999998
17799,-21.775700000000001,3.0840000000000001
17800,-39.918100000000003,3.0114999999999998
17801,-28.360600000000002,3.0505
17802,-14.415900000000001,3.1044999999999998
17803,-24.807700000000001,3.0653999999999999
17804,-10.8134,3.1212
17805,-14.5275,3.1082000000000001
17806,-14.818899999999999,3.1082000000000001
17807,-4.5758000000000001,3.1509999999999998
17808,-7.7256,3.1417000000000002
17809,-7.7751999999999999,3.1436000000000002
17810,-2.6598999999999999,3.1677
17811,-0.65100000000000002,3.1789000000000001
17812,-11.2041,3.1360999999999999
17813,-6.5289999999999999,3.1528999999999998
17814,0.48980000000000001,3.1863000000000001
17815,-4.4518000000000004,3.1696
17816,-4.3836000000000004,3.1696
17817,-2.4552999999999998,3.1789000000000001
17818,-6.2624000000000004,3.1640000000000001
17819,-6.2624000000000004,3.1640000000000001
17820,-6.2624000000000004,3.1621999999999999
17821,-6.2624000000000004,3.1640000000000001
17822,-6.2624000000000004,3.1640000000000001
17823,-2.4119000000000002,3.1789000000000001
17824,-8.1038999999999994,3.1566000000000001
17825,-8.1410999999999998,3.1547000000000001
17826,-11.0181,3.1417000000000002
17827,-0.52700000000000002,3.1863000000000001
17828,-2.4119000000000002,3.1808000000000001
17829,-6.1755000000000004,3.1677
17830,-6.1631,3.1659000000000002
17831,-2.3809,3.1825999999999999
17832,-2.2940999999999998,3.1844999999999999
17833,-4.1417999999999999,3.177
17834,5.9584999999999999,3.2216999999999998
17835,10.1686,3.2440000000000002
17836,13.082800000000001,3.2625999999999999
17837,13.802,3.27
17838,14.7941,3.2774999999999999
17839,15.916399999999999,3.2867999999999999
17840,13.244,3.2774999999999999
17841,13.244,3.2812000000000001
17842,10.639799999999999,3.2719
17843,6.7770000000000001,3.2570000000000001
17844,0,3.2273000000000001
17845,0,3.2254
17846,0,3.2235
17847,0,3.2235
17848,0,3.2235
17849,0,3.2216999999999998
17850,0,3.2216999999999998
17851,0,3.2216999999999998
17852,0,3.2216999999999998
17853,-3.9371999999999998,3.2031000000000001
17854,-7.4962,3.1882000000000001
17855,-6.6158000000000001,3.1882000000000001
17856,-3.5838000000000001,3.1993999999999998
17857,-11.383900000000001,3.1677
17858,-7.056,3.1808000000000001
17859,-6.5785999999999998,3.1825999999999999
17860,-10.2616,3.1677
17861,-15.829599999999999,3.1398000000000001
17862,-17.410699999999999,3.1286999999999998
17863,-16.306999999999999,3.1305000000000001
17864,-13.907400000000001,3.1379999999999999
17865,-13.454800000000001,3.1379999999999999
17866,-11.979100000000001,3.1436000000000002
17867,-13.305999999999999,3.1379999999999999
17868,-14.4221,3.1305000000000001
17869,-12.5434,3.1379999999999999
17870,-11.743499999999999,3.1398000000000001
17871,-8.6681000000000008,3.1528999999999998
17872,-5.2641,3.1696
17873,-3.7946,3.177
17874,-3.7946,3.1789000000000001
17875,-3.7884000000000002,3.1808000000000001
17876,-3.7884000000000002,3.1808000000000001
17877,-3.7946,3.1808000000000001
17878,-11.749700000000001,3.1473
17879,-6.3057999999999996,3.1696
17880,-6.3802000000000003,3.1696
17881,0.68200000000000005,3.1993999999999998
17882,0.68200000000000005,3.2012
17883,-0.75019999999999998,3.1974999999999998
17884,-3.7946,3.1863000000000001
17885,-3.7946,3.1863000000000001
17886,1.7608999999999999,3.2105000000000001
17887,6.1692999999999998,3.2328000000000001
17888,16.4496,3.2793000000000001
17889,13.244,3.2738
17890,10.646000000000001,3.2663000000000002
17891,0,3.2216999999999998
17892,0,3.2198000000000002
17893,0,3.2198000000000002
17894,0,3.2198000000000002
17895,0,3.218
17896,0,3.218
17897,0,3.218
17898,0,3.218
17899,0,3.2198000000000002
17900,0,3.2198000000000002
17901,0,3.2198000000000002
17902,0,3.2198000000000002
17903,0,3.2198000000000002
17904,0,3.2198000000000002
17905,0,3.2198000000000002
17906,0,3.2198000000000002
17907,0,3.2198000000000002
17908,0,3.2198000000000002
17909,0,3.2198000000000002
17910,0,3.2198000000000002
17911,-10.4414,3.1751999999999998
17912,-14.409700000000001,3.1528999999999998
17913,-18.309699999999999,3.1324000000000001
17914,-22.538399999999999,3.1082000000000001
17915,-13.2502,3.1417000000000002
17916,-13.020799999999999,3.1417000000000002
17917,-10.9747,3.1490999999999998
17918,-2.1080999999999999,3.1882000000000001
17919,-2.1019000000000001,3.1919
17920,-6.25,3.1751999999999998
17921,-4.0922000000000001,3.1844999999999999
17922,-2.1019000000000001,3.1938
17923,-0.124,3.2031000000000001
17924,0.99819999999999998,3.2124000000000001
17925,-1.0911999999999999,3.2031000000000001
17926,0.2356,3.2105000000000001
17927,-6.2126999999999999,3.1825999999999999
17928,-3.1808000000000001,3.1938
17929,-1.1035999999999999,3.2031000000000001
17930,0.56420000000000003,3.2124000000000001
17931,-1.054,3.2067999999999999
17932,-2.0089000000000001,3.2012
17933,-3.0194999999999999,3.1974999999999998
17934,-6.2003000000000004,3.1825999999999999
17935,-7.2172000000000001,3.1789000000000001
17936,-10.4352,3.1640000000000001
17937,-8.9037000000000006,3.1677
17938,-12.5,3.1490999999999998
17939,-10.9437,3.1528999999999998
17940,-3.8999999999999999,3.1825999999999999
17941,-3.9371999999999998,3.1844999999999999
17942,-7.7008000000000001,3.1696
17943,-7.4962,3.1696
17944,-7.6139999999999999,3.1677
17945,-4.5262000000000002,3.1808000000000001
17946,-3.1745999999999999,3.1863000000000001
17947,-3.1745999999999999,3.1882000000000001
17948,-5.3013000000000003,3.1808000000000001
17949,-14.9367,3.1379999999999999
17950,-20.442699999999999,3.1082000000000001
17951,-15.2157,3.1267999999999998
17952,-10.776199999999999,3.1436000000000002
17953,-10.416600000000001,3.1454
17954,3.9247999999999998,3.2086999999999999
17955,17.6401,3.2755999999999998
17956,16.158200000000001,3.2793000000000001
17957,13.033200000000001,3.2719
17958,9.6850000000000005,3.2606999999999999
17959,0,3.2198000000000002
17960,0,3.218
17961,0,3.218
17962,0,3.218
17963,0,3.218
17964,0,3.218
17965,0,3.218
17966,0,3.218
17967,0,3.218
17968,0,3.218
17969,0,3.218
17970,0,3.218
17971,0,3.218
17972,0,3.2198000000000002
17973,0,3.2198000000000002
17974,0,3.2198000000000002
17975,0,3.2198000000000002
17976,0,3.2198000000000002
17977,0,3.2198000000000002
17978,0,3.2198000000000002
17979,0,3.2198000000000002
17980,0,3.2198000000000002
17981,0,3.2216999999999998
17982,0,3.2216999999999998
17983,0,3.2216999999999998
17984,0,3.2216999999999998
17985,0,3.2216999999999998
17986,0,3.2216999999999998
17987,0,3.2216999999999998
17988,-6.4236000000000004,3.1938
17989,-8.1349,3.1825999999999999
17990,-17.1068,3.1417000000000002
17991,-13.851599999999999,3.1490999999999998
17992,-16.3752,3.1360999999999999
17993,-11.972899999999999,3.1509999999999998
17994,-11.6195,3.1509999999999998
17995,-19.983799999999999,3.1156000000000001
17996,-21.583500000000001,3.1025999999999998
17997,-16.499199999999998,3.1212
17998,-15.693199999999999,3.1231
17999,-15.414099999999999,3.1231
18000,-17.516100000000002,3.1137999999999999
18001,-13.454800000000001,3.1286999999999998
18002,-7.5830000000000002,3.1528999999999998
18003,-9.1393000000000004,3.1473
18004,-5.6174999999999997,3.1640000000000001
18005,-5.6670999999999996,3.1659000000000002
18006,-4.0983999999999998,3.1732999999999998
18007,-6.5351999999999997,3.1659000000000002
18008,-5.6981000000000002,3.1696
18009,-4.1479999999999997,3.177
18010,1.24,3.1993999999999998
18011,1.2462,3.2031000000000001
18012,10.0756,3.2458999999999998
18013,11.1607,3.2570000000000001
18014,13.312200000000001,3.27
18015,7.7999999999999998,3.2513999999999998
18016,6.2065000000000001,3.2440000000000002
18017,7.5953999999999997,3.2532999999999999
18018,0,3.2216999999999998
18019,0,3.2198000000000002
18020,0,3.2198000000000002
18021,0,3.218
18022,0,3.218
18023,0,3.218
18024,0,3.218
18025,0,3.218
18026,0,3.218
18027,0,3.218
18028,0,3.218
18029,0,3.2198000000000002
18030,0,3.2198000000000002
18031,0,3.2198000000000002
18032,0,3.2198000000000002
18033,0,3.2198000000000002
18034,0,3.2198000000000002
18035,0,3.2198000000000002
18036,-4.5262000000000002,3.1993999999999998
18037,-6.2126999999999999,3.1919
18038,-3.8193999999999999,3.1993999999999998
18039,-6.9320000000000004,3.1863000000000001
18040,-13.9694,3.1528999999999998
18041,-13.622199999999999,3.1490999999999998
18042,-15.928800000000001,3.1360999999999999
18043,-10.180999999999999,3.1566000000000001
18044,-16.245000000000001,3.1305000000000001
18045,-5.0533000000000001,3.177
18046,-0.1178,3.1993999999999998
18047,-2.0213000000000001,3.1938
18048,-16.8278,3.1324000000000001
18049,-11.8117,3.1473
18050,-11.414899999999999,3.1473
18051,-16.896000000000001,3.1231
18052,-14.0562,3.1324000000000001
18053,-3.1745999999999999,3.177
18054,0.79979999999999996,3.1974999999999998
18055,-10.1686,3.1528999999999998
18056,-10.453799999999999,3.1509999999999998
18057,-5.5740999999999996,3.1715
18058,4.0426000000000002,3.2141999999999999
18059,3.5714000000000001,3.218
18060,4.4889999999999999,3.2254
18061,11.049099999999999,3.2570000000000001
18062,10.918799999999999,3.2606999999999999
18063,8.1163000000000007,3.2532999999999999
18064,0,3.2198000000000002
18065,0,3.218
18066,0,3.218
18067,0,3.218
18068,0,3.218
18069,0,3.2161
18070,-0.32240000000000002,3.2161
18071,-8.6556999999999995,3.1789000000000001
18072,-10.615,3.1677
18073,-16.585999999999999,3.1360999999999999
18074,-20.355899999999998,3.1156000000000001
18075,-11.972899999999999,3.1454
18076,-17.416899999999998,3.1212
18077,-18.855399999999999,3.1137999999999999
18078,-17.206099999999999,3.1156000000000001
18079,-21.6951,3.0952000000000002
18080,-20.901499999999999,3.0952000000000002
18081,-19.9404,3.0952000000000002
18082,-16.1768,3.1101000000000001
18083,-16.896000000000001,3.1044999999999998
18084,-11.830299999999999,3.1267999999999998
18085,-10.732799999999999,3.1324000000000001
18086,-8.0604999999999993,3.1436000000000002
18087,-9.6105999999999998,3.1398000000000001
18088,-8.3332999999999995,3.1454
18089,-4.4455999999999998,3.1640000000000001
18090,0,3.1863000000000001
18091,-2.7404999999999999,3.177
18092,-1.1097999999999999,3.1844999999999999
18093,1.3268,3.1974999999999998
18094,2.5669,3.2086999999999999
18095,6.7274000000000003,3.2273000000000001
18096,10.7204,3.2477
18097,10.057,3.2513999999999998
18098,11.6753,3.2625999999999999
18099,9.7965999999999998,3.2589000000000001
18100,5.2083000000000004,3.2403
18101,6.6467999999999998,3.2458999999999998
18102,0,3.2198000000000002
18103,0,3.218
18104,0,3.2161
18105,0,3.2161
18106,-0.44640000000000002,3.2141999999999999
18107,0,3.2161
18108,0,3.2161
18109,-9.5671999999999997,3.1751999999999998
18110,-10.6212,3.1659000000000002
18111,-17.788900000000002,3.1305000000000001
18112,-23.921099999999999,3.0989
18113,-24.138100000000001,3.0914999999999999
18114,-16.102399999999999,3.1194000000000002
18115,-10.3794,3.1417000000000002
18116,-13.020799999999999,3.1324000000000001
18117,-14.223699999999999,3.125
18118,-15.7738,3.1194000000000002
18119,-16.492999999999999,3.1137999999999999
18120,-25.248000000000001,3.0747
18121,-22.9724,3.0783999999999998
18122,-16.8216,3.1008
18123,-10.9375,3.1267999999999998
18124,-8.1844999999999999,3.1398000000000001
18125,-12.251899999999999,3.125
18126,-4.5324,3.1566000000000001
18127,-4.5324,3.1621999999999999
18128,-2.8521000000000001,3.1715
18129,0,3.1863000000000001
18130,-1.1346000000000001,3.1825999999999999
18131,-4.3339999999999996,3.1715
18132,-4.3402000000000003,3.1715
18133,-2.7404999999999999,3.1789000000000001
18134,2.0026999999999999,3.1993999999999998
18135,-2.6164999999999998,3.1825999999999999
18136,-4.1479999999999997,3.177
18137,-4.1479999999999997,3.177
18138,-4.1417999999999999,3.177
18139,-4.1479999999999997,3.177
18140,-4.1417999999999999,3.177
18141,-5.7786999999999997,3.1696
18142,-9.4865999999999993,3.1509999999999998
18143,-11.1793,3.1417000000000002
18144,-25.4526,3.0802999999999998
18145,-19.332799999999999,3.097
18146,-19.735800000000001,3.0933000000000002
18147,-20.4923,3.0876999999999999
18148,-5.7849000000000004,3.1473
18149,-14.4221,3.1156000000000001
18150,-11.966699999999999,3.1231
18151,-10.453799999999999,3.1305000000000001
18152,-4.1045999999999996,3.1602999999999999
18153,-2.1825000000000001,3.1715
18154,-5.8593000000000002,3.1547000000000001
18155,-3.9805999999999999,3.1659000000000002
18156,-0.29759999999999998,3.1825999999999999
18157,1.3268,3.1919
18158,-3.9371999999999998,3.1732999999999998
18159,1.3206,3.1956000000000002
18160,1.3206,3.1974999999999998
18161,-3.6147999999999998,3.1789000000000001
18162,-0.124,3.1938
18163,-3.5341999999999998,3.1808000000000001
18164,4.6378000000000004,3.2161
18165,2.0398999999999998,3.2086999999999999
18166,-3.1436000000000002,3.1863000000000001
18167,-4.8239000000000001,3.177
18168,-4.8177000000000003,3.177
18169,-4.8239000000000001,3.1751999999999998
18170,0,3.1956000000000002
18171,-3.0257000000000001,3.1844999999999999
18172,-4.6875,3.1789000000000001
18173,-1.2958000000000001,3.1919
18174,0.68200000000000005,3.2012
18175,2.6351,3.2141999999999999
18176,1.3206,3.2105000000000001
18177,2.6040999999999999,3.2161
18178,7.9612999999999996,3.2403
18179,9.5548000000000002,3.2532999999999999
18180,8.7301000000000002,3.2532999999999999
18181,6.5599999999999996,3.2440000000000002
18182,5.2020999999999997,3.2383999999999999
18183,-2.3809,3.2086999999999999
18184,-11.427300000000001,3.1659000000000002
18185,-10.863,3.1621999999999999
18186,-7.8930999999999996,3.1715
18187,-8.9346999999999994,3.1659000000000002
18188,-10.087999999999999,3.1566000000000001
18189,-10.416600000000001,3.1528999999999998
18190,-12.686,3.1417000000000002
18191,-15.823399999999999,3.1267999999999998
18192,-16.5364,3.1194000000000002
18193,-11.5823,3.1360999999999999
18194,-3.9434,3.1715
18195,-6.2747999999999999,3.1640000000000001
18196,-6.2995999999999999,3.1640000000000001
18197,-6.4236000000000004,3.1640000000000001
18198,-11.6195,3.1398000000000001
18199,-8.1349,3.1528999999999998
18200,-13.578799999999999,3.1286999999999998
18201,-6.1817000000000002,3.1602999999999999
18202,-6.2126999999999999,3.1602999999999999
18203,-6.2126999999999999,3.1621999999999999
18204,-2.9388999999999998,3.177
18205,4.3712,3.2105000000000001
18206,2.0089000000000001,3.2031000000000001
18207,1.3206,3.2031000000000001
18208,6.0887000000000002,3.2273000000000001
18209,3.1993999999999998,3.218
18210,1.24,3.2105000000000001
18211,-7.2977999999999996,3.1732999999999998
18212,-7.4218000000000002,3.1696
18213,-8.9408999999999992,3.1602999999999999
18214,-6.2624000000000004,3.1696
18215,-10.615,3.1490999999999998
18216,-12.4937,3.1379999999999999
18217,-11.4831,3.1398000000000001
18218,-7.9737,3.1528999999999998
18219,-11.9419,3.1360999999999999
18220,-12.301500000000001,3.1343000000000001
18221,-7.056,3.1528999999999998
18222,-2.9451000000000001,3.1732999999999998
18223,-2.9388999999999998,3.177
18224,-2.8521000000000001,3.1789000000000001
18225,0.72540000000000004,3.1956000000000002
18226,0.72540000000000004,3.1974999999999998
18227,-2.7404999999999999,3.1844999999999999
18228,-4.2968000000000002,3.177
18229,0.73160000000000003,3.1993999999999998
18230,0.72540000000000004,3.2012
18231,1.9655,3.2105000000000001
18232,-9.0587,3.1621999999999999
18233,-10.652200000000001,3.1509999999999998
18234,-7.9737,3.1602999999999999
18235,-6.6592000000000002,3.1640000000000001
18236,-1.1035999999999999,3.1882000000000001
18237,-6.6592000000000002,3.1677
18238,-4.3029999999999999,3.1751999999999998
18239,-4.2968000000000002,3.177
18240,0,3.1956000000000002
18241,0.124,3.1974999999999998
18242,1.3206,3.2067999999999999
18243,0.124,3.2012
18244,-2.5731000000000002,3.1901000000000002
18245,-4.1417999999999999,3.1825999999999999
18246,-4.1417999999999999,3.1825999999999999
18247,-0.93620000000000003,3.1956000000000002
18248,-2.4615,3.1901000000000002
18249,-4.0983999999999998,3.1825999999999999
18250,0,3.2012
18251,0.124,3.2031000000000001
18252,-3.8999999999999999,3.1863000000000001
18253,-7.7256,3.1677
18254,-2.4119000000000002,3.1882000000000001
18255,0.16120000000000001,3.2012
18256,3.7635999999999998,3.2198000000000002
18257,4.7247000000000003,3.2273000000000001
18258,5.8841000000000001,3.2347000000000001
18259,1.6802999999999999,3.2198000000000002
18260,-2.8210999999999999,3.1974999999999998
18261,-3.9062000000000001,3.1919
18262,-13.020799999999999,3.1490999999999998
18263,-12.344900000000001,3.1473
18264,-10.8506,3.1490999999999998
18265,-5.7849000000000004,3.1715
18266,-5.8220999999999998,3.1715
18267,-10.026,3.1528999999999998
18268,-6.0701000000000001,3.1677
18269,-5.2950999999999997,3.1715
18270,-5.3446999999999996,3.1715
18271,-6.2188999999999997,3.1696
18272,0.16120000000000001,3.1956000000000002
18273,-0.73160000000000003,3.1938
18274,-3.7884000000000002,3.1825999999999999
18275,-3.7759999999999998,3.1825999999999999
18276,0.155,3.1993999999999998
18277,-0.69440000000000002,3.1974999999999998
18278,-0.69440000000000002,3.1993999999999998
18279,-3.5838000000000001,3.1863000000000001
18280,-5.8531000000000004,3.177
18281,-10.057,3.1547000000000001
18282,-3.7884000000000002,3.1808000000000001
18283,0.67579999999999996,3.2012
18284,-3.6953999999999998,3.1844999999999999
18285,1.2462,3.2067999999999999
18286,-8.4945000000000004,3.1659000000000002
18287,-11.414899999999999,3.1473
18288,-10.305,3.1490999999999998
18289,1.2462,3.1993999999999998
18290,4.8548999999999998,3.2198000000000002
18291,10.5716,3.2513999999999998
18292,8.8850999999999996,3.2477
18293,13.126200000000001,3.27
18294,10.429,3.2625999999999999
18295,7.2667999999999999,3.2532999999999999
18296,0,3.2198000000000002
18297,0,3.2198000000000002
18298,0,3.218
18299,0,3.218
18300,0,3.218
18301,0,3.2161
18302,-6.4236000000000004,3.1882000000000001
18303,-9.6478000000000002,3.1715
18304,-20.5047,3.1194000000000002
18305,-22.061,3.1044999999999998
18306,-26.239999999999998,3.0802999999999998
18307,-20.814699999999998,3.097
18308,-12.382099999999999,3.1305000000000001
18309,-15.612500000000001,3.1175000000000002
18310,-13.498200000000001,3.125
18311,-12.1837,3.1286999999999998
18312,-14.4221,3.1194000000000002
18313,-21.0565,3.0895999999999999
18314,-26.6555,3.0598000000000001
18315,-19.152999999999999,3.0876999999999999
18316,-11.7621,3.1194000000000002
18317,-8.2527000000000008,3.1343000000000001
18318,-6.0205000000000002,3.1473
18319,-4.4455999999999998,3.1566000000000001
18320,-4.4518000000000004,3.1602999999999999
18321,3.6023999999999998,3.1974999999999998
18322,-1.054,3.1808000000000001
18323,0,3.1882000000000001
18324,0.73160000000000003,3.1938
18325,0.124,3.1919
18326,1.2462,3.1974999999999998
18327,0.124,3.1956000000000002
18328,1.24,3.2012
18329,5.7663000000000002,3.2235
18330,10.559200000000001,3.2477
18331,1.2462,3.2124000000000001
18332,-2.7776999999999998,3.1919
18333,-6.2686000000000002,3.177
18334,-10.6584,3.1528999999999998
18335,-9.1021000000000001,3.1566000000000001
18336,-0.50219999999999998,3.1919
18337,-3.2118000000000002,3.1825999999999999
18338,-5.4066999999999998,3.1732999999999998
18339,0.2356,3.1974999999999998
18340,-3.2118000000000002,3.1844999999999999
18341,-3.2118000000000002,3.1844999999999999
18342,-12.3759,3.1436000000000002
18343,-9.5671999999999997,3.1509999999999998
18344,-11.1793,3.1417000000000002
18345,-5.9832999999999998,3.1640000000000001
18346,-7.4156000000000004,3.1566000000000001
18347,-8.9346999999999994,3.1490999999999998
18348,-5.4562999999999997,3.1659000000000002
18349,-2.3809,3.1789000000000001
18350,1.2462,3.1974999999999998
18351,3.6829999999999998,3.2124000000000001
18352,0.68200000000000005,3.2012
18353,1.2090000000000001,3.2067999999999999
18354,0.2356,3.2012
18355,0.67579999999999996,3.2031000000000001
18356,1.2834000000000001,3.2086999999999999
18357,0.72540000000000004,3.2086999999999999
18358,4.4889999999999999,3.2254
18359,13.113799999999999,3.2663000000000002
18360,11.4087,3.2645
18361,8.2402999999999995,3.2532999999999999
18362,0,3.218
18363,0,3.2161
18364,0,3.2161
18365,0,3.2161
18366,0,3.2141999999999999
18367,0,3.2141999999999999
18368,0,3.2141999999999999
18369,0,3.2141999999999999
18370,0,3.2141999999999999
18371,0,3.2141999999999999
18372,0,3.2141999999999999
18373,0,3.2141999999999999
18374,0,3.2141999999999999
18375,0,3.2141999999999999
18376,0,3.2161
18377,0,3.2141999999999999
18378,0,3.2141999999999999
18379,0,3.2161
18380,0,3.2161
18381,0,3.2161
18382,0,3.2161
18383,0,3.2161
18384,0,3.2161
18385,0,3.2161
18386,0,3.2161
18387,0,3.2161
18388,0,3.2161
18389,0,3.2161
18390,0,3.2161
18391,0,3.2161
18392,0,3.218
18393,0,3.218
18394,0,3.218
18395,-3.9434,3.1993999999999998
18396,-9.0091000000000001,3.1751999999999998
18397,-15.978400000000001,3.1398000000000001
18398,-19.617999999999999,3.1194000000000002
18399,-23.970700000000001,3.0933000000000002
18400,-27.690899999999999,3.0729000000000002
18401,-15.2963,3.1175000000000002
18402,-16.585999999999999,3.1101000000000001
18403,-20.709299999999999,3.0914999999999999
18404,-16.338000000000001,3.1063000000000001
18405,-15.141299999999999,3.1101000000000001
18406,-13.1386,3.1194000000000002
18407,-13.6594,3.1175000000000002
18408,-15.5815,3.1082000000000001
18409,-7.6201999999999996,3.1417000000000002
18410,-11.414899999999999,3.1267999999999998
18411,-10.8506,3.1305000000000001
18412,-9.6229999999999993,3.1343000000000001
18413,0,3.1789000000000001
18414,1.3206,3.1882000000000001
18415,1.3206,3.1919
18416,-4.0549999999999997,3.1715
18417,2.7281,3.2012
18418,9.7904,3.2366000000000001
18419,10.280200000000001,3.2440000000000002
18420,4.1294000000000004,3.2235
18421,3.4039999999999999,3.2198000000000002
18422,11.563700000000001,3.2589000000000001
18423,10.918799999999999,3.2606999999999999
18424,7.4093999999999998,3.2458999999999998
18425,2.3995000000000002,3.2273000000000001
18426,0.56420000000000003,3.218
18427,0,3.2141999999999999
18428,0,3.2124000000000001
18429,0,3.2124000000000001
18430,0,3.2124000000000001
18431,-0.52700000000000002,3.2105000000000001
18432,-2.1762999999999999,3.2012
18433,-2.2134999999999998,3.2012
18434,0,3.2105000000000001
18435,-0.52700000000000002,3.2105000000000001
18436,0,3.2124000000000001
18437,0,3.2124000000000001
18438,0,3.2124000000000001
18439,0,3.2124000000000001
18440,0,3.2141999999999999
18441,0,3.2141999999999999
18442,0,3.2141999999999999
18443,-0.062,3.2124000000000001
18444,-1.7733000000000001,3.2067999999999999
18445,-3.3792,3.1974999999999998
18446,-6.5785999999999998,3.1825999999999999
18447,-15.060700000000001,3.1417000000000002
18448,-17.255700000000001,3.1267999999999998
18449,-20.169799999999999,3.1082000000000001
18450,-9.8399999999999999,3.1473
18451,-5.4191000000000003,3.1696
18452,-13.820600000000001,3.1324000000000001
18453,-19.816400000000002,3.1025999999999998
18454,-20.082999999999998,3.097
18455,-13.058,3.1231
18456,-5.1401000000000003,3.1602999999999999
18457,-3.9371999999999998,3.1677
18458,-3.9805999999999999,3.1696
18459,-6.2188999999999997,3.1602999999999999
18460,-11.7807,3.1360999999999999
18461,-9.1082999999999998,3.1436000000000002
18462,-12.5434,3.1286999999999998
18463,-11.743499999999999,3.1305000000000001
18464,-10.0632,3.1360999999999999
18465,-2.2692999999999999,3.1715
18466,-2.2197,3.1751999999999998
18467,-6.0205000000000002,3.1602999999999999
18468,-8.9037000000000006,3.1454
18469,-9.0525000000000002,3.1436000000000002
18470,-6.3739999999999997,3.1547000000000001
18471,-9.2942999999999998,3.1436000000000002
18472,-6.2126999999999999,3.1547000000000001
18473,-7.6883999999999997,3.1490999999999998
18474,-5.5803000000000003,3.1602999999999999
18475,-4.0488,3.1677
18476,-4.0549999999999997,3.1677
18477,-2.4615,3.1751999999999998
18478,-2.4615,3.177
18479,-3.9744000000000002,3.1715
18480,0.0124,3.1901000000000002
18481,-2.5358999999999998,3.1808000000000001
18482,0.68200000000000005,3.1956000000000002
18483,1.2462,3.1993999999999998
18484,3.7635999999999998,3.2141999999999999
18485,4.7247000000000003,3.2198000000000002
18486,10.044600000000001,3.2458999999999998
18487,6.3987999999999996,3.2347000000000001
18488,10.7948,3.2570000000000001
18489,4.8859000000000004,3.2347000000000001
18490,6.3677999999999999,3.2403
18491,7.5644,3.2477
18492,0,3.2161
18493,0,3.2141999999999999
18494,0,3.2141999999999999
18495,0,3.2141999999999999
18496,0,3.2124000000000001
18497,0,3.2124000000000001
18498,0,3.2124000000000001
18499,0,3.2124000000000001
18500,0,3.2124000000000001
18501,0,3.2141999999999999
18502,0,3.2141999999999999
18503,0,3.2141999999999999
18504,0,3.2141999999999999
18505,0,3.2141999999999999
18506,0,3.2141999999999999
18507,0,3.2141999999999999
18508,0,3.2141999999999999
18509,0,3.2141999999999999
18510,0,3.2141999999999999
18511,-6.7274000000000003,3.1844999999999999
18512,-10.6212,3.1640000000000001
18513,-16.0962,3.1343000000000001
18514,-22.2532,3.1025999999999998
18515,-26.457000000000001,3.0783999999999998
18516,-31.3368,3.0487000000000002
18517,-27.325099999999999,3.0579999999999998
18518,-24.1877,3.0691000000000002
18519,-9.2942999999999998,3.1286999999999998
18520,1.2090000000000001,3.1808000000000001
18521,1.2090000000000001,3.1863000000000001
18522,12.289099999999999,3.2403
18523,13.405200000000001,3.2551999999999999
18524,10.788600000000001,3.2513999999999998
18525,7.1117999999999997,3.2366000000000001
18526,0,3.2086999999999999
18527,0,3.2067999999999999
18528,0,3.2067999999999999
18529,0,3.2067999999999999
18530,0,3.2067999999999999
18531,0,3.2067999999999999
18532,0,3.2067999999999999
18533,0,3.2086999999999999
18534,0,3.2086999999999999
18535,0,3.2086999999999999
18536,0,3.2086999999999999
18537,0,3.2086999999999999
18538,0,3.2086999999999999
18539,-0.73780000000000001,3.2067999999999999
18540,-4.2968000000000002,3.1901000000000002
18541,-6.5724,3.1789000000000001
18542,-9.6974,3.1621999999999999
18543,-18.086500000000001,3.1212
18544,-15.1351,3.1267999999999998
18545,-8.1349,3.1547000000000001
18546,-2.5421,3.1808000000000001
18547,0.44019999999999998,3.1956000000000002
18548,-3.2986,3.1825999999999999
18549,-3.8999999999999999,3.1808000000000001
18550,-1.5004,3.1901000000000002
18551,-8.1597000000000008,3.1621999999999999
18552,-13.3432,3.1360999999999999
18553,-14.6515,3.1267999999999998
18554,-16.294599999999999,3.1156000000000001
18555,-13.1386,3.125
18556,-15.4947,3.1137999999999999
18557,-7.9302999999999999,3.1436000000000002
18558,-6.2686000000000002,3.1528999999999998
18559,-2.7467000000000001,3.1715
18560,0.2356,3.1863000000000001
18561,0.2356,3.1901000000000002
18562,-6.4298000000000002,3.1640000000000001
18563,-6.2686000000000002,3.1621999999999999
18564,-5.0967000000000002,3.1677
18565,-1.5810999999999999,3.1825999999999999
18566,-0.34100000000000003,3.1901000000000002
18567,-0.33479999999999999,3.1919
18568,-2.7776999999999998,3.1825999999999999
18569,-1.5749,3.1863000000000001
18570,5.3943000000000003,3.2198000000000002
18571,1.5996999999999999,3.2086999999999999
18572,0.28520000000000001,3.2012
18573,-6.8575999999999997,3.1696
18574,-4.6875,3.177
18575,-4.7432999999999996,3.177
18576,1.1160000000000001,3.2012
18577,8.2960999999999991,3.2366000000000001
18578,7.0064000000000002,3.2366000000000001
18579,7.1985999999999999,3.2403
18580,0,3.2105000000000001
18581,0,3.2105000000000001
18582,0,3.2105000000000001
18583,0,3.2086999999999999
18584,0,3.2086999999999999
18585,0,3.2105000000000001
18586,0,3.2086999999999999
18587,0,3.2105000000000001
18588,0,3.2105000000000001
18589,0,3.2105000000000001
18590,0,3.2105000000000001
18591,0,3.2105000000000001
18592,0,3.2105000000000001
18593,0,3.2105000000000001
18594,-3.2986,3.1956000000000002
18595,-0.4526,3.2086999999999999
18596,-0.44640000000000002,3.2086999999999999
18597,-0.4526,3.2086999999999999
18598,-0.44640000000000002,3.2086999999999999
18599,-2.2134999999999998,3.1993999999999998
18600,-4.7061000000000002,3.1882000000000001
18601,-3.5404,3.1919
18602,-3.5404,3.1919
18603,-4.5014000000000003,3.1863000000000001
18604,-9.4618000000000002,3.1640000000000001
18605,-11.5017,3.1490999999999998
18606,-4.1479999999999997,3.1808000000000001
18607,0,3.1993999999999998
18608,0,3.2012
18609,0,3.2031000000000001
18610,-6.5724,3.1751999999999998
18611,-13.808199999999999,3.1398000000000001
18612,-22.005199999999999,3.0989
18613,-26.816700000000001,3.0710000000000002
18614,-25.229399999999998,3.0710000000000002
18615,-17.509899999999998,3.097
18616,-11.011900000000001,3.125
18617,-7.5396000000000001,3.1417000000000002
18618,-12.0969,3.125
18619,-10.6088,3.1305000000000001
18620,-9.6167999999999996,3.1343000000000001
18621,-8.5007000000000001,3.1379999999999999
18622,-3.621,3.1621999999999999
18623,1.2462,3.1863000000000001
18624,1.2090000000000001,3.1901000000000002
18625,-3.4163999999999999,3.1732999999999998
18626,-3.4163999999999999,3.1732999999999998
18627,-3.4163999999999999,3.1732999999999998
18628,-3.4102000000000001,3.1732999999999998
18629,-3.4226000000000001,3.1732999999999998
18630,-9.5671999999999997,3.1454
18631,-5.0223000000000004,3.1640000000000001
18632,-8.5007000000000001,3.1473
18633,-5.8964999999999996,3.1602999999999999
18634,-7.3722000000000003,3.1509999999999998
18635,-8.9037000000000006,3.1436000000000002
18636,-6.2188999999999997,3.1547000000000001
18637,-5.4562999999999997,3.1602999999999999
18638,-7.7256,3.1490999999999998
18639,-6.4298000000000002,3.1547000000000001
18640,-13.864000000000001,3.1212
18641,-28.447399999999998,3.0543
18642,8.8850999999999996,3.2124000000000001
18643,-27.2941,3.0598000000000001
18644,-6.2126999999999999,3.1417000000000002
18645,-2.9264999999999999,3.1621999999999999
18646,5.0904999999999996,3.1993999999999998
18647,19.0352,3.27
18648,17.677299999999999,3.2755999999999998
18649,15.0421,3.27
18650,11.929500000000001,3.2625999999999999
18651,8.6433,3.2477
18652,0,3.2124000000000001
18653,0,3.2105000000000001
18654,0,3.2086999999999999
18655,0,3.2086999999999999
18656,0,3.2086999999999999
18657,0,3.2086999999999999
18658,0,3.2086999999999999
18659,0,3.2086999999999999
18660,0,3.2086999999999999
18661,0,3.2086999999999999
18662,0,3.2086999999999999
18663,0,3.2086999999999999
18664,0,3.2086999999999999
18665,0,3.2086999999999999
18666,0,3.2086999999999999
18667,0,3.2086999999999999
18668,0,3.2086999999999999
18669,0,3.2105000000000001
18670,0,3.2105000000000001
18671,0,3.2105000000000001
18672,0,3.2105000000000001
18673,0,3.2105000000000001
18674,0,3.2105000000000001
18675,0,3.2105000000000001
18676,0,3.2124000000000001
18677,0,3.2105000000000001
18678,0,3.2124000000000001
18679,0,3.2105000000000001
18680,-4.8673000000000002,3.1882000000000001
18681,-10.584,3.1621999999999999
18682,-17.770299999999999,3.125
18683,-18.613499999999998,3.1156000000000001
18684,-16.486799999999999,3.1194000000000002
18685,-14.9801,3.1212
18686,-9.4865999999999993,3.1436000000000002
18687,-26.047799999999999,3.0710000000000002
18688,-7.0125999999999999,3.1454
18689,-14.0625,3.1175000000000002
18690,-11.055300000000001,3.1286999999999998
18691,-2.7776999999999998,3.1677
18692,-20.703099999999999,3.0895999999999999
18693,1.2090000000000001,3.1808000000000001
18694,0.79979999999999996,3.1863000000000001
18695,0.72540000000000004,3.1901000000000002
18696,1.2090000000000001,3.1938
18697,1.6431,3.1993999999999998
18698,1.2090000000000001,3.1993999999999998
18699,0.68200000000000005,3.1974999999999998
18700,4.0860000000000003,3.2161
18701,3.4039999999999999,3.2161
18702,3.0505,3.2161
18703,2.8458999999999999,3.2161
18704,4.2843999999999998,3.2235
18705,7.4775999999999998,3.2403
18706,0,3.2105000000000001
18707,0,3.2086999999999999
18708,0,3.2086999999999999
18709,0,3.2086999999999999
18710,0,3.2086999999999999
18711,0,3.2086999999999999
18712,0,3.2086999999999999
18713,0,3.2086999999999999
18714,0,3.2086999999999999
18715,0,3.2086999999999999
18716,0,3.2086999999999999
18717,0,3.2086999999999999
18718,0,3.2086999999999999
18719,0,3.2086999999999999
18720,0,3.2086999999999999
18721,0,3.2086999999999999
18722,0,3.2105000000000001
18723,0,3.2105000000000001
18724,0,3.2105000000000001
18725,0,3.2105000000000001
18726,0,3.2105000000000001
18727,0,3.2105000000000001
18728,0,3.2105000000000001
18729,0,3.2105000000000001
18730,0,3.2105000000000001
18731,0,3.2124000000000001
18732,0,3.2124000000000001
18733,0,3.2124000000000001
18734,0,3.2124000000000001
18735,0,3.2124000000000001
18736,0,3.2124000000000001
18737,-9.5671999999999997,3.1696
18738,-9.4122000000000003,3.1659000000000002
18739,-15.3025,3.1360999999999999
18740,-18.6631,3.1156000000000001
18741,-21.093699999999998,3.097
18742,-23.332000000000001,3.0840000000000001
18743,-6.2934000000000001,3.1509999999999998
18744,-9.2632999999999992,3.1417000000000002
18745,-27.777699999999999,3.0598000000000001
18746,-13.089,3.1175000000000002
18747,-10.584,3.1267999999999998
18748,-4.5324,3.1547000000000001
18749,0.79979999999999996,3.1825999999999999
18750,1.6802999999999999,3.1919
18751,1.6802999999999999,3.1956000000000002
18752,1.2090000000000001,3.1956000000000002
18753,1.5996999999999999,3.1993999999999998
18754,11.4087,3.2458999999999998
18755,7.1242000000000001,3.2347000000000001
18756,-1.7733000000000001,3.1956000000000002
18757,-4.5324,3.1825999999999999
18758,-4.6626000000000003,3.1789000000000001
18759,-6.0143000000000004,3.1715
18760,-11.966699999999999,3.1417000000000002
18761,-20.095400000000001,3.1025999999999998
18762,-22.265599999999999,3.0859000000000001
18763,-20.4985,3.0876999999999999
18764,-5.3323,3.1490999999999998
18765,-0.50219999999999998,3.177
18766,-1.8601000000000001,3.1751999999999998
18767,5.6795,3.2124000000000001
18768,10.646000000000001,3.2403
18769,7.2915999999999999,3.2309999999999999
18770,4.0797999999999996,3.2198000000000002
18771,-1.8973,3.1938
18772,-17.702100000000002,3.1212
18773,-21.7819,3.0933000000000002
18774,-20.802299999999999,3.0914999999999999
18775,-21.013100000000001,3.0840000000000001
18776,-15.2219,3.1044999999999998
18777,-8.5441000000000003,3.1343000000000001
18778,-7.335,3.1398000000000001
18779,-5.2641,3.1509999999999998
18780,0.67579999999999996,3.1808000000000001
18781,-2.1762999999999999,3.1732999999999998
18782,-5.8964999999999996,3.1547000000000001
18783,-5.2206999999999999,3.1602999999999999
18784,-2.2134999999999998,3.1732999999999998
18785,-2.1762999999999999,3.1751999999999998
18786,-3.6953999999999998,3.1696
18787,-10.094200000000001,3.1398000000000001
18788,-10.2988,3.1360999999999999
18789,-5.4625000000000004,3.1547000000000001
18790,0.155,3.1825999999999999
18791,1.24,3.1901000000000002
18792,-5.2641,3.1640000000000001
18793,-8.9037000000000006,3.1454
18794,-11.935700000000001,3.1305000000000001
18795,-4.0612000000000004,3.1640000000000001
18796,0,3.1825999999999999
18797,-9.2012999999999998,3.1436000000000002
18798,-11.607100000000001,3.1305000000000001
18799,-14.1927,3.1156000000000001
18800,-18.619700000000002,3.0914999999999999
18801,-13.864000000000001,3.1082000000000001
18802,-11.8241,3.1175000000000002
18803,-8.9346999999999994,3.1305000000000001
18804,-9.0525000000000002,3.1305000000000001
18805,-9.2136999999999993,3.1286999999999998
18806,-5.0533000000000001,3.1473
18807,-1.5749,3.1677
18808,-3.2118000000000002,3.1621999999999999
18809,-3.2118000000000002,3.1640000000000001
18810,-6.6592000000000002,3.1473
18811,-10.7948,3.1286999999999998
18812,0.68200000000000005,3.1789000000000001
18813,1.3268,3.1863000000000001
18814,0.68200000000000005,3.1863000000000001
18815,-8.8231000000000002,3.1436000000000002
18816,-12.072100000000001,3.1267999999999998
18817,-10.7018,3.1286999999999998
18818,-7.6635999999999997,3.1417000000000002
18819,-6.8575999999999997,3.1436000000000002
18820,-3.3792,3.1621999999999999
18821,1.3206,3.1844999999999999
18822,2.0398999999999998,3.1919
18823,-6.4980000000000002,3.1547000000000001
18824,-8.9346999999999994,3.1417000000000002
18825,-12.245699999999999,3.125
18826,-12.5372,3.1194000000000002
18827,-13.7834,3.1101000000000001
18828,-11.458299999999999,3.1194000000000002
18829,-8.2527000000000008,3.1324000000000001
18830,-1.8539000000000001,3.1640000000000001
18831,1.3206,3.1808000000000001
18832,21.304500000000001,3.2755999999999998
18833,19.506399999999999,3.2793000000000001
18834,18.272500000000001,3.2812000000000001
18835,15.507099999999999,3.2755999999999998
18836,12.3635,3.2663000000000002
18837,9.0772999999999993,3.2551999999999999
18838,0,3.2141999999999999
18839,0,3.2105000000000001
18840,0,3.2105000000000001
18841,0,3.2086999999999999
18842,0,3.2086999999999999
18843,0,3.2086999999999999
18844,0,3.2067999999999999
18845,0,3.2067999999999999
18846,0,3.2067999999999999
18847,0,3.2067999999999999
18848,0,3.2067999999999999
18849,0,3.2067999999999999
18850,0,3.2067999999999999
18851,0,3.2067999999999999
18852,0,3.2067999999999999
18853,0,3.2086999999999999
18854,0,3.2067999999999999
18855,0,3.2086999999999999
18856,0,3.2086999999999999
18857,0,3.2086999999999999
18858,0,3.2086999999999999
18859,0,3.2086999999999999
18860,0,3.2086999999999999
18861,0,3.2086999999999999
18862,0,3.2086999999999999
18863,0,3.2086999999999999
18864,0,3.2086999999999999
18865,0,3.2086999999999999
18866,0,3.2086999999999999
18867,0,3.2105000000000001
18868,0,3.2105000000000001
18869,0,3.2105000000000001
18870,0,3.2105000000000001
18871,0,3.2105000000000001
18872,0,3.2105000000000001
18873,0,3.2105000000000001
18874,0,3.2105000000000001
18875,0,3.2105000000000001
18876,0,3.2105000000000001
18877,0,3.2105000000000001
18878,0,3.2105000000000001
18879,0,3.2105000000000001
18880,-10.460000000000001,3.1640000000000001
18881,-14.4221,3.1398000000000001
18882,-18.2973,3.1175000000000002
18883,-22.7864,3.0914999999999999
18884,-28.559000000000001,3.0579999999999998
18885,-33.401499999999999,3.0318999999999998
18886,-29.210000000000001,3.0411999999999999
18887,-28.168399999999998,3.0394000000000001
18888,-22.284199999999998,3.0617000000000001
18889,-12.1403,3.1025999999999998
18890,2.6351,3.1732999999999998
18891,1.8043,3.1789000000000001
18892,0.67579999999999996,3.1789000000000001
18893,-7.3722000000000003,3.1436000000000002
18894,-6.0949,3.1473
18895,-6.1692999999999998,3.1490999999999998
18896,-9.0525000000000002,3.1360999999999999
18897,-21.447099999999999,3.0802999999999998
18898,2.7157,3.1808000000000001
18899,13.994199999999999,3.2403
18900,6.0391000000000004,3.2141999999999999
18901,16.0776,3.2625999999999999
18902,6.9134000000000002,3.2290999999999999
18903,1.0044,3.2031000000000001
18904,-10.180999999999999,3.1528999999999998
18905,-6.7397999999999998,3.1640000000000001
18906,-15.600099999999999,3.1212
18907,-26.7423,3.0653999999999999
18908,-30.809699999999999,3.0394000000000001
18909,-39.924300000000002,2.9929000000000001
18910,-39.936700000000002,2.9853999999999998
18911,-39.924300000000002,2.9799000000000002
18912,-39.924300000000002,2.9761000000000002
18913,-25.248000000000001,3.0301
18914,-39.918100000000003,2.9706000000000001
18915,-30.084299999999999,3.0059
18916,-39.930500000000002,2.9649999999999999
18917,-38.2502,2.9687000000000001
18918,-39.924300000000002,2.9594
18919,-29.1294,2.9984999999999999
18920,-27.418099999999999,3.0059
18921,-25.855599999999999,3.0133000000000001
18922,-10.453799999999999,3.0783999999999998
18923,-6.3802000000000003,3.1008
18924,-8.6867000000000001,3.0952000000000002
18925,-6.2126999999999999,3.1082000000000001
18926,-10.212,3.0952000000000002
18927,-10.212,3.0952000000000002
18928,-10.1996,3.0952000000000002
18929,-10.2058,3.097
18930,-14.775499999999999,3.0783999999999998
18931,-14.8499,3.0766
18932,-21.769500000000001,3.0449999999999999
18933,-24.4605,3.0318999999999998
18934,-24.937899999999999,3.0264000000000002
18935,-20.6907,3.0411999999999999
18936,-23.418800000000001,3.0301
18937,-26.239999999999998,3.0152000000000001
18938,-21.862500000000001,3.0318999999999998
18939,-24.652699999999999,3.0188999999999999
18940,-30.096699999999998,2.9965999999999999
18941,-39.918100000000003,2.9538000000000002
18942,-39.508899999999997,2.9500999999999999
18943,-27.6785,2.9946999999999999
18944,-22.780200000000001,3.0152000000000001
18945,-17.497499999999999,3.0394000000000001
18946,-12.3263,3.0617000000000001
18947,-7.4156000000000004,3.0876999999999999
18948,-14.6577,3.0598000000000001
18949,-19.896999999999998,3.0394000000000001
18950,-22.9724,3.0245000000000002
18951,-25.886600000000001,3.0078
18952,-20.653500000000001,3.0282
18953,-26.457000000000001,3.004
18954,-21.093699999999998,3.0264000000000002
18955,-24.299299999999999,3.0114999999999998
18956,-18.805800000000001,3.0337999999999998
18957,-16.1706,3.0449999999999999
18958,-11.377700000000001,3.0691000000000002
18959,-16.052800000000001,3.0505
18960,-16.059000000000001,3.0505
18961,-16.052800000000001,3.0505
18962,-16.046600000000002,3.0505
18963,-16.059000000000001,3.0505
18964,-13.3432,3.0617000000000001
18965,-8.3270999999999997,3.0859000000000001
18966,-8.1721000000000004,3.0895999999999999
18967,1.4818,3.1343000000000001
18968,-2.1019000000000001,3.125
18969,-4.5819999999999999,3.1175000000000002
18970,-9.6912000000000003,3.0952000000000002
18971,-6.9382000000000001,3.1063000000000001
18972,-11.5265,3.0876999999999999
18973,-21.968,3.0411999999999999
18974,-16.809200000000001,3.0560999999999998
18975,-16.846399999999999,3.0543
18976,-14.2919,3.0636000000000001
18977,-6.9753999999999996,3.097
18978,-4.1417999999999999,3.1156000000000001
18979,-4.0922000000000001,3.1175000000000002
18980,-3.8938000000000001,3.1212
18981,-1.0105999999999999,3.1360999999999999
18982,-20.6907,3.0524
18983,-3.5775999999999999,3.1212
18984,-10.6212,3.0933000000000002
18985,-8.6556999999999995,3.1008
18986,-8.4945000000000004,3.1008
18987,-15.2963,3.0729000000000002
18988,-11.061500000000001,3.0876999999999999
18989,-39.930500000000002,2.9649999999999999
18990,2.0398999999999998,3.1343000000000001
18991,-39.918100000000003,2.9630999999999998
18992,-13.8888,3.0598000000000001
18993,-27.132899999999999,3.0059
18994,-39.936700000000002,2.952
18995,-28.441199999999998,2.9891999999999999
18996,-20.523299999999999,3.0226000000000002
18997,-26.3764,2.9984999999999999
18998,-15.693199999999999,3.0430999999999999
18999,-10.863,3.0653999999999999
19000,0,3.1194000000000002
19001,1.6493,3.1324000000000001
19002,4.6811999999999996,3.1509999999999998
19003,7.8868999999999998,3.1732999999999998
19004,6.5599999999999996,3.1732999999999998
19005,-12.8162,3.0914999999999999
19006,-12.8224,3.0859000000000001
19007,-3.1808000000000001,3.125
19008,6.6467999999999998,3.1732999999999998
19009,-10.1996,3.1044999999999998
19010,-14.260899999999999,3.0821999999999998
19011,-10.212,3.097
19012,-2.5358999999999998,3.1305000000000001
19013,-9.9019999999999992,3.1008
19014,-11.5761,3.0914999999999999
19015,-11.5823,3.0895999999999999
19016,-2.2940999999999998,3.1305000000000001
19017,0,3.1436000000000002
19018,0.124,3.1473
19019,5.1276999999999999,3.1732999999999998
19020,7.9550999999999998,3.1919
19021,7.9116999999999997,3.1956000000000002
19022,9.0772999999999993,3.2031000000000001
19023,9.0029000000000003,3.2086999999999999
19024,7.7628000000000004,3.2067999999999999
19025,8.7920999999999996,3.2124000000000001
19026,15.1599,3.2421000000000002
19027,11.5947,3.2328000000000001
19028,14.1493,3.2440000000000002
19029,9.9640000000000004,3.2309999999999999
19030,8.5254999999999992,3.2273000000000001
19031,5.5617000000000001,3.2141999999999999
19032,4.6440000000000001,3.2105000000000001
19033,-3.2924000000000002,3.1751999999999998
19034,1.3206,3.1919
19035,5.2454999999999998,3.2105000000000001
19036,8.9161000000000001,3.2273000000000001
19037,15.718,3.2589000000000001
19038,17.801300000000001,3.2719
19039,5.8779000000000003,3.2273000000000001
19040,3.7202000000000002,3.2161
19041,1.5562,3.2067999999999999
19042,5.2083000000000004,3.2198000000000002
19043,4.7309000000000001,3.2198000000000002
19044,8.4821000000000009,3.2347000000000001
19045,3.7635999999999998,3.218
19046,0,3.1993999999999998
19047,0,3.1974999999999998
19048,0,3.1974999999999998
19049,0,3.1974999999999998
19050,0,3.1956000000000002
19051,0,3.1956000000000002
19052,0,3.1956000000000002
19053,0,3.1956000000000002
19054,0,3.1956000000000002
19055,0,3.1956000000000002
19056,0,3.1956000000000002
19057,0,3.1956000000000002
19058,0,3.1938
19059,0,3.1938
19060,0,3.1938
19061,0,3.1938
19062,0,3.1938
19063,-3.2986,3.1808000000000001
19064,-10.584,3.1473
19065,-16.666599999999999,3.1175000000000002
19066,-20.169799999999999,3.0933000000000002
19067,-24.5411,3.0691000000000002
19068,-28.168399999999998,3.0449999999999999
19069,-27.777699999999999,3.0394000000000001
19070,-30.735299999999999,3.0226000000000002
19071,-16.858799999999999,3.0747
19072,-21.7075,3.0543
19073,-20.938700000000001,3.0543
19074,-23.6297,3.0411999999999999
19075,-31.411200000000001,3.004
19076,-16.1768,3.0617000000000001
19077,-16.741,3.0617000000000001
19078,-13.058,3.0802999999999998
19079,-15.935,3.0691000000000002
19080,-17.578099999999999,3.0598000000000001
19081,-19.773,3.0487000000000002
19082,-7.8930999999999996,3.0989
19083,-10.732799999999999,3.0895999999999999
19084,-4.2534000000000001,3.1212
19085,-0.4526,3.1417000000000002
19086,-8.9408999999999992,3.1063000000000001
19087,-18.861599999999999,3.0617000000000001
19088,-14.769299999999999,3.0766
19089,-6.5351999999999997,3.1101000000000001
19090,-6.5351999999999997,3.1137999999999999
19091,-6.5476000000000001,3.1175000000000002
19092,-6.5289999999999999,3.1175000000000002
19093,-6.5351999999999997,3.1175000000000002
19094,-7.7256,3.1137999999999999
19095,-11.414899999999999,3.097
19096,-7.8930999999999996,3.1101000000000001
19097,-4.7432999999999996,3.1267999999999998
19098,0.44640000000000002,3.1509999999999998
19099,5.1276999999999999,3.177
19100,6.0019,3.1863000000000001
19101,2.2010999999999998,3.1732999999999998
19102,15.197100000000001,3.2328000000000001
19103,16.555,3.2458999999999998
19104,20.076799999999999,3.2682000000000002
19105,14.645300000000001,3.2513999999999998
19106,13.5664,3.2477
19107,12.2333,3.2458999999999998
19108,10.559200000000001,3.2403
19109,6.1569000000000003,3.2235
19110,0,3.1956000000000002
19111,0,3.1938
19112,0,3.1919
19113,0,3.1901000000000002
19114,0,3.1901000000000002
19115,0,3.1901000000000002
19116,0,3.1901000000000002
19117,0,3.1901000000000002
19118,0,3.1882000000000001
19119,-8.3023000000000007,3.1528999999999998
19120,-10.615,3.1379999999999999
19121,-17.0138,3.1063000000000001
19122,-23.1708,3.0747
19123,-27.337499999999999,3.0468000000000002
19124,-32.1738,3.0171000000000001
19125,-39.924300000000002,2.9780000000000002
19126,-35.571599999999997,2.9853999999999998
19127,-11.7311,3.0802999999999998
19128,-28.3172,3.0133000000000001
19129,-24.497699999999998,3.0264000000000002
19130,-18.619700000000002,3.0468000000000002
19131,-6.5662000000000003,3.1008
19132,-3.1436000000000002,3.1231
19133,0,3.1417000000000002
19134,0.67579999999999996,3.1490999999999998
19135,1.3206,3.1566000000000001
19136,3.6829999999999998,3.1715
19137,17.633900000000001,3.2383999999999999
19138,18.036899999999999,3.2477
19139,15.277699999999999,3.2440000000000002
19140,12.115500000000001,3.2366000000000001
19141,8.8850999999999996,3.2254
19142,0,3.1863000000000001
19143,0,3.1844999999999999
19144,0,3.1844999999999999
19145,0,3.1825999999999999
19146,0,3.1825999999999999
19147,0,3.1825999999999999
19148,0,3.1825999999999999
19149,0,3.1825999999999999
19150,0,3.1825999999999999
19151,0,3.1844999999999999
19152,0,3.1844999999999999
19153,0,3.1844999999999999
19154,0,3.1844999999999999
19155,0,3.1844999999999999
19156,0,3.1844999999999999
19157,0,3.1844999999999999
19158,0,3.1844999999999999
19159,0,3.1844999999999999
19160,0,3.1863000000000001
19161,0,3.1863000000000001
19162,0,3.1863000000000001
19163,0,3.1863000000000001
19164,-10.460000000000001,3.1398000000000001
19165,-14.415900000000001,3.1194000000000002
19166,-18.2973,3.0952000000000002
19167,-22.774000000000001,3.0691000000000002
19168,-28.5838,3.0375000000000001
19169,-33.407699999999998,3.0078
19170,-39.918100000000003,2.9723999999999999
19171,-39.924300000000002,2.9630999999999998
19172,-22.023800000000001,3.0301
19173,-21.775700000000001,3.0318999999999998
19174,-39.930500000000002,2.9575
19175,-28.354399999999998,2.9965999999999999
19176,-14.4221,3.0543
19177,-24.8139,3.0133000000000001
19178,-10.8134,3.0729000000000002
19179,-14.5275,3.0598000000000001
19180,-14.818899999999999,3.0579999999999998
19181,-4.5758000000000001,3.1044999999999998
19182,-7.7380000000000004,3.0952000000000002
19183,-7.7751999999999999,3.097
19184,-2.6598999999999999,3.1231
19185,-0.65720000000000001,3.1360999999999999
19186,-11.2227,3.0914999999999999
19187,-6.5476000000000001,3.1082000000000001
19188,0.496,3.1436000000000002
19189,-4.4580000000000002,3.125
19190,-4.3898000000000001,3.1267999999999998
19191,-2.4615,3.1360999999999999
19192,-6.2624000000000004,3.1212
19193,-6.2624000000000004,3.1212
19194,-6.2624000000000004,3.1212
19195,-6.2624000000000004,3.1212
19196,-6.25,3.1212
19197,-2.4119000000000002,3.1379999999999999
19198,-8.0914999999999999,3.1156000000000001
19199,-8.1287000000000003,3.1137999999999999
19200,-11.0181,3.0989
19201,-0.52700000000000002,3.1436000000000002
19202,-2.4056999999999999,3.1398000000000001
19203,-6.1755000000000004,3.125
19204,-6.1755000000000004,3.125
19205,-2.3809,3.1417000000000002
19206,-2.2940999999999998,3.1417000000000002
19207,-4.1417999999999999,3.1360999999999999
19208,5.9584999999999999,3.1825999999999999
19209,10.1624,3.2086999999999999
19210,13.076599999999999,3.2254
19211,13.802,3.2347000000000001
19212,14.7941,3.2440000000000002
19213,15.922599999999999,3.2532999999999999
19214,13.2502,3.2458999999999998
19215,13.2378,3.2477
19216,10.646000000000001,3.2383999999999999
19217,6.7645999999999997,3.2254
19218,0,3.1938
19219,0,3.1919
19220,0,3.1901000000000002
19221,0,3.1901000000000002
19222,0,3.1882000000000001
19223,0,3.1882000000000001
19224,0,3.1882000000000001
19225,0,3.1882000000000001
19226,0,3.1882000000000001
19227,-3.9371999999999998,3.1715
19228,-7.4962,3.1528999999999998
19229,-6.6281999999999996,3.1528999999999998
19230,-3.5838000000000001,3.1659000000000002
19231,-11.377700000000001,3.1305000000000001
19232,-7.056,3.1436000000000002
19233,-6.5724,3.1454
19234,-10.2554,3.1286999999999998
19235,-15.829599999999999,3.1008
19236,-17.410699999999999,3.0876999999999999
19237,-16.294599999999999,3.0876999999999999
19238,-13.901199999999999,3.0952000000000002
19239,-13.448600000000001,3.0952000000000002
19240,-11.966699999999999,3.0989
19241,-13.2936,3.0933000000000002
19242,-14.415900000000001,3.0859000000000001
19243,-12.531000000000001,3.0933000000000002
19244,-11.737299999999999,3.0952000000000002
19245,-8.6556999999999995,3.1082000000000001
19246,-5.2579000000000002,3.125
19247,-3.7884000000000002,3.1343000000000001
19248,-3.7884000000000002,3.1360999999999999
19249,-3.7884000000000002,3.1379999999999999
19250,-3.7884000000000002,3.1398000000000001
19251,-3.7884000000000002,3.1398000000000001
19252,-11.743499999999999,3.1044999999999998
19253,-6.2995999999999999,3.125
19254,-6.3802000000000003,3.1267999999999998
19255,0.68200000000000005,3.1602999999999999
19256,0.68200000000000005,3.1640000000000001
19257,-0.75019999999999998,3.1602999999999999
19258,-3.7884000000000002,3.1454
19259,-3.7946,3.1454
19260,1.7670999999999999,3.1715
19261,6.1631,3.1938
19262,16.437200000000001,3.2440000000000002
19263,13.2502,3.2383999999999999
19264,10.646000000000001,3.2309999999999999
19265,0,3.1863000000000001
19266,0,3.1844999999999999
19267,0,3.1844999999999999
19268,0,3.1825999999999999
19269,0,3.1825999999999999
19270,0,3.1825999999999999
19271,0,3.1825999999999999
19272,0,3.1825999999999999
19273,0,3.1825999999999999
19274,0,3.1825999999999999
19275,0,3.1825999999999999
19276,0,3.1825999999999999
19277,0,3.1825999999999999
19278,0,3.1825999999999999
19279,0,3.1844999999999999
19280,0,3.1844999999999999
19281,0,3.1844999999999999
19282,0,3.1844999999999999
19283,0,3.1844999999999999
19284,0,3.1844999999999999
19285,-10.4414,3.1379999999999999
19286,-14.415900000000001,3.1156000000000001
19287,-18.2973,3.0914999999999999
19288,-22.5322,3.0653999999999999
19289,-13.268800000000001,3.0989
19290,-13.020799999999999,3.0989
19291,-10.9747,3.1063000000000001
19292,-2.1019000000000001,3.1473
19293,-2.1019000000000001,3.1509999999999998
19294,-6.2624000000000004,3.1343000000000001
19295,-4.0922000000000001,3.1436000000000002
19296,-2.1019000000000001,3.1528999999999998
19297,-0.124,3.1659000000000002
19298,1.0044,3.1732999999999998
19299,-1.1035999999999999,3.1659000000000002
19300,0.2356,3.1732999999999998
19301,-6.2126999999999999,3.1436000000000002
19302,-3.1808000000000001,3.1547000000000001
19303,-1.1035999999999999,3.1659000000000002
19304,0.56420000000000003,3.1751999999999998
19305,-1.054,3.1696
19306,-2.0089000000000001,3.1659000000000002
19307,-3.0257000000000001,3.1621999999999999
19308,-6.2126999999999999,3.1454
19309,-7.2172000000000001,3.1379999999999999
19310,-10.422800000000001,3.1212
19311,-8.8975000000000009,3.125
19312,-12.4937,3.1063000000000001
19313,-10.9437,3.1101000000000001
19314,-3.8875999999999999,3.1417000000000002
19315,-3.9371999999999998,3.1436000000000002
19316,-7.6946000000000003,3.1267999999999998
19317,-7.5023999999999997,3.1267999999999998
19318,-7.6201999999999996,3.125
19319,-4.5324,3.1379999999999999
19320,-3.1745999999999999,3.1454
19321,-3.1808000000000001,3.1473
19322,-5.2950999999999997,3.1379999999999999
19323,-14.9305,3.0952000000000002
19324,-20.461300000000001,3.0636000000000001
19325,-15.2157,3.0802999999999998
19326,-10.788600000000001,3.097
19327,-10.416600000000001,3.0989
19328,3.9186000000000001,3.1677
19329,17.6401,3.2347000000000001
19330,16.164400000000001,3.2403
19331,13.033200000000001,3.2347000000000001
19332,9.6788000000000007,3.2254
19333,0,3.1844999999999999
19334,0,3.1825999999999999
19335,0,3.1808000000000001
19336,0,3.1808000000000001
19337,0,3.1808000000000001
19338,0,3.1808000000000001
19339,0,3.1808000000000001
19340,0,3.1808000000000001
19341,0,3.1808000000000001
19342,0,3.1808000000000001
19343,0,3.1825999999999999
19344,0,3.1825999999999999
19345,0,3.1825999999999999
19346,0,3.1825999999999999
19347,0,3.1825999999999999
19348,0,3.1825999999999999
19349,0,3.1825999999999999
19350,0,3.1825999999999999
19351,0,3.1844999999999999
19352,0,3.1844999999999999
19353,0,3.1844999999999999
19354,0,3.1844999999999999
19355,0,3.1844999999999999
19356,0,3.1844999999999999
19357,0,3.1844999999999999
19358,0,3.1844999999999999
19359,0,3.1844999999999999
19360,0,3.1863000000000001
19361,0,3.1863000000000001
19362,-6.4236000000000004,3.1566000000000001
19363,-8.1287000000000003,3.1454
19364,-17.0944,3.1008
19365,-13.857799999999999,3.1082000000000001
19366,-16.3752,3.0933000000000002
19367,-11.966699999999999,3.1082000000000001
19368,-11.607100000000001,3.1082000000000001
19369,-19.971399999999999,3.0710000000000002
19370,-21.564900000000002,3.0560999999999998
19371,-16.492999999999999,3.0747
19372,-15.699400000000001,3.0747
19373,-15.420299999999999,3.0747
19374,-17.497499999999999,3.0636000000000001
19375,-13.448600000000001,3.0802999999999998
19376,-7.5768000000000004,3.1044999999999998
19377,-9.1331000000000007,3.1008
19378,-5.6174999999999997,3.1194000000000002
19379,-5.6608999999999998,3.1212
19380,-4.1045999999999996,3.1286999999999998
19381,-6.5351999999999997,3.1212
19382,-5.6981000000000002,3.125
19383,-4.1417999999999999,3.1324000000000001
19384,1.2462,3.1602999999999999
19385,1.2524,3.1640000000000001
19386,10.087999999999999,3.2067999999999999
19387,11.1607,3.2198000000000002
19388,13.3246,3.2328000000000001
19389,7.7999999999999998,3.2161
19390,6.2003000000000004,3.2105000000000001
19391,7.5953999999999997,3.218
19392,0,3.1844999999999999
19393,0,3.1825999999999999
19394,0,3.1825999999999999
19395,0,3.1825999999999999
19396,0,3.1825999999999999
19397,0,3.1808000000000001
19398,0,3.1825999999999999
19399,0,3.1825999999999999
19400,0,3.1825999999999999
19401,0,3.1825999999999999
19402,0,3.1825999999999999
19403,0,3.1825999999999999
19404,0,3.1825999999999999
19405,0,3.1825999999999999
19406,0,3.1825999999999999
19407,0,3.1825999999999999
19408,0,3.1844999999999999
19409,0,3.1844999999999999
19410,-4.5324,3.1640000000000001
19411,-6.2126999999999999,3.1528999999999998
19412,-3.8193999999999999,3.1640000000000001
19413,-6.9320000000000004,3.1473
19414,-13.9756,3.1137999999999999
19415,-13.6098,3.1082000000000001
19416,-15.935,3.0933000000000002
19417,-10.180999999999999,3.1156000000000001
19418,-16.257400000000001,3.0859000000000001
19419,-5.0656999999999996,3.1324000000000001
19420,-0.124,3.1602999999999999
19421,-2.0213000000000001,3.1528999999999998
19422,-16.8216,3.0876999999999999
19423,-11.8179,3.1025999999999998
19424,-11.4087,3.1025999999999998
19425,-16.902200000000001,3.0766
19426,-14.0625,3.0840000000000001
19427,-3.1808000000000001,3.1324000000000001
19428,0.79979999999999996,3.1547000000000001
19429,-10.174799999999999,3.1082000000000001
19430,-10.453799999999999,3.1044999999999998
19431,-5.5740999999999996,3.1267999999999998
19432,4.0426000000000002,3.1732999999999998
19433,3.5651999999999999,3.177
19434,4.4889999999999999,3.1844999999999999
19435,11.049099999999999,3.2198000000000002
19436,10.912599999999999,3.2254
19437,8.1225000000000005,3.218
19438,0,3.1825999999999999
19439,0,3.1808000000000001
19440,0,3.1808000000000001
19441,0,3.1808000000000001
19442,0,3.1789000000000001
19443,0,3.1789000000000001
19444,-0.2046,3.1789000000000001
19445,-8.6556999999999995,3.1398000000000001
19446,-10.6088,3.1267999999999998
19447,-16.567399999999999,3.0952000000000002
19448,-20.343499999999999,3.0729000000000002
19449,-11.972899999999999,3.1008
19450,-17.435500000000001,3.0766
19451,-18.867799999999999,3.0636000000000001
19452,-17.224699999999999,3.0653999999999999
19453,-21.6951,3.0449999999999999
19454,-20.907699999999998,3.0430999999999999
19455,-19.9404,3.0430999999999999
19456,-16.1768,3.0579999999999998
19457,-16.902200000000001,3.0543
19458,-11.8241,3.0766
19459,-10.739000000000001,3.0840000000000001
19460,-8.0604999999999993,3.0952000000000002
19461,-9.6229999999999993,3.0914999999999999
19462,-8.3332999999999995,3.097
19463,-4.4518000000000004,3.1175000000000002
19464,0,3.1398000000000001
19465,-2.7467000000000001,3.1324000000000001
19466,-1.1035999999999999,3.1417000000000002
19467,1.3206,3.1547000000000001
19468,2.5607000000000002,3.1659000000000002
19469,6.7274000000000003,3.1882000000000001
19470,10.7204,3.2124000000000001
19471,10.038399999999999,3.2141999999999999
19472,11.6877,3.2254
19473,9.7965999999999998,3.2216999999999998
19474,5.2083000000000004,3.2031000000000001
19475,6.6529999999999996,3.2124000000000001
19476,0,3.1825999999999999
19477,0,3.1808000000000001
19478,0,3.1808000000000001
19479,0,3.1808000000000001
19480,-0.44640000000000002,3.177
19481,0,3.1789000000000001
19482,0,3.1789000000000001
19483,-9.5671999999999997,3.1360999999999999
19484,-10.615,3.1267999999999998
19485,-17.776499999999999,3.0895999999999999
19486,-23.927299999999999,3.0543
19487,-24.144300000000001,3.0430999999999999
19488,-16.102399999999999,3.0729000000000002
19489,-10.3794,3.0952000000000002
19490,-13.0146,3.0859000000000001
19491,-14.223699999999999,3.0783999999999998
19492,-15.7738,3.0691000000000002
19493,-16.492999999999999,3.0617000000000001
19494,-25.248000000000001,3.0226000000000002
19495,-22.9786,3.0264000000000002
19496,-16.8154,3.0487000000000002
19497,-10.9375,3.0766
19498,-8.1783000000000001,3.0914999999999999
19499,-12.258100000000001,3.0747
19500,-4.5262000000000002,3.1082000000000001
19501,-4.5324,3.1137999999999999
19502,-2.8521000000000001,3.125
19503,0,3.1398000000000001
19504,-1.1346000000000001,3.1398000000000001
19505,-4.3339999999999996,3.1267999999999998
19506,-4.3339999999999996,3.1267999999999998
19507,-2.7467000000000001,3.1343000000000001
19508,2.0089000000000001,3.1602999999999999
19509,-2.6164999999999998,3.1398000000000001
19510,-4.1417999999999999,3.1343000000000001
19511,-4.1417999999999999,3.1324000000000001
19512,-4.1479999999999997,3.1343000000000001
19513,-4.1417999999999999,3.1343000000000001
19514,-4.1417999999999999,3.1324000000000001
19515,-5.7786999999999997,3.1267999999999998
19516,-9.4865999999999993,3.1082000000000001
19517,-11.1731,3.097
19518,-25.4588,3.0301
19519,-19.326599999999999,3.0468000000000002
19520,-19.735800000000001,3.0411999999999999
19521,-20.4861,3.0356999999999998
19522,-5.7849000000000004,3.0989
19523,-14.415900000000001,3.0636000000000001
19524,-11.972899999999999,3.0729000000000002
19525,-10.453799999999999,3.0802999999999998
19526,-4.1045999999999996,3.1101000000000001
19527,-2.1762999999999999,3.1231
19528,-5.8531000000000004,3.1082000000000001
19529,-3.9744000000000002,3.1194000000000002
19530,-0.29139999999999999,3.1379999999999999
19531,1.3206,3.1490999999999998
19532,-3.9371999999999998,3.1286999999999998
19533,1.3206,3.1528999999999998
19534,1.3206,3.1566000000000001
19535,-3.621,3.1360999999999999
19536,-0.124,3.1509999999999998
19537,-3.5404,3.1379999999999999
19538,4.6440000000000001,3.1751999999999998
19539,2.0398999999999998,3.1696
19540,-3.1374,3.1454
19541,-4.8239000000000001,3.1360999999999999
19542,-4.8177000000000003,3.1343000000000001
19543,-4.8177000000000003,3.1343000000000001
19544,0,3.1547000000000001
19545,-3.0257000000000001,3.1436000000000002
19546,-4.6936999999999998,3.1360999999999999
19547,-1.2958000000000001,3.1509999999999998
19548,0.67579999999999996,3.1621999999999999
19549,2.6351,3.1732999999999998
19550,1.3206,3.1715
19551,2.6103000000000001,3.177
19552,7.9612999999999996,3.2031000000000001
19553,9.5609999999999999,3.2161
19554,8.7301000000000002,3.2161
19555,6.5599999999999996,3.2105000000000001
19556,5.2020999999999997,3.2067999999999999
19557,-2.3809,3.1715
19558,-11.4087,3.1267999999999998
19559,-10.8506,3.1231
19560,-7.8993000000000002,3.1305000000000001
19561,-8.9408999999999992,3.125
19562,-10.094200000000001,3.1175000000000002
19563,-10.416600000000001,3.1101000000000001
19564,-12.686,3.0989
19565,-15.823399999999999,3.0802999999999998
19566,-16.530200000000001,3.0729000000000002
19567,-11.5823,3.0895999999999999
19568,-3.9434,3.125
19569,-6.2624000000000004,3.1175000000000002
19570,-6.2872000000000003,3.1194000000000002
19571,-6.4236000000000004,3.1194000000000002
19572,-11.613300000000001,3.0933000000000002
19573,-8.1349,3.1063000000000001
19574,-13.5726,3.0821999999999998
19575,-6.1692999999999998,3.1137999999999999
19576,-6.2188999999999997,3.1156000000000001
19577,-6.2188999999999997,3.1156000000000001
19578,-2.9451000000000001,3.1305000000000001
19579,4.3712,3.1696
19580,2.0089000000000001,3.1640000000000001
19581,1.3268,3.1640000000000001
19582,6.0949,3.1882000000000001
19583,3.1993999999999998,3.1789000000000001
19584,1.24,3.1715
19585,-7.3040000000000003,3.1324000000000001
19586,-7.4156000000000004,3.1286999999999998
19587,-8.9408999999999992,3.1194000000000002
19588,-6.2686000000000002,3.1267999999999998
19589,-10.615,3.1063000000000001
19590,-12.487500000000001,3.0933000000000002
19591,-11.507899999999999,3.0952000000000002
19592,-7.9861000000000004,3.1082000000000001
19593,-11.9481,3.0914999999999999
19594,-12.295299999999999,3.0859000000000001
19595,-7.056,3.1082000000000001
19596,-2.9264999999999999,3.1286999999999998
19597,-2.9388999999999998,3.1324000000000001
19598,-2.8521000000000001,3.1343000000000001
19599,0.73160000000000003,3.1528999999999998
19600,0.72540000000000004,3.1566000000000001
19601,-2.7404999999999999,3.1436000000000002
19602,-4.2968000000000002,3.1360999999999999
19603,0.72540000000000004,3.1602999999999999
19604,0.72540000000000004,3.1621999999999999
19605,1.9655,3.1696
19606,-9.0525000000000002,3.1212
19607,-10.6584,3.1063000000000001
19608,-7.9737,3.1175000000000002
19609,-6.6529999999999996,3.1212
19610,-1.1035999999999999,3.1454
19611,-6.6529999999999996,3.1231
19612,-4.3029999999999999,3.1324000000000001
19613,-4.2968000000000002,3.1324000000000001
19614,0,3.1528999999999998
19615,0.124,3.1566000000000001
19616,1.3206,3.1659000000000002
19617,0.124,3.1640000000000001
19618,-2.5731000000000002,3.1509999999999998
19619,-4.1479999999999997,3.1417000000000002
19620,-4.1417999999999999,3.1417000000000002
19621,-0.93620000000000003,3.1547000000000001
19622,-2.4552999999999998,3.1490999999999998
19623,-4.0983999999999998,3.1417000000000002
19624,0,3.1621999999999999
19625,0.124,3.1640000000000001
19626,-3.8999999999999999,3.1454
19627,-7.7317999999999998,3.1267999999999998
19628,-2.4119000000000002,3.1473
19629,0.155,3.1621999999999999
19630,3.7574000000000001,3.1808000000000001
19631,4.7247000000000003,3.1882000000000001
19632,5.8841000000000001,3.1974999999999998
19633,1.6802999999999999,3.1825999999999999
19634,-2.8210999999999999,3.1621999999999999
19635,-3.8938000000000001,3.1528999999999998
19636,-13.026999999999999,3.1082000000000001
19637,-12.3325,3.1044999999999998
19638,-10.863,3.1063000000000001
19639,-5.7849000000000004,3.1286999999999998
19640,-5.8159000000000001,3.1286999999999998
19641,-10.0136,3.1082000000000001
19642,-6.0576999999999996,3.125
19643,-5.3013000000000003,3.1286999999999998
19644,-5.3261000000000003,3.1286999999999998
19645,-6.2188999999999997,3.125
19646,0.16120000000000001,3.1547000000000001
19647,-0.75019999999999998,3.1528999999999998
19648,-3.7884000000000002,3.1417000000000002
19649,-3.7759999999999998,3.1417000000000002
19650,0.16120000000000001,3.1602999999999999
19651,-0.7006,3.1566000000000001
19652,-0.7006,3.1602999999999999
19653,-3.5899999999999999,3.1454
19654,-5.8531000000000004,3.1343000000000001
19655,-10.050800000000001,3.1137999999999999
19656,-3.7884000000000002,3.1379999999999999
19657,0.67579999999999996,3.1621999999999999
19658,-3.6953999999999998,3.1436000000000002
19659,1.2462,3.1677
19660,-8.5007000000000001,3.1231
19661,-11.4087,3.1044999999999998
19662,-10.2988,3.1063000000000001
19663,1.24,3.1566000000000001
19664,4.8487,3.1808000000000001
19665,10.559200000000001,3.2124000000000001
19666,8.8850999999999996,3.2124000000000001
19667,13.126200000000001,3.2347000000000001
19668,10.4352,3.2290999999999999
19669,7.2854000000000001,3.218
19670,0,3.1844999999999999
19671,0,3.1825999999999999
19672,0,3.1825999999999999
19673,0,3.1808000000000001
19674,0,3.1808000000000001
19675,0,3.1808000000000001
19676,-6.4298000000000002,3.1509999999999998
19677,-9.6478000000000002,3.1324000000000001
19678,-20.4985,3.0783999999999998
19679,-22.0672,3.0598000000000001
19680,-26.239999999999998,3.0318999999999998
19681,-20.808499999999999,3.0468000000000002
19682,-12.388299999999999,3.0802999999999998
19683,-15.612500000000001,3.0653999999999999
19684,-13.498200000000001,3.0747
19685,-12.1775,3.0783999999999998
19686,-14.415900000000001,3.0691000000000002
19687,-21.0441,3.0375000000000001
19688,-26.6617,3.0059
19689,-19.140599999999999,3.0337999999999998
19690,-11.793100000000001,3.0653999999999999
19691,-8.2527000000000008,3.0840000000000001
19692,-6.0143000000000004,3.097
19693,-4.4580000000000002,3.1063000000000001
19694,-4.4518000000000004,3.1101000000000001
19695,3.6086,3.1509999999999998
19696,-1.054,3.1360999999999999
19697,0,3.1436000000000002
19698,0.73160000000000003,3.1509999999999998
19699,0.124,3.1490999999999998
19700,1.24,3.1566000000000001
19701,0.124,3.1547000000000001
19702,1.2462,3.1621999999999999
19703,5.7663000000000002,3.1844999999999999
19704,10.5654,3.2124000000000001
19705,1.24,3.1751999999999998
19706,-2.7715000000000001,3.1528999999999998
19707,-6.25,3.1360999999999999
19708,-10.652200000000001,3.1137999999999999
19709,-9.0959000000000003,3.1156000000000001
19710,-0.496,3.1509999999999998
19711,-3.2118000000000002,3.1417000000000002
19712,-5.4066999999999998,3.1324000000000001
19713,0.2356,3.1566000000000001
19714,-3.2118000000000002,3.1436000000000002
19715,-3.2242000000000002,3.1436000000000002
19716,-12.3759,3.1008
19717,-9.5609999999999999,3.1063000000000001
19718,-11.1731,3.097
19719,-5.9832999999999998,3.1194000000000002
19720,-7.4218000000000002,3.1137999999999999
19721,-8.9346999999999994,3.1044999999999998
19722,-5.4500999999999999,3.1212
19723,-2.3809,3.1360999999999999
19724,1.2462,3.1547000000000001
19725,3.6892,3.1715
19726,0.68200000000000005,3.1621999999999999
19727,1.1966000000000001,3.1659000000000002
19728,0.2356,3.1640000000000001
19729,0.68200000000000005,3.1659000000000002
19730,1.2834000000000001,3.1696
19731,0.72540000000000004,3.1696
19732,4.4828000000000001,3.1882000000000001
19733,13.113799999999999,3.2309999999999999
19734,11.3963,3.2290999999999999
19735,8.2402999999999995,3.2198000000000002
19736,0,3.1825999999999999
19737,0,3.1808000000000001
19738,0,3.1789000000000001
19739,0,3.1789000000000001
19740,0,3.1789000000000001
19741,0,3.1789000000000001
19742,0,3.1789000000000001
19743,0,3.1789000000000001
19744,0,3.1789000000000001
19745,0,3.1789000000000001
19746,0,3.1789000000000001
19747,0,3.1789000000000001
19748,0,3.1789000000000001
19749,0,3.1789000000000001
19750,0,3.1789000000000001
19751,0,3.1789000000000001
19752,0,3.1789000000000001
19753,0,3.1789000000000001
19754,0,3.1789000000000001
19755,0,3.1808000000000001
19756,0,3.1789000000000001
19757,0,3.1808000000000001
19758,0,3.1808000000000001
19759,0,3.1808000000000001
19760,0,3.1808000000000001
19761,0,3.1808000000000001
19762,0,3.1808000000000001
19763,0,3.1808000000000001
19764,0,3.1808000000000001
19765,0,3.1808000000000001
19766,0,3.1808000000000001
19767,0,3.1808000000000001
19768,0,3.1825999999999999
19769,-3.9434,3.1640000000000001
19770,-9.0091000000000001,3.1379999999999999
19771,-15.978400000000001,3.1008
19772,-19.617999999999999,3.0766
19773,-23.9893,3.0487000000000002
19774,-27.703299999999999,3.0226000000000002
19775,-15.2963,3.0691000000000002
19776,-16.585999999999999,3.0617000000000001
19777,-20.703099999999999,3.0411999999999999
19778,-16.338000000000001,3.0560999999999998
19779,-15.147500000000001,3.0598000000000001
19780,-13.1448,3.0691000000000002
19781,-13.6532,3.0653999999999999
19782,-15.5753,3.0560999999999998
19783,-7.6201999999999996,3.0914999999999999
19784,-11.427300000000001,3.0766
19785,-10.863,3.0783999999999998
19786,-9.6167999999999996,3.0840000000000001
19787,0,3.1305000000000001
19788,1.3206,3.1436000000000002
19789,1.3206,3.1490999999999998
19790,-4.0612000000000004,3.1267999999999998
19791,2.7281,3.1602999999999999
19792,9.7965999999999998,3.1974999999999998
19793,10.2864,3.2086999999999999
19794,4.1294000000000004,3.1844999999999999
19795,3.4039999999999999,3.1825999999999999
19796,11.563700000000001,3.2216999999999998
19797,10.918799999999999,3.2235
19798,7.4032,3.2141999999999999
19799,2.3995000000000002,3.1901000000000002
19800,0.57040000000000002,3.1825999999999999
19801,0,3.1789000000000001
19802,0,3.177
19803,0,3.177
19804,0,3.177
19805,-0.52700000000000002,3.1751999999999998
19806,-2.1825000000000001,3.1677
19807,-2.2134999999999998,3.1659000000000002
19808,0,3.1751999999999998
19809,-0.52700000000000002,3.1732999999999998
19810,0,3.1751999999999998
19811,0,3.177
19812,0,3.177
19813,0,3.177
19814,0,3.177
19815,0,3.177
19816,0,3.177
19817,-0.2046,3.177
19818,-1.7733000000000001,3.1715
19819,-3.3792,3.1621999999999999
19820,-6.5724,3.1436000000000002
19821,-15.060700000000001,3.1025999999999998
19822,-17.261900000000001,3.0840000000000001
19823,-20.169799999999999,3.0636000000000001
19824,-9.8461999999999996,3.1025999999999998
19825,-5.4191000000000003,3.125
19826,-13.802,3.0876999999999999
19827,-19.828800000000001,3.0543
19828,-20.095400000000001,3.0468000000000002
19829,-13.0518,3.0747
19830,-5.1463000000000001,3.1101000000000001
19831,-3.9371999999999998,3.1212
19832,-3.9805999999999999,3.1231
19833,-6.2126999999999999,3.1156000000000001
19834,-11.7807,3.0876999999999999
19835,-9.0959000000000003,3.097
19836,-12.5372,3.0821999999999998
19837,-11.743499999999999,3.0821999999999998
19838,-10.0632,3.0876999999999999
19839,-2.2631000000000001,3.125
19840,-2.2134999999999998,3.1286999999999998
19841,-6.0143000000000004,3.1156000000000001
19842,-8.9037000000000006,3.1008
19843,-9.0648999999999997,3.097
19844,-6.3864000000000001,3.1082000000000001
19845,-9.3066999999999993,3.0952000000000002
19846,-6.2188999999999997,3.1082000000000001
19847,-7.6946000000000003,3.1025999999999998
19848,-5.5865,3.1137999999999999
19849,-4.0612000000000004,3.1212
19850,-4.0612000000000004,3.1231
19851,-2.4615,3.1305000000000001
19852,-2.4615,3.1324000000000001
19853,-3.9744000000000002,3.1267999999999998
19854,0,3.1473
19855,-2.5358999999999998,3.1379999999999999
19856,0.67579999999999996,3.1528999999999998
19857,1.2462,3.1602999999999999
19858,3.7635999999999998,3.1751999999999998
19859,4.7247000000000003,3.1825999999999999
19860,10.026,3.2105000000000001
19861,6.3925999999999998,3.1974999999999998
19862,10.7948,3.2216999999999998
19863,4.8859000000000004,3.1993999999999998
19864,6.3677999999999999,3.2086999999999999
19865,7.5768000000000004,3.2141999999999999
19866,0,3.1808000000000001
19867,0,3.1789000000000001
19868,0,3.1789000000000001
19869,0,3.1789000000000001
19870,0,3.177
19871,0,3.177
19872,0,3.177
19873,0,3.177
19874,0,3.177
19875,0,3.177
19876,0,3.177
19877,0,3.177
19878,0,3.177
19879,0,3.1789000000000001
19880,0,3.177
19881,0,3.177
19882,0,3.1789000000000001
19883,0,3.1789000000000001
19884,0,3.1789000000000001
19885,-6.7274000000000003,3.1473
19886,-10.615,3.125
19887,-16.108599999999999,3.0933000000000002
19888,-22.259399999999999,3.0579999999999998
19889,-26.450800000000001,3.0301
19890,-31.343,2.9965999999999999
19891,-27.325099999999999,3.004
19892,-24.1691,3.0114999999999998
19893,-9.2942999999999998,3.0766
19894,1.2090000000000001,3.1305000000000001
19895,1.1966000000000001,3.1398000000000001
19896,12.289099999999999,3.1993999999999998
19897,13.4114,3.2161
19898,10.7948,3.2141999999999999
19899,7.1303999999999998,3.2012
19900,0,3.1715
19901,0,3.1696
19902,0,3.1696
19903,0,3.1696
19904,0,3.1696
19905,0,3.1696
19906,0,3.1715
19907,0,3.1715
19908,0,3.1715
19909,0,3.1715
19910,0,3.1715
19911,0,3.1732999999999998
19912,0,3.1732999999999998
19913,-0.73780000000000001,3.1696
19914,-4.2968000000000002,3.1528999999999998
19915,-6.5724,3.1398000000000001
19916,-9.6974,3.1231
19917,-18.092700000000001,3.0802999999999998
19918,-15.1289,3.0840000000000001
19919,-8.1349,3.1101000000000001
19920,-2.5358999999999998,3.1379999999999999
19921,0.44019999999999998,3.1547000000000001
19922,-3.2924000000000002,3.1417000000000002
19923,-3.8999999999999999,3.1379999999999999
19924,-1.5004,3.1490999999999998
19925,-8.1783000000000001,3.1212
19926,-13.3432,3.0933000000000002
19927,-14.6577,3.0802999999999998
19928,-16.294599999999999,3.0691000000000002
19929,-13.1386,3.0783999999999998
19930,-15.4885,3.0636000000000001
19931,-7.9302999999999999,3.097
19932,-6.2624000000000004,3.1063000000000001
19933,-2.7343000000000002,3.125
19934,0.2356,3.1436000000000002
19935,0.2356,3.1473
19936,-6.4298000000000002,3.1194000000000002
19937,-6.2624000000000004,3.1175000000000002
19938,-5.1029,3.1231
19939,-1.5749,3.1398000000000001
19940,-0.33479999999999999,3.1473
19941,-0.33479999999999999,3.1490999999999998
19942,-2.7776999999999998,3.1398000000000001
19943,-1.5810999999999999,3.1454
19944,5.3943000000000003,3.1808000000000001
19945,1.6059000000000001,3.1696
19946,0.28520000000000001,3.1640000000000001
19947,-6.8575999999999997,3.1305000000000001
19948,-4.6936999999999998,3.1360999999999999
19949,-4.7432999999999996,3.1343000000000001
19950,1.1222000000000001,3.1640000000000001
19951,8.2836999999999996,3.1993999999999998
19952,7.0064000000000002,3.1993999999999998
19953,7.2172000000000001,3.2031000000000001
19954,0,3.1732999999999998
19955,0,3.1732999999999998
19956,0,3.1715
19957,0,3.1732999999999998
19958,0,3.1732999999999998
19959,0,3.1732999999999998
19960,0,3.1732999999999998
19961,0,3.1732999999999998
19962,0,3.1732999999999998
19963,0,3.1732999999999998
19964,0,3.1732999999999998
19965,0,3.1751999999999998
19966,0,3.1751999999999998
19967,0,3.1751999999999998
19968,-3.2986,3.1602999999999999
19969,-0.4526,3.1715
19970,-0.4526,3.1715
19971,-0.4526,3.1715
19972,-0.44640000000000002,3.1732999999999998
19973,-2.2197,3.1640000000000001
19974,-4.6936999999999998,3.1509999999999998
19975,-3.5404,3.1547000000000001
19976,-3.5341999999999998,3.1528999999999998
19977,-4.5014000000000003,3.1490999999999998
19978,-9.4369999999999994,3.1231
19979,-11.5017,3.1082000000000001
19980,-4.1479999999999997,3.1398000000000001
19981,0,3.1621999999999999
19982,0,3.1659000000000002
19983,0,3.1659000000000002
19984,-6.5724,3.1360999999999999
19985,-13.820600000000001,3.0989
19986,-22.017600000000002,3.0543
19987,-26.810500000000001,3.0226000000000002
19988,-25.216999999999999,3.0171000000000001
19989,-17.491299999999999,3.0449999999999999
19990,-11.011900000000001,3.0747
19991,-7.5396000000000001,3.0914999999999999
19992,-12.1031,3.0747
19993,-10.6212,3.0802999999999998
19994,-9.6167999999999996,3.0840000000000001
19995,-8.5007000000000001,3.0895999999999999
19996,-3.621,3.1137999999999999
19997,1.2462,3.1417000000000002
19998,1.2152000000000001,3.1454
19999,-3.4163999999999999,3.1286999999999998
20000,-3.4226000000000001,3.1286999999999998
20001,-3.4163999999999999,3.1286999999999998
20002,-3.4163999999999999,3.1305000000000001
20003,-3.4163999999999999,3.1305000000000001
20004,-9.5671999999999997,3.1008
20005,-5.0285000000000002,3.1194000000000002
20006,-8.5007000000000001,3.1025999999999998
20007,-5.9089,3.1137999999999999
20008,-7.3722000000000003,3.1063000000000001
20009,-8.8975000000000009,3.0989
20010,-6.2188999999999997,3.1082000000000001
20011,-5.4625000000000004,3.1137999999999999
20012,-7.7256,3.1025999999999998
20013,-6.4173999999999998,3.1082000000000001
20014,-13.851599999999999,3.0747
20015,-28.466000000000001,3.0003000000000002
20016,8.8850999999999996,3.1659000000000002
20017,-27.2879,3.0078
20018,-6.2065000000000001,3.0933000000000002
20019,-2.9264999999999999,3.1137999999999999
20020,5.0842999999999998,3.1547000000000001
20021,19.041399999999999,3.2309999999999999
20022,17.677299999999999,3.2383999999999999
20023,15.048299999999999,3.2347000000000001
20024,11.929500000000001,3.2273000000000001
20025,8.6433,3.2161
20026,0,3.177
20027,0,3.1751999999999998
20028,0,3.1732999999999998
20029,0,3.1732999999999998
20030,0,3.1715
20031,0,3.1732999999999998
20032,0,3.1715
20033,0,3.1715
20034,0,3.1715
20035,0,3.1732999999999998
20036,0,3.1732999999999998
20037,0,3.1732999999999998
20038,0,3.1732999999999998
20039,0,3.1732999999999998
20040,0,3.1732999999999998
20041,0,3.1732999999999998
20042,0,3.1751999999999998
20043,0,3.1732999999999998
20044,0,3.1751999999999998
20045,0,3.1751999999999998
20046,0,3.1751999999999998
20047,0,3.1751999999999998
20048,0,3.1751999999999998
20049,0,3.1751999999999998
20050,0,3.1751999999999998
20051,0,3.177
20052,0,3.1751999999999998
20053,0,3.177
20054,-4.8611000000000004,3.1528999999999998
20055,-10.584,3.125
20056,-17.776499999999999,3.0840000000000001
20057,-18.613499999999998,3.0710000000000002
20058,-16.492999999999999,3.0729000000000002
20059,-14.9863,3.0747
20060,-9.4865999999999993,3.097
20061,-26.041599999999999,3.0188999999999999
20062,-7.0187999999999997,3.097
20063,-14.0625,3.0691000000000002
20064,-11.055300000000001,3.0802999999999998
20065,-2.7776999999999998,3.1194000000000002
20066,-20.696899999999999,3.0375000000000001
20067,1.1966000000000001,3.1343000000000001
20068,0.79979999999999996,3.1417000000000002
20069,0.72540000000000004,3.1454
20070,1.2090000000000001,3.1528999999999998
20071,1.6431,3.1602999999999999
20072,1.1966000000000001,3.1602999999999999
20073,0.67579999999999996,3.1602999999999999
20074,4.0797999999999996,3.177
20075,3.4039999999999999,3.177
20076,3.0442999999999998,3.1789000000000001
20077,2.8397000000000001,3.1789000000000001
20078,4.2843999999999998,3.1882000000000001
20079,7.4775999999999998,3.2031000000000001
20080,0,3.1732999999999998
20081,0,3.1715
20082,0,3.1732999999999998
20083,0,3.1715
20084,0,3.1715
20085,0,3.1732999999999998
20086,0,3.1715
20087,0,3.1732999999999998
20088,0,3.1732999999999998
20089,0,3.1732999999999998
20090,0,3.1732999999999998
20091,0,3.1732999999999998
20092,0,3.1732999999999998
20093,0,3.1732999999999998
20094,0,3.1732999999999998
20095,0,3.1732999999999998
20096,0,3.1732999999999998
20097,0,3.1751999999999998
20098,0,3.1751999999999998
20099,0,3.1751999999999998
20100,0,3.1751999999999998
20101,0,3.1751999999999998
20102,0,3.1751999999999998
20103,0,3.1751999999999998
20104,0,3.1751999999999998
20105,0,3.177
20106,0,3.177
20107,0,3.177
20108,0,3.177
20109,0,3.177
20110,0,3.177
20111,-9.5671999999999997,3.1324000000000001
20112,-9.4060000000000006,3.1267999999999998
20113,-15.283899999999999,3.0952000000000002
20114,-18.6631,3.0729000000000002
20115,-21.099900000000002,3.0524
20116,-23.332000000000001,3.0337999999999998
20117,-6.2995999999999999,3.1044999999999998
20118,-9.2508999999999997,3.0952000000000002
20119,-27.777699999999999,3.0095999999999998
20120,-13.0952,3.0636000000000001
20121,-10.584,3.0783999999999998
20122,-4.5262000000000002,3.1063000000000001
20123,0.79979999999999996,3.1379999999999999
20124,1.6740999999999999,3.1473
20125,1.6865000000000001,3.1528999999999998
20126,1.2090000000000001,3.1547000000000001
20127,1.5996999999999999,3.1602999999999999
20128,11.3963,3.2105000000000001
20129,7.1180000000000003,3.1974999999999998
20130,-1.7733000000000001,3.1602999999999999
20131,-4.5262000000000002,3.1436000000000002
20132,-4.6688000000000001,3.1398000000000001
20133,-6.0205000000000002,3.1324000000000001
20134,-11.972899999999999,3.1008
20135,-20.101600000000001,3.0560999999999998
20136,-22.259399999999999,3.0375000000000001
20137,-20.4861,3.0356999999999998
20138,-5.3323,3.1008
20139,-0.496,3.1305000000000001
20140,-1.8539000000000001,3.1286999999999998
20141,5.6733000000000002,3.1696
20142,10.646000000000001,3.1993999999999998
20143,7.2854000000000001,3.1938
20144,4.0797999999999996,3.1825999999999999
20145,-1.8973,3.1547000000000001
20146,-17.695900000000002,3.0802999999999998
20147,-21.775700000000001,3.0468000000000002
20148,-20.814699999999998,3.0411999999999999
20149,-21.013100000000001,3.0318999999999998
20150,-15.2157,3.0524
20151,-8.5379000000000005,3.0840000000000001
20152,-7.335,3.0914999999999999
20153,-5.2579000000000002,3.1025999999999998
20154,0.67579999999999996,3.1343000000000001
20155,-2.1762999999999999,3.1267999999999998
20156,-5.8964999999999996,3.1101000000000001
20157,-5.2145000000000001,3.1137999999999999
20158,-2.2134999999999998,3.1286999999999998
20159,-2.1762999999999999,3.1305000000000001
20160,-3.6953999999999998,3.125
20161,-10.094200000000001,3.0933000000000002
20162,-10.2926,3.0895999999999999
20163,-5.4562999999999997,3.1082000000000001
20164,0.16120000000000001,3.1379999999999999
20165,1.2462,3.1473
20166,-5.2641,3.1212
20167,-8.8912999999999993,3.1008
20168,-11.9419,3.0840000000000001
20169,-4.0488,3.1175000000000002
20170,0,3.1379999999999999
20171,-9.2136999999999993,3.097
20172,-11.607100000000001,3.0821999999999998
20173,-14.167899999999999,3.0653999999999999
20174,-18.619700000000002,3.0411999999999999
20175,-13.851599999999999,3.0560999999999998
20176,-11.8179,3.0636000000000001
20177,-8.9346999999999994,3.0783999999999998
20178,-9.0463000000000005,3.0783999999999998
20179,-9.2136999999999993,3.0783999999999998
20180,-5.0471000000000004,3.097
20181,-1.5749,3.1194000000000002
20182,-3.2118000000000002,3.1156000000000001
20183,-3.2242000000000002,3.1175000000000002
20184,-6.6529999999999996,3.1008
20185,-10.7638,3.0802999999999998
20186,0.67579999999999996,3.1324000000000001
20187,1.3206,3.1417000000000002
20188,0.67579999999999996,3.1417000000000002
20189,-8.8107000000000006,3.0989
20190,-12.065899999999999,3.0783999999999998
20191,-10.695600000000001,3.0802999999999998
20192,-7.6574,3.0914999999999999
20193,-6.8575999999999997,3.0952000000000002
20194,-3.3792,3.1137999999999999
20195,1.3268,3.1379999999999999
20196,2.0398999999999998,3.1473
20197,-6.4980000000000002,3.1101000000000001
20198,-8.9533000000000005,3.0952000000000002
20199,-12.251899999999999,3.0766
20200,-12.531000000000001,3.0710000000000002
20201,-13.777200000000001,3.0598000000000001
20202,-11.4521,3.0691000000000002
20203,-8.2527000000000008,3.0821999999999998
20204,-1.8601000000000001,3.1156000000000001
20205,1.3206,3.1343000000000001
20206,21.3293,3.2366000000000001
20207,19.524999999999999,3.2440000000000002
20208,18.272500000000001,3.2477
20209,15.525700000000001,3.2421000000000002
20210,12.3635,3.2328000000000001
20211,9.0835000000000008,3.2216999999999998
20212,0,3.1808000000000001
20213,0,3.177
20214,0,3.1751999999999998
20215,0,3.1751999999999998
20216,0,3.1732999999999998
20217,0,3.1732999999999998
20218,0,3.1732999999999998
20219,0,3.1732999999999998
20220,0,3.1732999999999998
20221,0,3.1732999999999998
20222,0,3.1732999999999998
20223,0,3.1732999999999998
20224,0,3.1732999999999998
20225,0,3.1732999999999998
20226,0,3.1732999999999998
20227,0,3.1732999999999998
20228,0,3.1732999999999998
20229,0,3.1732999999999998
20230,0,3.1732999999999998
20231,0,3.1732999999999998
20232,0,3.1732999999999998
20233,0,3.1732999999999998
20234,0,3.1751999999999998
20235,0,3.1751999999999998
20236,0,3.1751999999999998
20237,0,3.1751999999999998
20238,0,3.1751999999999998
20239,0,3.1751999999999998
20240,0,3.1751999999999998
20241,0,3.1751999999999998
20242,0,3.1751999999999998
20243,0,3.1751999999999998
20244,0,3.177
20245,0,3.177
20246,0,3.177
20247,0,3.177
20248,0,3.177
20249,0,3.177
20250,0,3.177
20251,0,3.177
20252,0,3.177
20253,0,3.177
20254,-10.453799999999999,3.1286999999999998
20255,-14.415900000000001,3.1025999999999998
20256,-18.2973,3.0766
20257,-22.774000000000001,3.0468000000000002
20258,-28.5776,3.0095999999999998
20259,-33.401499999999999,2.9761000000000002
20260,-29.210000000000001,2.9836
20261,-28.174600000000002,2.9817
20262,-22.302800000000001,3.0022000000000002
20263,-12.1403,3.0468000000000002
20264,2.6351,3.1231
20265,1.8043,3.1305000000000001
20266,0.68200000000000005,3.1324000000000001
20267,-7.3722000000000003,3.097
20268,-6.0949,3.1008
20269,-6.1755000000000004,3.1008
20270,-9.0463000000000005,3.0876999999999999
20271,-21.465699999999998,3.0264000000000002
20272,2.7281,3.1343000000000001
20273,13.994199999999999,3.1974999999999998
20274,6.0453000000000001,3.1732999999999998
20275,16.0776,3.2254
20276,6.9134000000000002,3.1919
20277,1.0044,3.1677
20278,-10.174799999999999,3.1137999999999999
20279,-6.7336,3.1231
20280,-15.6187,3.0766
20281,-26.729900000000001,3.0152000000000001
20282,-30.828299999999999,2.9836
20283,-39.930500000000002,2.9315000000000002
20284,-39.918100000000003,2.9184999999999999
20285,-39.924300000000002,2.9091999999999998
20286,-39.911900000000003,2.9016999999999999
20287,-25.254200000000001,2.9575
20288,-39.924300000000002,2.8980000000000001
20289,-30.071899999999999,2.9315000000000002
20290,-39.924300000000002,2.8887
20291,-38.244,2.8906000000000001
20292,-39.924300000000002,2.8776000000000002
20293,-29.1356,2.9203000000000001
20294,-27.4057,2.9278
20295,-25.855599999999999,2.9371
20296,-10.460000000000001,3.0059
20297,-6.3739999999999997,3.0356999999999998
20298,-8.6867000000000001,3.0318999999999998
20299,-6.2126999999999999,3.0468000000000002
20300,-10.212,3.0337999999999998
20301,-10.212,3.0337999999999998
20302,-10.2058,3.0356999999999998
20303,-10.2058,3.0356999999999998
20304,-14.769299999999999,3.0133000000000001
20305,-14.8499,3.0114999999999998
20306,-21.7881,2.9780000000000002
20307,-24.4481,2.9594
20308,-24.931699999999999,2.952
20309,-20.709299999999999,2.9668000000000001
20310,-23.412600000000001,2.9538000000000002
20311,-26.258600000000001,2.9388999999999998
20312,-21.856300000000001,2.9538000000000002
20313,-24.665099999999999,2.9407999999999999
20314,-30.078099999999999,2.9129
20315,-39.930500000000002,2.8645
20316,-39.515099999999997,2.859
20317,-27.690899999999999,2.9036
20318,-22.780200000000001,2.9258999999999999
20319,-17.497499999999999,2.9538000000000002
20320,-12.3325,2.9836
20321,-7.4218000000000002,3.0114999999999998
20322,-14.6577,2.9853999999999998
20323,-19.890799999999999,2.9594
20324,-22.966200000000001,2.9426999999999999
20325,-25.892800000000001,2.9222000000000001
20326,-20.653500000000001,2.9445000000000001
20327,-26.450800000000001,2.9165999999999999
20328,-21.087499999999999,2.9371
20329,-24.286899999999999,2.9222000000000001
20330,-18.812000000000001,2.9445000000000001
20331,-16.183,2.9594
20332,-11.383900000000001,2.9853999999999998
20333,-16.046600000000002,2.9668000000000001
20334,-16.059000000000001,2.9668000000000001
20335,-16.052800000000001,2.9668000000000001
20336,-16.046600000000002,2.9668000000000001
20337,-16.059000000000001,2.9668000000000001
20338,-13.3432,2.9799000000000002
20339,-8.3332999999999995,3.0059
20340,-8.1783000000000001,3.0133000000000001
20341,1.4818,3.0653999999999999
20342,-2.1019000000000001,3.0579999999999998
20343,-4.5819999999999999,3.0505
20344,-9.6850000000000005,3.0301
20345,-6.9257999999999997,3.0411999999999999
20346,-11.5389,3.0171000000000001
20347,-21.968,2.9649999999999999
20348,-16.8216,2.9799000000000002
20349,-16.852599999999999,2.9761000000000002
20350,-14.2919,2.9853999999999998
20351,-6.9753999999999996,3.0226000000000002
20352,-4.1417999999999999,3.0411999999999999
20353,-4.0922000000000001,3.0487000000000002
20354,-3.8938000000000001,3.0543
20355,-1.0105999999999999,3.0729000000000002
20356,-20.696899999999999,2.9817
20357,-3.5838000000000001,3.0524
20358,-10.615,3.0245000000000002
20359,-8.6494999999999997,3.0318999999999998
20360,-8.4821000000000009,3.0337999999999998
20361,-15.290100000000001,3.0003000000000002
20362,-11.055300000000001,3.0152000000000001
20363,-39.924300000000002,2.8776000000000002
20364,2.0398999999999998,3.0560999999999998
20365,-39.924300000000002,2.8700999999999999
20366,-13.907400000000001,2.9687000000000001
20367,-27.1143,2.911
20368,-39.918100000000003,2.8458999999999999
20369,-28.447399999999998,2.8794
20370,-20.548100000000002,2.9148000000000001
20371,-26.370200000000001,2.8906000000000001
20372,-15.699400000000001,2.9371
20373,-10.863,2.9649999999999999
20374,0,3.0282
20375,1.6493,3.0505
20376,4.6811999999999996,3.0802999999999998
20377,7.8745000000000003,3.1063000000000001
20378,6.5599999999999996,3.1137999999999999
20379,-12.8162,3.0282
20380,-12.81,3.0152000000000001
20381,-3.1745999999999999,3.0579999999999998
20382,6.6467999999999998,3.1101000000000001
20383,-10.212,3.0411999999999999
20384,-14.267099999999999,3.0133000000000001
20385,-10.2058,3.0264000000000002
20386,-2.5421,3.0617000000000001
20387,-9.8957999999999995,3.0318999999999998
20388,-11.569900000000001,3.0188999999999999
20389,-11.5885,3.0171000000000001
20390,-2.2940999999999998,3.0598000000000001
20391,0,3.0802999999999998
20392,0.124,3.0876999999999999
20393,5.1276999999999999,3.1175000000000002
20394,7.9675000000000002,3.1398000000000001
20395,7.9179000000000004,3.1473
20396,9.0772999999999993,3.1602999999999999
20397,8.9905000000000008,3.1659000000000002
20398,7.7690000000000001,3.1659000000000002
20399,8.8045000000000009,3.1732999999999998
20400,15.1599,3.2067999999999999
20401,11.5947,3.1974999999999998
20402,14.1493,3.2141999999999999
20403,9.9640000000000004,3.1993999999999998
20404,8.5254999999999992,3.1938
20405,5.5617000000000001,3.1844999999999999
20406,4.6440000000000001,3.1789000000000001
20407,-3.2986,3.1436000000000002
20408,1.3206,3.1621999999999999
20409,5.2579000000000002,3.1789000000000001
20410,8.9161000000000001,3.1974999999999998
20411,15.718,3.2309999999999999
20412,17.801300000000001,3.2458999999999998
20413,5.8841000000000001,3.1993999999999998
20414,3.7263999999999999,3.1901000000000002
20415,1.5562,3.1808000000000001
20416,5.2083000000000004,3.1938
20417,4.7247000000000003,3.1938
20418,8.4758999999999993,3.2124000000000001
20419,3.7635999999999998,3.1919
20420,0,3.1751999999999998
20421,0,3.1732999999999998
20422,0,3.1732999999999998
20423,0,3.1715
20424,0,3.1696
20425,0,3.1696
20426,0,3.1696
20427,0,3.1696
20428,0,3.1696
20429,0,3.1696
20430,0,3.1677
20431,0,3.1677
20432,0,3.1696
20433,0,3.1677
20434,0,3.1677
20435,0,3.1677
20436,0,3.1677
20437,-3.2986,3.1528999999999998
20438,-10.5778,3.1175000000000002
20439,-16.672799999999999,3.0821999999999998
20440,-20.175999999999998,3.0560999999999998
20441,-24.5349,3.0245000000000002
20442,-28.187000000000001,2.9946999999999999
20443,-27.783899999999999,2.9817
20444,-30.735299999999999,2.9557000000000002
20445,-16.871200000000002,3.0078
20446,-21.6951,2.9853999999999998
20447,-20.932500000000001,2.9836
20448,-23.6173,2.9649999999999999
20449,-31.417400000000001,2.9222000000000001
20450,-16.1768,2.9836
20451,-16.7348,2.9817
20452,-13.0518,3.0003000000000002
20453,-15.9536,2.9872999999999998
20454,-17.578099999999999,2.9780000000000002
20455,-19.779199999999999,2.9630999999999998
20456,-7.9055,3.0171000000000001
20457,-10.732799999999999,3.0114999999999998
20458,-4.2595999999999998,3.0449999999999999
20459,-0.4526,3.0729000000000002
20460,-8.9346999999999994,3.0394000000000001
20461,-18.861599999999999,2.9872999999999998
20462,-14.7879,2.9984999999999999
20463,-6.5537999999999998,3.0356999999999998
20464,-6.5476000000000001,3.0411999999999999
20465,-6.5476000000000001,3.0430999999999999
20466,-6.5476000000000001,3.0468000000000002
20467,-6.5476000000000001,3.0468000000000002
20468,-7.7380000000000004,3.0430999999999999
20469,-11.414899999999999,3.0264000000000002
20470,-7.9055,3.0394000000000001
20471,-4.7432999999999996,3.0560999999999998
20472,0.44019999999999998,3.0859000000000001
20473,5.1276999999999999,3.1175000000000002
20474,6.0080999999999998,3.1324000000000001
20475,2.2010999999999998,3.1212
20476,15.197100000000001,3.1863000000000001
20477,16.555,3.2067999999999999
20478,20.076799999999999,3.2309999999999999
20479,14.639099999999999,3.2161
20480,13.554,3.2161
20481,12.2395,3.2141999999999999
20482,10.5654,3.2105000000000001
20483,6.1631,3.1938
20484,0,3.1659000000000002
20485,0,3.1640000000000001
20486,0,3.1621999999999999
20487,0,3.1602999999999999
20488,0,3.1602999999999999
20489,0,3.1566000000000001
20490,0,3.1566000000000001
20491,0,3.1566000000000001
20492,0,3.1566000000000001
20493,-8.3023000000000007,3.1194000000000002
20494,-10.615,3.1025999999999998
20495,-17.02,3.0653999999999999
20496,-23.1708,3.0264000000000002
20497,-27.337499999999999,2.9910000000000001
20498,-32.1614,2.952
20499,-39.918100000000003,2.8980000000000001
20500,-35.565399999999997,2.8980000000000001
20501,-11.7311,2.9965999999999999
20502,-28.329599999999999,2.9222000000000001
20503,-24.485299999999999,2.9315000000000002
20504,-18.619700000000002,2.9538000000000002
20505,-6.5724,3.0133000000000001
20506,-3.1436000000000002,3.0411999999999999
20507,0,3.0653999999999999
20508,0.68200000000000005,3.0821999999999998
20509,1.3206,3.0933000000000002
20510,3.6892,3.1101000000000001
20511,17.6463,3.1863000000000001
20512,18.043099999999999,3.2067999999999999
20513,15.277699999999999,3.2067999999999999
20514,12.115500000000001,3.1974999999999998
20515,8.8912999999999993,3.1882000000000001
20516,0,3.1490999999999998
20517,0,3.1473
20518,0,3.1473
20519,0,3.1454
20520,0,3.1454
20521,0,3.1454
20522,0,3.1454
20523,0,3.1454
20524,0,3.1454
20525,0,3.1454
20526,0,3.1473
20527,0,3.1473
20528,0,3.1473
20529,0,3.1473
20530,0,3.1490999999999998
20531,0,3.1490999999999998
20532,0,3.1490999999999998
20533,0,3.1490999999999998
20534,0,3.1490999999999998
20535,0,3.1509999999999998
20536,0,3.1509999999999998
20537,0,3.1509999999999998
20538,-10.460000000000001,3.1025999999999998
20539,-14.4283,3.0766
20540,-18.2973,3.0487000000000002
20541,-22.774000000000001,3.0152000000000001
20542,-28.571400000000001,2.9723999999999999
20543,-33.407699999999998,2.9352
20544,-39.918100000000003,2.8868999999999998
20545,-39.918100000000003,2.8664000000000001
20546,-22.023800000000001,2.9333999999999998
20547,-21.7819,2.9352
20548,-39.918100000000003,2.8477999999999999
20549,-28.366800000000001,2.8849999999999998
20550,-14.4221,2.9464000000000001
20551,-24.8139,2.9016999999999999
20552,-10.819599999999999,2.9649999999999999
20553,-14.5275,2.9557000000000002
20554,-14.818899999999999,2.9557000000000002
20555,-4.5819999999999999,3.0059
20556,-7.7256,3.0022000000000002
20557,-7.7690000000000001,3.004
20558,-2.6475,3.0356999999999998
20559,-0.65720000000000001,3.0524
20560,-11.2165,3.0078
20561,-6.5476000000000001,3.0264000000000002
20562,0.48359999999999997,3.0636000000000001
20563,-4.4580000000000002,3.0487000000000002
20564,-4.3836000000000004,3.0505
20565,-2.4676999999999998,3.0617000000000001
20566,-6.2624000000000004,3.0468000000000002
20567,-6.2686000000000002,3.0449999999999999
20568,-6.2686000000000002,3.0449999999999999
20569,-6.2624000000000004,3.0468000000000002
20570,-6.2686000000000002,3.0449999999999999
20571,-2.4180999999999999,3.0636000000000001
20572,-8.0914999999999999,3.0411999999999999
20573,-8.1349,3.0375000000000001
20574,-11.0181,3.0188999999999999
20575,-0.53939999999999999,3.0710000000000002
20576,-2.4180999999999999,3.0691000000000002
20577,-6.1755000000000004,3.0524
20578,-6.1755000000000004,3.0505
20579,-2.3871000000000002,3.0710000000000002
20580,-2.2940999999999998,3.0747
20581,-4.1479999999999997,3.0691000000000002
20582,5.9646999999999997,3.1194000000000002
20583,10.1686,3.1490999999999998
20584,13.089,3.1751999999999998
20585,13.802,3.1882000000000001
20586,14.7941,3.1993999999999998
20587,15.916399999999999,3.2141999999999999
20588,13.244,3.2086999999999999
20589,13.2378,3.2124000000000001
20590,10.646000000000001,3.2031000000000001
20591,6.7770000000000001,3.1901000000000002
20592,0,3.1602999999999999
20593,0,3.1547000000000001
20594,0,3.1528999999999998
20595,0,3.1528999999999998
20596,0,3.1509999999999998
20597,0,3.1509999999999998
20598,0,3.1509999999999998
20599,0,3.1509999999999998
20600,0,3.1490999999999998
20601,-3.9371999999999998,3.1324000000000001
20602,-7.4900000000000002,3.1137999999999999
20603,-6.6219999999999999,3.1137999999999999
20604,-3.5838000000000001,3.1231
20605,-11.383900000000001,3.0859000000000001
20606,-7.056,3.0989
20607,-6.5662000000000003,3.0989
20608,-10.2616,3.0783999999999998
20609,-15.8172,3.0468000000000002
20610,-17.416899999999998,3.0301
20611,-16.294599999999999,3.0245000000000002
20612,-13.901199999999999,3.0301
20613,-13.461,3.0264000000000002
20614,-11.972899999999999,3.0301
20615,-13.299799999999999,3.0188999999999999
20616,-14.415900000000001,3.0095999999999998
20617,-12.5372,3.0152000000000001
20618,-11.7311,3.0171000000000001
20619,-8.6556999999999995,3.0318999999999998
20620,-5.2579000000000002,3.0505
20621,-3.7884000000000002,3.0617000000000001
20622,-3.7759999999999998,3.0653999999999999
20623,-3.7884000000000002,3.0691000000000002
20624,-3.7884000000000002,3.0729000000000002
20625,-3.7884000000000002,3.0747
20626,-11.737299999999999,3.0356999999999998
20627,-6.3057999999999996,3.0543
20628,-6.3802000000000003,3.0560999999999998
20629,0.67579999999999996,3.0914999999999999
20630,0.68200000000000005,3.0989
20631,-0.73160000000000003,3.097
20632,-3.7884000000000002,3.0859000000000001
20633,-3.7884000000000002,3.0840000000000001
20634,1.7608999999999999,3.1137999999999999
20635,6.1631,3.1398000000000001
20636,16.4434,3.1974999999999998
20637,13.244,3.1938
20638,10.646000000000001,3.1901000000000002
20639,0,3.1454
20640,0,3.1436000000000002
20641,0,3.1417000000000002
20642,0,3.1417000000000002
20643,0,3.1398000000000001
20644,0,3.1417000000000002
20645,0,3.1398000000000001
20646,0,3.1398000000000001
20647,0,3.1398000000000001
20648,0,3.1417000000000002
20649,0,3.1417000000000002
20650,0,3.1417000000000002
20651,0,3.1417000000000002
20652,0,3.1417000000000002
20653,0,3.1436000000000002
20654,0,3.1436000000000002
20655,0,3.1436000000000002
20656,0,3.1454
20657,0,3.1454
20658,0,3.1454
20659,-10.460000000000001,3.0952000000000002
20660,-14.415900000000001,3.0691000000000002
20661,-18.3035,3.0394000000000001
20662,-22.550799999999999,3.0059
20663,-13.268800000000001,3.0375000000000001
20664,-13.0146,3.0337999999999998
20665,-10.9747,3.0411999999999999
20666,-2.1080999999999999,3.0840000000000001
20667,-2.1019000000000001,3.0895999999999999
20668,-6.2686000000000002,3.0747
20669,-4.0983999999999998,3.0840000000000001
20670,-2.1019000000000001,3.0952000000000002
20671,-0.124,3.1063000000000001
20672,1.0044,3.1194000000000002
20673,-1.1035999999999999,3.1101000000000001
20674,0.2356,3.1212
20675,-6.2188999999999997,3.0895999999999999
20676,-3.1808000000000001,3.1008
20677,-1.1035999999999999,3.1137999999999999
20678,0.57040000000000002,3.1231
20679,-1.054,3.1194000000000002
20680,-2.0213000000000001,3.1156000000000001
20681,-3.0194999999999999,3.1082000000000001
20682,-6.2126999999999999,3.0933000000000002
20683,-7.2172000000000001,3.0840000000000001
20684,-10.416600000000001,3.0636000000000001
20685,-8.9037000000000006,3.0653999999999999
20686,-12.5,3.0449999999999999
20687,-10.9437,3.0449999999999999
20688,-3.8938000000000001,3.0766
20689,-3.9434,3.0802999999999998
20690,-7.6946000000000003,3.0617000000000001
20691,-7.4962,3.0617000000000001
20692,-7.6201999999999996,3.0579999999999998
20693,-4.5262000000000002,3.0747
20694,-3.1808000000000001,3.0821999999999998
20695,-3.1808000000000001,3.0840000000000001
20696,-5.3013000000000003,3.0747
20697,-14.9305,3.0264000000000002
20698,-20.448899999999998,2.9872999999999998
20699,-15.2157,2.9984999999999999
20700,-10.776199999999999,3.0152000000000001
20701,-10.416600000000001,3.0152000000000001
20702,3.9247999999999998,3.0895999999999999
20703,17.633900000000001,3.1751999999999998
20704,16.152000000000001,3.1882000000000001
20705,13.039400000000001,3.1863000000000001
20706,9.6788000000000007,3.1789000000000001
20707,0,3.1379999999999999
20708,0,3.1343000000000001
20709,0,3.1343000000000001
20710,0,3.1343000000000001
20711,0,3.1324000000000001
20712,0,3.1343000000000001
20713,0,3.1343000000000001
20714,0,3.1343000000000001
20715,0,3.1343000000000001
20716,0,3.1360999999999999
20717,0,3.1360999999999999
20718,0,3.1360999999999999
20719,0,3.1360999999999999
20720,0,3.1379999999999999
20721,0,3.1379999999999999
20722,0,3.1379999999999999
20723,0,3.1398000000000001
20724,0,3.1398000000000001
20725,0,3.1398000000000001
20726,0,3.1398000000000001
20727,0,3.1417000000000002
20728,0,3.1417000000000002
20729,0,3.1417000000000002
20730,0,3.1417000000000002
20731,0,3.1417000000000002
20732,0,3.1417000000000002
20733,0,3.1436000000000002
20734,0,3.1436000000000002
20735,0,3.1454
20736,-6.4298000000000002,3.1156000000000001
20737,-8.1349,3.1008
20738,-17.1068,3.0505
20739,-13.857799999999999,3.0543
20740,-16.3752,3.0337999999999998
20741,-11.979100000000001,3.0468000000000002
20742,-11.613300000000001,3.0430999999999999
20743,-19.983799999999999,2.9984999999999999
20744,-21.583500000000001,2.9780000000000002
20745,-16.492999999999999,2.9910000000000001
20746,-15.693199999999999,2.9891999999999999
20747,-15.414099999999999,2.9872999999999998
20748,-17.491299999999999,2.9706000000000001
20749,-13.454800000000001,2.9872999999999998
20750,-7.5705999999999998,3.0152000000000001
20751,-9.1268999999999991,3.0114999999999998
20752,-5.6174999999999997,3.0318999999999998
20753,-5.6547000000000001,3.0356999999999998
20754,-4.0922000000000001,3.0468000000000002
20755,-6.5476000000000001,3.0375000000000001
20756,-5.6981000000000002,3.0411999999999999
20757,-4.1479999999999997,3.0505
20758,1.24,3.0821999999999998
20759,1.2462,3.0895999999999999
20760,10.0756,3.1417000000000002
20761,11.1669,3.1602999999999999
20762,13.3246,3.1808000000000001
20763,7.8061999999999996,3.1659000000000002
20764,6.2065000000000001,3.1621999999999999
20765,7.6016000000000004,3.1715
20766,0,3.1379999999999999
20767,0,3.1360999999999999
20768,0,3.1343000000000001
20769,0,3.1343000000000001
20770,0,3.1343000000000001
20771,0,3.1343000000000001
20772,0,3.1343000000000001
20773,0,3.1343000000000001
20774,0,3.1360999999999999
20775,0,3.1360999999999999
20776,0,3.1360999999999999
20777,0,3.1360999999999999
20778,0,3.1360999999999999
20779,0,3.1360999999999999
20780,0,3.1379999999999999
20781,0,3.1379999999999999
20782,0,3.1379999999999999
20783,0,3.1379999999999999
20784,-4.5262000000000002,3.1175000000000002
20785,-6.2065000000000001,3.1044999999999998
20786,-3.8132000000000001,3.1137999999999999
20787,-6.9320000000000004,3.097
20788,-13.9818,3.0579999999999998
20789,-13.622199999999999,3.0487000000000002
20790,-15.9412,3.0301
20791,-10.1686,3.0487000000000002
20792,-16.251200000000001,3.0133000000000001
20793,-5.0533000000000001,3.0617000000000001
20794,-0.124,3.0914999999999999
20795,-2.0213000000000001,3.0895999999999999
20796,-16.8216,3.0171000000000001
20797,-11.8179,3.0301
20798,-11.414899999999999,3.0264000000000002
20799,-16.896000000000001,2.9946999999999999
20800,-14.0562,2.9984999999999999
20801,-3.1745999999999999,3.0505
20802,0.79979999999999996,3.0783999999999998
20803,-10.174799999999999,3.0318999999999998
20804,-10.4476,3.0245000000000002
20805,-5.5865,3.0449999999999999
20806,4.0426000000000002,3.097
20807,3.5714000000000001,3.1063000000000001
20808,4.4889999999999999,3.1212
20809,11.049099999999999,3.1602999999999999
20810,10.925000000000001,3.1715
20811,8.1225000000000005,3.1659000000000002
20812,0,3.1305000000000001
20813,0,3.1286999999999998
20814,0,3.1286999999999998
20815,0,3.1286999999999998
20816,0,3.1286999999999998
20817,0,3.1286999999999998
20818,-0.068199999999999997,3.1286999999999998
20819,-8.6681000000000008,3.0859000000000001
20820,-10.615,3.0710000000000002
20821,-16.585999999999999,3.0318999999999998
20822,-20.349699999999999,3.0003000000000002
20823,-11.972899999999999,3.0282
20824,-17.416899999999998,2.9946999999999999
20825,-18.861599999999999,2.9780000000000002
20826,-17.206099999999999,2.9761000000000002
20827,-21.6951,2.9464000000000001
20828,-20.907699999999998,2.9388999999999998
20829,-19.934200000000001,2.9352
20830,-16.164400000000001,2.9464000000000001
20831,-16.902200000000001,2.9407999999999999
20832,-11.8241,2.9630999999999998
20833,-10.739000000000001,2.9706000000000001
20834,-8.0604999999999993,2.9872999999999998
20835,-9.6229999999999993,2.9817
20836,-8.3394999999999992,2.9891999999999999
20837,-4.4580000000000002,3.0114999999999998
20838,0,3.0411999999999999
20839,-2.7467000000000001,3.0375000000000001
20840,-1.0911999999999999,3.0487000000000002
20841,1.3206,3.0691000000000002
20842,2.5607000000000002,3.0821999999999998
20843,6.7336,3.1101000000000001
20844,10.726599999999999,3.1398000000000001
20845,10.038399999999999,3.1490999999999998
20846,11.6815,3.1659000000000002
20847,9.7965999999999998,3.1659000000000002
20848,5.2020999999999997,3.1473
20849,6.6467999999999998,3.1547000000000001
20850,0,3.1267999999999998
20851,0,3.125
20852,0,3.125
20853,0,3.125
20854,-0.4526,3.1231
20855,0,3.125
20856,0,3.1231
20857,-9.5733999999999995,3.0783999999999998
20858,-10.615,3.0617000000000001
20859,-17.776499999999999,3.0188999999999999
20860,-23.933499999999999,2.9723999999999999
20861,-24.138100000000001,2.952
20862,-16.0962,2.9780000000000002
20863,-10.373200000000001,3.0003000000000002
20864,-13.020799999999999,2.9872999999999998
20865,-14.217499999999999,2.9780000000000002
20866,-15.7738,2.9630999999999998
20867,-16.492999999999999,2.9538000000000002
20868,-25.254200000000001,2.9016999999999999
20869,-22.966200000000001,2.8999000000000001
20870,-16.8216,2.9203000000000001
20871,-10.9437,2.9481999999999999
20872,-8.1783000000000001,2.9668000000000001
20873,-12.258100000000001,2.9500999999999999
20874,-4.5324,2.9910000000000001
20875,-4.5324,2.9984999999999999
20876,-2.8521000000000001,3.0114999999999998
20877,0,3.0356999999999998
20878,-1.1346000000000001,3.0375000000000001
20879,-4.3402000000000003,3.0264000000000002
20880,-4.3339999999999996,3.0264000000000002
20881,-2.7467000000000001,3.0356999999999998
20882,2.0089000000000001,3.0636000000000001
20883,-2.6227,3.0487000000000002
20884,-4.1479999999999997,3.0411999999999999
20885,-4.1479999999999997,3.0411999999999999
20886,-4.1479999999999997,3.0411999999999999
20887,-4.1417999999999999,3.0411999999999999
20888,-4.1417999999999999,3.0411999999999999
20889,-5.7786999999999997,3.0337999999999998
20890,-9.4928000000000008,3.0114999999999998
20891,-11.1793,2.9965999999999999
20892,-25.440200000000001,2.9148000000000001
20893,-19.345199999999998,2.9241000000000001
20894,-19.748200000000001,2.9129
20895,-20.4985,2.8999000000000001
20896,-5.7786999999999997,2.9668000000000001
20897,-14.415900000000001,2.9315000000000002
20898,-11.972899999999999,2.9388999999999998
20899,-10.453799999999999,2.9464000000000001
20900,-4.0983999999999998,2.9799000000000002
20901,-2.1825000000000001,2.9984999999999999
20902,-5.8531000000000004,2.9872999999999998
20903,-3.9805999999999999,2.9984999999999999
20904,-0.29759999999999998,3.0245000000000002
20905,1.3206,3.0411999999999999
20906,-3.9434,3.0188999999999999
20907,1.3268,3.0487000000000002
20908,1.3206,3.0560999999999998
20909,-3.621,3.0356999999999998
20910,-0.124,3.0543
20911,-3.5341999999999998,3.0394000000000001
20912,4.6440000000000001,3.0821999999999998
20913,2.0461,3.0783999999999998
20914,-3.1436000000000002,3.0560999999999998
20915,-4.8239000000000001,3.0449999999999999
20916,-4.8114999999999997,3.0430999999999999
20917,-4.8177000000000003,3.0411999999999999
20918,0,3.0636000000000001
20919,-3.0257000000000001,3.0524
20920,-4.6936999999999998,3.0449999999999999
20921,-1.2958000000000001,3.0598000000000001
20922,0.67579999999999996,3.0747
20923,2.6413000000000002,3.0876999999999999
20924,1.3206,3.0876999999999999
20925,2.6103000000000001,3.097
20926,7.9612999999999996,3.1286999999999998
20927,9.5548000000000002,3.1436000000000002
20928,8.7177000000000007,3.1473
20929,6.5599999999999996,3.1417000000000002
20930,5.2020999999999997,3.1398000000000001
20931,-2.3809,3.1044999999999998
20932,-11.4087,3.0543
20933,-10.8506,3.0468000000000002
20934,-7.8930999999999996,3.0524
20935,-8.9408999999999992,3.0411999999999999
20936,-10.1066,3.0318999999999998
20937,-10.422800000000001,3.0226000000000002
20938,-12.6798,3.004
20939,-15.823399999999999,2.9799000000000002
20940,-16.530200000000001,2.9630999999999998
20941,-11.5823,2.9799000000000002
20942,-3.9371999999999998,3.0171000000000001
20943,-6.2624000000000004,3.0095999999999998
20944,-6.2995999999999999,3.0114999999999998
20945,-6.4236000000000004,3.0114999999999998
20946,-11.6195,2.9836
20947,-8.1410999999999998,2.9946999999999999
20948,-13.585000000000001,2.9649999999999999
20949,-6.1755000000000004,2.9965999999999999
20950,-6.2126999999999999,2.9984999999999999
20951,-6.2188999999999997,3.0003000000000002
20952,-2.9388999999999998,3.0171000000000001
20953,4.3650000000000002,3.0617000000000001
20954,2.0026999999999999,3.0617000000000001
20955,1.3206,3.0653999999999999
20956,6.0824999999999996,3.097
20957,3.2056,3.0914999999999999
20958,1.2462,3.0859000000000001
20959,-7.3102,3.0430999999999999
20960,-7.4218000000000002,3.0356999999999998
20961,-8.9346999999999994,3.0226000000000002
20962,-6.2686000000000002,3.0301
20963,-10.6212,3.004
20964,-12.5,2.9872999999999998
20965,-11.5017,2.9836
20966,-7.9675000000000002,2.9965999999999999
20967,-11.9419,2.9723999999999999
20968,-12.301500000000001,2.9649999999999999
20969,-7.0498000000000003,2.9872999999999998
20970,-2.9451000000000001,3.0095999999999998
20971,-2.9388999999999998,3.0152000000000001
20972,-2.8582999999999998,3.0226000000000002
20973,0.73160000000000003,3.0449999999999999
20974,0.73160000000000003,3.0505
20975,-2.7404999999999999,3.0394000000000001
20976,-4.2968000000000002,3.0318999999999998
20977,0.72540000000000004,3.0560999999999998
20978,0.72540000000000004,3.0617000000000001
20979,1.9717,3.0747
20980,-9.0525000000000002,3.0226000000000002
20981,-10.652200000000001,3.0022000000000002
20982,-7.9737,3.0095999999999998
20983,-6.6529999999999996,3.0114999999999998
20984,-1.1035999999999999,3.0411999999999999
20985,-6.6529999999999996,3.0152000000000001
20986,-4.3029999999999999,3.0264000000000002
20987,-4.3029999999999999,3.0264000000000002
20988,0,3.0505
20989,0.124,3.0560999999999998
20990,1.3268,3.0691000000000002
20991,0.124,3.0653999999999999
20992,-2.5855000000000001,3.0543
20993,-4.1479999999999997,3.0449999999999999
20994,-4.1417999999999999,3.0430999999999999
20995,-0.93620000000000003,3.0579999999999998
20996,-2.4615,3.0543
20997,-4.0983999999999998,3.0449999999999999
20998,0,3.0653999999999999
20999,0.124,3.0710000000000002
21000,-3.8999999999999999,3.0524
21001,-7.7317999999999998,3.0301
21002,-2.4119000000000002,3.0524
21003,0.16120000000000001,3.0653999999999999
21004,3.7635999999999998,3.0914999999999999
21005,4.7247000000000003,3.1008
21006,5.8779000000000003,3.1156000000000001
21007,1.6802999999999999,3.0989
21008,-2.8210999999999999,3.0783999999999998
21009,-3.8999999999999999,3.0691000000000002
21010,-13.0146,3.0171000000000001
21011,-12.3325,3.0078
21012,-10.8506,3.0059
21013,-5.7849000000000004,3.0282
21014,-5.8097000000000003,3.0264000000000002
21015,-10.0198,3.004
21016,-6.0576999999999996,3.0171000000000001
21017,-5.2950999999999997,3.0226000000000002
21018,-5.3323,3.0226000000000002
21019,-6.2188999999999997,3.0152000000000001
21020,0.155,3.0487000000000002
21021,-0.73160000000000003,3.0505
21022,-3.7884000000000002,3.0394000000000001
21023,-3.7759999999999998,3.0375000000000001
21024,0.155,3.0579999999999998
21025,-0.69440000000000002,3.0579999999999998
21026,-0.69440000000000002,3.0617000000000001
21027,-3.5899999999999999,3.0487000000000002
21028,-5.8654999999999999,3.0356999999999998
21029,-10.0632,3.0078
21030,-3.7946,3.0356999999999998
21031,0.68200000000000005,3.0598000000000001
21032,-3.7016,3.0430999999999999
21033,1.2462,3.0691000000000002
21034,-8.5007000000000001,3.0226000000000002
21035,-11.4087,2.9984999999999999
21036,-10.2926,2.9946999999999999
21037,1.2462,3.0505
21038,4.8487,3.0802999999999998
21039,10.5654,3.1212
21040,8.8850999999999996,3.125
21041,13.113799999999999,3.1528999999999998
21042,10.4476,3.1509999999999998
21043,7.2854000000000001,3.1417000000000002
21044,0,3.1082000000000001
21045,0,3.1063000000000001
21046,0,3.1044999999999998
21047,0,3.1025999999999998
21048,0,3.1025999999999998
21049,0,3.1025999999999998
21050,-6.4298000000000002,3.0729000000000002
21051,-9.6663999999999994,3.0487000000000002
21052,-20.4923,2.9853999999999998
21053,-22.0548,2.9557000000000002
21054,-26.246200000000002,2.9148000000000001
21055,-20.820900000000002,2.9203000000000001
21056,-12.3759,2.952
21057,-15.606299999999999,2.9333999999999998
21058,-13.492000000000001,2.9371
21059,-12.1713,2.9407999999999999
21060,-14.415900000000001,2.9258999999999999
21061,-21.0503,2.8849999999999998
21062,-26.6493,2.8441000000000001
21063,-19.140599999999999,2.8645
21064,-11.7807,2.8980000000000001
21065,-8.2527000000000008,2.9184999999999999
21066,-6.0143000000000004,2.9388999999999998
21067,-4.4580000000000002,2.952
21068,-4.4580000000000002,2.9594
21069,3.6086,3.0078
21070,-1.054,2.9984999999999999
21071,0,3.0095999999999998
21072,0.72540000000000004,3.0226000000000002
21073,0.1116,3.0245000000000002
21074,1.2462,3.0356999999999998
21075,0.124,3.0356999999999998
21076,1.2462,3.0449999999999999
21077,5.7725,3.0747
21078,10.5654,3.1082000000000001
21079,1.2462,3.0729000000000002
21080,-2.7776999999999998,3.0524
21081,-6.2624000000000004,3.0301
21082,-10.6584,3.0003000000000002
21083,-9.1021000000000001,2.9984999999999999
21084,-0.50219999999999998,3.0394000000000001
21085,-3.2242000000000002,3.0301
21086,-5.4191000000000003,3.0171000000000001
21087,0.2356,3.0449999999999999
21088,-3.2118000000000002,3.0318999999999998
21089,-3.2242000000000002,3.0318999999999998
21090,-12.3759,2.9836
21091,-9.5671999999999997,2.9853999999999998
21092,-11.1731,2.9706000000000001
21093,-5.9832999999999998,2.9929000000000001
21094,-7.4218000000000002,2.9853999999999998
21095,-8.9346999999999994,2.9723999999999999
21096,-5.4562999999999997,2.9891999999999999
21097,-2.3871000000000002,3.0059
21098,1.2462,3.0318999999999998
21099,3.6892,3.0524
21100,0.68200000000000005,3.0449999999999999
21101,1.2090000000000001,3.0524
21102,0.2356,3.0505
21103,0.68200000000000005,3.0560999999999998
21104,1.2834000000000001,3.0617000000000001
21105,0.73160000000000003,3.0636000000000001
21106,4.4889999999999999,3.0859000000000001
21107,13.119999999999999,3.1360999999999999
21108,11.4087,3.1398000000000001
21109,8.2402999999999995,3.1324000000000001
21110,0,3.0952000000000002
21111,0,3.0914999999999999
21112,0,3.0914999999999999
21113,0,3.0895999999999999
21114,0,3.0895999999999999
21115,0,3.0895999999999999
21116,0,3.0895999999999999
21117,0,3.0895999999999999
21118,0,3.0895999999999999
21119,0,3.0895999999999999
21120,0,3.0914999999999999
21121,0,3.0914999999999999
21122,0,3.0914999999999999
21123,0,3.0914999999999999
21124,0,3.0914999999999999
21125,0,3.0933000000000002
21126,0,3.0933000000000002
21127,0,3.0933000000000002
21128,0,3.0933000000000002
21129,0,3.0933000000000002
21130,0,3.0933000000000002
21131,0,3.0952000000000002
21132,0,3.0952000000000002
21133,0,3.0952000000000002
21134,0,3.0952000000000002
21135,0,3.0952000000000002
21136,0,3.097
21137,0,3.097
21138,0,3.097
21139,0,3.097
21140,0,3.097
21141,0,3.097
21142,0,3.097
21143,-3.9371999999999998,3.0802999999999998
21144,-9.0214999999999996,3.0505
21145,-15.978400000000001,3.0059
21146,-19.611799999999999,2.9723999999999999
21147,-23.9831,2.9333999999999998
21148,-27.697099999999999,2.8942999999999999
21149,-15.2963,2.9352
21150,-16.567399999999999,2.9222000000000001
21151,-20.703099999999999,2.8942999999999999
21152,-16.331800000000001,2.9036
21153,-15.1289,2.9036
21154,-13.132400000000001,2.9091999999999998
21155,-13.647,2.9055
21156,-15.569100000000001,2.8923999999999999
21157,-7.6139999999999999,2.9278
21158,-11.4087,2.911
21159,-10.8506,2.9129
21160,-9.6167999999999996,2.9184999999999999
21161,0,2.9706000000000001
21162,1.3206,2.9929000000000001
21163,1.3206,3.004
21164,-4.0488,2.9836
21165,2.7281,3.0226000000000002
21166,9.7904,3.0710000000000002
21167,10.280200000000001,3.0895999999999999
21168,4.1294000000000004,3.0710000000000002
21169,3.4039999999999999,3.0729000000000002
21170,11.557499999999999,3.1175000000000002
21171,10.925000000000001,3.125
21172,7.4093999999999998,3.1175000000000002
21173,2.3995000000000002,3.0952000000000002
21174,0.56420000000000003,3.0859000000000001
21175,0,3.0821999999999998
21176,0,3.0821999999999998
21177,0,3.0802999999999998
21178,0,3.0802999999999998
21179,-0.52700000000000002,3.0783999999999998
21180,-2.1825000000000001,3.0691000000000002
21181,-2.2197,3.0653999999999999
21182,0,3.0783999999999998
21183,-0.52700000000000002,3.0766
21184,0,3.0783999999999998
21185,0,3.0802999999999998
21186,0,3.0821999999999998
21187,0,3.0821999999999998
21188,0,3.0821999999999998
21189,0,3.0821999999999998
21190,0,3.0840000000000001
21191,-0.068199999999999997,3.0821999999999998
21192,-1.7733000000000001,3.0747
21193,-3.3792,3.0653999999999999
21194,-6.5785999999999998,3.0468000000000002
21195,-15.048299999999999,2.9965999999999999
21196,-17.249500000000001,2.9706000000000001
21197,-20.175999999999998,2.9407999999999999
21198,-9.8523999999999994,2.9780000000000002
21199,-5.4191000000000003,2.9984999999999999
21200,-13.808199999999999,2.9557000000000002
21201,-19.810199999999998,2.9129
21202,-20.095400000000001,2.8961999999999999
21203,-13.058,2.9184999999999999
21204,-5.1463000000000001,2.9594
21205,-3.9371999999999998,2.9706000000000001
21206,-3.9744000000000002,2.9780000000000002
21207,-6.2126999999999999,2.9687000000000001
21208,-11.7621,2.9388999999999998
21209,-9.0959000000000003,2.9445000000000001
21210,-12.531000000000001,2.9222000000000001
21211,-11.737299999999999,2.9203000000000001
21212,-10.057,2.9241000000000001
21213,-2.2631000000000001,2.9649999999999999
21214,-2.2134999999999998,2.9723999999999999
21215,-6.0205000000000002,2.9594
21216,-8.9037000000000006,2.9426999999999999
21217,-9.0525000000000002,2.9388999999999998
21218,-6.3739999999999997,2.9481999999999999
21219,-9.2942999999999998,2.9352
21220,-6.2065000000000001,2.9464000000000001
21221,-7.6946000000000003,2.9388999999999998
21222,-5.5678999999999998,2.9500999999999999
21223,-4.0549999999999997,2.9594
21224,-4.0549999999999997,2.9630999999999998
21225,-2.4676999999999998,2.9761000000000002
21226,-2.4615,2.9799000000000002
21227,-3.9805999999999999,2.9723999999999999
21228,0,2.9965999999999999
21229,-2.5358999999999998,2.9910000000000001
21230,0.68200000000000005,3.0095999999999998
21231,1.24,3.0188999999999999
21232,3.7635999999999998,3.0394000000000001
21233,4.7247000000000003,3.0524
21234,10.044600000000001,3.0876999999999999
21235,6.4050000000000002,3.0821999999999998
21236,10.7948,3.1101000000000001
21237,4.8859000000000004,3.0895999999999999
21238,6.3554000000000004,3.0989
21239,7.5644,3.1101000000000001
21240,0,3.0766
21241,0,3.0747
21242,0,3.0729000000000002
21243,0,3.0729000000000002
21244,0,3.0729000000000002
21245,0,3.0729000000000002
21246,0,3.0729000000000002
21247,0,3.0729000000000002
21248,0,3.0729000000000002
21249,0,3.0729000000000002
21250,0,3.0729000000000002
21251,0,3.0729000000000002
21252,0,3.0747
21253,0,3.0747
21254,0,3.0747
21255,0,3.0766
21256,0,3.0766
21257,0,3.0766
21258,0,3.0766
21259,-6.7397999999999998,3.0430999999999999
21260,-10.615,3.0152000000000001
21261,-16.0838,2.9780000000000002
21262,-22.2532,2.9278
21263,-26.457000000000001,2.8849999999999998
21264,-31.318200000000001,2.8348
21265,-27.337499999999999,2.8273000000000001
21266,-24.1815,2.8254999999999999
21267,-9.2942999999999998,2.8923999999999999
21268,1.2090000000000001,2.9575
21269,1.2090000000000001,2.9761000000000002
21270,12.289099999999999,3.0505
21271,13.405200000000001,3.0802999999999998
21272,10.7948,3.0859000000000001
21273,7.1242000000000001,3.0802999999999998
21274,0,3.0487000000000002
21275,0,3.0487000000000002
21276,0,3.0487000000000002
21277,0,3.0487000000000002
21278,0,3.0505
21279,0,3.0505
21280,0,3.0524
21281,0,3.0543
21282,0,3.0543
21283,0,3.0560999999999998
21284,0,3.0560999999999998
21285,0,3.0579999999999998
21286,0,3.0579999999999998
21287,-0.73780000000000001,3.0560999999999998
21288,-4.3029999999999999,3.0375000000000001
21289,-6.5724,3.0226000000000002
21290,-9.6974,2.9984999999999999
21291,-18.086500000000001,2.9464000000000001
21292,-15.1351,2.9426999999999999
21293,-8.1287000000000003,2.9687000000000001
21294,-2.5358999999999998,2.9965999999999999
21295,0.44019999999999998,3.0188999999999999
21296,-3.2924000000000002,3.0059
21297,-3.8999999999999999,3.0022000000000002
21298,-1.5004,3.0152000000000001
21299,-8.1783000000000001,2.9836
21300,-13.3432,2.9481999999999999
21301,-14.6577,2.9258999999999999
21302,-16.288399999999999,2.9055
21303,-13.1386,2.9091999999999998
21304,-15.4947,2.8906000000000001
21305,-7.9302999999999999,2.9222000000000001
21306,-6.2624000000000004,2.9333999999999998
21307,-2.7404999999999999,2.9557000000000002
21308,0.2356,2.9799000000000002
21309,0.2356,2.9891999999999999
21310,-6.4236000000000004,2.9575
21311,-6.2624000000000004,2.9557000000000002
21312,-5.1029,2.9594
21313,-1.5749,2.9799000000000002
21314,-0.33479999999999999,2.9910000000000001
21315,-0.33479999999999999,2.9965999999999999
21316,-2.7715000000000001,2.9891999999999999
21317,-1.5749,2.9946999999999999
21318,5.3943000000000003,3.0375000000000001
21319,1.5996999999999999,3.0282
21320,0.28520000000000001,3.0245000000000002
21321,-6.8575999999999997,2.9891999999999999
21322,-4.6875,2.9929000000000001
21323,-4.7432999999999996,2.9891999999999999
21324,1.1160000000000001,3.0188999999999999
21325,8.2836999999999996,3.0653999999999999
21326,7.0064000000000002,3.0729000000000002
21327,7.1985999999999999,3.0821999999999998
21328,0,3.0505
21329,0,3.0487000000000002
21330,0,3.0487000000000002
21331,0,3.0487000000000002
21332,0,3.0487000000000002
21333,0,3.0505
21334,0,3.0505
21335,0,3.0505
21336,0,3.0524
21337,0,3.0524
21338,0,3.0524
21339,0,3.0543
21340,0,3.0543
21341,0,3.0560999999999998
21342,-3.2924000000000002,3.0394000000000001
21343,-0.4526,3.0505
21344,-0.4526,3.0524
21345,-0.44640000000000002,3.0524
21346,-0.4526,3.0524
21347,-2.2134999999999998,3.0449999999999999
21348,-4.6936999999999998,3.0301
21349,-3.5341999999999998,3.0337999999999998
21350,-3.5341999999999998,3.0301
21351,-4.5014000000000003,3.0245000000000002
21352,-9.4494000000000007,2.9946999999999999
21353,-11.4831,2.9761000000000002
21354,-4.1479999999999997,3.004
21355,0,3.0282
21356,0,3.0337999999999998
21357,0,3.0375000000000001
21358,-6.5724,3.004
21359,-13.808199999999999,2.9594
21360,-22.005199999999999,2.8999000000000001
21361,-26.810500000000001,2.8515000000000001
21362,-25.198399999999999,2.8329
21363,-17.497499999999999,2.8552
21364,-11.0181,2.8813
21365,-7.5396000000000001,2.9016999999999999
21366,-12.1031,2.8794
21367,-10.6088,2.8849999999999998
21368,-9.6167999999999996,2.8887
21369,-8.4945000000000004,2.8923999999999999
21370,-3.6147999999999998,2.9203000000000001
21371,1.2462,2.9538000000000002
21372,1.2090000000000001,2.9668000000000001
21373,-3.4163999999999999,2.9500999999999999
21374,-3.4226000000000001,2.952
21375,-3.4163999999999999,2.9538000000000002
21376,-3.4163999999999999,2.9557000000000002
21377,-3.4163999999999999,2.9557000000000002
21378,-9.5609999999999999,2.9222000000000001
21379,-5.0223000000000004,2.9407999999999999
21380,-8.5007000000000001,2.9203000000000001
21381,-5.9089,2.9315000000000002
21382,-7.3722000000000003,2.9203000000000001
21383,-8.8975000000000009,2.9091999999999998
21384,-6.2126999999999999,2.9203000000000001
21385,-5.4625000000000004,2.9241000000000001
21386,-7.7317999999999998,2.911
21387,-6.4236000000000004,2.9165999999999999
21388,-13.857799999999999,2.8738000000000001
21389,-28.441199999999998,2.7827000000000002
21390,8.8788999999999998,2.9613
21391,-27.2941,2.7883
21392,-6.2126999999999999,2.8738000000000001
21393,-2.9388999999999998,2.8980000000000001
21394,5.0904999999999996,2.9538000000000002
21395,19.029,3.0524
21396,17.671099999999999,3.0783999999999998
21397,15.0359,3.0859000000000001
21398,11.935700000000001,3.0840000000000001
21399,8.6433,3.0783999999999998
21400,0,3.0375000000000001
21401,0,3.0356999999999998
21402,0,3.0337999999999998
21403,0,3.0337999999999998
21404,0,3.0337999999999998
21405,0,3.0337999999999998
21406,0,3.0337999999999998
21407,0,3.0337999999999998
21408,0,3.0337999999999998
21409,0,3.0356999999999998
21410,0,3.0356999999999998
21411,0,3.0356999999999998
21412,0,3.0375000000000001
21413,0,3.0375000000000001
21414,0,3.0394000000000001
21415,0,3.0394000000000001
21416,0,3.0394000000000001
21417,0,3.0394000000000001
21418,0,3.0411999999999999
21419,0,3.0411999999999999
21420,0,3.0411999999999999
21421,0,3.0411999999999999
21422,0,3.0430999999999999
21423,0,3.0430999999999999
21424,0,3.0449999999999999
21425,0,3.0449999999999999
21426,0,3.0449999999999999
21427,0,3.0449999999999999
21428,-4.8673000000000002,3.0226000000000002
21429,-10.590199999999999,2.9853999999999998
21430,-17.764099999999999,2.9371
21431,-18.625900000000001,2.911
21432,-16.499199999999998,2.9055
21433,-14.9925,2.8999000000000001
21434,-9.4990000000000006,2.9184999999999999
21435,-26.047799999999999,2.8254999999999999
21436,-7.0250000000000004,2.9036
21437,-14.0625,2.8683000000000001
21438,-11.061500000000001,2.8776000000000002
21439,-2.7839,2.9203000000000001
21440,-20.709299999999999,2.8273000000000001
21441,1.2090000000000001,2.9333999999999998
21442,0.80600000000000005,2.9464000000000001
21443,0.72540000000000004,2.9575
21444,1.2090000000000001,2.9668000000000001
21445,1.6493,2.9799000000000002
21446,1.2090000000000001,2.9853999999999998
21447,0.68200000000000005,2.9872999999999998
21448,4.0797999999999996,3.0114999999999998
21449,3.4039999999999999,3.0152000000000001
21450,3.0505,3.0188999999999999
21451,2.8397000000000001,3.0264000000000002
21452,4.2782,3.0375000000000001
21453,7.4900000000000002,3.0598000000000001
21454,0,3.0282
21455,0,3.0282
21456,0,3.0282
21457,0,3.0282
21458,0,3.0282
21459,0,3.0282
21460,0,3.0301
21461,0,3.0301
21462,0,3.0301
21463,0,3.0301
21464,0,3.0318999999999998
21465,0,3.0318999999999998
21466,0,3.0318999999999998
21467,0,3.0318999999999998
21468,0,3.0337999999999998
21469,0,3.0337999999999998
21470,0,3.0356999999999998
21471,0,3.0356999999999998
21472,0,3.0356999999999998
21473,0,3.0375000000000001
21474,0,3.0375000000000001
21475,0,3.0375000000000001
21476,0,3.0394000000000001
21477,0,3.0394000000000001
21478,0,3.0394000000000001
21479,0,3.0411999999999999
21480,0,3.0411999999999999
21481,0,3.0411999999999999
21482,0,3.0411999999999999
21483,0,3.0411999999999999
21484,0,3.0430999999999999
21485,-9.5609999999999999,2.9929000000000001
21486,-9.4122000000000003,2.9836
21487,-15.290100000000001,2.9426999999999999
21488,-18.6569,2.9091999999999998
21489,-21.087499999999999,2.8757000000000001
21490,-23.325800000000001,2.8458999999999999
21491,-6.2995999999999999,2.9165999999999999
21492,-9.2632999999999992,2.9055
21493,-27.777699999999999,2.8012999999999999
21494,-13.1014,2.8515000000000001
21495,-10.584,2.8626999999999998
21496,-4.5324,2.8961999999999999
21497,0.79979999999999996,2.9333999999999998
21498,1.6865000000000001,2.952
21499,1.6802999999999999,2.9630999999999998
21500,1.2090000000000001,2.9687000000000001
21501,1.6059000000000001,2.9799000000000002
21502,11.3963,3.0411999999999999
21503,7.1242000000000001,3.0375000000000001
21504,-1.7733000000000001,2.9965999999999999
21505,-4.5324,2.9799000000000002
21506,-4.6626000000000003,2.9723999999999999
21507,-6.0205000000000002,2.9613
21508,-11.972899999999999,2.9222000000000001
21509,-20.095400000000001,2.8645
21510,-22.265599999999999,2.8292000000000002
21511,-20.5047,2.8161999999999998
21512,-5.3446999999999996,2.8849999999999998
21513,-0.496,2.9184999999999999
21514,-1.8601000000000001,2.9222000000000001
21515,5.6733000000000002,2.9723999999999999
21516,10.646000000000001,3.0171000000000001
21517,7.2854000000000001,3.0171000000000001
21518,4.0797999999999996,3.0114999999999998
21519,-1.9035,2.9853999999999998
21520,-17.702100000000002,2.8942999999999999
21521,-21.769500000000001,2.8477999999999999
21522,-20.808499999999999,2.8254999999999999
21523,-21.013100000000001,2.8050000000000002
21524,-15.2095,2.8180000000000001
21525,-8.5441000000000003,2.8496999999999999
21526,-7.3474000000000004,2.8571
21527,-5.2579000000000002,2.8700999999999999
21528,0.68200000000000005,2.9091999999999998
21529,-2.1825000000000001,2.9055
21530,-5.9089,2.8887
21531,-5.2206999999999999,2.8923999999999999
21532,-2.2197,2.9091999999999998
21533,-2.1762999999999999,2.9129
21534,-3.6953999999999998,2.9091999999999998
21535,-10.094200000000001,2.8719999999999999
21536,-10.2988,2.8626999999999998
21537,-5.4562999999999997,2.8813
21538,0.16120000000000001,2.9165999999999999
21539,1.24,2.9333999999999998
21540,-5.2579000000000002,2.9036
21541,-8.8975000000000009,2.8794
21542,-11.935700000000001,2.8552
21543,-4.0549999999999997,2.8906000000000001
21544,0,2.9165999999999999
21545,-9.2136999999999993,2.8719999999999999
21546,-11.613300000000001,2.8515000000000001
21547,-14.167899999999999,2.8254999999999999
21548,-18.613499999999998,2.7883
21549,-13.857799999999999,2.7993999999999999
21550,-11.8241,2.8050000000000002
21551,-8.9408999999999992,2.8161999999999998
21552,-9.0587,2.8161999999999998
21553,-9.2136999999999993,2.8142999999999998
21554,-5.0533000000000001,2.8348
21555,-1.5810999999999999,2.8626999999999998
21556,-3.2242000000000002,2.8607999999999998
21557,-3.2303999999999999,2.8645
21558,-6.6654,2.8496999999999999
21559,-10.776199999999999,2.8235999999999999
21560,0.68820000000000003,2.8813
21561,1.3206,2.8980000000000001
21562,0.68200000000000005,2.9055
21563,-8.8169000000000004,2.8571
21564,-12.0473,2.8292000000000002
21565,-10.695600000000001,2.8254999999999999
21566,-7.6635999999999997,2.8348
21567,-6.8575999999999997,2.8365999999999998
21568,-3.3854000000000002,2.859
21569,1.3206,2.8923999999999999
21570,2.0461,2.9073000000000002
21571,-6.4917999999999996,2.8664000000000001
21572,-8.9346999999999994,2.8477999999999999
21573,-12.2643,2.8199000000000001
21574,-12.5434,2.8087
21575,-13.777200000000001,2.7900999999999998
21576,-11.458299999999999,2.7938000000000001
21577,-8.2527000000000008,2.8069000000000002
21578,-1.8539000000000001,2.8441000000000001
21579,1.3268,2.8700999999999999
21580,21.3293,3.0022000000000002
21581,19.518799999999999,3.0318999999999998
21582,18.272500000000001,3.0524
21583,15.507099999999999,3.0579999999999998
21584,12.3635,3.0543
21585,9.0772999999999993,3.0468000000000002
21586,0,3.004
21587,0,3.0003000000000002
21588,0,2.9984999999999999
21589,0,2.9965999999999999
21590,0,2.9965999999999999
21591,0,2.9965999999999999
21592,0,2.9946999999999999
21593,0,2.9965999999999999
21594,0,2.9965999999999999
21595,0,2.9965999999999999
21596,0,2.9965999999999999
21597,0,2.9965999999999999
21598,0,2.9965999999999999
21599,0,2.9984999999999999
21600,0,2.9984999999999999
21601,0,2.9984999999999999
21602,0,3.0003000000000002
21603,0,3.0003000000000002
21604,0,3.0003000000000002
21605,0,3.0003000000000002
21606,0,3.0003000000000002
21607,0,3.0022000000000002
21608,0,3.0022000000000002
21609,0,3.0022000000000002
21610,0,3.004
21611,0,3.004
21612,0,3.004
21613,0,3.004
21614,0,3.0059
21615,0,3.0059
21616,0,3.0059
21617,0,3.0059
21618,0,3.0078
21619,0,3.0078
21620,0,3.0078
21621,0,3.0078
21622,0,3.0095999999999998
21623,0,3.0095999999999998
21624,0,3.0095999999999998
21625,0,3.0095999999999998
21626,0,3.0095999999999998
21627,0,3.0114999999999998
21628,-10.466200000000001,2.9557000000000002
21629,-14.4283,2.9203000000000001
21630,-18.309699999999999,2.8849999999999998
21631,-22.7988,2.8403999999999998
21632,-28.5838,2.7845
21633,-33.395299999999999,2.7286999999999999
21634,-29.203800000000001,2.7193999999999998
21635,-28.187000000000001,2.7027000000000001
21636,-22.284199999999998,2.7139000000000002
21637,-12.1403,2.7585000000000002
21638,2.6351,2.8441000000000001
21639,1.8105,2.8607999999999998
21640,0.67579999999999996,2.8700999999999999
21641,-7.3722000000000003,2.8329
21642,-6.0949,2.8365999999999998
21643,-6.1755000000000004,2.8365999999999998
21644,-9.0463000000000005,2.8199000000000001
21645,-21.465699999999998,2.7435999999999998
21646,2.7343000000000002,2.8607999999999998
21647,14.000400000000001,2.9464000000000001
21648,6.0453000000000001,2.9333999999999998
21649,16.0776,3.004
21650,6.9257999999999997,2.9799000000000002
21651,1.0044,2.9557000000000002
21652,-10.174799999999999,2.8923999999999999
21653,-6.7336,2.8980000000000001
21654,-15.612500000000001,2.8403999999999998
21655,-26.7361,2.7566000000000002
21656,-30.809699999999999,2.7027000000000001
21657,-39.930500000000002,2.6263999999999998
21658,-39.918100000000003,2.5911
21659,-39.924300000000002,2.5669
21660,-39.918100000000003,2.5427
21661,-25.248000000000001,2.5891999999999999
21662,-39.918100000000003,2.5148000000000001
21663,-30.109100000000002,2.5409000000000002
21664,-39.924300000000002,2.4868999999999999
21665,-38.256399999999999,2.4775999999999998
21666,-39.918100000000003,2.4533999999999998
21667,-29.1294,2.4868999999999999
21668,-27.418099999999999,2.4887999999999999
21669,-25.861799999999999,2.4906000000000001
21670,-10.460000000000001,2.5613000000000001
21671,-6.3739999999999997,2.593
21672,-8.6928999999999998,2.593
21673,-6.2065000000000001,2.6153
21674,-10.2058,2.6023000000000001
21675,-10.212,2.6040999999999999
21676,-10.212,2.6040999999999999
21677,-10.212,2.6059999999999999
21678,-14.781700000000001,2.5836999999999999
21679,-14.862299999999999,2.5781000000000001
21680,-21.775700000000001,2.5371999999999999
21681,-24.4543,2.5093000000000001
21682,-24.937899999999999,2.4944000000000002
21683,-20.696899999999999,2.5017999999999998
21684,-23.412600000000001,2.4832000000000001
21685,-26.252400000000002,2.4590000000000001
21686,-21.856300000000001,2.4683000000000002
21687,-24.658899999999999,2.4516
21688,-30.084299999999999,2.4161999999999999
21689,-39.924300000000002,2.3845999999999998
