time_s,current_A,voltage_V
0,0,3.6364999999999998
1,0,3.6328
2,0,3.629
3,0,3.6272000000000002
4,0,3.6234999999999999
5,0,3.6215999999999999
6,0,3.6160000000000001
7,0,3.6141999999999999
8,0,3.6122999999999998
9,0,3.6103999999999998
10,0,3.6086
11,0,3.6067
12,0,3.6049000000000002
13,0,3.6030000000000002
14,0,3.6011000000000002
15,0,3.5992999999999999
16,0,3.5973999999999999
17,0,3.5956000000000001
18,0,3.5937000000000001
19,0,3.5937000000000001
20,0,3.5918000000000001
21,0,3.5899999999999999
22,0,3.5880999999999998
23,0,3.5880999999999998
24,0,3.5863
25,0,3.5844
26,0,3.5844
27,0,3.5825
28,0,3.5825
29,0,3.5807000000000002
30,0,3.5788000000000002
31,0,3.5788000000000002
32,0,3.577
33,0,3.5750999999999999
34,0,3.5750999999999999
35,0,3.5750999999999999
36,0,3.5731999999999999
37,0,3.5695000000000001
38,0,3.5695000000000001
39,0,3.5676999999999999
40,0,3.5676999999999999
41,0,3.5657999999999999
42,0,3.5657999999999999
43,0,3.5657999999999999
44,0,3.5638999999999998
45,0,3.5638999999999998
46,0,3.5621
47,0,3.5621
48,0,3.5602
49,0,3.5602
50,0,3.5602
51,0,3.5583999999999998
52,0,3.5583999999999998
53,0,3.5583999999999998
54,0,3.5565000000000002
55,0,3.5565000000000002
56,0,3.5565000000000002
57,0,3.5546000000000002
58,0,3.5546000000000002
59,0,3.5528
60,0,3.5528
61,0,3.5528
62,0,3.5508999999999999
63,0,3.5508999999999999
64,0,3.5508999999999999
65,0,3.5491000000000001
66,0,3.5491000000000001
67,0,3.5491000000000001
68,0,3.5491000000000001
69,0,3.5472000000000001
70,0,3.5472000000000001
71,0,3.5472000000000001
72,0,3.5453000000000001
73,0,3.5453000000000001
74,0,3.5453000000000001
75,0,3.5453000000000001
76,0,3.5434999999999999
77,0,3.5434999999999999
78,0,3.5434999999999999
79,0,3.5434999999999999
80,0,3.5434999999999999
81,0,3.5415999999999999
82,0,3.5415999999999999
83,0,3.5415999999999999
84,0,3.5398000000000001
85,0,3.5398000000000001
86,0,3.5398000000000001
87,0,3.5398000000000001
88,0,3.5379
89,0,3.5379
90,0,3.5379
91,0,3.5379
92,0,3.536
93,0,3.536
94,0,3.536
95,0,3.536
96,0,3.536
97,0,3.5341999999999998
98,0,3.5341999999999998
99,0,3.5341999999999998
100,0,3.5341999999999998
101,0,3.5323000000000002
102,0,3.5323000000000002
103,0,3.5323000000000002
104,0,3.5323000000000002
105,0,3.5323000000000002
106,0,3.5305
107,0,3.5305
108,0,3.5305
109,0,3.5305
110,0,3.5305
111,0,3.5305
112,0,3.5286
113,0,3.5286
114,0,3.5286
115,0,3.5286
116,0,3.5286
117,0,3.5266999999999999
118,0,3.5266999999999999
119,0,3.5266999999999999
120,0,3.5266999999999999
121,0,3.5266999999999999
122,0,3.5266999999999999
123,0,3.5230000000000001
124,0,3.5230000000000001
125,0,3.5230000000000001
126,0,3.5230000000000001
127,0,3.5230000000000001
128,0,3.5211999999999999
129,0,3.5211999999999999
130,0,3.5211999999999999
131,0,3.5211999999999999
132,0,3.5211999999999999
133,0,3.5211999999999999
134,0,3.5192999999999999
135,0,3.5192999999999999
136,0,3.5192999999999999
137,0,3.5192999999999999
138,0,3.5192999999999999
139,0,3.5192999999999999
140,0,3.5192999999999999
141,0,3.5173999999999999
142,0,3.5173999999999999
143,0,3.5173999999999999
144,0,3.5173999999999999
145,0,3.5173999999999999
146,0,3.5173999999999999
147,0,3.5156000000000001
148,0,3.5156000000000001
149,0,3.5156000000000001
150,0,3.5156000000000001
151,0,3.5156000000000001
152,0,3.5156000000000001
153,0,3.5137
154,0,3.5137
155,0,3.5137
156,0,3.5137
157,0,3.5137
158,0,3.5118999999999998
159,0,3.5118999999999998
160,0,3.5118999999999998
161,0,3.5118999999999998
162,0,3.5118999999999998
163,0,3.5118999999999998
164,0,3.5118999999999998
165,0,3.5118999999999998
166,0,3.5118999999999998
167,0,3.5099999999999998
168,0,3.5099999999999998
169,0,3.5099999999999998
170,0,3.5099999999999998
171,0,3.5099999999999998
172,0,3.5099999999999998
173,0,3.5099999999999998
174,0,3.5081000000000002
175,0,3.5081000000000002
176,0,3.5081000000000002
177,0,3.5081000000000002
178,0,3.5081000000000002
179,0,3.5063
180,0,3.5063
181,0,3.5063
182,0,3.5063
183,0,3.5063
184,0,3.5063
185,0,3.5063
186,0,3.5063
187,0,3.5063
188,0,3.5063
189,0,3.5044
190,0,3.5044
191,0,3.5044
192,0,3.5044
193,0,3.5044
194,0,3.5044
195,0,3.5026000000000002
196,0,3.5026000000000002
197,0,3.5026000000000002
198,0,3.5026000000000002
199,0,3.5026000000000002
200,0,3.5026000000000002
201,0,3.5026000000000002
202,0,3.5026000000000002
203,0,3.5007000000000001
204,0,3.5007000000000001
205,0,3.5007000000000001
206,0,3.5007000000000001
207,0,3.5007000000000001
208,0,3.5007000000000001
209,0,3.5007000000000001
210,0,3.5007000000000001
211,0,3.5007000000000001
212,0,3.4988000000000001
213,0,3.5007000000000001
214,0,3.4988000000000001
215,0,3.4988000000000001
216,0,3.4988000000000001
217,0,3.4988000000000001
218,0,3.4988000000000001
219,0,3.4988000000000001
220,0,3.4988000000000001
221,0,3.4969999999999999
222,0,3.4969999999999999
223,0,3.4969999999999999
224,0,3.4969999999999999
225,0,3.4969999999999999
226,0,3.4969999999999999
227,0,3.4969999999999999
228,0,3.4969999999999999
229,0,3.4969999999999999
230,0,3.4969999999999999
231,0,3.4950999999999999
232,0,3.4950999999999999
233,0,3.4950999999999999
234,0,3.4950999999999999
235,0,3.4950999999999999
236,0,3.4950999999999999
237,0,3.4950999999999999
238,0,3.4950999999999999
239,0,3.4933000000000001
240,0,3.4933000000000001
241,0,3.4933000000000001
242,0,3.4933000000000001
243,0,3.4933000000000001
244,0,3.4933000000000001
245,0,3.4933000000000001
246,0,3.4933000000000001
247,0,3.4914000000000001
248,0,3.4933000000000001
249,0,3.4914000000000001
250,0,3.4914000000000001
251,0,3.4914000000000001
252,0,3.4914000000000001
253,0,3.4914000000000001
254,0,3.4914000000000001
255,0,3.4914000000000001
256,0,3.4914000000000001
257,0,3.4914000000000001
258,0,3.4914000000000001
259,0,3.4914000000000001
260,0,3.4895
261,0,3.4895
262,0,3.4895
263,0,3.4895
264,0,3.4895
265,0,3.4895
266,0,3.4895
267,0,3.4895
268,0,3.4895
269,0,3.4895
270,0,3.4895
271,0,3.4876999999999998
272,0,3.4876999999999998
273,0,3.4876999999999998
274,0,3.4876999999999998
275,0,3.4876999999999998
276,0,3.4876999999999998
277,0,3.4876999999999998
278,0,3.4876999999999998
279,0,3.4857999999999998
280,0,3.4857999999999998
281,0,3.4876999999999998
282,0,3.4857999999999998
283,0,3.4857999999999998
284,0,3.4857999999999998
285,0,3.4857999999999998
286,0,3.4857999999999998
287,0,3.4857999999999998
288,0,3.4857999999999998
289,0,3.4857999999999998
290,0,3.4857999999999998
291,0,3.484
292,0,3.484
293,0,3.484
294,0,3.484
295,0,3.484
296,0,3.484
297,0,3.484
298,0,3.484
299,0,3.484
300,0,3.484
301,0,3.4821
302,0,3.4821
303,0,3.4821
304,0,3.4821
305,0,3.4821
306,0,3.4821
307,0,3.4821
308,0,3.4821
309,0,3.4821
310,0,3.4821
311,0,3.4784000000000002
312,0,3.4784000000000002
313,0,3.4821
314,0,3.4784000000000002
315,0,3.4821
316,0,3.4784000000000002
317,0,3.4784000000000002
318,0,3.4784000000000002
319,0,3.4784000000000002
320,0,3.4784000000000002
321,0,3.4784000000000002
322,0,3.4784000000000002
323,0,3.4784000000000002
324,0,3.4784000000000002
325,0,3.4784000000000002
326,0,3.4765000000000001
327,0,3.4765000000000001
328,0,3.4765000000000001
329,0,3.4765000000000001
330,0,3.4765000000000001
331,0,3.4765000000000001
332,0,3.4765000000000001
333,0,3.4765000000000001
334,0,3.4765000000000001
335,0,3.4765000000000001
336,0,3.4765000000000001
337,0,3.4765000000000001
338,0,3.4746999999999999
339,0,3.4746999999999999
340,0,3.4746999999999999
341,0,3.4746999999999999
342,0,3.4746999999999999
343,0,3.4746999999999999
344,0,3.4746999999999999
345,0,3.4746999999999999
346,0,3.4746999999999999
347,0,3.4746999999999999
348,0,3.4746999999999999
349,0,3.4746999999999999
350,0,3.4746999999999999
351,0,3.4727999999999999
352,0,3.4727999999999999
353,0,3.4727999999999999
354,0,3.4727999999999999
355,0,3.4727999999999999
356,0,3.4727999999999999
357,0,3.4727999999999999
358,0,3.4727999999999999
359,0,3.4727999999999999
360,0,3.4727999999999999
361,0,3.4727999999999999
362,0,3.4727999999999999
363,0,3.4727999999999999
364,0,3.4708999999999999
365,0,3.4708999999999999
366,0,3.4708999999999999
367,0,3.4708999999999999
368,0,3.4708999999999999
369,0,3.4708999999999999
370,0,3.4708999999999999
371,0,3.4708999999999999
372,0,3.4708999999999999
373,0,3.4708999999999999
374,0,3.4708999999999999
375,0,3.4708999999999999
376,0,3.4708999999999999
377,0,3.4691000000000001
378,0,3.4708999999999999
379,0,3.4691000000000001
380,0,3.4691000000000001
381,0,3.4691000000000001
382,0,3.4691000000000001
383,0,3.4691000000000001
384,0,3.4691000000000001
385,0,3.4691000000000001
386,0,3.4691000000000001
387,0,3.4691000000000001
388,0,3.4691000000000001
389,0,3.4691000000000001
390,0,3.4672000000000001
391,0,3.4691000000000001
392,0,3.4691000000000001
393,0,3.4672000000000001
394,0,3.4691000000000001
395,0,3.4672000000000001
396,0,3.4672000000000001
397,0,3.4672000000000001
398,0,3.4672000000000001
399,0,3.4672000000000001
400,0,3.4672000000000001
401,0,3.4672000000000001
402,0,3.4672000000000001
403,0,3.4672000000000001
404,0,3.4672000000000001
405,0,3.4672000000000001
406,0,3.4653999999999998
407,0,3.4653999999999998
408,0,3.4653999999999998
409,0,3.4653999999999998
410,0,3.4653999999999998
411,0,3.4653999999999998
412,0,3.4653999999999998
413,0,3.4653999999999998
414,0,3.4653999999999998
415,0,3.4653999999999998
416,0,3.4653999999999998
417,0,3.4653999999999998
418,0,3.4653999999999998
419,0,3.4653999999999998
420,0,3.4653999999999998
421,0,3.4653999999999998
422,0,3.4653999999999998
423,0,3.4653999999999998
424,0,3.4634999999999998
425,0,3.4634999999999998
426,0,3.4634999999999998
427,0,3.4634999999999998
428,0,3.4634999999999998
429,0,3.4634999999999998
430,0,3.4634999999999998
431,0,3.4634999999999998
432,0,3.4634999999999998
433,0,3.4634999999999998
434,0,3.4634999999999998
435,0,3.4634999999999998
436,0,3.4634999999999998
437,0,3.4634999999999998
438,0,3.4634999999999998
439,0,3.4634999999999998
440,0,3.4615999999999998
441,0,3.4615999999999998
442,0,3.4615999999999998
443,0,3.4615999999999998
444,0,3.4615999999999998
445,0,3.4615999999999998
446,0,3.4615999999999998
447,0,3.4615999999999998
448,0,3.4615999999999998
449,0,3.4615999999999998
450,0,3.4615999999999998
451,0,3.4615999999999998
452,0,3.4615999999999998
453,0,3.4615999999999998
454,0,3.4615999999999998
455,0,3.4598
456,0,3.4598
457,0,3.4598
458,0,3.4598
459,0,3.4598
460,0,3.4598
461,0,3.4598
462,0,3.4598
463,0,3.4598
464,0,3.4598
465,0,3.4598
466,0,3.4598
467,0,3.4598
468,0,3.4598
469,0,3.4598
470,0,3.4598
471,0,3.4598
472,0,3.4579
473,0,3.4579
474,0,3.4579
475,0,3.4579
476,0,3.4579
477,0,3.4579
478,0,3.4579
479,0,3.4579
480,0,3.4579
481,0,3.4579
482,0,3.4579
483,0,3.4579
484,0,3.4579
485,0,3.4579
486,0,3.4579
487,0,3.4579
488,0,3.4579
489,0,3.4579
490,0,3.4579
491,0,3.4561000000000002
492,0,3.4579
493,0,3.4561000000000002
494,0,3.4561000000000002
495,0,3.4561000000000002
496,0,3.4561000000000002
497,0,3.4561000000000002
498,0,3.4561000000000002
499,0,3.4561000000000002
500,0,3.4561000000000002
501,0,3.4561000000000002
502,0,3.4561000000000002
503,0,3.4561000000000002
504,0,3.4561000000000002
505,0,3.4561000000000002
506,0,3.4561000000000002
507,0,3.4561000000000002
508,0,3.4542000000000002
509,0,3.4542000000000002
510,0,3.4542000000000002
511,0,3.4542000000000002
512,0,3.4561000000000002
513,0,3.4542000000000002
514,0,3.4542000000000002
515,0,3.4542000000000002
516,0,3.4542000000000002
517,0,3.4542000000000002
518,0,3.4542000000000002
519,0,3.4542000000000002
520,0,3.4542000000000002
521,0,3.4542000000000002
522,0,3.4542000000000002
523,0,3.4542000000000002
524,0,3.4542000000000002
525,0,3.4542000000000002
526,0,3.4542000000000002
527,0,3.4542000000000002
528,0,3.4542000000000002
529,0,3.4523000000000001
530,0,3.4523000000000001
531,0,3.4542000000000002
532,0,3.4523000000000001
533,0,3.4523000000000001
534,0,3.4523000000000001
535,0,3.4523000000000001
536,0,3.4523000000000001
537,0,3.4523000000000001
538,0,3.4523000000000001
539,0,3.4523000000000001
540,0,3.4523000000000001
541,0,3.4523000000000001
542,0,3.4523000000000001
543,0,3.4523000000000001
544,0,3.4523000000000001
545,0,3.4523000000000001
546,0,3.4523000000000001
547,0,3.4523000000000001
548,0,3.4523000000000001
549,0,3.4504999999999999
550,0,3.4523000000000001
551,0,3.4504999999999999
552,0,3.4523000000000001
553,0,3.4504999999999999
554,0,3.4504999999999999
555,0,3.4504999999999999
556,0,3.4504999999999999
557,0,3.4504999999999999
558,0,3.4504999999999999
559,0,3.4504999999999999
560,0,3.4504999999999999
561,0,3.4504999999999999
562,0,3.4504999999999999
563,0,3.4504999999999999
564,0,3.4504999999999999
565,0,3.4504999999999999
566,0,3.4504999999999999
567,0,3.4504999999999999
568,0,3.4504999999999999
569,0,3.4504999999999999
570,0,3.4485999999999999
571,0,3.4485999999999999
572,0,3.4485999999999999
573,0,3.4504999999999999
574,0,3.4485999999999999
575,0,3.4485999999999999
576,0,3.4485999999999999
577,0,3.4485999999999999
578,0,3.4485999999999999
579,0,3.4485999999999999
580,0,3.4485999999999999
581,0,3.4485999999999999
582,0,3.4485999999999999
583,0,3.4485999999999999
584,0,3.4485999999999999
585,0,3.4485999999999999
586,0,3.4485999999999999
587,0,3.4485999999999999
588,0,3.4485999999999999
589,0,3.4485999999999999
590,0,3.4468000000000001
591,0,3.4485999999999999
592,0,3.4468000000000001
593,0,3.4485999999999999
594,0,3.4485999999999999
595,0,3.4485999999999999
596,0,3.4468000000000001
597,0,3.4468000000000001
598,0,3.4468000000000001
599,0,3.4468000000000001
600,0,3.4468000000000001
601,0,3.4468000000000001
602,0,3.4468000000000001
603,0,3.4468000000000001
604,0,3.4468000000000001
605,0,3.4468000000000001
606,0,3.4468000000000001
607,0,3.4468000000000001
608,0,3.4468000000000001
609,0,3.4468000000000001
610,0,3.4468000000000001
611,0,3.4468000000000001
612,0,3.4468000000000001
613,0,3.4468000000000001
614,0,3.4468000000000001
615,0,3.4468000000000001
616,0,3.4468000000000001
617,0,3.4449000000000001
618,0,3.4449000000000001
619,0,3.4449000000000001
620,0,3.4449000000000001
621,0,3.4449000000000001
622,0,3.4449000000000001
623,0,3.4449000000000001
624,0,3.4449000000000001
625,0,3.4449000000000001
626,0,3.4449000000000001
627,0,3.4449000000000001
628,0,3.4449000000000001
629,0,3.4449000000000001
630,0,3.4449000000000001
631,0,3.4449000000000001
632,0,3.4449000000000001
633,0,3.4449000000000001
634,0,3.4449000000000001
635,0,3.4449000000000001
636,0,3.4449000000000001
637,0,3.4449000000000001
638,0,3.4449000000000001
639,0,3.4449000000000001
640,0,3.4449000000000001
641,0,3.4430000000000001
642,0,3.4430000000000001
643,0,3.4449000000000001
644,0,3.4430000000000001
645,0,3.4430000000000001
646,0,3.4430000000000001
647,0,3.4430000000000001
648,0,3.4430000000000001
649,0,3.4430000000000001
650,0,3.4430000000000001
651,0,3.4430000000000001
652,0,3.4430000000000001
653,0,3.4430000000000001
654,0,3.4430000000000001
655,0,3.4430000000000001
656,0,3.4430000000000001
657,0,3.4430000000000001
658,0,3.4430000000000001
659,0,3.4430000000000001
660,0,3.4430000000000001
661,0,3.4430000000000001
662,0,3.4430000000000001
663,0,3.4430000000000001
664,0,3.4430000000000001
665,0,3.4411999999999998
666,0,3.4411999999999998
667,0,3.4411999999999998
668,0,3.4411999999999998
669,0,3.4411999999999998
670,0,3.4411999999999998
671,0,3.4411999999999998
672,0,3.4411999999999998
673,0,3.4411999999999998
674,0,3.4411999999999998
675,0,3.4411999999999998
676,0,3.4411999999999998
677,0,3.4411999999999998
678,0,3.4411999999999998
679,0,3.4411999999999998
680,0,3.4411999999999998
681,0,3.4411999999999998
682,0,3.4411999999999998
683,0,3.4411999999999998
684,0,3.4411999999999998
685,0,3.4411999999999998
686,0,3.4411999999999998
687,0,3.4411999999999998
688,0,3.4411999999999998
689,0,3.4411999999999998
690,0,3.4411999999999998
691,0,3.4392999999999998
692,0,3.4392999999999998
693,0,3.4392999999999998
694,0,3.4392999999999998
695,0,3.4392999999999998
696,0,3.4392999999999998
697,0,3.4392999999999998
698,0,3.4392999999999998
699,0,3.4392999999999998
700,0,3.4392999999999998
701,0,3.4392999999999998
702,0,3.4392999999999998
703,0,3.4392999999999998
704,0,3.4392999999999998
705,0,3.4392999999999998
706,0,3.4392999999999998
707,0,3.4392999999999998
708,0,3.4392999999999998
709,0,3.4392999999999998
710,0,3.4392999999999998
711,0,3.4392999999999998
712,0,3.4392999999999998
713,0,3.4392999999999998
714,0,3.4392999999999998
715,0,3.4392999999999998
716,0,3.4392999999999998
717,0,3.4392999999999998
718,0,3.4392999999999998
719,0,3.4392999999999998
720,0,3.4375
721,0,3.4375
722,0,3.4375
723,0,3.4392999999999998
724,0,3.4375
725,0,3.4375
726,0,3.4375
727,0,3.4375
728,0,3.4375
729,0,3.4375
730,0,3.4375
731,0,3.4375
732,0,3.4375
733,0,3.4375
734,0,3.4375
735,0,3.4375
736,0,3.4375
737,0,3.4375
738,0,3.4375
739,0,3.4375
740,0,3.4375
741,0,3.4375
742,0,3.4375
743,0,3.4375
744,0,3.4375
745,0,3.4375
746,0,3.4375
747,0,3.4375
748,0,3.4356
749,0,3.4356
750,0,3.4356
751,0,3.4375
752,0,3.4356
753,0,3.4356
754,0,3.4356
755,0,3.4356
756,0,3.4356
757,0,3.4356
758,0,3.4356
759,0,3.4356
760,0,3.4356
761,0,3.4356
762,0,3.4356
763,0,3.4356
764,0,3.4356
765,0,3.4356
766,0,3.4356
767,0,3.4356
768,0,3.4356
769,0,3.4356
770,0,3.4356
771,0,3.4356
772,0,3.4356
773,0,3.4356
774,0,3.4356
775,0,3.4356
776,0,3.4319000000000002
777,0,3.4356
778,0,3.4319000000000002
779,0,3.4319000000000002
780,0,3.4319000000000002
781,0,3.4319000000000002
782,0,3.4319000000000002
783,0,3.4319000000000002
784,0,3.4319000000000002
785,0,3.4319000000000002
786,0,3.4319000000000002
787,0,3.4319000000000002
788,0,3.4319000000000002
789,0,3.4319000000000002
790,0,3.4319000000000002
791,0,3.4319000000000002
792,0,3.4319000000000002
793,0,3.4319000000000002
794,0,3.4319000000000002
795,0,3.4319000000000002
796,0,3.4319000000000002
797,0,3.4319000000000002
798,0,3.4319000000000002
799,0,3.4319000000000002
800,0,3.4319000000000002
801,0,3.4319000000000002
802,0,3.4319000000000002
803,0,3.4319000000000002
804,0,3.4319000000000002
805,0,3.4319000000000002
806,0,3.4300000000000002
807,0,3.4319000000000002
808,0,3.4319000000000002
809,0,3.4319000000000002
810,0,3.4319000000000002
811,0,3.4300000000000002
812,0,3.4300000000000002
813,0,3.4319000000000002
814,0,3.4319000000000002
815,0,3.4300000000000002
816,0,3.4300000000000002
817,0,3.4300000000000002
818,0,3.4300000000000002
819,0,3.4300000000000002
820,0,3.4300000000000002
821,0,3.4300000000000002
822,0,3.4300000000000002
823,0,3.4300000000000002
824,0,3.4300000000000002
825,0,3.4300000000000002
826,0,3.4300000000000002
827,0,3.4300000000000002
828,0,3.4300000000000002
829,0,3.4300000000000002
830,0,3.4300000000000002
831,0,3.4300000000000002
832,0,3.4300000000000002
833,0,3.4300000000000002
834,0,3.4300000000000002
835,0,3.4300000000000002
836,0,3.4300000000000002
837,0,3.4281000000000001
838,0,3.4300000000000002
839,0,3.4300000000000002
840,0,3.4300000000000002
841,0,3.4300000000000002
842,0,3.4300000000000002
843,0,3.4300000000000002
844,0,3.4300000000000002
845,0,3.4300000000000002
846,0,3.4281000000000001
847,0,3.4300000000000002
848,0,3.4281000000000001
849,0,3.4281000000000001
850,0,3.4281000000000001
851,0,3.4281000000000001
852,0,3.4281000000000001
853,0,3.4281000000000001
854,0,3.4281000000000001
855,0,3.4281000000000001
856,0,3.4281000000000001
857,0,3.4281000000000001
858,0,3.4281000000000001
859,0,3.4281000000000001
860,0,3.4281000000000001
861,0,3.4281000000000001
862,0,3.4281000000000001
863,0,3.4281000000000001
864,0,3.4281000000000001
865,0,3.4281000000000001
866,0,3.4281000000000001
867,0,3.4281000000000001
868,0,3.4281000000000001
869,0,3.4281000000000001
870,0,3.4281000000000001
871,0,3.4281000000000001
872,0,3.4281000000000001
873,0,3.4281000000000001
874,0,3.4281000000000001
875,0,3.4281000000000001
876,0,3.4281000000000001
877,0,3.4262999999999999
878,0,3.4262999999999999
879,0,3.4262999999999999
880,0,3.4281000000000001
881,0,3.4262999999999999
882,0,3.4281000000000001
883,0,3.4262999999999999
884,0,3.4262999999999999
885,0,3.4262999999999999
886,0,3.4262999999999999
887,0,3.4262999999999999
888,0,3.4262999999999999
889,0,3.4262999999999999
890,0,3.4262999999999999
891,0,3.4262999999999999
892,0,3.4262999999999999
893,0,3.4262999999999999
894,0,3.4262999999999999
895,0,3.4262999999999999
896,0,3.4262999999999999
897,0,3.4262999999999999
898,0,3.4262999999999999
899,0,3.4262999999999999
900,0,3.4262999999999999
901,0,3.4262999999999999
902,0,3.4262999999999999
903,0,3.4262999999999999
904,0,3.4262999999999999
905,0,3.4262999999999999
906,0,3.4262999999999999
907,0,3.4262999999999999
908,0,3.4262999999999999
909,0,3.4262999999999999
910,0,3.4262999999999999
911,0,3.4262999999999999
912,0,3.4262999999999999
913,0,3.4262999999999999
914,0,3.4262999999999999
915,0,3.4243999999999999
916,0,3.4262999999999999
917,0,3.4262999999999999
918,0,3.4243999999999999
919,0,3.4243999999999999
920,0,3.4243999999999999
921,0,3.4243999999999999
922,0,3.4243999999999999
923,0,3.4243999999999999
924,0,3.4243999999999999
925,0,3.4243999999999999
926,0,3.4243999999999999
927,0,3.4243999999999999
928,0,3.4243999999999999
929,0,3.4243999999999999
930,0,3.4243999999999999
931,0,3.4243999999999999
932,0,3.4243999999999999
933,0,3.4243999999999999
934,0,3.4243999999999999
935,0,3.4243999999999999
936,0,3.4243999999999999
937,0,3.4243999999999999
938,0,3.4243999999999999
939,0,3.4243999999999999
940,0,3.4243999999999999
941,0,3.4243999999999999
942,0,3.4243999999999999
943,0,3.4243999999999999
944,0,3.4243999999999999
945,0,3.4243999999999999
946,0,3.4243999999999999
947,0,3.4243999999999999
948,0,3.4243999999999999
949,0,3.4243999999999999
950,0,3.4243999999999999
951,0,3.4243999999999999
952,0,3.4226000000000001
953,0,3.4226000000000001
954,0,3.4243999999999999
955,0,3.4243999999999999
956,0,3.4243999999999999
957,0,3.4243999999999999
958,0,3.4226000000000001
959,0,3.4226000000000001
960,0,3.4226000000000001
961,0,3.4226000000000001
962,0,3.4226000000000001
963,0,3.4226000000000001
964,0,3.4226000000000001
965,0,3.4226000000000001
966,0,3.4226000000000001
967,0,3.4226000000000001
968,0,3.4226000000000001
969,0,3.4226000000000001
970,0,3.4226000000000001
971,0,3.4226000000000001
972,0,3.4226000000000001
973,0,3.4226000000000001
974,0,3.4226000000000001
975,0,3.4226000000000001
976,0,3.4226000000000001
977,0,3.4226000000000001
978,0,3.4226000000000001
979,0,3.4226000000000001
980,0,3.4226000000000001
981,0,3.4226000000000001
982,0,3.4226000000000001
983,0,3.4226000000000001
984,0,3.4226000000000001
985,0,3.4226000000000001
986,0,3.4226000000000001
987,0,3.4226000000000001
988,0,3.4226000000000001
989,0,3.4226000000000001
990,0,3.4226000000000001
991,0,3.4207000000000001
992,0,3.4226000000000001
993,0,3.4207000000000001
994,0,3.4226000000000001
995,0,3.4226000000000001
996,0,3.4226000000000001
997,0,3.4207000000000001
998,0,3.4207000000000001
999,0,3.4207000000000001
1000,0,3.4226000000000001
1001,0,3.4207000000000001
1002,0,3.4207000000000001
1003,0,3.4207000000000001
1004,0,3.4207000000000001
1005,0,3.4207000000000001
1006,0,3.4207000000000001
1007,0,3.4207000000000001
1008,0,3.4207000000000001
1009,0,3.4207000000000001
1010,0,3.4207000000000001
1011,0,3.4207000000000001
1012,0,3.4207000000000001
1013,0,3.4207000000000001
1014,0,3.4207000000000001
1015,0,3.4207000000000001
1016,0,3.4207000000000001
1017,0,3.4207000000000001
1018,0,3.4207000000000001
1019,0,3.4207000000000001
1020,0,3.4207000000000001
1021,0,3.4207000000000001
1022,0,3.4207000000000001
1023,0,3.4207000000000001
1024,0,3.4207000000000001
1025,0,3.4207000000000001
1026,0,3.4207000000000001
1027,0,3.4207000000000001
1028,0,3.4207000000000001
1029,0,3.4207000000000001
1030,0,3.4207000000000001
1031,0,3.4207000000000001
1032,0,3.4207000000000001
1033,0,3.4188000000000001
1034,0,3.4207000000000001
1035,0,3.4188000000000001
1036,0,3.4207000000000001
1037,0,3.4207000000000001
1038,0,3.4207000000000001
1039,0,3.4207000000000001
1040,0,3.4188000000000001
1041,0,3.4207000000000001
1042,0,3.4207000000000001
1043,0,3.4188000000000001
1044,0,3.4188000000000001
1045,0,3.4188000000000001
1046,0,3.4188000000000001
1047,0,3.4188000000000001
1048,0,3.4188000000000001
1049,0,3.4188000000000001
1050,0,3.4188000000000001
1051,0,3.4188000000000001
1052,0,3.4188000000000001
1053,0,3.4188000000000001
1054,0,3.4188000000000001
1055,0,3.4188000000000001
1056,0,3.4188000000000001
1057,0,3.4188000000000001
1058,0,3.4188000000000001
1059,0,3.4188000000000001
1060,0,3.4188000000000001
1061,0,3.4188000000000001
1062,0,3.4188000000000001
1063,0,3.4188000000000001
1064,0,3.4188000000000001
1065,0,3.4188000000000001
1066,0,3.4188000000000001
1067,0,3.4188000000000001
1068,0,3.4188000000000001
1069,0,3.4188000000000001
1070,0,3.4188000000000001
1071,0,3.4188000000000001
1072,0,3.4188000000000001
1073,0,3.4188000000000001
1074,0,3.4188000000000001
1075,0,3.4188000000000001
1076,0,3.4188000000000001
1077,0,3.4188000000000001
1078,0,3.4188000000000001
1079,0,3.4169999999999998
1080,0,3.4188000000000001
1081,0,3.4188000000000001
1082,0,3.4188000000000001
1083,0,3.4169999999999998
1084,0,3.4169999999999998
1085,0,3.4188000000000001
1086,0,3.4188000000000001
1087,0,3.4188000000000001
1088,0,3.4188000000000001
1089,0,3.4169999999999998
1090,0,3.4169999999999998
1091,0,3.4169999999999998
1092,0,3.4169999999999998
1093,0,3.4169999999999998
1094,0,3.4169999999999998
1095,0,3.4169999999999998
1096,0,3.4169999999999998
1097,0,3.4169999999999998
1098,0,3.4169999999999998
1099,0,3.4169999999999998
1100,0,3.4169999999999998
1101,0,3.4169999999999998
1102,0,3.4169999999999998
1103,0,3.4169999999999998
1104,0,3.4169999999999998
1105,0,3.4169999999999998
1106,0,3.4169999999999998
1107,0,3.4169999999999998
1108,0,3.4169999999999998
1109,0,3.4169999999999998
1110,0,3.4169999999999998
1111,0,3.4169999999999998
1112,0,3.4169999999999998
1113,0,3.4169999999999998
1114,0,3.4169999999999998
1115,0,3.4169999999999998
1116,0,3.4169999999999998
1117,0,3.4169999999999998
1118,0,3.4169999999999998
1119,0,3.4169999999999998
1120,0,3.4169999999999998
1121,0,3.4169999999999998
1122,0,3.4169999999999998
1123,0,3.4169999999999998
1124,0,3.4169999999999998
1125,0,3.4150999999999998
1126,0,3.4169999999999998
1127,0,3.4150999999999998
1128,0,3.4169999999999998
1129,0,3.4169999999999998
1130,0,3.4169999999999998
1131,0,3.4150999999999998
1132,0,3.4150999999999998
1133,0,3.4150999999999998
1134,0,3.4150999999999998
1135,0,3.4150999999999998
1136,0,3.4150999999999998
1137,0,3.4150999999999998
1138,0,3.4150999999999998
1139,0,3.4150999999999998
1140,0,3.4150999999999998
1141,0,3.4150999999999998
1142,0,3.4150999999999998
1143,0,3.4150999999999998
1144,0,3.4150999999999998
1145,0,3.4150999999999998
1146,0,3.4150999999999998
1147,0,3.4150999999999998
1148,0,3.4150999999999998
1149,0,3.4150999999999998
1150,0,3.4150999999999998
1151,0,3.4150999999999998
1152,0,3.4150999999999998
1153,0,3.4150999999999998
1154,0,3.4150999999999998
1155,0,3.4150999999999998
1156,0,3.4150999999999998
1157,0,3.4150999999999998
1158,0,3.4150999999999998
1159,0,3.4150999999999998
1160,0,3.4150999999999998
1161,0,3.4150999999999998
1162,0,3.4150999999999998
1163,0,3.4150999999999998
1164,0,3.4150999999999998
1165,0,3.4150999999999998
1166,0,3.4150999999999998
1167,0,3.4150999999999998
1168,0,3.4150999999999998
1169,0,3.4150999999999998
1170,0,3.4150999999999998
1171,0,3.4150999999999998
1172,0,3.4150999999999998
1173,0,3.4150999999999998
1174,0,3.4150999999999998
1175,0,3.4150999999999998
1176,0,3.4150999999999998
1177,0,3.4133
1178,0,3.4150999999999998
1179,0,3.4150999999999998
1180,0,3.4133
1181,0,3.4150999999999998
1182,0,3.4133
1183,0,3.4150999999999998
1184,0,3.4133
1185,0,3.4150999999999998
1186,0,3.4133
1187,0,3.4133
1188,0,3.4133
1189,0,3.4133
1190,0,3.4133
1191,0,3.4133
1192,0,3.4133
1193,0,3.4133
1194,0,3.4133
1195,0,3.4133
1196,0,3.4133
1197,0,3.4133
1198,0,3.4133
1199,0,3.4133
1200,0,3.4133
1201,0,3.4133
1202,0,3.4133
1203,0,3.4133
1204,0,3.4133
1205,0,3.4133
1206,0,3.4133
1207,0,3.4133
1208,0,3.4133
1209,0,3.4133
1210,0,3.4133
1211,0,3.4133
1212,0,3.4133
1213,0,3.4133
1214,0,3.4133
1215,0,3.4133
1216,0,3.4133
1217,0,3.4133
1218,0,3.4133
1219,0,3.4133
1220,0,3.4133
1221,0,3.4133
1222,0,3.4133
1223,0,3.4133
1224,0,3.4133
1225,0,3.4133
1226,0,3.4133
1227,0,3.4133
1228,0,3.4133
1229,0,3.4133
1230,0,3.4133
1231,0,3.4133
1232,0,3.4133
1233,0,3.4114
1234,0,3.4133
1235,0,3.4133
1236,0,3.4133
1237,0,3.4114
1238,0,3.4114
1239,0,3.4133
1240,0,3.4133
1241,0,3.4114
1242,0,3.4114
1243,0,3.4114
1244,0,3.4114
1245,0,3.4114
1246,0,3.4114
1247,0,3.4114
1248,0,3.4114
1249,0,3.4114
1250,0,3.4114
1251,0,3.4114
1252,0,3.4114
1253,0,3.4114
1254,0,3.4114
1255,0,3.4114
1256,0,3.4114
1257,0,3.4114
1258,0,3.4114
1259,0,3.4114
1260,0,3.4114
1261,0,3.4114
1262,0,3.4114
1263,0,3.4114
1264,0,3.4114
1265,0,3.4114
1266,0,3.4114
1267,0,3.4114
1268,0,3.4114
1269,0,3.4114
1270,0,3.4114
1271,0,3.4114
1272,0,3.4114
1273,0,3.4114
1274,0,3.4114
1275,0,3.4114
1276,0,3.4114
1277,0,3.4114
1278,0,3.4114
1279,0,3.4114
1280,0,3.4114
1281,0,3.4114
1282,0,3.4114
1283,0,3.4114
1284,0,3.4114
1285,0,3.4114
1286,0,3.4114
1287,0,3.4095
1288,0,3.4114
1289,0,3.4114
1290,0,3.4114
1291,0,3.4114
1292,0,3.4114
1293,0,3.4114
1294,0,3.4114
1295,0,3.4095
1296,0,3.4095
1297,0,3.4114
1298,0,3.4095
1299,0,3.4095
1300,0,3.4095
1301,0,3.4095
1302,0,3.4095
1303,0,3.4095
1304,0,3.4095
1305,0,3.4095
1306,0,3.4095
1307,0,3.4095
1308,0,3.4095
1309,0,3.4095
1310,0,3.4095
1311,0,3.4095
1312,0,3.4095
1313,0,3.4095
1314,0,3.4095
1315,0,3.4095
1316,0,3.4095
1317,0,3.4095
1318,0,3.4095
1319,0,3.4095
1320,0,3.4095
1321,0,3.4095
1322,0,3.4095
1323,0,3.4095
1324,0,3.4095
1325,0,3.4095
1326,0,3.4095
1327,0,3.4095
1328,0,3.4095
1329,0,3.4095
1330,0,3.4095
1331,0,3.4095
1332,0,3.4095
1333,0,3.4095
1334,0,3.4095
1335,0,3.4095
1336,0,3.4095
1337,0,3.4095
1338,0,3.4095
1339,0,3.4095
1340,0,3.4095
1341,0,3.4095
1342,0,3.4095
1343,0,3.4095
1344,0,3.4095
1345,0,3.4077000000000002
1346,0,3.4095
1347,0,3.4095
1348,0,3.4095
1349,0,3.4095
1350,0,3.4077000000000002
1351,0,3.4077000000000002
1352,0,3.4077000000000002
1353,0,3.4095
1354,0,3.4077000000000002
1355,0,3.4095
1356,0,3.4077000000000002
1357,0,3.4095
1358,0,3.4077000000000002
1359,0,3.4077000000000002
1360,0,3.4077000000000002
1361,0,3.4077000000000002
1362,0,3.4077000000000002
1363,0,3.4077000000000002
1364,0,3.4077000000000002
1365,0,3.4077000000000002
1366,0,3.4077000000000002
1367,0,3.4077000000000002
1368,0,3.4077000000000002
1369,0,3.4077000000000002
1370,0,3.4077000000000002
1371,0,3.4077000000000002
1372,0,3.4077000000000002
1373,0,3.4077000000000002
1374,0,3.4077000000000002
1375,0,3.4077000000000002
1376,0,3.4077000000000002
1377,0,3.4077000000000002
1378,0,3.4077000000000002
1379,0,3.4077000000000002
1380,0,3.4077000000000002
1381,0,3.4077000000000002
1382,0,3.4077000000000002
1383,0,3.4077000000000002
1384,0,3.4077000000000002
1385,0,3.4077000000000002
1386,0,3.4077000000000002
1387,0,3.4077000000000002
1388,0,3.4077000000000002
1389,0,3.4077000000000002
1390,0,3.4077000000000002
1391,0,3.4077000000000002
1392,0,3.4077000000000002
1393,0,3.4077000000000002
1394,0,3.4077000000000002
1395,0,3.4077000000000002
1396,0,3.4077000000000002
1397,0,3.4077000000000002
1398,0,3.4077000000000002
1399,0,3.4077000000000002
1400,0,3.4077000000000002
1401,0,3.4077000000000002
1402,0,3.4077000000000002
1403,0,3.4077000000000002
1404,0,3.4077000000000002
1405,0,3.4077000000000002
1406,0,3.4077000000000002
1407,0,3.4077000000000002
1408,0,3.4077000000000002
1409,0,3.4077000000000002
1410,0,3.4077000000000002
1411,0,3.4077000000000002
1412,0,3.4077000000000002
1413,0,3.4058000000000002
1414,0,3.4058000000000002
1415,0,3.4058000000000002
1416,0,3.4058000000000002
1417,0,3.4058000000000002
1418,0,3.4058000000000002
1419,0,3.4058000000000002
1420,0,3.4077000000000002
1421,0,3.4058000000000002
1422,0,3.4058000000000002
1423,0,3.4058000000000002
1424,0,3.4058000000000002
1425,0,3.4058000000000002
1426,0,3.4058000000000002
1427,0,3.4058000000000002
1428,0,3.4058000000000002
1429,0,3.4058000000000002
1430,0,3.4058000000000002
1431,0,3.4058000000000002
1432,0,3.4058000000000002
1433,0,3.4058000000000002
1434,0,3.4058000000000002
1435,0,3.4058000000000002
1436,0,3.4058000000000002
1437,0,3.4058000000000002
1438,0,3.4058000000000002
1439,0,3.4058000000000002
1440,0,3.4058000000000002
1441,0,3.4058000000000002
1442,0,3.4058000000000002
1443,0,3.4058000000000002
1444,0,3.4058000000000002
1445,0,3.4058000000000002
1446,0,3.4058000000000002
1447,0,3.4058000000000002
1448,0,3.4058000000000002
1449,0,3.4058000000000002
1450,0,3.4058000000000002
1451,0,3.4058000000000002
1452,0,3.4058000000000002
1453,0,3.4058000000000002
1454,0,3.4058000000000002
1455,0,3.4058000000000002
1456,0,3.4058000000000002
1457,0,3.4058000000000002
1458,0,3.4058000000000002
1459,0,3.4058000000000002
1460,0,3.4058000000000002
1461,0,3.4058000000000002
1462,0,3.4058000000000002
1463,0,3.4058000000000002
1464,0,3.4058000000000002
1465,0,3.4058000000000002
1466,0,3.4058000000000002
1467,0,3.4058000000000002
1468,0,3.4058000000000002
1469,0,3.4058000000000002
1470,0,3.4058000000000002
1471,0,3.4058000000000002
1472,0,3.4058000000000002
1473,0,3.4058000000000002
1474,0,3.4058000000000002
1475,0,3.4058000000000002
1476,0,3.4058000000000002
1477,0,3.4058000000000002
1478,0,3.4058000000000002
1479,0,3.4058000000000002
1480,0,3.4039999999999999
1481,0,3.4058000000000002
1482,0,3.4058000000000002
1483,0,3.4058000000000002
1484,0,3.4058000000000002
1485,0,3.4039999999999999
1486,0,3.4058000000000002
1487,0,3.4039999999999999
1488,0,3.4039999999999999
1489,0,3.4039999999999999
1490,0,3.4039999999999999
1491,0,3.4039999999999999
1492,0,3.4039999999999999
1493,0,3.4039999999999999
1494,0,3.4039999999999999
1495,0,3.4039999999999999
1496,0,3.4039999999999999
1497,0,3.4039999999999999
1498,0,3.4058000000000002
1499,0,3.4039999999999999
1500,0,3.4039999999999999
1501,0,3.4039999999999999
1502,0,3.4039999999999999
1503,0,3.4039999999999999
1504,0,3.4039999999999999
1505,0,3.4039999999999999
1506,0,3.4039999999999999
1507,0,3.4039999999999999
1508,0,3.4039999999999999
1509,0,3.4039999999999999
1510,0,3.4039999999999999
1511,0,3.4039999999999999
1512,0,3.4039999999999999
1513,0,3.4039999999999999
1514,0,3.4039999999999999
1515,0,3.4039999999999999
1516,0,3.4039999999999999
1517,0,3.4039999999999999
1518,0,3.4039999999999999
1519,0,3.4039999999999999
1520,0,3.4039999999999999
1521,0,3.4039999999999999
1522,0,3.4039999999999999
1523,0,3.4039999999999999
1524,0,3.4039999999999999
1525,0,3.4039999999999999
1526,0,3.4039999999999999
1527,0,3.4039999999999999
1528,0,3.4039999999999999
1529,0,3.4039999999999999
1530,0,3.4039999999999999
1531,0,3.4039999999999999
1532,0,3.4039999999999999
1533,0,3.4039999999999999
1534,0,3.4039999999999999
1535,0,3.4039999999999999
1536,0,3.4039999999999999
1537,0,3.4039999999999999
1538,0,3.4039999999999999
1539,0,3.4039999999999999
1540,0,3.4039999999999999
1541,0,3.4039999999999999
1542,0,3.4039999999999999
1543,0,3.4039999999999999
1544,0,3.4039999999999999
1545,0,3.4039999999999999
1546,0,3.4039999999999999
1547,0,3.4039999999999999
1548,0,3.4039999999999999
1549,0,3.4020999999999999
1550,0,3.4039999999999999
1551,0,3.4039999999999999
1552,0,3.4039999999999999
1553,0,3.4039999999999999
1554,0,3.4039999999999999
1555,0,3.4039999999999999
1556,0,3.4039999999999999
1557,0,3.4020999999999999
1558,0,3.4039999999999999
1559,0,3.4020999999999999
1560,0,3.4039999999999999
1561,0,3.4020999999999999
1562,0,3.4039999999999999
1563,0,3.4039999999999999
1564,0,3.4020999999999999
1565,0,3.4020999999999999
1566,0,3.4020999999999999
1567,0,3.4020999999999999
1568,0,3.4020999999999999
1569,0,3.4020999999999999
1570,0,3.4020999999999999
1571,0,3.4020999999999999
1572,0,3.4020999999999999
1573,0,3.4020999999999999
1574,0,3.4020999999999999
1575,0,3.4020999999999999
1576,0,3.4020999999999999
1577,0,3.4020999999999999
1578,0,3.4020999999999999
1579,0,3.4020999999999999
1580,0,3.4020999999999999
1581,0,3.4020999999999999
1582,0,3.4020999999999999
1583,0,3.4020999999999999
1584,0,3.4020999999999999
1585,0,3.4020999999999999
1586,0,3.4020999999999999
1587,0,3.4020999999999999
1588,0,3.4020999999999999
1589,0,3.4020999999999999
1590,0,3.4020999999999999
1591,0,3.4020999999999999
1592,0,3.4020999999999999
1593,0,3.4020999999999999
1594,0,3.4020999999999999
1595,0,3.4020999999999999
1596,0,3.4020999999999999
1597,0,3.4020999999999999
1598,0,3.4020999999999999
1599,0,3.4020999999999999
1600,0,3.4020999999999999
1601,0,3.4020999999999999
1602,0,3.4020999999999999
1603,0,3.4020999999999999
1604,0,3.4020999999999999
1605,0,3.4020999999999999
1606,0,3.4020999999999999
1607,0,3.4020999999999999
1608,0,3.4020999999999999
1609,0,3.4020999999999999
1610,0,3.4020999999999999
1611,0,3.4020999999999999
1612,0,3.4020999999999999
1613,0,3.4020999999999999
1614,0,3.4020999999999999
1615,0,3.4020999999999999
1616,0,3.4020999999999999
1617,0,3.4020999999999999
1618,0,3.4020999999999999
1619,0,3.4020999999999999
1620,0,3.4020999999999999
1621,0,3.4020999999999999
1622,0,3.4020999999999999
1623,0,3.4001999999999999
1624,0,3.4020999999999999
1625,0,3.4020999999999999
1626,0,3.4001999999999999
1627,0,3.4020999999999999
1628,0,3.4020999999999999
1629,0,3.4001999999999999
1630,0,3.4020999999999999
1631,0,3.4001999999999999
1632,0,3.4001999999999999
1633,0,3.4020999999999999
1634,0,3.4001999999999999
1635,0,3.4001999999999999
1636,0,3.4001999999999999
1637,0,3.4020999999999999
1638,0,3.4001999999999999
1639,0,3.4001999999999999
1640,0,3.4001999999999999
1641,0,3.4001999999999999
1642,0,3.4020999999999999
1643,0,3.4001999999999999
1644,0,3.4001999999999999
1645,0,3.4001999999999999
1646,0,3.4001999999999999
1647,0,3.4001999999999999
1648,0,3.4001999999999999
1649,0,3.4001999999999999
1650,0,3.4001999999999999
1651,0,3.4001999999999999
1652,0,3.4001999999999999
1653,0,3.4001999999999999
1654,0,3.4001999999999999
1655,0,3.4001999999999999
1656,0,3.4001999999999999
1657,0,3.4001999999999999
1658,0,3.4001999999999999
1659,0,3.4001999999999999
1660,0,3.4001999999999999
1661,0,3.4001999999999999
1662,0,3.4001999999999999
1663,0,3.4001999999999999
1664,0,3.4001999999999999
1665,0,3.4001999999999999
1666,0,3.4001999999999999
1667,0,3.4001999999999999
1668,0,3.4001999999999999
1669,0,3.4001999999999999
1670,0,3.4001999999999999
1671,0,3.4001999999999999
1672,0,3.4001999999999999
1673,0,3.4001999999999999
1674,0,3.4001999999999999
1675,0,3.4001999999999999
1676,0,3.4001999999999999
1677,0,3.4001999999999999
1678,0,3.4001999999999999
1679,0,3.4001999999999999
1680,0,3.4001999999999999
1681,0,3.4001999999999999
1682,0,3.4001999999999999
1683,0,3.4001999999999999
1684,0,3.4001999999999999
1685,0,3.4001999999999999
1686,0,3.4001999999999999
1687,0,3.4001999999999999
1688,0,3.4001999999999999
1689,0,3.4001999999999999
1690,0,3.4001999999999999
1691,0,3.4001999999999999
1692,0,3.4001999999999999
1693,0,3.4001999999999999
1694,0,3.4001999999999999
1695,0,3.4001999999999999
1696,0,3.4001999999999999
1697,0,3.4001999999999999
1698,0,3.4001999999999999
1699,0,3.4001999999999999
1700,0,3.4001999999999999
1701,0,3.4001999999999999
1702,0,3.4001999999999999
1703,0,3.4001999999999999
1704,0,3.3984000000000001
1705,0,3.4001999999999999
1706,0,3.4001999999999999
1707,0,3.4001999999999999
1708,0,3.4001999999999999
1709,0,3.3984000000000001
1710,0,3.3984000000000001
1711,0,3.3984000000000001
1712,0,3.4001999999999999
1713,0,3.4001999999999999
1714,0,3.4001999999999999
1715,0,3.4001999999999999
1716,0,3.3984000000000001
1717,0,3.4001999999999999
1718,0,3.3984000000000001
1719,0,3.3984000000000001
1720,0,3.4001999999999999
1721,0,3.3984000000000001
1722,0,3.3984000000000001
1723,0,3.3984000000000001
1724,0,3.3984000000000001
1725,0,3.3984000000000001
1726,0,3.3984000000000001
1727,0,3.3984000000000001
1728,0,3.3984000000000001
1729,0,3.3984000000000001
1730,0,3.3984000000000001
1731,0,3.3984000000000001
1732,0,3.3984000000000001
1733,0,3.3984000000000001
1734,0,3.3984000000000001
1735,0,3.3984000000000001
1736,0,3.3984000000000001
1737,0,3.3984000000000001
1738,0,3.3984000000000001
1739,0,3.3984000000000001
1740,0,3.3984000000000001
1741,0,3.3984000000000001
1742,0,3.3984000000000001
1743,0,3.3984000000000001
1744,0,3.3984000000000001
1745,0,3.3984000000000001
1746,0,3.3984000000000001
1747,0,3.3984000000000001
1748,0,3.3984000000000001
1749,0,3.3984000000000001
1750,0,3.3984000000000001
1751,0,3.3984000000000001
1752,0,3.3984000000000001
1753,0,3.3984000000000001
1754,0,3.3984000000000001
1755,0,3.3984000000000001
1756,0,3.3984000000000001
1757,0,3.3984000000000001
1758,0,3.3984000000000001
1759,0,3.3984000000000001
1760,0,3.3984000000000001
1761,0,3.3984000000000001
1762,0,3.3984000000000001
1763,0,3.3984000000000001
1764,0,3.3984000000000001
1765,0,3.3984000000000001
1766,0,3.3984000000000001
1767,0,3.3984000000000001
1768,0,3.3984000000000001
1769,0,3.3984000000000001
1770,0,3.3984000000000001
1771,0,3.3984000000000001
1772,0,3.3984000000000001
1773,0,3.3984000000000001
1774,0,3.3984000000000001
1775,0,3.3984000000000001
1776,0,3.3984000000000001
1777,0,3.3984000000000001
1778,0,3.3984000000000001
1779,0,3.3984000000000001
1780,0,3.3984000000000001
1781,0,3.3984000000000001
1782,0,3.3984000000000001
1783,0,3.3984000000000001
1784,0,3.3984000000000001
1785,0,3.3984000000000001
1786,0,3.3984000000000001
1787,0,3.3984000000000001
1788,0,3.3984000000000001
1789,0,3.3984000000000001
1790,0,3.3984000000000001
1791,0,3.3984000000000001
1792,0,3.3984000000000001
1793,0,3.3984000000000001
1794,0,3.3984000000000001
1795,0,3.3965000000000001
1796,0,3.3984000000000001
1797,0,3.3984000000000001
1798,0,3.3984000000000001
1799,0,3.3965000000000001
1800,0,3.3984000000000001
1801,0,3.3965000000000001
1802,0,3.3965000000000001
1803,0,3.3984000000000001
1804,0,3.3984000000000001
1805,0,3.3984000000000001
1806,0,3.3965000000000001
1807,0,3.3965000000000001
1808,0,3.3965000000000001
1809,0,3.3965000000000001
1810,0,3.3965000000000001
1811,0,3.3984000000000001
1812,0,3.3965000000000001
1813,0,3.3965000000000001
1814,0,3.3965000000000001
1815,0,3.3965000000000001
1816,0,3.3965000000000001
1817,0,3.3965000000000001
1818,0,3.3965000000000001
1819,0,3.3965000000000001
1820,0,3.3984000000000001
1821,0,3.3965000000000001
1822,0,3.3965000000000001
1823,0,3.3965000000000001
1824,0,3.3965000000000001
1825,0,3.3965000000000001
1826,0,3.3965000000000001
1827,0,3.3965000000000001
1828,0,3.3965000000000001
1829,0,3.3965000000000001
1830,0,3.3965000000000001
1831,0,3.3965000000000001
1832,0,3.3965000000000001
1833,0,3.3965000000000001
1834,0,3.3965000000000001
1835,0,3.3965000000000001
1836,0,3.3965000000000001
1837,0,3.3965000000000001
1838,0,3.3965000000000001
1839,0,3.3965000000000001
1840,0,3.3965000000000001
1841,0,3.3965000000000001
1842,0,3.3965000000000001
1843,0,3.3965000000000001
1844,0,3.3965000000000001
1845,0,3.3965000000000001
1846,0,3.3965000000000001
1847,0,3.3965000000000001
1848,0,3.3965000000000001
1849,0,3.3965000000000001
1850,0,3.3965000000000001
1851,0,3.3965000000000001
1852,0,3.3965000000000001
1853,0,3.3965000000000001
1854,0,3.3965000000000001
1855,0,3.3965000000000001
1856,0,3.3965000000000001
1857,0,3.3965000000000001
1858,0,3.3965000000000001
1859,0,3.3965000000000001
1860,0,3.3965000000000001
1861,0,3.3965000000000001
1862,0,3.3965000000000001
1863,0,3.3965000000000001
1864,0,3.3965000000000001
1865,0,3.3965000000000001
1866,0,3.3965000000000001
1867,0,3.3965000000000001
1868,0,3.3965000000000001
1869,0,3.3965000000000001
1870,0,3.3965000000000001
1871,0,3.3965000000000001
1872,0,3.3965000000000001
1873,0,3.3965000000000001
1874,0,3.3965000000000001
1875,0,3.3965000000000001
1876,0,3.3965000000000001
1877,0,3.3965000000000001
1878,0,3.3965000000000001
1879,0,3.3965000000000001
1880,0,3.3965000000000001
1881,0,3.3965000000000001
1882,0,3.3965000000000001
1883,0,3.3965000000000001
1884,0,3.3965000000000001
1885,0,3.3965000000000001
1886,0,3.3965000000000001
1887,0,3.3965000000000001
1888,0,3.3965000000000001
1889,0,3.3946999999999998
1890,0,3.3946999999999998
1891,0,3.3965000000000001
1892,0,3.3946999999999998
1893,0,3.3965000000000001
1894,0,3.3965000000000001
1895,0,3.3965000000000001
1896,0,3.3965000000000001
1897,0,3.3965000000000001
1898,0,3.3946999999999998
1899,0,3.3965000000000001
1900,0,3.3946999999999998
1901,0,3.3965000000000001
1902,0,3.3965000000000001
1903,0,3.3965000000000001
1904,0,3.3946999999999998
1905,0,3.3946999999999998
1906,0,3.3965000000000001
1907,0,3.3946999999999998
1908,0,3.3946999999999998
1909,0,3.3965000000000001
1910,0,3.3946999999999998
1911,0,3.3946999999999998
1912,0,3.3965000000000001
1913,0,3.3946999999999998
1914,0,3.3946999999999998
1915,0,3.3965000000000001
1916,0,3.3946999999999998
1917,0,3.3965000000000001
1918,0,3.3946999999999998
1919,0,3.3946999999999998
1920,0,3.3946999999999998
1921,0,3.3946999999999998
1922,0,3.3946999999999998
1923,0,3.3946999999999998
1924,0,3.3946999999999998
1925,0,3.3946999999999998
1926,0,3.3946999999999998
1927,0,3.3946999999999998
1928,0,3.3946999999999998
1929,0,3.3946999999999998
1930,0,3.3946999999999998
1931,0,3.3946999999999998
1932,0,3.3946999999999998
1933,0,3.3946999999999998
1934,0,3.3946999999999998
1935,0,3.3946999999999998
1936,0,3.3946999999999998
1937,0,3.3946999999999998
1938,0,3.3946999999999998
1939,0,3.3946999999999998
1940,0,3.3946999999999998
1941,0,3.3946999999999998
1942,0,3.3946999999999998
1943,0,3.3946999999999998
1944,0,3.3946999999999998
1945,0,3.3946999999999998
1946,0,3.3946999999999998
1947,0,3.3946999999999998
1948,0,3.3946999999999998
1949,0,3.3946999999999998
1950,0,3.3946999999999998
1951,0,3.3946999999999998
1952,0,3.3946999999999998
1953,0,3.3946999999999998
1954,0,3.3946999999999998
1955,0,3.3946999999999998
1956,0,3.3946999999999998
1957,0,3.3946999999999998
1958,0,3.3946999999999998
1959,0,3.3946999999999998
1960,0,3.3946999999999998
1961,0,3.3946999999999998
1962,0,3.3946999999999998
1963,0,3.3946999999999998
1964,0,3.3946999999999998
1965,0,3.3946999999999998
1966,0,3.3946999999999998
1967,0,3.3946999999999998
1968,0,3.3946999999999998
1969,0,3.3946999999999998
1970,0,3.3946999999999998
1971,0,3.3946999999999998
1972,0,3.3946999999999998
1973,0,3.3946999999999998
1974,0,3.3946999999999998
1975,0,3.3946999999999998
1976,0,3.3946999999999998
1977,0,3.3946999999999998
1978,0,3.3946999999999998
1979,0,3.3946999999999998
1980,0,3.3946999999999998
1981,0,3.3946999999999998
1982,0,3.3946999999999998
1983,0,3.3946999999999998
1984,0,3.3946999999999998
1985,0,3.3946999999999998
1986,0,3.3946999999999998
1987,0,3.3946999999999998
1988,0,3.3946999999999998
1989,0,3.3946999999999998
1990,0,3.3946999999999998
1991,0,3.3946999999999998
1992,0,3.3946999999999998
1993,0,3.3946999999999998
1994,0,3.3946999999999998
1995,0,3.3946999999999998
1996,0,3.3946999999999998
1997,0,3.3946999999999998
1998,0,3.3946999999999998
1999,0,3.3946999999999998
2000,0,3.3946999999999998
2001,0,3.3946999999999998
2002,0,3.3946999999999998
2003,0,3.3946999999999998
2004,0,3.3946999999999998
2005,0,3.3946999999999998
2006,0,3.3946999999999998
2007,0,3.3946999999999998
2008,0,3.3927999999999998
2009,0,3.3927999999999998
2010,0,3.3927999999999998
2011,0,3.3946999999999998
2012,0,3.3927999999999998
2013,0,3.3927999999999998
2014,0,3.3927999999999998
2015,0,3.3927999999999998
2016,0,3.3946999999999998
2017,0,3.3927999999999998
2018,0,3.3927999999999998
2019,0,3.3946999999999998
2020,0,3.3927999999999998
2021,0,3.3946999999999998
2022,0,3.3946999999999998
2023,0,3.3927999999999998
2024,0,3.3927999999999998
2025,0,3.3927999999999998
2026,0,3.3927999999999998
2027,0,3.3946999999999998
2028,0,3.3927999999999998
2029,0,3.3927999999999998
2030,0,3.3946999999999998
2031,0,3.3927999999999998
2032,0,3.3927999999999998
2033,0,3.3927999999999998
2034,0,3.3927999999999998
2035,0,3.3927999999999998
2036,0,3.3927999999999998
2037,0,3.3927999999999998
2038,0,3.3927999999999998
2039,0,3.3927999999999998
2040,0,3.3927999999999998
2041,0,3.3927999999999998
2042,0,3.3927999999999998
2043,0,3.3927999999999998
2044,0,3.3927999999999998
2045,0,3.3927999999999998
2046,0,3.3927999999999998
2047,0,3.3927999999999998
2048,0,3.3927999999999998
2049,0,3.3927999999999998
2050,0,3.3927999999999998
2051,0,3.3927999999999998
2052,0,3.3927999999999998
2053,0,3.3927999999999998
2054,0,3.3927999999999998
2055,0,3.3927999999999998
2056,0,3.3927999999999998
2057,0,3.3927999999999998
2058,0,3.3927999999999998
2059,0,3.3927999999999998
2060,0,3.3927999999999998
2061,0,3.3927999999999998
2062,0,3.3927999999999998
2063,0,3.3927999999999998
2064,0,3.3927999999999998
2065,0,3.3927999999999998
2066,0,3.3927999999999998
2067,0,3.3927999999999998
2068,0,3.3927999999999998
2069,0,3.3927999999999998
2070,0,3.3927999999999998
2071,0,3.3927999999999998
2072,0,3.3927999999999998
2073,0,3.3927999999999998
2074,0,3.3927999999999998
2075,0,3.3927999999999998
2076,0,3.3927999999999998
2077,0,3.3927999999999998
2078,0,3.3927999999999998
2079,0,3.3927999999999998
2080,0,3.3927999999999998
2081,0,3.3927999999999998
2082,0,3.3927999999999998
2083,0,3.3927999999999998
2084,0,3.3927999999999998
2085,0,3.3927999999999998
2086,0,3.3927999999999998
2087,0,3.3927999999999998
2088,0,3.3927999999999998
2089,0,3.3927999999999998
2090,0,3.3927999999999998
2091,0,3.3927999999999998
2092,0,3.3927999999999998
2093,0,3.3927999999999998
2094,0,3.3927999999999998
2095,0,3.3927999999999998
2096,0,3.3927999999999998
2097,0,3.3927999999999998
2098,0,3.3927999999999998
2099,0,3.3927999999999998
2100,0,3.3908999999999998
2101,0,3.3927999999999998
2102,0,3.3927999999999998
2103,0,3.3927999999999998
2104,0,3.3927999999999998
2105,0,3.3908999999999998
2106,0,3.3927999999999998
2107,0,3.3927999999999998
2108,0,3.3927999999999998
2109,0,3.3927999999999998
2110,0,3.3927999999999998
2111,0,3.3927999999999998
2112,0,3.3927999999999998
2113,0,3.3927999999999998
2114,0,3.3927999999999998
2115,0,3.3927999999999998
2116,0,3.3927999999999998
2117,0,3.3927999999999998
2118,0,3.3927999999999998
2119,0,3.3927999999999998
2120,0,3.3927999999999998
2121,0,3.3927999999999998
2122,0,3.3927999999999998
2123,0,3.3927999999999998
2124,0,3.3908999999999998
2125,0,3.3927999999999998
2126,0,3.3908999999999998
2127,0,3.3927999999999998
2128,0,3.3908999999999998
2129,0,3.3908999999999998
2130,0,3.3908999999999998
2131,0,3.3908999999999998
2132,0,3.3908999999999998
2133,0,3.3927999999999998
2134,0,3.3908999999999998
2135,0,3.3908999999999998
2136,0,3.3927999999999998
2137,0,3.3908999999999998
2138,0,3.3908999999999998
2139,0,3.3908999999999998
2140,0,3.3908999999999998
2141,0,3.3908999999999998
2142,0,3.3908999999999998
2143,0,3.3908999999999998
2144,0,3.3908999999999998
2145,0,3.3908999999999998
2146,0,3.3908999999999998
2147,0,3.3908999999999998
2148,0,3.3908999999999998
2149,0,3.3908999999999998
2150,0,3.3908999999999998
2151,0,3.3908999999999998
2152,0,3.3908999999999998
2153,0,3.3908999999999998
2154,0,3.3908999999999998
2155,0,3.3908999999999998
2156,0,3.3908999999999998
2157,0,3.3908999999999998
2158,0,3.3908999999999998
2159,0,3.3908999999999998
2160,0,3.3908999999999998
2161,0,3.3908999999999998
2162,0,3.3908999999999998
2163,0,3.3908999999999998
2164,0,3.3908999999999998
2165,0,3.3908999999999998
2166,0,3.3908999999999998
2167,0,3.3908999999999998
2168,0,3.3908999999999998
2169,0,3.3908999999999998
2170,0,3.3908999999999998
2171,0,3.3908999999999998
2172,0,3.3908999999999998
2173,0,3.3908999999999998
2174,0,3.3908999999999998
2175,0,3.3908999999999998
2176,0,3.3908999999999998
2177,0,3.3908999999999998
2178,0,3.3908999999999998
2179,0,3.3908999999999998
2180,0,3.3908999999999998
2181,0,3.3908999999999998
2182,0,3.3908999999999998
2183,0,3.3908999999999998
2184,0,3.3908999999999998
2185,0,3.3908999999999998
2186,0,3.3908999999999998
2187,0,3.3908999999999998
2188,0,3.3908999999999998
2189,0,3.3908999999999998
2190,0,3.3908999999999998
2191,0,3.3908999999999998
2192,0,3.3908999999999998
2193,0,3.3908999999999998
2194,0,3.3908999999999998
2195,0,3.3908999999999998
2196,0,3.3908999999999998
2197,0,3.3908999999999998
2198,0,3.3908999999999998
2199,0,3.3908999999999998
2200,0,3.3908999999999998
2201,0,3.3908999999999998
2202,0,3.3908999999999998
2203,0,3.3908999999999998
2204,0,3.3908999999999998
2205,0,3.3908999999999998
2206,0,3.3908999999999998
2207,0,3.3908999999999998
2208,0,3.3908999999999998
2209,0,3.3908999999999998
2210,0,3.3908999999999998
2211,0,3.3908999999999998
2212,0,3.3908999999999998
2213,0,3.3908999999999998
2214,0,3.3908999999999998
2215,0,3.3908999999999998
2216,0,3.3908999999999998
2217,0,3.3908999999999998
2218,0,3.3908999999999998
2219,0,3.3908999999999998
2220,0,3.3908999999999998
2221,0,3.3908999999999998
2222,0,3.3908999999999998
2223,0,3.3908999999999998
2224,0,3.3908999999999998
2225,0,3.3908999999999998
2226,0,3.3908999999999998
2227,0,3.3908999999999998
2228,0,3.3908999999999998
2229,0,3.3908999999999998
2230,0,3.3908999999999998
2231,0,3.3908999999999998
2232,0,3.3908999999999998
2233,0,3.3908999999999998
2234,0,3.3908999999999998
2235,0,3.3908999999999998
2236,0,3.3908999999999998
2237,0,3.3908999999999998
2238,0,3.3908999999999998
2239,0,3.3908999999999998
2240,0,3.3908999999999998
2241,0,3.3908999999999998
2242,0,3.3908999999999998
2243,0,3.3908999999999998
2244,0,3.3908999999999998
2245,0,3.3908999999999998
2246,0,3.3908999999999998
2247,0,3.3908999999999998
2248,0,3.3908999999999998
2249,0,3.3891
2250,0,3.3891
2251,0,3.3891
2252,0,3.3891
2253,0,3.3891
2254,0,3.3891
2255,0,3.3891
2256,0,3.3891
2257,0,3.3908999999999998
2258,0,3.3908999999999998
2259,0,3.3891
2260,0,3.3891
2261,0,3.3891
2262,0,3.3891
2263,0,3.3908999999999998
2264,0,3.3908999999999998
2265,0,3.3891
2266,0,3.3908999999999998
2267,0,3.3891
2268,0,3.3891
2269,0,3.3891
2270,0,3.3891
2271,0,3.3891
2272,0,3.3891
2273,0,3.3891
2274,0,3.3891
2275,0,3.3891
2276,0,3.3891
2277,0,3.3891
2278,0,3.3891
2279,0,3.3891
2280,0,3.3891
2281,0,3.3891
2282,0,3.3891
2283,0,3.3891
2284,0,3.3891
2285,0,3.3891
2286,0,3.3891
2287,0,3.3891
2288,0,3.3891
2289,0,3.3891
2290,0,3.3891
2291,0,3.3891
2292,0,3.3891
2293,0,3.3891
2294,0,3.3891
2295,0,3.3891
2296,0,3.3891
2297,0,3.3891
2298,0,3.3891
2299,0,3.3891
2300,0,3.3891
2301,0,3.3891
2302,0,3.3891
2303,0,3.3891
2304,0,3.3891
2305,0,3.3891
2306,0,3.3891
2307,0,3.3891
2308,0,3.3891
2309,0,3.3891
2310,0,3.3891
2311,0,3.3891
2312,0,3.3891
2313,0,3.3891
2314,0,3.3891
2315,0,3.3891
2316,0,3.3891
2317,0,3.3891
2318,0,3.3891
2319,0,3.3891
2320,0,3.3891
2321,0,3.3891
2322,0,3.3891
2323,0,3.3891
2324,0,3.3891
2325,0,3.3891
2326,0,3.3891
2327,0,3.3891
2328,0,3.3891
2329,0,3.3891
2330,0,3.3891
2331,0,3.3891
2332,0,3.3891
2333,0,3.3891
2334,0,3.3891
2335,0,3.3891
2336,0,3.3891
2337,0,3.3891
2338,0,3.3891
2339,0,3.3891
2340,0,3.3891
2341,0,3.3891
2342,0,3.3891
2343,0,3.3891
2344,0,3.3891
2345,0,3.3891
2346,0,3.3891
2347,0,3.3891
2348,0,3.3891
2349,0,3.3891
2350,0,3.3891
2351,0,3.3891
2352,0,3.3891
2353,0,3.3891
2354,0,3.3891
2355,0,3.3891
2356,0,3.3891
2357,0,3.3891
2358,0,3.3891
2359,0,3.3891
2360,0,3.3891
2361,0,3.3891
2362,0,3.3891
2363,0,3.3891
2364,0,3.3891
2365,0,3.3854000000000002
2366,0,3.3891
2367,0,3.3891
2368,0,3.3891
2369,0,3.3891
2370,0,3.3891
2371,0,3.3854000000000002
2372,0,3.3891
2373,0,3.3891
2374,0,3.3891
2375,0,3.3891
2376,0,3.3891
2377,0,3.3891
2378,0,3.3891
2379,0,3.3891
2380,0,3.3891
2381,0,3.3891
2382,0,3.3891
2383,0,3.3891
2384,0,3.3891
2385,0,3.3891
2386,0,3.3891
2387,0,3.3854000000000002
2388,0,3.3891
2389,0,3.3854000000000002
2390,0,3.3854000000000002
2391,0,3.3854000000000002
2392,0,3.3854000000000002
2393,0,3.3891
2394,0,3.3854000000000002
2395,0,3.3854000000000002
2396,0,3.3854000000000002
2397,0,3.3891
2398,0,3.3854000000000002
2399,0,3.3854000000000002
2400,0,3.3854000000000002
2401,0,3.3891
2402,0,3.3854000000000002
2403,0,3.3854000000000002
2404,0,3.3854000000000002
2405,0,3.3854000000000002
2406,0,3.3854000000000002
2407,0,3.3854000000000002
2408,0,3.3854000000000002
2409,0,3.3854000000000002
2410,0,3.3891
2411,0,3.3854000000000002
2412,0,3.3891
2413,0,3.3891
2414,0,3.3854000000000002
2415,0,3.3854000000000002
2416,0,3.3854000000000002
2417,0,3.3854000000000002
2418,0,3.3854000000000002
2419,0,3.3854000000000002
2420,0,3.3891
2421,0,3.3854000000000002
2422,0,3.3854000000000002
2423,0,3.3854000000000002
2424,0,3.3854000000000002
2425,0,3.3854000000000002
2426,0,3.3854000000000002
2427,0,3.3854000000000002
2428,0,3.3854000000000002
2429,0,3.3854000000000002
2430,0,3.3854000000000002
2431,0,3.3854000000000002
2432,0,3.3854000000000002
2433,0,3.3854000000000002
2434,0,3.3854000000000002
2435,0,3.3854000000000002
2436,0,3.3854000000000002
2437,0,3.3854000000000002
2438,0,3.3854000000000002
2439,0,3.3854000000000002
2440,0,3.3854000000000002
2441,0,3.3854000000000002
2442,0,3.3854000000000002
2443,0,3.3854000000000002
2444,0,3.3854000000000002
2445,0,3.3854000000000002
2446,0,3.3854000000000002
2447,0,3.3854000000000002
2448,0,3.3854000000000002
2449,0,3.3854000000000002
2450,0,3.3854000000000002
2451,0,3.3854000000000002
2452,0,3.3854000000000002
2453,0,3.3854000000000002
2454,0,3.3854000000000002
2455,0,3.3854000000000002
2456,0,3.3854000000000002
2457,0,3.3854000000000002
2458,0,3.3854000000000002
2459,0,3.3854000000000002
2460,0,3.3854000000000002
2461,0,3.3854000000000002
2462,0,3.3854000000000002
2463,0,3.3854000000000002
2464,0,3.3854000000000002
2465,0,3.3854000000000002
2466,0,3.3854000000000002
2467,0,3.3854000000000002
2468,0,3.3854000000000002
2469,0,3.3854000000000002
2470,0,3.3854000000000002
2471,0,3.3854000000000002
2472,0,3.3854000000000002
2473,0,3.3854000000000002
2474,0,3.3854000000000002
2475,0,3.3854000000000002
2476,0,3.3854000000000002
2477,0,3.3854000000000002
2478,0,3.3854000000000002
2479,0,3.3854000000000002
2480,0,3.3854000000000002
2481,0,3.3854000000000002
2482,0,3.3854000000000002
2483,0,3.3854000000000002
2484,0,3.3854000000000002
2485,0,3.3854000000000002
2486,0,3.3854000000000002
2487,0,3.3854000000000002
2488,0,3.3854000000000002
2489,0,3.3854000000000002
2490,0,3.3854000000000002
2491,0,3.3854000000000002
2492,0,3.3854000000000002
2493,0,3.3854000000000002
2494,0,3.3854000000000002
2495,0,3.3854000000000002
2496,0,3.3854000000000002
2497,0,3.3854000000000002
2498,0,3.3854000000000002
2499,0,3.3854000000000002
2500,0,3.3854000000000002
2501,0,3.3854000000000002
2502,0,3.3854000000000002
2503,0,3.3854000000000002
2504,0,3.3854000000000002
2505,0,3.3854000000000002
2506,0,3.3854000000000002
2507,0,3.3854000000000002
2508,0,3.3854000000000002
2509,0,3.3854000000000002
2510,0,3.3854000000000002
2511,0,3.3854000000000002
2512,0,3.3854000000000002
2513,0,3.3854000000000002
2514,0,3.3854000000000002
2515,0,3.3854000000000002
2516,0,3.3854000000000002
2517,0,3.3854000000000002
2518,0,3.3854000000000002
2519,0,3.3854000000000002
2520,0,3.3854000000000002
2521,0,3.3854000000000002
2522,0,3.3854000000000002
2523,0,3.3854000000000002
2524,0,3.3854000000000002
2525,0,3.3854000000000002
2526,0,3.3854000000000002
2527,0,3.3854000000000002
2528,0,3.3835000000000002
2529,0,3.3835000000000002
2530,0,3.3854000000000002
2531,0,3.3835000000000002
2532,0,3.3854000000000002
2533,0,3.3854000000000002
2534,0,3.3854000000000002
2535,0,3.3835000000000002
2536,0,3.3835000000000002
2537,0,3.3854000000000002
2538,0,3.3854000000000002
2539,0,3.3835000000000002
2540,0,3.3854000000000002
2541,0,3.3854000000000002
2542,0,3.3835000000000002
2543,0,3.3854000000000002
2544,0,3.3854000000000002
2545,0,3.3854000000000002
2546,0,3.3835000000000002
2547,0,3.3835000000000002
2548,0,3.3835000000000002
2549,0,3.3835000000000002
2550,0,3.3835000000000002
2551,0,3.3835000000000002
2552,0,3.3835000000000002
2553,0,3.3835000000000002
2554,0,3.3835000000000002
2555,0,3.3835000000000002
2556,0,3.3835000000000002
2557,0,3.3854000000000002
2558,0,3.3835000000000002
2559,0,3.3835000000000002
2560,0,3.3835000000000002
2561,0,3.3835000000000002
2562,0,3.3854000000000002
2563,0,3.3835000000000002
2564,0,3.3854000000000002
2565,0,3.3854000000000002
2566,0,3.3835000000000002
2567,0,3.3835000000000002
2568,0,3.3835000000000002
2569,0,3.3835000000000002
2570,0,3.3835000000000002
2571,0,3.3835000000000002
2572,0,3.3835000000000002
2573,0,3.3835000000000002
2574,0,3.3835000000000002
2575,0,3.3835000000000002
2576,0,3.3835000000000002
2577,0,3.3835000000000002
2578,0,3.3835000000000002
2579,0,3.3835000000000002
2580,0,3.3835000000000002
2581,0,3.3854000000000002
2582,0,3.3835000000000002
2583,0,3.3835000000000002
2584,0,3.3835000000000002
2585,0,3.3835000000000002
2586,0,3.3835000000000002
2587,0,3.3835000000000002
2588,0,3.3835000000000002
2589,0,3.3835000000000002
2590,0,3.3835000000000002
2591,0,3.3835000000000002
2592,0,3.3835000000000002
2593,0,3.3835000000000002
2594,0,3.3835000000000002
2595,0,3.3835000000000002
2596,0,3.3835000000000002
2597,0,3.3835000000000002
2598,0,3.3835000000000002
2599,0,3.3835000000000002
2600,0,3.3835000000000002
2601,0,3.3835000000000002
2602,0,3.3835000000000002
2603,0,3.3835000000000002
2604,0,3.3835000000000002
2605,0,3.3835000000000002
2606,0,3.3835000000000002
2607,0,3.3835000000000002
2608,0,3.3835000000000002
2609,0,3.3835000000000002
2610,0,3.3835000000000002
2611,0,3.3835000000000002
2612,0,3.3835000000000002
2613,0,3.3835000000000002
2614,0,3.3835000000000002
2615,0,3.3835000000000002
2616,0,3.3835000000000002
2617,0,3.3835000000000002
2618,0,3.3835000000000002
2619,0,3.3835000000000002
2620,0,3.3835000000000002
2621,0,3.3835000000000002
2622,0,3.3835000000000002
2623,0,3.3835000000000002
2624,0,3.3835000000000002
2625,0,3.3835000000000002
2626,0,3.3835000000000002
2627,0,3.3835000000000002
2628,0,3.3835000000000002
2629,0,3.3835000000000002
2630,0,3.3835000000000002
2631,0,3.3835000000000002
2632,0,3.3835000000000002
2633,0,3.3835000000000002
2634,0,3.3835000000000002
2635,0,3.3835000000000002
2636,0,3.3835000000000002
2637,0,3.3835000000000002
2638,0,3.3835000000000002
2639,0,3.3835000000000002
2640,0,3.3835000000000002
2641,0,3.3835000000000002
2642,0,3.3835000000000002
2643,0,3.3835000000000002
2644,0,3.3835000000000002
2645,0,3.3835000000000002
2646,0,3.3835000000000002
2647,0,3.3835000000000002
2648,0,3.3835000000000002
2649,0,3.3835000000000002
2650,0,3.3835000000000002
2651,0,3.3835000000000002
2652,0,3.3835000000000002
2653,0,3.3835000000000002
2654,0,3.3835000000000002
2655,0,3.3835000000000002
2656,0,3.3835000000000002
2657,0,3.3835000000000002
2658,0,3.3835000000000002
2659,0,3.3835000000000002
2660,0,3.3835000000000002
2661,0,3.3835000000000002
2662,0,3.3835000000000002
2663,0,3.3835000000000002
2664,0,3.3835000000000002
2665,0,3.3835000000000002
2666,0,3.3835000000000002
2667,0,3.3835000000000002
2668,0,3.3835000000000002
2669,0,3.3835000000000002
2670,0,3.3835000000000002
2671,0,3.3835000000000002
2672,0,3.3835000000000002
2673,0,3.3835000000000002
2674,0,3.3835000000000002
2675,0,3.3835000000000002
2676,0,3.3835000000000002
2677,0,3.3835000000000002
2678,0,3.3835000000000002
2679,0,3.3835000000000002
2680,0,3.3835000000000002
2681,0,3.3835000000000002
2682,0,3.3835000000000002
2683,0,3.3835000000000002
2684,0,3.3835000000000002
2685,0,3.3835000000000002
2686,0,3.3835000000000002
2687,0,3.3835000000000002
2688,0,3.3835000000000002
2689,0,3.3835000000000002
2690,0,3.3835000000000002
2691,0,3.3816000000000002
2692,0,3.3816000000000002
2693,0,3.3835000000000002
2694,0,3.3816000000000002
2695,0,3.3835000000000002
2696,0,3.3835000000000002
2697,0,3.3835000000000002
2698,0,3.3835000000000002
2699,0,3.3835000000000002
2700,0,3.3816000000000002
2701,0,3.3835000000000002
2702,0,3.3835000000000002
2703,0,3.3835000000000002
2704,0,3.3835000000000002
2705,0,3.3835000000000002
2706,0,3.3835000000000002
2707,0,3.3835000000000002
2708,0,3.3835000000000002
2709,0,3.3835000000000002
2710,0,3.3835000000000002
2711,0,3.3835000000000002
2712,0,3.3816000000000002
2713,0,3.3835000000000002
2714,0,3.3835000000000002
2715,0,3.3835000000000002
2716,0,3.3835000000000002
2717,0,3.3816000000000002
2718,0,3.3835000000000002
2719,0,3.3816000000000002
2720,0,3.3816000000000002
2721,0,3.3816000000000002
2722,0,3.3816000000000002
2723,0,3.3816000000000002
2724,0,3.3835000000000002
2725,0,3.3835000000000002
2726,0,3.3835000000000002
2727,0,3.3835000000000002
2728,0,3.3816000000000002
2729,0,3.3816000000000002
2730,0,3.3816000000000002
2731,0,3.3816000000000002
2732,0,3.3816000000000002
2733,0,3.3835000000000002
2734,0,3.3816000000000002
2735,0,3.3816000000000002
2736,0,3.3816000000000002
2737,0,3.3816000000000002
2738,0,3.3816000000000002
2739,0,3.3816000000000002
2740,0,3.3816000000000002
2741,0,3.3816000000000002
2742,0,3.3816000000000002
2743,0,3.3835000000000002
2744,0,3.3816000000000002
2745,0,3.3816000000000002
2746,0,3.3816000000000002
2747,0,3.3816000000000002
2748,0,3.3816000000000002
2749,0,3.3816000000000002
2750,0,3.3816000000000002
2751,0,3.3816000000000002
2752,0,3.3816000000000002
2753,0,3.3835000000000002
2754,0,3.3816000000000002
2755,0,3.3816000000000002
2756,0,3.3816000000000002
2757,0,3.3816000000000002
2758,0,3.3816000000000002
2759,0,3.3816000000000002
2760,0,3.3816000000000002
2761,0,3.3816000000000002
2762,0,3.3816000000000002
2763,0,3.3816000000000002
2764,0,3.3816000000000002
2765,0,3.3816000000000002
2766,0,3.3816000000000002
2767,0,3.3816000000000002
2768,0,3.3816000000000002
2769,0,3.3816000000000002
2770,0,3.3816000000000002
2771,0,3.3816000000000002
2772,0,3.3816000000000002
2773,0,3.3816000000000002
2774,0,3.3816000000000002
2775,0,3.3816000000000002
2776,0,3.3816000000000002
2777,0,3.3816000000000002
2778,0,3.3816000000000002
2779,0,3.3816000000000002
2780,0,3.3816000000000002
2781,0,3.3816000000000002
2782,0,3.3816000000000002
2783,0,3.3816000000000002
2784,0,3.3816000000000002
2785,0,3.3816000000000002
2786,0,3.3816000000000002
2787,0,3.3816000000000002
2788,0,3.3816000000000002
2789,0,3.3816000000000002
2790,0,3.3816000000000002
2791,0,3.3816000000000002
2792,0,3.3816000000000002
2793,0,3.3816000000000002
2794,0,3.3816000000000002
2795,0,3.3816000000000002
2796,0,3.3816000000000002
2797,0,3.3816000000000002
2798,0,3.3816000000000002
2799,0,3.3816000000000002
2800,0,3.3816000000000002
2801,0,3.3816000000000002
2802,0,3.3816000000000002
2803,0,3.3816000000000002
2804,0,3.3816000000000002
2805,0,3.3816000000000002
2806,0,3.3816000000000002
2807,0,3.3816000000000002
2808,0,3.3816000000000002
2809,0,3.3816000000000002
2810,0,3.3816000000000002
2811,0,3.3816000000000002
2812,0,3.3816000000000002
2813,0,3.3816000000000002
2814,0,3.3816000000000002
2815,0,3.3816000000000002
2816,0,3.3816000000000002
2817,0,3.3816000000000002
2818,0,3.3816000000000002
2819,0,3.3816000000000002
2820,0,3.3816000000000002
2821,0,3.3816000000000002
2822,0,3.3816000000000002
2823,0,3.3816000000000002
2824,0,3.3816000000000002
2825,0,3.3816000000000002
2826,0,3.3816000000000002
2827,0,3.3816000000000002
2828,0,3.3816000000000002
2829,0,3.3816000000000002
2830,0,3.3816000000000002
2831,0,3.3816000000000002
2832,0,3.3816000000000002
2833,0,3.3816000000000002
2834,0,3.3816000000000002
2835,0,3.3816000000000002
2836,0,3.3816000000000002
2837,0,3.3816000000000002
2838,0,3.3816000000000002
2839,0,3.3816000000000002
2840,0,3.3816000000000002
2841,0,3.3816000000000002
2842,0,3.3816000000000002
2843,0,3.3816000000000002
2844,0,3.3816000000000002
2845,0,3.3816000000000002
2846,0,3.3816000000000002
2847,0,3.3816000000000002
2848,0,3.3816000000000002
2849,0,3.3816000000000002
2850,0,3.3816000000000002
2851,0,3.3816000000000002
2852,0,3.3816000000000002
2853,0,3.3816000000000002
2854,0,3.3816000000000002
2855,0,3.3816000000000002
2856,0,3.3816000000000002
2857,0,3.3816000000000002
2858,0,3.3816000000000002
2859,0,3.3816000000000002
2860,0,3.3816000000000002
2861,0,3.3816000000000002
2862,0,3.3816000000000002
2863,0,3.3816000000000002
2864,0,3.3816000000000002
2865,0,3.3816000000000002
2866,0,3.3816000000000002
2867,0,3.3816000000000002
2868,0,3.3816000000000002
2869,0,3.3816000000000002
2870,0,3.3816000000000002
2871,0,3.3816000000000002
2872,0,3.3816000000000002
2873,0,3.3816000000000002
2874,0,3.3816000000000002
2875,0,3.3816000000000002
2876,0,3.3816000000000002
2877,0,3.3816000000000002
2878,0,3.3816000000000002
2879,0,3.3816000000000002
2880,0,3.3816000000000002
2881,0,3.3816000000000002
2882,0,3.3816000000000002
2883,0,3.3816000000000002
2884,0,3.3816000000000002
2885,0,3.3816000000000002
2886,0,3.3816000000000002
2887,0,3.3816000000000002
2888,0,3.3816000000000002
2889,0,3.3816000000000002
2890,0,3.3816000000000002
2891,0,3.3816000000000002
2892,0,3.3816000000000002
2893,0,3.3816000000000002
2894,0,3.3816000000000002
2895,0,3.3816000000000002
2896,0,3.3816000000000002
2897,0,3.3816000000000002
2898,0,3.3797999999999999
2899,0,3.3797999999999999
2900,0,3.3797999999999999
2901,0,3.3816000000000002
2902,0,3.3816000000000002
2903,0,3.3816000000000002
2904,0,3.3816000000000002
2905,0,3.3816000000000002
2906,0,3.3797999999999999
2907,0,3.3797999999999999
2908,0,3.3797999999999999
2909,0,3.3816000000000002
2910,0,3.3816000000000002
2911,0,3.3816000000000002
2912,0,3.3797999999999999
2913,0,3.3797999999999999
2914,0,3.3797999999999999
2915,0,3.3816000000000002
2916,0,3.3816000000000002
2917,0,3.3797999999999999
2918,0,3.3797999999999999
2919,0,3.3797999999999999
2920,0,3.3816000000000002
2921,0,3.3797999999999999
2922,0,3.3816000000000002
2923,0,3.3816000000000002
2924,0,3.3797999999999999
2925,0,3.3816000000000002
2926,0,3.3816000000000002
2927,0,3.3816000000000002
2928,0,3.3797999999999999
2929,0,3.3816000000000002
2930,0,3.3797999999999999
2931,0,3.3797999999999999
2932,0,3.3797999999999999
2933,0,3.3816000000000002
2934,0,3.3797999999999999
2935,0,3.3797999999999999
2936,0,3.3797999999999999
2937,0,3.3797999999999999
2938,0,3.3797999999999999
2939,0,3.3797999999999999
2940,0,3.3797999999999999
2941,0,3.3797999999999999
2942,0,3.3797999999999999
2943,0,3.3797999999999999
2944,0,3.3797999999999999
2945,0,3.3797999999999999
2946,0,3.3797999999999999
2947,0,3.3816000000000002
2948,0,3.3797999999999999
2949,0,3.3797999999999999
2950,0,3.3797999999999999
2951,0,3.3797999999999999
2952,0,3.3797999999999999
2953,0,3.3797999999999999
2954,0,3.3797999999999999
2955,0,3.3797999999999999
2956,0,3.3797999999999999
2957,0,3.3797999999999999
2958,0,3.3797999999999999
2959,0,3.3797999999999999
2960,0,3.3797999999999999
2961,0,3.3797999999999999
2962,0,3.3797999999999999
2963,0,3.3797999999999999
2964,0,3.3797999999999999
2965,0,3.3797999999999999
2966,0,3.3797999999999999
2967,0,3.3797999999999999
2968,0,3.3797999999999999
2969,0,3.3797999999999999
2970,0,3.3797999999999999
2971,0,3.3797999999999999
2972,0,3.3797999999999999
2973,0,3.3797999999999999
2974,0,3.3797999999999999
2975,0,3.3797999999999999
2976,0,3.3797999999999999
2977,0,3.3797999999999999
2978,0,3.3797999999999999
2979,0,3.3797999999999999
2980,0,3.3797999999999999
2981,0,3.3797999999999999
2982,0,3.3797999999999999
2983,0,3.3797999999999999
2984,0,3.3797999999999999
2985,0,3.3797999999999999
2986,0,3.3797999999999999
2987,0,3.3797999999999999
2988,0,3.3797999999999999
2989,0,3.3797999999999999
2990,0,3.3797999999999999
2991,0,3.3797999999999999
2992,0,3.3797999999999999
2993,0,3.3797999999999999
2994,0,3.3797999999999999
2995,0,3.3797999999999999
2996,0,3.3797999999999999
2997,0,3.3797999999999999
2998,0,3.3797999999999999
2999,0,3.3797999999999999
3000,0,3.3797999999999999
3001,0,3.3797999999999999
3002,0,3.3797999999999999
3003,0,3.3797999999999999
3004,0,3.3797999999999999
3005,0,3.3797999999999999
3006,0,3.3797999999999999
3007,0,3.3797999999999999
3008,0,3.3797999999999999
3009,0,3.3797999999999999
3010,0,3.3797999999999999
3011,0,3.3797999999999999
3012,0,3.3797999999999999
3013,0,3.3797999999999999
3014,0,3.3797999999999999
3015,0,3.3797999999999999
3016,0,3.3797999999999999
3017,0,3.3797999999999999
3018,0,3.3797999999999999
3019,0,3.3797999999999999
3020,0,3.3797999999999999
3021,0,3.3797999999999999
3022,0,3.3797999999999999
3023,0,3.3797999999999999
3024,0,3.3797999999999999
3025,0,3.3797999999999999
3026,0,3.3797999999999999
3027,0,3.3797999999999999
3028,0,3.3797999999999999
3029,0,3.3797999999999999
3030,0,3.3797999999999999
3031,0,3.3797999999999999
3032,0,3.3797999999999999
3033,0,3.3797999999999999
3034,0,3.3797999999999999
3035,0,3.3797999999999999
3036,0,3.3797999999999999
3037,0,3.3797999999999999
3038,0,3.3797999999999999
3039,0,3.3797999999999999
3040,0,3.3797999999999999
3041,0,3.3797999999999999
3042,0,3.3797999999999999
3043,0,3.3797999999999999
3044,0,3.3797999999999999
3045,0,3.3797999999999999
3046,0,3.3797999999999999
3047,0,3.3797999999999999
3048,0,3.3797999999999999
3049,0,3.3797999999999999
3050,0,3.3797999999999999
3051,0,3.3797999999999999
3052,0,3.3797999999999999
3053,0,3.3797999999999999
3054,0,3.3797999999999999
3055,0,3.3797999999999999
3056,0,3.3797999999999999
3057,0,3.3797999999999999
3058,0,3.3797999999999999
3059,0,3.3797999999999999
3060,0,3.3797999999999999
3061,0,3.3797999999999999
3062,0,3.3797999999999999
3063,0,3.3797999999999999
3064,0,3.3797999999999999
3065,0,3.3797999999999999
3066,0,3.3797999999999999
3067,0,3.3797999999999999
3068,0,3.3797999999999999
3069,0,3.3797999999999999
3070,0,3.3797999999999999
3071,0,3.3797999999999999
3072,0,3.3797999999999999
3073,0,3.3797999999999999
3074,0,3.3797999999999999
3075,0,3.3797999999999999
3076,0,3.3797999999999999
3077,0,3.3778999999999999
3078,0,3.3797999999999999
3079,0,3.3797999999999999
3080,0,3.3797999999999999
3081,0,3.3797999999999999
3082,0,3.3797999999999999
3083,0,3.3797999999999999
3084,0,3.3797999999999999
3085,0,3.3797999999999999
3086,0,3.3778999999999999
3087,0,3.3797999999999999
3088,0,3.3778999999999999
3089,0,3.3797999999999999
3090,0,3.3797999999999999
3091,0,3.3797999999999999
3092,0,3.3797999999999999
3093,0,3.3797999999999999
3094,0,3.3797999999999999
3095,0,3.3797999999999999
3096,0,3.3797999999999999
3097,0,3.3797999999999999
3098,0,3.3797999999999999
3099,0,3.3778999999999999
3100,0,3.3797999999999999
3101,0,3.3797999999999999
3102,0,3.3778999999999999
3103,0,3.3797999999999999
3104,0,3.3778999999999999
3105,0,3.3797999999999999
3106,0,3.3797999999999999
3107,0,3.3797999999999999
3108,0,3.3778999999999999
3109,0,3.3778999999999999
3110,0,3.3778999999999999
3111,0,3.3797999999999999
3112,0,3.3797999999999999
3113,0,3.3797999999999999
3114,0,3.3797999999999999
3115,0,3.3797999999999999
3116,0,3.3797999999999999
3117,0,3.3778999999999999
3118,0,3.3778999999999999
3119,0,3.3797999999999999
3120,0,3.3778999999999999
3121,0,3.3778999999999999
3122,0,3.3797999999999999
3123,0,3.3778999999999999
3124,0,3.3797999999999999
3125,0,3.3797999999999999
3126,0,3.3797999999999999
3127,0,3.3778999999999999
3128,0,3.3797999999999999
3129,0,3.3778999999999999
3130,0,3.3797999999999999
3131,0,3.3778999999999999
3132,0,3.3797999999999999
3133,0,3.3778999999999999
3134,0,3.3778999999999999
3135,0,3.3778999999999999
3136,0,3.3778999999999999
3137,0,3.3778999999999999
3138,0,3.3778999999999999
3139,0,3.3778999999999999
3140,0,3.3778999999999999
3141,0,3.3778999999999999
3142,0,3.3778999999999999
3143,0,3.3778999999999999
3144,0,3.3778999999999999
3145,0,3.3778999999999999
3146,0,3.3778999999999999
3147,0,3.3778999999999999
3148,0,3.3778999999999999
3149,0,3.3778999999999999
3150,0,3.3778999999999999
3151,0,3.3778999999999999
3152,0,3.3778999999999999
3153,0,3.3778999999999999
3154,0,3.3778999999999999
3155,0,3.3778999999999999
3156,0,3.3778999999999999
3157,0,3.3778999999999999
3158,0,3.3778999999999999
3159,0,3.3778999999999999
3160,0,3.3778999999999999
3161,0,3.3778999999999999
3162,0,3.3778999999999999
3163,0,3.3778999999999999
3164,0,3.3778999999999999
3165,0,3.3778999999999999
3166,0,3.3778999999999999
3167,0,3.3778999999999999
3168,0,3.3778999999999999
3169,0,3.3778999999999999
3170,0,3.3778999999999999
3171,0,3.3778999999999999
3172,0,3.3778999999999999
3173,0,3.3778999999999999
3174,0,3.3778999999999999
3175,0,3.3778999999999999
3176,0,3.3778999999999999
3177,0,3.3778999999999999
3178,0,3.3778999999999999
3179,0,3.3778999999999999
3180,0,3.3778999999999999
3181,0,3.3778999999999999
3182,0,3.3778999999999999
3183,0,3.3778999999999999
3184,0,3.3778999999999999
3185,0,3.3778999999999999
3186,0,3.3778999999999999
3187,0,3.3778999999999999
3188,0,3.3778999999999999
3189,0,3.3778999999999999
3190,0,3.3778999999999999
3191,0,3.3778999999999999
3192,0,3.3778999999999999
3193,0,3.3778999999999999
3194,0,3.3778999999999999
3195,0,3.3778999999999999
3196,0,3.3778999999999999
3197,0,3.3778999999999999
3198,0,3.3778999999999999
3199,0,3.3778999999999999
3200,0,3.3778999999999999
3201,0,3.3778999999999999
3202,0,3.3778999999999999
3203,0,3.3778999999999999
3204,0,3.3778999999999999
3205,0,3.3778999999999999
3206,0,3.3778999999999999
3207,0,3.3778999999999999
3208,0,3.3778999999999999
3209,0,3.3778999999999999
3210,0,3.3778999999999999
3211,0,3.3778999999999999
3212,0,3.3778999999999999
3213,0,3.3778999999999999
3214,0,3.3778999999999999
3215,0,3.3778999999999999
3216,0,3.3778999999999999
3217,0,3.3778999999999999
3218,0,3.3778999999999999
3219,0,3.3778999999999999
3220,0,3.3778999999999999
3221,0,3.3778999999999999
3222,0,3.3778999999999999
3223,0,3.3778999999999999
3224,0,3.3778999999999999
3225,0,3.3778999999999999
3226,0,3.3778999999999999
3227,0,3.3778999999999999
3228,0,3.3778999999999999
3229,0,3.3778999999999999
3230,0,3.3778999999999999
3231,0,3.3778999999999999
3232,0,3.3778999999999999
3233,0,3.3778999999999999
3234,0,3.3778999999999999
3235,0,3.3778999999999999
3236,0,3.3778999999999999
3237,0,3.3778999999999999
3238,0,3.3778999999999999
3239,0,3.3778999999999999
3240,0,3.3778999999999999
3241,0,3.3778999999999999
3242,0,3.3778999999999999
3243,0,3.3778999999999999
3244,0,3.3778999999999999
3245,0,3.3778999999999999
3246,0,3.3778999999999999
3247,0,3.3778999999999999
3248,0,3.3778999999999999
3249,0,3.3778999999999999
3250,0,3.3778999999999999
3251,0,3.3778999999999999
3252,0,3.3778999999999999
3253,0,3.3778999999999999
3254,0,3.3778999999999999
3255,0,3.3778999999999999
3256,0,3.3778999999999999
3257,0,3.3778999999999999
3258,0,3.3778999999999999
3259,0,3.3778999999999999
3260,0,3.3778999999999999
3261,0,3.3778999999999999
3262,0,3.3778999999999999
3263,0,3.3778999999999999
3264,0,3.3778999999999999
3265,0,3.3778999999999999
3266,0,3.3778999999999999
3267,0,3.3778999999999999
3268,0,3.3778999999999999
3269,0,3.3778999999999999
3270,0,3.3778999999999999
3271,0,3.3778999999999999
3272,0,3.3778999999999999
3273,0,3.3778999999999999
3274,0,3.3778999999999999
3275,0,3.3778999999999999
3276,0,3.3778999999999999
3277,0,3.3778999999999999
3278,0,3.3778999999999999
3279,0,3.3778999999999999
3280,0,3.3778999999999999
3281,0,3.3778999999999999
3282,0,3.3778999999999999
3283,0,3.3778999999999999
3284,0,3.3778999999999999
3285,0,3.3778999999999999
3286,0,3.3778999999999999
3287,0,3.3778999999999999
3288,0,3.3778999999999999
3289,0,3.3778999999999999
3290,0,3.3778999999999999
3291,0,3.3778999999999999
3292,0,3.3778999999999999
3293,0,3.3778999999999999
3294,0,3.3778999999999999
3295,0,3.3778999999999999
3296,0,3.3778999999999999
3297,0,3.3778999999999999
3298,0,3.3778999999999999
3299,0,3.3778999999999999
3300,0,3.3778999999999999
3301,0,3.3778999999999999
3302,0,3.3778999999999999
3303,0,3.3778999999999999
3304,0,3.3778999999999999
3305,0,3.3778999999999999
3306,0,3.3778999999999999
3307,0,3.3778999999999999
3308,0,3.3778999999999999
3309,0,3.3778999999999999
3310,0,3.3778999999999999
3311,0,3.3778999999999999
3312,0,3.3778999999999999
3313,0,3.3778999999999999
3314,0,3.3778999999999999
3315,0,3.3778999999999999
3316,0,3.3778999999999999
3317,0,3.3778999999999999
3318,0,3.3778999999999999
3319,0,3.3778999999999999
3320,0,3.3778999999999999
3321,0,3.3761000000000001
3322,0,3.3778999999999999
3323,0,3.3778999999999999
3324,0,3.3778999999999999
3325,0,3.3778999999999999
3326,0,3.3778999999999999
3327,0,3.3778999999999999
3328,0,3.3761000000000001
3329,0,3.3761000000000001
3330,0,3.3761000000000001
3331,0,3.3778999999999999
3332,0,3.3761000000000001
3333,0,3.3778999999999999
3334,0,3.3778999999999999
3335,0,3.3778999999999999
3336,0,3.3778999999999999
3337,0,3.3778999999999999
3338,0,3.3761000000000001
3339,0,3.3761000000000001
3340,0,3.3778999999999999
3341,0,3.3778999999999999
3342,0,3.3778999999999999
3343,0,3.3761000000000001
3344,0,3.3761000000000001
3345,0,3.3778999999999999
3346,0,3.3778999999999999
3347,0,3.3761000000000001
3348,0,3.3761000000000001
3349,0,3.3761000000000001
3350,0,3.3761000000000001
3351,0,3.3761000000000001
3352,0,3.3761000000000001
3353,0,3.3761000000000001
3354,0,3.3761000000000001
3355,0,3.3761000000000001
3356,0,3.3778999999999999
3357,0,3.3761000000000001
3358,0,3.3778999999999999
3359,0,3.3778999999999999
3360,0,3.3761000000000001
3361,0,3.3761000000000001
3362,0,3.3761000000000001
3363,0,3.3761000000000001
3364,0,3.3778999999999999
3365,0,3.3761000000000001
3366,0,3.3761000000000001
3367,0,3.3761000000000001
3368,0,3.3761000000000001
3369,0,3.3761000000000001
3370,0,3.3761000000000001
3371,0,3.3761000000000001
3372,0,3.3761000000000001
3373,0,3.3778999999999999
3374,0,3.3761000000000001
3375,0,3.3761000000000001
3376,0,3.3761000000000001
3377,0,3.3761000000000001
3378,0,3.3761000000000001
3379,0,3.3761000000000001
3380,0,3.3761000000000001
3381,0,3.3761000000000001
3382,0,3.3761000000000001
3383,0,3.3761000000000001
3384,0,3.3761000000000001
3385,0,3.3761000000000001
3386,0,3.3761000000000001
3387,0,3.3761000000000001
3388,0,3.3761000000000001
3389,0,3.3761000000000001
3390,0,3.3761000000000001
3391,0,3.3761000000000001
3392,0,3.3761000000000001
3393,0,3.3761000000000001
3394,0,3.3761000000000001
3395,0,3.3761000000000001
3396,0,3.3761000000000001
3397,0,3.3761000000000001
3398,0,3.3761000000000001
3399,0,3.3761000000000001
3400,0,3.3761000000000001
3401,0,3.3761000000000001
3402,0,3.3761000000000001
3403,0,3.3761000000000001
3404,0,3.3761000000000001
3405,0,3.3761000000000001
3406,0,3.3761000000000001
3407,0,3.3761000000000001
3408,0,3.3761000000000001
3409,0,3.3761000000000001
3410,0,3.3761000000000001
3411,0,3.3761000000000001
3412,0,3.3761000000000001
3413,0,3.3761000000000001
3414,0,3.3761000000000001
3415,0,3.3761000000000001
3416,0,3.3761000000000001
3417,0,3.3761000000000001
3418,0,3.3761000000000001
3419,0,3.3761000000000001
3420,0,3.3761000000000001
3421,0,3.3761000000000001
3422,0,3.3761000000000001
3423,0,3.3761000000000001
3424,0,3.3761000000000001
3425,0,3.3761000000000001
3426,0,3.3761000000000001
3427,0,3.3761000000000001
3428,0,3.3761000000000001
3429,0,3.3761000000000001
3430,0,3.3761000000000001
3431,0,3.3761000000000001
3432,0,3.3761000000000001
3433,0,3.3761000000000001
3434,0,3.3761000000000001
3435,0,3.3761000000000001
3436,0,3.3761000000000001
3437,0,3.3761000000000001
3438,0,3.3761000000000001
3439,0,3.3761000000000001
3440,0,3.3761000000000001
3441,0,3.3761000000000001
3442,0,3.3761000000000001
3443,0,3.3761000000000001
3444,0,3.3761000000000001
3445,0,3.3761000000000001
3446,0,3.3761000000000001
3447,0,3.3761000000000001
3448,0,3.3761000000000001
3449,0,3.3761000000000001
3450,0,3.3761000000000001
3451,0,3.3761000000000001
3452,0,3.3761000000000001
3453,0,3.3761000000000001
3454,0,3.3761000000000001
3455,0,3.3761000000000001
3456,0,3.3761000000000001
3457,0,3.3761000000000001
3458,0,3.3761000000000001
3459,0,3.3761000000000001
3460,0,3.3761000000000001
3461,0,3.3761000000000001
3462,0,3.3761000000000001
3463,0,3.3761000000000001
3464,0,3.3761000000000001
3465,0,3.3761000000000001
3466,0,3.3761000000000001
3467,0,3.3761000000000001
3468,0,3.3761000000000001
3469,0,3.3761000000000001
3470,0,3.3761000000000001
3471,0,3.3761000000000001
3472,0,3.3761000000000001
3473,0,3.3761000000000001
3474,0,3.3761000000000001
3475,0,3.3761000000000001
3476,0,3.3761000000000001
3477,0,3.3761000000000001
3478,0,3.3761000000000001
3479,0,3.3761000000000001
3480,0,3.3761000000000001
3481,0,3.3761000000000001
3482,0,3.3761000000000001
3483,0,3.3761000000000001
3484,0,3.3761000000000001
3485,0,3.3761000000000001
3486,0,3.3761000000000001
3487,0,3.3761000000000001
3488,0,3.3761000000000001
3489,0,3.3761000000000001
3490,0,3.3761000000000001
3491,0,3.3761000000000001
3492,0,3.3761000000000001
3493,0,3.3761000000000001
3494,0,3.3761000000000001
3495,0,3.3761000000000001
3496,0,3.3761000000000001
3497,0,3.3761000000000001
3498,0,3.3761000000000001
3499,0,3.3761000000000001
3500,0,3.3761000000000001
3501,0,3.3761000000000001
3502,0,3.3761000000000001
3503,0,3.3761000000000001
3504,0,3.3761000000000001
3505,0,3.3761000000000001
3506,0,3.3761000000000001
3507,0,3.3761000000000001
3508,0,3.3761000000000001
3509,0,3.3761000000000001
3510,0,3.3761000000000001
3511,0,3.3761000000000001
3512,0,3.3761000000000001
3513,0,3.3761000000000001
3514,0,3.3761000000000001
3515,0,3.3761000000000001
3516,0,3.3761000000000001
3517,0,3.3761000000000001
3518,0,3.3761000000000001
3519,0,3.3761000000000001
3520,0,3.3761000000000001
3521,0,3.3761000000000001
3522,0,3.3761000000000001
3523,0,3.3761000000000001
3524,0,3.3761000000000001
3525,0,3.3761000000000001
3526,0,3.3761000000000001
3527,0,3.3761000000000001
3528,0,3.3761000000000001
3529,0,3.3761000000000001
3530,0,3.3761000000000001
3531,0,3.3761000000000001
3532,0,3.3761000000000001
3533,0,3.3761000000000001
3534,0,3.3742000000000001
3535,0,3.3761000000000001
3536,0,3.3761000000000001
3537,0,3.3761000000000001
3538,0,3.3761000000000001
3539,0,3.3761000000000001
3540,0,3.3761000000000001
3541,0,3.3761000000000001
3542,0,3.3742000000000001
3543,0,3.3742000000000001
3544,0,3.3742000000000001
3545,0,3.3761000000000001
3546,0,3.3761000000000001
3547,0,3.3761000000000001
3548,0,3.3742000000000001
3549,0,3.3761000000000001
3550,0,3.3761000000000001
3551,0,3.3761000000000001
3552,0,3.3761000000000001
3553,0,3.3761000000000001
3554,0,3.3761000000000001
3555,0,3.3761000000000001
3556,0,3.3761000000000001
3557,0,3.3742000000000001
3558,0,3.3761000000000001
3559,0,3.3742000000000001
3560,0,3.3761000000000001
3561,0,3.3761000000000001
3562,0,3.3761000000000001
3563,0,3.3742000000000001
3564,0,3.3742000000000001
3565,0,3.3742000000000001
3566,0,3.3742000000000001
3567,0,3.3742000000000001
3568,0,3.3761000000000001
3569,0,3.3761000000000001
3570,0,3.3742000000000001
3571,0,3.3761000000000001
3572,0,3.3742000000000001
3573,0,3.3742000000000001
3574,0,3.3761000000000001
3575,0,3.3761000000000001
3576,0,3.3761000000000001
3577,0,3.3761000000000001
3578,0,3.3761000000000001
3579,0,3.3761000000000001
3580,0,3.3742000000000001
3581,0,3.3761000000000001
3582,0,3.3761000000000001
3583,0,3.3761000000000001
3584,0,3.3742000000000001
3585,0,3.3742000000000001
3586,0,3.3761000000000001
3587,0,3.3761000000000001
3588,0,3.3742000000000001
3589,0,3.3742000000000001
3590,0,3.3742000000000001
3591,0,3.3742000000000001
3592,0,3.3742000000000001
3593,0,3.3742000000000001
3594,0,3.3742000000000001
3595,0,3.3742000000000001
3596,0,3.3742000000000001
3597,0,3.3742000000000001
3598,0,3.3742000000000001
3599,0,3.3742000000000001
3600,0,3.3761000000000001
3601,-0.043400000000000001,3.3612000000000002
3602,-0.63239999999999996,3.3574999999999999
3603,-0.63239999999999996,3.3574999999999999
3604,-0.63239999999999996,3.3574999999999999
3605,-0.63859999999999995,3.3574999999999999
3606,-0.63859999999999995,3.3574999999999999
3607,-0.63859999999999995,3.3574999999999999
3608,-0.63859999999999995,3.3574999999999999
3609,-0.63859999999999995,3.3555999999999999
3610,-0.63859999999999995,3.3555999999999999
3611,-0.63239999999999996,3.3555999999999999
3612,-0.63239999999999996,3.3555999999999999
3613,-0.63859999999999995,3.3555999999999999
3614,-2.7281,3.3462999999999998
3615,-4.1604000000000001,3.3370000000000002
3616,-5.7538999999999998,3.3296000000000001
3617,-7.1985999999999999,3.3203
3618,-2.1204999999999998,3.3407
3619,-2.0337000000000001,3.3407
3620,-2.0398999999999998,3.3443999999999998
3621,-2.0398999999999998,3.3407
3622,-2.0337000000000001,3.3407
3623,-2.0398999999999998,3.3407
3624,-2.0398999999999998,3.3407
3625,-2.0337000000000001,3.3389000000000002
3626,-0.27279999999999999,3.3481999999999998
3627,-0.68200000000000005,3.3481999999999998
3628,-1.0354000000000001,3.3462999999999998
3629,-1.3206,3.3443999999999998
3630,-1.4321999999999999,3.3443999999999998
3631,-0.63859999999999995,3.3462999999999998
3632,-0.63859999999999995,3.3481999999999998
3633,-0.63859999999999995,3.3481999999999998
3634,-0.63859999999999995,3.3481999999999998
3635,-0.63859999999999995,3.3481999999999998
3636,-0.63239999999999996,3.3481999999999998
3637,-0.63239999999999996,3.3481999999999998
3638,-0.63859999999999995,3.3481999999999998
3639,-0.63239999999999996,3.3481999999999998
3640,-0.63859999999999995,3.3481999999999998
3641,-0.63859999999999995,3.3481999999999998
3642,-0.63859999999999995,3.3481999999999998
3643,-0.63859999999999995,3.3481999999999998
3644,-0.63859999999999995,3.3462999999999998
3645,-0.63859999999999995,3.3462999999999998
3646,-0.63239999999999996,3.3481999999999998
3647,-0.63859999999999995,3.3462999999999998
3648,-0.63859999999999995,3.3481999999999998
3649,-0.63859999999999995,3.3462999999999998
3650,-0.63859999999999995,3.3462999999999998
3651,-0.63239999999999996,3.3462999999999998
3652,-2.0709,3.3389000000000002
3653,-2.8025000000000002,3.3351000000000002
3654,-3.6334,3.3296000000000001
3655,-4.4703999999999997,3.3258000000000001
3656,-5.1586999999999996,3.3220999999999998
3657,-6.0762999999999998,3.3165
3658,-6.9939999999999998,3.3109999999999999
3659,-7.7131999999999996,3.3071999999999999
3660,-8.8788999999999998,3.3016999999999999
3661,-9.8710000000000004,3.2924000000000002
3662,-10.553000000000001,3.2886000000000002
3663,-11.879899999999999,3.2812000000000001
3664,-3.5528,3.3165
3665,-3.4411999999999998,3.3165
3666,-3.4411999999999998,3.3165
3667,-3.4411999999999998,3.3165
3668,-3.4411999999999998,3.3165
3669,-3.4474,3.3165
3670,-3.4411999999999998,3.3165
3671,-3.4411999999999998,3.3165
3672,-3.4474,3.3147000000000002
3673,-3.4411999999999998,3.3147000000000002
3674,-3.4350000000000001,3.3147000000000002
3675,-3.4474,3.3147000000000002
3676,-3.4411999999999998,3.3147000000000002
3677,-3.4411999999999998,3.3147000000000002
3678,-3.4411999999999998,3.3147000000000002
3679,-3.4474,3.3128000000000002
3680,-3.4411999999999998,3.3128000000000002
3681,-3.4411999999999998,3.3128000000000002
3682,-3.4411999999999998,3.3128000000000002
3683,-3.4411999999999998,3.3128000000000002
3684,-3.4411999999999998,3.3128000000000002
3685,-3.4474,3.3128000000000002
3686,-3.4474,3.3109999999999999
3687,-3.4474,3.3109999999999999
3688,1.3391999999999999,3.3313999999999999
3689,1.1408,3.3313999999999999
3690,0.89280000000000004,3.3313999999999999
3691,0.62619999999999998,3.3313999999999999
3692,0.37819999999999998,3.3296000000000001
3693,0.17979999999999999,3.3296000000000001
3694,-0.31,3.3277000000000001
3695,-0.76259999999999994,3.3258000000000001
3696,-1.0726,3.3239999999999998
3697,-1.3206,3.3239999999999998
3698,-1.4321999999999999,3.3239999999999998
3699,-0.63859999999999995,3.3258000000000001
3700,-0.63239999999999996,3.3258000000000001
3701,-0.63859999999999995,3.3277000000000001
3702,-0.63239999999999996,3.3258000000000001
3703,-0.63859999999999995,3.3258000000000001
3704,-0.63859999999999995,3.3277000000000001
3705,-0.63859999999999995,3.3277000000000001
3706,-0.63859999999999995,3.3277000000000001
3707,-0.63859999999999995,3.3277000000000001
3708,-0.63859999999999995,3.3258000000000001
3709,-0.63859999999999995,3.3277000000000001
3710,-0.63859999999999995,3.3277000000000001
3711,-0.63859999999999995,3.3277000000000001
3712,-0.63859999999999995,3.3277000000000001
3713,-0.63859999999999995,3.3277000000000001
3714,-0.63859999999999995,3.3277000000000001
3715,-0.63859999999999995,3.3277000000000001
3716,-0.63859999999999995,3.3277000000000001
3717,-0.63239999999999996,3.3277000000000001
3718,-0.63859999999999995,3.3277000000000001
3719,-0.63859999999999995,3.3277000000000001
3720,-1.7608999999999999,3.3220999999999998
3721,-2.1267,3.3203
3722,-2.6040999999999999,3.3184
3723,-2.9512999999999998,3.3165
3724,-3.3978000000000002,3.3147000000000002
3725,-3.8317999999999999,3.3109999999999999
3726,-4.4021999999999997,3.3090999999999999
3727,-4.7184999999999997,3.3071999999999999
3728,-5.1649000000000003,3.3054000000000001
3729,-5.6795,3.3016999999999999
3730,-6.3925999999999998,3.2978999999999998
3731,-7.5086000000000004,3.2905000000000002
3732,-6.4794,3.2942
3733,-7.7504,3.2886000000000002
3734,-8.2774999999999999,3.2848999999999999
3735,-9.2074999999999996,3.2793000000000001
3736,-9.4494000000000007,3.2774999999999999
3737,-9.9206000000000003,3.2755999999999998
3738,-10.4414,3.2719
3739,-11.3901,3.2682000000000002
3740,-11.520300000000001,3.2663000000000002
3741,-12.0783,3.2625999999999999
3742,-12.6364,3.2589000000000001
3743,-13.715199999999999,3.2532999999999999
3744,-13.802,3.2532999999999999
3745,-14.4345,3.2477
3746,-5.2393000000000001,3.2848999999999999
3747,-5.1215000000000002,3.2848999999999999
3748,-5.1153000000000004,3.2848999999999999
3749,-5.1338999999999997,3.2848999999999999
3750,-5.1215000000000002,3.2848999999999999
3751,-5.1338999999999997,3.2848999999999999
3752,-5.1215000000000002,3.2848999999999999
3753,-5.1153000000000004,3.2848999999999999
3754,-5.1215000000000002,3.2848999999999999
3755,-5.1153000000000004,3.2848999999999999
3756,-5.1215000000000002,3.2848999999999999
3757,-5.1215000000000002,3.2848999999999999
3758,0.94240000000000002,3.3128000000000002
3759,0.9486,3.3128000000000002
3760,0.62619999999999998,3.3128000000000002
3761,0.74399999999999999,3.3147000000000002
3762,0.62619999999999998,3.3147000000000002
3763,0.34720000000000001,3.3128000000000002
3764,0.42159999999999997,3.3147000000000002
3765,0.30380000000000001,3.3147000000000002
3766,-3.6023999999999998,3.2978999999999998
3767,-3.6768000000000001,3.2978999999999998
3768,-3.6768000000000001,3.2978999999999998
3769,-3.6768000000000001,3.2978999999999998
3770,-3.6768000000000001,3.2942
3771,-3.6768000000000001,3.2942
3772,-3.6829999999999998,3.2942
3773,-3.6768000000000001,3.2942
3774,-3.6768000000000001,3.2942
3775,-3.6705999999999999,3.2942
3776,-3.6705999999999999,3.2942
3777,-3.6705999999999999,3.2942
3778,-3.6705999999999999,3.2942
3779,1.6617,3.3184
3780,1.4694,3.3184
3781,1.3082,3.3184
3782,0.89900000000000002,3.3184
3783,0.62619999999999998,3.3165
3784,0.37819999999999998,3.3165
3785,0.13639999999999999,3.3147000000000002
3786,-0.30380000000000001,3.3147000000000002
3787,-0.71299999999999997,3.3128000000000002
3788,-1.0726,3.3109999999999999
3789,-1.3206,3.3109999999999999
3790,-1.4321999999999999,3.3090999999999999
3791,-0.63239999999999996,3.3128000000000002
3792,-0.63859999999999995,3.3128000000000002
3793,-0.63859999999999995,3.3128000000000002
3794,-0.63859999999999995,3.3128000000000002
3795,-0.63859999999999995,3.3128000000000002
3796,-0.63859999999999995,3.3147000000000002
3797,-0.63239999999999996,3.3128000000000002
3798,-0.63239999999999996,3.3147000000000002
3799,-0.63239999999999996,3.3147000000000002
3800,-0.63859999999999995,3.3147000000000002
3801,-0.63239999999999996,3.3147000000000002
3802,-0.63239999999999996,3.3147000000000002
3803,-0.63859999999999995,3.3147000000000002
3804,-0.63859999999999995,3.3147000000000002
3805,-0.63859999999999995,3.3147000000000002
3806,-0.63859999999999995,3.3147000000000002
3807,-0.63239999999999996,3.3147000000000002
3808,-0.63859999999999995,3.3147000000000002
3809,-0.63859999999999995,3.3147000000000002
3810,-2.7281,3.3071999999999999
3811,-4.1604000000000001,3.2997999999999998
3812,-5.7972999999999999,3.2905000000000002
3813,-7.1985999999999999,3.2848999999999999
3814,-2.1515,3.3054000000000001
3815,-2.0337000000000001,3.3071999999999999
3816,-2.0398999999999998,3.3071999999999999
3817,-2.0337000000000001,3.3071999999999999
3818,-2.0398999999999998,3.3071999999999999
3819,-2.0337000000000001,3.3071999999999999
3820,-2.0398999999999998,3.3071999999999999
3821,-2.0398999999999998,3.3071999999999999
3822,-0.27279999999999999,3.3147000000000002
3823,-0.67579999999999996,3.3128000000000002
3824,-1.0416000000000001,3.3128000000000002
3825,-1.3206,3.3109999999999999
3826,-1.4321999999999999,3.3109999999999999
3827,-0.63859999999999995,3.3128000000000002
3828,-0.63859999999999995,3.3147000000000002
3829,-0.63859999999999995,3.3147000000000002
3830,-0.63859999999999995,3.3147000000000002
3831,-0.63859999999999995,3.3147000000000002
3832,-0.63859999999999995,3.3147000000000002
3833,-0.63239999999999996,3.3147000000000002
3834,-0.63859999999999995,3.3147000000000002
3835,-0.63859999999999995,3.3147000000000002
3836,-0.63239999999999996,3.3147000000000002
3837,-0.63859999999999995,3.3147000000000002
3838,-0.63859999999999995,3.3147000000000002
3839,-0.63859999999999995,3.3147000000000002
3840,-0.63239999999999996,3.3147000000000002
3841,-0.63239999999999996,3.3147000000000002
3842,-0.63859999999999995,3.3147000000000002
3843,-0.63859999999999995,3.3165
3844,-0.63239999999999996,3.3147000000000002
3845,-0.63859999999999995,3.3165
3846,-0.63859999999999995,3.3165
3847,-0.63859999999999995,3.3165
3848,-2.0771000000000002,3.3109999999999999
3849,-2.7900999999999998,3.3071999999999999
3850,-3.6457999999999999,3.3035000000000001
3851,-4.4703999999999997,3.2997999999999998
3852,-5.1586999999999996,3.2942
3853,-6.1135000000000002,3.2886000000000002
3854,-6.9939999999999998,3.2848999999999999
3855,-7.7194000000000003,3.2812000000000001
3856,-8.9161000000000001,3.2755999999999998
3857,-9.9082000000000008,3.27
3858,-10.559200000000001,3.2663000000000002
3859,-11.879899999999999,3.2606999999999999
3860,-3.5528,3.2924000000000002
3861,-3.4411999999999998,3.2942
3862,-3.4411999999999998,3.2942
3863,-3.4474,3.2942
3864,-3.4411999999999998,3.2942
3865,-3.4411999999999998,3.2942
3866,-3.4411999999999998,3.2942
3867,-3.4474,3.2942
3868,-3.4411999999999998,3.2942
3869,-3.4411999999999998,3.2942
3870,-3.4411999999999998,3.2942
3871,-3.4474,3.2942
3872,-3.4411999999999998,3.2942
3873,-3.4474,3.2942
3874,-3.4411999999999998,3.2942
3875,-3.4474,3.2942
3876,-3.4350000000000001,3.2942
3877,-3.4411999999999998,3.2942
3878,-3.4411999999999998,3.2942
3879,-3.4411999999999998,3.2942
3880,-3.4411999999999998,3.2942
3881,-3.4474,3.2942
3882,-3.4411999999999998,3.2942
3883,-3.4411999999999998,3.2942
3884,1.3391999999999999,3.3165
3885,1.1779999999999999,3.3165
3886,0.89900000000000002,3.3165
3887,0.62619999999999998,3.3147000000000002
3888,0.37819999999999998,3.3147000000000002
3889,0.1736,3.3128000000000002
3890,-0.31,3.3109999999999999
3891,-0.76259999999999994,3.3109999999999999
3892,-1.0726,3.3090999999999999
3893,-1.3268,3.3090999999999999
3894,-1.4321999999999999,3.3071999999999999
3895,-0.63859999999999995,3.3109999999999999
3896,-0.63859999999999995,3.3109999999999999
3897,-0.63239999999999996,3.3109999999999999
3898,-0.63859999999999995,3.3109999999999999
3899,-0.64480000000000004,3.3109999999999999
3900,-0.63859999999999995,3.3109999999999999
3901,-0.63859999999999995,3.3109999999999999
3902,-0.63859999999999995,3.3109999999999999
3903,-0.63859999999999995,3.3128000000000002
3904,-0.63859999999999995,3.3128000000000002
3905,-0.63859999999999995,3.3128000000000002
3906,-0.63859999999999995,3.3128000000000002
3907,-0.63859999999999995,3.3128000000000002
3908,-0.63859999999999995,3.3128000000000002
3909,-0.63859999999999995,3.3128000000000002
3910,-0.63859999999999995,3.3128000000000002
3911,-0.63859999999999995,3.3128000000000002
3912,-0.63859999999999995,3.3128000000000002
3913,-0.63859999999999995,3.3128000000000002
3914,-0.63859999999999995,3.3128000000000002
3915,-0.63859999999999995,3.3128000000000002
3916,-1.7670999999999999,3.3090999999999999
3917,-2.1204999999999998,3.3071999999999999
3918,-2.6040999999999999,3.3054000000000001
3919,-2.9575,3.3035000000000001
3920,-3.3978000000000002,3.3016999999999999
3921,-3.8380000000000001,3.2997999999999998
3922,-4.4394,3.2942
3923,-4.7247000000000003,3.2924000000000002
3924,-5.2145000000000001,3.2905000000000002
3925,-5.6795,3.2886000000000002
3926,-6.4484000000000004,3.2848999999999999
3927,-7.5209999999999999,3.2793000000000001
3928,-6.5166000000000004,3.2831000000000001
3929,-7.7565999999999997,3.2774999999999999
3930,-8.3332999999999995,3.2738
3931,-9.2012999999999998,3.27
3932,-9.4307999999999996,3.2682000000000002
3933,-9.9206000000000003,3.2663000000000002
3934,-10.4414,3.2625999999999999
3935,-11.4025,3.2589000000000001
3936,-11.557499999999999,3.2570000000000001
3937,-12.0907,3.2532999999999999
3938,-12.6364,3.2513999999999998
3939,-13.721399999999999,3.2440000000000002
3940,-13.833,3.2440000000000002
3941,-14.4345,3.2403
3942,-5.2331000000000003,3.2774999999999999
3943,-5.1215000000000002,3.2774999999999999
3944,-5.1215000000000002,3.2793000000000001
3945,-5.1215000000000002,3.2793000000000001
3946,-5.1215000000000002,3.2793000000000001
3947,-5.1215000000000002,3.2793000000000001
3948,-5.1338999999999997,3.2793000000000001
3949,-5.1153000000000004,3.2793000000000001
3950,-5.1153000000000004,3.2793000000000001
3951,-5.1153000000000004,3.2793000000000001
3952,-5.1215000000000002,3.2793000000000001
3953,-5.1215000000000002,3.2793000000000001
3954,0.94240000000000002,3.3071999999999999
3955,0.97960000000000003,3.3090999999999999
3956,0.62619999999999998,3.3071999999999999
3957,0.74399999999999999,3.3090999999999999
3958,0.62619999999999998,3.3090999999999999
3959,0.34720000000000001,3.3071999999999999
3960,0.42159999999999997,3.3090999999999999
3961,0.30380000000000001,3.3090999999999999
3962,-3.6023999999999998,3.2905000000000002
3963,-3.6705999999999999,3.2905000000000002
3964,-3.6768000000000001,3.2905000000000002
3965,-3.6705999999999999,3.2905000000000002
3966,-3.6705999999999999,3.2905000000000002
3967,-3.6768000000000001,3.2905000000000002
3968,-3.6768000000000001,3.2905000000000002
3969,-3.6768000000000001,3.2905000000000002
3970,-3.6768000000000001,3.2905000000000002
3971,-3.6768000000000001,3.2905000000000002
3972,-3.6705999999999999,3.2905000000000002
3973,-3.6768000000000001,3.2905000000000002
3974,-3.6705999999999999,3.2905000000000002
3975,1.6617,3.3147000000000002
3976,1.4694,3.3147000000000002
3977,1.3082,3.3147000000000002
3978,0.89900000000000002,3.3128000000000002
3979,0.63239999999999996,3.3128000000000002
3980,0.38440000000000002,3.3109999999999999
3981,0.13639999999999999,3.3109999999999999
3982,-0.31,3.3090999999999999
3983,-0.71919999999999995,3.3071999999999999
3984,-1.0726,3.3071999999999999
3985,-1.3206,3.3054000000000001
3986,-1.4321999999999999,3.3054000000000001
3987,-0.63859999999999995,3.3090999999999999
3988,-0.63859999999999995,3.3090999999999999
3989,-0.63859999999999995,3.3090999999999999
3990,-0.63859999999999995,3.3090999999999999
3991,-0.63859999999999995,3.3090999999999999
3992,-0.63239999999999996,3.3090999999999999
3993,-0.63859999999999995,3.3090999999999999
3994,-0.63859999999999995,3.3090999999999999
3995,-0.63239999999999996,3.3090999999999999
3996,-0.63859999999999995,3.3090999999999999
3997,-0.63859999999999995,3.3090999999999999
3998,-0.63859999999999995,3.3090999999999999
3999,-0.63859999999999995,3.3090999999999999
4000,-0.63859999999999995,3.3109999999999999
4001,-0.63859999999999995,3.3109999999999999
4002,-0.63859999999999995,3.3109999999999999
4003,-0.63239999999999996,3.3109999999999999
4004,-0.63859999999999995,3.3109999999999999
4005,-0.63859999999999995,3.3109999999999999
4006,-2.7157,3.3016999999999999
4007,-4.1604000000000001,3.2942
4008,-5.7972999999999999,3.2867999999999999
4009,-7.1985999999999999,3.2812000000000001
4010,-2.1638999999999999,3.3016999999999999
4011,-2.0771000000000002,3.3016999999999999
4012,-2.0771000000000002,3.3035000000000001
4013,-2.0709,3.3035000000000001
4014,-2.0771000000000002,3.3035000000000001
4015,-2.0709,3.3035000000000001
4016,-2.0709,3.3035000000000001
4017,-2.0709,3.3035000000000001
4018,-0.27279999999999999,3.3109999999999999
4019,-0.68200000000000005,3.3090999999999999
4020,-1.0416000000000001,3.3071999999999999
4021,-1.3206,3.3071999999999999
4022,-1.4383999999999999,3.3071999999999999
4023,-0.63859999999999995,3.3090999999999999
4024,-0.63859999999999995,3.3090999999999999
4025,-0.63859999999999995,3.3109999999999999
4026,-0.63859999999999995,3.3109999999999999
4027,-0.63859999999999995,3.3109999999999999
4028,-0.63859999999999995,3.3109999999999999
4029,-0.63859999999999995,3.3109999999999999
4030,-0.63859999999999995,3.3109999999999999
4031,-0.63859999999999995,3.3109999999999999
4032,-0.63239999999999996,3.3109999999999999
4033,-0.63859999999999995,3.3109999999999999
4034,-0.63239999999999996,3.3109999999999999
4035,-0.63239999999999996,3.3109999999999999
4036,-0.63859999999999995,3.3109999999999999
4037,-0.63859999999999995,3.3109999999999999
4038,-0.63239999999999996,3.3109999999999999
4039,-0.63859999999999995,3.3109999999999999
4040,-0.63239999999999996,3.3128000000000002
4041,-0.63239999999999996,3.3128000000000002
4042,-0.63859999999999995,3.3128000000000002
4043,-0.63239999999999996,3.3128000000000002
4044,-2.0771000000000002,3.3071999999999999
4045,-2.8025000000000002,3.3035000000000001
4046,-3.6334,3.2997999999999998
4047,-4.4766000000000004,3.2942
4048,-5.1586999999999996,3.2905000000000002
4049,-6.1135000000000002,3.2867999999999999
4050,-7.0435999999999996,3.2812000000000001
4051,-7.7565999999999997,3.2774999999999999
4052,-8.9161000000000001,3.2719
4053,-9.9144000000000005,3.2682000000000002
4054,-10.596399999999999,3.2645
4055,-11.9047,3.2570000000000001
4056,-3.5528,3.2905000000000002
4057,-3.4722,3.2905000000000002
4058,-3.4784000000000002,3.2924000000000002
4059,-3.4784000000000002,3.2905000000000002
4060,-3.4784000000000002,3.2924000000000002
4061,-3.4784000000000002,3.2924000000000002
4062,-3.4784000000000002,3.2905000000000002
4063,-3.4784000000000002,3.2924000000000002
4064,-3.4722,3.2924000000000002
4065,-3.4784000000000002,3.2924000000000002
4066,-3.4784000000000002,3.2924000000000002
4067,-3.4784000000000002,3.2924000000000002
4068,-3.4784000000000002,3.2924000000000002
4069,-3.4784000000000002,3.2924000000000002
4070,-3.4784000000000002,3.2924000000000002
4071,-3.4784000000000002,3.2924000000000002
4072,-3.4722,3.2924000000000002
4073,-3.4784000000000002,3.2924000000000002
4074,-3.4784000000000002,3.2924000000000002
4075,-3.4784000000000002,3.2924000000000002
4076,-3.4722,3.2924000000000002
4077,-3.4784000000000002,3.2924000000000002
4078,-3.4784000000000002,3.2924000000000002
4079,-3.4784000000000002,3.2924000000000002
4080,1.3391999999999999,3.3128000000000002
4081,1.1779999999999999,3.3147000000000002
4082,0.89280000000000004,3.3128000000000002
4083,0.62619999999999998,3.3128000000000002
4084,0.38440000000000002,3.3128000000000002
4085,0.17979999999999999,3.3109999999999999
4086,-0.31,3.3090999999999999
4087,-0.76259999999999994,3.3090999999999999
4088,-1.0726,3.3071999999999999
4089,-1.3206,3.3054000000000001
4090,-1.4383999999999999,3.3054000000000001
4091,-0.63859999999999995,3.3090999999999999
4092,-0.63859999999999995,3.3090999999999999
4093,-0.63239999999999996,3.3090999999999999
4094,-0.63859999999999995,3.3090999999999999
4095,-0.63859999999999995,3.3090999999999999
4096,-0.63239999999999996,3.3090999999999999
4097,-0.63239999999999996,3.3090999999999999
4098,-0.63239999999999996,3.3090999999999999
4099,-0.63859999999999995,3.3109999999999999
4100,-0.63859999999999995,3.3109999999999999
4101,-0.63859999999999995,3.3109999999999999
4102,-0.63859999999999995,3.3109999999999999
4103,-0.63859999999999995,3.3109999999999999
4104,-0.63239999999999996,3.3109999999999999
4105,-0.63859999999999995,3.3109999999999999
4106,-0.63239999999999996,3.3109999999999999
4107,-0.63239999999999996,3.3109999999999999
4108,-0.63859999999999995,3.3109999999999999
4109,-0.63859999999999995,3.3109999999999999
4110,-0.63859999999999995,3.3109999999999999
4111,-0.63859999999999995,3.3109999999999999
4112,-1.7608999999999999,3.3071999999999999
4113,-2.1267,3.3054000000000001
4114,-2.5979000000000001,3.3035000000000001
4115,-2.9575,3.3016999999999999
4116,-3.4039999999999999,3.2997999999999998
4117,-3.8317999999999999,3.2978999999999998
4118,-4.4394,3.2924000000000002
4119,-4.7184999999999997,3.2905000000000002
4120,-5.1897000000000002,3.2886000000000002
4121,-5.6795,3.2848999999999999
4122,-6.4421999999999997,3.2831000000000001
4123,-7.5148000000000001,3.2774999999999999
4124,-6.5166000000000004,3.2812000000000001
4125,-7.7565999999999997,3.2755999999999998
4126,-8.3270999999999997,3.2738
4127,-9.2074999999999996,3.2682000000000002
4128,-9.4245999999999999,3.2663000000000002
4129,-9.9578000000000007,3.2645
4130,-10.4724,3.2606999999999999
4131,-11.4459,3.2570000000000001
4132,-11.557499999999999,3.2551999999999999
4133,-12.115500000000001,3.2532999999999999
4134,-12.686,3.2477
4135,-13.7462,3.2421000000000002
4136,-13.8826,3.2421000000000002
4137,-14.4779,3.2383999999999999
4138,-5.2393000000000001,3.2755999999999998
4139,-5.1586999999999996,3.2755999999999998
4140,-5.1649000000000003,3.2774999999999999
4141,-5.1524999999999999,3.2774999999999999
4142,-5.1586999999999996,3.2774999999999999
4143,-5.1586999999999996,3.2774999999999999
4144,-5.1649000000000003,3.2774999999999999
4145,-5.1649000000000003,3.2774999999999999
4146,-5.1586999999999996,3.2774999999999999
4147,-5.1586999999999996,3.2774999999999999
4148,-5.1586999999999996,3.2774999999999999
4149,-5.1649000000000003,3.2774999999999999
4150,0.9486,3.3054000000000001
4151,0.97960000000000003,3.3071999999999999
4152,0.62619999999999998,3.3054000000000001
4153,0.72540000000000004,3.3071999999999999
4154,0.60140000000000005,3.3071999999999999
4155,0.32240000000000002,3.3071999999999999
4156,0.39679999999999999,3.3071999999999999
4157,0.27900000000000003,3.3071999999999999
4158,-3.5838000000000001,3.2905000000000002
4159,-3.6520000000000001,3.2886000000000002
4160,-3.6520000000000001,3.2905000000000002
4161,-3.6581999999999999,3.2886000000000002
4162,-3.6581999999999999,3.2886000000000002
4163,-3.6581999999999999,3.2886000000000002
4164,-3.6581999999999999,3.2886000000000002
4165,-3.6581999999999999,3.2886000000000002
4166,-3.6581999999999999,3.2886000000000002
4167,-3.6644000000000001,3.2886000000000002
4168,-3.6644000000000001,3.2886000000000002
4169,-3.6581999999999999,3.2886000000000002
4170,-3.6581999999999999,3.2886000000000002
4171,1.6493,3.3128000000000002
4172,1.4446000000000001,3.3128000000000002
4173,1.2834000000000001,3.3128000000000002
4174,0.87419999999999998,3.3128000000000002
4175,0.60140000000000005,3.3109999999999999
4176,0.36580000000000001,3.3109999999999999
4177,0.1116,3.3109999999999999
4178,-0.16739999999999999,3.3090999999999999
4179,-0.69440000000000002,3.3071999999999999
4180,-1.054,3.3054000000000001
4181,-1.2958000000000001,3.3054000000000001
4182,-1.4136,3.3035000000000001
4183,-0.62,3.3071999999999999
4184,-0.62,3.3071999999999999
4185,-0.62,3.3071999999999999
4186,-0.62,3.3071999999999999
4187,-0.62,3.3071999999999999
4188,-0.61380000000000001,3.3090999999999999
4189,-0.62,3.3090999999999999
4190,-0.62,3.3071999999999999
4191,-0.62,3.3090999999999999
4192,-0.62,3.3090999999999999
4193,-0.61380000000000001,3.3090999999999999
4194,-0.62,3.3090999999999999
4195,-0.62,3.3090999999999999
4196,-0.62619999999999998,3.3090999999999999
4197,-0.61380000000000001,3.3090999999999999
4198,-0.62,3.3090999999999999
4199,-0.62,3.3090999999999999
4200,-0.62,3.3090999999999999
4201,-0.62,3.3090999999999999
4202,-2.6970999999999998,3.3016999999999999
4203,-4.1417999999999999,3.2942
4204,-5.7786999999999997,3.2867999999999999
4205,-7.2172000000000001,3.2793000000000001
4206,-2.1453000000000002,3.3016999999999999
4207,-2.0585,3.3016999999999999
4208,-2.0522999999999998,3.3016999999999999
4209,-2.0522999999999998,3.3016999999999999
4210,-2.0522999999999998,3.3016999999999999
4211,-2.0585,3.3016999999999999
4212,-2.0647000000000002,3.3016999999999999
4213,-2.0585,3.3016999999999999
4214,-0.25419999999999998,3.3109999999999999
4215,-0.65100000000000002,3.3090999999999999
4216,-1.0167999999999999,3.3071999999999999
4217,-1.2958000000000001,3.3071999999999999
4218,-1.4136,3.3054000000000001
4219,-0.62,3.3090999999999999
4220,-0.61380000000000001,3.3090999999999999
4221,-0.61380000000000001,3.3090999999999999
4222,-0.61380000000000001,3.3109999999999999
4223,-0.62,3.3090999999999999
4224,-0.62,3.3109999999999999
4225,-0.61380000000000001,3.3109999999999999
4226,-0.61380000000000001,3.3109999999999999
4227,-0.62,3.3109999999999999
4228,-0.62,3.3109999999999999
4229,-0.62619999999999998,3.3109999999999999
4230,-0.62,3.3109999999999999
4231,-0.61380000000000001,3.3109999999999999
4232,-0.61380000000000001,3.3109999999999999
4233,-0.62,3.3109999999999999
4234,-0.61380000000000001,3.3109999999999999
4235,-0.62,3.3109999999999999
4236,-0.62,3.3109999999999999
4237,-0.62,3.3109999999999999
4238,-0.62,3.3109999999999999
4239,-0.61380000000000001,3.3109999999999999
4240,-2.1019000000000001,3.3054000000000001
4241,-2.7839,3.3016999999999999
4242,-3.6581999999999999,3.2978999999999998
4243,-4.4518000000000004,3.2924000000000002
4244,-5.1401000000000003,3.2886000000000002
4245,-6.0949,3.2848999999999999
4246,-7.0125999999999999,3.2812000000000001
4247,-7.7317999999999998,3.2774999999999999
4248,-8.9037000000000006,3.2719
4249,-9.8957999999999995,3.2663000000000002
4250,-10.5778,3.2625999999999999
4251,-11.892300000000001,3.2570000000000001
4252,-3.5899999999999999,3.2886000000000002
4253,-3.4660000000000002,3.2905000000000002
4254,-3.4722,3.2905000000000002
4255,-3.4784000000000002,3.2905000000000002
4256,-3.4784000000000002,3.2905000000000002
4257,-3.4784000000000002,3.2905000000000002
4258,-3.4784000000000002,3.2905000000000002
4259,-3.4784000000000002,3.2905000000000002
4260,-3.4784000000000002,3.2905000000000002
4261,-3.4784000000000002,3.2905000000000002
4262,-3.4784000000000002,3.2905000000000002
4263,-3.4722,3.2905000000000002
4264,-3.4784000000000002,3.2905000000000002
4265,-3.4784000000000002,3.2924000000000002
4266,-3.4784000000000002,3.2905000000000002
4267,-3.4784000000000002,3.2905000000000002
4268,-3.4845999999999999,3.2905000000000002
4269,-3.4784000000000002,3.2905000000000002
4270,-3.4845999999999999,3.2905000000000002
4271,-3.4722,3.2905000000000002
4272,-3.4784000000000002,3.2905000000000002
4273,-3.4784000000000002,3.2905000000000002
4274,-3.4784000000000002,3.2905000000000002
4275,-3.4845999999999999,3.2905000000000002
4276,1.3515999999999999,3.3128000000000002
4277,1.1779999999999999,3.3128000000000002
4278,0.89900000000000002,3.3128000000000002
4279,0.62619999999999998,3.3128000000000002
4280,0.38440000000000002,3.3109999999999999
4281,0.17979999999999999,3.3109999999999999
4282,-0.31,3.3090999999999999
4283,-0.76259999999999994,3.3071999999999999
4284,-1.0726,3.3054000000000001
4285,-1.3206,3.3054000000000001
4286,-1.4321999999999999,3.3054000000000001
4287,-0.63859999999999995,3.3071999999999999
4288,-0.63859999999999995,3.3090999999999999
4289,-0.63859999999999995,3.3071999999999999
4290,-0.63859999999999995,3.3090999999999999
4291,-0.63859999999999995,3.3090999999999999
4292,-0.63859999999999995,3.3090999999999999
4293,-0.63859999999999995,3.3090999999999999
4294,-0.63859999999999995,3.3090999999999999
4295,-0.63859999999999995,3.3090999999999999
4296,-0.62,3.3090999999999999
4297,-0.62,3.3090999999999999
4298,-0.62,3.3090999999999999
4299,-0.62,3.3090999999999999
4300,-0.62,3.3109999999999999
4301,-0.62,3.3109999999999999
4302,-0.62,3.3109999999999999
4303,-0.61380000000000001,3.3109999999999999
4304,-0.62,3.3109999999999999
4305,-0.61380000000000001,3.3109999999999999
4306,-0.62,3.3109999999999999
4307,-0.62619999999999998,3.3109999999999999
4308,-1.7484999999999999,3.3054000000000001
4309,-2.1080999999999999,3.3035000000000001
4310,-2.5669,3.3035000000000001
4311,-2.9823,3.2997999999999998
4312,-3.3854000000000002,3.2978999999999998
4313,-3.8132000000000001,3.2942
4314,-4.4269999999999996,3.2924000000000002
4315,-4.7432999999999996,3.2905000000000002
4316,-5.1772999999999998,3.2886000000000002
4317,-5.7042999999999999,3.2848999999999999
4318,-6.4236000000000004,3.2812000000000001
4319,-7.5457999999999998,3.2774999999999999
4320,-6.4917999999999996,3.2812000000000001
4321,-7.7751999999999999,3.2738
4322,-8.2960999999999991,3.2719
4323,-9.2074999999999996,3.2682000000000002
4324,-9.4494000000000007,3.2663000000000002
4325,-9.9391999999999996,3.2625999999999999
4326,-10.453799999999999,3.2606999999999999
4327,-11.414899999999999,3.2551999999999999
4328,-11.5823,3.2551999999999999
4329,-12.0969,3.2513999999999998
4330,-12.654999999999999,3.2477
4331,-13.771000000000001,3.2421000000000002
4332,-13.857799999999999,3.2403
4333,-14.453099999999999,3.2383999999999999
4334,-5.2145000000000001,3.2755999999999998
4335,-5.1401000000000003,3.2755999999999998
4336,-5.1338999999999997,3.2774999999999999
4337,-5.1463000000000001,3.2774999999999999
4338,-5.1401000000000003,3.2774999999999999
4339,-5.1463000000000001,3.2774999999999999
4340,-5.1401000000000003,3.2774999999999999
4341,-5.1338999999999997,3.2774999999999999
4342,-5.1401000000000003,3.2774999999999999
4343,-5.1401000000000003,3.2774999999999999
4344,-5.1463000000000001,3.2774999999999999
4345,-5.1401000000000003,3.2774999999999999
4346,0.92379999999999995,3.3054000000000001
4347,0.96099999999999997,3.3054000000000001
4348,0.60140000000000005,3.3054000000000001
4349,0.72540000000000004,3.3071999999999999
4350,0.60140000000000005,3.3071999999999999
4351,0.32240000000000002,3.3071999999999999
4352,0.39679999999999999,3.3071999999999999
4353,0.28520000000000001,3.3071999999999999
4354,-3.5838000000000001,3.2905000000000002
4355,-3.6581999999999999,3.2886000000000002
4356,-3.6581999999999999,3.2886000000000002
4357,-3.6581999999999999,3.2886000000000002
4358,-3.6520000000000001,3.2886000000000002
4359,-3.6581999999999999,3.2886000000000002
4360,-3.6520000000000001,3.2886000000000002
4361,-3.6581999999999999,3.2886000000000002
4362,-3.6581999999999999,3.2886000000000002
4363,-3.6581999999999999,3.2886000000000002
4364,-3.6581999999999999,3.2886000000000002
4365,-3.6520000000000001,3.2886000000000002
4366,-3.6520000000000001,3.2886000000000002
4367,1.6431,3.3128000000000002
4368,1.4446000000000001,3.3128000000000002
4369,1.2834000000000001,3.3128000000000002
4370,0.88039999999999996,3.3109999999999999
4371,0.60140000000000005,3.3109999999999999
4372,0.35959999999999998,3.3109999999999999
4373,0.1116,3.3090999999999999
4374,-0.092999999999999999,3.3071999999999999
4375,-0.69440000000000002,3.3071999999999999
4376,-1.054,3.3054000000000001
4377,-1.2958000000000001,3.3035000000000001
4378,-1.4136,3.3035000000000001
4379,-0.62,3.3071999999999999
4380,-0.61380000000000001,3.3071999999999999
4381,-0.61380000000000001,3.3071999999999999
4382,-0.62,3.3071999999999999
4383,-0.62,3.3071999999999999
4384,-0.61380000000000001,3.3071999999999999
4385,-0.61380000000000001,3.3071999999999999
4386,-0.62,3.3090999999999999
4387,-0.61380000000000001,3.3090999999999999
4388,-0.62,3.3090999999999999
4389,-0.62,3.3090999999999999
4390,-0.62,3.3090999999999999
4391,-0.61380000000000001,3.3090999999999999
4392,-0.61380000000000001,3.3090999999999999
4393,-0.62,3.3090999999999999
4394,-0.62,3.3090999999999999
4395,-0.62,3.3090999999999999
4396,-0.62,3.3090999999999999
4397,-0.62,3.3090999999999999
4398,-0.62,3.3109999999999999
4399,-0.62,3.3109999999999999
4400,-0.62,3.3090999999999999
4401,-0.62,3.3109999999999999
4402,-0.62,3.3090999999999999
4403,-0.62,3.3109999999999999
4404,-0.61380000000000001,3.3109999999999999
4405,-0.62,3.3109999999999999
4406,-0.62,3.3109999999999999
4407,-2.2631000000000001,3.3035000000000001
4408,-3.2242000000000002,3.2997999999999998
4409,-4.2224000000000004,3.2924000000000002
4410,-5.2206999999999999,3.2886000000000002
4411,-6.2065000000000001,3.2831000000000001
4412,-2.1019000000000001,3.3016999999999999
4413,-2.0522999999999998,3.3016999999999999
4414,-5.6174999999999997,3.2867999999999999
4415,-6.3368000000000002,3.2812000000000001
4416,-7.2233999999999998,3.2774999999999999
4417,-7.7008000000000001,3.2755999999999998
4418,-8.3766999999999996,3.2719
4419,-9.0587,3.2682000000000002
4420,-10.094200000000001,3.2645
4421,-10.5344,3.2606999999999999
4422,-11.1731,3.2570000000000001
4423,-3.7884000000000002,3.2867999999999999
4424,-3.7016,3.2886000000000002
4425,-10.509600000000001,3.2606999999999999
4426,-11.098699999999999,3.2570000000000001
4427,-11.2165,3.2551999999999999
4428,-12.1775,3.2513999999999998
4429,-12.7294,3.2458999999999998
4430,-13.2936,3.2440000000000002
4431,-13.3432,3.2421000000000002
4432,-14.453099999999999,3.2366000000000001
4433,-5.2641,3.2738
4434,-5.1463000000000001,3.2755999999999998
4435,-12.654999999999999,3.2440000000000002
4436,-13.814399999999999,3.2383999999999999
4437,-13.6966,3.2383999999999999
4438,-14.781700000000001,3.2328000000000001
4439,-14.6577,3.2328000000000001
4440,-15.141299999999999,3.2309999999999999
4441,-16.294599999999999,3.2254
4442,-16.133400000000002,3.2254
4443,-16.648,3.2235
4444,-17.900500000000001,3.218
4445,-17.7393,3.218
4446,-19.053799999999999,3.2124000000000001
4447,-18.898800000000001,3.2105000000000001
4448,-8.4200999999999997,3.2532999999999999
4449,-8.3332999999999995,3.2532999999999999
4450,-8.3394999999999992,3.2532999999999999
4451,-8.3332999999999995,3.2551999999999999
4452,-8.3394999999999992,3.2551999999999999
4453,-8.3394999999999992,3.2551999999999999
4454,-8.3394999999999992,3.2551999999999999
4455,-8.3457000000000008,3.2551999999999999
4456,-8.3394999999999992,3.2551999999999999
4457,-8.3394999999999992,3.2551999999999999
4458,-8.3332999999999995,3.2551999999999999
4459,-8.3394999999999992,3.2551999999999999
4460,-8.3394999999999992,3.2551999999999999
4461,-8.3332999999999995,3.2551999999999999
4462,-8.3457000000000008,3.2551999999999999
4463,-8.3457000000000008,3.2551999999999999
4464,-8.3581000000000003,3.2551999999999999
4465,-8.3519000000000005,3.2551999999999999
4466,-8.3457000000000008,3.2551999999999999
4467,-8.3519000000000005,3.2551999999999999
4468,-8.3519000000000005,3.2551999999999999
4469,-8.3519000000000005,3.2551999999999999
4470,-8.3581000000000003,3.2551999999999999
4471,-8.3581000000000003,3.2551999999999999
4472,-8.3581000000000003,3.2551999999999999
4473,-8.3457000000000008,3.2551999999999999
4474,-8.3519000000000005,3.2551999999999999
4475,-8.3581000000000003,3.2551999999999999
4476,-8.3581000000000003,3.2551999999999999
4477,-8.3581000000000003,3.2551999999999999
4478,-8.3519000000000005,3.2570000000000001
4479,-8.3270999999999997,3.2570000000000001
4480,-8.3332999999999995,3.2551999999999999
4481,-8.3270999999999997,3.2551999999999999
4482,-8.3394999999999992,3.2570000000000001
4483,-8.3332999999999995,3.2570000000000001
4484,-8.3394999999999992,3.2570000000000001
4485,-8.3332999999999995,3.2570000000000001
4486,-8.3270999999999997,3.2570000000000001
4487,-8.3332999999999995,3.2551999999999999
4488,-8.3394999999999992,3.2570000000000001
4489,-8.3332999999999995,3.2570000000000001
4490,-8.3270999999999997,3.2551999999999999
4491,-8.3394999999999992,3.2570000000000001
4492,-8.3332999999999995,3.2551999999999999
4493,-8.3332999999999995,3.2570000000000001
4494,-8.3332999999999995,3.2570000000000001
4495,-8.3270999999999997,3.2570000000000001
4496,-8.3332999999999995,3.2570000000000001
4497,-8.3332999999999995,3.2551999999999999
4498,3.8504,3.3071999999999999
4499,3.8441999999999998,3.3109999999999999
4500,3.6892,3.3109999999999999
4501,3.528,3.3109999999999999
4502,3.3296000000000001,3.3128000000000002
4503,3.1684000000000001,3.3128000000000002
4504,2.9699,3.3128000000000002
4505,2.7652999999999999,3.3128000000000002
4506,-4.9726999999999997,3.2793000000000001
4507,-5.1401000000000003,3.2774999999999999
4508,-5.1401000000000003,3.2774999999999999
4509,-5.1401000000000003,3.2774999999999999
4510,-5.1463000000000001,3.2774999999999999
4511,-5.1338999999999997,3.2774999999999999
4512,-5.1401000000000003,3.2774999999999999
4513,-5.1401000000000003,3.2755999999999998
4514,-5.1463000000000001,3.2755999999999998
4515,-5.1463000000000001,3.2755999999999998
4516,-5.1524999999999999,3.2774999999999999
4517,-5.1463000000000001,3.2755999999999998
4518,-5.1401000000000003,3.2755999999999998
4519,-5.1463000000000001,3.2755999999999998
4520,-5.1463000000000001,3.2755999999999998
4521,-5.1463000000000001,3.2755999999999998
4522,-5.1463000000000001,3.2755999999999998
4523,-5.1463000000000001,3.2755999999999998
4524,-5.1524999999999999,3.2755999999999998
4525,-5.1463000000000001,3.2755999999999998
4526,-5.1649000000000003,3.2755999999999998
4527,-5.1586999999999996,3.2755999999999998
4528,-5.1586999999999996,3.2755999999999998
4529,-5.1649000000000003,3.2755999999999998
4530,-5.1586999999999996,3.2755999999999998
4531,-5.1586999999999996,3.2755999999999998
4532,-5.1586999999999996,3.2755999999999998
4533,-5.1649000000000003,3.2755999999999998
4534,-5.1586999999999996,3.2755999999999998
4535,-5.1401000000000003,3.2755999999999998
4536,-5.1463000000000001,3.2755999999999998
4537,-5.1401000000000003,3.2755999999999998
4538,-5.1463000000000001,3.2755999999999998
4539,-5.1463000000000001,3.2755999999999998
4540,-5.1401000000000003,3.2774999999999999
4541,-5.1401000000000003,3.2774999999999999
4542,-5.1463000000000001,3.2755999999999998
4543,-5.1401000000000003,3.2774999999999999
4544,-5.1401000000000003,3.2755999999999998
4545,-5.1401000000000003,3.2755999999999998
4546,-5.1463000000000001,3.2755999999999998
4547,-5.1463000000000001,3.2755999999999998
4548,-5.1463000000000001,3.2755999999999998
4549,-5.1524999999999999,3.2774999999999999
4550,-5.1463000000000001,3.2774999999999999
4551,-5.1463000000000001,3.2755999999999998
4552,-5.1463000000000001,3.2774999999999999
4553,-5.1463000000000001,3.2755999999999998
4554,-5.1463000000000001,3.2774999999999999
4555,-5.1463000000000001,3.2755999999999998
4556,-5.1463000000000001,3.2774999999999999
4557,-5.1463000000000001,3.2755999999999998
4558,-5.1524999999999999,3.2755999999999998
4559,-5.1524999999999999,3.2755999999999998
4560,-5.1586999999999996,3.2755999999999998
4561,-5.1586999999999996,3.2774999999999999
4562,-5.1586999999999996,3.2774999999999999
4563,-5.1586999999999996,3.2755999999999998
4564,-5.1586999999999996,3.2755999999999998
4565,-5.1586999999999996,3.2755999999999998
4566,-5.1586999999999996,3.2755999999999998
4567,-5.1649000000000003,3.2755999999999998
4568,-5.1586999999999996,3.2755999999999998
4569,-5.1586999999999996,3.2755999999999998
4570,-5.1586999999999996,3.2774999999999999
4571,-5.1586999999999996,3.2774999999999999
4572,-5.1649000000000003,3.2755999999999998
4573,-5.1649000000000003,3.2755999999999998
4574,-5.1586999999999996,3.2755999999999998
4575,-12.710800000000001,3.2440000000000002
4576,-13.8764,3.2383999999999999
4577,-13.7462,3.2383999999999999
4578,-14.831300000000001,3.2328000000000001
4579,-14.7135,3.2328000000000001
4580,-15.1723,3.2309999999999999
4581,-16.331800000000001,3.2254
4582,-16.183,3.2235
4583,-16.691400000000002,3.2216999999999998
4584,-17.943899999999999,3.2161
4585,-17.757899999999999,3.2161
4586,-19.091000000000001,3.2105000000000001
4587,-18.9422,3.2105000000000001
4588,-8.4573,3.2513999999999998
4589,-8.3270999999999997,3.2532999999999999
4590,-8.3332999999999995,3.2532999999999999
4591,-8.3394999999999992,3.2532999999999999
4592,-8.3332999999999995,3.2551999999999999
4593,-8.3332999999999995,3.2551999999999999
4594,-8.3270999999999997,3.2551999999999999
4595,-8.3394999999999992,3.2551999999999999
4596,-8.3332999999999995,3.2551999999999999
4597,-8.3332999999999995,3.2551999999999999
4598,-8.3270999999999997,3.2551999999999999
4599,-8.3332999999999995,3.2551999999999999
4600,-8.3394999999999992,3.2551999999999999
4601,-8.3394999999999992,3.2551999999999999
4602,-8.3270999999999997,3.2551999999999999
4603,-8.3332999999999995,3.2551999999999999
4604,-8.3332999999999995,3.2551999999999999
4605,-8.3332999999999995,3.2551999999999999
4606,-8.3394999999999992,3.2551999999999999
4607,-8.3270999999999997,3.2551999999999999
4608,-8.3332999999999995,3.2551999999999999
4609,-8.3332999999999995,3.2551999999999999
4610,-8.3332999999999995,3.2551999999999999
4611,-8.3332999999999995,3.2551999999999999
4612,-8.3270999999999997,3.2551999999999999
4613,-8.3394999999999992,3.2551999999999999
4614,-8.3332999999999995,3.2551999999999999
4615,-8.3332999999999995,3.2551999999999999
4616,-8.3270999999999997,3.2551999999999999
4617,-8.3332999999999995,3.2551999999999999
4618,-8.3332999999999995,3.2551999999999999
4619,-8.3394999999999992,3.2551999999999999
4620,-8.3890999999999991,3.2551999999999999
4621,-8.3766999999999996,3.2551999999999999
4622,-8.3766999999999996,3.2551999999999999
4623,-8.3766999999999996,3.2551999999999999
4624,-8.3766999999999996,3.2551999999999999
4625,-8.3766999999999996,3.2551999999999999
4626,-8.3766999999999996,3.2551999999999999
4627,-8.3766999999999996,3.2551999999999999
4628,-8.3766999999999996,3.2551999999999999
4629,-8.3766999999999996,3.2551999999999999
4630,-8.3890999999999991,3.2551999999999999
4631,-8.3704999999999998,3.2551999999999999
4632,-8.3953000000000007,3.2551999999999999
4633,-8.3704999999999998,3.2551999999999999
4634,-8.4015000000000004,3.2551999999999999
4635,-8.4015000000000004,3.2551999999999999
4636,-8.3953000000000007,3.2551999999999999
4637,-8.3890999999999991,3.2551999999999999
4638,-14.7135,3.2290999999999999
4639,-14.310499999999999,3.2290999999999999
4640,-15.2715,3.2254
4641,-14.7941,3.2254
4642,-15.792400000000001,3.2216999999999998
4643,-15.2963,3.2235
4644,-16.331800000000001,3.218
4645,-16.623200000000001,3.218
4646,-16.102399999999999,3.218
4647,-17.1812,3.2141999999999999
4648,-16.6418,3.2161
4649,-17.770299999999999,3.2105000000000001
4650,-17.212299999999999,3.2124000000000001
4651,-18.3779,3.2067999999999999
4652,-18.7437,3.2031000000000001
4653,-18.0989,3.2086999999999999
4654,-19.326599999999999,3.2012
4655,-18.75,3.2031000000000001
4656,-19.989999999999998,3.1974999999999998
4657,-19.382400000000001,3.1993999999999998
4658,-20.653500000000001,3.1938
4659,-21.019300000000001,3.1919
4660,-20.380700000000001,3.1938
4661,-21.726099999999999,3.1882000000000001
4662,-21.0565,3.1901000000000002
4663,-22.457799999999999,3.1844999999999999
4664,-21.775700000000001,3.1863000000000001
4665,-23.1708,3.1808000000000001
4666,-23.6173,3.1789000000000001
4667,-22.8856,3.1825999999999999
4668,-24.373699999999999,3.1751999999999998
4669,-23.642099999999999,3.177
4670,-25.1798,3.1715
4671,-24.417100000000001,3.1732999999999998
4672,-26.0168,3.1677
4673,-16.381399999999999,3.2031000000000001
4674,-16.2822,3.2031000000000001
4675,-16.294599999999999,3.2031000000000001
4676,-16.294599999999999,3.2031000000000001
4677,-16.306999999999999,3.2067999999999999
4678,-16.306999999999999,3.2031000000000001
4679,-16.294599999999999,3.2067999999999999
4680,-16.306999999999999,3.2067999999999999
4681,-16.319400000000002,3.2067999999999999
4682,-16.313199999999998,3.2067999999999999
4683,-16.294599999999999,3.2067999999999999
4684,-16.319400000000002,3.2067999999999999
4685,-16.325600000000001,3.2067999999999999
4686,-16.319400000000002,3.2067999999999999
4687,-16.319400000000002,3.2067999999999999
4688,-16.313199999999998,3.2067999999999999
4689,-16.319400000000002,3.2067999999999999
4690,-16.319400000000002,3.2067999999999999
4691,-16.319400000000002,3.2067999999999999
4692,-16.319400000000002,3.2067999999999999
4693,-16.313199999999998,3.2067999999999999
4694,-16.319400000000002,3.2067999999999999
4695,-16.313199999999998,3.2067999999999999
4696,-16.306999999999999,3.2067999999999999
4697,-16.319400000000002,3.2067999999999999
4698,-16.319400000000002,3.2067999999999999
4699,-16.344200000000001,3.2067999999999999
4700,-16.344200000000001,3.2067999999999999
4701,-16.325600000000001,3.2067999999999999
4702,-16.331800000000001,3.2067999999999999
4703,-27.697099999999999,3.1640000000000001
4704,-28.335799999999999,3.1602999999999999
4705,-28.844200000000001,3.1566000000000001
4706,-29.402200000000001,3.1528999999999998
4707,-29.9603,3.1509999999999998
4708,-30.536899999999999,3.1473
4709,-31.132100000000001,3.1454
4710,-31.696400000000001,3.1417000000000002
4711,-32.297800000000002,3.1398000000000001
4712,-32.942700000000002,3.1360999999999999
4713,-33.531700000000001,3.1343000000000001
4714,-34.207500000000003,3.1305000000000001
4715,-34.846200000000003,3.1267999999999998
4716,-35.528199999999998,3.125
4717,-36.228900000000003,3.1212
4718,-36.917099999999998,3.1194000000000002
4719,-37.642600000000002,3.1156000000000001
4720,-38.399000000000001,3.1101000000000001
4721,-39.167900000000003,3.1082000000000001
4722,-39.930500000000002,3.1044999999999998
4723,-24.7333,3.1566000000000001
4724,-24.6403,3.1566000000000001
4725,-24.652699999999999,3.1602999999999999
4726,-24.658899999999999,3.1602999999999999
4727,-24.652699999999999,3.1602999999999999
4728,-24.652699999999999,3.1602999999999999
4729,-24.6403,3.1602999999999999
4730,-24.689900000000002,3.1602999999999999
4731,-24.683700000000002,3.1602999999999999
4732,-24.696100000000001,3.1621999999999999
4733,2.7652999999999999,3.2663000000000002
4734,3.1993999999999998,3.2719
4735,3.528,3.2755999999999998
4736,3.7698,3.2793000000000001
4737,4.0053999999999998,3.2831000000000001
4738,4.2534000000000001,3.2848999999999999
4739,4.4332000000000003,3.2886000000000002
4740,4.6067999999999998,3.2905000000000002
4741,4.7680999999999996,3.2942
4742,4.8487,3.2978999999999998
4743,4.8859000000000004,3.2997999999999998
4744,4.8859000000000004,3.2997999999999998
4745,4.8487,3.3016999999999999
4746,4.8052999999999999,3.3035000000000001
4747,4.7309000000000001,3.3035000000000001
4748,4.6440000000000001,3.3035000000000001
4749,9.9268000000000001,3.3258000000000001
4750,9.9329999999999998,3.3277000000000001
4751,8.9718999999999998,3.3258000000000001
4752,8.7735000000000003,3.3258000000000001
4753,7.9055,3.3239999999999998
4754,7.6139999999999999,3.3239999999999998
4755,6.7397999999999998,3.3220999999999998
4756,6.4173999999999998,3.3203
4757,8.1721000000000004,3.3296000000000001
4758,7.0683999999999996,3.3258000000000001
4759,5.8593000000000002,3.3220999999999998
4760,4.7061000000000002,3.3184
4761,3.7078000000000002,3.3147000000000002
4762,2.7404999999999999,3.3109999999999999
4763,1.7857000000000001,3.3071999999999999
4764,0.38440000000000002,3.3016999999999999
4765,-0.71299999999999997,3.2978999999999998
4766,-1.4012,3.2924000000000002
4767,-0.63239999999999996,3.2978999999999998
4768,-0.63239999999999996,3.2978999999999998
4769,-0.63859999999999995,3.2978999999999998
4770,-0.63859999999999995,3.2978999999999998
4771,-0.63859999999999995,3.2978999999999998
4772,-0.63859999999999995,3.2978999999999998
4773,-0.63859999999999995,3.2978999999999998
4774,-0.63859999999999995,3.2978999999999998
4775,-0.63859999999999995,3.2978999999999998
4776,-0.63859999999999995,3.2978999999999998
4777,-0.63859999999999995,3.2978999999999998
4778,-0.61380000000000001,3.2997999999999998
4779,-0.62,3.2997999999999998
4780,-0.61380000000000001,3.2997999999999998
4781,-0.62,3.2997999999999998
4782,-0.62,3.2997999999999998
4783,-0.61380000000000001,3.2997999999999998
4784,-0.62,3.2997999999999998
4785,-0.62,3.2997999999999998
4786,-0.055800000000000002,3.3035000000000001
4787,-0.61380000000000001,3.3016999999999999
4788,-0.61380000000000001,3.3016999999999999
4789,-0.62,3.3016999999999999
4790,-0.62,3.3016999999999999
4791,-0.62,3.3016999999999999
4792,-0.62,3.3016999999999999
4793,-0.61380000000000001,3.3016999999999999
4794,-0.61380000000000001,3.3016999999999999
4795,-0.62,3.3016999999999999
4796,-0.62,3.3016999999999999
4797,-0.62,3.3035000000000001
4798,-0.62,3.3016999999999999
4799,-2.6970999999999998,3.2924000000000002
4800,-4.1417999999999999,3.2867999999999999
4801,-5.7415000000000003,3.2793000000000001
4802,-7.1862000000000004,3.2738
4803,-2.1080999999999999,3.2924000000000002
4804,-2.0213000000000001,3.2942
4805,-2.0213000000000001,3.2942
4806,-2.0213000000000001,3.2942
4807,-2.0274999999999999,3.2942
4808,-2.0213000000000001,3.2942
4809,-2.0213000000000001,3.2942
4810,-2.0398999999999998,3.2942
4811,-0.27279999999999999,3.3035000000000001
4812,-0.67579999999999996,3.3016999999999999
4813,-1.0354000000000001,3.3016999999999999
4814,-1.3206,3.2997999999999998
4815,-1.4321999999999999,3.2997999999999998
4816,-0.63859999999999995,3.3016999999999999
4817,-0.63859999999999995,3.3035000000000001
4818,-0.63239999999999996,3.3035000000000001
4819,-0.63859999999999995,3.3035000000000001
4820,-0.63859999999999995,3.3035000000000001
4821,-0.63859999999999995,3.3035000000000001
4822,-0.63859999999999995,3.3035000000000001
4823,-0.63859999999999995,3.3035000000000001
4824,-0.63859999999999995,3.3035000000000001
4825,-0.63859999999999995,3.3035000000000001
4826,-0.63859999999999995,3.3035000000000001
4827,-0.63859999999999995,3.3054000000000001
4828,-0.62,3.3054000000000001
4829,-0.62,3.3054000000000001
4830,-0.61380000000000001,3.3054000000000001
4831,-0.62,3.3054000000000001
4832,-0.61380000000000001,3.3054000000000001
4833,-0.61380000000000001,3.3054000000000001
4834,-0.61380000000000001,3.3054000000000001
4835,-0.61380000000000001,3.3054000000000001
4836,-0.61380000000000001,3.3054000000000001
4837,-2.0522999999999998,3.2997999999999998
4838,-2.7839,3.2942
4839,-3.6147999999999998,3.2905000000000002
4840,-4.4580000000000002,3.2867999999999999
4841,-5.1401000000000003,3.2848999999999999
4842,-6.0576999999999996,3.2812000000000001
4843,-6.9753999999999996,3.2755999999999998
4844,-7.6946000000000003,3.2738
4845,-8.8541000000000007,3.2682000000000002
4846,-9.8585999999999991,3.2625999999999999
4847,-10.5406,3.2589000000000001
4848,-11.8613,3.2532999999999999
4849,-3.528,3.2848999999999999
4850,-3.4226000000000001,3.2867999999999999
4851,-3.4163999999999999,3.2867999999999999
4852,-3.4226000000000001,3.2867999999999999
4853,-3.4226000000000001,3.2867999999999999
4854,-3.4226000000000001,3.2867999999999999
4855,-3.4163999999999999,3.2867999999999999
4856,-3.4474,3.2867999999999999
4857,-3.4411999999999998,3.2886000000000002
4858,-3.4474,3.2867999999999999
4859,-3.4411999999999998,3.2886000000000002
4860,-3.4411999999999998,3.2886000000000002
4861,-3.4411999999999998,3.2886000000000002
4862,-3.4226000000000001,3.2867999999999999
4863,-3.4163999999999999,3.2886000000000002
4864,-3.4163999999999999,3.2886000000000002
4865,-3.4226000000000001,3.2886000000000002
4866,-3.4163999999999999,3.2886000000000002
4867,-3.4163999999999999,3.2886000000000002
4868,-3.4163999999999999,3.2886000000000002
4869,-3.4163999999999999,3.2886000000000002
4870,-3.4163999999999999,3.2886000000000002
4871,-3.4102000000000001,3.2886000000000002
4872,-3.4226000000000001,3.2886000000000002
4873,1.3206,3.3090999999999999
4874,1.1160000000000001,3.3090999999999999
4875,0.87419999999999998,3.3090999999999999
4876,0.60140000000000005,3.3090999999999999
4877,0.35959999999999998,3.3090999999999999
4878,0.155,3.3071999999999999
4879,-0.049599999999999998,3.3054000000000001
4880,-0.73780000000000001,3.3054000000000001
4881,-1.054,3.3035000000000001
4882,-1.302,3.3016999999999999
4883,-1.4198,3.3016999999999999
4884,-0.62,3.3054000000000001
4885,-0.62,3.3054000000000001
4886,-0.62,3.3054000000000001
4887,-0.62,3.3054000000000001
4888,-0.62,3.3054000000000001
4889,-0.62619999999999998,3.3054000000000001
4890,-0.62619999999999998,3.3054000000000001
4891,-0.62619999999999998,3.3054000000000001
4892,-0.62,3.3071999999999999
4893,-0.62,3.3071999999999999
4894,-0.63239999999999996,3.3054000000000001
4895,-0.63859999999999995,3.3071999999999999
4896,-0.63239999999999996,3.3054000000000001
4897,-0.63239999999999996,3.3071999999999999
4898,-0.62,3.3071999999999999
4899,-0.63859999999999995,3.3071999999999999
4900,-0.63239999999999996,3.3071999999999999
4901,-0.62,3.3071999999999999
4902,-0.62,3.3071999999999999
4903,-0.61380000000000001,3.3071999999999999
4904,-0.61380000000000001,3.3071999999999999
4905,-1.7484999999999999,3.3035000000000001
4906,-2.1080999999999999,3.3016999999999999
4907,-2.5731000000000002,3.2997999999999998
4908,-2.9264999999999999,3.2978999999999998
4909,-3.3792,3.2924000000000002
4910,-3.8132000000000001,3.2924000000000002
4911,-4.3836000000000004,3.2886000000000002
4912,-4.6936999999999998,3.2867999999999999
4913,-5.1401000000000003,3.2848999999999999
4914,-5.6670999999999996,3.2831000000000001
4915,-6.3677999999999999,3.2793000000000001
4916,-7.5023999999999997,3.2738
4917,-6.4546000000000001,3.2774999999999999
4918,-7.7317999999999998,3.2719
4919,-8.2527000000000008,3.27
4920,-9.1765000000000008,3.2663000000000002
4921,-9.4245999999999999,3.2645
4922,-9.8957999999999995,3.2606999999999999
4923,-10.422800000000001,3.2589000000000001
4924,-11.383900000000001,3.2532999999999999
4925,-11.5017,3.2532999999999999
4926,-12.065899999999999,3.2477
4927,-12.611599999999999,3.2458999999999998
4928,-13.6966,3.2403
4929,-13.764799999999999,3.2383999999999999
4930,-14.409700000000001,3.2366000000000001
4931,-5.2145000000000001,3.2738
4932,-5.1029,3.2738
4933,-5.0967000000000002,3.2755999999999998
4934,-5.0967000000000002,3.2755999999999998
4935,-5.1029,3.2755999999999998
4936,-5.0967000000000002,3.2755999999999998
4937,-5.0904999999999996,3.2755999999999998
4938,-5.0967000000000002,3.2755999999999998
4939,-5.0904999999999996,3.2755999999999998
4940,-5.0967000000000002,3.2774999999999999
4941,-5.0904999999999996,3.2774999999999999
4942,-5.0967000000000002,3.2774999999999999
4943,0.92379999999999995,3.3035000000000001
4944,0.92379999999999995,3.3054000000000001
4945,0.60140000000000005,3.3054000000000001
4946,0.73160000000000003,3.3054000000000001
4947,0.60140000000000005,3.3054000000000001
4948,0.32240000000000002,3.3054000000000001
4949,0.40920000000000001,3.3054000000000001
4950,0.28520000000000001,3.3054000000000001
4951,-3.5899999999999999,3.2886000000000002
4952,-3.6581999999999999,3.2886000000000002
4953,-3.6520000000000001,3.2886000000000002
4954,-3.6581999999999999,3.2886000000000002
4955,-3.6520000000000001,3.2867999999999999
4956,-3.6581999999999999,3.2867999999999999
4957,-3.6581999999999999,3.2867999999999999
4958,-3.6581999999999999,3.2867999999999999
4959,-3.6581999999999999,3.2867999999999999
4960,-3.6581999999999999,3.2867999999999999
4961,-3.6520000000000001,3.2867999999999999
4962,-3.6644000000000001,3.2867999999999999
4963,-3.6581999999999999,3.2867999999999999
4964,1.6431,3.3109999999999999
4965,1.4446000000000001,3.3109999999999999
4966,1.2896000000000001,3.3128000000000002
4967,0.88039999999999996,3.3109999999999999
4968,0.60760000000000003,3.3090999999999999
4969,0.36580000000000001,3.3090999999999999
4970,0.1116,3.3090999999999999
4971,-0.062,3.3071999999999999
4972,-0.7006,3.3054000000000001
4973,-1.0602,3.3035000000000001
4974,-1.2958000000000001,3.3035000000000001
4975,-1.4198,3.3016999999999999
4976,-0.61380000000000001,3.3054000000000001
4977,-0.62,3.3054000000000001
4978,-0.61380000000000001,3.3054000000000001
4979,-0.62,3.3054000000000001
4980,-0.61380000000000001,3.3054000000000001
4981,-0.62,3.3071999999999999
4982,-0.62,3.3071999999999999
4983,-0.62,3.3054000000000001
4984,-0.61380000000000001,3.3071999999999999
4985,-0.61380000000000001,3.3071999999999999
4986,-0.61380000000000001,3.3071999999999999
4987,-0.61380000000000001,3.3071999999999999
4988,-0.61380000000000001,3.3071999999999999
4989,-0.62,3.3071999999999999
4990,-0.61380000000000001,3.3071999999999999
4991,-0.61380000000000001,3.3071999999999999
4992,-0.62,3.3071999999999999
4993,-0.62,3.3090999999999999
4994,-0.61380000000000001,3.3071999999999999
4995,-2.6970999999999998,3.2997999999999998
4996,-4.1417999999999999,3.2905000000000002
4997,-5.7849000000000004,3.2848999999999999
4998,-7.1738,3.2774999999999999
4999,-2.1453000000000002,3.2997999999999998
5000,-2.0213000000000001,3.2997999999999998
5001,-2.0213000000000001,3.2997999999999998
5002,-2.0213000000000001,3.2997999999999998
5003,-2.0213000000000001,3.2997999999999998
5004,-2.0089000000000001,3.2997999999999998
5005,-2.0213000000000001,3.2997999999999998
5006,-2.0213000000000001,3.2997999999999998
5007,-0.25419999999999998,3.3071999999999999
5008,-0.65100000000000002,3.3071999999999999
5009,-1.0167999999999999,3.3054000000000001
5010,-1.2958000000000001,3.3035000000000001
5011,-1.4136,3.3035000000000001
5012,-0.61380000000000001,3.3071999999999999
5013,-0.62,3.3071999999999999
5014,-0.62,3.3071999999999999
5015,-0.62,3.3071999999999999
5016,-0.62,3.3071999999999999
5017,-0.62619999999999998,3.3071999999999999
5018,-0.62619999999999998,3.3090999999999999
5019,-0.62,3.3071999999999999
5020,-0.62,3.3071999999999999
5021,-0.62619999999999998,3.3090999999999999
5022,-0.62619999999999998,3.3090999999999999
5023,-0.62,3.3090999999999999
5024,-0.62,3.3090999999999999
5025,-0.62,3.3090999999999999
5026,-0.61380000000000001,3.3090999999999999
5027,-0.62,3.3090999999999999
5028,-0.61380000000000001,3.3090999999999999
5029,-0.62,3.3090999999999999
5030,-0.61380000000000001,3.3090999999999999
5031,-0.62,3.3090999999999999
5032,-0.62619999999999998,3.3090999999999999
5033,-2.0585,3.3035000000000001
5034,-2.7776999999999998,3.2997999999999998
5035,-3.6272000000000002,3.2942
5036,-4.4580000000000002,3.2905000000000002
5037,-5.1401000000000003,3.2886000000000002
5038,-6.0887000000000002,3.2831000000000001
5039,-6.9753999999999996,3.2793000000000001
5040,-7.7069999999999999,3.2755999999999998
5041,-8.9099000000000004,3.27
5042,-9.9144000000000005,3.2645
5043,-10.5406,3.2606999999999999
5044,-11.8551,3.2551999999999999
5045,-3.5341999999999998,3.2867999999999999
5046,-3.4163999999999999,3.2886000000000002
5047,-3.4226000000000001,3.2886000000000002
5048,-3.4163999999999999,3.2905000000000002
5049,-3.4163999999999999,3.2886000000000002
5050,-3.4226000000000001,3.2905000000000002
5051,-3.4226000000000001,3.2905000000000002
5052,-3.4163999999999999,3.2905000000000002
5053,-3.4226000000000001,3.2905000000000002
5054,-3.4163999999999999,3.2905000000000002
5055,-3.4163999999999999,3.2905000000000002
5056,-3.4163999999999999,3.2905000000000002
5057,-3.4226000000000001,3.2905000000000002
5058,-3.4163999999999999,3.2905000000000002
5059,-3.4163999999999999,3.2905000000000002
5060,-3.4163999999999999,3.2905000000000002
5061,-3.4163999999999999,3.2905000000000002
5062,-3.4163999999999999,3.2905000000000002
5063,-3.4226000000000001,3.2905000000000002
5064,-3.4226000000000001,3.2905000000000002
5065,-3.4102000000000001,3.2905000000000002
5066,-3.4163999999999999,3.2905000000000002
5067,-3.4102000000000001,3.2905000000000002
5068,-3.4226000000000001,3.2905000000000002
5069,1.3206,3.3109999999999999
5070,1.1594,3.3128000000000002
5071,0.88039999999999996,3.3109999999999999
5072,0.60140000000000005,3.3109999999999999
5073,0.35959999999999998,3.3109999999999999
5074,0.16120000000000001,3.3109999999999999
5075,-0.1116,3.3090999999999999
5076,-0.73780000000000001,3.3071999999999999
5077,-1.0602,3.3054000000000001
5078,-1.2958000000000001,3.3035000000000001
5079,-1.4074,3.3035000000000001
5080,-0.61380000000000001,3.3071999999999999
5081,-0.62,3.3071999999999999
5082,-0.62,3.3071999999999999
5083,-0.62,3.3071999999999999
5084,-0.62,3.3071999999999999
5085,-0.62,3.3071999999999999
5086,-0.62,3.3071999999999999
5087,-0.62,3.3071999999999999
5088,-0.63859999999999995,3.3071999999999999
5089,-0.63239999999999996,3.3071999999999999
5090,-0.63239999999999996,3.3071999999999999
5091,-0.63859999999999995,3.3090999999999999
5092,-0.63859999999999995,3.3071999999999999
5093,-0.63239999999999996,3.3090999999999999
5094,-0.61380000000000001,3.3090999999999999
5095,-0.62,3.3090999999999999
5096,-0.61380000000000001,3.3090999999999999
5097,-0.61380000000000001,3.3090999999999999
5098,-0.62,3.3090999999999999
5099,-0.62,3.3090999999999999
5100,-0.61380000000000001,3.3090999999999999
5101,-1.7423,3.3035000000000001
5102,-2.0956999999999999,3.3035000000000001
5103,-2.5731000000000002,3.2997999999999998
5104,-2.9388999999999998,3.2997999999999998
5105,-3.3792,3.2942
5106,-3.8132000000000001,3.2924000000000002
5107,-4.4146000000000001,3.2905000000000002
5108,-4.6936999999999998,3.2886000000000002
5109,-5.1772999999999998,3.2867999999999999
5110,-5.6608999999999998,3.2831000000000001
5111,-6.4236000000000004,3.2812000000000001
5112,-7.5023999999999997,3.2755999999999998
5113,-6.4980000000000002,3.2793000000000001
5114,-7.7317999999999998,3.2738
5115,-8.3023000000000007,3.27
5116,-9.1827000000000005,3.2663000000000002
5117,-9.4184000000000001,3.2645
5118,-9.8957999999999995,3.2625999999999999
5119,-10.4352,3.2589000000000001
5120,-11.3901,3.2551999999999999
5121,-11.5327,3.2532999999999999
5122,-12.0535,3.2513999999999998
5123,-12.617800000000001,3.2458999999999998
5124,-13.7028,3.2403
5125,-13.808199999999999,3.2403
5126,-14.415900000000001,3.2366000000000001
5127,-5.2145000000000001,3.2738
5128,-5.1029,3.2755999999999998
5129,-5.0967000000000002,3.2755999999999998
5130,-5.0967000000000002,3.2755999999999998
5131,-5.1090999999999998,3.2774999999999999
5132,-5.0967000000000002,3.2755999999999998
5133,-5.1029,3.2755999999999998
5134,-5.0967000000000002,3.2774999999999999
5135,-5.1029,3.2774999999999999
5136,-5.0967000000000002,3.2774999999999999
5137,-5.0967000000000002,3.2774999999999999
5138,-5.0904999999999996,3.2774999999999999
5139,0.92379999999999995,3.3035000000000001
5140,0.96099999999999997,3.3054000000000001
5141,0.60140000000000005,3.3054000000000001
5142,0.73160000000000003,3.3071999999999999
5143,0.60140000000000005,3.3071999999999999
5144,0.32240000000000002,3.3071999999999999
5145,0.39679999999999999,3.3071999999999999
5146,0.28520000000000001,3.3071999999999999
5147,-3.5899999999999999,3.2886000000000002
5148,-3.6581999999999999,3.2886000000000002
5149,-3.6581999999999999,3.2886000000000002
5150,-3.6581999999999999,3.2886000000000002
5151,-3.6581999999999999,3.2886000000000002
5152,-3.6581999999999999,3.2886000000000002
5153,-3.6581999999999999,3.2886000000000002
5154,-3.6768000000000001,3.2886000000000002
5155,-3.6705999999999999,3.2886000000000002
5156,-3.6705999999999999,3.2886000000000002
5157,-3.6829999999999998,3.2886000000000002
5158,-3.6705999999999999,3.2886000000000002
5159,-3.6768000000000001,3.2867999999999999
5160,1.6617,3.3109999999999999
5161,1.4632000000000001,3.3128000000000002
5162,1.302,3.3128000000000002
5163,0.89900000000000002,3.3109999999999999
5164,0.62619999999999998,3.3109999999999999
5165,0.38440000000000002,3.3090999999999999
5166,0.13639999999999999,3.3090999999999999
5167,-0.31,3.3071999999999999
5168,-0.71299999999999997,3.3054000000000001
5169,-1.0726,3.3035000000000001
5170,-1.3206,3.3035000000000001
5171,-1.4321999999999999,3.3035000000000001
5172,-0.63859999999999995,3.3054000000000001
5173,-0.63859999999999995,3.3071999999999999
5174,-0.63859999999999995,3.3071999999999999
5175,-0.63239999999999996,3.3071999999999999
5176,-0.63859999999999995,3.3071999999999999
5177,-0.63859999999999995,3.3071999999999999
5178,-0.63859999999999995,3.3071999999999999
5179,-0.63859999999999995,3.3071999999999999
5180,-0.63859999999999995,3.3071999999999999
5181,-0.63239999999999996,3.3071999999999999
5182,-0.63859999999999995,3.3071999999999999
5183,-0.63859999999999995,3.3071999999999999
5184,-0.63859999999999995,3.3071999999999999
5185,-0.63859999999999995,3.3071999999999999
5186,-0.63859999999999995,3.3071999999999999
5187,-0.62,3.3071999999999999
5188,-0.61380000000000001,3.3090999999999999
5189,-0.62,3.3090999999999999
5190,-0.62,3.3090999999999999
5191,-2.6970999999999998,3.2997999999999998
5192,-4.1417999999999999,3.2924000000000002
5193,-5.7786999999999997,3.2848999999999999
5194,-7.1738,3.2774999999999999
5195,-2.1391,3.2997999999999998
5196,-2.0522999999999998,3.2997999999999998
5197,-2.0522999999999998,3.2997999999999998
5198,-2.0522999999999998,3.2997999999999998
5199,-2.0522999999999998,3.2997999999999998
5200,-2.0522999999999998,3.3016999999999999
5201,-2.0522999999999998,3.3016999999999999
5202,-2.0522999999999998,3.3016999999999999
5203,-0.24179999999999999,3.3071999999999999
5204,-0.65100000000000002,3.3071999999999999
5205,-1.0291999999999999,3.3054000000000001
5206,-1.302,3.3054000000000001
5207,-1.4198,3.3054000000000001
5208,-0.62,3.3071999999999999
5209,-0.62,3.3071999999999999
5210,-0.62,3.3071999999999999
5211,-0.62,3.3090999999999999
5212,-0.62,3.3090999999999999
5213,-0.62,3.3090999999999999
5214,-0.62619999999999998,3.3090999999999999
5215,-0.62,3.3090999999999999
5216,-0.62,3.3090999999999999
5217,-0.62,3.3090999999999999
5218,-0.62,3.3090999999999999
5219,-0.63239999999999996,3.3090999999999999
5220,-0.63859999999999995,3.3090999999999999
5221,-0.63239999999999996,3.3090999999999999
5222,-0.63239999999999996,3.3090999999999999
5223,-0.62,3.3090999999999999
5224,-0.62,3.3090999999999999
5225,-0.62,3.3090999999999999
5226,-0.63859999999999995,3.3090999999999999
5227,-0.62,3.3090999999999999
5228,-0.63239999999999996,3.3090999999999999
5229,-2.0709,3.3035000000000001
5230,-2.7900999999999998,3.2997999999999998
5231,-3.6457999999999999,3.2942
5232,-4.4766000000000004,3.2905000000000002
5233,-5.1586999999999996,3.2886000000000002
5234,-6.1135000000000002,3.2831000000000001
5235,-7.0064000000000002,3.2793000000000001
5236,-7.7256,3.2755999999999998
5237,-8.9037000000000006,3.27
5238,-9.8957999999999995,3.2645
5239,-10.5778,3.2606999999999999
5240,-11.892300000000001,3.2551999999999999
5241,-3.5341999999999998,3.2867999999999999
5242,-3.4598,3.2886000000000002
5243,-3.4598,3.2886000000000002
5244,-3.4598,3.2886000000000002
5245,-3.4598,3.2886000000000002
5246,-3.4598,3.2905000000000002
5247,-3.4598,3.2886000000000002
5248,-3.4598,3.2905000000000002
5249,-3.4535999999999998,3.2905000000000002
5250,-3.4660000000000002,3.2905000000000002
5251,-3.4598,3.2905000000000002
5252,-3.4598,3.2905000000000002
5253,-3.4535999999999998,3.2905000000000002
5254,-3.4598,3.2905000000000002
5255,-3.4535999999999998,3.2905000000000002
5256,-3.4598,3.2905000000000002
5257,-3.4598,3.2905000000000002
5258,-3.4474,3.2905000000000002
5259,-3.4598,3.2905000000000002
5260,-3.4598,3.2905000000000002
5261,-3.4598,3.2905000000000002
5262,-3.4660000000000002,3.2905000000000002
5263,-3.4598,3.2905000000000002
5264,-3.4535999999999998,3.2905000000000002
5265,1.3206,3.3109999999999999
5266,1.1532,3.3128000000000002
5267,0.87419999999999998,3.3109999999999999
5268,0.59519999999999995,3.3109999999999999
5269,0.36580000000000001,3.3109999999999999
5270,0.155,3.3109999999999999
5271,-0.049599999999999998,3.3090999999999999
5272,-0.75639999999999996,3.3071999999999999
5273,-1.054,3.3054000000000001
5274,-1.2958000000000001,3.3035000000000001
5275,-1.4198,3.3035000000000001
5276,-0.62,3.3071999999999999
5277,-0.62,3.3071999999999999
5278,-0.62,3.3071999999999999
5279,-0.62,3.3071999999999999
5280,-0.62,3.3071999999999999
5281,-0.62,3.3071999999999999
5282,-0.62,3.3071999999999999
5283,-0.62,3.3071999999999999
5284,-0.63239999999999996,3.3090999999999999
5285,-0.63859999999999995,3.3071999999999999
5286,-0.63239999999999996,3.3090999999999999
5287,-0.63859999999999995,3.3090999999999999
5288,-0.63239999999999996,3.3090999999999999
5289,-0.63859999999999995,3.3090999999999999
5290,-0.63859999999999995,3.3090999999999999
5291,-0.63859999999999995,3.3090999999999999
5292,-0.63859999999999995,3.3090999999999999
5293,-0.63239999999999996,3.3090999999999999
5294,-0.63859999999999995,3.3090999999999999
5295,-0.63859999999999995,3.3090999999999999
5296,-0.63859999999999995,3.3090999999999999
5297,-1.7670999999999999,3.3054000000000001
5298,-2.1204999999999998,3.3035000000000001
5299,-2.6040999999999999,3.3016999999999999
5300,-2.9575,3.2997999999999998
5301,-3.4039999999999999,3.2978999999999998
5302,-3.8380000000000001,3.2942
5303,-4.4084000000000003,3.2905000000000002
5304,-4.6936999999999998,3.2886000000000002
5305,-5.1711,3.2867999999999999
5306,-5.6547000000000001,3.2848999999999999
5307,-6.4236000000000004,3.2812000000000001
5308,-7.4962,3.2755999999999998
5309,-6.4855999999999998,3.2793000000000001
5310,-7.7256,3.2738
5311,-8.2960999999999991,3.27
5312,-9.1889000000000003,3.2663000000000002
5313,-9.4245999999999999,3.2645
5314,-9.9391999999999996,3.2625999999999999
5315,-10.466200000000001,3.2589000000000001
5316,-11.4335,3.2551999999999999
5317,-11.5389,3.2532999999999999
5318,-12.109299999999999,3.2477
5319,-12.6736,3.2458999999999998
5320,-13.74,3.2403
5321,-13.870200000000001,3.2383999999999999
5322,-14.4779,3.2366000000000001
5323,-5.2331000000000003,3.2738
5324,-5.1586999999999996,3.2755999999999998
5325,-5.1649000000000003,3.2755999999999998
5326,-5.1586999999999996,3.2755999999999998
5327,-5.1524999999999999,3.2755999999999998
5328,-5.1649000000000003,3.2755999999999998
5329,-5.1649000000000003,3.2755999999999998
5330,-5.1586999999999996,3.2755999999999998
5331,-5.1401000000000003,3.2774999999999999
5332,-5.1338999999999997,3.2774999999999999
5333,-5.1463000000000001,3.2774999999999999
5334,-5.1401000000000003,3.2774999999999999
5335,0.92379999999999995,3.3035000000000001
5336,0.96099999999999997,3.3054000000000001
5337,0.60140000000000005,3.3054000000000001
5338,0.72540000000000004,3.3071999999999999
5339,0.60140000000000005,3.3071999999999999
5340,0.31619999999999998,3.3054000000000001
5341,0.39679999999999999,3.3071999999999999
5342,0.28520000000000001,3.3071999999999999
5343,-3.5838000000000001,3.2905000000000002
5344,-3.6520000000000001,3.2886000000000002
5345,-3.6457999999999999,3.2886000000000002
5346,-3.6520000000000001,3.2886000000000002
5347,-3.6581999999999999,3.2886000000000002
5348,-3.6520000000000001,3.2886000000000002
5349,-3.6520000000000001,3.2886000000000002
5350,-3.6581999999999999,3.2886000000000002
5351,-3.6520000000000001,3.2886000000000002
5352,-3.6581999999999999,3.2886000000000002
5353,-3.6520000000000001,3.2886000000000002
5354,-3.6581999999999999,3.2867999999999999
5355,-3.6520000000000001,3.2867999999999999
5356,1.6431,3.3128000000000002
5357,1.4446000000000001,3.3128000000000002
5358,1.2834000000000001,3.3128000000000002
5359,0.88039999999999996,3.3109999999999999
5360,0.60140000000000005,3.3109999999999999
5361,0.36580000000000001,3.3090999999999999
5362,0.124,3.3090999999999999
5363,-0.124,3.3071999999999999
5364,-0.7006,3.3054000000000001
5365,-1.054,3.3054000000000001
5366,-1.2896000000000001,3.3035000000000001
5367,-1.4136,3.3035000000000001
5368,-0.62,3.3054000000000001
5369,-0.62619999999999998,3.3071999999999999
5370,-0.62,3.3071999999999999
5371,-0.62,3.3071999999999999
5372,-0.63859999999999995,3.3071999999999999
5373,-0.63239999999999996,3.3071999999999999
5374,-0.63239999999999996,3.3071999999999999
5375,-0.63239999999999996,3.3071999999999999
5376,-0.63239999999999996,3.3071999999999999
5377,-0.63239999999999996,3.3071999999999999
5378,-0.63239999999999996,3.3071999999999999
5379,-0.63859999999999995,3.3071999999999999
5380,-0.63859999999999995,3.3071999999999999
5381,-0.63239999999999996,3.3071999999999999
5382,-0.63859999999999995,3.3071999999999999
5383,-0.63859999999999995,3.3071999999999999
5384,-0.63859999999999995,3.3071999999999999
5385,-0.63859999999999995,3.3090999999999999
5386,-0.62,3.3090999999999999
5387,-2.6970999999999998,3.2997999999999998
5388,-4.1479999999999997,3.2924000000000002
5389,-5.7786999999999997,3.2848999999999999
5390,-7.2172000000000001,3.2774999999999999
5391,-2.1391,3.2997999999999998
5392,-2.0585,3.3016999999999999
5393,-2.0522999999999998,3.3016999999999999
5394,-2.0522999999999998,3.3016999999999999
5395,-2.0522999999999998,3.3016999999999999
5396,-2.0522999999999998,3.3016999999999999
5397,-2.0522999999999998,3.3016999999999999
5398,-2.0522999999999998,3.3016999999999999
5399,-0.27279999999999999,3.3071999999999999
5400,-0.67579999999999996,3.3071999999999999
5401,-1.0354000000000001,3.3054000000000001
5402,-1.2958000000000001,3.3054000000000001
5403,-1.4136,3.3054000000000001
5404,-0.62,3.3071999999999999
5405,-0.61380000000000001,3.3071999999999999
5406,-0.62,3.3071999999999999
5407,-0.62,3.3090999999999999
5408,-0.62,3.3090999999999999
5409,-0.61380000000000001,3.3090999999999999
5410,-0.61380000000000001,3.3090999999999999
5411,-0.61380000000000001,3.3090999999999999
5412,-0.62,3.3090999999999999
5413,-0.62,3.3090999999999999
5414,-0.61380000000000001,3.3090999999999999
5415,-0.62,3.3090999999999999
5416,-0.62,3.3090999999999999
5417,-0.62,3.3090999999999999
5418,-0.62,3.3090999999999999
5419,-0.62,3.3090999999999999
5420,-0.62,3.3109999999999999
5421,-0.62,3.3090999999999999
5422,-0.62,3.3090999999999999
5423,-0.62,3.3109999999999999
5424,-0.61380000000000001,3.3090999999999999
5425,-2.1019000000000001,3.3035000000000001
5426,-2.7776999999999998,3.3016999999999999
5427,-3.6581999999999999,3.2942
5428,-4.4518000000000004,3.2905000000000002
5429,-5.1463000000000001,3.2886000000000002
5430,-6.1010999999999997,3.2848999999999999
5431,-7.0064000000000002,3.2793000000000001
5432,-7.7317999999999998,3.2755999999999998
5433,-8.9037000000000006,3.27
5434,-9.9019999999999992,3.2645
5435,-10.5778,3.2606999999999999
5436,-11.892300000000001,3.2551999999999999
5437,-3.5838000000000001,3.2867999999999999
5438,-3.4660000000000002,3.2886000000000002
5439,-3.4660000000000002,3.2886000000000002
5440,-3.4598,3.2886000000000002
5441,-3.4598,3.2905000000000002
5442,-3.4598,3.2886000000000002
5443,-3.4660000000000002,3.2905000000000002
5444,-3.4784000000000002,3.2905000000000002
5445,-3.4784000000000002,3.2886000000000002
5446,-3.4784000000000002,3.2886000000000002
5447,-3.4784000000000002,3.2905000000000002
5448,-3.4784000000000002,3.2905000000000002
5449,-3.4722,3.2905000000000002
5450,-3.4784000000000002,3.2905000000000002
5451,-3.4722,3.2905000000000002
5452,-3.4722,3.2905000000000002
5453,-3.4784000000000002,3.2905000000000002
5454,-3.4722,3.2905000000000002
5455,-3.4784000000000002,3.2905000000000002
5456,-3.4784000000000002,3.2905000000000002
5457,-3.4784000000000002,3.2905000000000002
5458,-3.4784000000000002,3.2905000000000002
5459,-3.4722,3.2905000000000002
5460,-3.4784000000000002,3.2905000000000002
5461,1.3515999999999999,3.3109999999999999
5462,1.1779999999999999,3.3128000000000002
5463,0.89900000000000002,3.3109999999999999
5464,0.62619999999999998,3.3109999999999999
5465,0.37819999999999998,3.3109999999999999
5466,0.1736,3.3109999999999999
5467,-0.31,3.3090999999999999
5468,-0.76259999999999994,3.3071999999999999
5469,-1.0726,3.3054000000000001
5470,-1.3206,3.3054000000000001
5471,-1.4383999999999999,3.3035000000000001
5472,-0.62,3.3071999999999999
5473,-0.61380000000000001,3.3071999999999999
5474,-0.61380000000000001,3.3071999999999999
5475,-0.62,3.3071999999999999
5476,-0.62,3.3090999999999999
5477,-0.61380000000000001,3.3071999999999999
5478,-0.62,3.3090999999999999
5479,-0.62,3.3090999999999999
5480,-0.62,3.3090999999999999
5481,-0.62,3.3090999999999999
5482,-0.62,3.3090999999999999
5483,-0.62,3.3090999999999999
5484,-0.62,3.3090999999999999
5485,-0.62,3.3090999999999999
5486,-0.62619999999999998,3.3090999999999999
5487,-0.62619999999999998,3.3090999999999999
5488,-0.62,3.3090999999999999
5489,-0.62619999999999998,3.3090999999999999
5490,-0.62619999999999998,3.3090999999999999
5491,-0.62,3.3090999999999999
5492,-0.62,3.3090999999999999
5493,-1.7484999999999999,3.3054000000000001
5494,-2.1080999999999999,3.3035000000000001
5495,-2.5731000000000002,3.3016999999999999
5496,-2.9885000000000002,3.2997999999999998
5497,-3.3915999999999999,3.2978999999999998
5498,-3.8317999999999999,3.2942
5499,-4.4332000000000003,3.2905000000000002
5500,-4.7557,3.2886000000000002
5501,-5.2020999999999997,3.2867999999999999
5502,-5.7104999999999997,3.2831000000000001
5503,-6.4421999999999997,3.2812000000000001
5504,-7.5582000000000003,3.2755999999999998
5505,-6.5166000000000004,3.2793000000000001
5506,-7.7938000000000001,3.2738
5507,-8.3209,3.27
5508,-9.2323000000000004,3.2663000000000002
5509,-9.468,3.2645
5510,-9.9515999999999991,3.2625999999999999
5511,-10.4724,3.2589000000000001
5512,-11.4397,3.2532999999999999
5513,-11.5947,3.2532999999999999
5514,-12.109299999999999,3.2477
5515,-12.6736,3.2458999999999998
5516,-13.7958,3.2403
5517,-13.8764,3.2383999999999999
5518,-14.4717,3.2347000000000001
5519,-5.2393000000000001,3.2738
5520,-5.1586999999999996,3.2738
5521,-5.1586999999999996,3.2738
5522,-5.1586999999999996,3.2755999999999998
5523,-5.1649000000000003,3.2755999999999998
5524,-5.1649000000000003,3.2755999999999998
5525,-5.1586999999999996,3.2755999999999998
5526,-5.1586999999999996,3.2755999999999998
5527,-5.1401000000000003,3.2755999999999998
5528,-5.1401000000000003,3.2774999999999999
5529,-5.1401000000000003,3.2774999999999999
5530,-5.1401000000000003,3.2774999999999999
5531,0.92379999999999995,3.3035000000000001
5532,0.96099999999999997,3.3054000000000001
5533,0.60140000000000005,3.3054000000000001
5534,0.72540000000000004,3.3054000000000001
5535,0.60140000000000005,3.3071999999999999
5536,0.32240000000000002,3.3054000000000001
5537,0.39679999999999999,3.3071999999999999
5538,0.28520000000000001,3.3071999999999999
5539,-3.5899999999999999,3.2886000000000002
5540,-3.6581999999999999,3.2886000000000002
5541,-3.6644000000000001,3.2886000000000002
5542,-3.6644000000000001,3.2886000000000002
5543,-3.6644000000000001,3.2886000000000002
5544,-3.6581999999999999,3.2886000000000002
5545,-3.6581999999999999,3.2886000000000002
5546,-3.6581999999999999,3.2886000000000002
5547,-3.6581999999999999,3.2867999999999999
5548,-3.6581999999999999,3.2886000000000002
5549,-3.6520000000000001,3.2886000000000002
5550,-3.6581999999999999,3.2886000000000002
5551,-3.6520000000000001,3.2867999999999999
5552,1.6431,3.3109999999999999
5553,1.4508000000000001,3.3109999999999999
5554,1.2834000000000001,3.3109999999999999
5555,0.88039999999999996,3.3109999999999999
5556,0.60140000000000005,3.3109999999999999
5557,0.36580000000000001,3.3109999999999999
5558,0.1116,3.3090999999999999
5559,-0.055800000000000002,3.3071999999999999
5560,-0.7006,3.3054000000000001
5561,-1.054,3.3035000000000001
5562,-1.2958000000000001,3.3035000000000001
5563,-1.4136,3.3035000000000001
5564,-0.62,3.3071999999999999
5565,-0.62,3.3071999999999999
5566,-0.61380000000000001,3.3071999999999999
5567,-0.61380000000000001,3.3071999999999999
5568,-0.62,3.3071999999999999
5569,-0.62,3.3071999999999999
5570,-0.62,3.3071999999999999
5571,-0.62,3.3071999999999999
5572,-0.61380000000000001,3.3071999999999999
5573,-0.61380000000000001,3.3071999999999999
5574,-0.62,3.3071999999999999
5575,-0.62,3.3071999999999999
5576,-0.62,3.3090999999999999
5577,-0.61380000000000001,3.3090999999999999
5578,-0.61380000000000001,3.3090999999999999
5579,-0.62,3.3090999999999999
5580,-0.62619999999999998,3.3090999999999999
5581,-0.62,3.3090999999999999
5582,-0.62,3.3090999999999999
5583,-0.61380000000000001,3.3090999999999999
5584,-0.61380000000000001,3.3090999999999999
5585,-0.62,3.3090999999999999
5586,-0.62619999999999998,3.3090999999999999
5587,-0.61380000000000001,3.3090999999999999
5588,-0.62,3.3090999999999999
5589,-0.61380000000000001,3.3090999999999999
5590,-0.62,3.3090999999999999
5591,-0.62,3.3090999999999999
5592,-2.2631000000000001,3.3035000000000001
5593,-3.2118000000000002,3.2978999999999998
5594,-4.2224000000000004,3.2924000000000002
5595,-5.2206999999999999,3.2867999999999999
5596,-6.2126999999999999,3.2831000000000001
5597,-2.1019000000000001,3.3016999999999999
5598,-2.0522999999999998,3.3016999999999999
5599,-5.6174999999999997,3.2848999999999999
5600,-6.3368000000000002,3.2812000000000001
5601,-7.2172000000000001,3.2774999999999999
5602,-7.6946000000000003,3.2738
5603,-8.3766999999999996,3.27
5604,-9.0587,3.2682000000000002
5605,-10.1004,3.2625999999999999
5606,-10.5406,3.2606999999999999
5607,-11.1731,3.2570000000000001
5608,-3.7759999999999998,3.2848999999999999
5609,-3.6953999999999998,3.2867999999999999
5610,-10.497199999999999,3.2589000000000001
5611,-11.098699999999999,3.2551999999999999
5612,-11.2227,3.2551999999999999
5613,-12.1775,3.2477
5614,-12.7356,3.2440000000000002
5615,-13.2936,3.2421000000000002
5616,-13.337,3.2403
5617,-14.453099999999999,3.2347000000000001
5618,-5.2579000000000002,3.2719
5619,-5.1401000000000003,3.2738
5620,-12.654999999999999,3.2440000000000002
5621,-13.833,3.2383999999999999
5622,-13.709,3.2366000000000001
5623,-14.775499999999999,3.2328000000000001
5624,-14.6577,3.2328000000000001
5625,-15.1351,3.2290999999999999
5626,-16.306999999999999,3.2235
5627,-16.133400000000002,3.2235
5628,-16.678999999999998,3.2216999999999998
5629,-17.900500000000001,3.2161
5630,-17.7517,3.2141999999999999
5631,-19.078600000000002,3.2086999999999999
5632,-18.905000000000001,3.2086999999999999
5633,-8.4387000000000008,3.2477
5634,-8.3519000000000005,3.2513999999999998
5635,-8.3519000000000005,3.2513999999999998
5636,-8.3581000000000003,3.2532999999999999
5637,-8.3519000000000005,3.2532999999999999
5638,-8.3519000000000005,3.2532999999999999
5639,-8.3519000000000005,3.2532999999999999
5640,-8.3519000000000005,3.2532999999999999
5641,-8.3519000000000005,3.2532999999999999
5642,-8.3519000000000005,3.2532999999999999
5643,-8.3519000000000005,3.2532999999999999
5644,-8.3457000000000008,3.2532999999999999
5645,-8.3519000000000005,3.2532999999999999
5646,-8.3519000000000005,3.2532999999999999
5647,-8.3519000000000005,3.2532999999999999
5648,-8.3519000000000005,3.2532999999999999
5649,-8.3581000000000003,3.2551999999999999
5650,-8.3457000000000008,3.2551999999999999
5651,-8.3581000000000003,3.2551999999999999
5652,-8.3457000000000008,3.2551999999999999
5653,-8.3581000000000003,3.2532999999999999
5654,-8.3581000000000003,3.2551999999999999
5655,-8.3581000000000003,3.2551999999999999
5656,-8.3519000000000005,3.2551999999999999
5657,-8.3519000000000005,3.2551999999999999
5658,-8.3519000000000005,3.2551999999999999
5659,-8.3519000000000005,3.2551999999999999
5660,-8.3581000000000003,3.2551999999999999
5661,-8.3581000000000003,3.2551999999999999
5662,-8.3581000000000003,3.2551999999999999
5663,-8.3519000000000005,3.2551999999999999
5664,-8.3519000000000005,3.2551999999999999
5665,-8.3519000000000005,3.2551999999999999
5666,-8.3457000000000008,3.2551999999999999
5667,-8.3519000000000005,3.2551999999999999
5668,-8.3581000000000003,3.2551999999999999
5669,-8.3519000000000005,3.2551999999999999
5670,-8.3394999999999992,3.2551999999999999
5671,-8.3394999999999992,3.2551999999999999
5672,-8.3332999999999995,3.2551999999999999
5673,-8.3394999999999992,3.2551999999999999
5674,-8.3332999999999995,3.2551999999999999
5675,-8.3332999999999995,3.2551999999999999
5676,-8.3394999999999992,3.2551999999999999
5677,-8.3332999999999995,3.2551999999999999
5678,-8.3394999999999992,3.2551999999999999
5679,-8.3332999999999995,3.2551999999999999
5680,-8.3394999999999992,3.2551999999999999
5681,-8.3332999999999995,3.2551999999999999
5682,-8.3394999999999992,3.2551999999999999
5683,3.8441999999999998,3.3054000000000001
5684,3.8441999999999998,3.3071999999999999
5685,3.6892,3.3090999999999999
5686,3.5217999999999998,3.3109999999999999
5687,3.3233999999999999,3.3109999999999999
5688,3.1684000000000001,3.3109999999999999
5689,2.9636999999999998,3.3109999999999999
5690,2.7652999999999999,3.3109999999999999
5691,-4.9789000000000003,3.2793000000000001
5692,-5.1401000000000003,3.2774999999999999
5693,-5.1463000000000001,3.2755999999999998
5694,-5.1401000000000003,3.2755999999999998
5695,-5.1463000000000001,3.2755999999999998
5696,-5.1463000000000001,3.2755999999999998
5697,-5.1463000000000001,3.2755999999999998
5698,-5.1401000000000003,3.2755999999999998
5699,-5.1463000000000001,3.2755999999999998
5700,-5.1338999999999997,3.2755999999999998
5701,-5.1401000000000003,3.2755999999999998
5702,-5.1463000000000001,3.2755999999999998
5703,-5.1338999999999997,3.2755999999999998
5704,-5.1463000000000001,3.2755999999999998
5705,-5.1338999999999997,3.2755999999999998
5706,-5.1338999999999997,3.2755999999999998
5707,-5.1401000000000003,3.2755999999999998
5708,-5.1463000000000001,3.2755999999999998
5709,-5.1401000000000003,3.2755999999999998
5710,-5.1401000000000003,3.2755999999999998
5711,-5.1463000000000001,3.2755999999999998
5712,-5.1401000000000003,3.2755999999999998
5713,-5.1463000000000001,3.2755999999999998
5714,-5.1401000000000003,3.2755999999999998
5715,-5.1463000000000001,3.2755999999999998
5716,-5.1401000000000003,3.2755999999999998
5717,-5.1401000000000003,3.2755999999999998
5718,-5.1401000000000003,3.2755999999999998
5719,-5.1401000000000003,3.2755999999999998
5720,-5.1463000000000001,3.2755999999999998
5721,-5.1401000000000003,3.2755999999999998
5722,-5.1463000000000001,3.2755999999999998
5723,-5.1401000000000003,3.2755999999999998
5724,-5.1338999999999997,3.2755999999999998
5725,-5.1401000000000003,3.2755999999999998
5726,-5.1463000000000001,3.2755999999999998
5727,-5.1401000000000003,3.2755999999999998
5728,-5.1401000000000003,3.2755999999999998
5729,-5.1401000000000003,3.2755999999999998
5730,-5.1401000000000003,3.2755999999999998
5731,-5.1401000000000003,3.2755999999999998
5732,-5.1401000000000003,3.2755999999999998
5733,-5.1401000000000003,3.2755999999999998
5734,-5.1463000000000001,3.2755999999999998
5735,-5.1401000000000003,3.2755999999999998
5736,-5.1401000000000003,3.2755999999999998
5737,-5.1401000000000003,3.2755999999999998
5738,-5.1401000000000003,3.2755999999999998
5739,-5.1463000000000001,3.2755999999999998
5740,-5.1401000000000003,3.2755999999999998
5741,-5.1401000000000003,3.2755999999999998
5742,-5.1463000000000001,3.2755999999999998
5743,-5.1401000000000003,3.2755999999999998
5744,-5.1401000000000003,3.2755999999999998
5745,-5.1401000000000003,3.2755999999999998
5746,-5.1401000000000003,3.2755999999999998
5747,-5.1463000000000001,3.2755999999999998
5748,-5.1401000000000003,3.2755999999999998
5749,-5.1338999999999997,3.2755999999999998
5750,-5.1401000000000003,3.2755999999999998
5751,-5.1401000000000003,3.2755999999999998
5752,-5.1401000000000003,3.2755999999999998
5753,-5.1463000000000001,3.2755999999999998
5754,-5.1401000000000003,3.2755999999999998
5755,-5.1463000000000001,3.2755999999999998
5756,-5.1401000000000003,3.2755999999999998
5757,-5.1463000000000001,3.2755999999999998
5758,-5.1401000000000003,3.2755999999999998
5759,-5.1401000000000003,3.2755999999999998
5760,-12.704599999999999,3.2440000000000002
5761,-13.857799999999999,3.2383999999999999
5762,-13.715199999999999,3.2366000000000001
5763,-14.8065,3.2309999999999999
5764,-14.7011,3.2309999999999999
5765,-15.1785,3.2290999999999999
5766,-16.331800000000001,3.2235
5767,-16.1768,3.2235
5768,-16.703800000000001,3.2198000000000002
5769,-17.9377,3.2141999999999999
5770,-17.770299999999999,3.2141999999999999
5771,-19.097200000000001,3.2086999999999999
5772,-18.936,3.2086999999999999
5773,-8.4573,3.2458999999999998
5774,-8.3270999999999997,3.2477
5775,-8.3332999999999995,3.2513999999999998
5776,-8.3332999999999995,3.2513999999999998
5777,-8.3394999999999992,3.2513999999999998
5778,-8.3332999999999995,3.2513999999999998
5779,-8.3332999999999995,3.2532999999999999
5780,-8.3457000000000008,3.2532999999999999
5781,-8.3332999999999995,3.2532999999999999
5782,-8.3332999999999995,3.2532999999999999
5783,-8.3270999999999997,3.2532999999999999
5784,-8.3270999999999997,3.2532999999999999
5785,-8.3332999999999995,3.2532999999999999
5786,-8.3394999999999992,3.2532999999999999
5787,-8.3332999999999995,3.2532999999999999
5788,-8.3332999999999995,3.2532999999999999
5789,-8.3332999999999995,3.2532999999999999
5790,-8.3457000000000008,3.2532999999999999
5791,-8.3457000000000008,3.2532999999999999
5792,-8.3394999999999992,3.2532999999999999
5793,-8.3270999999999997,3.2532999999999999
5794,-8.3332999999999995,3.2532999999999999
5795,-8.3270999999999997,3.2532999999999999
5796,-8.3332999999999995,3.2532999999999999
5797,-8.3270999999999997,3.2532999999999999
5798,-8.3394999999999992,3.2532999999999999
5799,-8.3332999999999995,3.2532999999999999
5800,-8.3332999999999995,3.2532999999999999
5801,-8.3332999999999995,3.2532999999999999
5802,-8.3332999999999995,3.2532999999999999
5803,-8.3270999999999997,3.2532999999999999
5804,-8.3332999999999995,3.2532999999999999
5805,-8.3704999999999998,3.2532999999999999
5806,-8.3766999999999996,3.2532999999999999
5807,-8.3890999999999991,3.2532999999999999
5808,-8.3890999999999991,3.2532999999999999
5809,-8.3766999999999996,3.2532999999999999
5810,-8.3766999999999996,3.2532999999999999
5811,-8.3766999999999996,3.2532999999999999
5812,-8.3766999999999996,3.2532999999999999
5813,-8.3766999999999996,3.2532999999999999
5814,-8.3890999999999991,3.2532999999999999
5815,-8.3953000000000007,3.2532999999999999
5816,-8.3766999999999996,3.2532999999999999
5817,-8.3766999999999996,3.2532999999999999
5818,-8.3890999999999991,3.2532999999999999
5819,-8.3890999999999991,3.2532999999999999
5820,-8.3890999999999991,3.2532999999999999
5821,-8.3766999999999996,3.2532999999999999
5822,-8.3766999999999996,3.2532999999999999
5823,-14.7011,3.2273000000000001
5824,-14.2981,3.2273000000000001
5825,-15.246700000000001,3.2235
5826,-14.769299999999999,3.2235
5827,-15.7738,3.2198000000000002
5828,-15.2963,3.2216999999999998
5829,-16.331800000000001,3.2161
5830,-16.623200000000001,3.2141999999999999
5831,-16.108599999999999,3.2161
5832,-17.1812,3.2105000000000001
5833,-16.6418,3.2124000000000001
5834,-17.776499999999999,3.2086999999999999
5835,-17.212299999999999,3.2105000000000001
5836,-18.3965,3.2031000000000001
5837,-18.75,3.2012
5838,-18.1051,3.2031000000000001
5839,-19.363800000000001,3.1974999999999998
5840,-18.7562,3.1993999999999998
5841,-19.989999999999998,3.1938
5842,-19.3948,3.1956000000000002
5843,-20.6721,3.1901000000000002
5844,-21.0503,3.1882000000000001
5845,-20.3931,3.1901000000000002
5846,-21.763300000000001,3.1844999999999999
5847,-21.068899999999999,3.1863000000000001
5848,-22.476400000000002,3.1808000000000001
5849,-21.8005,3.1825999999999999
5850,-23.195599999999999,3.1789000000000001
5851,-23.635899999999999,3.1751999999999998
5852,-22.916599999999999,3.177
5853,-24.3675,3.1715
5854,-23.648299999999999,3.1732999999999998
5855,-25.1736,3.1677
5856,-24.404699999999998,3.1696
5857,-26.0106,3.1640000000000001
5858,-16.381399999999999,3.1974999999999998
5859,-16.288399999999999,3.1993999999999998
5860,-16.288399999999999,3.1993999999999998
5861,-16.294599999999999,3.1993999999999998
5862,-16.2822,3.1993999999999998
5863,-16.294599999999999,3.1993999999999998
5864,-16.288399999999999,3.1993999999999998
5865,-16.276,3.2012
5866,-16.2822,3.2012
5867,-16.288399999999999,3.2012
5868,-16.294599999999999,3.2012
5869,-16.288399999999999,3.2012
5870,-16.294599999999999,3.2012
5871,-16.288399999999999,3.2012
5872,-16.288399999999999,3.2012
5873,-16.288399999999999,3.2012
5874,-16.288399999999999,3.2012
5875,-16.294599999999999,3.2012
5876,-16.288399999999999,3.2012
5877,-16.294599999999999,3.2012
5878,-16.2822,3.2012
5879,-16.294599999999999,3.2012
5880,-16.288399999999999,3.2012
5881,-16.288399999999999,3.2012
5882,-16.294599999999999,3.2012
5883,-16.2822,3.2012
5884,-16.325600000000001,3.2012
5885,-16.331800000000001,3.2012
5886,-16.331800000000001,3.1993999999999998
5887,-16.331800000000001,3.2012
5888,-27.697099999999999,3.1602999999999999
5889,-28.341999999999999,3.1547000000000001
5890,-28.8504,3.1509999999999998
5891,-29.4146,3.1490999999999998
5892,-29.978899999999999,3.1454
5893,-30.536899999999999,3.1436000000000002
5894,-31.132100000000001,3.1398000000000001
5895,-31.690200000000001,3.1379999999999999
5896,-32.297800000000002,3.1343000000000001
5897,-32.936500000000002,3.1324000000000001
5898,-33.5379,3.1286999999999998
5899,-34.207500000000003,3.125
5900,-34.858600000000003,3.1231
5901,-35.540599999999998,3.1194000000000002
5902,-36.272300000000001,3.1175000000000002
5903,-36.954300000000003,3.1137999999999999
5904,-37.661200000000001,3.1082000000000001
5905,-38.4238,3.1044999999999998
5906,-39.174100000000003,3.1025999999999998
5907,-39.936700000000002,3.0989
5908,-24.751899999999999,3.1490999999999998
5909,-24.658899999999999,3.1509999999999998
5910,-24.652699999999999,3.1528999999999998
5911,-24.652699999999999,3.1528999999999998
5912,-24.658899999999999,3.1528999999999998
5913,-24.652699999999999,3.1528999999999998
5914,-24.6403,3.1528999999999998
5915,-24.689900000000002,3.1528999999999998
5916,-24.689900000000002,3.1528999999999998
5917,-24.689900000000002,3.1528999999999998
5918,2.7591000000000001,3.2589000000000001
5919,3.2056,3.2645
5920,3.5217999999999998,3.27
5921,3.7635999999999998,3.2738
5922,4.0115999999999996,3.2774999999999999
5923,4.2534000000000001,3.2793000000000001
5924,4.4455999999999998,3.2831000000000001
5925,4.6067999999999998,3.2848999999999999
5926,4.7743000000000002,3.2867999999999999
5927,4.8487,3.2886000000000002
5928,4.8859000000000004,3.2924000000000002
5929,4.8859000000000004,3.2942
5930,4.8487,3.2942
5931,4.8052999999999999,3.2978999999999998
5932,4.7557,3.2978999999999998
5933,4.6563999999999997,3.2997999999999998
5934,9.9268000000000001,3.3203
5935,9.9391999999999996,3.3220999999999998
5936,8.9718999999999998,3.3203
5937,8.7858999999999998,3.3220999999999998
5938,7.8993000000000002,3.3203
5939,7.6201999999999996,3.3203
5940,6.7397999999999998,3.3184
5941,6.4298000000000002,3.3165
5942,8.1721000000000004,3.3258000000000001
5943,7.0498000000000003,3.3220999999999998
5944,5.8593000000000002,3.3184
5945,4.6999000000000004,3.3147000000000002
5946,3.7016,3.3109999999999999
5947,2.7528999999999999,3.3071999999999999
5948,1.7857000000000001,3.3054000000000001
5949,0.37819999999999998,3.2997999999999998
5950,-0.71299999999999997,3.2924000000000002
5951,-1.4074,3.2905000000000002
5952,-0.63239999999999996,3.2924000000000002
5953,-0.63859999999999995,3.2924000000000002
5954,-0.61380000000000001,3.2942
5955,-0.62,3.2942
5956,-0.62,3.2942
5957,-0.62,3.2942
5958,-0.61380000000000001,3.2942
5959,-0.61380000000000001,3.2942
5960,-0.62,3.2942
5961,-0.62,3.2942
5962,-0.61380000000000001,3.2942
5963,-0.62,3.2942
5964,-0.62,3.2942
5965,-0.62,3.2978999999999998
5966,-0.62,3.2978999999999998
5967,-0.61380000000000001,3.2978999999999998
5968,-0.61380000000000001,3.2978999999999998
5969,-0.61380000000000001,3.2978999999999998
5970,-0.61380000000000001,3.2978999999999998
5971,-0.068199999999999997,3.2997999999999998
5972,-0.62,3.2997999999999998
5973,-0.62,3.2978999999999998
5974,-0.62,3.2978999999999998
5975,-0.62,3.2978999999999998
5976,-0.61380000000000001,3.2997999999999998
5977,-0.62,3.2997999999999998
5978,-0.61380000000000001,3.2997999999999998
5979,-0.61380000000000001,3.2997999999999998
5980,-0.62619999999999998,3.2997999999999998
5981,-0.61380000000000001,3.2997999999999998
5982,-0.62,3.2997999999999998
5983,-0.62,3.2997999999999998
5984,-2.7033,3.2905000000000002
5985,-4.1417999999999999,3.2848999999999999
5986,-5.7352999999999996,3.2774999999999999
5987,-7.1738,3.2719
5988,-2.1019000000000001,3.2905000000000002
5989,-2.0213000000000001,3.2905000000000002
5990,-2.0089000000000001,3.2924000000000002
5991,-2.0089000000000001,3.2924000000000002
5992,-2.0089000000000001,3.2924000000000002
5993,-2.0213000000000001,3.2924000000000002
5994,-2.0213000000000001,3.2924000000000002
5995,-2.0213000000000001,3.2924000000000002
5996,-0.25419999999999998,3.3016999999999999
5997,-0.65100000000000002,3.2997999999999998
5998,-1.0167999999999999,3.2997999999999998
5999,-1.2958000000000001,3.2978999999999998
6000,-1.4198,3.2978999999999998
6001,-0.62,3.3016999999999999
6002,-0.62619999999999998,3.3016999999999999
6003,-0.62,3.3016999999999999
6004,-0.62,3.3016999999999999
6005,-0.62,3.3016999999999999
6006,-0.62,3.3016999999999999
6007,-0.62,3.3016999999999999
6008,-0.62,3.3016999999999999
6009,-0.62,3.3016999999999999
6010,-0.63239999999999996,3.3016999999999999
6011,-0.63239999999999996,3.3016999999999999
6012,-0.63239999999999996,3.3035000000000001
6013,-0.63239999999999996,3.3035000000000001
6014,-0.63239999999999996,3.3035000000000001
6015,-0.63239999999999996,3.3035000000000001
6016,-0.63859999999999995,3.3035000000000001
6017,-0.63859999999999995,3.3035000000000001
6018,-0.63239999999999996,3.3035000000000001
6019,-0.61380000000000001,3.3035000000000001
6020,-0.61380000000000001,3.3035000000000001
6021,-0.62,3.3035000000000001
6022,-2.0585,3.2978999999999998
6023,-2.7776999999999998,3.2942
6024,-3.621,3.2905000000000002
6025,-4.4518000000000004,3.2867999999999999
6026,-5.1401000000000003,3.2831000000000001
6027,-6.0576999999999996,3.2793000000000001
6028,-6.9753999999999996,3.2755999999999998
6029,-7.6946000000000003,3.2719
6030,-8.8478999999999992,3.2663000000000002
6031,-9.8523999999999994,3.2625999999999999
6032,-10.5406,3.2589000000000001
6033,-11.8613,3.2532999999999999
6034,-3.5341999999999998,3.2831000000000001
6035,-3.4163999999999999,3.2848999999999999
6036,-3.4163999999999999,3.2848999999999999
6037,-3.4163999999999999,3.2848999999999999
6038,-3.4163999999999999,3.2848999999999999
6039,-3.4163999999999999,3.2848999999999999
6040,-3.4163999999999999,3.2867999999999999
6041,-3.4163999999999999,3.2867999999999999
6042,-3.4226000000000001,3.2867999999999999
6043,-3.4226000000000001,3.2867999999999999
6044,-3.4163999999999999,3.2867999999999999
6045,-3.4163999999999999,3.2867999999999999
6046,-3.4163999999999999,3.2867999999999999
6047,-3.4226000000000001,3.2867999999999999
6048,-3.4163999999999999,3.2867999999999999
6049,-3.4163999999999999,3.2867999999999999
6050,-3.4163999999999999,3.2867999999999999
6051,-3.4163999999999999,3.2867999999999999
6052,-3.4163999999999999,3.2867999999999999
6053,-3.4163999999999999,3.2867999999999999
6054,-3.4163999999999999,3.2867999999999999
6055,-3.4163999999999999,3.2867999999999999
6056,-3.4163999999999999,3.2867999999999999
6057,-3.4411999999999998,3.2867999999999999
6058,1.3391999999999999,3.3071999999999999
6059,1.1408,3.3090999999999999
6060,0.89280000000000004,3.3071999999999999
6061,0.61380000000000001,3.3071999999999999
6062,0.37819999999999998,3.3071999999999999
6063,0.1736,3.3071999999999999
6064,-0.068199999999999997,3.3054000000000001
6065,-0.76259999999999994,3.3035000000000001
6066,-1.0726,3.3016999999999999
6067,-1.3206,3.3016999999999999
6068,-1.4321999999999999,3.2997999999999998
6069,-0.63859999999999995,3.3035000000000001
6070,-0.63859999999999995,3.3035000000000001
6071,-0.63859999999999995,3.3035000000000001
6072,-0.63859999999999995,3.3035000000000001
6073,-0.63859999999999995,3.3035000000000001
6074,-0.63859999999999995,3.3035000000000001
6075,-0.63859999999999995,3.3035000000000001
6076,-0.63859999999999995,3.3035000000000001
6077,-0.62,3.3054000000000001
6078,-0.62,3.3054000000000001
6079,-0.62,3.3054000000000001
6080,-0.62,3.3054000000000001
6081,-0.62,3.3054000000000001
6082,-0.61380000000000001,3.3054000000000001
6083,-0.61380000000000001,3.3054000000000001
6084,-0.61380000000000001,3.3054000000000001
6085,-0.62,3.3054000000000001
6086,-0.61380000000000001,3.3054000000000001
6087,-0.61380000000000001,3.3054000000000001
6088,-0.62,3.3071999999999999
6089,-0.62,3.3054000000000001
6090,-1.7484999999999999,3.3016999999999999
6091,-2.1080999999999999,3.2997999999999998
6092,-2.5855000000000001,3.2978999999999998
6093,-2.9388999999999998,3.2942
6094,-3.3854000000000002,3.2924000000000002
6095,-3.8193999999999999,3.2905000000000002
6096,-4.3836000000000004,3.2886000000000002
6097,-4.7061000000000002,3.2867999999999999
6098,-5.1463000000000001,3.2848999999999999
6099,-5.6547000000000001,3.2812000000000001
6100,-6.3802000000000003,3.2793000000000001
6101,-7.4900000000000002,3.2738
6102,-6.4607999999999999,3.2774999999999999
6103,-7.7380000000000004,3.2719
6104,-8.2464999999999993,3.2682000000000002
6105,-9.1765000000000008,3.2645
6106,-9.4184000000000001,3.2625999999999999
6107,-9.9019999999999992,3.2606999999999999
6108,-10.416600000000001,3.2570000000000001
6109,-11.377700000000001,3.2532999999999999
6110,-11.4955,3.2513999999999998
6111,-12.0535,3.2477
6112,-12.611599999999999,3.2440000000000002
6113,-13.6966,3.2403
6114,-13.777200000000001,3.2383999999999999
6115,-14.4221,3.2347000000000001
6116,-5.2145000000000001,3.2719
6117,-5.1029,3.2719
6118,-5.1029,3.2738
6119,-5.0967000000000002,3.2738
6120,-5.1090999999999998,3.2738
6121,-5.1029,3.2738
6122,-5.0967000000000002,3.2755999999999998
6123,-5.1029,3.2755999999999998
6124,-5.1029,3.2755999999999998
6125,-5.1090999999999998,3.2738
6126,-5.1215000000000002,3.2755999999999998
6127,-5.1215000000000002,3.2755999999999998
6128,0.94240000000000002,3.3016999999999999
6129,0.94240000000000002,3.3035000000000001
6130,0.62619999999999998,3.3016999999999999
6131,0.74399999999999999,3.3035000000000001
6132,0.61380000000000001,3.3035000000000001
6133,0.34100000000000003,3.3035000000000001
6134,0.41539999999999999,3.3035000000000001
6135,0.30380000000000001,3.3035000000000001
6136,-3.6023999999999998,3.2867999999999999
6137,-3.6705999999999999,3.2867999999999999
6138,-3.6768000000000001,3.2867999999999999
6139,-3.6768000000000001,3.2867999999999999
6140,-3.6705999999999999,3.2867999999999999
6141,-3.6768000000000001,3.2867999999999999
6142,-3.6705999999999999,3.2867999999999999
6143,-3.6705999999999999,3.2848999999999999
6144,-3.6705999999999999,3.2867999999999999
6145,-3.6768000000000001,3.2867999999999999
6146,-3.6705999999999999,3.2867999999999999
6147,-3.6768000000000001,3.2848999999999999
6148,-3.6705999999999999,3.2848999999999999
6149,1.6678999999999999,3.3090999999999999
6150,1.4632000000000001,3.3090999999999999
6151,1.302,3.3090999999999999
6152,0.89900000000000002,3.3090999999999999
6153,0.62619999999999998,3.3090999999999999
6154,0.35959999999999998,3.3071999999999999
6155,0.1116,3.3071999999999999
6156,-0.068199999999999997,3.3054000000000001
6157,-0.69440000000000002,3.3035000000000001
6158,-1.0602,3.3035000000000001
6159,-1.2958000000000001,3.3016999999999999
6160,-1.4136,3.3016999999999999
6161,-0.62,3.3054000000000001
6162,-0.62,3.3054000000000001
6163,-0.61380000000000001,3.3054000000000001
6164,-0.62,3.3054000000000001
6165,-0.62,3.3054000000000001
6166,-0.61380000000000001,3.3054000000000001
6167,-0.62,3.3054000000000001
6168,-0.62,3.3054000000000001
6169,-0.62,3.3054000000000001
6170,-0.61380000000000001,3.3054000000000001
6171,-0.62,3.3054000000000001
6172,-0.62,3.3071999999999999
6173,-0.61380000000000001,3.3054000000000001
6174,-0.61380000000000001,3.3071999999999999
6175,-0.62,3.3071999999999999
6176,-0.62,3.3071999999999999
6177,-0.62,3.3071999999999999
6178,-0.62,3.3071999999999999
6179,-0.62,3.3071999999999999
6180,-2.6970999999999998,3.2978999999999998
6181,-4.1479999999999997,3.2905000000000002
6182,-5.7849000000000004,3.2831000000000001
6183,-7.1862000000000004,3.2774999999999999
6184,-2.1515,3.2978999999999998
6185,-2.0337000000000001,3.2978999999999998
6186,-2.0337000000000001,3.2978999999999998
6187,-2.0337000000000001,3.2997999999999998
6188,-2.0337000000000001,3.2997999999999998
6189,-2.0337000000000001,3.2997999999999998
6190,-2.0337000000000001,3.2997999999999998
6191,-2.0398999999999998,3.2997999999999998
6192,-0.27279999999999999,3.3071999999999999
6193,-0.68200000000000005,3.3054000000000001
6194,-1.0416000000000001,3.3035000000000001
6195,-1.3206,3.3035000000000001
6196,-1.4321999999999999,3.3035000000000001
6197,-0.63859999999999995,3.3054000000000001
6198,-0.63859999999999995,3.3054000000000001
6199,-0.63859999999999995,3.3071999999999999
6200,-0.63859999999999995,3.3071999999999999
6201,-0.63859999999999995,3.3071999999999999
6202,-0.61380000000000001,3.3071999999999999
6203,-0.62,3.3071999999999999
6204,-0.62,3.3071999999999999
6205,-0.62,3.3071999999999999
6206,-0.62,3.3071999999999999
6207,-0.62,3.3071999999999999
6208,-0.62,3.3071999999999999
6209,-0.62,3.3071999999999999
6210,-0.62,3.3071999999999999
6211,-0.62,3.3090999999999999
6212,-0.62,3.3071999999999999
6213,-0.62,3.3090999999999999
6214,-0.62,3.3071999999999999
6215,-0.62,3.3071999999999999
6216,-0.62,3.3090999999999999
6217,-0.62,3.3090999999999999
6218,-2.0585,3.3035000000000001
6219,-2.7776999999999998,3.2997999999999998
6220,-3.621,3.2942
6221,-4.4518000000000004,3.2905000000000002
6222,-5.1401000000000003,3.2867999999999999
6223,-6.0887000000000002,3.2831000000000001
6224,-6.9816000000000003,3.2793000000000001
6225,-7.7008000000000001,3.2738
6226,-8.9037000000000006,3.27
6227,-9.8957999999999995,3.2645
6228,-10.546799999999999,3.2606999999999999
6229,-11.8675,3.2551999999999999
6230,-3.5528,3.2867999999999999
6231,-3.4411999999999998,3.2867999999999999
6232,-3.4411999999999998,3.2886000000000002
6233,-3.4411999999999998,3.2886000000000002
6234,-3.4411999999999998,3.2886000000000002
6235,-3.4411999999999998,3.2886000000000002
6236,-3.4163999999999999,3.2886000000000002
6237,-3.4163999999999999,3.2886000000000002
6238,-3.4163999999999999,3.2886000000000002
6239,-3.4226000000000001,3.2886000000000002
6240,-3.4163999999999999,3.2886000000000002
6241,-3.4163999999999999,3.2886000000000002
6242,-3.4163999999999999,3.2886000000000002
6243,-3.4163999999999999,3.2886000000000002
6244,-3.4226000000000001,3.2886000000000002
6245,-3.4163999999999999,3.2886000000000002
6246,-3.4163999999999999,3.2886000000000002
6247,-3.4163999999999999,3.2886000000000002
6248,-3.4163999999999999,3.2886000000000002
6249,-3.4163999999999999,3.2886000000000002
6250,-3.4102000000000001,3.2886000000000002
6251,-3.4163999999999999,3.2886000000000002
6252,-3.4163999999999999,3.2886000000000002
6253,-3.4163999999999999,3.2886000000000002
6254,1.3206,3.3109999999999999
6255,1.1594,3.3109999999999999
6256,0.88039999999999996,3.3109999999999999
6257,0.60140000000000005,3.3109999999999999
6258,0.35959999999999998,3.3090999999999999
6259,0.16120000000000001,3.3090999999999999
6260,-0.062,3.3071999999999999
6261,-0.75019999999999998,3.3054000000000001
6262,-1.054,3.3054000000000001
6263,-1.302,3.3035000000000001
6264,-1.4198,3.3035000000000001
6265,-0.62,3.3054000000000001
6266,-0.62,3.3071999999999999
6267,-0.62,3.3071999999999999
6268,-0.63859999999999995,3.3071999999999999
6269,-0.63239999999999996,3.3071999999999999
6270,-0.63239999999999996,3.3071999999999999
6271,-0.63239999999999996,3.3071999999999999
6272,-0.62,3.3071999999999999
6273,-0.63239999999999996,3.3071999999999999
6274,-0.63239999999999996,3.3071999999999999
6275,-0.61380000000000001,3.3071999999999999
6276,-0.62,3.3071999999999999
6277,-0.62,3.3071999999999999
6278,-0.61380000000000001,3.3071999999999999
6279,-0.61380000000000001,3.3071999999999999
6280,-0.62,3.3090999999999999
6281,-0.62,3.3090999999999999
6282,-0.61380000000000001,3.3090999999999999
6283,-0.62,3.3090999999999999
6284,-0.62,3.3090999999999999
6285,-0.62,3.3090999999999999
6286,-1.7423,3.3035000000000001
6287,-2.0956999999999999,3.3016999999999999
6288,-2.5731000000000002,3.2997999999999998
6289,-2.9388999999999998,3.2978999999999998
6290,-3.3792,3.2942
6291,-3.8132000000000001,3.2942
6292,-4.4084000000000003,3.2905000000000002
6293,-4.6936999999999998,3.2886000000000002
6294,-5.1772999999999998,3.2867999999999999
6295,-5.6733000000000002,3.2848999999999999
6296,-6.4173999999999998,3.2793000000000001
6297,-7.4962,3.2755999999999998
6298,-6.4917999999999996,3.2774999999999999
6299,-7.7317999999999998,3.2738
6300,-8.3147000000000002,3.27
6301,-9.1765000000000008,3.2663000000000002
6302,-9.4060000000000006,3.2645
6303,-9.9019999999999992,3.2625999999999999
6304,-10.416600000000001,3.2589000000000001
6305,-11.3901,3.2532999999999999
6306,-11.5327,3.2532999999999999
6307,-12.0473,3.2477
6308,-12.605399999999999,3.2458999999999998
6309,-13.7028,3.2403
6310,-13.814399999999999,3.2383999999999999
6311,-14.415900000000001,3.2347000000000001
6312,-5.2145000000000001,3.2719
6313,-5.0904999999999996,3.2738
6314,-5.1029,3.2738
6315,-5.0967000000000002,3.2738
6316,-5.1029,3.2738
6317,-5.0967000000000002,3.2755999999999998
6318,-5.0967000000000002,3.2755999999999998
6319,-5.1090999999999998,3.2755999999999998
6320,-5.0967000000000002,3.2755999999999998
6321,-5.0904999999999996,3.2755999999999998
6322,-5.1029,3.2755999999999998
6323,-5.1029,3.2755999999999998
6324,0.92379999999999995,3.3016999999999999
6325,0.96099999999999997,3.3035000000000001
6326,0.60760000000000003,3.3035000000000001
6327,0.72540000000000004,3.3054000000000001
6328,0.60140000000000005,3.3054000000000001
6329,0.32240000000000002,3.3054000000000001
6330,0.40920000000000001,3.3054000000000001
6331,0.28520000000000001,3.3054000000000001
6332,-3.5775999999999999,3.2886000000000002
6333,-3.6581999999999999,3.2886000000000002
6334,-3.6520000000000001,3.2867999999999999
6335,-3.6581999999999999,3.2867999999999999
6336,-3.6644000000000001,3.2867999999999999
6337,-3.6581999999999999,3.2867999999999999
6338,-3.6520000000000001,3.2867999999999999
6339,-3.6520000000000001,3.2867999999999999
6340,-3.6581999999999999,3.2867999999999999
6341,-3.6644000000000001,3.2867999999999999
6342,-3.6581999999999999,3.2867999999999999
6343,-3.6581999999999999,3.2867999999999999
6344,-3.6581999999999999,3.2867999999999999
6345,1.6493,3.3109999999999999
6346,1.4508000000000001,3.3109999999999999
6347,1.2834000000000001,3.3109999999999999
6348,0.88039999999999996,3.3090999999999999
6349,0.59519999999999995,3.3090999999999999
6350,0.35959999999999998,3.3090999999999999
6351,0.1116,3.3071999999999999
6352,-0.062,3.3071999999999999
6353,-0.69440000000000002,3.3054000000000001
6354,-1.054,3.3035000000000001
6355,-1.2896000000000001,3.3035000000000001
6356,-1.4136,3.3016999999999999
6357,-0.62,3.3054000000000001
6358,-0.61380000000000001,3.3054000000000001
6359,-0.61380000000000001,3.3054000000000001
6360,-0.62,3.3054000000000001
6361,-0.62,3.3071999999999999
6362,-0.62,3.3071999999999999
6363,-0.62,3.3054000000000001
6364,-0.62,3.3071999999999999
6365,-0.62,3.3071999999999999
6366,-0.61380000000000001,3.3071999999999999
6367,-0.62,3.3071999999999999
6368,-0.62,3.3071999999999999
6369,-0.62,3.3071999999999999
6370,-0.62,3.3071999999999999
6371,-0.62,3.3071999999999999
6372,-0.62,3.3071999999999999
6373,-0.62,3.3071999999999999
6374,-0.62,3.3071999999999999
6375,-0.62,3.3071999999999999
6376,-2.7033,3.2997999999999998
6377,-4.1479999999999997,3.2924000000000002
6378,-5.7786999999999997,3.2848999999999999
6379,-7.1862000000000004,3.2793000000000001
6380,-2.1391,3.2997999999999998
6381,-2.0522999999999998,3.2997999999999998
6382,-2.0522999999999998,3.2997999999999998
6383,-2.0585,3.2997999999999998
6384,-2.0585,3.2997999999999998
6385,-2.0522999999999998,3.2997999999999998
6386,-2.0522999999999998,3.2997999999999998
6387,-2.0585,3.2997999999999998
6388,-0.25419999999999998,3.3071999999999999
6389,-0.65720000000000001,3.3071999999999999
6390,-1.0167999999999999,3.3054000000000001
6391,-1.2958000000000001,3.3035000000000001
6392,-1.4198,3.3035000000000001
6393,-0.62,3.3071999999999999
6394,-0.62,3.3071999999999999
6395,-0.62,3.3071999999999999
6396,-0.62,3.3071999999999999
6397,-0.62619999999999998,3.3071999999999999
6398,-0.61380000000000001,3.3090999999999999
6399,-0.61380000000000001,3.3071999999999999
6400,-0.61380000000000001,3.3071999999999999
6401,-0.62,3.3071999999999999
6402,-0.61380000000000001,3.3090999999999999
6403,-0.62,3.3090999999999999
6404,-0.62,3.3090999999999999
6405,-0.62,3.3090999999999999
6406,-0.62619999999999998,3.3090999999999999
6407,-0.62619999999999998,3.3090999999999999
6408,-0.62,3.3090999999999999
6409,-0.62619999999999998,3.3090999999999999
6410,-0.62,3.3090999999999999
6411,-0.62,3.3090999999999999
6412,-0.62,3.3090999999999999
6413,-0.61380000000000001,3.3090999999999999
6414,-2.0585,3.3035000000000001
6415,-2.7776999999999998,3.2997999999999998
6416,-3.6272000000000002,3.2942
6417,-4.4580000000000002,3.2905000000000002
6418,-5.1463000000000001,3.2886000000000002
6419,-6.0887000000000002,3.2831000000000001
6420,-7.0187999999999997,3.2793000000000001
6421,-7.7380000000000004,3.2755999999999998
6422,-8.9037000000000006,3.27
6423,-9.9019999999999992,3.2645
6424,-10.5778,3.2606999999999999
6425,-11.9047,3.2551999999999999
6426,-3.5341999999999998,3.2867999999999999
6427,-3.4598,3.2886000000000002
6428,-3.4535999999999998,3.2886000000000002
6429,-3.4535999999999998,3.2886000000000002
6430,-3.4598,3.2886000000000002
6431,-3.4535999999999998,3.2886000000000002
6432,-3.4660000000000002,3.2886000000000002
6433,-3.4598,3.2886000000000002
6434,-3.4598,3.2886000000000002
6435,-3.4598,3.2886000000000002
6436,-3.4598,3.2886000000000002
6437,-3.4598,3.2905000000000002
6438,-3.4722,3.2886000000000002
6439,-3.4598,3.2886000000000002
6440,-3.4598,3.2886000000000002
6441,-3.4598,3.2886000000000002
6442,-3.4660000000000002,3.2886000000000002
6443,-3.4598,3.2886000000000002
6444,-3.4598,3.2886000000000002
6445,-3.4598,3.2886000000000002
6446,-3.4535999999999998,3.2886000000000002
6447,-3.4598,3.2886000000000002
6448,-3.4535999999999998,3.2886000000000002
6449,-3.4598,3.2905000000000002
6450,1.3206,3.3109999999999999
6451,1.1594,3.3109999999999999
6452,0.87419999999999998,3.3109999999999999
6453,0.60140000000000005,3.3109999999999999
6454,0.35959999999999998,3.3109999999999999
6455,0.16120000000000001,3.3090999999999999
6456,-0.062,3.3071999999999999
6457,-0.75019999999999998,3.3054000000000001
6458,-1.0602,3.3054000000000001
6459,-1.2958000000000001,3.3035000000000001
6460,-1.4198,3.3035000000000001
6461,-0.62,3.3071999999999999
6462,-0.63239999999999996,3.3071999999999999
6463,-0.63239999999999996,3.3071999999999999
6464,-0.63239999999999996,3.3071999999999999
6465,-0.63859999999999995,3.3071999999999999
6466,-0.63859999999999995,3.3071999999999999
6467,-0.63239999999999996,3.3071999999999999
6468,-0.62,3.3071999999999999
6469,-0.61380000000000001,3.3071999999999999
6470,-0.62,3.3090999999999999
6471,-0.61380000000000001,3.3071999999999999
6472,-0.62,3.3090999999999999
6473,-0.61380000000000001,3.3090999999999999
6474,-0.62,3.3090999999999999
6475,-0.62,3.3090999999999999
6476,-0.62,3.3090999999999999
6477,-0.62,3.3090999999999999
6478,-0.61380000000000001,3.3090999999999999
6479,-0.62,3.3090999999999999
6480,-0.62,3.3090999999999999
6481,-0.61380000000000001,3.3090999999999999
6482,-1.7423,3.3054000000000001
6483,-2.1019000000000001,3.3035000000000001
6484,-2.5731000000000002,3.2997999999999998
6485,-2.9451000000000001,3.2997999999999998
6486,-3.3854000000000002,3.2978999999999998
6487,-3.8193999999999999,3.2924000000000002
6488,-4.4146000000000001,3.2905000000000002
6489,-4.7061000000000002,3.2886000000000002
6490,-5.1835000000000004,3.2867999999999999
6491,-5.6670999999999996,3.2831000000000001
6492,-6.4298000000000002,3.2812000000000001
6493,-7.5023999999999997,3.2755999999999998
6494,-6.5042,3.2774999999999999
6495,-7.7317999999999998,3.2738
6496,-8.3023000000000007,3.27
6497,-9.1827000000000005,3.2663000000000002
6498,-9.4122000000000003,3.2645
6499,-9.9268000000000001,3.2606999999999999
6500,-10.453799999999999,3.2589000000000001
6501,-11.4087,3.2551999999999999
6502,-11.5327,3.2532999999999999
6503,-12.0969,3.2477
6504,-12.661199999999999,3.2440000000000002
6505,-13.74,3.2403
6506,-13.857799999999999,3.2383999999999999
6507,-14.453099999999999,3.2347000000000001
6508,-5.2145000000000001,3.2719
6509,-5.1463000000000001,3.2719
6510,-5.1401000000000003,3.2738
6511,-5.1401000000000003,3.2738
6512,-5.1463000000000001,3.2738
6513,-5.1401000000000003,3.2755999999999998
6514,-5.1401000000000003,3.2755999999999998
6515,-5.1401000000000003,3.2755999999999998
6516,-5.1401000000000003,3.2738
6517,-5.1463000000000001,3.2755999999999998
6518,-5.1524999999999999,3.2755999999999998
6519,-5.1463000000000001,3.2755999999999998
6520,0.93000000000000005,3.3016999999999999
6521,0.96719999999999995,3.3035000000000001
6522,0.60760000000000003,3.3035000000000001
6523,0.73160000000000003,3.3054000000000001
6524,0.60140000000000005,3.3054000000000001
6525,0.32240000000000002,3.3054000000000001
6526,0.39679999999999999,3.3054000000000001
6527,0.28520000000000001,3.3054000000000001
6528,-3.5962000000000001,3.2886000000000002
6529,-3.6705999999999999,3.2886000000000002
6530,-3.6705999999999999,3.2867999999999999
6531,-3.6705999999999999,3.2867999999999999
6532,-3.6705999999999999,3.2867999999999999
6533,-3.6705999999999999,3.2867999999999999
6534,-3.6768000000000001,3.2867999999999999
6535,-3.6768000000000001,3.2867999999999999
6536,-3.6768000000000001,3.2867999999999999
6537,-3.6768000000000001,3.2867999999999999
6538,-3.6705999999999999,3.2867999999999999
6539,-3.6705999999999999,3.2867999999999999
6540,-3.6768000000000001,3.2867999999999999
6541,1.6617,3.3109999999999999
6542,1.4632000000000001,3.3109999999999999
6543,1.302,3.3109999999999999
6544,0.89280000000000004,3.3090999999999999
6545,0.62619999999999998,3.3090999999999999
6546,0.37819999999999998,3.3090999999999999
6547,0.13639999999999999,3.3090999999999999
6548,-0.29139999999999999,3.3071999999999999
6549,-0.71299999999999997,3.3054000000000001
6550,-1.0726,3.3035000000000001
6551,-1.3206,3.3016999999999999
6552,-1.4321999999999999,3.3016999999999999
6553,-0.63859999999999995,3.3054000000000001
6554,-0.63859999999999995,3.3054000000000001
6555,-0.63859999999999995,3.3054000000000001
6556,-0.63859999999999995,3.3054000000000001
6557,-0.63239999999999996,3.3054000000000001
6558,-0.63239999999999996,3.3071999999999999
6559,-0.63859999999999995,3.3071999999999999
6560,-0.63859999999999995,3.3071999999999999
6561,-0.61380000000000001,3.3071999999999999
6562,-0.61380000000000001,3.3071999999999999
6563,-0.62,3.3071999999999999
6564,-0.61380000000000001,3.3071999999999999
6565,-0.62,3.3071999999999999
6566,-0.62,3.3071999999999999
6567,-0.62,3.3071999999999999
6568,-0.62,3.3071999999999999
6569,-0.62,3.3071999999999999
6570,-0.61380000000000001,3.3071999999999999
6571,-0.62,3.3071999999999999
6572,-2.6970999999999998,3.2997999999999998
6573,-4.1479999999999997,3.2924000000000002
6574,-5.7786999999999997,3.2848999999999999
6575,-7.2172000000000001,3.2774999999999999
6576,-2.1391,3.2997999999999998
6577,-2.0522999999999998,3.2997999999999998
6578,-2.0585,3.2997999999999998
6579,-2.0585,3.2997999999999998
6580,-2.0585,3.2997999999999998
6581,-2.0585,3.2997999999999998
6582,-2.0522999999999998,3.2997999999999998
6583,-2.0585,3.2997999999999998
6584,-0.26040000000000002,3.3071999999999999
6585,-0.65720000000000001,3.3071999999999999
6586,-1.0167999999999999,3.3054000000000001
6587,-1.2958000000000001,3.3035000000000001
6588,-1.4198,3.3035000000000001
6589,-0.62,3.3071999999999999
6590,-0.62,3.3071999999999999
6591,-0.62,3.3071999999999999
6592,-0.62,3.3071999999999999
6593,-0.63239999999999996,3.3071999999999999
6594,-0.63239999999999996,3.3071999999999999
6595,-0.63239999999999996,3.3071999999999999
6596,-0.63239999999999996,3.3090999999999999
6597,-0.62,3.3090999999999999
6598,-0.62,3.3090999999999999
6599,-0.61380000000000001,3.3090999999999999
6600,-0.63239999999999996,3.3090999999999999
6601,-0.62,3.3090999999999999
6602,-0.63859999999999995,3.3090999999999999
6603,-0.63239999999999996,3.3090999999999999
6604,-0.63239999999999996,3.3090999999999999
6605,-0.63239999999999996,3.3090999999999999
6606,-0.63239999999999996,3.3090999999999999
6607,-0.63239999999999996,3.3090999999999999
6608,-0.63239999999999996,3.3090999999999999
6609,-0.61380000000000001,3.3090999999999999
6610,-2.1019000000000001,3.3035000000000001
6611,-2.7776999999999998,3.3016999999999999
6612,-3.6581999999999999,3.2942
6613,-4.4518000000000004,3.2905000000000002
6614,-5.1401000000000003,3.2886000000000002
6615,-6.0887000000000002,3.2831000000000001
6616,-7.0002000000000004,3.2793000000000001
6617,-7.7317999999999998,3.2755999999999998
6618,-8.8975000000000009,3.27
6619,-9.8957999999999995,3.2645
6620,-10.5778,3.2606999999999999
6621,-11.879899999999999,3.2551999999999999
6622,-3.5838000000000001,3.2867999999999999
6623,-3.4598,3.2867999999999999
6624,-3.4535999999999998,3.2886000000000002
6625,-3.4535999999999998,3.2886000000000002
6626,-3.4598,3.2886000000000002
6627,-3.4598,3.2886000000000002
6628,-3.4535999999999998,3.2886000000000002
6629,-3.4535999999999998,3.2886000000000002
6630,-3.4598,3.2886000000000002
6631,-3.4598,3.2886000000000002
6632,-3.4535999999999998,3.2886000000000002
6633,-3.4535999999999998,3.2886000000000002
6634,-3.4535999999999998,3.2905000000000002
6635,-3.4598,3.2886000000000002
6636,-3.4535999999999998,3.2886000000000002
6637,-3.4535999999999998,3.2886000000000002
6638,-3.4598,3.2886000000000002
6639,-3.4598,3.2886000000000002
6640,-3.4598,3.2886000000000002
6641,-3.4598,3.2886000000000002
6642,-3.4598,3.2886000000000002
6643,-3.4598,3.2886000000000002
6644,-3.4598,3.2886000000000002
6645,-3.4598,3.2905000000000002
6646,1.3268,3.3109999999999999
6647,1.1594,3.3109999999999999
6648,0.88039999999999996,3.3109999999999999
6649,0.60140000000000005,3.3109999999999999
6650,0.36580000000000001,3.3109999999999999
6651,0.155,3.3090999999999999
6652,-0.068199999999999997,3.3071999999999999
6653,-0.75019999999999998,3.3071999999999999
6654,-1.0602,3.3054000000000001
6655,-1.302,3.3035000000000001
6656,-1.4198,3.3035000000000001
6657,-0.62,3.3071999999999999
6658,-0.63239999999999996,3.3071999999999999
6659,-0.63239999999999996,3.3071999999999999
6660,-0.63239999999999996,3.3071999999999999
6661,-0.63239999999999996,3.3071999999999999
6662,-0.63239999999999996,3.3071999999999999
6663,-0.63239999999999996,3.3071999999999999
6664,-0.63239999999999996,3.3071999999999999
6665,-0.63239999999999996,3.3071999999999999
6666,-0.63239999999999996,3.3090999999999999
6667,-0.63239999999999996,3.3071999999999999
6668,-0.63239999999999996,3.3071999999999999
6669,-0.63239999999999996,3.3071999999999999
6670,-0.63239999999999996,3.3090999999999999
6671,-0.63239999999999996,3.3090999999999999
6672,-0.63239999999999996,3.3090999999999999
6673,-0.63239999999999996,3.3090999999999999
6674,-0.63239999999999996,3.3090999999999999
6675,-0.63239999999999996,3.3090999999999999
6676,-0.63239999999999996,3.3090999999999999
6677,-0.62,3.3090999999999999
6678,-1.7423,3.3054000000000001
6679,-2.0956999999999999,3.3035000000000001
6680,-2.5855000000000001,3.3016999999999999
6681,-2.9761000000000002,3.2997999999999998
6682,-3.3792,3.2978999999999998
6683,-3.8132000000000001,3.2942
6684,-4.4084000000000003,3.2905000000000002
6685,-4.7432999999999996,3.2886000000000002
6686,-5.1835000000000004,3.2867999999999999
6687,-5.6981000000000002,3.2831000000000001
6688,-6.4236000000000004,3.2793000000000001
6689,-7.5457999999999998,3.2755999999999998
6690,-6.4980000000000002,3.2774999999999999
6691,-7.7751999999999999,3.2738
6692,-8.3209,3.27
6693,-9.2199000000000009,3.2645
6694,-9.4741999999999997,3.2645
6695,-9.9578000000000007,3.2606999999999999
6696,-10.4786,3.2589000000000001
6697,-11.4397,3.2532999999999999
6698,-11.607100000000001,3.2513999999999998
6699,-12.109299999999999,3.2477
6700,-12.6736,3.2440000000000002
6701,-13.7958,3.2383999999999999
6702,-13.870200000000001,3.2383999999999999
6703,-14.4717,3.2347000000000001
6704,-5.2393000000000001,3.27
6705,-5.1401000000000003,3.2719
6706,-5.1401000000000003,3.2738
6707,-5.1463000000000001,3.2738
6708,-5.1463000000000001,3.2738
6709,-5.1463000000000001,3.2738
6710,-5.1401000000000003,3.2755999999999998
6711,-5.1401000000000003,3.2738
6712,-5.1401000000000003,3.2755999999999998
6713,-5.1463000000000001,3.2755999999999998
6714,-5.1338999999999997,3.2755999999999998
6715,-5.1463000000000001,3.2755999999999998
6716,0.92379999999999995,3.3016999999999999
6717,0.96099999999999997,3.3035000000000001
6718,0.60140000000000005,3.3035000000000001
6719,0.72540000000000004,3.3054000000000001
6720,0.60140000000000005,3.3054000000000001
6721,0.32240000000000002,3.3054000000000001
6722,0.39679999999999999,3.3054000000000001
6723,0.27900000000000003,3.3054000000000001
6724,-3.5775999999999999,3.2886000000000002
6725,-3.6520000000000001,3.2867999999999999
6726,-3.6644000000000001,3.2867999999999999
6727,-3.6644000000000001,3.2867999999999999
6728,-3.6520000000000001,3.2867999999999999
6729,-3.6581999999999999,3.2867999999999999
6730,-3.6457999999999999,3.2867999999999999
6731,-3.6520000000000001,3.2867999999999999
6732,-3.6581999999999999,3.2867999999999999
6733,-3.6520000000000001,3.2867999999999999
6734,-3.6520000000000001,3.2867999999999999
6735,-3.6581999999999999,3.2867999999999999
6736,-3.6644000000000001,3.2867999999999999
6737,1.6493,3.3109999999999999
6738,1.4508000000000001,3.3109999999999999
6739,1.2834000000000001,3.3109999999999999
6740,0.87419999999999998,3.3090999999999999
6741,0.60140000000000005,3.3090999999999999
6742,0.36580000000000001,3.3090999999999999
6743,0.1116,3.3090999999999999
6744,-0.062,3.3071999999999999
6745,-0.7006,3.3054000000000001
6746,-1.0726,3.3035000000000001
6747,-1.3144,3.3035000000000001
6748,-1.4321999999999999,3.3016999999999999
6749,-0.63239999999999996,3.3054000000000001
6750,-0.63859999999999995,3.3054000000000001
6751,-0.63239999999999996,3.3054000000000001
6752,-0.63239999999999996,3.3054000000000001
6753,-0.63239999999999996,3.3054000000000001
6754,-0.63239999999999996,3.3071999999999999
6755,-0.63859999999999995,3.3071999999999999
6756,-0.63859999999999995,3.3054000000000001
6757,-0.63239999999999996,3.3071999999999999
6758,-0.63859999999999995,3.3071999999999999
6759,-0.63239999999999996,3.3071999999999999
6760,-0.62,3.3071999999999999
6761,-0.61380000000000001,3.3071999999999999
6762,-0.62,3.3071999999999999
6763,-0.62,3.3071999999999999
6764,-0.62,3.3071999999999999
6765,-0.61380000000000001,3.3071999999999999
6766,-0.61380000000000001,3.3090999999999999
6767,-0.62,3.3071999999999999
6768,-0.61380000000000001,3.3090999999999999
6769,-0.61380000000000001,3.3090999999999999
6770,-0.62,3.3090999999999999
6771,-0.62,3.3090999999999999
6772,-0.61380000000000001,3.3090999999999999
6773,-0.63239999999999996,3.3090999999999999
6774,-0.63239999999999996,3.3090999999999999
6775,-0.63859999999999995,3.3090999999999999
6776,-0.62,3.3090999999999999
6777,-2.2631000000000001,3.3016999999999999
6778,-3.2118000000000002,3.2978999999999998
6779,-4.2224000000000004,3.2924000000000002
6780,-5.2268999999999997,3.2867999999999999
6781,-6.2126999999999999,3.2831000000000001
6782,-2.1019000000000001,3.2997999999999998
6783,-2.0522999999999998,3.2997999999999998
6784,-5.6113,3.2848999999999999
6785,-6.3368000000000002,3.2812000000000001
6786,-7.2172000000000001,3.2774999999999999
6787,-7.6883999999999997,3.2738
6788,-8.3766999999999996,3.27
6789,-9.0648999999999997,3.2663000000000002
6790,-10.1066,3.2625999999999999
6791,-10.5406,3.2589000000000001
6792,-11.1793,3.2551999999999999
6793,-3.7884000000000002,3.2831000000000001
6794,-3.6892,3.2848999999999999
6795,-10.497199999999999,3.2589000000000001
6796,-11.098699999999999,3.2551999999999999
6797,-11.2165,3.2532999999999999
6798,-12.1775,3.2477
6799,-12.7356,3.2440000000000002
6800,-13.299799999999999,3.2403
6801,-13.3432,3.2403
6802,-14.446899999999999,3.2347000000000001
6803,-5.2641,3.27
6804,-5.1401000000000003,3.2719
6805,-12.6488,3.2421000000000002
6806,-13.814399999999999,3.2366000000000001
6807,-13.6966,3.2347000000000001
6808,-14.769299999999999,3.2309999999999999
6809,-14.6577,3.2290999999999999
6810,-15.1351,3.2273000000000001
6811,-16.306999999999999,3.2216999999999998
6812,-16.133400000000002,3.2216999999999998
6813,-16.666599999999999,3.218
6814,-17.894300000000001,3.2124000000000001
6815,-17.7393,3.2124000000000001
6816,-19.053799999999999,3.2067999999999999
6817,-18.892600000000002,3.2067999999999999
6818,-8.4387000000000008,3.2458999999999998
6819,-8.3519000000000005,3.2458999999999998
6820,-8.3457000000000008,3.2477
6821,-8.3519000000000005,3.2477
6822,-8.3457000000000008,3.2477
6823,-8.3519000000000005,3.2477
6824,-8.3519000000000005,3.2513999999999998
6825,-8.3519000000000005,3.2513999999999998
6826,-8.3581000000000003,3.2513999999999998
6827,-8.3519000000000005,3.2513999999999998
6828,-8.3457000000000008,3.2513999999999998
6829,-8.3457000000000008,3.2513999999999998
6830,-8.3519000000000005,3.2513999999999998
6831,-8.3519000000000005,3.2513999999999998
6832,-8.3457000000000008,3.2513999999999998
6833,-8.3519000000000005,3.2513999999999998
6834,-8.3457000000000008,3.2513999999999998
6835,-8.3519000000000005,3.2513999999999998
6836,-8.3519000000000005,3.2513999999999998
6837,-8.3581000000000003,3.2513999999999998
6838,-8.3581000000000003,3.2513999999999998
6839,-8.3519000000000005,3.2513999999999998
6840,-8.3519000000000005,3.2513999999999998
6841,-8.3519000000000005,3.2513999999999998
6842,-8.3457000000000008,3.2513999999999998
6843,-8.3519000000000005,3.2513999999999998
6844,-8.3519000000000005,3.2513999999999998
6845,-8.3519000000000005,3.2513999999999998
6846,-8.3270999999999997,3.2513999999999998
6847,-8.3332999999999995,3.2513999999999998
6848,-8.3394999999999992,3.2513999999999998
6849,-8.3270999999999997,3.2513999999999998
6850,-8.3332999999999995,3.2513999999999998
6851,-8.3209,3.2513999999999998
6852,-8.3332999999999995,3.2513999999999998
6853,-8.3332999999999995,3.2513999999999998
6854,-8.3270999999999997,3.2513999999999998
6855,-8.3332999999999995,3.2513999999999998
6856,-8.3270999999999997,3.2513999999999998
6857,-8.3394999999999992,3.2513999999999998
6858,-8.3394999999999992,3.2513999999999998
6859,-8.3394999999999992,3.2513999999999998
6860,-8.3332999999999995,3.2513999999999998
6861,-8.3332999999999995,3.2513999999999998
6862,-8.3332999999999995,3.2513999999999998
6863,-8.3394999999999992,3.2513999999999998
6864,-8.3270999999999997,3.2513999999999998
6865,-8.3394999999999992,3.2513999999999998
6866,-8.3332999999999995,3.2513999999999998
6867,-8.3332999999999995,3.2513999999999998
6868,3.8504,3.3016999999999999
6869,3.8504,3.3054000000000001
6870,3.6892,3.3054000000000001
6871,3.528,3.3071999999999999
6872,3.3420000000000001,3.3071999999999999
6873,3.1808000000000001,3.3090999999999999
6874,2.9885000000000002,3.3090999999999999
6875,2.7776999999999998,3.3090999999999999
6876,-4.9974999999999996,3.2774999999999999
6877,-5.1524999999999999,3.2755999999999998
6878,-5.1586999999999996,3.2738
6879,-5.1586999999999996,3.2738
6880,-5.1586999999999996,3.2738
6881,-5.1586999999999996,3.2738
6882,-5.1586999999999996,3.2738
6883,-5.1586999999999996,3.2719
6884,-5.1524999999999999,3.2738
6885,-5.1586999999999996,3.2738
6886,-5.1586999999999996,3.2738
6887,-5.1586999999999996,3.2738
6888,-5.1524999999999999,3.2738
6889,-5.1586999999999996,3.2738
6890,-5.1586999999999996,3.2719
6891,-5.1586999999999996,3.2719
6892,-5.1586999999999996,3.2738
6893,-5.1586999999999996,3.2719
6894,-5.1586999999999996,3.2719
6895,-5.1586999999999996,3.2738
6896,-5.1586999999999996,3.2738
6897,-5.1524999999999999,3.2719
6898,-5.1586999999999996,3.2738
6899,-5.1463000000000001,3.2719
6900,-5.1524999999999999,3.2738
6901,-5.1401000000000003,3.2738
6902,-5.1338999999999997,3.2738
6903,-5.1401000000000003,3.2738
6904,-5.1338999999999997,3.2738
6905,-5.1401000000000003,3.2738
6906,-5.1401000000000003,3.2738
6907,-5.1338999999999997,3.2738
6908,-5.1401000000000003,3.2738
6909,-5.1401000000000003,3.2738
6910,-5.1401000000000003,3.2738
6911,-5.1401000000000003,3.2738
6912,-5.1463000000000001,3.2738
6913,-5.1401000000000003,3.2738
6914,-5.1463000000000001,3.2738
6915,-5.1401000000000003,3.2738
6916,-5.1463000000000001,3.2738
6917,-5.1463000000000001,3.2738
6918,-5.1463000000000001,3.2738
6919,-5.1401000000000003,3.2738
6920,-5.1401000000000003,3.2738
6921,-5.1463000000000001,3.2738
6922,-5.1463000000000001,3.2738
6923,-5.1401000000000003,3.2738
6924,-5.1338999999999997,3.2738
6925,-5.1401000000000003,3.2738
6926,-5.1463000000000001,3.2738
6927,-5.1401000000000003,3.2738
6928,-5.1338999999999997,3.2719
6929,-5.1401000000000003,3.2738
6930,-5.1463000000000001,3.2719
6931,-5.1463000000000001,3.2738
6932,-5.1401000000000003,3.2738
6933,-5.1463000000000001,3.2738
6934,-5.1401000000000003,3.2738
6935,-5.1401000000000003,3.2738
6936,-5.1338999999999997,3.2738
6937,-5.1463000000000001,3.2738
6938,-5.1463000000000001,3.2738
6939,-5.1401000000000003,3.2738
6940,-5.1463000000000001,3.2738
6941,-5.1401000000000003,3.2738
6942,-5.1338999999999997,3.2738
6943,-5.1463000000000001,3.2738
6944,-5.1463000000000001,3.2738
6945,-12.698399999999999,3.2421000000000002
6946,-13.857799999999999,3.2366000000000001
6947,-13.7338,3.2347000000000001
6948,-14.818899999999999,3.2290999999999999
6949,-14.7011,3.2290999999999999
6950,-15.1785,3.2254
6951,-16.338000000000001,3.2198000000000002
6952,-16.1706,3.2198000000000002
6953,-16.697600000000001,3.218
6954,-17.943899999999999,3.2124000000000001
6955,-17.776499999999999,3.2105000000000001
6956,-19.103400000000001,3.2031000000000001
6957,-18.9298,3.2031000000000001
6958,-8.4449000000000005,3.2421000000000002
6959,-8.3270999999999997,3.2440000000000002
6960,-8.3394999999999992,3.2458999999999998
6961,-8.3332999999999995,3.2458999999999998
6962,-8.3394999999999992,3.2458999999999998
6963,-8.3332999999999995,3.2458999999999998
6964,-8.3332999999999995,3.2458999999999998
6965,-8.3270999999999997,3.2477
6966,-8.3270999999999997,3.2477
6967,-8.3394999999999992,3.2477
6968,-8.3332999999999995,3.2477
6969,-8.3332999999999995,3.2477
6970,-8.3332999999999995,3.2477
6971,-8.3394999999999992,3.2477
6972,-8.3332999999999995,3.2477
6973,-8.3332999999999995,3.2477
6974,-8.3332999999999995,3.2477
6975,-8.3270999999999997,3.2477
6976,-8.3394999999999992,3.2477
6977,-8.3394999999999992,3.2477
6978,-8.3394999999999992,3.2477
6979,-8.3457000000000008,3.2477
6980,-8.3332999999999995,3.2477
6981,-8.3332999999999995,3.2477
6982,-8.3332999999999995,3.2477
6983,-8.3332999999999995,3.2477
6984,-8.3332999999999995,3.2477
6985,-8.3270999999999997,3.2477
6986,-8.3394999999999992,3.2477
6987,-8.3270999999999997,3.2477
6988,-8.3332999999999995,3.2477
6989,-8.3270999999999997,3.2477
6990,-8.3704999999999998,3.2477
6991,-8.3766999999999996,3.2477
6992,-8.3766999999999996,3.2477
6993,-8.3766999999999996,3.2477
6994,-8.3766999999999996,3.2477
6995,-8.3766999999999996,3.2477
6996,-8.3766999999999996,3.2477
6997,-8.3890999999999991,3.2477
6998,-8.3766999999999996,3.2477
6999,-8.3704999999999998,3.2477
7000,-8.3766999999999996,3.2477
7001,-8.3890999999999991,3.2477
7002,-8.3953000000000007,3.2477
7003,-8.4015000000000004,3.2477
7004,-8.3953000000000007,3.2477
7005,-8.3953000000000007,3.2477
7006,-8.3890999999999991,3.2477
7007,-8.3953000000000007,3.2477
7008,-14.7073,3.2235
7009,-14.3043,3.2235
7010,-15.2653,3.2198000000000002
7011,-14.7879,3.2198000000000002
7012,-15.779999999999999,3.2161
7013,-15.3149,3.2161
7014,-16.344200000000001,3.2124000000000001
7015,-16.6418,3.2105000000000001
7016,-16.120999999999999,3.2124000000000001
7017,-17.1937,3.2067999999999999
7018,-16.678999999999998,3.2086999999999999
7019,-17.795100000000001,3.2031000000000001
7020,-17.237100000000002,3.2031000000000001
7021,-18.402699999999999,3.1993999999999998
7022,-18.7562,3.1974999999999998
7023,-18.1051,3.1993999999999998
7024,-19.351400000000002,3.1938
7025,-18.7624,3.1956000000000002
7026,-19.996200000000002,3.1901000000000002
7027,-19.401,3.1919
7028,-20.659700000000001,3.1863000000000001
7029,-21.031700000000001,3.1844999999999999
7030,-20.4055,3.1863000000000001
7031,-21.757100000000001,3.1808000000000001
7032,-21.075099999999999,3.1825999999999999
7033,-22.482600000000001,3.177
7034,-21.7943,3.1789000000000001
7035,-23.189399999999999,3.1732999999999998
7036,-23.635899999999999,3.1715
7037,-22.904199999999999,3.1732999999999998
7038,-24.392299999999999,3.1677
7039,-23.679300000000001,3.1696
7040,-25.186,3.1640000000000001
7041,-24.435700000000001,3.1659000000000002
7042,-26.029199999999999,3.1602999999999999
7043,-16.393799999999999,3.1919
7044,-16.2822,3.1938
7045,-16.294599999999999,3.1938
7046,-16.288399999999999,3.1938
7047,-16.294599999999999,3.1938
7048,-16.288399999999999,3.1938
7049,-16.288399999999999,3.1956000000000002
7050,-16.276,3.1956000000000002
7051,-16.288399999999999,3.1956000000000002
7052,-16.288399999999999,3.1956000000000002
7053,-16.288399999999999,3.1956000000000002
7054,-16.294599999999999,3.1956000000000002
7055,-16.294599999999999,3.1956000000000002
7056,-16.306999999999999,3.1956000000000002
7057,-16.288399999999999,3.1956000000000002
7058,-16.288399999999999,3.1956000000000002
7059,-16.276,3.1956000000000002
7060,-16.294599999999999,3.1956000000000002
7061,-16.288399999999999,3.1956000000000002
7062,-16.294599999999999,3.1956000000000002
7063,-16.306999999999999,3.1956000000000002
7064,-16.294599999999999,3.1956000000000002
7065,-16.288399999999999,3.1956000000000002
7066,-16.294599999999999,3.1956000000000002
7067,-16.294599999999999,3.1956000000000002
7068,-16.288399999999999,3.1956000000000002
7069,-16.325600000000001,3.1956000000000002
7070,-16.331800000000001,3.1956000000000002
7071,-16.344200000000001,3.1956000000000002
7072,-16.325600000000001,3.1956000000000002
7073,-27.690899999999999,3.1528999999999998
7074,-28.311,3.1490999999999998
7075,-28.8504,3.1473
7076,-29.396000000000001,3.1436000000000002
7077,-29.9665,3.1398000000000001
7078,-30.5307,3.1379999999999999
7079,-31.119700000000002,3.1343000000000001
7080,-31.684000000000001,3.1324000000000001
7081,-32.285400000000003,3.1286999999999998
7082,-32.924100000000003,3.1267999999999998
7083,-33.525500000000001,3.1231
7084,-34.195099999999996,3.1194000000000002
7085,-34.840000000000003,3.1175000000000002
7086,-35.521999999999998,3.1137999999999999
7087,-36.247500000000002,3.1101000000000001
7088,-36.923299999999998,3.1063000000000001
7089,-37.636400000000002,3.1025999999999998
7090,-38.399000000000001,3.1008
7091,-39.161700000000003,3.097
7092,-39.918100000000003,3.0933000000000002
7093,-24.7333,3.1436000000000002
7094,-24.652699999999999,3.1454
7095,-24.652699999999999,3.1454
7096,-24.6341,3.1473
7097,-24.652699999999999,3.1473
7098,-24.6403,3.1473
7099,-24.658899999999999,3.1473
7100,-24.677499999999998,3.1473
7101,-24.689900000000002,3.1473
7102,-24.696100000000001,3.1473
7103,2.7652999999999999,3.2513999999999998
7104,3.1993999999999998,3.2570000000000001
7105,3.5217999999999998,3.2625999999999999
7106,3.7635999999999998,3.2663000000000002
7107,4.0115999999999996,3.27
7108,4.2472000000000003,3.2719
7109,4.4394,3.2755999999999998
7110,4.6067999999999998,3.2774999999999999
7111,4.7743000000000002,3.2812000000000001
7112,4.8487,3.2831000000000001
7113,4.8796999999999997,3.2848999999999999
7114,4.8859000000000004,3.2867999999999999
7115,4.8487,3.2886000000000002
7116,4.8052999999999999,3.2886000000000002
7117,4.7184999999999997,3.2905000000000002
7118,4.6378000000000004,3.2905000000000002
7119,9.9144000000000005,3.3147000000000002
7120,9.9144000000000005,3.3165
7121,8.9533000000000005,3.3147000000000002
7122,8.7611000000000008,3.3165
7123,7.8868999999999998,3.3128000000000002
7124,7.5953999999999997,3.3147000000000002
7125,6.7211999999999996,3.3128000000000002
7126,6.3987999999999996,3.3109999999999999
7127,8.1534999999999993,3.3184
7128,7.0373999999999999,3.3165
7129,5.8468999999999998,3.3128000000000002
7130,4.6811999999999996,3.3090999999999999
7131,3.6892,3.3054000000000001
7132,2.7281,3.3016999999999999
7133,1.7608999999999999,3.2997999999999998
7134,0.35959999999999998,3.2924000000000002
7135,-0.69440000000000002,3.2886000000000002
7136,-1.3826000000000001,3.2848999999999999
7137,-0.62,3.2886000000000002
7138,-0.62,3.2886000000000002
7139,-0.62,3.2886000000000002
7140,-0.62,3.2886000000000002
7141,-0.62,3.2886000000000002
7142,-0.62,3.2886000000000002
7143,-0.62,3.2886000000000002
7144,-0.62,3.2886000000000002
7145,-0.62,3.2905000000000002
7146,-0.62,3.2905000000000002
7147,-0.62,3.2905000000000002
7148,-0.61380000000000001,3.2905000000000002
7149,-0.61380000000000001,3.2905000000000002
7150,-0.61380000000000001,3.2905000000000002
7151,-0.61380000000000001,3.2905000000000002
7152,-0.62,3.2905000000000002
7153,-0.61380000000000001,3.2905000000000002
7154,-0.62,3.2924000000000002
7155,-0.62,3.2924000000000002
7156,-0.062,3.2942
7157,-0.61380000000000001,3.2924000000000002
7158,-0.61380000000000001,3.2924000000000002
7159,-0.61380000000000001,3.2924000000000002
7160,-0.61380000000000001,3.2924000000000002
7161,-0.62,3.2924000000000002
7162,-0.61380000000000001,3.2924000000000002
7163,-0.61380000000000001,3.2924000000000002
7164,-0.62,3.2942
7165,-0.61380000000000001,3.2942
7166,-0.62619999999999998,3.2942
7167,-0.62,3.2942
7168,-0.62,3.2942
7169,-2.7033,3.2867999999999999
7170,-4.1479999999999997,3.2793000000000001
7171,-5.7415000000000003,3.2738
7172,-7.1738,3.2682000000000002
7173,-2.1019000000000001,3.2848999999999999
7174,-2.0274999999999999,3.2867999999999999
7175,-2.0089000000000001,3.2867999999999999
7176,-2.0089000000000001,3.2886000000000002
7177,-2.0089000000000001,3.2886000000000002
7178,-2.0089000000000001,3.2886000000000002
7179,-2.0089000000000001,3.2886000000000002
7180,-2.0089000000000001,3.2886000000000002
7181,-0.24179999999999999,3.2942
7182,-0.65100000000000002,3.2942
7183,-1.0167999999999999,3.2924000000000002
7184,-1.302,3.2924000000000002
7185,-1.4136,3.2924000000000002
7186,-0.62,3.2942
7187,-0.62,3.2942
7188,-0.62,3.2978999999999998
7189,-0.62,3.2978999999999998
7190,-0.62,3.2978999999999998
7191,-0.62,3.2978999999999998
7192,-0.62,3.2978999999999998
7193,-0.62,3.2978999999999998
7194,-0.62,3.2978999999999998
7195,-0.62,3.2978999999999998
7196,-0.62,3.2978999999999998
7197,-0.62,3.2978999999999998
7198,-0.62,3.2997999999999998
7199,-0.61380000000000001,3.2997999999999998
7200,-0.62,3.2997999999999998
7201,-0.62,3.2997999999999998
7202,-0.62,3.2997999999999998
7203,-0.62,3.2997999999999998
7204,-0.62,3.2997999999999998
7205,-0.62,3.2997999999999998
7206,-0.62,3.2997999999999998
7207,-2.0647000000000002,3.2924000000000002
7208,-2.7776999999999998,3.2905000000000002
7209,-3.621,3.2867999999999999
7210,-4.4580000000000002,3.2831000000000001
7211,-5.1463000000000001,3.2793000000000001
7212,-6.0762999999999998,3.2755999999999998
7213,-6.9939999999999998,3.2719
7214,-7.7131999999999996,3.2682000000000002
7215,-8.8788999999999998,3.2625999999999999
7216,-9.8710000000000004,3.2589000000000001
7217,-10.553000000000001,3.2551999999999999
7218,-11.873699999999999,3.2477
7219,-3.5528,3.2793000000000001
7220,-3.4350000000000001,3.2812000000000001
7221,-3.4411999999999998,3.2812000000000001
7222,-3.4350000000000001,3.2812000000000001
7223,-3.4411999999999998,3.2812000000000001
7224,-3.4411999999999998,3.2812000000000001
7225,-3.4411999999999998,3.2812000000000001
7226,-3.4350000000000001,3.2812000000000001
7227,-3.4411999999999998,3.2812000000000001
7228,-3.4350000000000001,3.2831000000000001
7229,-3.4102000000000001,3.2831000000000001
7230,-3.4163999999999999,3.2831000000000001
7231,-3.4163999999999999,3.2831000000000001
7232,-3.4163999999999999,3.2831000000000001
7233,-3.4163999999999999,3.2831000000000001
7234,-3.4163999999999999,3.2831000000000001
7235,-3.4163999999999999,3.2831000000000001
7236,-3.4163999999999999,3.2831000000000001
7237,-3.4163999999999999,3.2831000000000001
7238,-3.4163999999999999,3.2831000000000001
7239,-3.4163999999999999,3.2831000000000001
7240,-3.4226000000000001,3.2831000000000001
7241,-3.4163999999999999,3.2831000000000001
7242,-3.4163999999999999,3.2831000000000001
7243,1.3206,3.3035000000000001
7244,1.1160000000000001,3.3035000000000001
7245,0.87419999999999998,3.3035000000000001
7246,0.60140000000000005,3.3035000000000001
7247,0.35339999999999999,3.3035000000000001
7248,0.16120000000000001,3.3035000000000001
7249,-0.062,3.3016999999999999
7250,-0.73780000000000001,3.2997999999999998
7251,-1.054,3.2978999999999998
7252,-1.2896000000000001,3.2978999999999998
7253,-1.4136,3.2942
7254,-0.62,3.2997999999999998
7255,-0.61380000000000001,3.2997999999999998
7256,-0.62,3.2997999999999998
7257,-0.61380000000000001,3.3016999999999999
7258,-0.61380000000000001,3.3016999999999999
7259,-0.61380000000000001,3.3016999999999999
7260,-0.61380000000000001,3.3016999999999999
7261,-0.62,3.3016999999999999
7262,-0.62,3.3016999999999999
7263,-0.61380000000000001,3.3016999999999999
7264,-0.62,3.3016999999999999
7265,-0.62,3.3016999999999999
7266,-0.62,3.3016999999999999
7267,-0.62,3.3016999999999999
7268,-0.62,3.3016999999999999
7269,-0.62,3.3035000000000001
7270,-0.62,3.3016999999999999
7271,-0.62,3.3035000000000001
7272,-0.62,3.3035000000000001
7273,-0.62,3.3035000000000001
7274,-0.62,3.3035000000000001
7275,-1.7484999999999999,3.2978999999999998
7276,-2.1204999999999998,3.2978999999999998
7277,-2.5979000000000001,3.2942
7278,-2.9512999999999998,3.2924000000000002
7279,-3.3978000000000002,3.2905000000000002
7280,-3.8317999999999999,3.2867999999999999
7281,-4.4021999999999997,3.2848999999999999
7282,-4.7184999999999997,3.2831000000000001
7283,-5.1649000000000003,3.2812000000000001
7284,-5.6795,3.2793000000000001
7285,-6.3739999999999997,3.2755999999999998
7286,-7.4962,3.27
7287,-6.4546000000000001,3.2738
7288,-7.7317999999999998,3.2682000000000002
7289,-8.2527000000000008,3.2663000000000002
7290,-9.1765000000000008,3.2625999999999999
7291,-9.4060000000000006,3.2606999999999999
7292,-9.8957999999999995,3.2570000000000001
7293,-10.422800000000001,3.2551999999999999
7294,-11.383900000000001,3.2477
7295,-11.4955,3.2477
7296,-12.0535,3.2440000000000002
7297,-12.611599999999999,3.2403
7298,-13.7028,3.2366000000000001
7299,-13.7834,3.2347000000000001
7300,-14.4221,3.2309999999999999
7301,-5.2268999999999997,3.2663000000000002
7302,-5.1029,3.2682000000000002
7303,-5.1090999999999998,3.27
7304,-5.1029,3.27
7305,-5.1029,3.27
7306,-5.1029,3.27
7307,-5.1029,3.27
7308,-5.1215000000000002,3.27
7309,-5.1153000000000004,3.27
7310,-5.1153000000000004,3.2719
7311,-5.1153000000000004,3.2719
7312,-5.1090999999999998,3.2719
7313,0.94240000000000002,3.2978999999999998
7314,0.94240000000000002,3.2978999999999998
7315,0.62619999999999998,3.2978999999999998
7316,0.74399999999999999,3.2997999999999998
7317,0.61380000000000001,3.2997999999999998
7318,0.34100000000000003,3.2997999999999998
7319,0.42159999999999997,3.2997999999999998
7320,0.30380000000000001,3.3016999999999999
7321,-3.6023999999999998,3.2831000000000001
7322,-3.6768000000000001,3.2831000000000001
7323,-3.6768000000000001,3.2831000000000001
7324,-3.6705999999999999,3.2831000000000001
7325,-3.6768000000000001,3.2831000000000001
7326,-3.6705999999999999,3.2831000000000001
7327,-3.6768000000000001,3.2831000000000001
7328,-3.6705999999999999,3.2831000000000001
7329,-3.6705999999999999,3.2831000000000001
7330,-3.6520000000000001,3.2831000000000001
7331,-3.6520000000000001,3.2831000000000001
7332,-3.6520000000000001,3.2831000000000001
7333,-3.6520000000000001,3.2831000000000001
7334,1.6431,3.3054000000000001
7335,1.4446000000000001,3.3054000000000001
7336,1.2834000000000001,3.3054000000000001
7337,0.87419999999999998,3.3054000000000001
7338,0.60140000000000005,3.3054000000000001
7339,0.35959999999999998,3.3054000000000001
7340,0.1116,3.3035000000000001
7341,-0.055800000000000002,3.3016999999999999
7342,-0.69440000000000002,3.3016999999999999
7343,-1.054,3.2997999999999998
7344,-1.2896000000000001,3.2978999999999998
7345,-1.4136,3.2978999999999998
7346,-0.61380000000000001,3.3016999999999999
7347,-0.62,3.3016999999999999
7348,-0.61380000000000001,3.3016999999999999
7349,-0.61380000000000001,3.3016999999999999
7350,-0.61380000000000001,3.3016999999999999
7351,-0.62,3.3016999999999999
7352,-0.61380000000000001,3.3016999999999999
7353,-0.62,3.3035000000000001
7354,-0.62619999999999998,3.3035000000000001
7355,-0.61380000000000001,3.3035000000000001
7356,-0.62,3.3035000000000001
7357,-0.61380000000000001,3.3035000000000001
7358,-0.62,3.3035000000000001
7359,-0.61380000000000001,3.3035000000000001
7360,-0.62,3.3035000000000001
7361,-0.61380000000000001,3.3035000000000001
7362,-0.62,3.3035000000000001
7363,-0.62,3.3035000000000001
7364,-0.61380000000000001,3.3035000000000001
7365,-2.6970999999999998,3.2942
7366,-4.1417999999999999,3.2886000000000002
7367,-5.7725,3.2812000000000001
7368,-7.1738,3.2755999999999998
7369,-2.1391,3.2942
7370,-2.0089000000000001,3.2942
7371,-2.0089000000000001,3.2942
7372,-2.0089000000000001,3.2942
7373,-2.0089000000000001,3.2942
7374,-2.0213000000000001,3.2942
7375,-2.0213000000000001,3.2942
7376,-2.0213000000000001,3.2942
7377,-0.25419999999999998,3.3035000000000001
7378,-0.65100000000000002,3.3016999999999999
7379,-1.0167999999999999,3.3016999999999999
7380,-1.2958000000000001,3.2997999999999998
7381,-1.4136,3.2997999999999998
7382,-0.62,3.3035000000000001
7383,-0.62,3.3035000000000001
7384,-0.63239999999999996,3.3035000000000001
7385,-0.63239999999999996,3.3035000000000001
7386,-0.63239999999999996,3.3035000000000001
7387,-0.63239999999999996,3.3035000000000001
7388,-0.63859999999999995,3.3035000000000001
7389,-0.63239999999999996,3.3035000000000001
7390,-0.63239999999999996,3.3054000000000001
7391,-0.63239999999999996,3.3054000000000001
7392,-0.63239999999999996,3.3054000000000001
7393,-0.62,3.3054000000000001
7394,-0.62,3.3054000000000001
7395,-0.62,3.3054000000000001
7396,-0.61380000000000001,3.3054000000000001
7397,-0.62,3.3054000000000001
7398,-0.61380000000000001,3.3054000000000001
7399,-0.61380000000000001,3.3054000000000001
7400,-0.62,3.3054000000000001
7401,-0.61380000000000001,3.3054000000000001
7402,-0.62,3.3054000000000001
7403,-2.0585,3.2997999999999998
7404,-2.7776999999999998,3.2978999999999998
7405,-3.6147999999999998,3.2924000000000002
7406,-4.4518000000000004,3.2886000000000002
7407,-5.1401000000000003,3.2848999999999999
7408,-6.0949,3.2793000000000001
7409,-6.9753999999999996,3.2755999999999998
7410,-7.6946000000000003,3.2719
7411,-8.8975000000000009,3.2663000000000002
7412,-9.8834,3.2625999999999999
7413,-10.5282,3.2589000000000001
7414,-11.8551,3.2513999999999998
7415,-3.5341999999999998,3.2831000000000001
7416,-3.4163999999999999,3.2848999999999999
7417,-3.4226000000000001,3.2848999999999999
7418,-3.4163999999999999,3.2848999999999999
7419,-3.4163999999999999,3.2848999999999999
7420,-3.4163999999999999,3.2848999999999999
7421,-3.4163999999999999,3.2848999999999999
7422,-3.4163999999999999,3.2867999999999999
7423,-3.4163999999999999,3.2867999999999999
7424,-3.4226000000000001,3.2867999999999999
7425,-3.4226000000000001,3.2867999999999999
7426,-3.4163999999999999,3.2867999999999999
7427,-3.4226000000000001,3.2867999999999999
7428,-3.4163999999999999,3.2867999999999999
7429,-3.4163999999999999,3.2867999999999999
7430,-3.4226000000000001,3.2867999999999999
7431,-3.4411999999999998,3.2848999999999999
7432,-3.4411999999999998,3.2867999999999999
7433,-3.4411999999999998,3.2867999999999999
7434,-3.4411999999999998,3.2848999999999999
7435,-3.4411999999999998,3.2867999999999999
7436,-3.4411999999999998,3.2867999999999999
7437,-3.4411999999999998,3.2867999999999999
7438,-3.4411999999999998,3.2867999999999999
7439,1.3391999999999999,3.3071999999999999
7440,1.1779999999999999,3.3071999999999999
7441,0.89280000000000004,3.3071999999999999
7442,0.61380000000000001,3.3071999999999999
7443,0.37819999999999998,3.3071999999999999
7444,0.1736,3.3054000000000001
7445,-0.19839999999999999,3.3054000000000001
7446,-0.76259999999999994,3.3035000000000001
7447,-1.0726,3.3016999999999999
7448,-1.3206,3.3016999999999999
7449,-1.4321999999999999,3.2997999999999998
7450,-0.63239999999999996,3.3035000000000001
7451,-0.62,3.3035000000000001
7452,-0.61380000000000001,3.3035000000000001
7453,-0.62,3.3035000000000001
7454,-0.62,3.3054000000000001
7455,-0.62,3.3035000000000001
7456,-0.62,3.3054000000000001
7457,-0.62,3.3054000000000001
7458,-0.62,3.3054000000000001
7459,-0.62,3.3054000000000001
7460,-0.61380000000000001,3.3054000000000001
7461,-0.62,3.3054000000000001
7462,-0.62,3.3054000000000001
7463,-0.62,3.3054000000000001
7464,-0.62,3.3054000000000001
7465,-0.61380000000000001,3.3054000000000001
7466,-0.62619999999999998,3.3054000000000001
7467,-0.62,3.3054000000000001
7468,-0.62,3.3054000000000001
7469,-0.62,3.3054000000000001
7470,-0.62,3.3054000000000001
7471,-1.7423,3.3016999999999999
7472,-2.1019000000000001,3.2997999999999998
7473,-2.5731000000000002,3.2978999999999998
7474,-2.9388999999999998,3.2942
7475,-3.3792,3.2924000000000002
7476,-3.8132000000000001,3.2905000000000002
7477,-4.4146000000000001,3.2867999999999999
7478,-4.7061000000000002,3.2867999999999999
7479,-5.1772999999999998,3.2831000000000001
7480,-5.6608999999999998,3.2812000000000001
7481,-6.4236000000000004,3.2774999999999999
7482,-7.4962,3.2738
7483,-6.4917999999999996,3.2755999999999998
7484,-7.7256,3.27
7485,-8.2960999999999991,3.2682000000000002
7486,-9.1827000000000005,3.2625999999999999
7487,-9.4122000000000003,3.2606999999999999
7488,-9.9019999999999992,3.2589000000000001
7489,-10.416600000000001,3.2570000000000001
7490,-11.377700000000001,3.2513999999999998
7491,-11.5265,3.2477
7492,-12.065899999999999,3.2458999999999998
7493,-12.611599999999999,3.2421000000000002
7494,-13.7028,3.2366000000000001
7495,-13.814399999999999,3.2366000000000001
7496,-14.4221,3.2328000000000001
7497,-5.2268999999999997,3.2682000000000002
7498,-5.1029,3.27
7499,-5.1215000000000002,3.27
7500,-5.1153000000000004,3.2719
7501,-5.1153000000000004,3.2719
7502,-5.1215000000000002,3.2719
7503,-5.1153000000000004,3.2719
7504,-5.1215000000000002,3.2719
7505,-5.1153000000000004,3.2719
7506,-5.1153000000000004,3.2719
7507,-5.1215000000000002,3.2719
7508,-5.1153000000000004,3.2719
7509,0.94240000000000002,3.2978999999999998
7510,0.97960000000000003,3.2997999999999998
7511,0.62619999999999998,3.2997999999999998
7512,0.74399999999999999,3.3016999999999999
7513,0.62619999999999998,3.3016999999999999
7514,0.34720000000000001,3.3016999999999999
7515,0.42780000000000001,3.3016999999999999
7516,0.29759999999999998,3.3016999999999999
7517,-3.6023999999999998,3.2848999999999999
7518,-3.6768000000000001,3.2848999999999999
7519,-3.6705999999999999,3.2831000000000001
7520,-3.6705999999999999,3.2848999999999999
7521,-3.6768000000000001,3.2831000000000001
7522,-3.6768000000000001,3.2831000000000001
7523,-3.6768000000000001,3.2848999999999999
7524,-3.6705999999999999,3.2848999999999999
7525,-3.6705999999999999,3.2831000000000001
7526,-3.6705999999999999,3.2831000000000001
7527,-3.6705999999999999,3.2831000000000001
7528,-3.6581999999999999,3.2831000000000001
7529,-3.6520000000000001,3.2831000000000001
7530,1.6431,3.3071999999999999
7531,1.4446000000000001,3.3071999999999999
7532,1.2896000000000001,3.3071999999999999
7533,0.87419999999999998,3.3071999999999999
7534,0.59519999999999995,3.3071999999999999
7535,0.35959999999999998,3.3054000000000001
7536,0.10539999999999999,3.3054000000000001
7537,-0.062,3.3035000000000001
7538,-0.69440000000000002,3.3016999999999999
7539,-1.054,3.3016999999999999
7540,-1.2958000000000001,3.2997999999999998
7541,-1.4136,3.2997999999999998
7542,-0.62,3.3035000000000001
7543,-0.62,3.3035000000000001
7544,-0.61380000000000001,3.3035000000000001
7545,-0.61380000000000001,3.3035000000000001
7546,-0.61380000000000001,3.3035000000000001
7547,-0.61380000000000001,3.3035000000000001
7548,-0.61380000000000001,3.3035000000000001
7549,-0.61380000000000001,3.3035000000000001
7550,-0.62,3.3035000000000001
7551,-0.62,3.3035000000000001
7552,-0.62,3.3035000000000001
7553,-0.62,3.3054000000000001
7554,-0.62,3.3054000000000001
7555,-0.62,3.3054000000000001
7556,-0.62,3.3054000000000001
7557,-0.62,3.3054000000000001
7558,-0.63239999999999996,3.3054000000000001
7559,-0.63859999999999995,3.3054000000000001
7560,-0.63239999999999996,3.3054000000000001
7561,-2.7157,3.2978999999999998
7562,-4.1604000000000001,3.2886000000000002
7563,-5.7849000000000004,3.2812000000000001
7564,-7.1985999999999999,3.2755999999999998
7565,-2.1515,3.2942
7566,-2.0709,3.2978999999999998
7567,-2.0709,3.2978999999999998
7568,-2.0709,3.2978999999999998
7569,-2.0709,3.2978999999999998
7570,-2.0709,3.2978999999999998
7571,-2.0709,3.2978999999999998
7572,-2.0709,3.2978999999999998
7573,-0.27279999999999999,3.3054000000000001
7574,-0.67579999999999996,3.3035000000000001
7575,-1.0354000000000001,3.3016999999999999
7576,-1.2958000000000001,3.3016999999999999
7577,-1.4136,3.3016999999999999
7578,-0.62,3.3054000000000001
7579,-0.62,3.3054000000000001
7580,-0.61380000000000001,3.3054000000000001
7581,-0.61380000000000001,3.3054000000000001
7582,-0.62,3.3054000000000001
7583,-0.62,3.3054000000000001
7584,-0.61380000000000001,3.3054000000000001
7585,-0.62,3.3054000000000001
7586,-0.62,3.3071999999999999
7587,-0.61380000000000001,3.3054000000000001
7588,-0.62,3.3071999999999999
7589,-0.62,3.3071999999999999
7590,-0.62,3.3071999999999999
7591,-0.62,3.3054000000000001
7592,-0.61380000000000001,3.3071999999999999
7593,-0.62,3.3071999999999999
7594,-0.62,3.3071999999999999
7595,-0.61380000000000001,3.3071999999999999
7596,-0.61380000000000001,3.3071999999999999
7597,-0.61380000000000001,3.3071999999999999
7598,-0.62,3.3071999999999999
7599,-2.0585,3.3016999999999999
7600,-2.7776999999999998,3.2978999999999998
7601,-3.621,3.2924000000000002
7602,-4.4518000000000004,3.2886000000000002
7603,-5.1463000000000001,3.2848999999999999
7604,-6.1135000000000002,3.2812000000000001
7605,-7.0250000000000004,3.2774999999999999
7606,-7.7504,3.2738
7607,-8.9161000000000001,3.2682000000000002
7608,-9.9144000000000005,3.2625999999999999
7609,-10.596399999999999,3.2589000000000001
7610,-11.8985,3.2532999999999999
7611,-3.5404,3.2831000000000001
7612,-3.4535999999999998,3.2848999999999999
7613,-3.4535999999999998,3.2848999999999999
7614,-3.4535999999999998,3.2848999999999999
7615,-3.4598,3.2867999999999999
7616,-3.4535999999999998,3.2867999999999999
7617,-3.4598,3.2867999999999999
7618,-3.4598,3.2867999999999999
7619,-3.4598,3.2867999999999999
7620,-3.4660000000000002,3.2867999999999999
7621,-3.4598,3.2867999999999999
7622,-3.4598,3.2867999999999999
7623,-3.4535999999999998,3.2867999999999999
7624,-3.4660000000000002,3.2867999999999999
7625,-3.4598,3.2867999999999999
7626,-3.4598,3.2867999999999999
7627,-3.4598,3.2867999999999999
7628,-3.4535999999999998,3.2867999999999999
7629,-3.4598,3.2867999999999999
7630,-3.4660000000000002,3.2867999999999999
7631,-3.4598,3.2867999999999999
7632,-3.4535999999999998,3.2867999999999999
7633,-3.4598,3.2867999999999999
7634,-3.4598,3.2867999999999999
7635,1.3206,3.3071999999999999
7636,1.1656,3.3090999999999999
7637,0.88039999999999996,3.3090999999999999
7638,0.60140000000000005,3.3090999999999999
7639,0.35959999999999998,3.3071999999999999
7640,0.16120000000000001,3.3071999999999999
7641,-0.055800000000000002,3.3054000000000001
7642,-0.76259999999999994,3.3035000000000001
7643,-1.0664,3.3016999999999999
7644,-1.3144,3.3016999999999999
7645,-1.4321999999999999,3.3016999999999999
7646,-0.61380000000000001,3.3035000000000001
7647,-0.63239999999999996,3.3054000000000001
7648,-0.63239999999999996,3.3054000000000001
7649,-0.61380000000000001,3.3054000000000001
7650,-0.61380000000000001,3.3054000000000001
7651,-0.62,3.3054000000000001
7652,-0.61380000000000001,3.3054000000000001
7653,-0.62,3.3054000000000001
7654,-0.62,3.3054000000000001
7655,-0.61380000000000001,3.3054000000000001
7656,-0.61380000000000001,3.3054000000000001
7657,-0.61380000000000001,3.3054000000000001
7658,-0.61380000000000001,3.3054000000000001
7659,-0.61380000000000001,3.3054000000000001
7660,-0.61380000000000001,3.3054000000000001
7661,-0.61380000000000001,3.3071999999999999
7662,-0.61380000000000001,3.3054000000000001
7663,-0.61380000000000001,3.3071999999999999
7664,-0.61380000000000001,3.3071999999999999
7665,-0.61380000000000001,3.3071999999999999
7666,-0.61380000000000001,3.3071999999999999
7667,-1.7423,3.3035000000000001
7668,-2.1019000000000001,3.3016999999999999
7669,-2.5916999999999999,3.2997999999999998
7670,-2.9388999999999998,3.2978999999999998
7671,-3.3792,3.2942
7672,-3.8132000000000001,3.2905000000000002
7673,-4.4146000000000001,3.2886000000000002
7674,-4.7061000000000002,3.2867999999999999
7675,-5.1772999999999998,3.2848999999999999
7676,-5.6608999999999998,3.2831000000000001
7677,-6.4173999999999998,3.2774999999999999
7678,-7.4962,3.2738
7679,-6.4917999999999996,3.2774999999999999
7680,-7.7256,3.2719
7681,-8.3147000000000002,3.2682000000000002
7682,-9.1702999999999992,3.2645
7683,-9.4184000000000001,3.2625999999999999
7684,-9.9268000000000001,3.2589000000000001
7685,-10.453799999999999,3.2570000000000001
7686,-11.414899999999999,3.2513999999999998
7687,-11.5265,3.2477
7688,-12.0907,3.2458999999999998
7689,-12.661199999999999,3.2421000000000002
7690,-13.7338,3.2366000000000001
7691,-13.857799999999999,3.2347000000000001
7692,-14.446899999999999,3.2328000000000001
7693,-5.2206999999999999,3.2682000000000002
7694,-5.1401000000000003,3.27
7695,-5.1463000000000001,3.27
7696,-5.1401000000000003,3.2719
7697,-5.1463000000000001,3.2719
7698,-5.1463000000000001,3.2719
7699,-5.1463000000000001,3.2719
7700,-5.1463000000000001,3.2719
7701,-5.1401000000000003,3.2719
7702,-5.1401000000000003,3.2719
7703,-5.1401000000000003,3.2719
7704,-5.1463000000000001,3.2738
7705,0.93000000000000005,3.2978999999999998
7706,0.96099999999999997,3.2997999999999998
7707,0.59519999999999995,3.2997999999999998
7708,0.72540000000000004,3.3016999999999999
7709,0.60140000000000005,3.3016999999999999
7710,0.3286,3.3016999999999999
7711,0.39679999999999999,3.3035000000000001
7712,0.28520000000000001,3.3035000000000001
7713,-3.5838000000000001,3.2867999999999999
7714,-3.6581999999999999,3.2848999999999999
7715,-3.6644000000000001,3.2848999999999999
7716,-3.6581999999999999,3.2848999999999999
7717,-3.6581999999999999,3.2848999999999999
7718,-3.6581999999999999,3.2848999999999999
7719,-3.6581999999999999,3.2831000000000001
7720,-3.6581999999999999,3.2848999999999999
7721,-3.6520000000000001,3.2848999999999999
7722,-3.6581999999999999,3.2848999999999999
7723,-3.6457999999999999,3.2848999999999999
7724,-3.6581999999999999,3.2848999999999999
7725,-3.6520000000000001,3.2848999999999999
7726,1.6493,3.3071999999999999
7727,1.4446000000000001,3.3090999999999999
7728,1.2834000000000001,3.3090999999999999
7729,0.88039999999999996,3.3071999999999999
7730,0.60140000000000005,3.3071999999999999
7731,0.35959999999999998,3.3071999999999999
7732,0.10539999999999999,3.3054000000000001
7733,-0.055800000000000002,3.3035000000000001
7734,-0.69440000000000002,3.3016999999999999
7735,-1.054,3.3016999999999999
7736,-1.2958000000000001,3.3016999999999999
7737,-1.4136,3.2997999999999998
7738,-0.62,3.3035000000000001
7739,-0.61380000000000001,3.3035000000000001
7740,-0.62,3.3035000000000001
7741,-0.61380000000000001,3.3035000000000001
7742,-0.62,3.3035000000000001
7743,-0.62,3.3035000000000001
7744,-0.61380000000000001,3.3035000000000001
7745,-0.62619999999999998,3.3035000000000001
7746,-0.62,3.3054000000000001
7747,-0.62,3.3054000000000001
7748,-0.62,3.3054000000000001
7749,-0.62,3.3054000000000001
7750,-0.62,3.3054000000000001
7751,-0.61380000000000001,3.3054000000000001
7752,-0.62,3.3054000000000001
7753,-0.61380000000000001,3.3054000000000001
7754,-0.62,3.3054000000000001
7755,-0.61380000000000001,3.3054000000000001
7756,-0.62,3.3054000000000001
7757,-2.6970999999999998,3.2978999999999998
7758,-4.1479999999999997,3.2905000000000002
7759,-5.7786999999999997,3.2831000000000001
7760,-7.2172000000000001,3.2755999999999998
7761,-2.1391,3.2942
7762,-2.0522999999999998,3.2978999999999998
7763,-2.0522999999999998,3.2978999999999998
7764,-2.0522999999999998,3.2978999999999998
7765,-2.0585,3.2978999999999998
7766,-2.0585,3.2978999999999998
7767,-2.0522999999999998,3.2978999999999998
7768,-2.0461,3.2978999999999998
7769,-0.26040000000000002,3.3054000000000001
7770,-0.65720000000000001,3.3054000000000001
7771,-1.0167999999999999,3.3035000000000001
7772,-1.2896000000000001,3.3016999999999999
7773,-1.4136,3.3016999999999999
7774,-0.61380000000000001,3.3054000000000001
7775,-0.62,3.3054000000000001
7776,-0.61380000000000001,3.3054000000000001
7777,-0.62,3.3054000000000001
7778,-0.62,3.3054000000000001
7779,-0.62,3.3054000000000001
7780,-0.62619999999999998,3.3054000000000001
7781,-0.62,3.3071999999999999
7782,-0.62619999999999998,3.3071999999999999
7783,-0.62,3.3071999999999999
7784,-0.62,3.3071999999999999
7785,-0.61380000000000001,3.3071999999999999
7786,-0.61380000000000001,3.3071999999999999
7787,-0.62,3.3071999999999999
7788,-0.61380000000000001,3.3071999999999999
7789,-0.61380000000000001,3.3071999999999999
7790,-0.62619999999999998,3.3071999999999999
7791,-0.62619999999999998,3.3071999999999999
7792,-0.61380000000000001,3.3071999999999999
7793,-0.62,3.3071999999999999
7794,-0.62,3.3071999999999999
7795,-2.1080999999999999,3.3016999999999999
7796,-2.7776999999999998,3.2997999999999998
7797,-3.6581999999999999,3.2924000000000002
7798,-4.4580000000000002,3.2886000000000002
7799,-5.1463000000000001,3.2867999999999999
7800,-6.1010999999999997,3.2812000000000001
7801,-7.0125999999999999,3.2774999999999999
7802,-7.7256,3.2738
7803,-8.8975000000000009,3.2682000000000002
7804,-9.8957999999999995,3.2625999999999999
7805,-10.590199999999999,3.2589000000000001
7806,-11.886100000000001,3.2532999999999999
7807,-3.5775999999999999,3.2831000000000001
7808,-3.4598,3.2848999999999999
7809,-3.4598,3.2848999999999999
7810,-3.4598,3.2867999999999999
7811,-3.4598,3.2867999999999999
7812,-3.4598,3.2867999999999999
7813,-3.4535999999999998,3.2867999999999999
7814,-3.4598,3.2867999999999999
7815,-3.4598,3.2867999999999999
7816,-3.4660000000000002,3.2867999999999999
7817,-3.4535999999999998,3.2867999999999999
7818,-3.4598,3.2867999999999999
7819,-3.4598,3.2867999999999999
7820,-3.4535999999999998,3.2867999999999999
7821,-3.4598,3.2867999999999999
7822,-3.4598,3.2867999999999999
7823,-3.4660000000000002,3.2867999999999999
7824,-3.4535999999999998,3.2867999999999999
7825,-3.4660000000000002,3.2867999999999999
7826,-3.4598,3.2867999999999999
7827,-3.4598,3.2867999999999999
7828,-3.4598,3.2867999999999999
7829,-3.4598,3.2867999999999999
7830,-3.4598,3.2867999999999999
7831,1.3206,3.3071999999999999
7832,1.1594,3.3090999999999999
7833,0.88039999999999996,3.3090999999999999
7834,0.60760000000000003,3.3071999999999999
7835,0.36580000000000001,3.3071999999999999
7836,0.1736,3.3071999999999999
7837,-0.22320000000000001,3.3054000000000001
7838,-0.75639999999999996,3.3035000000000001
7839,-1.0726,3.3035000000000001
7840,-1.3144,3.3016999999999999
7841,-1.4321999999999999,3.3016999999999999
7842,-0.61380000000000001,3.3054000000000001
7843,-0.61380000000000001,3.3054000000000001
7844,-0.61380000000000001,3.3054000000000001
7845,-0.61380000000000001,3.3054000000000001
7846,-0.61380000000000001,3.3054000000000001
7847,-0.62,3.3054000000000001
7848,-0.61380000000000001,3.3054000000000001
7849,-0.62,3.3054000000000001
7850,-0.62,3.3054000000000001
7851,-0.61380000000000001,3.3054000000000001
7852,-0.62,3.3054000000000001
7853,-0.62,3.3054000000000001
7854,-0.61380000000000001,3.3071999999999999
7855,-0.61380000000000001,3.3071999999999999
7856,-0.62,3.3071999999999999
7857,-0.62,3.3071999999999999
7858,-0.61380000000000001,3.3071999999999999
7859,-0.61380000000000001,3.3071999999999999
7860,-0.62,3.3071999999999999
7861,-0.62,3.3071999999999999
7862,-0.61380000000000001,3.3071999999999999
7863,-1.7546999999999999,3.3035000000000001
7864,-2.1080999999999999,3.3016999999999999
7865,-2.5916999999999999,3.2997999999999998
7866,-2.9823,3.2978999999999998
7867,-3.3854000000000002,3.2942
7868,-3.8193999999999999,3.2905000000000002
7869,-4.4146000000000001,3.2886000000000002
7870,-4.7432999999999996,3.2867999999999999
7871,-5.1835000000000004,3.2848999999999999
7872,-5.6856999999999998,3.2812000000000001
7873,-6.4236000000000004,3.2774999999999999
7874,-7.5271999999999997,3.2738
7875,-6.4917999999999996,3.2755999999999998
7876,-7.7813999999999997,3.2719
7877,-8.2960999999999991,3.2682000000000002
7878,-9.2074999999999996,3.2645
7879,-9.4618000000000002,3.2606999999999999
7880,-9.9453999999999994,3.2589000000000001
7881,-10.4476,3.2570000000000001
7882,-11.414899999999999,3.2513999999999998
7883,-11.569900000000001,3.2477
7884,-12.0907,3.2440000000000002
7885,-12.654999999999999,3.2421000000000002
7886,-13.777200000000001,3.2366000000000001
7887,-13.851599999999999,3.2347000000000001
7888,-14.453099999999999,3.2328000000000001
7889,-5.2145000000000001,3.2682000000000002
7890,-5.1463000000000001,3.27
7891,-5.1401000000000003,3.27
7892,-5.1463000000000001,3.2719
7893,-5.1463000000000001,3.2719
7894,-5.1401000000000003,3.2719
7895,-5.1401000000000003,3.2719
7896,-5.1401000000000003,3.2719
7897,-5.1463000000000001,3.2719
7898,-5.1463000000000001,3.2719
7899,-5.1338999999999997,3.2719
7900,-5.1463000000000001,3.2719
7901,0.93000000000000005,3.2978999999999998
7902,0.97340000000000004,3.2997999999999998
7903,0.61380000000000001,3.2997999999999998
7904,0.74399999999999999,3.3016999999999999
7905,0.62619999999999998,3.3016999999999999
7906,0.34100000000000003,3.3016999999999999
7907,0.42159999999999997,3.3016999999999999
7908,0.29759999999999998,3.3016999999999999
7909,-3.6023999999999998,3.2848999999999999
7910,-3.6705999999999999,3.2848999999999999
7911,-3.6768000000000001,3.2831000000000001
7912,-3.6705999999999999,3.2831000000000001
7913,-3.6705999999999999,3.2831000000000001
7914,-3.6768000000000001,3.2831000000000001
7915,-3.6768000000000001,3.2831000000000001
7916,-3.6768000000000001,3.2848999999999999
7917,-3.6705999999999999,3.2831000000000001
7918,-3.6705999999999999,3.2831000000000001
7919,-3.6768000000000001,3.2831000000000001
7920,-3.6705999999999999,3.2831000000000001
7921,-3.6705999999999999,3.2831000000000001
7922,1.6617,3.3071999999999999
7923,1.4632000000000001,3.3071999999999999
7924,1.302,3.3071999999999999
7925,0.89900000000000002,3.3071999999999999
7926,0.62619999999999998,3.3071999999999999
7927,0.37819999999999998,3.3054000000000001
7928,0.13639999999999999,3.3054000000000001
7929,-0.086800000000000002,3.3035000000000001
7930,-0.71299999999999997,3.3016999999999999
7931,-1.0726,3.3016999999999999
7932,-1.3206,3.2997999999999998
7933,-1.4321999999999999,3.2997999999999998
7934,-0.63239999999999996,3.3035000000000001
7935,-0.62,3.3035000000000001
7936,-0.61380000000000001,3.3035000000000001
7937,-0.61380000000000001,3.3035000000000001
7938,-0.61380000000000001,3.3035000000000001
7939,-0.61380000000000001,3.3035000000000001
7940,-0.62,3.3035000000000001
7941,-0.62,3.3035000000000001
7942,-0.61380000000000001,3.3054000000000001
7943,-0.61380000000000001,3.3054000000000001
7944,-0.61380000000000001,3.3035000000000001
7945,-0.62,3.3054000000000001
7946,-0.61380000000000001,3.3054000000000001
7947,-0.61380000000000001,3.3054000000000001
7948,-0.61380000000000001,3.3054000000000001
7949,-0.61380000000000001,3.3054000000000001
7950,-0.61380000000000001,3.3054000000000001
7951,-0.62,3.3054000000000001
7952,-0.62,3.3054000000000001
7953,-0.62619999999999998,3.3054000000000001
7954,-0.62,3.3054000000000001
7955,-0.62,3.3054000000000001
7956,-0.62,3.3071999999999999
7957,-0.62,3.3071999999999999
7958,-0.62,3.3054000000000001
7959,-0.61380000000000001,3.3071999999999999
7960,-0.62,3.3071999999999999
7961,-0.62,3.3071999999999999
7962,-2.2631000000000001,3.2997999999999998
7963,-3.2242000000000002,3.2942
7964,-4.2286000000000001,3.2905000000000002
7965,-5.2206999999999999,3.2848999999999999
7966,-6.2188999999999997,3.2812000000000001
7967,-2.1143000000000001,3.2978999999999998
7968,-2.0709,3.2978999999999998
7969,-5.6422999999999996,3.2831000000000001
7970,-6.3554000000000004,3.2793000000000001
7971,-7.2172000000000001,3.2738
7972,-7.6946000000000003,3.2719
7973,-8.3766999999999996,3.2682000000000002
7974,-9.0710999999999995,3.2645
7975,-10.094200000000001,3.2589000000000001
7976,-10.553000000000001,3.2570000000000001
7977,-11.191700000000001,3.2532999999999999
7978,-3.7946,3.2812000000000001
7979,-3.7078000000000002,3.2812000000000001
7980,-10.522,3.2551999999999999
7981,-11.1111,3.2513999999999998
7982,-11.235099999999999,3.2513999999999998
7983,-12.1837,3.2440000000000002
7984,-12.7356,3.2403
7985,-13.2874,3.2383999999999999
7986,-13.337,3.2366000000000001
7987,-14.446899999999999,3.2309999999999999
7988,-5.2579000000000002,3.2682000000000002
7989,-5.1401000000000003,3.27
7990,-12.661199999999999,3.2383999999999999
7991,-13.820600000000001,3.2328000000000001
7992,-13.6966,3.2328000000000001
7993,-14.769299999999999,3.2273000000000001
7994,-14.6577,3.2273000000000001
7995,-15.1289,3.2235
7996,-16.288399999999999,3.218
7997,-16.127199999999998,3.218
7998,-16.6418,3.2161
7999,-17.888100000000001,3.2105000000000001
8000,-17.7331,3.2086999999999999
8001,-19.047599999999999,3.2012
8002,-18.886399999999998,3.2012
8003,-8.4138999999999999,3.2403
8004,-8.3394999999999992,3.2421000000000002
8005,-8.3332999999999995,3.2440000000000002
8006,-8.3394999999999992,3.2440000000000002
8007,-8.3394999999999992,3.2440000000000002
8008,-8.3270999999999997,3.2440000000000002
8009,-8.3332999999999995,3.2440000000000002
8010,-8.3332999999999995,3.2458999999999998
8011,-8.3332999999999995,3.2440000000000002
8012,-8.3270999999999997,3.2458999999999998
8013,-8.3270999999999997,3.2458999999999998
8014,-8.3332999999999995,3.2458999999999998
8015,-8.3332999999999995,3.2458999999999998
8016,-8.3270999999999997,3.2458999999999998
8017,-8.3332999999999995,3.2458999999999998
8018,-8.3270999999999997,3.2458999999999998
8019,-8.3332999999999995,3.2458999999999998
8020,-8.3394999999999992,3.2458999999999998
8021,-8.3332999999999995,3.2458999999999998
8022,-8.3270999999999997,3.2458999999999998
8023,-8.3394999999999992,3.2458999999999998
8024,-8.3394999999999992,3.2458999999999998
8025,-8.3332999999999995,3.2458999999999998
8026,-8.3270999999999997,3.2458999999999998
8027,-8.3394999999999992,3.2458999999999998
8028,-8.3332999999999995,3.2458999999999998
8029,-8.3332999999999995,3.2458999999999998
8030,-8.3332999999999995,3.2458999999999998
8031,-8.3332999999999995,3.2458999999999998
8032,-8.3519000000000005,3.2458999999999998
8033,-8.3519000000000005,3.2458999999999998
8034,-8.3394999999999992,3.2458999999999998
8035,-8.3519000000000005,3.2458999999999998
8036,-8.3519000000000005,3.2440000000000002
8037,-8.3519000000000005,3.2458999999999998
8038,-8.3581000000000003,3.2458999999999998
8039,-8.3457000000000008,3.2458999999999998
8040,-8.3519000000000005,3.2440000000000002
8041,-8.3519000000000005,3.2440000000000002
8042,-8.3457000000000008,3.2458999999999998
8043,-8.3457000000000008,3.2458999999999998
8044,-8.3519000000000005,3.2458999999999998
8045,-8.3519000000000005,3.2458999999999998
8046,-8.3457000000000008,3.2440000000000002
8047,-8.3519000000000005,3.2440000000000002
8048,-8.3519000000000005,3.2440000000000002
8049,-8.3519000000000005,3.2440000000000002
8050,-8.3519000000000005,3.2440000000000002
8051,-8.3394999999999992,3.2458999999999998
8052,-8.3394999999999992,3.2440000000000002
8053,3.8441999999999998,3.2942
8054,3.8504,3.2997999999999998
8055,3.6892,3.3016999999999999
8056,3.5217999999999998,3.3016999999999999
8057,3.3296000000000001,3.3016999999999999
8058,3.1621999999999999,3.3035000000000001
8059,2.9699,3.3035000000000001
8060,2.7652999999999999,3.3035000000000001
8061,-4.9912999999999998,3.2719
8062,-5.1401000000000003,3.27
8063,-5.1463000000000001,3.27
8064,-5.1463000000000001,3.27
8065,-5.1401000000000003,3.27
8066,-5.1649000000000003,3.2682000000000002
8067,-5.1586999999999996,3.2682000000000002
8068,-5.1586999999999996,3.2682000000000002
8069,-5.1586999999999996,3.2682000000000002
8070,-5.1586999999999996,3.2682000000000002
8071,-5.1524999999999999,3.2682000000000002
8072,-5.1586999999999996,3.2682000000000002
8073,-5.1586999999999996,3.2682000000000002
8074,-5.1586999999999996,3.2682000000000002
8075,-5.1586999999999996,3.2682000000000002
8076,-5.1586999999999996,3.2682000000000002
8077,-5.1586999999999996,3.2682000000000002
8078,-5.1586999999999996,3.2682000000000002
8079,-5.1401000000000003,3.2682000000000002
8080,-5.1401000000000003,3.2682000000000002
8081,-5.1401000000000003,3.2682000000000002
8082,-5.1401000000000003,3.2682000000000002
8083,-5.1463000000000001,3.2682000000000002
8084,-5.1338999999999997,3.2682000000000002
8085,-5.1401000000000003,3.2682000000000002
8086,-5.1401000000000003,3.2682000000000002
8087,-5.1463000000000001,3.2682000000000002
8088,-5.1463000000000001,3.2682000000000002
8089,-5.1338999999999997,3.2682000000000002
8090,-5.1463000000000001,3.2682000000000002
8091,-5.1401000000000003,3.2682000000000002
8092,-5.1401000000000003,3.2682000000000002
8093,-5.1401000000000003,3.2682000000000002
8094,-5.1401000000000003,3.2682000000000002
8095,-5.1401000000000003,3.2682000000000002
8096,-5.1338999999999997,3.2682000000000002
8097,-5.1401000000000003,3.2682000000000002
8098,-5.1401000000000003,3.2682000000000002
8099,-5.1463000000000001,3.2682000000000002
8100,-5.1401000000000003,3.2682000000000002
8101,-5.1463000000000001,3.2682000000000002
8102,-5.1338999999999997,3.2682000000000002
8103,-5.1401000000000003,3.2682000000000002
8104,-5.1401000000000003,3.2682000000000002
8105,-5.1338999999999997,3.2682000000000002
8106,-5.1401000000000003,3.2682000000000002
8107,-5.1401000000000003,3.2682000000000002
8108,-5.1401000000000003,3.2682000000000002
8109,-5.1463000000000001,3.2682000000000002
8110,-5.1401000000000003,3.2682000000000002
8111,-5.1463000000000001,3.2682000000000002
8112,-5.1463000000000001,3.2682000000000002
8113,-5.1401000000000003,3.2682000000000002
8114,-5.1401000000000003,3.2682000000000002
8115,-5.1401000000000003,3.2682000000000002
8116,-5.1463000000000001,3.2682000000000002
8117,-5.1463000000000001,3.2682000000000002
8118,-5.1463000000000001,3.2682000000000002
8119,-5.1401000000000003,3.2682000000000002
8120,-5.1586999999999996,3.2682000000000002
8121,-5.1649000000000003,3.2682000000000002
8122,-5.1586999999999996,3.2682000000000002
8123,-5.1586999999999996,3.2682000000000002
8124,-5.1524999999999999,3.2682000000000002
8125,-5.1586999999999996,3.2682000000000002
8126,-5.1524999999999999,3.2682000000000002
8127,-5.1586999999999996,3.2682000000000002
8128,-5.1524999999999999,3.2682000000000002
8129,-5.1524999999999999,3.2682000000000002
8130,-12.717000000000001,3.2366000000000001
8131,-13.870200000000001,3.2309999999999999
8132,-13.7462,3.2309999999999999
8133,-14.8375,3.2254
8134,-14.694900000000001,3.2235
8135,-15.184699999999999,3.2216999999999998
8136,-16.338000000000001,3.2161
8137,-16.183,3.2161
8138,-16.697600000000001,3.2124000000000001
8139,-17.9377,3.2067999999999999
8140,-17.764099999999999,3.2067999999999999
8141,-19.097200000000001,3.1993999999999998
8142,-18.936,3.1974999999999998
8143,-8.4573,3.2383999999999999
8144,-8.3332999999999995,3.2383999999999999
8145,-8.3270999999999997,3.2403
8146,-8.3270999999999997,3.2403
8147,-8.3457000000000008,3.2403
8148,-8.3519000000000005,3.2403
8149,-8.3519000000000005,3.2403
8150,-8.3332999999999995,3.2421000000000002
8151,-8.3332999999999995,3.2421000000000002
8152,-8.3332999999999995,3.2421000000000002
8153,-8.3332999999999995,3.2421000000000002
8154,-8.3332999999999995,3.2421000000000002
8155,-8.3270999999999997,3.2421000000000002
8156,-8.3332999999999995,3.2421000000000002
8157,-8.3332999999999995,3.2421000000000002
8158,-8.3332999999999995,3.2421000000000002
8159,-8.3332999999999995,3.2421000000000002
8160,-8.3332999999999995,3.2421000000000002
8161,-8.3394999999999992,3.2421000000000002
8162,-8.3270999999999997,3.2421000000000002
8163,-8.3394999999999992,3.2421000000000002
8164,-8.3394999999999992,3.2421000000000002
8165,-8.3332999999999995,3.2421000000000002
8166,-8.3332999999999995,3.2421000000000002
8167,-8.3332999999999995,3.2421000000000002
8168,-8.3332999999999995,3.2421000000000002
8169,-8.3270999999999997,3.2421000000000002
8170,-8.3332999999999995,3.2421000000000002
8171,-8.3332999999999995,3.2421000000000002
8172,-8.3332999999999995,3.2421000000000002
8173,-8.3394999999999992,3.2421000000000002
8174,-8.3332999999999995,3.2421000000000002
8175,-8.3704999999999998,3.2421000000000002
8176,-8.3766999999999996,3.2421000000000002
8177,-8.3766999999999996,3.2421000000000002
8178,-8.3704999999999998,3.2421000000000002
8179,-8.3704999999999998,3.2421000000000002
8180,-8.3704999999999998,3.2421000000000002
8181,-8.3704999999999998,3.2421000000000002
8182,-8.3766999999999996,3.2421000000000002
8183,-8.3704999999999998,3.2421000000000002
8184,-8.3704999999999998,3.2421000000000002
8185,-8.3704999999999998,3.2421000000000002
8186,-8.3890999999999991,3.2421000000000002
8187,-8.3890999999999991,3.2421000000000002
8188,-8.3766999999999996,3.2421000000000002
8189,-8.3890999999999991,3.2421000000000002
8190,-8.3704999999999998,3.2421000000000002
8191,-8.3704999999999998,3.2421000000000002
8192,-8.3890999999999991,3.2421000000000002
8193,-14.7135,3.218
8194,-14.310499999999999,3.218
8195,-15.2653,3.2141999999999999
8196,-14.8003,3.2141999999999999
8197,-15.792400000000001,3.2105000000000001
8198,-15.3025,3.2105000000000001
8199,-16.3504,3.2067999999999999
8200,-16.6356,3.2031000000000001
8201,-16.108599999999999,3.2067999999999999
8202,-17.1875,3.1993999999999998
8203,-16.678999999999998,3.2012
8204,-17.795100000000001,3.1956000000000002
8205,-17.237100000000002,3.1974999999999998
8206,-18.402699999999999,3.1919
8207,-18.7624,3.1919
8208,-18.1175,3.1919
8209,-19.351400000000002,3.1882000000000001
8210,-18.75,3.1901000000000002
8211,-19.996200000000002,3.1844999999999999
8212,-19.3948,3.1863000000000001
8213,-20.659700000000001,3.1808000000000001
8214,-21.031700000000001,3.1789000000000001
8215,-20.3931,3.1808000000000001
8216,-21.757100000000001,3.1751999999999998
8217,-21.081299999999999,3.177
8218,-22.476400000000002,3.1715
8219,-21.7943,3.1732999999999998
8220,-23.183199999999999,3.1677
8221,-23.6111,3.1659000000000002
8222,-22.8918,3.1677
8223,-24.3675,3.1621999999999999
8224,-23.660699999999999,3.1640000000000001
8225,-25.167400000000001,3.1566000000000001
8226,-24.423300000000001,3.1566000000000001
8227,-26.0106,3.1509999999999998
8228,-16.3628,3.1863000000000001
8229,-16.288399999999999,3.1882000000000001
8230,-16.288399999999999,3.1882000000000001
8231,-16.294599999999999,3.1882000000000001
8232,-16.288399999999999,3.1882000000000001
8233,-16.306999999999999,3.1882000000000001
8234,-16.288399999999999,3.1882000000000001
8235,-16.294599999999999,3.1882000000000001
8236,-16.294599999999999,3.1901000000000002
8237,-16.288399999999999,3.1882000000000001
8238,-16.288399999999999,3.1901000000000002
8239,-16.294599999999999,3.1882000000000001
8240,-16.294599999999999,3.1901000000000002
8241,-16.294599999999999,3.1882000000000001
8242,-16.288399999999999,3.1901000000000002
8243,-16.294599999999999,3.1901000000000002
8244,-16.294599999999999,3.1882000000000001
8245,-16.288399999999999,3.1882000000000001
8246,-16.306999999999999,3.1882000000000001
8247,-16.313199999999998,3.1901000000000002
8248,-16.313199999999998,3.1901000000000002
8249,-16.313199999999998,3.1882000000000001
8250,-16.319400000000002,3.1901000000000002
8251,-16.313199999999998,3.1882000000000001
8252,-16.319400000000002,3.1882000000000001
8253,-16.319400000000002,3.1882000000000001
8254,-16.3566,3.1882000000000001
8255,-16.344200000000001,3.1882000000000001
8256,-16.344200000000001,3.1882000000000001
8257,-16.338000000000001,3.1882000000000001
8258,-27.721900000000002,3.1473
8259,-28.354399999999998,3.1436000000000002
8260,-28.869,3.1398000000000001
8261,-29.427,3.1360999999999999
8262,-29.978899999999999,3.1343000000000001
8263,-30.543099999999999,3.1305000000000001
8264,-31.144500000000001,3.1286999999999998
8265,-31.7088,3.125
8266,-32.297800000000002,3.1231
8267,-32.942700000000002,3.1194000000000002
8268,-33.5503,3.1175000000000002
8269,-34.226100000000002,3.1137999999999999
8270,-34.858600000000003,3.1082000000000001
8271,-35.552999999999997,3.1063000000000001
8272,-36.253700000000002,3.1025999999999998
8273,-36.954300000000003,3.1008
8274,-37.661200000000001,3.097
8275,-38.399000000000001,3.0933000000000002
8276,-39.155500000000004,3.0914999999999999
8277,-39.924300000000002,3.0876999999999999
8278,-24.7333,3.1379999999999999
8279,-24.658899999999999,3.1398000000000001
8280,-24.658899999999999,3.1398000000000001
8281,-24.665099999999999,3.1398000000000001
8282,-24.658899999999999,3.1398000000000001
8283,-24.658899999999999,3.1417000000000002
8284,-24.652699999999999,3.1398000000000001
8285,-24.689900000000002,3.1417000000000002
8286,-24.689900000000002,3.1417000000000002
8287,-24.689900000000002,3.1417000000000002
8288,2.7715000000000001,3.2440000000000002
8289,3.1993999999999998,3.2513999999999998
8290,3.528,3.2551999999999999
8291,3.7635999999999998,3.2589000000000001
8292,4.0115999999999996,3.2625999999999999
8293,4.2472000000000003,3.2663000000000002
8294,4.4394,3.2682000000000002
8295,4.6067999999999998,3.2719
8296,4.7680999999999996,3.2738
8297,4.8425000000000002,3.2755999999999998
8298,4.8796999999999997,3.2774999999999999
8299,4.8796999999999997,3.2793000000000001
8300,4.8425000000000002,3.2812000000000001
8301,4.7991000000000001,3.2831000000000001
8302,4.7247000000000003,3.2831000000000001
8303,4.6440000000000001,3.2848999999999999
8304,9.9144000000000005,3.3071999999999999
8305,9.9206000000000003,3.3090999999999999
8306,8.9595000000000002,3.3071999999999999
8307,8.7673000000000005,3.3090999999999999
8308,7.8868999999999998,3.3071999999999999
8309,7.6016000000000004,3.3071999999999999
8310,6.7211999999999996,3.3054000000000001
8311,6.3925999999999998,3.3054000000000001
8312,8.1534999999999993,3.3128000000000002
8313,7.0373999999999999,3.3090999999999999
8314,5.8468999999999998,3.3054000000000001
8315,4.6875,3.3016999999999999
8316,3.6829999999999998,3.2997999999999998
8317,2.7281,3.2942
8318,1.7608999999999999,3.2905000000000002
8319,0.35959999999999998,3.2848999999999999
8320,-0.69440000000000002,3.2812000000000001
8321,-1.3702000000000001,3.2793000000000001
8322,-0.62,3.2812000000000001
8323,-0.61380000000000001,3.2812000000000001
8324,-0.61380000000000001,3.2812000000000001
8325,-0.62,3.2812000000000001
8326,-0.61380000000000001,3.2812000000000001
8327,-0.61380000000000001,3.2812000000000001
8328,-0.62619999999999998,3.2831000000000001
8329,-0.62,3.2831000000000001
8330,-0.62,3.2831000000000001
8331,-0.61380000000000001,3.2831000000000001
8332,-0.61380000000000001,3.2831000000000001
8333,-0.61380000000000001,3.2831000000000001
8334,-0.62619999999999998,3.2848999999999999
8335,-0.61380000000000001,3.2831000000000001
8336,-0.61380000000000001,3.2831000000000001
8337,-0.61380000000000001,3.2848999999999999
8338,-0.61380000000000001,3.2848999999999999
8339,-0.62,3.2848999999999999
8340,-0.62,3.2848999999999999
8341,-0.062,3.2867999999999999
8342,-0.61380000000000001,3.2848999999999999
8343,-0.61380000000000001,3.2848999999999999
8344,-0.61380000000000001,3.2848999999999999
8345,-0.62,3.2848999999999999
8346,-0.61380000000000001,3.2867999999999999
8347,-0.61380000000000001,3.2867999999999999
8348,-0.62,3.2867999999999999
8349,-0.61380000000000001,3.2867999999999999
8350,-0.62,3.2867999999999999
8351,-0.62,3.2867999999999999
8352,-0.62,3.2867999999999999
8353,-0.62,3.2867999999999999
8354,-2.6970999999999998,3.2793000000000001
8355,-4.1417999999999999,3.2738
8356,-5.7352999999999996,3.2682000000000002
8357,-7.1738,3.2606999999999999
8358,-2.1019000000000001,3.2793000000000001
8359,-2.0213000000000001,3.2812000000000001
8360,-2.0213000000000001,3.2812000000000001
8361,-2.0213000000000001,3.2812000000000001
8362,-2.0213000000000001,3.2812000000000001
8363,-2.0089000000000001,3.2812000000000001
8364,-2.0089000000000001,3.2812000000000001
8365,-2.0089000000000001,3.2812000000000001
8366,-0.25419999999999998,3.2886000000000002
8367,-0.65100000000000002,3.2867999999999999
8368,-1.0105999999999999,3.2867999999999999
8369,-1.2958000000000001,3.2848999999999999
8370,-1.4136,3.2848999999999999
8371,-0.62,3.2867999999999999
8372,-0.62,3.2886000000000002
8373,-0.62,3.2886000000000002
8374,-0.62,3.2886000000000002
8375,-0.62,3.2886000000000002
8376,-0.62,3.2886000000000002
8377,-0.62,3.2886000000000002
8378,-0.63239999999999996,3.2905000000000002
8379,-0.63859999999999995,3.2905000000000002
8380,-0.63239999999999996,3.2905000000000002
8381,-0.63239999999999996,3.2905000000000002
8382,-0.63239999999999996,3.2905000000000002
8383,-0.63239999999999996,3.2905000000000002
8384,-0.63239999999999996,3.2905000000000002
8385,-0.63239999999999996,3.2905000000000002
8386,-0.63859999999999995,3.2905000000000002
8387,-0.63859999999999995,3.2905000000000002
8388,-0.63859999999999995,3.2905000000000002
8389,-0.63859999999999995,3.2905000000000002
8390,-0.63239999999999996,3.2924000000000002
8391,-0.63239999999999996,3.2924000000000002
8392,-2.0709,3.2867999999999999
8393,-2.8025000000000002,3.2831000000000001
8394,-3.6457999999999999,3.2793000000000001
8395,-4.4766000000000004,3.2755999999999998
8396,-5.1586999999999996,3.2738
8397,-6.0762999999999998,3.27
8398,-6.9939999999999998,3.2645
8399,-7.7131999999999996,3.2606999999999999
8400,-8.8788999999999998,3.2551999999999999
8401,-9.8710000000000004,3.2513999999999998
8402,-10.559200000000001,3.2458999999999998
8403,-11.873699999999999,3.2403
8404,-3.5528,3.2719
8405,-3.4411999999999998,3.2738
8406,-3.4411999999999998,3.2738
8407,-3.4474,3.2755999999999998
8408,-3.4411999999999998,3.2755999999999998
8409,-3.4411999999999998,3.2755999999999998
8410,-3.4474,3.2755999999999998
8411,-3.4474,3.2755999999999998
8412,-3.4474,3.2755999999999998
8413,-3.4411999999999998,3.2755999999999998
8414,-3.4350000000000001,3.2755999999999998
8415,-3.4411999999999998,3.2755999999999998
8416,-3.4411999999999998,3.2755999999999998
8417,-3.4411999999999998,3.2755999999999998
8418,-3.4411999999999998,3.2755999999999998
8419,-3.4411999999999998,3.2755999999999998
8420,-3.4226000000000001,3.2755999999999998
8421,-3.4163999999999999,3.2774999999999999
8422,-3.4163999999999999,3.2774999999999999
8423,-3.4163999999999999,3.2774999999999999
8424,-3.4163999999999999,3.2774999999999999
8425,-3.4102000000000001,3.2774999999999999
8426,-3.4163999999999999,3.2774999999999999
8427,-3.4163999999999999,3.2774999999999999
8428,1.3144,3.2942
8429,1.1160000000000001,3.2978999999999998
8430,0.88039999999999996,3.2978999999999998
8431,0.60140000000000005,3.2978999999999998
8432,0.36580000000000001,3.2942
8433,0.155,3.2942
8434,-0.068199999999999997,3.2942
8435,-0.73160000000000003,3.2905000000000002
8436,-1.054,3.2905000000000002
8437,-1.2958000000000001,3.2886000000000002
8438,-1.4136,3.2886000000000002
8439,-0.62,3.2924000000000002
8440,-0.62,3.2924000000000002
8441,-0.62,3.2924000000000002
8442,-0.62,3.2924000000000002
8443,-0.62,3.2924000000000002
8444,-0.62,3.2924000000000002
8445,-0.61380000000000001,3.2924000000000002
8446,-0.61380000000000001,3.2924000000000002
8447,-0.62,3.2924000000000002
8448,-0.61380000000000001,3.2924000000000002
8449,-0.62,3.2942
8450,-0.62,3.2942
8451,-0.61380000000000001,3.2942
8452,-0.61380000000000001,3.2942
8453,-0.61380000000000001,3.2942
8454,-0.61380000000000001,3.2942
8455,-0.61380000000000001,3.2942
8456,-0.62,3.2942
8457,-0.62,3.2942
8458,-0.62,3.2942
8459,-0.62,3.2942
8460,-1.7423,3.2905000000000002
8461,-2.1019000000000001,3.2886000000000002
8462,-2.5731000000000002,3.2867999999999999
8463,-2.9451000000000001,3.2848999999999999
8464,-3.3792,3.2831000000000001
8465,-3.8132000000000001,3.2812000000000001
8466,-4.3836000000000004,3.2793000000000001
8467,-4.6936999999999998,3.2774999999999999
8468,-5.1338999999999997,3.2755999999999998
8469,-5.6547000000000001,3.2719
8470,-6.3677999999999999,3.27
8471,-7.4962,3.2645
8472,-6.4546000000000001,3.2682000000000002
8473,-7.7256,3.2625999999999999
8474,-8.2464999999999993,3.2606999999999999
8475,-9.1827000000000005,3.2551999999999999
8476,-9.4060000000000006,3.2532999999999999
8477,-9.8895999999999997,3.2513999999999998
8478,-10.416600000000001,3.2458999999999998
8479,-11.383900000000001,3.2421000000000002
8480,-11.4955,3.2403
8481,-12.0473,3.2383999999999999
8482,-12.611599999999999,3.2347000000000001
8483,-13.6966,3.2290999999999999
8484,-13.777200000000001,3.2290999999999999
8485,-14.415900000000001,3.2254
8486,-5.2145000000000001,3.2606999999999999
8487,-5.1029,3.2625999999999999
8488,-5.1029,3.2625999999999999
8489,-5.1029,3.2645
8490,-5.0967000000000002,3.2645
8491,-5.1029,3.2645
8492,-5.0967000000000002,3.2645
8493,-5.0904999999999996,3.2645
8494,-5.0967000000000002,3.2645
8495,-5.1029,3.2645
8496,-5.1029,3.2645
8497,-5.0904999999999996,3.2645
8498,0.92379999999999995,3.2886000000000002
8499,0.93000000000000005,3.2905000000000002
8500,0.60140000000000005,3.2905000000000002
8501,0.72540000000000004,3.2924000000000002
8502,0.60140000000000005,3.2924000000000002
8503,0.31619999999999998,3.2924000000000002
8504,0.39679999999999999,3.2924000000000002
8505,0.28520000000000001,3.2924000000000002
8506,-3.5775999999999999,3.2774999999999999
8507,-3.6581999999999999,3.2774999999999999
8508,-3.6520000000000001,3.2774999999999999
8509,-3.6520000000000001,3.2774999999999999
8510,-3.6520000000000001,3.2774999999999999
8511,-3.6520000000000001,3.2774999999999999
8512,-3.6520000000000001,3.2755999999999998
8513,-3.6581999999999999,3.2774999999999999
8514,-3.6520000000000001,3.2755999999999998
8515,-3.6520000000000001,3.2755999999999998
8516,-3.6581999999999999,3.2774999999999999
8517,-3.6581999999999999,3.2774999999999999
8518,-3.6520000000000001,3.2774999999999999
8519,1.6493,3.2997999999999998
8520,1.4446000000000001,3.2997999999999998
8521,1.2834000000000001,3.2997999999999998
8522,0.88039999999999996,3.2997999999999998
8523,0.60140000000000005,3.2978999999999998
8524,0.35959999999999998,3.2978999999999998
8525,0.1116,3.2978999999999998
8526,-0.062,3.2942
8527,-0.69440000000000002,3.2924000000000002
8528,-1.054,3.2924000000000002
8529,-1.2896000000000001,3.2905000000000002
8530,-1.4198,3.2905000000000002
8531,-0.61380000000000001,3.2942
8532,-0.61380000000000001,3.2942
8533,-0.61380000000000001,3.2942
8534,-0.61380000000000001,3.2942
8535,-0.61380000000000001,3.2942
8536,-0.61380000000000001,3.2942
8537,-0.62,3.2942
8538,-0.62,3.2942
8539,-0.62,3.2942
8540,-0.62619999999999998,3.2942
8541,-0.62,3.2942
8542,-0.62,3.2978999999999998
8543,-0.62,3.2978999999999998
8544,-0.62,3.2978999999999998
8545,-0.61380000000000001,3.2978999999999998
8546,-0.61380000000000001,3.2978999999999998
8547,-0.62,3.2978999999999998
8548,-0.62,3.2978999999999998
8549,-0.61380000000000001,3.2978999999999998
8550,-2.7033,3.2886000000000002
8551,-4.1294000000000004,3.2831000000000001
8552,-5.7786999999999997,3.2755999999999998
8553,-7.1676000000000002,3.2682000000000002
8554,-2.1391,3.2867999999999999
8555,-2.0089000000000001,3.2886000000000002
8556,-2.0213000000000001,3.2886000000000002
8557,-2.0274999999999999,3.2886000000000002
8558,-2.0274999999999999,3.2886000000000002
8559,-2.0213000000000001,3.2886000000000002
8560,-2.0213000000000001,3.2886000000000002
8561,-2.0213000000000001,3.2886000000000002
8562,-0.25419999999999998,3.2978999999999998
8563,-0.65720000000000001,3.2942
8564,-1.0167999999999999,3.2942
8565,-1.2958000000000001,3.2924000000000002
8566,-1.4198,3.2924000000000002
8567,-0.62,3.2978999999999998
8568,-0.62,3.2978999999999998
8569,-0.62,3.2978999999999998
8570,-0.62,3.2978999999999998
8571,-0.62,3.2978999999999998
8572,-0.62,3.2978999999999998
8573,-0.62,3.2978999999999998
8574,-0.62,3.2997999999999998
8575,-0.62,3.2978999999999998
8576,-0.62,3.2978999999999998
8577,-0.62,3.2997999999999998
8578,-0.62,3.2997999999999998
8579,-0.62,3.2997999999999998
8580,-0.62,3.2997999999999998
8581,-0.62,3.2997999999999998
8582,-0.62,3.2997999999999998
8583,-0.62,3.2997999999999998
8584,-0.62619999999999998,3.2997999999999998
8585,-0.62,3.2997999999999998
8586,-0.63239999999999996,3.2997999999999998
8587,-0.63859999999999995,3.2997999999999998
8588,-2.0709,3.2924000000000002
8589,-2.7900999999999998,3.2886000000000002
8590,-3.6457999999999999,3.2848999999999999
8591,-4.4703999999999997,3.2812000000000001
8592,-5.1586999999999996,3.2774999999999999
8593,-6.1135000000000002,3.2738
8594,-6.9939999999999998,3.27
8595,-7.7069999999999999,3.2663000000000002
8596,-8.9161000000000001,3.2606999999999999
8597,-9.9144000000000005,3.2551999999999999
8598,-10.553000000000001,3.2513999999999998
8599,-11.879899999999999,3.2440000000000002
8600,-3.5528,3.2774999999999999
8601,-3.4350000000000001,3.2774999999999999
8602,-3.4411999999999998,3.2793000000000001
8603,-3.4226000000000001,3.2793000000000001
8604,-3.4163999999999999,3.2793000000000001
8605,-3.4226000000000001,3.2793000000000001
8606,-3.4102000000000001,3.2793000000000001
8607,-3.4102000000000001,3.2793000000000001
8608,-3.4163999999999999,3.2793000000000001
8609,-3.4163999999999999,3.2793000000000001
8610,-3.4102000000000001,3.2793000000000001
8611,-3.4102000000000001,3.2793000000000001
8612,-3.4163999999999999,3.2812000000000001
8613,-3.4163999999999999,3.2812000000000001
8614,-3.4102000000000001,3.2812000000000001
8615,-3.4163999999999999,3.2812000000000001
8616,-3.4163999999999999,3.2812000000000001
8617,-3.4102000000000001,3.2812000000000001
8618,-3.4102000000000001,3.2812000000000001
8619,-3.4163999999999999,3.2793000000000001
8620,-3.4163999999999999,3.2812000000000001
8621,-3.4163999999999999,3.2812000000000001
8622,-3.4163999999999999,3.2812000000000001
8623,-3.4163999999999999,3.2812000000000001
8624,1.3206,3.3016999999999999
8625,1.1594,3.3016999999999999
8626,0.87419999999999998,3.3016999999999999
8627,0.59519999999999995,3.3016999999999999
8628,0.35959999999999998,3.3016999999999999
8629,0.155,3.2997999999999998
8630,-0.062,3.2997999999999998
8631,-0.73780000000000001,3.2978999999999998
8632,-1.054,3.2942
8633,-1.302,3.2942
8634,-1.4136,3.2924000000000002
8635,-0.61380000000000001,3.2978999999999998
8636,-0.61380000000000001,3.2978999999999998
8637,-0.62,3.2978999999999998
8638,-0.62,3.2997999999999998
8639,-0.62,3.2997999999999998
8640,-0.62,3.2978999999999998
8641,-0.62,3.2997999999999998
8642,-0.62,3.2997999999999998
8643,-0.62,3.2997999999999998
8644,-0.62,3.2997999999999998
8645,-0.62,3.2997999999999998
8646,-0.62,3.2997999999999998
8647,-0.62,3.2997999999999998
8648,-0.62,3.2997999999999998
8649,-0.62,3.2997999999999998
8650,-0.63239999999999996,3.2997999999999998
8651,-0.63239999999999996,3.2997999999999998
8652,-0.63239999999999996,3.2997999999999998
8653,-0.63239999999999996,3.2997999999999998
8654,-0.63239999999999996,3.2997999999999998
8655,-0.63859999999999995,3.2997999999999998
8656,-1.7608999999999999,3.2942
8657,-2.1204999999999998,3.2924000000000002
8658,-2.5916999999999999,3.2905000000000002
8659,-2.9388999999999998,3.2886000000000002
8660,-3.3854000000000002,3.2867999999999999
8661,-3.8193999999999999,3.2848999999999999
8662,-4.4146000000000001,3.2812000000000001
8663,-4.6875,3.2812000000000001
8664,-5.1772999999999998,3.2774999999999999
8665,-5.6608999999999998,3.2755999999999998
8666,-6.4173999999999998,3.2719
8667,-7.4962,3.2682000000000002
8668,-6.4917999999999996,3.27
8669,-7.7256,3.2645
8670,-8.3023000000000007,3.2606999999999999
8671,-9.1827000000000005,3.2570000000000001
8672,-9.4122000000000003,3.2551999999999999
8673,-9.9144000000000005,3.2532999999999999
8674,-10.422800000000001,3.2477
8675,-11.383900000000001,3.2440000000000002
8676,-11.5389,3.2421000000000002
8677,-12.065899999999999,3.2383999999999999
8678,-12.617800000000001,3.2366000000000001
8679,-13.709,3.2309999999999999
8680,-13.808199999999999,3.2290999999999999
8681,-14.415900000000001,3.2273000000000001
8682,-5.2393000000000001,3.2625999999999999
8683,-5.1153000000000004,3.2625999999999999
8684,-5.1153000000000004,3.2645
8685,-5.1153000000000004,3.2645
8686,-5.1153000000000004,3.2645
8687,-5.1215000000000002,3.2663000000000002
8688,-5.1215000000000002,3.2663000000000002
8689,-5.1153000000000004,3.2663000000000002
8690,-5.1153000000000004,3.2663000000000002
8691,-5.1153000000000004,3.2663000000000002
8692,-5.1153000000000004,3.2663000000000002
8693,-5.1090999999999998,3.2663000000000002
8694,0.94240000000000002,3.2905000000000002
8695,0.97960000000000003,3.2924000000000002
8696,0.62619999999999998,3.2924000000000002
8697,0.74399999999999999,3.2942
8698,0.62619999999999998,3.2942
8699,0.34720000000000001,3.2942
8700,0.42159999999999997,3.2942
8701,0.30380000000000001,3.2942
8702,-3.6023999999999998,3.2793000000000001
8703,-3.6768000000000001,3.2793000000000001
8704,-3.6520000000000001,3.2774999999999999
8705,-3.6581999999999999,3.2774999999999999
8706,-3.6581999999999999,3.2774999999999999
8707,-3.6581999999999999,3.2774999999999999
8708,-3.6520000000000001,3.2774999999999999
8709,-3.6520000000000001,3.2774999999999999
8710,-3.6520000000000001,3.2774999999999999
8711,-3.6581999999999999,3.2774999999999999
8712,-3.6520000000000001,3.2774999999999999
8713,-3.6581999999999999,3.2774999999999999
8714,-3.6581999999999999,3.2774999999999999
8715,1.6431,3.3016999999999999
8716,1.4508000000000001,3.3016999999999999
8717,1.2834000000000001,3.3016999999999999
8718,0.87419999999999998,3.3016999999999999
8719,0.60140000000000005,3.2997999999999998
8720,0.35959999999999998,3.2997999999999998
8721,0.1116,3.2997999999999998
8722,-0.068199999999999997,3.2978999999999998
8723,-0.7006,3.2942
8724,-1.054,3.2924000000000002
8725,-1.2896000000000001,3.2924000000000002
8726,-1.4136,3.2924000000000002
8727,-0.61380000000000001,3.2942
8728,-0.62,3.2978999999999998
8729,-0.61380000000000001,3.2978999999999998
8730,-0.62,3.2978999999999998
8731,-0.62,3.2978999999999998
8732,-0.61380000000000001,3.2978999999999998
8733,-0.62,3.2978999999999998
8734,-0.62,3.2997999999999998
8735,-0.62,3.2978999999999998
8736,-0.62,3.2997999999999998
8737,-0.62,3.2997999999999998
8738,-0.62,3.2978999999999998
8739,-0.62,3.2997999999999998
8740,-0.62,3.2997999999999998
8741,-0.62,3.2997999999999998
8742,-0.61380000000000001,3.2997999999999998
8743,-0.62,3.2997999999999998
8744,-0.62,3.2997999999999998
8745,-0.62,3.2997999999999998
8746,-2.7033,3.2905000000000002
8747,-4.1417999999999999,3.2848999999999999
8748,-5.7786999999999997,3.2774999999999999
8749,-7.1862000000000004,3.27
8750,-2.1391,3.2886000000000002
8751,-2.0585,3.2905000000000002
8752,-2.0585,3.2905000000000002
8753,-2.0585,3.2905000000000002
8754,-2.0585,3.2905000000000002
8755,-2.0522999999999998,3.2905000000000002
8756,-2.0585,3.2905000000000002
8757,-2.0522999999999998,3.2905000000000002
8758,-0.2666,3.2997999999999998
8759,-0.68200000000000005,3.2978999999999998
8760,-1.0354000000000001,3.2978999999999998
8761,-1.3144,3.2942
8762,-1.4321999999999999,3.2942
8763,-0.63239999999999996,3.2997999999999998
8764,-0.63239999999999996,3.2997999999999998
8765,-0.63239999999999996,3.2997999999999998
8766,-0.63239999999999996,3.2997999999999998
8767,-0.62,3.2997999999999998
8768,-0.62,3.2997999999999998
8769,-0.62,3.2997999999999998
8770,-0.62,3.2997999999999998
8771,-0.61380000000000001,3.2997999999999998
8772,-0.61380000000000001,3.3016999999999999
8773,-0.61380000000000001,3.3016999999999999
8774,-0.61380000000000001,3.3016999999999999
8775,-0.61380000000000001,3.3016999999999999
8776,-0.62,3.3016999999999999
8777,-0.61380000000000001,3.3016999999999999
8778,-0.61380000000000001,3.3016999999999999
8779,-0.62,3.3016999999999999
8780,-0.62,3.3016999999999999
8781,-0.61380000000000001,3.3016999999999999
8782,-0.62,3.3016999999999999
8783,-0.61380000000000001,3.3016999999999999
8784,-2.0522999999999998,3.2942
8785,-2.7776999999999998,3.2905000000000002
8786,-3.6147999999999998,3.2867999999999999
8787,-4.4518000000000004,3.2831000000000001
8788,-5.1401000000000003,3.2793000000000001
8789,-6.0887000000000002,3.2755999999999998
8790,-7.0125999999999999,3.2719
8791,-7.7317999999999998,3.2682000000000002
8792,-8.9037000000000006,3.2625999999999999
8793,-9.9019999999999992,3.2570000000000001
8794,-10.5778,3.2532999999999999
8795,-11.886100000000001,3.2440000000000002
8796,-3.5404,3.2774999999999999
8797,-3.4660000000000002,3.2793000000000001
8798,-3.4535999999999998,3.2793000000000001
8799,-3.4598,3.2793000000000001
8800,-3.4535999999999998,3.2812000000000001
8801,-3.4660000000000002,3.2812000000000001
8802,-3.4598,3.2812000000000001
8803,-3.4660000000000002,3.2812000000000001
8804,-3.4598,3.2812000000000001
8805,-3.4784000000000002,3.2812000000000001
8806,-3.4722,3.2812000000000001
8807,-3.4722,3.2812000000000001
8808,-3.4784000000000002,3.2812000000000001
8809,-3.4722,3.2812000000000001
8810,-3.4784000000000002,3.2812000000000001
8811,-3.4722,3.2812000000000001
8812,-3.4722,3.2812000000000001
8813,-3.4784000000000002,3.2812000000000001
8814,-3.4784000000000002,3.2812000000000001
8815,-3.4722,3.2812000000000001
8816,-3.4722,3.2812000000000001
8817,-3.4784000000000002,3.2812000000000001
8818,-3.4784000000000002,3.2812000000000001
8819,-3.4784000000000002,3.2812000000000001
8820,1.3391999999999999,3.3016999999999999
8821,1.1779999999999999,3.3035000000000001
8822,0.89900000000000002,3.3035000000000001
8823,0.62619999999999998,3.3016999999999999
8824,0.37819999999999998,3.3016999999999999
8825,0.155,3.3016999999999999
8826,-0.062,3.2997999999999998
8827,-0.73780000000000001,3.2978999999999998
8828,-1.054,3.2978999999999998
8829,-1.2896000000000001,3.2942
8830,-1.4136,3.2942
8831,-0.62,3.2997999999999998
8832,-0.62,3.2997999999999998
8833,-0.62,3.2997999999999998
8834,-0.61380000000000001,3.2997999999999998
8835,-0.61380000000000001,3.2997999999999998
8836,-0.61380000000000001,3.2997999999999998
8837,-0.62,3.2997999999999998
8838,-0.62,3.2997999999999998
8839,-0.62,3.2997999999999998
8840,-0.62,3.3016999999999999
8841,-0.62,3.2997999999999998
8842,-0.61380000000000001,3.3016999999999999
8843,-0.62,3.3016999999999999
8844,-0.62,3.3016999999999999
8845,-0.61380000000000001,3.3016999999999999
8846,-0.62,3.3016999999999999
8847,-0.61380000000000001,3.3016999999999999
8848,-0.62,3.3016999999999999
8849,-0.61380000000000001,3.3016999999999999
8850,-0.61380000000000001,3.3016999999999999
8851,-0.62,3.3016999999999999
8852,-1.7423,3.2978999999999998
8853,-2.1019000000000001,3.2942
8854,-2.5731000000000002,3.2924000000000002
8855,-2.9388999999999998,3.2905000000000002
8856,-3.3854000000000002,3.2886000000000002
8857,-3.8193999999999999,3.2867999999999999
8858,-4.4084000000000003,3.2831000000000001
8859,-4.6936999999999998,3.2812000000000001
8860,-5.1711,3.2793000000000001
8861,-5.6670999999999996,3.2755999999999998
8862,-6.4236000000000004,3.2719
8863,-7.4900000000000002,3.2682000000000002
8864,-6.4980000000000002,3.27
8865,-7.7317999999999998,3.2645
8866,-8.2960999999999991,3.2625999999999999
8867,-9.1765000000000008,3.2589000000000001
8868,-9.4122000000000003,3.2570000000000001
8869,-9.9453999999999994,3.2532999999999999
8870,-10.453799999999999,3.2477
8871,-11.414899999999999,3.2440000000000002
8872,-11.5327,3.2421000000000002
8873,-12.121700000000001,3.2383999999999999
8874,-12.667400000000001,3.2366000000000001
8875,-13.7462,3.2309999999999999
8876,-13.8764,3.2290999999999999
8877,-14.4717,3.2254
8878,-5.2331000000000003,3.2625999999999999
8879,-5.1586999999999996,3.2625999999999999
8880,-5.1586999999999996,3.2645
8881,-5.1586999999999996,3.2645
8882,-5.1586999999999996,3.2645
8883,-5.1586999999999996,3.2663000000000002
8884,-5.1524999999999999,3.2663000000000002
8885,-5.1586999999999996,3.2663000000000002
8886,-5.1586999999999996,3.2663000000000002
8887,-5.1586999999999996,3.2663000000000002
8888,-5.1649000000000003,3.2663000000000002
8889,-5.1586999999999996,3.2663000000000002
8890,0.94240000000000002,3.2905000000000002
8891,0.97960000000000003,3.2924000000000002
8892,0.62619999999999998,3.2924000000000002
8893,0.74399999999999999,3.2942
8894,0.62619999999999998,3.2942
8895,0.34100000000000003,3.2942
8896,0.42159999999999997,3.2942
8897,0.30380000000000001,3.2942
8898,-3.6023999999999998,3.2793000000000001
8899,-3.6705999999999999,3.2793000000000001
8900,-3.6768000000000001,3.2793000000000001
8901,-3.6768000000000001,3.2793000000000001
8902,-3.6581999999999999,3.2774999999999999
8903,-3.6520000000000001,3.2774999999999999
8904,-3.6520000000000001,3.2774999999999999
8905,-3.6520000000000001,3.2793000000000001
8906,-3.6520000000000001,3.2774999999999999
8907,-3.6520000000000001,3.2774999999999999
8908,-3.6581999999999999,3.2774999999999999
8909,-3.6581999999999999,3.2774999999999999
8910,-3.6520000000000001,3.2774999999999999
8911,1.6431,3.3016999999999999
8912,1.4446000000000001,3.3016999999999999
8913,1.2834000000000001,3.3035000000000001
8914,0.88039999999999996,3.3016999999999999
8915,0.60140000000000005,3.3016999999999999
8916,0.35959999999999998,3.2997999999999998
8917,0.1116,3.2997999999999998
8918,-0.062,3.2978999999999998
8919,-0.69440000000000002,3.2978999999999998
8920,-1.054,3.2942
8921,-1.2896000000000001,3.2924000000000002
8922,-1.4136,3.2924000000000002
8923,-0.61380000000000001,3.2978999999999998
8924,-0.62,3.2978999999999998
8925,-0.62,3.2978999999999998
8926,-0.62,3.2978999999999998
8927,-0.62,3.2978999999999998
8928,-0.62,3.2978999999999998
8929,-0.62,3.2978999999999998
8930,-0.62,3.2997999999999998
8931,-0.62,3.2997999999999998
8932,-0.63239999999999996,3.2978999999999998
8933,-0.63239999999999996,3.2997999999999998
8934,-0.63859999999999995,3.2997999999999998
8935,-0.63239999999999996,3.2997999999999998
8936,-0.63239999999999996,3.2997999999999998
8937,-0.63859999999999995,3.2997999999999998
8938,-0.63859999999999995,3.2997999999999998
8939,-0.63239999999999996,3.2997999999999998
8940,-0.63239999999999996,3.2997999999999998
8941,-0.63859999999999995,3.2997999999999998
8942,-2.7157,3.2905000000000002
8943,-4.1604000000000001,3.2831000000000001
8944,-5.7972999999999999,3.2755999999999998
8945,-7.2295999999999996,3.27
8946,-2.1515,3.2886000000000002
8947,-2.0709,3.2905000000000002
8948,-2.0709,3.2905000000000002
8949,-2.0771000000000002,3.2905000000000002
8950,-2.0522999999999998,3.2905000000000002
8951,-2.0522999999999998,3.2905000000000002
8952,-2.0585,3.2905000000000002
8953,-2.0522999999999998,3.2905000000000002
8954,-0.25419999999999998,3.2997999999999998
8955,-0.65100000000000002,3.2997999999999998
8956,-1.0105999999999999,3.2978999999999998
8957,-1.2958000000000001,3.2942
8958,-1.4136,3.2942
8959,-0.62,3.2997999999999998
8960,-0.61380000000000001,3.2997999999999998
8961,-0.62,3.2997999999999998
8962,-0.61380000000000001,3.2997999999999998
8963,-0.61380000000000001,3.2997999999999998
8964,-0.62,3.2997999999999998
8965,-0.62,3.2997999999999998
8966,-0.62,3.2997999999999998
8967,-0.61380000000000001,3.3016999999999999
8968,-0.62,3.3016999999999999
8969,-0.62,3.3016999999999999
8970,-0.61380000000000001,3.3016999999999999
8971,-0.62,3.3016999999999999
8972,-0.62,3.3016999999999999
8973,-0.62,3.3016999999999999
8974,-0.62,3.3016999999999999
8975,-0.62,3.3016999999999999
8976,-0.62,3.3016999999999999
8977,-0.62,3.3016999999999999
8978,-0.63239999999999996,3.3016999999999999
8979,-0.63239999999999996,3.3016999999999999
8980,-2.1204999999999998,3.2942
8981,-2.8025000000000002,3.2924000000000002
8982,-3.6768000000000001,3.2867999999999999
8983,-4.4703999999999997,3.2831000000000001
8984,-5.1463000000000001,3.2793000000000001
8985,-6.0949,3.2755999999999998
8986,-7.0125999999999999,3.2719
8987,-7.7256,3.2682000000000002
8988,-8.8975000000000009,3.2606999999999999
8989,-9.9019999999999992,3.2570000000000001
8990,-10.5778,3.2532999999999999
8991,-11.886100000000001,3.2440000000000002
8992,-3.5775999999999999,3.2774999999999999
8993,-3.4598,3.2793000000000001
8994,-3.4598,3.2793000000000001
8995,-3.4535999999999998,3.2793000000000001
8996,-3.4598,3.2812000000000001
8997,-3.4535999999999998,3.2812000000000001
8998,-3.4598,3.2812000000000001
8999,-3.4535999999999998,3.2812000000000001
9000,-3.4598,3.2812000000000001
9001,-3.4535999999999998,3.2812000000000001
9002,-3.4598,3.2812000000000001
9003,-3.4535999999999998,3.2812000000000001
9004,-3.4660000000000002,3.2812000000000001
9005,-3.4598,3.2812000000000001
9006,-3.4598,3.2812000000000001
9007,-3.4598,3.2812000000000001
9008,-3.4598,3.2812000000000001
9009,-3.4598,3.2812000000000001
9010,-3.4598,3.2812000000000001
9011,-3.4598,3.2812000000000001
9012,-3.4598,3.2812000000000001
9013,-3.4598,3.2812000000000001
9014,-3.4660000000000002,3.2812000000000001
9015,-3.4598,3.2812000000000001
9016,1.333,3.3035000000000001
9017,1.1779999999999999,3.3035000000000001
9018,0.89280000000000004,3.3035000000000001
9019,0.61380000000000001,3.3035000000000001
9020,0.35959999999999998,3.3016999999999999
9021,0.1736,3.3016999999999999
9022,-0.217,3.2997999999999998
9023,-0.73780000000000001,3.2978999999999998
9024,-1.054,3.2978999999999998
9025,-1.2958000000000001,3.2942
9026,-1.4136,3.2942
9027,-0.61380000000000001,3.2997999999999998
9028,-0.61380000000000001,3.2997999999999998
9029,-0.62,3.2997999999999998
9030,-0.61380000000000001,3.2997999999999998
9031,-0.62,3.2997999999999998
9032,-0.61380000000000001,3.2997999999999998
9033,-0.62,3.2997999999999998
9034,-0.62,3.2997999999999998
9035,-0.61380000000000001,3.2997999999999998
9036,-0.62,3.2997999999999998
9037,-0.62,3.3016999999999999
9038,-0.62,3.3016999999999999
9039,-0.62,3.3016999999999999
9040,-0.62,3.3016999999999999
9041,-0.61380000000000001,3.3016999999999999
9042,-0.62,3.3016999999999999
9043,-0.62619999999999998,3.3016999999999999
9044,-0.62,3.3016999999999999
9045,-0.62,3.3016999999999999
9046,-0.62,3.3016999999999999
9047,-0.62,3.3016999999999999
9048,-1.7484999999999999,3.2978999999999998
9049,-2.1019000000000001,3.2942
9050,-2.5731000000000002,3.2924000000000002
9051,-2.9823,3.2905000000000002
9052,-3.3792,3.2886000000000002
9053,-3.8193999999999999,3.2848999999999999
9054,-4.4084000000000003,3.2831000000000001
9055,-4.7370999999999999,3.2812000000000001
9056,-5.1772999999999998,3.2793000000000001
9057,-5.6981000000000002,3.2774999999999999
9058,-6.4236000000000004,3.2719
9059,-7.5271999999999997,3.2682000000000002
9060,-6.4917999999999996,3.27
9061,-7.7751999999999999,3.2645
9062,-8.3023000000000007,3.2625999999999999
9063,-9.2136999999999993,3.2570000000000001
9064,-9.4556000000000004,3.2551999999999999
9065,-9.9391999999999996,3.2532999999999999
9066,-10.460000000000001,3.2477
9067,-11.427300000000001,3.2440000000000002
9068,-11.5823,3.2421000000000002
9069,-12.0969,3.2383999999999999
9070,-12.667400000000001,3.2347000000000001
9071,-13.777200000000001,3.2290999999999999
9072,-13.857799999999999,3.2290999999999999
9073,-14.453099999999999,3.2254
9074,-5.2268999999999997,3.2625999999999999
9075,-5.1401000000000003,3.2625999999999999
9076,-5.1463000000000001,3.2645
9077,-5.1338999999999997,3.2645
9078,-5.1401000000000003,3.2645
9079,-5.1401000000000003,3.2663000000000002
9080,-5.1401000000000003,3.2645
9081,-5.1401000000000003,3.2645
9082,-5.1401000000000003,3.2645
9083,-5.1401000000000003,3.2663000000000002
9084,-5.1463000000000001,3.2663000000000002
9085,-5.1401000000000003,3.2663000000000002
9086,0.92379999999999995,3.2905000000000002
9087,0.96099999999999997,3.2924000000000002
9088,0.60140000000000005,3.2924000000000002
9089,0.73160000000000003,3.2942
9090,0.60140000000000005,3.2942
9091,0.32240000000000002,3.2942
9092,0.40920000000000001,3.2942
9093,0.28520000000000001,3.2942
9094,-3.5899999999999999,3.2793000000000001
9095,-3.6644000000000001,3.2774999999999999
9096,-3.6581999999999999,3.2774999999999999
9097,-3.6520000000000001,3.2774999999999999
9098,-3.6520000000000001,3.2774999999999999
9099,-3.6581999999999999,3.2774999999999999
9100,-3.6581999999999999,3.2774999999999999
9101,-3.6520000000000001,3.2774999999999999
9102,-3.6581999999999999,3.2774999999999999
9103,-3.6520000000000001,3.2774999999999999
9104,-3.6520000000000001,3.2774999999999999
9105,-3.6520000000000001,3.2774999999999999
9106,-3.6520000000000001,3.2774999999999999
9107,1.6493,3.3016999999999999
9108,1.4446000000000001,3.3016999999999999
9109,1.2834000000000001,3.3016999999999999
9110,0.87419999999999998,3.3016999999999999
9111,0.60140000000000005,3.3016999999999999
9112,0.35959999999999998,3.2997999999999998
9113,0.1116,3.2997999999999998
9114,-0.055800000000000002,3.2978999999999998
9115,-0.69440000000000002,3.2942
9116,-1.054,3.2942
9117,-1.2896000000000001,3.2924000000000002
9118,-1.4136,3.2924000000000002
9119,-0.62,3.2978999999999998
9120,-0.62,3.2978999999999998
9121,-0.62,3.2978999999999998
9122,-0.62,3.2978999999999998
9123,-0.62,3.2978999999999998
9124,-0.62,3.2978999999999998
9125,-0.61380000000000001,3.2997999999999998
9126,-0.61380000000000001,3.2997999999999998
9127,-0.61380000000000001,3.2997999999999998
9128,-0.61380000000000001,3.2997999999999998
9129,-0.61380000000000001,3.2997999999999998
9130,-0.61380000000000001,3.2997999999999998
9131,-0.61380000000000001,3.2997999999999998
9132,-0.62,3.2997999999999998
9133,-0.62,3.2997999999999998
9134,-0.61380000000000001,3.2997999999999998
9135,-0.61380000000000001,3.2997999999999998
9136,-0.61380000000000001,3.2997999999999998
9137,-0.61380000000000001,3.2997999999999998
9138,-0.61380000000000001,3.2997999999999998
9139,-0.62,3.2997999999999998
9140,-0.62,3.2997999999999998
9141,-0.61380000000000001,3.3016999999999999
9142,-0.62,3.3016999999999999
9143,-0.62,3.3016999999999999
9144,-0.62,3.3016999999999999
9145,-0.62,3.3016999999999999
9146,-0.61380000000000001,3.3016999999999999
9147,-2.2692999999999999,3.2924000000000002
9148,-3.2118000000000002,3.2886000000000002
9149,-4.2224000000000004,3.2831000000000001
9150,-5.2206999999999999,3.2793000000000001
9151,-6.2126999999999999,3.2738
9152,-2.1019000000000001,3.2905000000000002
9153,-2.0522999999999998,3.2905000000000002
9154,-5.6360999999999999,3.2755999999999998
9155,-6.3491999999999997,3.2738
9156,-7.2172000000000001,3.2682000000000002
9157,-7.6946000000000003,3.2663000000000002
9158,-8.3890999999999991,3.2625999999999999
9159,-9.0525000000000002,3.2589000000000001
9160,-10.094200000000001,3.2532999999999999
9161,-10.5406,3.2477
9162,-11.1731,3.2440000000000002
9163,-3.7759999999999998,3.2738
9164,-3.7016,3.2755999999999998
9165,-10.497199999999999,3.2477
9166,-11.092499999999999,3.2440000000000002
9167,-11.197900000000001,3.2421000000000002
9168,-12.1775,3.2366000000000001
9169,-12.7356,3.2347000000000001
9170,-13.299799999999999,3.2309999999999999
9171,-13.349399999999999,3.2290999999999999
9172,-14.453099999999999,3.2235
9173,-5.2641,3.2606999999999999
9174,-5.1463000000000001,3.2625999999999999
9175,-12.654999999999999,3.2309999999999999
9176,-13.808199999999999,3.2254
9177,-13.6904,3.2254
9178,-14.775499999999999,3.2198000000000002
9179,-14.6577,3.2198000000000002
9180,-15.141299999999999,3.2161
9181,-16.294599999999999,3.2105000000000001
9182,-16.127199999999998,3.2105000000000001
9183,-16.648,3.2067999999999999
9184,-17.900500000000001,3.1993999999999998
9185,-17.7393,3.1993999999999998
9186,-19.053799999999999,3.1938
9187,-18.886399999999998,3.1938
9188,-8.4138999999999999,3.2347000000000001
9189,-8.3270999999999997,3.2347000000000001
9190,-8.3394999999999992,3.2366000000000001
9191,-8.3332999999999995,3.2366000000000001
9192,-8.3270999999999997,3.2366000000000001
9193,-8.3270999999999997,3.2366000000000001
9194,-8.3332999999999995,3.2383999999999999
9195,-8.3270999999999997,3.2366000000000001
9196,-8.3332999999999995,3.2383999999999999
9197,-8.3332999999999995,3.2383999999999999
9198,-8.3332999999999995,3.2383999999999999
9199,-8.3332999999999995,3.2383999999999999
9200,-8.3394999999999992,3.2383999999999999
9201,-8.3332999999999995,3.2383999999999999
9202,-8.3332999999999995,3.2383999999999999
9203,-8.3332999999999995,3.2383999999999999
9204,-8.3394999999999992,3.2383999999999999
9205,-8.3332999999999995,3.2383999999999999
9206,-8.3394999999999992,3.2383999999999999
9207,-8.3332999999999995,3.2383999999999999
9208,-8.3332999999999995,3.2383999999999999
9209,-8.3394999999999992,3.2383999999999999
9210,-8.3457000000000008,3.2383999999999999
9211,-8.3519000000000005,3.2383999999999999
9212,-8.3519000000000005,3.2383999999999999
9213,-8.3519000000000005,3.2383999999999999
9214,-8.3581000000000003,3.2383999999999999
9215,-8.3457000000000008,3.2383999999999999
9216,-8.3332999999999995,3.2383999999999999
9217,-8.3332999999999995,3.2383999999999999
9218,-8.3332999999999995,3.2383999999999999
9219,-8.3270999999999997,3.2383999999999999
9220,-8.3332999999999995,3.2383999999999999
9221,-8.3332999999999995,3.2383999999999999
9222,-8.3332999999999995,3.2383999999999999
9223,-8.3270999999999997,3.2383999999999999
9224,-8.3332999999999995,3.2383999999999999
9225,-8.3332999999999995,3.2383999999999999
9226,-8.3270999999999997,3.2366000000000001
9227,-8.3332999999999995,3.2366000000000001
9228,-8.3270999999999997,3.2366000000000001
9229,-8.3270999999999997,3.2383999999999999
9230,-8.3332999999999995,3.2366000000000001
9231,-8.3270999999999997,3.2366000000000001
9232,-8.3332999999999995,3.2366000000000001
9233,-8.3332999999999995,3.2366000000000001
9234,-8.3332999999999995,3.2366000000000001
9235,-8.3332999999999995,3.2366000000000001
9236,-8.3332999999999995,3.2366000000000001
9237,-8.3394999999999992,3.2366000000000001
9238,3.8504,3.2867999999999999
9239,3.8504,3.2905000000000002
9240,3.6892,3.2924000000000002
9241,3.5217999999999998,3.2942
9242,3.3357999999999999,3.2942
9243,3.1684000000000001,3.2942
9244,2.9699,3.2978999999999998
9245,2.7652999999999999,3.2978999999999998
9246,-4.9726999999999997,3.2645
9247,-5.1401000000000003,3.2625999999999999
9248,-5.1401000000000003,3.2625999999999999
9249,-5.1401000000000003,3.2625999999999999
9250,-5.1401000000000003,3.2606999999999999
9251,-5.1338999999999997,3.2606999999999999
9252,-5.1401000000000003,3.2606999999999999
9253,-5.1463000000000001,3.2606999999999999
9254,-5.1401000000000003,3.2606999999999999
9255,-5.1338999999999997,3.2606999999999999
9256,-5.1338999999999997,3.2606999999999999
9257,-5.1401000000000003,3.2606999999999999
9258,-5.1401000000000003,3.2606999999999999
9259,-5.1338999999999997,3.2606999999999999
9260,-5.1463000000000001,3.2606999999999999
9261,-5.1401000000000003,3.2606999999999999
9262,-5.1401000000000003,3.2606999999999999
9263,-5.1463000000000001,3.2606999999999999
9264,-5.1463000000000001,3.2606999999999999
9265,-5.1401000000000003,3.2606999999999999
9266,-5.1463000000000001,3.2606999999999999
9267,-5.1463000000000001,3.2606999999999999
9268,-5.1463000000000001,3.2606999999999999
9269,-5.1401000000000003,3.2606999999999999
9270,-5.1463000000000001,3.2606999999999999
9271,-5.1463000000000001,3.2606999999999999
9272,-5.1463000000000001,3.2606999999999999
9273,-5.1463000000000001,3.2606999999999999
9274,-5.1401000000000003,3.2606999999999999
9275,-5.1463000000000001,3.2606999999999999
9276,-5.1649000000000003,3.2606999999999999
9277,-5.1586999999999996,3.2606999999999999
9278,-5.1586999999999996,3.2606999999999999
9279,-5.1586999999999996,3.2606999999999999
9280,-5.1586999999999996,3.2589000000000001
9281,-5.1586999999999996,3.2589000000000001
9282,-5.1586999999999996,3.2606999999999999
9283,-5.1586999999999996,3.2606999999999999
9284,-5.1586999999999996,3.2606999999999999
9285,-5.1649000000000003,3.2606999999999999
9286,-5.1649000000000003,3.2606999999999999
9287,-5.1586999999999996,3.2606999999999999
9288,-5.1586999999999996,3.2606999999999999
9289,-5.1586999999999996,3.2606999999999999
9290,-5.1586999999999996,3.2589000000000001
9291,-5.1586999999999996,3.2589000000000001
9292,-5.1586999999999996,3.2606999999999999
9293,-5.1586999999999996,3.2606999999999999
9294,-5.1524999999999999,3.2606999999999999
9295,-5.1586999999999996,3.2606999999999999
9296,-5.1586999999999996,3.2606999999999999
9297,-5.1649000000000003,3.2606999999999999
9298,-5.1524999999999999,3.2589000000000001
9299,-5.1586999999999996,3.2606999999999999
9300,-5.1586999999999996,3.2589000000000001
9301,-5.1586999999999996,3.2606999999999999
9302,-5.1649000000000003,3.2589000000000001
9303,-5.1586999999999996,3.2589000000000001
9304,-5.1586999999999996,3.2606999999999999
9305,-5.1586999999999996,3.2606999999999999
9306,-5.1649000000000003,3.2606999999999999
9307,-5.1649000000000003,3.2606999999999999
9308,-5.1586999999999996,3.2606999999999999
9309,-5.1401000000000003,3.2589000000000001
9310,-5.1401000000000003,3.2589000000000001
9311,-5.1338999999999997,3.2606999999999999
9312,-5.1401000000000003,3.2606999999999999
9313,-5.1401000000000003,3.2606999999999999
9314,-5.1401000000000003,3.2606999999999999
9315,-12.698399999999999,3.2290999999999999
9316,-13.851599999999999,3.2216999999999998
9317,-13.727600000000001,3.2198000000000002
9318,-14.8003,3.2161
9319,-14.694900000000001,3.2141999999999999
9320,-15.1723,3.2124000000000001
9321,-16.338000000000001,3.2067999999999999
9322,-16.183,3.2067999999999999
9323,-16.691400000000002,3.2012
9324,-17.943899999999999,3.1956000000000002
9325,-17.776499999999999,3.1956000000000002
9326,-19.097200000000001,3.1901000000000002
9327,-18.948399999999999,3.1882000000000001
9328,-8.4573,3.2290999999999999
9329,-8.3394999999999992,3.2309999999999999
9330,-8.3332999999999995,3.2309999999999999
9331,-8.3394999999999992,3.2328000000000001
9332,-8.3394999999999992,3.2328000000000001
9333,-8.3394999999999992,3.2328000000000001
9334,-8.3332999999999995,3.2328000000000001
9335,-8.3332999999999995,3.2328000000000001
9336,-8.3457000000000008,3.2328000000000001
9337,-8.3394999999999992,3.2328000000000001
9338,-8.3394999999999992,3.2328000000000001
9339,-8.3394999999999992,3.2328000000000001
9340,-8.3394999999999992,3.2328000000000001
9341,-8.3394999999999992,3.2328000000000001
9342,-8.3519000000000005,3.2328000000000001
9343,-8.3457000000000008,3.2328000000000001
9344,-8.3519000000000005,3.2328000000000001
9345,-8.3270999999999997,3.2328000000000001
9346,-8.3332999999999995,3.2347000000000001
9347,-8.3394999999999992,3.2347000000000001
9348,-8.3457000000000008,3.2328000000000001
9349,-8.3394999999999992,3.2347000000000001
9350,-8.3519000000000005,3.2328000000000001
9351,-8.3519000000000005,3.2328000000000001
9352,-8.3519000000000005,3.2328000000000001
9353,-8.3457000000000008,3.2328000000000001
9354,-8.3394999999999992,3.2328000000000001
9355,-8.3457000000000008,3.2328000000000001
9356,-8.3457000000000008,3.2328000000000001
9357,-8.3332999999999995,3.2347000000000001
9358,-8.3270999999999997,3.2347000000000001
9359,-8.3332999999999995,3.2328000000000001
9360,-8.3704999999999998,3.2328000000000001
9361,-8.3766999999999996,3.2328000000000001
9362,-8.3704999999999998,3.2328000000000001
9363,-8.3704999999999998,3.2328000000000001
9364,-8.3704999999999998,3.2328000000000001
9365,-8.3704999999999998,3.2328000000000001
9366,-8.3704999999999998,3.2328000000000001
9367,-8.3766999999999996,3.2328000000000001
9368,-8.3890999999999991,3.2328000000000001
9369,-8.3766999999999996,3.2328000000000001
9370,-8.3890999999999991,3.2328000000000001
9371,-8.3704999999999998,3.2328000000000001
9372,-8.3766999999999996,3.2328000000000001
9373,-8.3766999999999996,3.2328000000000001
9374,-8.3766999999999996,3.2328000000000001
9375,-8.3704999999999998,3.2328000000000001
9376,-8.3766999999999996,3.2328000000000001
9377,-8.3704999999999998,3.2328000000000001
9378,-14.694900000000001,3.2086999999999999
9379,-14.2857,3.2086999999999999
9380,-15.2591,3.2031000000000001
9381,-14.775499999999999,3.2031000000000001
9382,-15.7738,3.1993999999999998
9383,-15.290100000000001,3.1993999999999998
9384,-16.338000000000001,3.1956000000000002
9385,-16.617000000000001,3.1938
9386,-16.102399999999999,3.1956000000000002
9387,-17.168800000000001,3.1901000000000002
9388,-16.648,3.1919
9389,-17.764099999999999,3.1882000000000001
9390,-17.206099999999999,3.1882000000000001
9391,-18.3779,3.1844999999999999
9392,-18.731300000000001,3.1825999999999999
9393,-18.092700000000001,3.1825999999999999
9394,-19.345199999999998,3.1789000000000001
9395,-18.7437,3.1808000000000001
9396,-19.983799999999999,3.1751999999999998
9397,-19.382400000000001,3.177
9398,-20.647300000000001,3.1715
9399,-21.013100000000001,3.1696
9400,-20.368300000000001,3.1696
9401,-21.738499999999998,3.1659000000000002
9402,-21.0565,3.1677
9403,-22.463999999999999,3.1621999999999999
9404,-21.775700000000001,3.1640000000000001
9405,-23.177,3.1566000000000001
9406,-23.635899999999999,3.1528999999999998
9407,-22.904199999999999,3.1547000000000001
9408,-24.386099999999999,3.1490999999999998
9409,-23.679300000000001,3.1509999999999998
9410,-25.198399999999999,3.1454
9411,-24.4419,3.1473
9412,-26.035399999999999,3.1417000000000002
9413,-16.387599999999999,3.177
9414,-16.306999999999999,3.177
9415,-16.319400000000002,3.1789000000000001
9416,-16.319400000000002,3.1789000000000001
9417,-16.313199999999998,3.1789000000000001
9418,-16.313199999999998,3.1789000000000001
9419,-16.313199999999998,3.1789000000000001
9420,-16.319400000000002,3.1789000000000001
9421,-16.319400000000002,3.1789000000000001
9422,-16.319400000000002,3.1789000000000001
9423,-16.319400000000002,3.1789000000000001
9424,-16.313199999999998,3.1808000000000001
9425,-16.288399999999999,3.1808000000000001
9426,-16.288399999999999,3.1808000000000001
9427,-16.2822,3.1789000000000001
9428,-16.294599999999999,3.1808000000000001
9429,-16.294599999999999,3.1789000000000001
9430,-16.2822,3.1808000000000001
9431,-16.288399999999999,3.1808000000000001
9432,-16.288399999999999,3.1808000000000001
9433,-16.306999999999999,3.1789000000000001
9434,-16.306999999999999,3.1808000000000001
9435,-16.288399999999999,3.1789000000000001
9436,-16.294599999999999,3.1808000000000001
9437,-16.294599999999999,3.1789000000000001
9438,-16.294599999999999,3.1789000000000001
9439,-16.338000000000001,3.1789000000000001
9440,-16.3504,3.1789000000000001
9441,-16.344200000000001,3.1789000000000001
9442,-16.3566,3.1789000000000001
9443,-27.721900000000002,3.1360999999999999
9444,-28.348199999999999,3.1324000000000001
9445,-28.881399999999999,3.1305000000000001
9446,-29.433199999999999,3.1267999999999998
9447,-29.991299999999999,3.1231
9448,-30.549299999999999,3.1212
9449,-31.144500000000001,3.1175000000000002
9450,-31.7088,3.1156000000000001
9451,-32.310200000000002,3.1101000000000001
9452,-32.955100000000002,3.1063000000000001
9453,-33.531700000000001,3.1044999999999998
9454,-34.213700000000003,3.1008
9455,-34.846200000000003,3.0989
9456,-35.515799999999999,3.0952000000000002
9457,-36.247500000000002,3.0914999999999999
9458,-36.923299999999998,3.0895999999999999
9459,-37.642600000000002,3.0859000000000001
9460,-38.4114,3.0821999999999998
9461,-39.167900000000003,3.0802999999999998
9462,-39.924300000000002,3.0766
9463,-24.7209,3.1267999999999998
9464,-24.658899999999999,3.1286999999999998
9465,-24.658899999999999,3.1305000000000001
9466,-24.6403,3.1305000000000001
9467,-24.6403,3.1305000000000001
9468,-24.658899999999999,3.1305000000000001
9469,-24.665099999999999,3.1305000000000001
9470,-24.683700000000002,3.1324000000000001
9471,-24.696100000000001,3.1305000000000001
9472,-24.689900000000002,3.1305000000000001
9473,2.7652999999999999,3.2347000000000001
9474,3.2056,3.2421000000000002
9475,3.528,3.2458999999999998
9476,3.7635999999999998,3.2532999999999999
9477,4.0115999999999996,3.2551999999999999
9478,4.2472000000000003,3.2589000000000001
9479,4.4394,3.2625999999999999
9480,4.6130000000000004,3.2645
9481,4.7680999999999996,3.2682000000000002
9482,4.8487,3.27
9483,4.8859000000000004,3.2719
9484,4.8859000000000004,3.2719
9485,4.8487,3.2738
9486,4.8114999999999997,3.2755999999999998
9487,4.7247000000000003,3.2774999999999999
9488,4.6440000000000001,3.2774999999999999
9489,9.9144000000000005,3.3016999999999999
9490,9.9206000000000003,3.3035000000000001
9491,8.9595000000000002,3.3016999999999999
9492,8.7673000000000005,3.3016999999999999
9493,7.8807,3.2997999999999998
9494,7.6264000000000003,3.2997999999999998
9495,6.7336,3.2978999999999998
9496,6.4173999999999998,3.2978999999999998
9497,8.1721000000000004,3.3054000000000001
9498,7.056,3.3016999999999999
9499,5.8531000000000004,3.2978999999999998
9500,4.7061000000000002,3.2924000000000002
9501,3.6953999999999998,3.2905000000000002
9502,2.7467000000000001,3.2867999999999999
9503,1.7857000000000001,3.2831000000000001
9504,0.37819999999999998,3.2774999999999999
9505,-0.71299999999999997,3.2738
9506,-1.4012,3.27
9507,-0.63859999999999995,3.2719
9508,-0.62,3.2738
9509,-0.62,3.2738
9510,-0.61380000000000001,3.2738
9511,-0.62,3.2738
9512,-0.62,3.2738
9513,-0.62,3.2738
9514,-0.61380000000000001,3.2738
9515,-0.62,3.2755999999999998
9516,-0.61380000000000001,3.2755999999999998
9517,-0.62,3.2755999999999998
9518,-0.61380000000000001,3.2755999999999998
9519,-0.61380000000000001,3.2755999999999998
9520,-0.61380000000000001,3.2755999999999998
9521,-0.63239999999999996,3.2755999999999998
9522,-0.63239999999999996,3.2755999999999998
9523,-0.63859999999999995,3.2755999999999998
9524,-0.62,3.2755999999999998
9525,-0.62,3.2755999999999998
9526,-0.062,3.2793000000000001
9527,-0.62,3.2774999999999999
9528,-0.61380000000000001,3.2774999999999999
9529,-0.62,3.2774999999999999
9530,-0.62,3.2774999999999999
9531,-0.61380000000000001,3.2774999999999999
9532,-0.62,3.2774999999999999
9533,-0.62,3.2774999999999999
9534,-0.61380000000000001,3.2793000000000001
9535,-0.62,3.2793000000000001
9536,-0.62,3.2793000000000001
9537,-0.61380000000000001,3.2793000000000001
9538,-0.62,3.2793000000000001
9539,-2.7033,3.2719
9540,-4.1542000000000003,3.2663000000000002
9541,-5.7415000000000003,3.2589000000000001
9542,-7.1738,3.2513999999999998
9543,-2.1019000000000001,3.2719
9544,-2.0089000000000001,3.2719
9545,-2.0089000000000001,3.2719
9546,-2.0213000000000001,3.2719
9547,-2.0213000000000001,3.2738
9548,-2.0213000000000001,3.2719
9549,-2.0089000000000001,3.2738
9550,-2.0213000000000001,3.2719
9551,-0.25419999999999998,3.2793000000000001
9552,-0.65100000000000002,3.2793000000000001
9553,-1.0105999999999999,3.2774999999999999
9554,-1.2896000000000001,3.2774999999999999
9555,-1.4136,3.2755999999999998
9556,-0.61380000000000001,3.2793000000000001
9557,-0.62,3.2793000000000001
9558,-0.62,3.2793000000000001
9559,-0.61380000000000001,3.2793000000000001
9560,-0.61380000000000001,3.2812000000000001
9561,-0.62,3.2812000000000001
9562,-0.62,3.2812000000000001
9563,-0.62,3.2812000000000001
9564,-0.62,3.2812000000000001
9565,-0.62,3.2812000000000001
9566,-0.62,3.2812000000000001
9567,-0.62,3.2812000000000001
9568,-0.63859999999999995,3.2812000000000001
9569,-0.63859999999999995,3.2812000000000001
9570,-0.63239999999999996,3.2831000000000001
9571,-0.63239999999999996,3.2831000000000001
9572,-0.63239999999999996,3.2831000000000001
9573,-0.63239999999999996,3.2831000000000001
9574,-0.63859999999999995,3.2831000000000001
9575,-0.63239999999999996,3.2831000000000001
9576,-0.63239999999999996,3.2831000000000001
9577,-2.0709,3.2774999999999999
9578,-2.8025000000000002,3.2738
9579,-3.6457999999999999,3.2719
9580,-4.4703999999999997,3.2663000000000002
9581,-5.1586999999999996,3.2645
9582,-6.0762999999999998,3.2589000000000001
9583,-7.0002000000000004,3.2551999999999999
9584,-7.7131999999999996,3.2513999999999998
9585,-8.8788999999999998,3.2458999999999998
9586,-9.8585999999999991,3.2403
9587,-10.553000000000001,3.2366000000000001
9588,-11.873699999999999,3.2309999999999999
9589,-3.5528,3.2625999999999999
9590,-3.4474,3.2645
9591,-3.4411999999999998,3.2645
9592,-3.4411999999999998,3.2663000000000002
9593,-3.4411999999999998,3.2663000000000002
9594,-3.4411999999999998,3.2663000000000002
9595,-3.4411999999999998,3.2663000000000002
9596,-3.4163999999999999,3.2663000000000002
9597,-3.4163999999999999,3.2663000000000002
9598,-3.4163999999999999,3.2663000000000002
9599,-3.4163999999999999,3.2663000000000002
9600,-3.4226000000000001,3.2663000000000002
9601,-3.4102000000000001,3.2663000000000002
9602,-3.4102000000000001,3.2682000000000002
9603,-3.4163999999999999,3.2682000000000002
9604,-3.4163999999999999,3.2682000000000002
9605,-3.4163999999999999,3.2682000000000002
9606,-3.4163999999999999,3.2682000000000002
9607,-3.4226000000000001,3.2682000000000002
9608,-3.4163999999999999,3.2682000000000002
9609,-3.4226000000000001,3.2682000000000002
9610,-3.4163999999999999,3.2682000000000002
9611,-3.4226000000000001,3.2682000000000002
9612,-3.4163999999999999,3.2682000000000002
9613,1.3206,3.2867999999999999
9614,1.1222000000000001,3.2886000000000002
9615,0.88039999999999996,3.2867999999999999
9616,0.60140000000000005,3.2867999999999999
9617,0.35959999999999998,3.2867999999999999
9618,0.16120000000000001,3.2848999999999999
9619,-0.068199999999999997,3.2848999999999999
9620,-0.75019999999999998,3.2831000000000001
9621,-1.0602,3.2812000000000001
9622,-1.3206,3.2793000000000001
9623,-1.4321999999999999,3.2793000000000001
9624,-0.63239999999999996,3.2831000000000001
9625,-0.63859999999999995,3.2831000000000001
9626,-0.63859999999999995,3.2831000000000001
9627,-0.63859999999999995,3.2831000000000001
9628,-0.63239999999999996,3.2831000000000001
9629,-0.63859999999999995,3.2831000000000001
9630,-0.63239999999999996,3.2848999999999999
9631,-0.63239999999999996,3.2848999999999999
9632,-0.63239999999999996,3.2848999999999999
9633,-0.63239999999999996,3.2848999999999999
9634,-0.63239999999999996,3.2848999999999999
9635,-0.63239999999999996,3.2848999999999999
9636,-0.63239999999999996,3.2848999999999999
9637,-0.63859999999999995,3.2848999999999999
9638,-0.63859999999999995,3.2848999999999999
9639,-0.63239999999999996,3.2848999999999999
9640,-0.63239999999999996,3.2848999999999999
9641,-0.63239999999999996,3.2848999999999999
9642,-0.63239999999999996,3.2848999999999999
9643,-0.63239999999999996,3.2848999999999999
9644,-0.63859999999999995,3.2867999999999999
9645,-1.7608999999999999,3.2812000000000001
9646,-2.1204999999999998,3.2793000000000001
9647,-2.5979000000000001,3.2774999999999999
9648,-2.9575,3.2755999999999998
9649,-3.3915999999999999,3.2738
9650,-3.8317999999999999,3.2719
9651,-4.3712,3.2682000000000002
9652,-4.6936999999999998,3.2682000000000002
9653,-5.1401000000000003,3.2663000000000002
9654,-5.6608999999999998,3.2625999999999999
9655,-6.3739999999999997,3.2589000000000001
9656,-7.4962,3.2551999999999999
9657,-6.4607999999999999,3.2570000000000001
9658,-7.7317999999999998,3.2513999999999998
9659,-8.2527000000000008,3.2477
9660,-9.1827000000000005,3.2440000000000002
9661,-9.4184000000000001,3.2421000000000002
9662,-9.8957999999999995,3.2383999999999999
9663,-10.422800000000001,3.2366000000000001
9664,-11.377700000000001,3.2328000000000001
9665,-11.507899999999999,3.2290999999999999
9666,-12.065899999999999,3.2273000000000001
9667,-12.617800000000001,3.2235
9668,-13.7028,3.2198000000000002
9669,-13.7834,3.218
9670,-14.409700000000001,3.2141999999999999
9671,-5.2206999999999999,3.2513999999999998
9672,-5.1029,3.2532999999999999
9673,-5.1029,3.2532999999999999
9674,-5.0967000000000002,3.2532999999999999
9675,-5.0967000000000002,3.2532999999999999
9676,-5.0967000000000002,3.2551999999999999
9677,-5.0967000000000002,3.2551999999999999
9678,-5.1029,3.2551999999999999
9679,-5.0967000000000002,3.2551999999999999
9680,-5.1029,3.2551999999999999
9681,-5.1029,3.2551999999999999
9682,-5.1029,3.2551999999999999
9683,0.92379999999999995,3.2793000000000001
9684,0.93000000000000005,3.2812000000000001
9685,0.60140000000000005,3.2812000000000001
9686,0.72540000000000004,3.2831000000000001
9687,0.60140000000000005,3.2831000000000001
9688,0.32240000000000002,3.2831000000000001
9689,0.39679999999999999,3.2831000000000001
9690,0.28520000000000001,3.2831000000000001
9691,-3.5775999999999999,3.2682000000000002
9692,-3.6520000000000001,3.2682000000000002
9693,-3.6581999999999999,3.2682000000000002
9694,-3.6581999999999999,3.2663000000000002
9695,-3.6520000000000001,3.2682000000000002
9696,-3.6520000000000001,3.2663000000000002
9697,-3.6520000000000001,3.2663000000000002
9698,-3.6581999999999999,3.2663000000000002
9699,-3.6581999999999999,3.2663000000000002
9700,-3.6581999999999999,3.2663000000000002
9701,-3.6581999999999999,3.2663000000000002
9702,-3.6581999999999999,3.2663000000000002
9703,-3.6581999999999999,3.2663000000000002
9704,1.6493,3.2886000000000002
9705,1.4508000000000001,3.2886000000000002
9706,1.2834000000000001,3.2886000000000002
9707,0.87419999999999998,3.2886000000000002
9708,0.60140000000000005,3.2886000000000002
9709,0.35959999999999998,3.2867999999999999
9710,0.124,3.2867999999999999
9711,-0.068199999999999997,3.2848999999999999
9712,-0.69440000000000002,3.2831000000000001
9713,-1.0478000000000001,3.2831000000000001
9714,-1.2896000000000001,3.2812000000000001
9715,-1.4136,3.2812000000000001
9716,-0.61380000000000001,3.2831000000000001
9717,-0.62,3.2848999999999999
9718,-0.61380000000000001,3.2848999999999999
9719,-0.61380000000000001,3.2848999999999999
9720,-0.62,3.2848999999999999
9721,-0.62,3.2848999999999999
9722,-0.62,3.2848999999999999
9723,-0.62,3.2848999999999999
9724,-0.62,3.2848999999999999
9725,-0.61380000000000001,3.2848999999999999
9726,-0.62,3.2848999999999999
9727,-0.62,3.2848999999999999
9728,-0.62,3.2867999999999999
9729,-0.61380000000000001,3.2867999999999999
9730,-0.61380000000000001,3.2867999999999999
9731,-0.61380000000000001,3.2867999999999999
9732,-0.62,3.2867999999999999
9733,-0.61380000000000001,3.2867999999999999
9734,-0.61380000000000001,3.2867999999999999
9735,-2.7033,3.2774999999999999
9736,-4.1479999999999997,3.2719
9737,-5.7786999999999997,3.2645
9738,-7.1738,3.2589000000000001
9739,-2.1391,3.2774999999999999
9740,-2.0213000000000001,3.2793000000000001
9741,-2.0089000000000001,3.2793000000000001
9742,-2.0089000000000001,3.2793000000000001
9743,-2.0089000000000001,3.2793000000000001
9744,-2.0213000000000001,3.2793000000000001
9745,-2.0089000000000001,3.2793000000000001
9746,-2.0089000000000001,3.2793000000000001
9747,-0.25419999999999998,3.2867999999999999
9748,-0.65720000000000001,3.2848999999999999
9749,-1.0167999999999999,3.2831000000000001
9750,-1.2958000000000001,3.2831000000000001
9751,-1.4198,3.2831000000000001
9752,-0.63239999999999996,3.2848999999999999
9753,-0.63859999999999995,3.2848999999999999
9754,-0.63859999999999995,3.2867999999999999
9755,-0.63239999999999996,3.2867999999999999
9756,-0.63239999999999996,3.2867999999999999
9757,-0.63239999999999996,3.2867999999999999
9758,-0.63239999999999996,3.2867999999999999
9759,-0.63859999999999995,3.2867999999999999
9760,-0.63859999999999995,3.2867999999999999
9761,-0.63859999999999995,3.2867999999999999
9762,-0.63859999999999995,3.2867999999999999
9763,-0.63239999999999996,3.2867999999999999
9764,-0.63239999999999996,3.2867999999999999
9765,-0.63239999999999996,3.2886000000000002
9766,-0.63859999999999995,3.2867999999999999
9767,-0.63239999999999996,3.2886000000000002
9768,-0.63239999999999996,3.2886000000000002
9769,-0.63859999999999995,3.2886000000000002
9770,-0.63239999999999996,3.2886000000000002
9771,-0.63859999999999995,3.2886000000000002
9772,-0.63859999999999995,3.2886000000000002
9773,-2.0709,3.2831000000000001
9774,-2.8025000000000002,3.2793000000000001
9775,-3.6457999999999999,3.2755999999999998
9776,-4.4703999999999997,3.2719
9777,-5.1586999999999996,3.2682000000000002
9778,-6.1073000000000004,3.2645
9779,-7.0002000000000004,3.2589000000000001
9780,-7.7194000000000003,3.2551999999999999
9781,-8.9161000000000001,3.2477
9782,-9.9144000000000005,3.2421000000000002
9783,-10.559200000000001,3.2403
9784,-11.873699999999999,3.2328000000000001
9785,-3.5528,3.2663000000000002
9786,-3.4411999999999998,3.2682000000000002
9787,-3.4411999999999998,3.27
9788,-3.4411999999999998,3.2682000000000002
9789,-3.4411999999999998,3.27
9790,-3.4350000000000001,3.27
9791,-3.4474,3.27
9792,-3.4411999999999998,3.27
9793,-3.4350000000000001,3.27
9794,-3.4163999999999999,3.27
9795,-3.4163999999999999,3.27
9796,-3.4102000000000001,3.27
9797,-3.4163999999999999,3.27
9798,-3.4102000000000001,3.27
9799,-3.4163999999999999,3.27
9800,-3.4102000000000001,3.27
9801,-3.4226000000000001,3.27
9802,-3.4102000000000001,3.27
9803,-3.4163999999999999,3.27
9804,-3.4163999999999999,3.27
9805,-3.4163999999999999,3.27
9806,-3.4226000000000001,3.27
9807,-3.4163999999999999,3.27
9808,-3.4163999999999999,3.27
9809,1.3206,3.2905000000000002
9810,1.1594,3.2905000000000002
9811,0.87419999999999998,3.2905000000000002
9812,0.60140000000000005,3.2905000000000002
9813,0.35959999999999998,3.2886000000000002
9814,0.16120000000000001,3.2886000000000002
9815,-0.062,3.2867999999999999
9816,-0.73780000000000001,3.2848999999999999
9817,-1.0602,3.2848999999999999
9818,-1.2958000000000001,3.2831000000000001
9819,-1.4136,3.2831000000000001
9820,-0.61380000000000001,3.2867999999999999
9821,-0.61380000000000001,3.2867999999999999
9822,-0.61380000000000001,3.2867999999999999
9823,-0.61380000000000001,3.2867999999999999
9824,-0.61380000000000001,3.2867999999999999
9825,-0.61380000000000001,3.2867999999999999
9826,-0.61380000000000001,3.2867999999999999
9827,-0.61380000000000001,3.2886000000000002
9828,-0.62,3.2886000000000002
9829,-0.62,3.2867999999999999
9830,-0.62,3.2886000000000002
9831,-0.61380000000000001,3.2886000000000002
9832,-0.61380000000000001,3.2886000000000002
9833,-0.61380000000000001,3.2886000000000002
9834,-0.61380000000000001,3.2886000000000002
9835,-0.61380000000000001,3.2886000000000002
9836,-0.62,3.2886000000000002
9837,-0.62,3.2886000000000002
9838,-0.61380000000000001,3.2886000000000002
9839,-0.62,3.2886000000000002
9840,-0.62,3.2886000000000002
9841,-1.7423,3.2848999999999999
9842,-2.0956999999999999,3.2831000000000001
9843,-2.5731000000000002,3.2812000000000001
9844,-2.9264999999999999,3.2793000000000001
9845,-3.3792,3.2755999999999998
9846,-3.8132000000000001,3.2738
9847,-4.4146000000000001,3.2719
9848,-4.6936999999999998,3.27
9849,-5.1772999999999998,3.2663000000000002
9850,-5.6608999999999998,3.2663000000000002
9851,-6.4236000000000004,3.2606999999999999
9852,-7.4962,3.2570000000000001
9853,-6.4980000000000002,3.2606999999999999
9854,-7.7317999999999998,3.2551999999999999
9855,-8.3023000000000007,3.2513999999999998
9856,-9.1765000000000008,3.2440000000000002
9857,-9.4060000000000006,3.2440000000000002
9858,-9.8895999999999997,3.2403
9859,-10.416600000000001,3.2366000000000001
9860,-11.377700000000001,3.2328000000000001
9861,-11.5327,3.2309999999999999
9862,-12.0535,3.2273000000000001
9863,-12.605399999999999,3.2254
9864,-13.7028,3.2198000000000002
9865,-13.814399999999999,3.218
9866,-14.415900000000001,3.2141999999999999
9867,-5.2206999999999999,3.2513999999999998
9868,-5.0967000000000002,3.2532999999999999
9869,-5.0904999999999996,3.2551999999999999
9870,-5.0967000000000002,3.2551999999999999
9871,-5.0967000000000002,3.2551999999999999
9872,-5.1029,3.2551999999999999
9873,-5.1029,3.2551999999999999
9874,-5.0967000000000002,3.2551999999999999
9875,-5.0967000000000002,3.2551999999999999
9876,-5.0967000000000002,3.2570000000000001
9877,-5.0967000000000002,3.2551999999999999
9878,-5.0967000000000002,3.2570000000000001
9879,0.92379999999999995,3.2812000000000001
9880,0.96099999999999997,3.2831000000000001
9881,0.60760000000000003,3.2831000000000001
9882,0.73160000000000003,3.2848999999999999
9883,0.59519999999999995,3.2848999999999999
9884,0.31619999999999998,3.2848999999999999
9885,0.39679999999999999,3.2848999999999999
9886,0.27900000000000003,3.2848999999999999
9887,-3.5838000000000001,3.27
9888,-3.6520000000000001,3.2682000000000002
9889,-3.6520000000000001,3.2682000000000002
9890,-3.6581999999999999,3.2682000000000002
9891,-3.6520000000000001,3.2682000000000002
9892,-3.6520000000000001,3.2682000000000002
9893,-3.6520000000000001,3.2682000000000002
9894,-3.6581999999999999,3.2682000000000002
9895,-3.6581999999999999,3.2682000000000002
9896,-3.6457999999999999,3.2682000000000002
9897,-3.6520000000000001,3.2682000000000002
9898,-3.6520000000000001,3.2682000000000002
9899,-3.6520000000000001,3.2682000000000002
9900,1.6307,3.2905000000000002
9901,1.4446000000000001,3.2905000000000002
9902,1.2834000000000001,3.2905000000000002
9903,0.87419999999999998,3.2905000000000002
9904,0.60760000000000003,3.2886000000000002
9905,0.35959999999999998,3.2886000000000002
9906,0.1116,3.2886000000000002
9907,-0.062,3.2867999999999999
9908,-0.68820000000000003,3.2848999999999999
9909,-1.054,3.2831000000000001
9910,-1.2958000000000001,3.2831000000000001
9911,-1.4074,3.2812000000000001
9912,-0.61380000000000001,3.2848999999999999
9913,-0.61380000000000001,3.2848999999999999
9914,-0.62619999999999998,3.2848999999999999
9915,-0.62,3.2848999999999999
9916,-0.62,3.2867999999999999
9917,-0.62,3.2867999999999999
9918,-0.62,3.2867999999999999
9919,-0.61380000000000001,3.2867999999999999
9920,-0.61380000000000001,3.2867999999999999
9921,-0.61380000000000001,3.2867999999999999
9922,-0.62,3.2867999999999999
9923,-0.62,3.2867999999999999
9924,-0.61380000000000001,3.2867999999999999
9925,-0.61380000000000001,3.2867999999999999
9926,-0.61380000000000001,3.2886000000000002
9927,-0.62,3.2886000000000002
9928,-0.62,3.2886000000000002
9929,-0.61380000000000001,3.2886000000000002
9930,-0.62,3.2867999999999999
9931,-2.7033,3.2793000000000001
9932,-4.1542000000000003,3.2738
9933,-5.7849000000000004,3.2663000000000002
9934,-7.1738,3.2589000000000001
9935,-2.1453000000000002,3.2793000000000001
9936,-2.0585,3.2793000000000001
9937,-2.0585,3.2793000000000001
9938,-2.0522999999999998,3.2793000000000001
9939,-2.0585,3.2793000000000001
9940,-2.0522999999999998,3.2793000000000001
9941,-2.0522999999999998,3.2793000000000001
9942,-2.0585,3.2793000000000001
9943,-0.25419999999999998,3.2867999999999999
9944,-0.65720000000000001,3.2867999999999999
9945,-1.0105999999999999,3.2848999999999999
9946,-1.2958000000000001,3.2848999999999999
9947,-1.4136,3.2831000000000001
9948,-0.62,3.2867999999999999
9949,-0.62,3.2867999999999999
9950,-0.62,3.2867999999999999
9951,-0.62,3.2867999999999999
9952,-0.62,3.2886000000000002
9953,-0.62,3.2886000000000002
9954,-0.62,3.2886000000000002
9955,-0.62,3.2886000000000002
9956,-0.62,3.2886000000000002
9957,-0.62,3.2886000000000002
9958,-0.62,3.2886000000000002
9959,-0.62,3.2886000000000002
9960,-0.63239999999999996,3.2886000000000002
9961,-0.63239999999999996,3.2886000000000002
9962,-0.63859999999999995,3.2886000000000002
9963,-0.63239999999999996,3.2886000000000002
9964,-0.63239999999999996,3.2886000000000002
9965,-0.63239999999999996,3.2905000000000002
9966,-0.63239999999999996,3.2886000000000002
9967,-0.63859999999999995,3.2886000000000002
9968,-0.63239999999999996,3.2886000000000002
9969,-2.0647000000000002,3.2831000000000001
9970,-2.8025000000000002,3.2812000000000001
9971,-3.6334,3.2755999999999998
9972,-4.4703999999999997,3.2719
9973,-5.1586999999999996,3.27
9974,-6.1321000000000003,3.2645
9975,-7.0435999999999996,3.2589000000000001
9976,-7.7504,3.2551999999999999
9977,-8.8975000000000009,3.2513999999999998
9978,-9.9019999999999992,3.2440000000000002
9979,-10.584,3.2403
9980,-11.892300000000001,3.2347000000000001
9981,-3.5341999999999998,3.2682000000000002
9982,-3.4535999999999998,3.2682000000000002
9983,-3.4598,3.27
9984,-3.4598,3.27
9985,-3.4598,3.27
9986,-3.4535999999999998,3.27
9987,-3.4598,3.27
9988,-3.4535999999999998,3.27
9989,-3.4598,3.27
9990,-3.4535999999999998,3.27
9991,-3.4598,3.27
9992,-3.4535999999999998,3.27
9993,-3.4598,3.27
9994,-3.4535999999999998,3.27
9995,-3.4535999999999998,3.27
9996,-3.4660000000000002,3.27
9997,-3.4598,3.27
9998,-3.4598,3.27
9999,-3.4598,3.27
10000,-3.4535999999999998,3.27
10001,-3.4535999999999998,3.27
10002,-3.4535999999999998,3.27
10003,-3.4598,3.27
10004,-3.4598,3.2719
10005,1.3206,3.2905000000000002
10006,1.1594,3.2905000000000002
10007,0.88039999999999996,3.2905000000000002
10008,0.60140000000000005,3.2905000000000002
10009,0.35959999999999998,3.2905000000000002
10010,0.155,3.2905000000000002
10011,-0.062,3.2886000000000002
10012,-0.75019999999999998,3.2867999999999999
10013,-1.054,3.2848999999999999
10014,-1.2958000000000001,3.2831000000000001
10015,-1.4198,3.2831000000000001
10016,-0.62,3.2867999999999999
10017,-0.62,3.2867999999999999
10018,-0.62,3.2867999999999999
10019,-0.62,3.2867999999999999
10020,-0.62,3.2886000000000002
10021,-0.62,3.2886000000000002
10022,-0.62,3.2886000000000002
10023,-0.62,3.2886000000000002
10024,-0.63239999999999996,3.2886000000000002
10025,-0.63239999999999996,3.2886000000000002
10026,-0.63239999999999996,3.2886000000000002
10027,-0.63239999999999996,3.2886000000000002
10028,-0.63239999999999996,3.2886000000000002
10029,-0.63859999999999995,3.2886000000000002
10030,-0.63239999999999996,3.2886000000000002
10031,-0.63239999999999996,3.2886000000000002
10032,-0.63239999999999996,3.2886000000000002
10033,-0.62,3.2886000000000002
10034,-0.61380000000000001,3.2905000000000002
10035,-0.61380000000000001,3.2905000000000002
10036,-0.61380000000000001,3.2905000000000002
10037,-1.7423,3.2848999999999999
10038,-2.1019000000000001,3.2831000000000001
10039,-2.5731000000000002,3.2812000000000001
10040,-2.9264999999999999,3.2793000000000001
10041,-3.3792,3.2774999999999999
10042,-3.8193999999999999,3.2755999999999998
10043,-4.4084000000000003,3.2719
10044,-4.6875,3.27
10045,-5.1772999999999998,3.2682000000000002
10046,-5.6608999999999998,3.2663000000000002
10047,-6.4298000000000002,3.2606999999999999
10048,-7.4962,3.2570000000000001
10049,-6.5042,3.2589000000000001
10050,-7.7380000000000004,3.2532999999999999
10051,-8.3023000000000007,3.2513999999999998
10052,-9.1765000000000008,3.2440000000000002
10053,-9.4184000000000001,3.2421000000000002
10054,-9.9391999999999996,3.2403
10055,-10.460000000000001,3.2366000000000001
10056,-11.4459,3.2328000000000001
10057,-11.551299999999999,3.2309999999999999
10058,-12.115500000000001,3.2273000000000001
10059,-12.6736,3.2254
10060,-13.7462,3.218
10061,-13.8764,3.218
10062,-14.4779,3.2141999999999999
10063,-5.2393000000000001,3.2513999999999998
10064,-5.1524999999999999,3.2532999999999999
10065,-5.1586999999999996,3.2532999999999999
10066,-5.1524999999999999,3.2532999999999999
10067,-5.1649000000000003,3.2551999999999999
10068,-5.1586999999999996,3.2551999999999999
10069,-5.1524999999999999,3.2551999999999999
10070,-5.1586999999999996,3.2551999999999999
10071,-5.1586999999999996,3.2551999999999999
10072,-5.1524999999999999,3.2551999999999999
10073,-5.1586999999999996,3.2551999999999999
10074,-5.1586999999999996,3.2551999999999999
10075,0.94240000000000002,3.2812000000000001
10076,0.97960000000000003,3.2831000000000001
10077,0.62619999999999998,3.2831000000000001
10078,0.72540000000000004,3.2848999999999999
10079,0.60140000000000005,3.2848999999999999
10080,0.31619999999999998,3.2848999999999999
10081,0.39679999999999999,3.2848999999999999
10082,0.27900000000000003,3.2848999999999999
10083,-3.5838000000000001,3.27
10084,-3.6581999999999999,3.2682000000000002
10085,-3.6581999999999999,3.2682000000000002
10086,-3.6581999999999999,3.2682000000000002
10087,-3.6520000000000001,3.2682000000000002
10088,-3.6581999999999999,3.2682000000000002
10089,-3.6581999999999999,3.2682000000000002
10090,-3.6581999999999999,3.2682000000000002
10091,-3.6520000000000001,3.2682000000000002
10092,-3.6520000000000001,3.2682000000000002
10093,-3.6581999999999999,3.2682000000000002
10094,-3.6581999999999999,3.2682000000000002
10095,-3.6581999999999999,3.2682000000000002
10096,1.6431,3.2886000000000002
10097,1.4446000000000001,3.2905000000000002
10098,1.2834000000000001,3.2905000000000002
10099,0.88039999999999996,3.2905000000000002
10100,0.60140000000000005,3.2886000000000002
10101,0.36580000000000001,3.2886000000000002
10102,0.1116,3.2886000000000002
10103,-0.068199999999999997,3.2867999999999999
10104,-0.69440000000000002,3.2848999999999999
10105,-1.054,3.2831000000000001
10106,-1.2958000000000001,3.2831000000000001
10107,-1.4136,3.2812000000000001
10108,-0.62,3.2848999999999999
10109,-0.62,3.2848999999999999
10110,-0.62,3.2848999999999999
10111,-0.62,3.2848999999999999
10112,-0.61380000000000001,3.2848999999999999
10113,-0.62,3.2867999999999999
10114,-0.61380000000000001,3.2867999999999999
10115,-0.62,3.2867999999999999
10116,-0.62,3.2867999999999999
10117,-0.62,3.2867999999999999
10118,-0.62,3.2867999999999999
10119,-0.62,3.2867999999999999
10120,-0.62,3.2867999999999999
10121,-0.62,3.2867999999999999
10122,-0.62,3.2886000000000002
10123,-0.62,3.2867999999999999
10124,-0.62,3.2886000000000002
10125,-0.62,3.2886000000000002
10126,-0.62,3.2886000000000002
10127,-2.7033,3.2793000000000001
10128,-4.1417999999999999,3.2738
10129,-5.7849000000000004,3.2663000000000002
10130,-7.2110000000000003,3.2589000000000001
10131,-2.1391,3.2793000000000001
10132,-2.0709,3.2793000000000001
10133,-2.0709,3.2793000000000001
10134,-2.0709,3.2793000000000001
10135,-2.0709,3.2793000000000001
10136,-2.0709,3.2793000000000001
10137,-2.0709,3.2793000000000001
10138,-2.0771000000000002,3.2793000000000001
10139,-0.27279999999999999,3.2867999999999999
10140,-0.67579999999999996,3.2867999999999999
10141,-1.0105999999999999,3.2848999999999999
10142,-1.2896000000000001,3.2848999999999999
10143,-1.4136,3.2831000000000001
10144,-0.62,3.2867999999999999
10145,-0.61380000000000001,3.2867999999999999
10146,-0.62,3.2867999999999999
10147,-0.61380000000000001,3.2886000000000002
10148,-0.62,3.2886000000000002
10149,-0.62,3.2886000000000002
10150,-0.62,3.2886000000000002
10151,-0.61380000000000001,3.2886000000000002
10152,-0.62,3.2886000000000002
10153,-0.62,3.2886000000000002
10154,-0.62,3.2886000000000002
10155,-0.61380000000000001,3.2886000000000002
10156,-0.61380000000000001,3.2886000000000002
10157,-0.61380000000000001,3.2886000000000002
10158,-0.61380000000000001,3.2886000000000002
10159,-0.61380000000000001,3.2886000000000002
10160,-0.61380000000000001,3.2886000000000002
10161,-0.61380000000000001,3.2905000000000002
10162,-0.61380000000000001,3.2905000000000002
10163,-0.61380000000000001,3.2905000000000002
10164,-0.62,3.2905000000000002
10165,-2.0956999999999999,3.2831000000000001
10166,-2.7776999999999998,3.2812000000000001
10167,-3.6581999999999999,3.2755999999999998
10168,-4.4518000000000004,3.2719
10169,-5.1401000000000003,3.27
10170,-6.0949,3.2645
10171,-7.0125999999999999,3.2589000000000001
10172,-7.7317999999999998,3.2570000000000001
10173,-8.9037000000000006,3.2513999999999998
10174,-9.9019999999999992,3.2440000000000002
10175,-10.584,3.2383999999999999
10176,-11.8985,3.2328000000000001
10177,-3.5899999999999999,3.2682000000000002
10178,-3.4598,3.2682000000000002
10179,-3.4722,3.2682000000000002
10180,-3.4660000000000002,3.27
10181,-3.4784000000000002,3.27
10182,-3.4722,3.27
10183,-3.4784000000000002,3.27
10184,-3.4784000000000002,3.27
10185,-3.4845999999999999,3.27
10186,-3.4722,3.27
10187,-3.4722,3.27
10188,-3.4784000000000002,3.27
10189,-3.4784000000000002,3.27
10190,-3.4784000000000002,3.27
10191,-3.4722,3.27
10192,-3.4722,3.27
10193,-3.4784000000000002,3.27
10194,-3.4722,3.27
10195,-3.4784000000000002,3.27
10196,-3.4784000000000002,3.27
10197,-3.4784000000000002,3.27
10198,-3.4722,3.27
10199,-3.4535999999999998,3.27
10200,-3.4535999999999998,3.27
10201,1.3206,3.2905000000000002
10202,1.1594,3.2905000000000002
10203,0.87419999999999998,3.2905000000000002
10204,0.60140000000000005,3.2905000000000002
10205,0.35959999999999998,3.2886000000000002
10206,0.16120000000000001,3.2886000000000002
10207,-0.068199999999999997,3.2886000000000002
10208,-0.73160000000000003,3.2848999999999999
10209,-1.054,3.2848999999999999
10210,-1.2958000000000001,3.2831000000000001
10211,-1.4136,3.2831000000000001
10212,-0.62,3.2867999999999999
10213,-0.61380000000000001,3.2867999999999999
10214,-0.62,3.2867999999999999
10215,-0.62,3.2867999999999999
10216,-0.62,3.2867999999999999
10217,-0.62,3.2867999999999999
10218,-0.62,3.2867999999999999
10219,-0.61380000000000001,3.2886000000000002
10220,-0.61380000000000001,3.2867999999999999
10221,-0.61380000000000001,3.2886000000000002
10222,-0.62,3.2886000000000002
10223,-0.61380000000000001,3.2886000000000002
10224,-0.62,3.2886000000000002
10225,-0.62,3.2886000000000002
10226,-0.62,3.2886000000000002
10227,-0.62,3.2886000000000002
10228,-0.62,3.2886000000000002
10229,-0.61380000000000001,3.2886000000000002
10230,-0.62,3.2886000000000002
10231,-0.61380000000000001,3.2886000000000002
10232,-0.62,3.2886000000000002
10233,-1.7423,3.2848999999999999
10234,-2.1019000000000001,3.2831000000000001
10235,-2.5731000000000002,3.2812000000000001
10236,-2.9761000000000002,3.2793000000000001
10237,-3.3792,3.2774999999999999
10238,-3.8193999999999999,3.2755999999999998
10239,-4.4146000000000001,3.2719
10240,-4.7432999999999996,3.27
10241,-5.1772999999999998,3.2682000000000002
10242,-5.6981000000000002,3.2645
10243,-6.4236000000000004,3.2606999999999999
10244,-7.5396000000000001,3.2551999999999999
10245,-6.4980000000000002,3.2589000000000001
10246,-7.7751999999999999,3.2532999999999999
10247,-8.3209,3.2477
10248,-9.2385000000000002,3.2440000000000002
10249,-9.468,3.2421000000000002
10250,-9.9578000000000007,3.2383999999999999
10251,-10.4724,3.2366000000000001
10252,-11.4397,3.2309999999999999
10253,-11.600899999999999,3.2290999999999999
10254,-12.115500000000001,3.2254
10255,-12.6798,3.2235
10256,-13.7896,3.218
10257,-13.8764,3.2161
10258,-14.4779,3.2124000000000001
10259,-5.2393000000000001,3.2477
10260,-5.1586999999999996,3.2513999999999998
10261,-5.1586999999999996,3.2532999999999999
10262,-5.1586999999999996,3.2532999999999999
10263,-5.1586999999999996,3.2532999999999999
10264,-5.1649000000000003,3.2532999999999999
10265,-5.1586999999999996,3.2532999999999999
10266,-5.1586999999999996,3.2532999999999999
10267,-5.1586999999999996,3.2551999999999999
10268,-5.1586999999999996,3.2551999999999999
10269,-5.1586999999999996,3.2551999999999999
10270,-5.1649000000000003,3.2551999999999999
10271,0.94240000000000002,3.2793000000000001
10272,0.97960000000000003,3.2831000000000001
10273,0.62619999999999998,3.2831000000000001
10274,0.74399999999999999,3.2831000000000001
10275,0.62619999999999998,3.2848999999999999
10276,0.31619999999999998,3.2831000000000001
10277,0.39679999999999999,3.2831000000000001
10278,0.28520000000000001,3.2848999999999999
10279,-3.5775999999999999,3.2682000000000002
10280,-3.6581999999999999,3.2682000000000002
10281,-3.6581999999999999,3.2682000000000002
10282,-3.6520000000000001,3.2663000000000002
10283,-3.6581999999999999,3.2663000000000002
10284,-3.6520000000000001,3.2663000000000002
10285,-3.6520000000000001,3.2663000000000002
10286,-3.6520000000000001,3.2663000000000002
10287,-3.6520000000000001,3.2663000000000002
10288,-3.6581999999999999,3.2663000000000002
10289,-3.6520000000000001,3.2663000000000002
10290,-3.6520000000000001,3.2663000000000002
10291,-3.6520000000000001,3.2663000000000002
10292,1.6431,3.2886000000000002
10293,1.4508000000000001,3.2886000000000002
10294,1.2834000000000001,3.2905000000000002
10295,0.87419999999999998,3.2886000000000002
10296,0.60140000000000005,3.2886000000000002
10297,0.35959999999999998,3.2886000000000002
10298,0.1116,3.2886000000000002
10299,-0.055800000000000002,3.2848999999999999
10300,-0.69440000000000002,3.2848999999999999
10301,-1.054,3.2831000000000001
10302,-1.2958000000000001,3.2812000000000001
10303,-1.4136,3.2812000000000001
10304,-0.62,3.2848999999999999
10305,-0.62,3.2848999999999999
10306,-0.63239999999999996,3.2848999999999999
10307,-0.63239999999999996,3.2848999999999999
10308,-0.63859999999999995,3.2848999999999999
10309,-0.63239999999999996,3.2848999999999999
10310,-0.63239999999999996,3.2848999999999999
10311,-0.63239999999999996,3.2867999999999999
10312,-0.63239999999999996,3.2848999999999999
10313,-0.63859999999999995,3.2867999999999999
10314,-0.63859999999999995,3.2867999999999999
10315,-0.63859999999999995,3.2867999999999999
10316,-0.63859999999999995,3.2867999999999999
10317,-0.63859999999999995,3.2867999999999999
10318,-0.63859999999999995,3.2867999999999999
10319,-0.63859999999999995,3.2867999999999999
10320,-0.63859999999999995,3.2867999999999999
10321,-0.63859999999999995,3.2867999999999999
10322,-0.63239999999999996,3.2867999999999999
10323,-0.63859999999999995,3.2867999999999999
10324,-0.62,3.2867999999999999
10325,-0.62,3.2867999999999999
10326,-0.62,3.2886000000000002
10327,-0.62,3.2886000000000002
10328,-0.62,3.2886000000000002
10329,-0.61380000000000001,3.2886000000000002
10330,-0.61380000000000001,3.2886000000000002
10331,-0.61380000000000001,3.2886000000000002
10332,-2.2631000000000001,3.2812000000000001
10333,-3.2118000000000002,3.2774999999999999
10334,-4.2224000000000004,3.2719
10335,-5.2206999999999999,3.2682000000000002
10336,-6.2126999999999999,3.2625999999999999
10337,-2.1019000000000001,3.2793000000000001
10338,-2.0522999999999998,3.2793000000000001
10339,-5.6174999999999997,3.2645
10340,-6.343,3.2606999999999999
10341,-7.2172000000000001,3.2570000000000001
10342,-7.6946000000000003,3.2532999999999999
10343,-8.3766999999999996,3.2477
10344,-9.0587,3.2440000000000002
10345,-10.094200000000001,3.2383999999999999
10346,-10.5406,3.2366000000000001
10347,-11.1793,3.2328000000000001
10348,-3.7884000000000002,3.2625999999999999
10349,-3.7016,3.2645
10350,-10.497199999999999,3.2347000000000001
10351,-11.092499999999999,3.2309999999999999
10352,-11.241300000000001,3.2290999999999999
10353,-12.202299999999999,3.2254
10354,-12.754200000000001,3.2216999999999998
10355,-13.3184,3.218
10356,-13.361800000000001,3.218
10357,-14.4779,3.2124000000000001
10358,-5.2579000000000002,3.2477
10359,-5.1401000000000003,3.2513999999999998
10360,-12.654999999999999,3.2198000000000002
10361,-13.814399999999999,3.2141999999999999
10362,-13.6966,3.2124000000000001
10363,-14.775499999999999,3.2086999999999999
10364,-14.6639,3.2067999999999999
10365,-15.1289,3.2031000000000001
10366,-16.294599999999999,3.1974999999999998
10367,-16.127199999999998,3.1956000000000002
10368,-16.660399999999999,3.1938
10369,-17.888100000000001,3.1882000000000001
10370,-17.7393,3.1882000000000001
10371,-19.041399999999999,3.1808000000000001
10372,-18.886399999999998,3.1808000000000001
10373,-8.4200999999999997,3.2235
10374,-8.3394999999999992,3.2235
10375,-8.3270999999999997,3.2254
10376,-8.3332999999999995,3.2254
10377,-8.3332999999999995,3.2254
10378,-8.3457000000000008,3.2254
10379,-8.3332999999999995,3.2273000000000001
10380,-8.3332999999999995,3.2273000000000001
10381,-8.3270999999999997,3.2273000000000001
10382,-8.3332999999999995,3.2273000000000001
10383,-8.3332999999999995,3.2273000000000001
10384,-8.3332999999999995,3.2273000000000001
10385,-8.3332999999999995,3.2273000000000001
10386,-8.3394999999999992,3.2273000000000001
10387,-8.3332999999999995,3.2273000000000001
10388,-8.3332999999999995,3.2273000000000001
10389,-8.3332999999999995,3.2273000000000001
10390,-8.3519000000000005,3.2273000000000001
10391,-8.3581000000000003,3.2273000000000001
10392,-8.3519000000000005,3.2273000000000001
10393,-8.3519000000000005,3.2273000000000001
10394,-8.3270999999999997,3.2273000000000001
10395,-8.3457000000000008,3.2273000000000001
10396,-8.3457000000000008,3.2273000000000001
10397,-8.3332999999999995,3.2273000000000001
10398,-8.3270999999999997,3.2273000000000001
10399,-8.3270999999999997,3.2273000000000001
10400,-8.3270999999999997,3.2273000000000001
10401,-8.3332999999999995,3.2273000000000001
10402,-8.3332999999999995,3.2273000000000001
10403,-8.3332999999999995,3.2273000000000001
10404,-8.3270999999999997,3.2273000000000001
10405,-8.3270999999999997,3.2273000000000001
10406,-8.3332999999999995,3.2273000000000001
10407,-8.3332999999999995,3.2273000000000001
10408,-8.3332999999999995,3.2273000000000001
10409,-8.3332999999999995,3.2273000000000001
10410,-8.3332999999999995,3.2273000000000001
10411,-8.3394999999999992,3.2273000000000001
10412,-8.3332999999999995,3.2273000000000001
10413,-8.3332999999999995,3.2273000000000001
10414,-8.3270999999999997,3.2273000000000001
10415,-8.3332999999999995,3.2273000000000001
10416,-8.3394999999999992,3.2273000000000001
10417,-8.3457000000000008,3.2273000000000001
10418,-8.3394999999999992,3.2273000000000001
10419,-8.3332999999999995,3.2273000000000001
10420,-8.3332999999999995,3.2273000000000001
10421,-8.3332999999999995,3.2273000000000001
10422,-8.3394999999999992,3.2254
10423,3.8441999999999998,3.2774999999999999
10424,3.8441999999999998,3.2812000000000001
10425,3.6892,3.2831000000000001
10426,3.5217999999999998,3.2848999999999999
10427,3.3296000000000001,3.2848999999999999
10428,3.1684000000000001,3.2848999999999999
10429,2.9699,3.2867999999999999
10430,2.7591000000000001,3.2867999999999999
10431,-4.9789000000000003,3.2551999999999999
10432,-5.1463000000000001,3.2532999999999999
10433,-5.1401000000000003,3.2532999999999999
10434,-5.1463000000000001,3.2513999999999998
10435,-5.1401000000000003,3.2513999999999998
10436,-5.1463000000000001,3.2513999999999998
10437,-5.1401000000000003,3.2513999999999998
10438,-5.1401000000000003,3.2513999999999998
10439,-5.1401000000000003,3.2477
10440,-5.1401000000000003,3.2513999999999998
10441,-5.1401000000000003,3.2477
10442,-5.1401000000000003,3.2477
10443,-5.1401000000000003,3.2477
10444,-5.1401000000000003,3.2477
10445,-5.1463000000000001,3.2477
10446,-5.1401000000000003,3.2477
10447,-5.1401000000000003,3.2477
10448,-5.1463000000000001,3.2477
10449,-5.1401000000000003,3.2477
10450,-5.1463000000000001,3.2477
10451,-5.1401000000000003,3.2477
10452,-5.1463000000000001,3.2477
10453,-5.1401000000000003,3.2477
10454,-5.1401000000000003,3.2477
10455,-5.1401000000000003,3.2477
10456,-5.1463000000000001,3.2477
10457,-5.1463000000000001,3.2477
10458,-5.1524999999999999,3.2477
10459,-5.1401000000000003,3.2477
10460,-5.1401000000000003,3.2477
10461,-5.1463000000000001,3.2477
10462,-5.1463000000000001,3.2477
10463,-5.1463000000000001,3.2477
10464,-5.1463000000000001,3.2477
10465,-5.1463000000000001,3.2477
10466,-5.1463000000000001,3.2477
10467,-5.1401000000000003,3.2477
10468,-5.1401000000000003,3.2477
10469,-5.1463000000000001,3.2477
10470,-5.1463000000000001,3.2477
10471,-5.1338999999999997,3.2477
10472,-5.1338999999999997,3.2477
10473,-5.1338999999999997,3.2477
10474,-5.1401000000000003,3.2477
10475,-5.1401000000000003,3.2477
10476,-5.1463000000000001,3.2477
10477,-5.1401000000000003,3.2477
10478,-5.1401000000000003,3.2477
10479,-5.1338999999999997,3.2477
10480,-5.1401000000000003,3.2477
10481,-5.1338999999999997,3.2477
10482,-5.1401000000000003,3.2477
10483,-5.1401000000000003,3.2477
10484,-5.1401000000000003,3.2477
10485,-5.1401000000000003,3.2477
10486,-5.1401000000000003,3.2477
10487,-5.1401000000000003,3.2477
10488,-5.1401000000000003,3.2477
10489,-5.1463000000000001,3.2477
10490,-5.1463000000000001,3.2477
10491,-5.1463000000000001,3.2477
10492,-5.1401000000000003,3.2477
10493,-5.1524999999999999,3.2477
10494,-5.1401000000000003,3.2477
10495,-5.1463000000000001,3.2477
10496,-5.1463000000000001,3.2477
10497,-5.1463000000000001,3.2477
10498,-5.1401000000000003,3.2477
10499,-5.1401000000000003,3.2477
10500,-12.686,3.218
10501,-13.857799999999999,3.2105000000000001
10502,-13.727600000000001,3.2086999999999999
10503,-14.818899999999999,3.2031000000000001
10504,-14.694900000000001,3.2012
10505,-15.184699999999999,3.1993999999999998
10506,-16.338000000000001,3.1938
10507,-16.1768,3.1919
10508,-16.703800000000001,3.1901000000000002
10509,-17.9377,3.1844999999999999
10510,-17.770299999999999,3.1825999999999999
10511,-19.097200000000001,3.177
10512,-18.936,3.177
10513,-8.4634999999999998,3.218
10514,-8.3394999999999992,3.2198000000000002
10515,-8.3332999999999995,3.2216999999999998
10516,-8.3270999999999997,3.2216999999999998
10517,-8.3394999999999992,3.2216999999999998
10518,-8.3394999999999992,3.2216999999999998
10519,-8.3332999999999995,3.2235
10520,-8.3332999999999995,3.2235
10521,-8.3270999999999997,3.2235
10522,-8.3332999999999995,3.2235
10523,-8.3332999999999995,3.2235
10524,-8.3332999999999995,3.2235
10525,-8.3270999999999997,3.2235
10526,-8.3332999999999995,3.2235
10527,-8.3270999999999997,3.2235
10528,-8.3457000000000008,3.2235
10529,-8.3394999999999992,3.2235
10530,-8.3332999999999995,3.2235
10531,-8.3332999999999995,3.2235
10532,-8.3332999999999995,3.2235
10533,-8.3270999999999997,3.2235
10534,-8.3270999999999997,3.2235
10535,-8.3394999999999992,3.2235
10536,-8.3394999999999992,3.2235
10537,-8.3332999999999995,3.2235
10538,-8.3457000000000008,3.2235
10539,-8.3394999999999992,3.2235
10540,-8.3332999999999995,3.2235
10541,-8.3270999999999997,3.2235
10542,-8.3270999999999997,3.2235
10543,-8.3394999999999992,3.2235
10544,-8.3332999999999995,3.2235
10545,-8.3890999999999991,3.2235
10546,-8.3890999999999991,3.2235
10547,-8.3890999999999991,3.2235
10548,-8.3766999999999996,3.2235
10549,-8.3766999999999996,3.2235
10550,-8.3890999999999991,3.2235
10551,-8.3766999999999996,3.2235
10552,-8.3766999999999996,3.2235
10553,-8.3890999999999991,3.2235
10554,-8.3704999999999998,3.2235
10555,-8.3766999999999996,3.2235
10556,-8.3704999999999998,3.2235
10557,-8.3766999999999996,3.2235
10558,-8.3766999999999996,3.2235
10559,-8.3890999999999991,3.2235
10560,-8.3890999999999991,3.2235
10561,-8.3704999999999998,3.2235
10562,-8.3704999999999998,3.2235
10563,-14.7011,3.1956000000000002
10564,-14.2919,3.1956000000000002
10565,-15.246700000000001,3.1919
10566,-14.769299999999999,3.1919
10567,-15.7738,3.1882000000000001
10568,-15.277699999999999,3.1901000000000002
10569,-16.325600000000001,3.1844999999999999
10570,-16.623200000000001,3.1825999999999999
10571,-16.0962,3.1844999999999999
10572,-17.168800000000001,3.1789000000000001
10573,-16.660399999999999,3.1808000000000001
10574,-17.770299999999999,3.177
10575,-17.206099999999999,3.1789000000000001
10576,-18.3841,3.1732999999999998
10577,-18.7437,3.1696
10578,-18.0989,3.1715
10579,-19.332799999999999,3.1677
10580,-18.737500000000001,3.1677
10581,-19.983799999999999,3.1640000000000001
10582,-19.382400000000001,3.1659000000000002
10583,-20.647300000000001,3.1602999999999999
10584,-21.025500000000001,3.1566000000000001
10585,-20.3931,3.1602999999999999
10586,-21.750900000000001,3.1528999999999998
10587,-21.068899999999999,3.1528999999999998
10588,-22.476400000000002,3.1490999999999998
10589,-21.7943,3.1509999999999998
10590,-23.183199999999999,3.1454
10591,-23.6111,3.1417000000000002
10592,-22.8794,3.1436000000000002
10593,-24.379899999999999,3.1379999999999999
10594,-23.660699999999999,3.1398000000000001
10595,-25.167400000000001,3.1343000000000001
10596,-24.423300000000001,3.1360999999999999
10597,-26.0044,3.1305000000000001
10598,-16.3752,3.1659000000000002
10599,-16.294599999999999,3.1677
10600,-16.288399999999999,3.1677
10601,-16.2822,3.1696
10602,-16.288399999999999,3.1696
10603,-16.288399999999999,3.1696
10604,-16.288399999999999,3.1696
10605,-16.2822,3.1696
10606,-16.288399999999999,3.1696
10607,-16.2822,3.1696
10608,-16.288399999999999,3.1696
10609,-16.294599999999999,3.1696
10610,-16.276,3.1696
10611,-16.294599999999999,3.1696
10612,-16.288399999999999,3.1696
10613,-16.294599999999999,3.1696
10614,-16.294599999999999,3.1696
10615,-16.294599999999999,3.1696
10616,-16.294599999999999,3.1696
10617,-16.294599999999999,3.1696
10618,-16.294599999999999,3.1696
10619,-16.294599999999999,3.1696
10620,-16.294599999999999,3.1696
10621,-16.288399999999999,3.1696
10622,-16.288399999999999,3.1696
10623,-16.2822,3.1696
10624,-16.338000000000001,3.1696
10625,-16.331800000000001,3.1696
10626,-16.331800000000001,3.1696
10627,-16.331800000000001,3.1696
10628,-27.697099999999999,3.1267999999999998
10629,-28.3172,3.1212
10630,-28.844200000000001,3.1194000000000002
10631,-29.4146,3.1156000000000001
10632,-29.9665,3.1101000000000001
10633,-30.5307,3.1082000000000001
10634,-31.125900000000001,3.1044999999999998
10635,-31.696400000000001,3.1025999999999998
10636,-32.285400000000003,3.0989
10637,-32.930300000000003,3.0952000000000002
10638,-33.531700000000001,3.0933000000000002
10639,-34.207500000000003,3.0895999999999999
10640,-34.846200000000003,3.0859000000000001
10641,-35.528199999999998,3.0840000000000001
10642,-36.253700000000002,3.0802999999999998
10643,-36.941899999999997,3.0783999999999998
10644,-37.648800000000001,3.0747
10645,-38.392800000000001,3.0710000000000002
10646,-39.161700000000003,3.0653999999999999
10647,-39.918100000000003,3.0617000000000001
10648,-24.7395,3.1175000000000002
10649,-24.658899999999999,3.1194000000000002
10650,-24.677499999999998,3.1194000000000002
10651,-24.665099999999999,3.1194000000000002
10652,-24.677499999999998,3.1194000000000002
10653,-24.665099999999999,3.1212
10654,-24.665099999999999,3.1212
10655,-24.708500000000001,3.1194000000000002
10656,-24.696100000000001,3.1194000000000002
10657,-24.702300000000001,3.1194000000000002
10658,2.7839,3.2273000000000001
10659,3.218,3.2347000000000001
10660,3.5466000000000002,3.2403
10661,3.7822,3.2440000000000002
10662,4.0301999999999998,3.2477
10663,4.2595999999999998,3.2532999999999999
10664,4.4518000000000004,3.2551999999999999
10665,4.6254,3.2589000000000001
10666,4.7929000000000004,3.2606999999999999
10667,4.8611000000000004,3.2625999999999999
10668,4.9044999999999996,3.2645
10669,4.9044999999999996,3.2663000000000002
10670,4.8673000000000002,3.2682000000000002
10671,4.8300999999999998,3.2682000000000002
10672,4.7432999999999996,3.27
10673,4.6626000000000003,3.2719
10674,9.9329999999999998,3.2942
10675,9.9391999999999996,3.2978999999999998
10676,8.9780999999999995,3.2942
10677,8.7858999999999998,3.2942
10678,7.8993000000000002,3.2924000000000002
10679,7.6201999999999996,3.2924000000000002
10680,6.7397999999999998,3.2905000000000002
10681,6.4236000000000004,3.2905000000000002
10682,8.1783000000000001,3.2997999999999998
10683,7.0373999999999999,3.2942
10684,5.8407,3.2905000000000002
10685,4.6875,3.2867999999999999
10686,3.6829999999999998,3.2831000000000001
10687,2.7281,3.2793000000000001
10688,1.7608999999999999,3.2755999999999998
10689,0.35959999999999998,3.27
10690,-0.69440000000000002,3.2663000000000002
10691,-1.3826000000000001,3.2625999999999999
10692,-0.62,3.2663000000000002
10693,-0.61380000000000001,3.2663000000000002
10694,-0.62,3.2663000000000002
10695,-0.61380000000000001,3.2663000000000002
10696,-0.61380000000000001,3.2663000000000002
10697,-0.61380000000000001,3.2663000000000002
10698,-0.62,3.2663000000000002
10699,-0.61380000000000001,3.2663000000000002
10700,-0.61380000000000001,3.2682000000000002
10701,-0.62619999999999998,3.2682000000000002
10702,-0.62,3.2682000000000002
10703,-0.62,3.2682000000000002
10704,-0.62,3.2682000000000002
10705,-0.62,3.2682000000000002
10706,-0.62,3.2682000000000002
10707,-0.62,3.2682000000000002
10708,-0.62,3.2682000000000002
10709,-0.62,3.2682000000000002
10710,-0.62,3.2682000000000002
10711,-0.068199999999999997,3.2719
10712,-0.62,3.27
10713,-0.62,3.27
10714,-0.62,3.27
10715,-0.62,3.27
10716,-0.62,3.27
10717,-0.63239999999999996,3.27
10718,-0.63239999999999996,3.27
10719,-0.63239999999999996,3.27
10720,-0.63859999999999995,3.27
10721,-0.61380000000000001,3.27
10722,-0.61380000000000001,3.2719
10723,-0.62,3.2719
10724,-2.7157,3.2625999999999999
10725,-4.1479999999999997,3.2570000000000001
10726,-5.7538999999999998,3.2477
10727,-7.1985999999999999,3.2421000000000002
10728,-2.1143000000000001,3.2625999999999999
10729,-2.0337000000000001,3.2645
10730,-2.0337000000000001,3.2645
10731,-2.0337000000000001,3.2645
10732,-2.0337000000000001,3.2645
10733,-2.0213000000000001,3.2645
10734,-2.0213000000000001,3.2645
10735,-2.0089000000000001,3.2645
10736,-0.25419999999999998,3.2719
10737,-0.65720000000000001,3.2719
10738,-1.0105999999999999,3.27
10739,-1.2958000000000001,3.2682000000000002
10740,-1.4136,3.2682000000000002
10741,-0.62,3.2719
10742,-0.61380000000000001,3.2719
10743,-0.62,3.2719
10744,-0.62,3.2719
10745,-0.61380000000000001,3.2719
10746,-0.62,3.2738
10747,-0.61380000000000001,3.2738
10748,-0.61380000000000001,3.2738
10749,-0.61380000000000001,3.2738
10750,-0.62,3.2738
10751,-0.62,3.2738
10752,-0.61380000000000001,3.2738
10753,-0.61380000000000001,3.2738
10754,-0.62,3.2738
10755,-0.62,3.2738
10756,-0.62,3.2755999999999998
10757,-0.62,3.2755999999999998
10758,-0.61380000000000001,3.2755999999999998
10759,-0.61380000000000001,3.2755999999999998
10760,-0.62,3.2755999999999998
10761,-0.61380000000000001,3.2755999999999998
10762,-2.0522999999999998,3.27
10763,-2.7776999999999998,3.2663000000000002
10764,-3.6147999999999998,3.2625999999999999
10765,-4.4455999999999998,3.2589000000000001
10766,-5.1463000000000001,3.2551999999999999
10767,-6.0576999999999996,3.2513999999999998
10768,-6.9753999999999996,3.2440000000000002
10769,-7.6883999999999997,3.2403
10770,-8.8603000000000005,3.2366000000000001
10771,-9.8523999999999994,3.2309999999999999
10772,-10.5406,3.2273000000000001
10773,-11.8675,3.2198000000000002
10774,-3.5341999999999998,3.2551999999999999
10775,-3.4163999999999999,3.2570000000000001
10776,-3.4226000000000001,3.2570000000000001
10777,-3.4226000000000001,3.2570000000000001
10778,-3.4226000000000001,3.2570000000000001
10779,-3.4226000000000001,3.2570000000000001
10780,-3.4226000000000001,3.2589000000000001
10781,-3.4226000000000001,3.2589000000000001
10782,-3.4411999999999998,3.2570000000000001
10783,-3.4411999999999998,3.2589000000000001
10784,-3.4350000000000001,3.2589000000000001
10785,-3.4411999999999998,3.2589000000000001
10786,-3.4411999999999998,3.2589000000000001
10787,-3.4350000000000001,3.2589000000000001
10788,-3.4411999999999998,3.2589000000000001
10789,-3.4350000000000001,3.2589000000000001
10790,-3.4411999999999998,3.2589000000000001
10791,-3.4474,3.2589000000000001
10792,-3.4411999999999998,3.2589000000000001
10793,-3.4411999999999998,3.2589000000000001
10794,-3.4411999999999998,3.2589000000000001
10795,-3.4411999999999998,3.2589000000000001
10796,-3.4411999999999998,3.2589000000000001
10797,-3.4411999999999998,3.2589000000000001
10798,1.3391999999999999,3.2793000000000001
10799,1.1408,3.2793000000000001
10800,0.89900000000000002,3.2793000000000001
10801,0.60140000000000005,3.2774999999999999
10802,0.35959999999999998,3.2774999999999999
10803,0.155,3.2774999999999999
10804,-0.068199999999999997,3.2755999999999998
10805,-0.73160000000000003,3.2738
10806,-1.0478000000000001,3.2719
10807,-1.2896000000000001,3.2719
10808,-1.4136,3.2719
10809,-0.61380000000000001,3.2738
10810,-0.62,3.2755999999999998
10811,-0.62,3.2738
10812,-0.62,3.2755999999999998
10813,-0.62,3.2755999999999998
10814,-0.62,3.2755999999999998
10815,-0.62,3.2755999999999998
10816,-0.63239999999999996,3.2755999999999998
10817,-0.63859999999999995,3.2755999999999998
10818,-0.63239999999999996,3.2755999999999998
10819,-0.63239999999999996,3.2755999999999998
10820,-0.63239999999999996,3.2755999999999998
10821,-0.63239999999999996,3.2755999999999998
10822,-0.63239999999999996,3.2755999999999998
10823,-0.63239999999999996,3.2755999999999998
10824,-0.63859999999999995,3.2755999999999998
10825,-0.63239999999999996,3.2774999999999999
10826,-0.63239999999999996,3.2774999999999999
10827,-0.63239999999999996,3.2774999999999999
10828,-0.63859999999999995,3.2774999999999999
10829,-0.61380000000000001,3.2774999999999999
10830,-1.7484999999999999,3.2738
10831,-2.1019000000000001,3.2719
10832,-2.5669,3.2682000000000002
10833,-2.9264999999999999,3.2663000000000002
10834,-3.3792,3.2663000000000002
10835,-3.8132000000000001,3.2625999999999999
10836,-4.3836000000000004,3.2606999999999999
10837,-4.7122999999999999,3.2589000000000001
10838,-5.1401000000000003,3.2570000000000001
10839,-5.6547000000000001,3.2532999999999999
10840,-6.3739999999999997,3.2477
10841,-7.4962,3.2440000000000002
10842,-6.4484000000000004,3.2477
10843,-7.7256,3.2403
10844,-8.2589000000000006,3.2383999999999999
10845,-9.1827000000000005,3.2328000000000001
10846,-9.4184000000000001,3.2309999999999999
10847,-9.9019999999999992,3.2290999999999999
10848,-10.410399999999999,3.2254
10849,-11.383900000000001,3.2216999999999998
10850,-11.5017,3.2198000000000002
10851,-12.065899999999999,3.218
10852,-12.611599999999999,3.2141999999999999
10853,-13.7028,3.2086999999999999
10854,-13.7834,3.2086999999999999
10855,-14.415900000000001,3.2031000000000001
10856,-5.2206999999999999,3.2403
10857,-5.1090999999999998,3.2421000000000002
10858,-5.1029,3.2421000000000002
10859,-5.1029,3.2440000000000002
10860,-5.0967000000000002,3.2440000000000002
10861,-5.1029,3.2440000000000002
10862,-5.1090999999999998,3.2440000000000002
10863,-5.1029,3.2440000000000002
10864,-5.0967000000000002,3.2440000000000002
10865,-5.1029,3.2440000000000002
10866,-5.0967000000000002,3.2440000000000002
10867,-5.0967000000000002,3.2440000000000002
10868,0.93000000000000005,3.2719
10869,0.93000000000000005,3.2738
10870,0.62619999999999998,3.2738
10871,0.74399999999999999,3.2738
10872,0.62619999999999998,3.2738
10873,0.34100000000000003,3.2738
10874,0.42159999999999997,3.2755999999999998
10875,0.29759999999999998,3.2755999999999998
10876,-3.5962000000000001,3.2589000000000001
10877,-3.6768000000000001,3.2589000000000001
10878,-3.6768000000000001,3.2589000000000001
10879,-3.6768000000000001,3.2570000000000001
10880,-3.6768000000000001,3.2570000000000001
10881,-3.6705999999999999,3.2570000000000001
10882,-3.6705999999999999,3.2570000000000001
10883,-3.6768000000000001,3.2570000000000001
10884,-3.6581999999999999,3.2570000000000001
10885,-3.6581999999999999,3.2570000000000001
10886,-3.6581999999999999,3.2570000000000001
10887,-3.6520000000000001,3.2570000000000001
10888,-3.6520000000000001,3.2570000000000001
10889,1.6431,3.2793000000000001
10890,1.4446000000000001,3.2793000000000001
10891,1.2834000000000001,3.2812000000000001
10892,0.87419999999999998,3.2793000000000001
10893,0.60140000000000005,3.2793000000000001
10894,0.35959999999999998,3.2793000000000001
10895,0.10539999999999999,3.2774999999999999
10896,-0.049599999999999998,3.2755999999999998
10897,-0.71299999999999997,3.2738
10898,-1.0726,3.2738
10899,-1.3144,3.2719
10900,-1.4074,3.2719
10901,-0.61380000000000001,3.2755999999999998
10902,-0.61380000000000001,3.2755999999999998
10903,-0.62,3.2755999999999998
10904,-0.61380000000000001,3.2755999999999998
10905,-0.61380000000000001,3.2755999999999998
10906,-0.61380000000000001,3.2755999999999998
10907,-0.62,3.2755999999999998
10908,-0.62,3.2755999999999998
10909,-0.62,3.2755999999999998
10910,-0.62,3.2755999999999998
10911,-0.61380000000000001,3.2774999999999999
10912,-0.62,3.2774999999999999
10913,-0.62619999999999998,3.2774999999999999
10914,-0.62,3.2774999999999999
10915,-0.61380000000000001,3.2774999999999999
10916,-0.62,3.2774999999999999
10917,-0.62,3.2774999999999999
10918,-0.62,3.2774999999999999
10919,-0.62,3.2774999999999999
10920,-2.6970999999999998,3.2682000000000002
10921,-4.1479999999999997,3.2625999999999999
10922,-5.7786999999999997,3.2551999999999999
10923,-7.1676000000000002,3.2458999999999998
10924,-2.1391,3.2682000000000002
10925,-2.0089000000000001,3.2682000000000002
10926,-2.0213000000000001,3.27
10927,-2.0089000000000001,3.27
10928,-2.0213000000000001,3.27
10929,-2.0089000000000001,3.27
10930,-2.0089000000000001,3.27
10931,-2.0089000000000001,3.27
10932,-0.25419999999999998,3.2774999999999999
10933,-0.65100000000000002,3.2755999999999998
10934,-1.0167999999999999,3.2738
10935,-1.2958000000000001,3.2738
10936,-1.4136,3.2738
10937,-0.62,3.2774999999999999
10938,-0.62,3.2755999999999998
10939,-0.62,3.2774999999999999
10940,-0.62,3.2774999999999999
10941,-0.62,3.2774999999999999
10942,-0.63239999999999996,3.2774999999999999
10943,-0.63239999999999996,3.2774999999999999
10944,-0.63239999999999996,3.2774999999999999
10945,-0.63859999999999995,3.2774999999999999
10946,-0.63239999999999996,3.2774999999999999
10947,-0.63239999999999996,3.2774999999999999
10948,-0.63239999999999996,3.2793000000000001
10949,-0.63239999999999996,3.2793000000000001
10950,-0.63859999999999995,3.2793000000000001
10951,-0.63859999999999995,3.2793000000000001
10952,-0.63859999999999995,3.2774999999999999
10953,-0.63859999999999995,3.2793000000000001
10954,-0.63239999999999996,3.2793000000000001
10955,-0.63859999999999995,3.2793000000000001
10956,-0.63859999999999995,3.2793000000000001
10957,-0.63859999999999995,3.2793000000000001
10958,-2.0771000000000002,3.2738
10959,-2.7900999999999998,3.27
10960,-3.6334,3.2663000000000002
10961,-4.4703999999999997,3.2625999999999999
10962,-5.1586999999999996,3.2589000000000001
10963,-6.1073000000000004,3.2532999999999999
10964,-7.0002000000000004,3.2477
10965,-7.7194000000000003,3.2440000000000002
10966,-8.9161000000000001,3.2383999999999999
10967,-9.9206000000000003,3.2328000000000001
10968,-10.553000000000001,3.2290999999999999
10969,-11.873699999999999,3.2235
10970,-3.528,3.2570000000000001
10971,-3.4102000000000001,3.2589000000000001
10972,-3.4163999999999999,3.2589000000000001
10973,-3.4163999999999999,3.2606999999999999
10974,-3.4102000000000001,3.2606999999999999
10975,-3.4163999999999999,3.2606999999999999
10976,-3.4226000000000001,3.2606999999999999
10977,-3.4102000000000001,3.2606999999999999
10978,-3.4102000000000001,3.2606999999999999
10979,-3.4163999999999999,3.2606999999999999
10980,-3.4102000000000001,3.2606999999999999
10981,-3.4102000000000001,3.2606999999999999
10982,-3.4163999999999999,3.2606999999999999
10983,-3.4226000000000001,3.2606999999999999
10984,-3.4226000000000001,3.2606999999999999
10985,-3.4163999999999999,3.2606999999999999
10986,-3.4226000000000001,3.2606999999999999
10987,-3.4163999999999999,3.2606999999999999
10988,-3.4226000000000001,3.2606999999999999
10989,-3.4226000000000001,3.2606999999999999
10990,-3.4163999999999999,3.2606999999999999
10991,-3.4163999999999999,3.2606999999999999
10992,-3.4226000000000001,3.2606999999999999
10993,-3.4163999999999999,3.2606999999999999
10994,1.3206,3.2812000000000001
10995,1.1656,3.2812000000000001
10996,0.89280000000000004,3.2812000000000001
10997,0.62619999999999998,3.2812000000000001
10998,0.37819999999999998,3.2793000000000001
10999,0.1736,3.2793000000000001
11000,-0.068199999999999997,3.2774999999999999
11001,-0.75639999999999996,3.2755999999999998
11002,-1.0726,3.2755999999999998
11003,-1.3144,3.2738
11004,-1.4259999999999999,3.2738
11005,-0.63239999999999996,3.2774999999999999
11006,-0.63239999999999996,3.2774999999999999
11007,-0.63239999999999996,3.2774999999999999
11008,-0.63239999999999996,3.2774999999999999
11009,-0.63239999999999996,3.2774999999999999
11010,-0.63239999999999996,3.2774999999999999
11011,-0.63239999999999996,3.2774999999999999
11012,-0.63239999999999996,3.2774999999999999
11013,-0.63239999999999996,3.2774999999999999
11014,-0.63239999999999996,3.2774999999999999
11015,-0.63859999999999995,3.2774999999999999
11016,-0.63239999999999996,3.2774999999999999
11017,-0.63239999999999996,3.2774999999999999
11018,-0.63239999999999996,3.2774999999999999
11019,-0.63239999999999996,3.2774999999999999
11020,-0.63239999999999996,3.2793000000000001
11021,-0.63239999999999996,3.2793000000000001
11022,-0.63239999999999996,3.2793000000000001
11023,-0.63239999999999996,3.2793000000000001
11024,-0.63239999999999996,3.2793000000000001
11025,-0.61380000000000001,3.2793000000000001
11026,-1.7423,3.2738
11027,-2.0956999999999999,3.2738
11028,-2.5669,3.27
11029,-2.9388999999999998,3.2682000000000002
11030,-3.3792,3.2663000000000002
11031,-3.8132000000000001,3.2645
11032,-4.4084000000000003,3.2606999999999999
11033,-4.6875,3.2589000000000001
11034,-5.1835000000000004,3.2570000000000001
11035,-5.6547000000000001,3.2551999999999999
11036,-6.4173999999999998,3.2513999999999998
11037,-7.5023999999999997,3.2440000000000002
11038,-6.4980000000000002,3.2477
11039,-7.7317999999999998,3.2421000000000002
11040,-8.3023000000000007,3.2383999999999999
11041,-9.1827000000000005,3.2347000000000001
11042,-9.4122000000000003,3.2328000000000001
11043,-9.9019999999999992,3.2290999999999999
11044,-10.416600000000001,3.2273000000000001
11045,-11.371499999999999,3.2216999999999998
11046,-11.5265,3.2198000000000002
11047,-12.0473,3.218
11048,-12.611599999999999,3.2141999999999999
11049,-13.7028,3.2086999999999999
11050,-13.814399999999999,3.2067999999999999
11051,-14.415900000000001,3.2012
11052,-5.2145000000000001,3.2403
11053,-5.1029,3.2421000000000002
11054,-5.0967000000000002,3.2421000000000002
11055,-5.1029,3.2440000000000002
11056,-5.1029,3.2440000000000002
11057,-5.0967000000000002,3.2440000000000002
11058,-5.1029,3.2440000000000002
11059,-5.1029,3.2440000000000002
11060,-5.1029,3.2440000000000002
11061,-5.1029,3.2458999999999998
11062,-5.0967000000000002,3.2440000000000002
11063,-5.1029,3.2458999999999998
11064,0.92379999999999995,3.2719
11065,0.95479999999999998,3.2738
11066,0.60140000000000005,3.2738
11067,0.72540000000000004,3.2755999999999998
11068,0.60760000000000003,3.2755999999999998
11069,0.31619999999999998,3.2755999999999998
11070,0.39679999999999999,3.2755999999999998
11071,0.27900000000000003,3.2755999999999998
11072,-3.5838000000000001,3.2606999999999999
11073,-3.6520000000000001,3.2589000000000001
11074,-3.6520000000000001,3.2589000000000001
11075,-3.6520000000000001,3.2589000000000001
11076,-3.6581999999999999,3.2589000000000001
11077,-3.6520000000000001,3.2589000000000001
11078,-3.6581999999999999,3.2589000000000001
11079,-3.6581999999999999,3.2589000000000001
11080,-3.6520000000000001,3.2570000000000001
11081,-3.6520000000000001,3.2589000000000001
11082,-3.6581999999999999,3.2570000000000001
11083,-3.6581999999999999,3.2570000000000001
11084,-3.6581999999999999,3.2570000000000001
11085,1.6431,3.2793000000000001
11086,1.4446000000000001,3.2812000000000001
11087,1.2834000000000001,3.2812000000000001
11088,0.87419999999999998,3.2812000000000001
11089,0.60140000000000005,3.2793000000000001
11090,0.35959999999999998,3.2793000000000001
11091,0.10539999999999999,3.2793000000000001
11092,-0.062,3.2774999999999999
11093,-0.69440000000000002,3.2755999999999998
11094,-1.054,3.2738
11095,-1.2896000000000001,3.2719
11096,-1.4136,3.2719
11097,-0.61380000000000001,3.2755999999999998
11098,-0.62,3.2755999999999998
11099,-0.62,3.2755999999999998
11100,-0.62,3.2755999999999998
11101,-0.62,3.2755999999999998
11102,-0.62,3.2755999999999998
11103,-0.61380000000000001,3.2774999999999999
11104,-0.61380000000000001,3.2755999999999998
11105,-0.61380000000000001,3.2774999999999999
11106,-0.61380000000000001,3.2774999999999999
11107,-0.61380000000000001,3.2774999999999999
11108,-0.61380000000000001,3.2774999999999999
11109,-0.62,3.2774999999999999
11110,-0.62,3.2774999999999999
11111,-0.61380000000000001,3.2774999999999999
11112,-0.61380000000000001,3.2774999999999999
11113,-0.61380000000000001,3.2774999999999999
11114,-0.61380000000000001,3.2774999999999999
11115,-0.62,3.2774999999999999
11116,-2.6970999999999998,3.27
11117,-4.1417999999999999,3.2625999999999999
11118,-5.7786999999999997,3.2551999999999999
11119,-7.1862000000000004,3.2477
11120,-2.1391,3.2682000000000002
11121,-2.0522999999999998,3.27
11122,-2.0522999999999998,3.27
11123,-2.0585,3.27
11124,-2.0522999999999998,3.27
11125,-2.0585,3.27
11126,-2.0709,3.27
11127,-2.0709,3.27
11128,-0.2666,3.2774999999999999
11129,-0.67579999999999996,3.2774999999999999
11130,-1.0354000000000001,3.2755999999999998
11131,-1.3144,3.2738
11132,-1.4321999999999999,3.2738
11133,-0.63239999999999996,3.2774999999999999
11134,-0.63239999999999996,3.2774999999999999
11135,-0.63859999999999995,3.2774999999999999
11136,-0.63239999999999996,3.2774999999999999
11137,-0.63239999999999996,3.2774999999999999
11138,-0.63239999999999996,3.2774999999999999
11139,-0.63859999999999995,3.2774999999999999
11140,-0.63859999999999995,3.2774999999999999
11141,-0.63859999999999995,3.2793000000000001
11142,-0.63859999999999995,3.2793000000000001
11143,-0.63859999999999995,3.2793000000000001
11144,-0.63239999999999996,3.2793000000000001
11145,-0.63859999999999995,3.2793000000000001
11146,-0.63859999999999995,3.2793000000000001
11147,-0.63239999999999996,3.2793000000000001
11148,-0.63859999999999995,3.2793000000000001
11149,-0.63239999999999996,3.2793000000000001
11150,-0.63859999999999995,3.2793000000000001
11151,-0.63859999999999995,3.2793000000000001
11152,-0.63859999999999995,3.2793000000000001
11153,-0.63239999999999996,3.2793000000000001
11154,-2.0647000000000002,3.2738
11155,-2.8025000000000002,3.27
11156,-3.6457999999999999,3.2663000000000002
11157,-4.4703999999999997,3.2625999999999999
11158,-5.1586999999999996,3.2589000000000001
11159,-6.1135000000000002,3.2532999999999999
11160,-7.0435999999999996,3.2477
11161,-7.7504,3.2440000000000002
11162,-8.9222999999999999,3.2383999999999999
11163,-9.9144000000000005,3.2328000000000001
11164,-10.596399999999999,3.2290999999999999
11165,-11.9109,3.2216999999999998
11166,-3.5590000000000002,3.2570000000000001
11167,-3.4722,3.2589000000000001
11168,-3.4598,3.2589000000000001
11169,-3.4535999999999998,3.2589000000000001
11170,-3.4598,3.2589000000000001
11171,-3.4598,3.2589000000000001
11172,-3.4535999999999998,3.2606999999999999
11173,-3.4535999999999998,3.2606999999999999
11174,-3.4598,3.2606999999999999
11175,-3.4598,3.2606999999999999
11176,-3.4598,3.2606999999999999
11177,-3.4598,3.2606999999999999
11178,-3.4660000000000002,3.2606999999999999
11179,-3.4660000000000002,3.2606999999999999
11180,-3.4598,3.2606999999999999
11181,-3.4598,3.2606999999999999
11182,-3.4598,3.2606999999999999
11183,-3.4660000000000002,3.2606999999999999
11184,-3.4598,3.2606999999999999
11185,-3.4535999999999998,3.2606999999999999
11186,-3.4598,3.2606999999999999
11187,-3.4598,3.2606999999999999
11188,-3.4598,3.2606999999999999
11189,-3.4660000000000002,3.2606999999999999
11190,1.3206,3.2812000000000001
11191,1.1594,3.2812000000000001
11192,0.88039999999999996,3.2812000000000001
11193,0.60140000000000005,3.2812000000000001
11194,0.35959999999999998,3.2793000000000001
11195,0.155,3.2812000000000001
11196,-0.068199999999999997,3.2774999999999999
11197,-0.73780000000000001,3.2755999999999998
11198,-1.054,3.2755999999999998
11199,-1.2958000000000001,3.2738
11200,-1.4136,3.2738
11201,-0.62,3.2774999999999999
11202,-0.61380000000000001,3.2774999999999999
11203,-0.61380000000000001,3.2774999999999999
11204,-0.61380000000000001,3.2774999999999999
11205,-0.61380000000000001,3.2774999999999999
11206,-0.61380000000000001,3.2774999999999999
11207,-0.62,3.2774999999999999
11208,-0.61380000000000001,3.2774999999999999
11209,-0.62,3.2774999999999999
11210,-0.62,3.2793000000000001
11211,-0.61380000000000001,3.2793000000000001
11212,-0.61380000000000001,3.2793000000000001
11213,-0.62,3.2774999999999999
11214,-0.62,3.2774999999999999
11215,-0.61380000000000001,3.2793000000000001
11216,-0.62,3.2793000000000001
11217,-0.61380000000000001,3.2793000000000001
11218,-0.61380000000000001,3.2793000000000001
11219,-0.61380000000000001,3.2793000000000001
11220,-0.61380000000000001,3.2793000000000001
11221,-0.61380000000000001,3.2793000000000001
11222,-1.7423,3.2755999999999998
11223,-2.1019000000000001,3.2738
11224,-2.5855000000000001,3.27
11225,-2.9388999999999998,3.2682000000000002
11226,-3.3792,3.2663000000000002
11227,-3.8132000000000001,3.2645
11228,-4.4084000000000003,3.2625999999999999
11229,-4.6936999999999998,3.2589000000000001
11230,-5.1835000000000004,3.2570000000000001
11231,-5.6547000000000001,3.2551999999999999
11232,-6.4236000000000004,3.2513999999999998
11233,-7.5023999999999997,3.2440000000000002
11234,-6.4980000000000002,3.2477
11235,-7.7256,3.2403
11236,-8.2960999999999991,3.2383999999999999
11237,-9.1765000000000008,3.2328000000000001
11238,-9.4122000000000003,3.2328000000000001
11239,-9.9268000000000001,3.2290999999999999
11240,-10.4476,3.2254
11241,-11.414899999999999,3.2216999999999998
11242,-11.5327,3.2198000000000002
11243,-12.0969,3.2161
11244,-12.654999999999999,3.2124000000000001
11245,-13.7338,3.2067999999999999
11246,-13.851599999999999,3.2067999999999999
11247,-14.446899999999999,3.2012
11248,-5.2145000000000001,3.2403
11249,-5.1401000000000003,3.2403
11250,-5.1401000000000003,3.2421000000000002
11251,-5.1338999999999997,3.2421000000000002
11252,-5.1401000000000003,3.2421000000000002
11253,-5.1401000000000003,3.2421000000000002
11254,-5.1401000000000003,3.2440000000000002
11255,-5.1463000000000001,3.2421000000000002
11256,-5.1338999999999997,3.2440000000000002
11257,-5.1463000000000001,3.2440000000000002
11258,-5.1401000000000003,3.2440000000000002
11259,-5.1401000000000003,3.2440000000000002
11260,0.92379999999999995,3.2719
11261,0.96099999999999997,3.2738
11262,0.60140000000000005,3.2738
11263,0.72540000000000004,3.2755999999999998
11264,0.60140000000000005,3.2755999999999998
11265,0.31619999999999998,3.2738
11266,0.39679999999999999,3.2755999999999998
11267,0.28520000000000001,3.2755999999999998
11268,-3.5838000000000001,3.2589000000000001
11269,-3.6520000000000001,3.2589000000000001
11270,-3.6520000000000001,3.2589000000000001
11271,-3.6520000000000001,3.2570000000000001
11272,-3.6520000000000001,3.2570000000000001
11273,-3.6581999999999999,3.2570000000000001
11274,-3.6520000000000001,3.2570000000000001
11275,-3.6581999999999999,3.2570000000000001
11276,-3.6520000000000001,3.2570000000000001
11277,-3.6520000000000001,3.2570000000000001
11278,-3.6581999999999999,3.2570000000000001
11279,-3.6520000000000001,3.2570000000000001
11280,-3.6581999999999999,3.2570000000000001
11281,1.6431,3.2793000000000001
11282,1.4508000000000001,3.2812000000000001
11283,1.2834000000000001,3.2812000000000001
11284,0.87419999999999998,3.2793000000000001
11285,0.60140000000000005,3.2793000000000001
11286,0.35959999999999998,3.2793000000000001
11287,0.1116,3.2774999999999999
11288,-0.055800000000000002,3.2774999999999999
11289,-0.7006,3.2755999999999998
11290,-1.054,3.2738
11291,-1.2958000000000001,3.2719
11292,-1.4198,3.2719
11293,-0.61380000000000001,3.2755999999999998
11294,-0.61380000000000001,3.2755999999999998
11295,-0.62,3.2755999999999998
11296,-0.62,3.2755999999999998
11297,-0.61380000000000001,3.2774999999999999
11298,-0.61380000000000001,3.2755999999999998
11299,-0.62,3.2774999999999999
11300,-0.62,3.2774999999999999
11301,-0.61380000000000001,3.2774999999999999
11302,-0.61380000000000001,3.2774999999999999
11303,-0.61380000000000001,3.2774999999999999
11304,-0.61380000000000001,3.2774999999999999
11305,-0.62619999999999998,3.2774999999999999
11306,-0.62619999999999998,3.2774999999999999
11307,-0.62,3.2774999999999999
11308,-0.62,3.2774999999999999
11309,-0.62,3.2774999999999999
11310,-0.62,3.2774999999999999
11311,-0.62,3.2774999999999999
11312,-2.7033,3.27
11313,-4.1479999999999997,3.2625999999999999
11314,-5.7849000000000004,3.2551999999999999
11315,-7.2172000000000001,3.2458999999999998
11316,-2.1453000000000002,3.2682000000000002
11317,-2.0522999999999998,3.2682000000000002
11318,-2.0585,3.27
11319,-2.0585,3.27
11320,-2.0585,3.27
11321,-2.0522999999999998,3.27
11322,-2.0522999999999998,3.27
11323,-2.0522999999999998,3.27
11324,-0.25419999999999998,3.2774999999999999
11325,-0.65720000000000001,3.2755999999999998
11326,-1.0167999999999999,3.2755999999999998
11327,-1.2958000000000001,3.2738
11328,-1.4198,3.2738
11329,-0.62,3.2755999999999998
11330,-0.62,3.2774999999999999
11331,-0.62,3.2774999999999999
11332,-0.62,3.2774999999999999
11333,-0.62,3.2774999999999999
11334,-0.63239999999999996,3.2774999999999999
11335,-0.63239999999999996,3.2774999999999999
11336,-0.63239999999999996,3.2774999999999999
11337,-0.63239999999999996,3.2774999999999999
11338,-0.63239999999999996,3.2774999999999999
11339,-0.63239999999999996,3.2774999999999999
11340,-0.63239999999999996,3.2774999999999999
11341,-0.63859999999999995,3.2774999999999999
11342,-0.63859999999999995,3.2793000000000001
11343,-0.63239999999999996,3.2793000000000001
11344,-0.63859999999999995,3.2793000000000001
11345,-0.63859999999999995,3.2793000000000001
11346,-0.63859999999999995,3.2793000000000001
11347,-0.63859999999999995,3.2793000000000001
11348,-0.63859999999999995,3.2793000000000001
11349,-0.63859999999999995,3.2793000000000001
11350,-2.1204999999999998,3.2738
11351,-2.7776999999999998,3.27
11352,-3.6520000000000001,3.2663000000000002
11353,-4.4518000000000004,3.2606999999999999
11354,-5.1401000000000003,3.2589000000000001
11355,-6.0949,3.2532999999999999
11356,-7.0125999999999999,3.2477
11357,-7.7256,3.2421000000000002
11358,-8.9037000000000006,3.2366000000000001
11359,-9.8957999999999995,3.2309999999999999
11360,-10.5654,3.2273000000000001
11361,-11.892300000000001,3.2216999999999998
11362,-3.5838000000000001,3.2570000000000001
11363,-3.4598,3.2570000000000001
11364,-3.4535999999999998,3.2589000000000001
11365,-3.4598,3.2589000000000001
11366,-3.4598,3.2589000000000001
11367,-3.4535999999999998,3.2589000000000001
11368,-3.4598,3.2589000000000001
11369,-3.4598,3.2589000000000001
11370,-3.4598,3.2589000000000001
11371,-3.4598,3.2589000000000001
11372,-3.4598,3.2589000000000001
11373,-3.4598,3.2589000000000001
11374,-3.4598,3.2589000000000001
11375,-3.4598,3.2589000000000001
11376,-3.4535999999999998,3.2589000000000001
11377,-3.4598,3.2589000000000001
11378,-3.4598,3.2589000000000001
11379,-3.4535999999999998,3.2589000000000001
11380,-3.4598,3.2589000000000001
11381,-3.4535999999999998,3.2606999999999999
11382,-3.4598,3.2606999999999999
11383,-3.4598,3.2589000000000001
11384,-3.4598,3.2589000000000001
11385,-3.4535999999999998,3.2589000000000001
11386,1.3268,3.2812000000000001
11387,1.1594,3.2812000000000001
11388,0.88039999999999996,3.2812000000000001
11389,0.60140000000000005,3.2812000000000001
11390,0.35959999999999998,3.2793000000000001
11391,0.16120000000000001,3.2793000000000001
11392,-0.062,3.2774999999999999
11393,-0.73780000000000001,3.2755999999999998
11394,-1.054,3.2738
11395,-1.302,3.2719
11396,-1.4198,3.2719
11397,-0.62,3.2755999999999998
11398,-0.63859999999999995,3.2755999999999998
11399,-0.63859999999999995,3.2774999999999999
11400,-0.63239999999999996,3.2774999999999999
11401,-0.63859999999999995,3.2774999999999999
11402,-0.63859999999999995,3.2774999999999999
11403,-0.63239999999999996,3.2774999999999999
11404,-0.63239999999999996,3.2774999999999999
11405,-0.63239999999999996,3.2774999999999999
11406,-0.63859999999999995,3.2774999999999999
11407,-0.62,3.2774999999999999
11408,-0.61380000000000001,3.2774999999999999
11409,-0.62,3.2774999999999999
11410,-0.61380000000000001,3.2774999999999999
11411,-0.61380000000000001,3.2793000000000001
11412,-0.62,3.2774999999999999
11413,-0.62,3.2774999999999999
11414,-0.61380000000000001,3.2793000000000001
11415,-0.62,3.2793000000000001
11416,-0.61380000000000001,3.2793000000000001
11417,-0.61380000000000001,3.2793000000000001
11418,-1.7423,3.2738
11419,-2.1019000000000001,3.2719
11420,-2.5731000000000002,3.27
11421,-2.9885000000000002,3.2682000000000002
11422,-3.3854000000000002,3.2663000000000002
11423,-3.8132000000000001,3.2645
11424,-4.4084000000000003,3.2606999999999999
11425,-4.7432999999999996,3.2589000000000001
11426,-5.1772999999999998,3.2570000000000001
11427,-5.7042999999999999,3.2532999999999999
11428,-6.4298000000000002,3.2477
11429,-7.5457999999999998,3.2421000000000002
11430,-6.5166000000000004,3.2458999999999998
11431,-7.7999999999999998,3.2403
11432,-8.3209,3.2366000000000001
11433,-9.2323000000000004,3.2328000000000001
11434,-9.468,3.2309999999999999
11435,-9.9578000000000007,3.2273000000000001
11436,-10.4786,3.2254
11437,-11.4397,3.2198000000000002
11438,-11.600899999999999,3.218
11439,-12.115500000000001,3.2141999999999999
11440,-12.6798,3.2105000000000001
11441,-13.7896,3.2067999999999999
11442,-13.8764,3.2012
11443,-14.4779,3.1993999999999998
11444,-5.2331000000000003,3.2383999999999999
11445,-5.1649000000000003,3.2403
11446,-5.1586999999999996,3.2403
11447,-5.1586999999999996,3.2403
11448,-5.1586999999999996,3.2421000000000002
11449,-5.1649000000000003,3.2421000000000002
11450,-5.1586999999999996,3.2421000000000002
11451,-5.1586999999999996,3.2421000000000002
11452,-5.1401000000000003,3.2421000000000002
11453,-5.1401000000000003,3.2421000000000002
11454,-5.1401000000000003,3.2421000000000002
11455,-5.1401000000000003,3.2440000000000002
11456,0.92379999999999995,3.27
11457,0.95479999999999998,3.2738
11458,0.60140000000000005,3.2719
11459,0.72540000000000004,3.2738
11460,0.60140000000000005,3.2738
11461,0.32240000000000002,3.2738
11462,0.3906,3.2755999999999998
11463,0.28520000000000001,3.2755999999999998
11464,-3.5838000000000001,3.2589000000000001
11465,-3.6520000000000001,3.2570000000000001
11466,-3.6581999999999999,3.2570000000000001
11467,-3.6581999999999999,3.2570000000000001
11468,-3.6581999999999999,3.2570000000000001
11469,-3.6581999999999999,3.2570000000000001
11470,-3.6581999999999999,3.2570000000000001
11471,-3.6520000000000001,3.2570000000000001
11472,-3.6581999999999999,3.2570000000000001
11473,-3.6581999999999999,3.2570000000000001
11474,-3.6520000000000001,3.2570000000000001
11475,-3.6520000000000001,3.2570000000000001
11476,-3.6644000000000001,3.2551999999999999
11477,1.6431,3.2793000000000001
11478,1.4508000000000001,3.2793000000000001
11479,1.2834000000000001,3.2812000000000001
11480,0.88039999999999996,3.2793000000000001
11481,0.60140000000000005,3.2793000000000001
11482,0.35959999999999998,3.2793000000000001
11483,0.1116,3.2774999999999999
11484,-0.055800000000000002,3.2755999999999998
11485,-0.69440000000000002,3.2738
11486,-1.0478000000000001,3.2738
11487,-1.2896000000000001,3.2719
11488,-1.4136,3.2719
11489,-0.62,3.2755999999999998
11490,-0.62,3.2755999999999998
11491,-0.61380000000000001,3.2755999999999998
11492,-0.61380000000000001,3.2755999999999998
11493,-0.61380000000000001,3.2755999999999998
11494,-0.62,3.2755999999999998
11495,-0.61380000000000001,3.2755999999999998
11496,-0.62,3.2755999999999998
11497,-0.62,3.2755999999999998
11498,-0.62,3.2755999999999998
11499,-0.62,3.2755999999999998
11500,-0.62,3.2755999999999998
11501,-0.62,3.2755999999999998
11502,-0.62,3.2774999999999999
11503,-0.62,3.2774999999999999
11504,-0.62,3.2774999999999999
11505,-0.62,3.2774999999999999
11506,-0.63239999999999996,3.2774999999999999
11507,-0.63239999999999996,3.2774999999999999
11508,-0.63239999999999996,3.2774999999999999
11509,-0.63239999999999996,3.2774999999999999
11510,-0.63239999999999996,3.2774999999999999
11511,-0.63239999999999996,3.2774999999999999
11512,-0.63859999999999995,3.2774999999999999
11513,-0.63239999999999996,3.2774999999999999
11514,-0.63859999999999995,3.2774999999999999
11515,-0.61380000000000001,3.2793000000000001
11516,-0.61380000000000001,3.2774999999999999
11517,-2.2631000000000001,3.2719
11518,-3.2056,3.2663000000000002
11519,-4.2224000000000004,3.2625999999999999
11520,-5.2206999999999999,3.2570000000000001
11521,-6.2126999999999999,3.2513999999999998
11522,-2.1019000000000001,3.2682000000000002
11523,-2.0522999999999998,3.27
11524,-5.6113,3.2532999999999999
11525,-6.3368000000000002,3.2477
11526,-7.2047999999999996,3.2440000000000002
11527,-7.6883999999999997,3.2403
11528,-8.3704999999999998,3.2366000000000001
11529,-9.0525000000000002,3.2328000000000001
11530,-10.094200000000001,3.2273000000000001
11531,-10.5282,3.2254
11532,-11.1731,3.2216999999999998
11533,-3.7884000000000002,3.2532999999999999
11534,-3.6953999999999998,3.2551999999999999
11535,-10.509600000000001,3.2235
11536,-11.098699999999999,3.2216999999999998
11537,-11.2165,3.218
11538,-12.1775,3.2141999999999999
11539,-12.7418,3.2105000000000001
11540,-13.2936,3.2067999999999999
11541,-13.3432,3.2031000000000001
11542,-14.453099999999999,3.1993999999999998
11543,-5.2641,3.2366000000000001
11544,-5.1463000000000001,3.2383999999999999
11545,-12.661199999999999,3.2086999999999999
11546,-13.814399999999999,3.2012
11547,-13.709,3.1993999999999998
11548,-14.781700000000001,3.1938
11549,-14.6577,3.1938
11550,-15.1351,3.1919
11551,-16.306999999999999,3.1863000000000001
11552,-16.133400000000002,3.1844999999999999
11553,-16.672799999999999,3.1825999999999999
11554,-17.9129,3.177
11555,-17.7517,3.177
11556,-19.066199999999998,3.1696
11557,-18.9236,3.1696
11558,-8.4324999999999992,3.2124000000000001
11559,-8.3581000000000003,3.2141999999999999
11560,-8.3581000000000003,3.2141999999999999
11561,-8.3519000000000005,3.2141999999999999
11562,-8.3519000000000005,3.2161
11563,-8.3581000000000003,3.2161
11564,-8.3457000000000008,3.2161
11565,-8.3519000000000005,3.2161
11566,-8.3457000000000008,3.2161
11567,-8.3581000000000003,3.2161
11568,-8.3519000000000005,3.218
11569,-8.3581000000000003,3.218
11570,-8.3519000000000005,3.218
11571,-8.3457000000000008,3.218
11572,-8.3519000000000005,3.218
11573,-8.3332999999999995,3.218
11574,-8.3394999999999992,3.218
11575,-8.3394999999999992,3.218
11576,-8.3394999999999992,3.218
11577,-8.3332999999999995,3.218
11578,-8.3394999999999992,3.218
11579,-8.3332999999999995,3.218
11580,-8.3270999999999997,3.218
11581,-8.3332999999999995,3.218
11582,-8.3270999999999997,3.218
11583,-8.3332999999999995,3.218
11584,-8.3332999999999995,3.218
11585,-8.3332999999999995,3.218
11586,-8.3394999999999992,3.218
11587,-8.3332999999999995,3.218
11588,-8.3457000000000008,3.218
11589,-8.3332999999999995,3.218
11590,-8.3209,3.218
11591,-8.3394999999999992,3.218
11592,-8.3394999999999992,3.218
11593,-8.3332999999999995,3.218
11594,-8.3394999999999992,3.218
11595,-8.3270999999999997,3.218
11596,-8.3332999999999995,3.218
11597,-8.3332999999999995,3.218
11598,-8.3332999999999995,3.218
11599,-8.3270999999999997,3.218
11600,-8.3332999999999995,3.218
11601,-8.3457000000000008,3.218
11602,-8.3332999999999995,3.218
11603,-8.3332999999999995,3.218
11604,-8.3332999999999995,3.218
11605,-8.3332999999999995,3.218
11606,-8.3332999999999995,3.218
11607,-8.3394999999999992,3.218
11608,3.8441999999999998,3.2719
11609,3.8441999999999998,3.2738
11610,3.6892,3.2755999999999998
11611,3.5217999999999998,3.2774999999999999
11612,3.3233999999999999,3.2774999999999999
11613,3.1684000000000001,3.2774999999999999
11614,2.9636999999999998,3.2793000000000001
11615,2.7591000000000001,3.2793000000000001
11616,-4.9726999999999997,3.2440000000000002
11617,-5.1463000000000001,3.2421000000000002
11618,-5.1401000000000003,3.2421000000000002
11619,-5.1463000000000001,3.2421000000000002
11620,-5.1401000000000003,3.2403
11621,-5.1524999999999999,3.2403
11622,-5.1586999999999996,3.2403
11623,-5.1586999999999996,3.2403
11624,-5.1586999999999996,3.2403
11625,-5.1586999999999996,3.2403
11626,-5.1586999999999996,3.2403
11627,-5.1586999999999996,3.2403
11628,-5.1586999999999996,3.2403
11629,-5.1586999999999996,3.2383999999999999
11630,-5.1586999999999996,3.2403
11631,-5.1586999999999996,3.2403
11632,-5.1524999999999999,3.2383999999999999
11633,-5.1586999999999996,3.2383999999999999
11634,-5.1586999999999996,3.2403
11635,-5.1649000000000003,3.2383999999999999
11636,-5.1586999999999996,3.2403
11637,-5.1649000000000003,3.2383999999999999
11638,-5.1649000000000003,3.2383999999999999
11639,-5.1586999999999996,3.2403
11640,-5.1649000000000003,3.2403
11641,-5.1649000000000003,3.2383999999999999
11642,-5.1586999999999996,3.2383999999999999
11643,-5.1524999999999999,3.2403
11644,-5.1586999999999996,3.2383999999999999
11645,-5.1586999999999996,3.2383999999999999
11646,-5.1586999999999996,3.2403
11647,-5.1649000000000003,3.2383999999999999
11648,-5.1586999999999996,3.2383999999999999
11649,-5.1649000000000003,3.2383999999999999
11650,-5.1401000000000003,3.2403
11651,-5.1463000000000001,3.2383999999999999
11652,-5.1463000000000001,3.2403
11653,-5.1463000000000001,3.2403
11654,-5.1401000000000003,3.2403
11655,-5.1401000000000003,3.2403
11656,-5.1401000000000003,3.2383999999999999
11657,-5.1401000000000003,3.2383999999999999
11658,-5.1338999999999997,3.2383999999999999
11659,-5.1401000000000003,3.2383999999999999
11660,-5.1401000000000003,3.2403
11661,-5.1463000000000001,3.2403
11662,-5.1463000000000001,3.2403
11663,-5.1401000000000003,3.2403
11664,-5.1401000000000003,3.2403
11665,-5.1401000000000003,3.2383999999999999
11666,-5.1338999999999997,3.2403
11667,-5.1401000000000003,3.2403
11668,-5.1401000000000003,3.2403
11669,-5.1401000000000003,3.2383999999999999
11670,-5.1463000000000001,3.2403
11671,-5.1338999999999997,3.2383999999999999
11672,-5.1463000000000001,3.2403
11673,-5.1463000000000001,3.2383999999999999
11674,-5.1463000000000001,3.2383999999999999
11675,-5.1401000000000003,3.2383999999999999
11676,-5.1401000000000003,3.2403
11677,-5.1463000000000001,3.2403
11678,-5.1463000000000001,3.2403
11679,-5.1463000000000001,3.2403
11680,-5.1586999999999996,3.2403
11681,-5.1524999999999999,3.2383999999999999
11682,-5.1649000000000003,3.2383999999999999
11683,-5.1586999999999996,3.2403
11684,-5.1586999999999996,3.2383999999999999
11685,-12.710800000000001,3.2086999999999999
11686,-13.870200000000001,3.1993999999999998
11687,-13.758599999999999,3.1993999999999998
11688,-14.8375,3.1919
11689,-14.7197,3.1919
11690,-15.190899999999999,3.1882000000000001
11691,-16.344200000000001,3.1825999999999999
11692,-16.195399999999999,3.1825999999999999
11693,-16.7286,3.1789000000000001
11694,-17.968699999999998,3.1732999999999998
11695,-17.801300000000001,3.1732999999999998
11696,-19.122,3.1677
11697,-18.960799999999999,3.1659000000000002
11698,-8.4573,3.2086999999999999
11699,-8.3270999999999997,3.2124000000000001
11700,-8.3394999999999992,3.2124000000000001
11701,-8.3332999999999995,3.2124000000000001
11702,-8.3332999999999995,3.2141999999999999
11703,-8.3394999999999992,3.2141999999999999
11704,-8.3394999999999992,3.2141999999999999
11705,-8.3332999999999995,3.2141999999999999
11706,-8.3457000000000008,3.2141999999999999
11707,-8.3394999999999992,3.2141999999999999
11708,-8.3270999999999997,3.2141999999999999
11709,-8.3332999999999995,3.2141999999999999
11710,-8.3332999999999995,3.2141999999999999
11711,-8.3270999999999997,3.2141999999999999
11712,-8.3332999999999995,3.2141999999999999
11713,-8.3332999999999995,3.2161
11714,-8.3270999999999997,3.2141999999999999
11715,-8.3332999999999995,3.2141999999999999
11716,-8.3394999999999992,3.2141999999999999
11717,-8.3332999999999995,3.2141999999999999
11718,-8.3209,3.2161
11719,-8.3332999999999995,3.2161
11720,-8.3394999999999992,3.2141999999999999
11721,-8.3394999999999992,3.2141999999999999
11722,-8.3394999999999992,3.2161
11723,-8.3332999999999995,3.2161
11724,-8.3394999999999992,3.2141999999999999
11725,-8.3394999999999992,3.2161
11726,-8.3519000000000005,3.2141999999999999
11727,-8.3581000000000003,3.2141999999999999
11728,-8.3457000000000008,3.2161
11729,-8.3519000000000005,3.2141999999999999
11730,-8.3953000000000007,3.2161
11731,-8.3953000000000007,3.2141999999999999
11732,-8.3704999999999998,3.2141999999999999
11733,-8.3890999999999991,3.2161
11734,-8.3766999999999996,3.2141999999999999
11735,-8.3704999999999998,3.2141999999999999
11736,-8.3766999999999996,3.2141999999999999
11737,-8.3704999999999998,3.2161
11738,-8.3704999999999998,3.2141999999999999
11739,-8.3766999999999996,3.2161
11740,-8.3704999999999998,3.2141999999999999
11741,-8.3890999999999991,3.2141999999999999
11742,-8.3704999999999998,3.2141999999999999
11743,-8.3766999999999996,3.2141999999999999
11744,-8.3704999999999998,3.2141999999999999
11745,-8.3704999999999998,3.2141999999999999
11746,-8.3766999999999996,3.2141999999999999
11747,-8.3890999999999991,3.2141999999999999
11748,-14.7011,3.1882000000000001
11749,-14.2981,3.1882000000000001
11750,-15.246700000000001,3.1825999999999999
11751,-14.769299999999999,3.1844999999999999
11752,-15.786199999999999,3.1789000000000001
11753,-15.290100000000001,3.1789000000000001
11754,-16.344200000000001,3.1751999999999998
11755,-16.623200000000001,3.1732999999999998
11756,-16.102399999999999,3.1751999999999998
11757,-17.1812,3.1696
11758,-16.6418,3.1715
11759,-17.770299999999999,3.1659000000000002
11760,-17.206099999999999,3.1677
11761,-18.3841,3.1640000000000001
11762,-18.7437,3.1602999999999999
11763,-18.1051,3.1621999999999999
11764,-19.351400000000002,3.1547000000000001
11765,-18.7437,3.1566000000000001
11766,-20.008600000000001,3.1509999999999998
11767,-19.401,3.1528999999999998
11768,-20.647300000000001,3.1490999999999998
11769,-21.025500000000001,3.1454
11770,-20.3931,3.1473
11771,-21.732299999999999,3.1417000000000002
11772,-21.0503,3.1436000000000002
11773,-22.457799999999999,3.1379999999999999
11774,-21.775700000000001,3.1398000000000001
11775,-23.1708,3.1343000000000001
11776,-23.6111,3.1324000000000001
11777,-22.898,3.1343000000000001
11778,-24.3675,3.1267999999999998
11779,-23.660699999999999,3.1305000000000001
11780,-25.1736,3.1231
11781,-24.423300000000001,3.1267999999999998
11782,-26.0106,3.1194000000000002
11783,-16.3628,3.1547000000000001
11784,-16.288399999999999,3.1566000000000001
11785,-16.288399999999999,3.1566000000000001
11786,-16.288399999999999,3.1602999999999999
11787,-16.294599999999999,3.1602999999999999
11788,-16.294599999999999,3.1602999999999999
11789,-16.306999999999999,3.1602999999999999
11790,-16.288399999999999,3.1602999999999999
11791,-16.294599999999999,3.1602999999999999
11792,-16.294599999999999,3.1602999999999999
11793,-16.288399999999999,3.1602999999999999
11794,-16.294599999999999,3.1602999999999999
11795,-16.2822,3.1602999999999999
11796,-16.288399999999999,3.1602999999999999
11797,-16.288399999999999,3.1602999999999999
11798,-16.288399999999999,3.1602999999999999
11799,-16.2822,3.1602999999999999
11800,-16.288399999999999,3.1602999999999999
11801,-16.288399999999999,3.1602999999999999
11802,-16.294599999999999,3.1602999999999999
11803,-16.288399999999999,3.1602999999999999
11804,-16.294599999999999,3.1602999999999999
11805,-16.288399999999999,3.1602999999999999
11806,-16.288399999999999,3.1602999999999999
11807,-16.306999999999999,3.1602999999999999
11808,-16.288399999999999,3.1602999999999999
11809,-16.331800000000001,3.1602999999999999
11810,-16.331800000000001,3.1602999999999999
11811,-16.331800000000001,3.1602999999999999
11812,-16.338000000000001,3.1602999999999999
11813,-27.690899999999999,3.1156000000000001
11814,-28.335799999999999,3.1101000000000001
11815,-28.8504,3.1063000000000001
11816,-29.4146,3.1025999999999998
11817,-29.9665,3.0989
11818,-30.5245,3.097
11819,-31.138300000000001,3.0933000000000002
11820,-31.696400000000001,3.0914999999999999
11821,-32.291600000000003,3.0876999999999999
11822,-32.936500000000002,3.0840000000000001
11823,-33.525500000000001,3.0821999999999998
11824,-34.213700000000003,3.0783999999999998
11825,-34.852400000000003,3.0747
11826,-35.521999999999998,3.0729000000000002
11827,-36.253700000000002,3.0691000000000002
11828,-36.917099999999998,3.0636000000000001
11829,-37.648800000000001,3.0617000000000001
11830,-38.4176,3.0579999999999998
11831,-39.149299999999997,3.0543
11832,-39.924300000000002,3.0505
11833,-24.7271,3.1044999999999998
11834,-24.658899999999999,3.1063000000000001
11835,-24.658899999999999,3.1063000000000001
11836,-24.652699999999999,3.1063000000000001
11837,-24.658899999999999,3.1082000000000001
11838,-24.658899999999999,3.1082000000000001
11839,-24.658899999999999,3.1082000000000001
11840,-24.689900000000002,3.1082000000000001
11841,-24.689900000000002,3.1082000000000001
11842,-24.696100000000001,3.1082000000000001
11843,2.7591000000000001,3.2198000000000002
11844,3.2056,3.2273000000000001
11845,3.5217999999999998,3.2328000000000001
11846,3.7635999999999998,3.2366000000000001
11847,4.0115999999999996,3.2403
11848,4.2347999999999999,3.2440000000000002
11849,4.4332000000000003,3.2477
11850,4.6067999999999998,3.2513999999999998
11851,4.7618999999999998,3.2551999999999999
11852,4.8425000000000002,3.2570000000000001
11853,4.8796999999999997,3.2589000000000001
11854,4.8859000000000004,3.2606999999999999
11855,4.8425000000000002,3.2625999999999999
11856,4.8052999999999999,3.2625999999999999
11857,4.7309000000000001,3.2645
11858,4.6378000000000004,3.2645
11859,9.9144000000000005,3.2886000000000002
11860,9.9206000000000003,3.2905000000000002
11861,8.9533000000000005,3.2886000000000002
11862,8.7611000000000008,3.2886000000000002
11863,7.8745000000000003,3.2867999999999999
11864,7.6016000000000004,3.2867999999999999
11865,6.7211999999999996,3.2848999999999999
11866,6.4050000000000002,3.2848999999999999
11867,8.1597000000000008,3.2924000000000002
11868,7.0435999999999996,3.2886000000000002
11869,5.8407,3.2848999999999999
11870,4.6936999999999998,3.2812000000000001
11871,3.6892,3.2774999999999999
11872,2.7281,3.2738
11873,1.7608999999999999,3.27
11874,0.35959999999999998,3.2645
11875,-0.69440000000000002,3.2589000000000001
11876,-1.3888,3.2570000000000001
11877,-0.61380000000000001,3.2589000000000001
11878,-0.61380000000000001,3.2589000000000001
11879,-0.62,3.2606999999999999
11880,-0.61380000000000001,3.2589000000000001
11881,-0.61380000000000001,3.2606999999999999
11882,-0.61380000000000001,3.2606999999999999
11883,-0.62,3.2606999999999999
11884,-0.61380000000000001,3.2606999999999999
11885,-0.61380000000000001,3.2606999999999999
11886,-0.62,3.2606999999999999
11887,-0.62619999999999998,3.2606999999999999
11888,-0.62,3.2606999999999999
11889,-0.62,3.2625999999999999
11890,-0.62,3.2625999999999999
11891,-0.62,3.2625999999999999
11892,-0.62,3.2625999999999999
11893,-0.62,3.2625999999999999
11894,-0.61380000000000001,3.2625999999999999
11895,-0.61380000000000001,3.2625999999999999
11896,-0.049599999999999998,3.2645
11897,-0.62,3.2625999999999999
11898,-0.61380000000000001,3.2625999999999999
11899,-0.62,3.2625999999999999
11900,-0.61380000000000001,3.2625999999999999
11901,-0.62,3.2645
11902,-0.62,3.2645
11903,-0.62,3.2645
11904,-0.62619999999999998,3.2645
11905,-0.62619999999999998,3.2645
11906,-0.62619999999999998,3.2645
11907,-0.62619999999999998,3.2645
11908,-0.61380000000000001,3.2645
11909,-2.6970999999999998,3.2570000000000001
11910,-4.1479999999999997,3.2477
11911,-5.7352999999999996,3.2403
11912,-7.1862000000000004,3.2347000000000001
11913,-2.1019000000000001,3.2570000000000001
11914,-2.0274999999999999,3.2570000000000001
11915,-2.0274999999999999,3.2570000000000001
11916,-2.0089000000000001,3.2570000000000001
11917,-2.0089000000000001,3.2570000000000001
11918,-2.0089000000000001,3.2589000000000001
11919,-2.0213000000000001,3.2570000000000001
11920,-2.0213000000000001,3.2589000000000001
11921,-0.25419999999999998,3.2663000000000002
11922,-0.65720000000000001,3.2645
11923,-1.0291999999999999,3.2625999999999999
11924,-1.2958000000000001,3.2625999999999999
11925,-1.4136,3.2625999999999999
11926,-0.62,3.2663000000000002
11927,-0.62,3.2663000000000002
11928,-0.62,3.2663000000000002
11929,-0.62,3.2663000000000002
11930,-0.62,3.2663000000000002
11931,-0.61380000000000001,3.2663000000000002
11932,-0.62,3.2663000000000002
11933,-0.62,3.2663000000000002
11934,-0.61380000000000001,3.2682000000000002
11935,-0.61380000000000001,3.2663000000000002
11936,-0.62619999999999998,3.2682000000000002
11937,-0.61380000000000001,3.2682000000000002
11938,-0.62,3.2682000000000002
11939,-0.61380000000000001,3.2682000000000002
11940,-0.62619999999999998,3.2682000000000002
11941,-0.61380000000000001,3.2682000000000002
11942,-0.61380000000000001,3.2682000000000002
11943,-0.61380000000000001,3.2682000000000002
11944,-0.62,3.2682000000000002
11945,-0.61380000000000001,3.2682000000000002
11946,-0.62,3.2682000000000002
11947,-2.0585,3.2625999999999999
11948,-2.7776999999999998,3.2589000000000001
11949,-3.621,3.2551999999999999
11950,-4.4518000000000004,3.2513999999999998
11951,-5.1401000000000003,3.2458999999999998
11952,-6.0639000000000003,3.2421000000000002
11953,-6.9816000000000003,3.2383999999999999
11954,-7.7008000000000001,3.2347000000000001
11955,-8.8603000000000005,3.2273000000000001
11956,-9.8523999999999994,3.2235
11957,-10.5406,3.2198000000000002
11958,-11.8551,3.2124000000000001
11959,-3.5404,3.2458999999999998
11960,-3.4411999999999998,3.2477
11961,-3.4411999999999998,3.2477
11962,-3.4474,3.2477
11963,-3.4350000000000001,3.2477
11964,-3.4411999999999998,3.2513999999999998
11965,-3.4411999999999998,3.2513999999999998
11966,-3.4102000000000001,3.2513999999999998
11967,-3.4163999999999999,3.2513999999999998
11968,-3.4163999999999999,3.2513999999999998
11969,-3.4163999999999999,3.2513999999999998
11970,-3.4226000000000001,3.2513999999999998
11971,-3.4163999999999999,3.2513999999999998
11972,-3.4226000000000001,3.2513999999999998
11973,-3.4163999999999999,3.2513999999999998
11974,-3.4163999999999999,3.2513999999999998
11975,-3.4163999999999999,3.2513999999999998
11976,-3.4102000000000001,3.2513999999999998
11977,-3.4102000000000001,3.2513999999999998
11978,-3.4163999999999999,3.2513999999999998
11979,-3.4163999999999999,3.2513999999999998
11980,-3.4163999999999999,3.2513999999999998
11981,-3.4163999999999999,3.2513999999999998
11982,-3.4226000000000001,3.2513999999999998
11983,1.3206,3.2719
11984,1.1160000000000001,3.2719
11985,0.88039999999999996,3.2719
11986,0.60140000000000005,3.2719
11987,0.36580000000000001,3.2719
11988,0.16120000000000001,3.2719
11989,-0.062,3.27
11990,-0.75019999999999998,3.2682000000000002
11991,-1.0602,3.2663000000000002
11992,-1.302,3.2645
11993,-1.4136,3.2645
11994,-0.62,3.2682000000000002
11995,-0.62,3.2682000000000002
11996,-0.62,3.2682000000000002
11997,-0.62,3.2682000000000002
11998,-0.61380000000000001,3.27
11999,-0.62,3.27
12000,-0.62,3.27
12001,-0.62,3.27
12002,-0.62,3.27
12003,-0.62619999999999998,3.27
12004,-0.62,3.27
12005,-0.62,3.27
12006,-0.62,3.27
12007,-0.61380000000000001,3.27
12008,-0.62,3.27
12009,-0.61380000000000001,3.27
12010,-0.62,3.27
12011,-0.61380000000000001,3.27
12012,-0.61380000000000001,3.27
12013,-0.62,3.27
12014,-0.62619999999999998,3.2719
12015,-1.7484999999999999,3.2663000000000002
12016,-2.1080999999999999,3.2645
12017,-2.5855000000000001,3.2625999999999999
12018,-2.9451000000000001,3.2606999999999999
12019,-3.3854000000000002,3.2589000000000001
12020,-3.8256000000000001,3.2551999999999999
12021,-4.3836000000000004,3.2532999999999999
12022,-4.6936999999999998,3.2513999999999998
12023,-5.1463000000000001,3.2477
12024,-5.6670999999999996,3.2440000000000002
12025,-6.3864000000000001,3.2421000000000002
12026,-7.5148000000000001,3.2366000000000001
12027,-6.4794,3.2403
12028,-7.7565999999999997,3.2328000000000001
12029,-8.2774999999999999,3.2309999999999999
12030,-9.1951000000000001,3.2254
12031,-9.4307999999999996,3.2235
12032,-9.9144000000000005,3.2216999999999998
12033,-10.4414,3.218
12034,-11.4025,3.2141999999999999
12035,-11.520300000000001,3.2124000000000001
12036,-12.0783,3.2086999999999999
12037,-12.6364,3.2031000000000001
12038,-13.715199999999999,3.1974999999999998
12039,-13.802,3.1974999999999998
12040,-14.4345,3.1938
12041,-5.2393000000000001,3.2309999999999999
12042,-5.1215000000000002,3.2347000000000001
12043,-5.1215000000000002,3.2347000000000001
12044,-5.1215000000000002,3.2347000000000001
12045,-5.1215000000000002,3.2366000000000001
12046,-5.1215000000000002,3.2366000000000001
12047,-5.1215000000000002,3.2366000000000001
12048,-5.1215000000000002,3.2366000000000001
12049,-5.1215000000000002,3.2366000000000001
12050,-5.1215000000000002,3.2366000000000001
12051,-5.1215000000000002,3.2366000000000001
12052,-5.1153000000000004,3.2366000000000001
12053,0.94240000000000002,3.2645
12054,0.94240000000000002,3.2663000000000002
12055,0.62619999999999998,3.2663000000000002
12056,0.74399999999999999,3.2682000000000002
12057,0.62619999999999998,3.2682000000000002
12058,0.34100000000000003,3.2682000000000002
12059,0.39679999999999999,3.2682000000000002
12060,0.28520000000000001,3.2682000000000002
12061,-3.5838000000000001,3.2532999999999999
12062,-3.6457999999999999,3.2513999999999998
12063,-3.6581999999999999,3.2513999999999998
12064,-3.6581999999999999,3.2513999999999998
12065,-3.6520000000000001,3.2513999999999998
12066,-3.6581999999999999,3.2513999999999998
12067,-3.6520000000000001,3.2513999999999998
12068,-3.6581999999999999,3.2513999999999998
12069,-3.6520000000000001,3.2477
12070,-3.6520000000000001,3.2513999999999998
12071,-3.6520000000000001,3.2477
12072,-3.6581999999999999,3.2513999999999998
12073,-3.6520000000000001,3.2477
12074,1.6431,3.2738
12075,1.4446000000000001,3.2738
12076,1.2834000000000001,3.2738
12077,0.88660000000000005,3.2738
12078,0.60760000000000003,3.2738
12079,0.36580000000000001,3.2719
12080,0.1116,3.2719
12081,-0.068199999999999997,3.27
12082,-0.69440000000000002,3.2682000000000002
12083,-1.0602,3.2663000000000002
12084,-1.302,3.2663000000000002
12085,-1.4198,3.2645
12086,-0.62,3.2682000000000002
12087,-0.62619999999999998,3.2682000000000002
12088,-0.62,3.2682000000000002
12089,-0.62,3.2682000000000002
12090,-0.62,3.2682000000000002
12091,-0.63859999999999995,3.27
12092,-0.63859999999999995,3.27
12093,-0.63239999999999996,3.27
12094,-0.63859999999999995,3.27
12095,-0.62,3.27
12096,-0.62,3.27
12097,-0.62,3.27
12098,-0.63859999999999995,3.27
12099,-0.62,3.27
12100,-0.63239999999999996,3.27
12101,-0.63859999999999995,3.27
12102,-0.63239999999999996,3.27
12103,-0.63859999999999995,3.27
12104,-0.63239999999999996,3.27
12105,-2.7157,3.2625999999999999
12106,-4.1665999999999999,3.2551999999999999
12107,-5.7849000000000004,3.2458999999999998
12108,-7.1738,3.2383999999999999
12109,-2.1328999999999998,3.2606999999999999
12110,-2.0213000000000001,3.2625999999999999
12111,-2.0089000000000001,3.2625999999999999
12112,-2.0213000000000001,3.2625999999999999
12113,-2.0089000000000001,3.2625999999999999
12114,-2.0089000000000001,3.2625999999999999
12115,-2.0089000000000001,3.2625999999999999
12116,-2.0089000000000001,3.2625999999999999
12117,-0.24179999999999999,3.2719
12118,-0.65100000000000002,3.27
12119,-1.0105999999999999,3.2682000000000002
12120,-1.2958000000000001,3.2682000000000002
12121,-1.4136,3.2682000000000002
12122,-0.62,3.27
12123,-0.61380000000000001,3.27
12124,-0.61380000000000001,3.27
12125,-0.62,3.27
12126,-0.62,3.2719
12127,-0.62,3.2719
12128,-0.61380000000000001,3.2719
12129,-0.62,3.2719
12130,-0.62,3.2719
12131,-0.61380000000000001,3.2719
12132,-0.61380000000000001,3.2719
12133,-0.61380000000000001,3.2719
12134,-0.61380000000000001,3.2719
12135,-0.62,3.2719
12136,-0.61380000000000001,3.2719
12137,-0.62,3.2719
12138,-0.61380000000000001,3.2719
12139,-0.61380000000000001,3.2719
12140,-0.62,3.2719
12141,-0.62,3.2738
12142,-0.61380000000000001,3.2738
12143,-2.0585,3.2663000000000002
12144,-2.7839,3.2625999999999999
12145,-3.6147999999999998,3.2589000000000001
12146,-4.4580000000000002,3.2551999999999999
12147,-5.1463000000000001,3.2513999999999998
12148,-6.1010999999999997,3.2458999999999998
12149,-6.9878,3.2403
12150,-7.6946000000000003,3.2366000000000001
12151,-8.9037000000000006,3.2309999999999999
12152,-9.8957999999999995,3.2254
12153,-10.5406,3.2216999999999998
12154,-11.8613,3.2141999999999999
12155,-3.5466000000000002,3.2477
12156,-3.4411999999999998,3.2513999999999998
12157,-3.4411999999999998,3.2513999999999998
12158,-3.4411999999999998,3.2532999999999999
12159,-3.4474,3.2532999999999999
12160,-3.4411999999999998,3.2532999999999999
12161,-3.4350000000000001,3.2532999999999999
12162,-3.4411999999999998,3.2532999999999999
12163,-3.4350000000000001,3.2532999999999999
12164,-3.4411999999999998,3.2532999999999999
12165,-3.4411999999999998,3.2532999999999999
12166,-3.4411999999999998,3.2532999999999999
12167,-3.4474,3.2532999999999999
12168,-3.4350000000000001,3.2532999999999999
12169,-3.4411999999999998,3.2532999999999999
12170,-3.4411999999999998,3.2532999999999999
12171,-3.4411999999999998,3.2532999999999999
12172,-3.4411999999999998,3.2532999999999999
12173,-3.4350000000000001,3.2532999999999999
12174,-3.4411999999999998,3.2532999999999999
12175,-3.4226000000000001,3.2532999999999999
12176,-3.4102000000000001,3.2532999999999999
12177,-3.4163999999999999,3.2532999999999999
12178,-3.4163999999999999,3.2532999999999999
12179,1.3144,3.2755999999999998
12180,1.1594,3.2755999999999998
12181,0.87419999999999998,3.2755999999999998
12182,0.59519999999999995,3.2755999999999998
12183,0.35959999999999998,3.2738
12184,0.16120000000000001,3.2738
12185,-0.062,3.2719
12186,-0.73780000000000001,3.27
12187,-1.0602,3.2682000000000002
12188,-1.302,3.2682000000000002
12189,-1.4198,3.2663000000000002
12190,-0.63239999999999996,3.27
12191,-0.63239999999999996,3.27
12192,-0.63859999999999995,3.27
12193,-0.63239999999999996,3.27
12194,-0.63859999999999995,3.27
12195,-0.63859999999999995,3.27
12196,-0.63859999999999995,3.2719
12197,-0.63859999999999995,3.2719
12198,-0.63859999999999995,3.2719
12199,-0.63859999999999995,3.2719
12200,-0.63859999999999995,3.2719
12201,-0.63239999999999996,3.2719
12202,-0.63239999999999996,3.2719
12203,-0.62,3.2719
12204,-0.61380000000000001,3.2719
12205,-0.62,3.2719
12206,-0.61380000000000001,3.2719
12207,-0.61380000000000001,3.2719
12208,-0.61380000000000001,3.2738
12209,-0.62,3.2719
12210,-0.62,3.2738
12211,-1.7546999999999999,3.2682000000000002
12212,-2.1019000000000001,3.2663000000000002
12213,-2.5731000000000002,3.2645
12214,-2.9388999999999998,3.2625999999999999
12215,-3.3792,3.2589000000000001
12216,-3.8132000000000001,3.2589000000000001
12217,-4.4146000000000001,3.2551999999999999
12218,-4.7061000000000002,3.2532999999999999
12219,-5.1711,3.2477
12220,-5.6608999999999998,3.2458999999999998
12221,-6.4236000000000004,3.2421000000000002
12222,-7.4962,3.2366000000000001
12223,-6.4980000000000002,3.2403
12224,-7.7380000000000004,3.2347000000000001
12225,-8.2960999999999991,3.2309999999999999
12226,-9.1827000000000005,3.2273000000000001
12227,-9.4184000000000001,3.2254
12228,-9.8957999999999995,3.2216999999999998
12229,-10.416600000000001,3.2198000000000002
12230,-11.377700000000001,3.2141999999999999
12231,-11.5389,3.2124000000000001
12232,-12.0473,3.2086999999999999
12233,-12.611599999999999,3.2031000000000001
12234,-13.709,3.1993999999999998
12235,-13.814399999999999,3.1974999999999998
12236,-14.415900000000001,3.1938
12237,-5.2206999999999999,3.2328000000000001
12238,-5.1029,3.2347000000000001
12239,-5.0967000000000002,3.2347000000000001
12240,-5.1090999999999998,3.2366000000000001
12241,-5.1090999999999998,3.2366000000000001
12242,-5.1029,3.2366000000000001
12243,-5.1029,3.2366000000000001
12244,-5.1215000000000002,3.2366000000000001
12245,-5.1153000000000004,3.2366000000000001
12246,-5.1153000000000004,3.2366000000000001
12247,-5.1153000000000004,3.2366000000000001
12248,-5.1153000000000004,3.2383999999999999
12249,0.94240000000000002,3.2663000000000002
12250,0.97960000000000003,3.2682000000000002
12251,0.61380000000000001,3.2663000000000002
12252,0.74399999999999999,3.2682000000000002
12253,0.62619999999999998,3.27
12254,0.34100000000000003,3.2682000000000002
12255,0.42159999999999997,3.27
12256,0.30380000000000001,3.27
12257,-3.6023999999999998,3.2532999999999999
12258,-3.6581999999999999,3.2513999999999998
12259,-3.6520000000000001,3.2513999999999998
12260,-3.6520000000000001,3.2513999999999998
12261,-3.6581999999999999,3.2513999999999998
12262,-3.6581999999999999,3.2513999999999998
12263,-3.6520000000000001,3.2513999999999998
12264,-3.6581999999999999,3.2513999999999998
12265,-3.6520000000000001,3.2513999999999998
12266,-3.6520000000000001,3.2513999999999998
12267,-3.6581999999999999,3.2513999999999998
12268,-3.6581999999999999,3.2513999999999998
12269,-3.6581999999999999,3.2513999999999998
12270,1.6431,3.2738
12271,1.4632000000000001,3.2755999999999998
12272,1.3082,3.2755999999999998
12273,0.89280000000000004,3.2738
12274,0.60140000000000005,3.2738
12275,0.35959999999999998,3.2738
12276,0.10539999999999999,3.2719
12277,-0.055800000000000002,3.27
12278,-0.69440000000000002,3.2682000000000002
12279,-1.054,3.2682000000000002
12280,-1.2896000000000001,3.2663000000000002
12281,-1.4136,3.2663000000000002
12282,-0.62,3.27
12283,-0.61380000000000001,3.27
12284,-0.62,3.27
12285,-0.61380000000000001,3.27
12286,-0.62,3.27
12287,-0.62,3.27
12288,-0.62,3.27
12289,-0.62,3.27
12290,-0.61380000000000001,3.2719
12291,-0.62,3.27
12292,-0.62,3.2719
12293,-0.61380000000000001,3.2719
12294,-0.61380000000000001,3.2719
12295,-0.61380000000000001,3.2719
12296,-0.61380000000000001,3.2719
12297,-0.62,3.2719
12298,-0.62,3.2719
12299,-0.61380000000000001,3.2719
12300,-0.62,3.2719
12301,-2.7033,3.2625999999999999
12302,-4.1417999999999999,3.2551999999999999
12303,-5.7786999999999997,3.2458999999999998
12304,-7.1614000000000004,3.2403
12305,-2.1328999999999998,3.2625999999999999
12306,-2.0585,3.2625999999999999
12307,-2.0522999999999998,3.2625999999999999
12308,-2.0522999999999998,3.2645
12309,-2.0585,3.2625999999999999
12310,-2.0585,3.2645
12311,-2.0585,3.2645
12312,-2.0522999999999998,3.2645
12313,-0.25419999999999998,3.2719
12314,-0.65720000000000001,3.27
12315,-1.0167999999999999,3.27
12316,-1.3206,3.2682000000000002
12317,-1.4321999999999999,3.2682000000000002
12318,-0.63859999999999995,3.27
12319,-0.63859999999999995,3.2719
12320,-0.63239999999999996,3.2719
12321,-0.63859999999999995,3.2719
12322,-0.63239999999999996,3.2719
12323,-0.63859999999999995,3.2719
12324,-0.63239999999999996,3.2719
12325,-0.63859999999999995,3.2719
12326,-0.63239999999999996,3.2719
12327,-0.63859999999999995,3.2719
12328,-0.63859999999999995,3.2719
12329,-0.63859999999999995,3.2719
12330,-0.63859999999999995,3.2719
12331,-0.63859999999999995,3.2719
12332,-0.63239999999999996,3.2719
12333,-0.63859999999999995,3.2719
12334,-0.63859999999999995,3.2738
12335,-0.63859999999999995,3.2738
12336,-0.63239999999999996,3.2738
12337,-0.63859999999999995,3.2738
12338,-0.63239999999999996,3.2738
12339,-2.0709,3.2663000000000002
12340,-2.8025000000000002,3.2625999999999999
12341,-3.6457999999999999,3.2589000000000001
12342,-4.4766000000000004,3.2551999999999999
12343,-5.1649000000000003,3.2513999999999998
12344,-6.0949,3.2458999999999998
12345,-7.0064000000000002,3.2403
12346,-7.7194000000000003,3.2366000000000001
12347,-8.9037000000000006,3.2309999999999999
12348,-9.8957999999999995,3.2254
12349,-10.5778,3.2198000000000002
12350,-11.8985,3.2141999999999999
12351,-3.5404,3.2477
12352,-3.4535999999999998,3.2513999999999998
12353,-3.4535999999999998,3.2532999999999999
12354,-3.4598,3.2532999999999999
12355,-3.4598,3.2532999999999999
12356,-3.4535999999999998,3.2532999999999999
12357,-3.4598,3.2532999999999999
12358,-3.4598,3.2532999999999999
12359,-3.4660000000000002,3.2532999999999999
12360,-3.4598,3.2532999999999999
12361,-3.4598,3.2532999999999999
12362,-3.4660000000000002,3.2532999999999999
12363,-3.4660000000000002,3.2532999999999999
12364,-3.4660000000000002,3.2532999999999999
12365,-3.4660000000000002,3.2532999999999999
12366,-3.4598,3.2532999999999999
12367,-3.4660000000000002,3.2532999999999999
12368,-3.4598,3.2532999999999999
12369,-3.4660000000000002,3.2532999999999999
12370,-3.4784000000000002,3.2532999999999999
12371,-3.4784000000000002,3.2532999999999999
12372,-3.4784000000000002,3.2532999999999999
12373,-3.4784000000000002,3.2532999999999999
12374,-3.4784000000000002,3.2532999999999999
12375,1.3391999999999999,3.2738
12376,1.1779999999999999,3.2755999999999998
12377,0.89280000000000004,3.2755999999999998
12378,0.62619999999999998,3.2755999999999998
12379,0.37819999999999998,3.2738
12380,0.1736,3.2738
12381,-0.086800000000000002,3.2719
12382,-0.76259999999999994,3.27
12383,-1.0726,3.2682000000000002
12384,-1.3144,3.2682000000000002
12385,-1.4321999999999999,3.2663000000000002
12386,-0.63239999999999996,3.27
12387,-0.63239999999999996,3.27
12388,-0.63239999999999996,3.27
12389,-0.63239999999999996,3.2719
12390,-0.63239999999999996,3.27
12391,-0.63859999999999995,3.2719
12392,-0.63239999999999996,3.2719
12393,-0.63239999999999996,3.2719
12394,-0.63239999999999996,3.2719
12395,-0.63239999999999996,3.2719
12396,-0.63239999999999996,3.2719
12397,-0.63239999999999996,3.2719
12398,-0.63859999999999995,3.2719
12399,-0.61380000000000001,3.2719
12400,-0.61380000000000001,3.2719
12401,-0.61380000000000001,3.2719
12402,-0.62,3.2738
12403,-0.61380000000000001,3.2738
12404,-0.61380000000000001,3.2738
12405,-0.62,3.2738
12406,-0.61380000000000001,3.2738
12407,-1.7484999999999999,3.2682000000000002
12408,-2.1019000000000001,3.2663000000000002
12409,-2.5731000000000002,3.2645
12410,-2.9388999999999998,3.2625999999999999
12411,-3.3854000000000002,3.2606999999999999
12412,-3.8132000000000001,3.2570000000000001
12413,-4.4269999999999996,3.2551999999999999
12414,-4.7061000000000002,3.2532999999999999
12415,-5.1772999999999998,3.2477
12416,-5.6608999999999998,3.2458999999999998
12417,-6.4298000000000002,3.2421000000000002
12418,-7.4900000000000002,3.2366000000000001
12419,-6.4917999999999996,3.2403
12420,-7.7256,3.2347000000000001
12421,-8.2960999999999991,3.2309999999999999
12422,-9.1765000000000008,3.2254
12423,-9.4060000000000006,3.2235
12424,-9.9391999999999996,3.2216999999999998
12425,-10.460000000000001,3.218
12426,-11.4025,3.2124000000000001
12427,-11.5265,3.2124000000000001
12428,-12.0969,3.2086999999999999
12429,-12.667400000000001,3.2031000000000001
12430,-13.7338,3.1974999999999998
12431,-13.864000000000001,3.1956000000000002
12432,-14.4655,3.1919
12433,-5.2206999999999999,3.2309999999999999
12434,-5.1338999999999997,3.2328000000000001
12435,-5.1338999999999997,3.2347000000000001
12436,-5.1338999999999997,3.2347000000000001
12437,-5.1463000000000001,3.2347000000000001
12438,-5.1401000000000003,3.2366000000000001
12439,-5.1338999999999997,3.2366000000000001
12440,-5.1401000000000003,3.2366000000000001
12441,-5.1338999999999997,3.2366000000000001
12442,-5.1463000000000001,3.2366000000000001
12443,-5.1401000000000003,3.2366000000000001
12444,-5.1401000000000003,3.2366000000000001
12445,0.93000000000000005,3.2645
12446,0.96099999999999997,3.2682000000000002
12447,0.60140000000000005,3.2663000000000002
12448,0.72540000000000004,3.2682000000000002
12449,0.60140000000000005,3.2682000000000002
12450,0.31619999999999998,3.2682000000000002
12451,0.39679999999999999,3.27
12452,0.29139999999999999,3.27
12453,-3.5838000000000001,3.2532999999999999
12454,-3.6581999999999999,3.2513999999999998
12455,-3.6520000000000001,3.2513999999999998
12456,-3.6520000000000001,3.2513999999999998
12457,-3.6520000000000001,3.2513999999999998
12458,-3.6644000000000001,3.2513999999999998
12459,-3.6581999999999999,3.2513999999999998
12460,-3.6520000000000001,3.2513999999999998
12461,-3.6520000000000001,3.2513999999999998
12462,-3.6520000000000001,3.2513999999999998
12463,-3.6520000000000001,3.2513999999999998
12464,-3.6581999999999999,3.2513999999999998
12465,-3.6581999999999999,3.2513999999999998
12466,1.6431,3.2738
12467,1.4446000000000001,3.2738
12468,1.2834000000000001,3.2755999999999998
12469,0.87419999999999998,3.2738
12470,0.60140000000000005,3.2738
12471,0.36580000000000001,3.2738
12472,0.1116,3.2719
12473,-0.062,3.27
12474,-0.7006,3.2682000000000002
12475,-1.0602,3.2682000000000002
12476,-1.2958000000000001,3.2663000000000002
12477,-1.4136,3.2663000000000002
12478,-0.61380000000000001,3.27
12479,-0.61380000000000001,3.27
12480,-0.61380000000000001,3.27
12481,-0.61380000000000001,3.27
12482,-0.61380000000000001,3.27
12483,-0.62,3.27
12484,-0.62,3.27
12485,-0.62,3.27
12486,-0.61380000000000001,3.27
12487,-0.61380000000000001,3.2719
12488,-0.61380000000000001,3.2719
12489,-0.61380000000000001,3.2719
12490,-0.61380000000000001,3.2719
12491,-0.61380000000000001,3.2719
12492,-0.61380000000000001,3.2719
12493,-0.62,3.2719
12494,-0.62,3.2719
12495,-0.62,3.2719
12496,-0.62,3.2719
12497,-2.6970999999999998,3.2625999999999999
12498,-4.1479999999999997,3.2570000000000001
12499,-5.7786999999999997,3.2458999999999998
12500,-7.2295999999999996,3.2383999999999999
12501,-2.1515,3.2606999999999999
12502,-2.0709,3.2625999999999999
12503,-2.0709,3.2625999999999999
12504,-2.0709,3.2625999999999999
12505,-2.0709,3.2625999999999999
12506,-2.0709,3.2625999999999999
12507,-2.0647000000000002,3.2625999999999999
12508,-2.0647000000000002,3.2625999999999999
12509,-0.2666,3.2719
12510,-0.67579999999999996,3.27
12511,-1.0354000000000001,3.2682000000000002
12512,-1.3206,3.2682000000000002
12513,-1.4259999999999999,3.2663000000000002
12514,-0.63859999999999995,3.27
12515,-0.63239999999999996,3.27
12516,-0.63239999999999996,3.27
12517,-0.63239999999999996,3.2719
12518,-0.63239999999999996,3.2719
12519,-0.63239999999999996,3.2719
12520,-0.63859999999999995,3.2719
12521,-0.63239999999999996,3.2719
12522,-0.63239999999999996,3.2719
12523,-0.63859999999999995,3.2719
12524,-0.63239999999999996,3.2719
12525,-0.63859999999999995,3.2719
12526,-0.63239999999999996,3.2719
12527,-0.63859999999999995,3.2719
12528,-0.63239999999999996,3.2719
12529,-0.63859999999999995,3.2719
12530,-0.63239999999999996,3.2719
12531,-0.63859999999999995,3.2719
12532,-0.63239999999999996,3.2738
12533,-0.63859999999999995,3.2738
12534,-0.63239999999999996,3.2738
12535,-2.1204999999999998,3.2663000000000002
12536,-2.7900999999999998,3.2625999999999999
12537,-3.6705999999999999,3.2589000000000001
12538,-4.4703999999999997,3.2551999999999999
12539,-5.1586999999999996,3.2513999999999998
12540,-6.1135000000000002,3.2440000000000002
12541,-7.0312000000000001,3.2403
12542,-7.7256,3.2347000000000001
12543,-8.8912999999999993,3.2290999999999999
12544,-9.8895999999999997,3.2235
12545,-10.584,3.2198000000000002
12546,-11.8985,3.2141999999999999
12547,-3.5775999999999999,3.2477
12548,-3.4535999999999998,3.2513999999999998
12549,-3.4535999999999998,3.2513999999999998
12550,-3.4598,3.2513999999999998
12551,-3.4535999999999998,3.2532999999999999
12552,-3.4598,3.2532999999999999
12553,-3.4660000000000002,3.2532999999999999
12554,-3.4660000000000002,3.2532999999999999
12555,-3.4535999999999998,3.2532999999999999
12556,-3.4535999999999998,3.2532999999999999
12557,-3.4598,3.2532999999999999
12558,-3.4598,3.2532999999999999
12559,-3.4535999999999998,3.2532999999999999
12560,-3.4598,3.2532999999999999
12561,-3.4598,3.2532999999999999
12562,-3.4598,3.2532999999999999
12563,-3.4598,3.2532999999999999
12564,-3.4598,3.2532999999999999
12565,-3.4660000000000002,3.2532999999999999
12566,-3.4598,3.2532999999999999
12567,-3.4598,3.2532999999999999
12568,-3.4598,3.2532999999999999
12569,-3.4474,3.2532999999999999
12570,-3.4535999999999998,3.2532999999999999
12571,1.3206,3.2738
12572,1.1532,3.2755999999999998
12573,0.87419999999999998,3.2755999999999998
12574,0.60140000000000005,3.2738
12575,0.35959999999999998,3.2738
12576,0.155,3.2738
12577,-0.062,3.2719
12578,-0.73780000000000001,3.27
12579,-1.054,3.2682000000000002
12580,-1.2958000000000001,3.2663000000000002
12581,-1.4136,3.2663000000000002
12582,-0.61380000000000001,3.27
12583,-0.61380000000000001,3.27
12584,-0.61380000000000001,3.27
12585,-0.61380000000000001,3.27
12586,-0.61380000000000001,3.2719
12587,-0.61380000000000001,3.2719
12588,-0.62,3.2719
12589,-0.61380000000000001,3.2719
12590,-0.61380000000000001,3.2719
12591,-0.61380000000000001,3.2719
12592,-0.61380000000000001,3.2719
12593,-0.61380000000000001,3.2719
12594,-0.61380000000000001,3.2719
12595,-0.61380000000000001,3.2719
12596,-0.62,3.2719
12597,-0.62,3.2719
12598,-0.61380000000000001,3.2719
12599,-0.62,3.2719
12600,-0.61380000000000001,3.2738
12601,-0.62,3.2738
12602,-0.61380000000000001,3.2738
12603,-1.7423,3.2682000000000002
12604,-2.1019000000000001,3.2663000000000002
12605,-2.5731000000000002,3.2645
12606,-2.9761000000000002,3.2625999999999999
12607,-3.3730000000000002,3.2589000000000001
12608,-3.8132000000000001,3.2570000000000001
12609,-4.4084000000000003,3.2532999999999999
12610,-4.7432999999999996,3.2513999999999998
12611,-5.1772999999999998,3.2477
12612,-5.6981000000000002,3.2440000000000002
12613,-6.4236000000000004,3.2403
12614,-7.5396000000000001,3.2347000000000001
12615,-6.5042,3.2403
12616,-7.7813999999999997,3.2347000000000001
12617,-8.3023000000000007,3.2309999999999999
12618,-9.2074999999999996,3.2254
12619,-9.4494000000000007,3.2235
12620,-9.9391999999999996,3.2198000000000002
12621,-10.4476,3.2161
12622,-11.4087,3.2124000000000001
12623,-11.5761,3.2105000000000001
12624,-12.0969,3.2067999999999999
12625,-12.6488,3.2031000000000001
12626,-13.777200000000001,3.1956000000000002
12627,-13.851599999999999,3.1938
12628,-14.453099999999999,3.1919
12629,-5.2206999999999999,3.2309999999999999
12630,-5.1401000000000003,3.2328000000000001
12631,-5.1401000000000003,3.2347000000000001
12632,-5.1463000000000001,3.2347000000000001
12633,-5.1338999999999997,3.2347000000000001
12634,-5.1401000000000003,3.2347000000000001
12635,-5.1338999999999997,3.2366000000000001
12636,-5.1401000000000003,3.2366000000000001
12637,-5.1401000000000003,3.2366000000000001
12638,-5.1401000000000003,3.2366000000000001
12639,-5.1401000000000003,3.2366000000000001
12640,-5.1338999999999997,3.2366000000000001
12641,0.92379999999999995,3.2645
12642,0.96719999999999995,3.2663000000000002
12643,0.60140000000000005,3.2663000000000002
12644,0.72540000000000004,3.2682000000000002
12645,0.59519999999999995,3.2682000000000002
12646,0.32240000000000002,3.2682000000000002
12647,0.39679999999999999,3.27
12648,0.28520000000000001,3.27
12649,-3.5838000000000001,3.2532999999999999
12650,-3.6520000000000001,3.2513999999999998
12651,-3.6581999999999999,3.2513999999999998
12652,-3.6644000000000001,3.2513999999999998
12653,-3.6520000000000001,3.2513999999999998
12654,-3.6520000000000001,3.2513999999999998
12655,-3.6520000000000001,3.2477
12656,-3.6581999999999999,3.2513999999999998
12657,-3.6520000000000001,3.2513999999999998
12658,-3.6581999999999999,3.2477
12659,-3.6520000000000001,3.2477
12660,-3.6520000000000001,3.2477
12661,-3.6520000000000001,3.2477
12662,1.6493,3.2738
12663,1.4508000000000001,3.2738
12664,1.2896000000000001,3.2755999999999998
12665,0.88660000000000005,3.2738
12666,0.60140000000000005,3.2738
12667,0.35959999999999998,3.2738
12668,0.1116,3.2719
12669,-0.068199999999999997,3.27
12670,-0.69440000000000002,3.2682000000000002
12671,-1.054,3.2663000000000002
12672,-1.2896000000000001,3.2663000000000002
12673,-1.4136,3.2645
12674,-0.62,3.2682000000000002
12675,-0.62,3.2682000000000002
12676,-0.61380000000000001,3.27
12677,-0.61380000000000001,3.27
12678,-0.62,3.27
12679,-0.62,3.27
12680,-0.62,3.27
12681,-0.62,3.27
12682,-0.62,3.27
12683,-0.62,3.27
12684,-0.62,3.2719
12685,-0.62,3.2719
12686,-0.62,3.2719
12687,-0.62,3.2719
12688,-0.62,3.2719
12689,-0.62,3.2719
12690,-0.62,3.2719
12691,-0.62,3.2719
12692,-0.62,3.2719
12693,-0.62,3.2719
12694,-0.62,3.2719
12695,-0.62,3.2719
12696,-0.62,3.2719
12697,-0.62,3.2719
12698,-0.62,3.2719
12699,-0.62,3.2719
12700,-0.62,3.2738
12701,-0.62,3.2719
12702,-2.2692999999999999,3.2645
12703,-3.2242000000000002,3.2606999999999999
12704,-4.2224000000000004,3.2551999999999999
12705,-5.2206999999999999,3.2513999999999998
12706,-6.2126999999999999,3.2440000000000002
12707,-2.1080999999999999,3.2625999999999999
12708,-2.0709,3.2625999999999999
12709,-5.6360999999999999,3.2458999999999998
12710,-6.3554000000000004,3.2421000000000002
12711,-7.2358000000000002,3.2366000000000001
12712,-7.7131999999999996,3.2328000000000001
12713,-8.4015000000000004,3.2290999999999999
12714,-9.0710999999999995,3.2254
12715,-10.1128,3.2198000000000002
12716,-10.559200000000001,3.218
12717,-11.197900000000001,3.2141999999999999
12718,-3.8069999999999999,3.2440000000000002
12719,-3.7202000000000002,3.2458999999999998
12720,-10.522,3.218
12721,-11.1111,3.2124000000000001
12722,-11.235099999999999,3.2105000000000001
12723,-12.208500000000001,3.2031000000000001
12724,-12.7418,3.2012
12725,-13.299799999999999,3.1974999999999998
12726,-13.349399999999999,3.1956000000000002
12727,-14.446899999999999,3.1901000000000002
12728,-5.2579000000000002,3.2290999999999999
12729,-5.1401000000000003,3.2328000000000001
12730,-12.6488,3.1993999999999998
12731,-13.814399999999999,3.1919
12732,-13.7028,3.1919
12733,-14.769299999999999,3.1863000000000001
12734,-14.6515,3.1863000000000001
12735,-15.1289,3.1825999999999999
12736,-16.294599999999999,3.177
12737,-16.127199999999998,3.177
12738,-16.648,3.1732999999999998
12739,-17.888100000000001,3.1677
12740,-17.7331,3.1677
12741,-19.053799999999999,3.1602999999999999
12742,-18.898800000000001,3.1602999999999999
12743,-8.4138999999999999,3.2031000000000001
12744,-8.3332999999999995,3.2067999999999999
12745,-8.3270999999999997,3.2067999999999999
12746,-8.3332999999999995,3.2086999999999999
12747,-8.3332999999999995,3.2086999999999999
12748,-8.3332999999999995,3.2086999999999999
12749,-8.3332999999999995,3.2086999999999999
12750,-8.3332999999999995,3.2086999999999999
12751,-8.3332999999999995,3.2105000000000001
12752,-8.3332999999999995,3.2086999999999999
12753,-8.3270999999999997,3.2105000000000001
12754,-8.3270999999999997,3.2105000000000001
12755,-8.3332999999999995,3.2105000000000001
12756,-8.3332999999999995,3.2105000000000001
12757,-8.3332999999999995,3.2105000000000001
12758,-8.3332999999999995,3.2105000000000001
12759,-8.3332999999999995,3.2105000000000001
12760,-8.3332999999999995,3.2105000000000001
12761,-8.3332999999999995,3.2105000000000001
12762,-8.3332999999999995,3.2105000000000001
12763,-8.3394999999999992,3.2105000000000001
12764,-8.3394999999999992,3.2105000000000001
12765,-8.3394999999999992,3.2105000000000001
12766,-8.3394999999999992,3.2105000000000001
12767,-8.3394999999999992,3.2105000000000001
12768,-8.3394999999999992,3.2105000000000001
12769,-8.3394999999999992,3.2105000000000001
12770,-8.3394999999999992,3.2105000000000001
12771,-8.3332999999999995,3.2105000000000001
12772,-8.3519000000000005,3.2105000000000001
12773,-8.3519000000000005,3.2105000000000001
12774,-8.3457000000000008,3.2105000000000001
12775,-8.3457000000000008,3.2105000000000001
12776,-8.3457000000000008,3.2105000000000001
12777,-8.3519000000000005,3.2105000000000001
12778,-8.3519000000000005,3.2105000000000001
12779,-8.3519000000000005,3.2105000000000001
12780,-8.3457000000000008,3.2105000000000001
12781,-8.3332999999999995,3.2105000000000001
12782,-8.3270999999999997,3.2105000000000001
12783,-8.3270999999999997,3.2105000000000001
12784,-8.3209,3.2105000000000001
12785,-8.3332999999999995,3.2105000000000001
12786,-8.3270999999999997,3.2105000000000001
12787,-8.3270999999999997,3.2105000000000001
12788,-8.3332999999999995,3.2105000000000001
12789,-8.3332999999999995,3.2105000000000001
12790,-8.3394999999999992,3.2105000000000001
12791,-8.3332999999999995,3.2105000000000001
12792,-8.3332999999999995,3.2105000000000001
12793,3.8504,3.2645
12794,3.8441999999999998,3.2682000000000002
12795,3.6953999999999998,3.27
12796,3.528,3.2719
12797,3.3357999999999999,3.2719
12798,3.1684000000000001,3.2738
12799,2.9636999999999998,3.2738
12800,2.7652999999999999,3.2738
12801,-4.9726999999999997,3.2383999999999999
12802,-5.1401000000000003,3.2366000000000001
12803,-5.1463000000000001,3.2347000000000001
12804,-5.1649000000000003,3.2347000000000001
12805,-5.1524999999999999,3.2347000000000001
12806,-5.1586999999999996,3.2347000000000001
12807,-5.1586999999999996,3.2347000000000001
12808,-5.1586999999999996,3.2328000000000001
12809,-5.1586999999999996,3.2328000000000001
12810,-5.1586999999999996,3.2328000000000001
12811,-5.1649000000000003,3.2328000000000001
12812,-5.1586999999999996,3.2328000000000001
12813,-5.1586999999999996,3.2328000000000001
12814,-5.1649000000000003,3.2328000000000001
12815,-5.1586999999999996,3.2328000000000001
12816,-5.1649000000000003,3.2328000000000001
12817,-5.1586999999999996,3.2328000000000001
12818,-5.1649000000000003,3.2328000000000001
12819,-5.1586999999999996,3.2328000000000001
12820,-5.1586999999999996,3.2328000000000001
12821,-5.1586999999999996,3.2328000000000001
12822,-5.1649000000000003,3.2328000000000001
12823,-5.1649000000000003,3.2328000000000001
12824,-5.1649000000000003,3.2328000000000001
12825,-5.1586999999999996,3.2328000000000001
12826,-5.1401000000000003,3.2328000000000001
12827,-5.1463000000000001,3.2328000000000001
12828,-5.1401000000000003,3.2328000000000001
12829,-5.1338999999999997,3.2328000000000001
12830,-5.1463000000000001,3.2328000000000001
12831,-5.1338999999999997,3.2328000000000001
12832,-5.1463000000000001,3.2328000000000001
12833,-5.1401000000000003,3.2328000000000001
12834,-5.1338999999999997,3.2328000000000001
12835,-5.1401000000000003,3.2328000000000001
12836,-5.1401000000000003,3.2328000000000001
12837,-5.1401000000000003,3.2328000000000001
12838,-5.1463000000000001,3.2328000000000001
12839,-5.1401000000000003,3.2328000000000001
12840,-5.1401000000000003,3.2328000000000001
12841,-5.1338999999999997,3.2328000000000001
12842,-5.1401000000000003,3.2328000000000001
12843,-5.1401000000000003,3.2328000000000001
12844,-5.1463000000000001,3.2328000000000001
12845,-5.1401000000000003,3.2328000000000001
12846,-5.1401000000000003,3.2328000000000001
12847,-5.1463000000000001,3.2328000000000001
12848,-5.1401000000000003,3.2328000000000001
12849,-5.1338999999999997,3.2328000000000001
12850,-5.1401000000000003,3.2328000000000001
12851,-5.1401000000000003,3.2328000000000001
12852,-5.1338999999999997,3.2328000000000001
12853,-5.1401000000000003,3.2328000000000001
12854,-5.1463000000000001,3.2328000000000001
12855,-5.1401000000000003,3.2328000000000001
12856,-5.1401000000000003,3.2328000000000001
12857,-5.1401000000000003,3.2328000000000001
12858,-5.1338999999999997,3.2328000000000001
12859,-5.1401000000000003,3.2328000000000001
12860,-5.1401000000000003,3.2328000000000001
12861,-5.1401000000000003,3.2328000000000001
12862,-5.1401000000000003,3.2328000000000001
12863,-5.1401000000000003,3.2328000000000001
12864,-5.1401000000000003,3.2328000000000001
12865,-5.1401000000000003,3.2328000000000001
12866,-5.1401000000000003,3.2328000000000001
12867,-5.1401000000000003,3.2328000000000001
12868,-5.1463000000000001,3.2328000000000001
12869,-5.1401000000000003,3.2328000000000001
12870,-12.698399999999999,3.1993999999999998
12871,-13.864000000000001,3.1919
12872,-13.7338,3.1901000000000002
12873,-14.818899999999999,3.1844999999999999
12874,-14.694900000000001,3.1844999999999999
12875,-15.1785,3.1808000000000001
12876,-16.344200000000001,3.1751999999999998
12877,-16.164400000000001,3.1751999999999998
12878,-16.697600000000001,3.1715
12879,-17.9377,3.1659000000000002
12880,-17.795100000000001,3.1640000000000001
12881,-19.1158,3.1566000000000001
12882,-18.960799999999999,3.1566000000000001
12883,-8.4758999999999993,3.1993999999999998
12884,-8.3457000000000008,3.2012
12885,-8.3519000000000005,3.2031000000000001
12886,-8.3519000000000005,3.2031000000000001
12887,-8.3519000000000005,3.2031000000000001
12888,-8.3519000000000005,3.2067999999999999
12889,-8.3270999999999997,3.2067999999999999
12890,-8.3332999999999995,3.2067999999999999
12891,-8.3332999999999995,3.2067999999999999
12892,-8.3394999999999992,3.2067999999999999
12893,-8.3270999999999997,3.2067999999999999
12894,-8.3332999999999995,3.2067999999999999
12895,-8.3394999999999992,3.2067999999999999
12896,-8.3332999999999995,3.2067999999999999
12897,-8.3332999999999995,3.2067999999999999
12898,-8.3270999999999997,3.2067999999999999
12899,-8.3270999999999997,3.2067999999999999
12900,-8.3270999999999997,3.2067999999999999
12901,-8.3332999999999995,3.2086999999999999
12902,-8.3332999999999995,3.2067999999999999
12903,-8.3394999999999992,3.2086999999999999
12904,-8.3270999999999997,3.2067999999999999
12905,-8.3332999999999995,3.2067999999999999
12906,-8.3332999999999995,3.2086999999999999
12907,-8.3394999999999992,3.2086999999999999
12908,-8.3270999999999997,3.2086999999999999
12909,-8.3270999999999997,3.2086999999999999
12910,-8.3270999999999997,3.2067999999999999
12911,-8.3332999999999995,3.2067999999999999
12912,-8.3332999999999995,3.2086999999999999
12913,-8.3332999999999995,3.2086999999999999
12914,-8.3332999999999995,3.2086999999999999
12915,-8.3704999999999998,3.2067999999999999
12916,-8.3766999999999996,3.2067999999999999
12917,-8.3766999999999996,3.2067999999999999
12918,-8.3766999999999996,3.2067999999999999
12919,-8.3704999999999998,3.2067999999999999
12920,-8.3704999999999998,3.2067999999999999
12921,-8.3704999999999998,3.2067999999999999
12922,-8.3704999999999998,3.2086999999999999
12923,-8.3766999999999996,3.2067999999999999
12924,-8.3704999999999998,3.2067999999999999
12925,-8.3766999999999996,3.2067999999999999
12926,-8.3766999999999996,3.2067999999999999
12927,-8.4015000000000004,3.2067999999999999
12928,-8.3890999999999991,3.2067999999999999
12929,-8.4015000000000004,3.2067999999999999
12930,-8.4077000000000002,3.2067999999999999
12931,-8.4015000000000004,3.2067999999999999
12932,-8.3953000000000007,3.2067999999999999
12933,-14.7135,3.1789000000000001
12934,-14.2981,3.1789000000000001
12935,-15.277699999999999,3.1751999999999998
12936,-14.7879,3.1751999999999998
12937,-15.786199999999999,3.1696
12938,-15.3149,3.1715
12939,-16.3504,3.1659000000000002
12940,-16.6418,3.1640000000000001
12941,-16.120999999999999,3.1659000000000002
12942,-17.1937,3.1602999999999999
12943,-16.678999999999998,3.1621999999999999
12944,-17.788900000000002,3.1547000000000001
12945,-17.237100000000002,3.1566000000000001
12946,-18.3965,3.1509999999999998
12947,-18.731300000000001,3.1490999999999998
12948,-18.086500000000001,3.1509999999999998
12949,-19.320399999999999,3.1454
12950,-18.737500000000001,3.1473
12951,-19.971399999999999,3.1417000000000002
12952,-19.370000000000001,3.1436000000000002
12953,-20.653500000000001,3.1379999999999999
12954,-21.006900000000002,3.1360999999999999
12955,-20.374500000000001,3.1379999999999999
12956,-21.732299999999999,3.1324000000000001
12957,-21.0565,3.1343000000000001
12958,-22.445399999999999,3.1267999999999998
12959,-21.769500000000001,3.1305000000000001
12960,-23.183199999999999,3.125
12961,-23.6111,3.1212
12962,-22.898,3.1231
12963,-24.373699999999999,3.1175000000000002
12964,-23.642099999999999,3.1194000000000002
12965,-25.1798,3.1137999999999999
12966,-24.417100000000001,3.1156000000000001
12967,-26.0168,3.1063000000000001
12968,-16.3752,3.1454
12969,-16.288399999999999,3.1473
12970,-16.2822,3.1473
12971,-16.288399999999999,3.1473
12972,-16.306999999999999,3.1473
12973,-16.306999999999999,3.1490999999999998
12974,-16.294599999999999,3.1490999999999998
12975,-16.294599999999999,3.1490999999999998
12976,-16.288399999999999,3.1490999999999998
12977,-16.306999999999999,3.1490999999999998
12978,-16.294599999999999,3.1490999999999998
12979,-16.288399999999999,3.1490999999999998
12980,-16.2822,3.1490999999999998
12981,-16.288399999999999,3.1490999999999998
12982,-16.288399999999999,3.1490999999999998
12983,-16.2822,3.1490999999999998
12984,-16.294599999999999,3.1490999999999998
12985,-16.288399999999999,3.1490999999999998
12986,-16.2822,3.1490999999999998
12987,-16.294599999999999,3.1490999999999998
12988,-16.294599999999999,3.1490999999999998
12989,-16.2822,3.1490999999999998
12990,-16.306999999999999,3.1490999999999998
12991,-16.306999999999999,3.1490999999999998
12992,-16.313199999999998,3.1490999999999998
12993,-16.294599999999999,3.1490999999999998
12994,-16.338000000000001,3.1490999999999998
12995,-16.344200000000001,3.1490999999999998
12996,-16.3504,3.1490999999999998
12997,-16.3566,3.1490999999999998
12998,-27.721900000000002,3.1025999999999998
12999,-28.348199999999999,3.0989
13000,-28.869,3.0952000000000002
13001,-29.427,3.0895999999999999
13002,-29.985099999999999,3.0876999999999999
13003,-30.549299999999999,3.0859000000000001
13004,-31.138300000000001,3.0821999999999998
13005,-31.7026,3.0783999999999998
13006,-32.304000000000002,3.0747
13007,-32.955100000000002,3.0710000000000002
13008,-33.5441,3.0691000000000002
13009,-34.226100000000002,3.0636000000000001
13010,-34.864800000000002,3.0598000000000001
13011,-35.559199999999997,3.0579999999999998
13012,-36.259900000000002,3.0543
13013,-36.954300000000003,3.0505
13014,-37.661200000000001,3.0468000000000002
13015,-38.4238,3.0430999999999999
13016,-39.174100000000003,3.0394000000000001
13017,-39.942900000000002,3.0356999999999998
13018,-24.751899999999999,3.0914999999999999
13019,-24.665099999999999,3.0933000000000002
13020,-24.671299999999999,3.0952000000000002
13021,-24.671299999999999,3.0952000000000002
13022,-24.665099999999999,3.0952000000000002
13023,-24.671299999999999,3.0952000000000002
13024,-24.658899999999999,3.097
13025,-24.689900000000002,3.097
13026,-24.683700000000002,3.097
13027,-24.677499999999998,3.097
13028,2.7591000000000001,3.2124000000000001
13029,3.1993999999999998,3.2198000000000002
13030,3.5217999999999998,3.2254
13031,3.7574000000000001,3.2290999999999999
13032,4.0053999999999998,3.2328000000000001
13033,4.2472000000000003,3.2366000000000001
13034,4.4332000000000003,3.2403
13035,4.5944000000000003,3.2421000000000002
13036,4.7680999999999996,3.2458999999999998
13037,4.8425000000000002,3.2477
13038,4.8796999999999997,3.2513999999999998
13039,4.8796999999999997,3.2532999999999999
13040,4.8487,3.2551999999999999
13041,4.8114999999999997,3.2570000000000001
13042,4.7247000000000003,3.2570000000000001
13043,4.6440000000000001,3.2589000000000001
13044,9.9144000000000005,3.2831000000000001
13045,9.9082000000000008,3.2848999999999999
13046,8.9533000000000005,3.2831000000000001
13047,8.7611000000000008,3.2831000000000001
13048,7.8807,3.2812000000000001
13049,7.6016000000000004,3.2812000000000001
13050,6.7274000000000003,3.2793000000000001
13051,6.4050000000000002,3.2793000000000001
13052,8.1597000000000008,3.2867999999999999
13053,7.0373999999999999,3.2848999999999999
13054,5.8593000000000002,3.2793000000000001
13055,4.6999000000000004,3.2755999999999998
13056,3.7016,3.2719
13057,2.7467000000000001,3.2682000000000002
13058,1.7733000000000001,3.2645
13059,0.37819999999999998,3.2589000000000001
13060,-0.71299999999999997,3.2532999999999999
13061,-1.4012,3.2477
13062,-0.63239999999999996,3.2532999999999999
13063,-0.63859999999999995,3.2532999999999999
13064,-0.63859999999999995,3.2532999999999999
13065,-0.63859999999999995,3.2532999999999999
13066,-0.63859999999999995,3.2532999999999999
13067,-0.63239999999999996,3.2532999999999999
13068,-0.63239999999999996,3.2532999999999999
13069,-0.63859999999999995,3.2532999999999999
13070,-0.63239999999999996,3.2551999999999999
13071,-0.63239999999999996,3.2532999999999999
13072,-0.61380000000000001,3.2551999999999999
13073,-0.61380000000000001,3.2551999999999999
13074,-0.61380000000000001,3.2551999999999999
13075,-0.61380000000000001,3.2551999999999999
13076,-0.61380000000000001,3.2551999999999999
13077,-0.61380000000000001,3.2551999999999999
13078,-0.61380000000000001,3.2570000000000001
13079,-0.61380000000000001,3.2570000000000001
13080,-0.61380000000000001,3.2570000000000001
13081,-0.068199999999999997,3.2589000000000001
13082,-0.61380000000000001,3.2570000000000001
13083,-0.61380000000000001,3.2570000000000001
13084,-0.62,3.2570000000000001
13085,-0.61380000000000001,3.2570000000000001
13086,-0.62,3.2570000000000001
13087,-0.61380000000000001,3.2570000000000001
13088,-0.62,3.2570000000000001
13089,-0.62,3.2589000000000001
13090,-0.61380000000000001,3.2589000000000001
13091,-0.62,3.2589000000000001
13092,-0.62,3.2589000000000001
13093,-0.62,3.2589000000000001
13094,-2.6970999999999998,3.2477
13095,-4.1417999999999999,3.2421000000000002
13096,-5.7415000000000003,3.2347000000000001
13097,-7.1862000000000004,3.2273000000000001
13098,-2.1080999999999999,3.2477
13099,-2.0213000000000001,3.2513999999999998
13100,-2.0213000000000001,3.2513999999999998
13101,-2.0213000000000001,3.2513999999999998
13102,-2.0337000000000001,3.2513999999999998
13103,-2.0337000000000001,3.2513999999999998
13104,-2.0337000000000001,3.2513999999999998
13105,-2.0337000000000001,3.2513999999999998
13106,-0.27279999999999999,3.2589000000000001
13107,-0.67579999999999996,3.2589000000000001
13108,-1.0167999999999999,3.2570000000000001
13109,-1.2958000000000001,3.2551999999999999
13110,-1.4136,3.2551999999999999
13111,-0.61380000000000001,3.2589000000000001
13112,-0.61380000000000001,3.2589000000000001
13113,-0.62,3.2589000000000001
13114,-0.61380000000000001,3.2606999999999999
13115,-0.61380000000000001,3.2606999999999999
13116,-0.62,3.2606999999999999
13117,-0.62,3.2606999999999999
13118,-0.62,3.2606999999999999
13119,-0.62,3.2606999999999999
13120,-0.62,3.2606999999999999
13121,-0.62,3.2625999999999999
13122,-0.61380000000000001,3.2625999999999999
13123,-0.61380000000000001,3.2625999999999999
13124,-0.61380000000000001,3.2625999999999999
13125,-0.61380000000000001,3.2625999999999999
13126,-0.61380000000000001,3.2625999999999999
13127,-0.61380000000000001,3.2625999999999999
13128,-0.62619999999999998,3.2625999999999999
13129,-0.61380000000000001,3.2625999999999999
13130,-0.61380000000000001,3.2625999999999999
13131,-0.62,3.2625999999999999
13132,-2.0585,3.2570000000000001
13133,-2.7776999999999998,3.2532999999999999
13134,-3.6147999999999998,3.2477
13135,-4.4580000000000002,3.2440000000000002
13136,-5.1401000000000003,3.2403
13137,-6.0639000000000003,3.2366000000000001
13138,-6.9816000000000003,3.2309999999999999
13139,-7.6946000000000003,3.2273000000000001
13140,-8.8665000000000003,3.2216999999999998
13141,-9.8585999999999991,3.2161
13142,-10.553000000000001,3.2124000000000001
13143,-11.886100000000001,3.2031000000000001
13144,-3.5341999999999998,3.2383999999999999
13145,-3.4411999999999998,3.2403
13146,-3.4411999999999998,3.2421000000000002
13147,-3.4102000000000001,3.2421000000000002
13148,-3.4163999999999999,3.2421000000000002
13149,-3.4163999999999999,3.2421000000000002
13150,-3.4163999999999999,3.2421000000000002
13151,-3.4163999999999999,3.2421000000000002
13152,-3.4163999999999999,3.2440000000000002
13153,-3.4163999999999999,3.2421000000000002
13154,-3.4163999999999999,3.2440000000000002
13155,-3.4163999999999999,3.2421000000000002
13156,-3.4163999999999999,3.2440000000000002
13157,-3.4102000000000001,3.2440000000000002
13158,-3.4163999999999999,3.2440000000000002
13159,-3.4163999999999999,3.2440000000000002
13160,-3.4163999999999999,3.2440000000000002
13161,-3.4163999999999999,3.2440000000000002
13162,-3.4163999999999999,3.2440000000000002
13163,-3.4163999999999999,3.2440000000000002
13164,-3.4163999999999999,3.2440000000000002
13165,-3.4163999999999999,3.2440000000000002
13166,-3.4163999999999999,3.2440000000000002
13167,-3.4226000000000001,3.2440000000000002
13168,1.3268,3.2663000000000002
13169,1.1160000000000001,3.2682000000000002
13170,0.88039999999999996,3.2663000000000002
13171,0.60140000000000005,3.2663000000000002
13172,0.36580000000000001,3.2663000000000002
13173,0.155,3.2645
13174,-0.055800000000000002,3.2645
13175,-0.73780000000000001,3.2625999999999999
13176,-1.054,3.2606999999999999
13177,-1.2896000000000001,3.2589000000000001
13178,-1.4136,3.2589000000000001
13179,-0.61380000000000001,3.2625999999999999
13180,-0.62,3.2625999999999999
13181,-0.61380000000000001,3.2625999999999999
13182,-0.62,3.2625999999999999
13183,-0.62,3.2625999999999999
13184,-0.62,3.2645
13185,-0.62,3.2625999999999999
13186,-0.61380000000000001,3.2645
13187,-0.61380000000000001,3.2645
13188,-0.62,3.2645
13189,-0.62,3.2645
13190,-0.62,3.2645
13191,-0.62,3.2645
13192,-0.62,3.2645
13193,-0.62,3.2645
13194,-0.62,3.2645
13195,-0.62,3.2645
13196,-0.62,3.2645
13197,-0.62,3.2663000000000002
13198,-0.62,3.2663000000000002
13199,-0.61380000000000001,3.2663000000000002
13200,-1.7484999999999999,3.2606999999999999
13201,-2.1019000000000001,3.2589000000000001
13202,-2.5855000000000001,3.2570000000000001
13203,-2.9388999999999998,3.2551999999999999
13204,-3.3854000000000002,3.2532999999999999
13205,-3.8193999999999999,3.2477
13206,-4.3773999999999997,3.2458999999999998
13207,-4.6936999999999998,3.2440000000000002
13208,-5.1524999999999999,3.2421000000000002
13209,-5.6547000000000001,3.2383999999999999
13210,-6.3739999999999997,3.2347000000000001
13211,-7.4900000000000002,3.2290999999999999
13212,-6.4546000000000001,3.2328000000000001
13213,-7.7317999999999998,3.2273000000000001
13214,-8.2589000000000006,3.2235
13215,-9.1889000000000003,3.2198000000000002
13216,-9.4184000000000001,3.218
13217,-9.9019999999999992,3.2141999999999999
13218,-10.422800000000001,3.2105000000000001
13219,-11.383900000000001,3.2067999999999999
13220,-11.5017,3.2031000000000001
13221,-12.0473,3.1993999999999998
13222,-12.617800000000001,3.1956000000000002
13223,-13.6904,3.1919
13224,-13.771000000000001,3.1901000000000002
13225,-14.4221,3.1863000000000001
13226,-5.2206999999999999,3.2254
13227,-5.0967000000000002,3.2273000000000001
13228,-5.0967000000000002,3.2273000000000001
13229,-5.1029,3.2290999999999999
13230,-5.0967000000000002,3.2290999999999999
13231,-5.0967000000000002,3.2290999999999999
13232,-5.0967000000000002,3.2290999999999999
13233,-5.0967000000000002,3.2309999999999999
13234,-5.0967000000000002,3.2309999999999999
13235,-5.1029,3.2309999999999999
13236,-5.0967000000000002,3.2309999999999999
13237,-5.0967000000000002,3.2309999999999999
13238,0.92379999999999995,3.2589000000000001
13239,0.92379999999999995,3.2606999999999999
13240,0.60140000000000005,3.2606999999999999
13241,0.72540000000000004,3.2625999999999999
13242,0.60140000000000005,3.2625999999999999
13243,0.32240000000000002,3.2625999999999999
13244,0.39679999999999999,3.2625999999999999
13245,0.28520000000000001,3.2625999999999999
13246,-3.5899999999999999,3.2440000000000002
13247,-3.6581999999999999,3.2440000000000002
13248,-3.6644000000000001,3.2440000000000002
13249,-3.6581999999999999,3.2440000000000002
13250,-3.6581999999999999,3.2440000000000002
13251,-3.6520000000000001,3.2421000000000002
13252,-3.6520000000000001,3.2421000000000002
13253,-3.6581999999999999,3.2421000000000002
13254,-3.6520000000000001,3.2421000000000002
13255,-3.6581999999999999,3.2421000000000002
13256,-3.6581999999999999,3.2421000000000002
13257,-3.6520000000000001,3.2421000000000002
13258,-3.6520000000000001,3.2421000000000002
13259,1.6431,3.2682000000000002
13260,1.4508000000000001,3.2682000000000002
13261,1.2834000000000001,3.2682000000000002
13262,0.87419999999999998,3.2682000000000002
13263,0.60140000000000005,3.2682000000000002
13264,0.36580000000000001,3.2663000000000002
13265,0.10539999999999999,3.2663000000000002
13266,-0.062,3.2645
13267,-0.7006,3.2625999999999999
13268,-1.0602,3.2606999999999999
13269,-1.2958000000000001,3.2606999999999999
13270,-1.4136,3.2589000000000001
13271,-0.61380000000000001,3.2625999999999999
13272,-0.61380000000000001,3.2645
13273,-0.61380000000000001,3.2645
13274,-0.61380000000000001,3.2645
13275,-0.62,3.2645
13276,-0.62,3.2645
13277,-0.62,3.2645
13278,-0.62619999999999998,3.2645
13279,-0.62619999999999998,3.2645
13280,-0.62,3.2645
13281,-0.62,3.2645
13282,-0.62,3.2645
13283,-0.61380000000000001,3.2645
13284,-0.62,3.2663000000000002
13285,-0.62,3.2663000000000002
13286,-0.62,3.2663000000000002
13287,-0.61380000000000001,3.2663000000000002
13288,-0.62619999999999998,3.2663000000000002
13289,-0.62,3.2663000000000002
13290,-2.7033,3.2570000000000001
13291,-4.1417999999999999,3.2477
13292,-5.7786999999999997,3.2403
13293,-7.1924000000000001,3.2328000000000001
13294,-2.1453000000000002,3.2551999999999999
13295,-2.0213000000000001,3.2570000000000001
13296,-2.0274999999999999,3.2570000000000001
13297,-2.0213000000000001,3.2570000000000001
13298,-2.0089000000000001,3.2589000000000001
13299,-2.0089000000000001,3.2570000000000001
13300,-2.0089000000000001,3.2570000000000001
13301,-2.0213000000000001,3.2570000000000001
13302,-0.25419999999999998,3.2663000000000002
13303,-0.65100000000000002,3.2645
13304,-1.0105999999999999,3.2625999999999999
13305,-1.2896000000000001,3.2625999999999999
13306,-1.4136,3.2606999999999999
13307,-0.61380000000000001,3.2645
13308,-0.61380000000000001,3.2663000000000002
13309,-0.61380000000000001,3.2663000000000002
13310,-0.62619999999999998,3.2663000000000002
13311,-0.62,3.2663000000000002
13312,-0.61380000000000001,3.2663000000000002
13313,-0.62,3.2663000000000002
13314,-0.62619999999999998,3.2663000000000002
13315,-0.61380000000000001,3.2663000000000002
13316,-0.62,3.2663000000000002
13317,-0.62,3.2663000000000002
13318,-0.62,3.2663000000000002
13319,-0.62,3.2682000000000002
13320,-0.61380000000000001,3.2682000000000002
13321,-0.62,3.2682000000000002
13322,-0.61380000000000001,3.2682000000000002
13323,-0.62,3.2682000000000002
13324,-0.61380000000000001,3.2682000000000002
13325,-0.61380000000000001,3.2682000000000002
13326,-0.62,3.2682000000000002
13327,-0.62,3.2682000000000002
13328,-2.0585,3.2606999999999999
13329,-2.7776999999999998,3.2589000000000001
13330,-3.621,3.2532999999999999
13331,-4.4580000000000002,3.2477
13332,-5.1463000000000001,3.2440000000000002
13333,-6.0949,3.2403
13334,-6.9878,3.2347000000000001
13335,-7.7194000000000003,3.2309999999999999
13336,-8.9222999999999999,3.2235
13337,-9.9206000000000003,3.218
13338,-10.553000000000001,3.2141999999999999
13339,-11.873699999999999,3.2067999999999999
13340,-3.5341999999999998,3.2421000000000002
13341,-3.4163999999999999,3.2440000000000002
13342,-3.4163999999999999,3.2440000000000002
13343,-3.4102000000000001,3.2458999999999998
13344,-3.4102000000000001,3.2458999999999998
13345,-3.4102000000000001,3.2458999999999998
13346,-3.4163999999999999,3.2458999999999998
13347,-3.4102000000000001,3.2458999999999998
13348,-3.4163999999999999,3.2458999999999998
13349,-3.4102000000000001,3.2458999999999998
13350,-3.4163999999999999,3.2458999999999998
13351,-3.4102000000000001,3.2458999999999998
13352,-3.4163999999999999,3.2458999999999998
13353,-3.4163999999999999,3.2458999999999998
13354,-3.4163999999999999,3.2458999999999998
13355,-3.4163999999999999,3.2458999999999998
13356,-3.4226000000000001,3.2458999999999998
13357,-3.4163999999999999,3.2458999999999998
13358,-3.4163999999999999,3.2458999999999998
13359,-3.4226000000000001,3.2458999999999998
13360,-3.4163999999999999,3.2458999999999998
13361,-3.4226000000000001,3.2458999999999998
13362,-3.4226000000000001,3.2458999999999998
13363,-3.4226000000000001,3.2458999999999998
13364,1.3206,3.27
13365,1.1594,3.27
13366,0.88039999999999996,3.27
13367,0.60140000000000005,3.27
13368,0.35959999999999998,3.27
13369,0.16120000000000001,3.2682000000000002
13370,-0.055800000000000002,3.2663000000000002
13371,-0.73780000000000001,3.2645
13372,-1.054,3.2625999999999999
13373,-1.2958000000000001,3.2625999999999999
13374,-1.4136,3.2625999999999999
13375,-0.62,3.2645
13376,-0.62,3.2663000000000002
13377,-0.62,3.2663000000000002
13378,-0.62,3.2663000000000002
13379,-0.62,3.2663000000000002
13380,-0.61380000000000001,3.2663000000000002
13381,-0.61380000000000001,3.2663000000000002
13382,-0.62,3.2663000000000002
13383,-0.61380000000000001,3.2663000000000002
13384,-0.61380000000000001,3.2663000000000002
13385,-0.62,3.2663000000000002
13386,-0.61380000000000001,3.2682000000000002
13387,-0.61380000000000001,3.2682000000000002
13388,-0.62,3.2682000000000002
13389,-0.62,3.2682000000000002
13390,-0.62,3.2663000000000002
13391,-0.62,3.2682000000000002
13392,-0.62,3.2682000000000002
13393,-0.62,3.2682000000000002
13394,-0.62,3.2682000000000002
13395,-0.62,3.2682000000000002
13396,-1.7423,3.2625999999999999
13397,-2.1019000000000001,3.2606999999999999
13398,-2.5855000000000001,3.2589000000000001
13399,-2.9388999999999998,3.2570000000000001
13400,-3.3978000000000002,3.2551999999999999
13401,-3.8256000000000001,3.2513999999999998
13402,-4.4332000000000003,3.2477
13403,-4.7184999999999997,3.2458999999999998
13404,-5.2020999999999997,3.2421000000000002
13405,-5.6733000000000002,3.2403
13406,-6.4421999999999997,3.2366000000000001
13407,-7.5209999999999999,3.2309999999999999
13408,-6.5166000000000004,3.2328000000000001
13409,-7.7504,3.2273000000000001
13410,-8.3209,3.2254
13411,-9.2012999999999998,3.2198000000000002
13412,-9.4369999999999994,3.218
13413,-9.9144000000000005,3.2141999999999999
13414,-10.4476,3.2124000000000001
13415,-11.3963,3.2067999999999999
13416,-11.5451,3.2031000000000001
13417,-12.0783,3.1993999999999998
13418,-12.6488,3.1956000000000002
13419,-13.721399999999999,3.1919
13420,-13.8392,3.1882000000000001
13421,-14.4345,3.1863000000000001
13422,-5.2393000000000001,3.2254
13423,-5.1215000000000002,3.2273000000000001
13424,-5.1215000000000002,3.2290999999999999
13425,-5.1215000000000002,3.2290999999999999
13426,-5.1215000000000002,3.2309999999999999
13427,-5.1153000000000004,3.2309999999999999
13428,-5.1153000000000004,3.2309999999999999
13429,-5.1215000000000002,3.2309999999999999
13430,-5.1090999999999998,3.2309999999999999
13431,-5.1153000000000004,3.2309999999999999
13432,-5.1153000000000004,3.2309999999999999
13433,-5.1029,3.2309999999999999
13434,0.92379999999999995,3.2606999999999999
13435,0.96099999999999997,3.2625999999999999
13436,0.60140000000000005,3.2625999999999999
13437,0.72540000000000004,3.2645
13438,0.60140000000000005,3.2645
13439,0.31619999999999998,3.2645
13440,0.39679999999999999,3.2645
13441,0.27900000000000003,3.2645
13442,-3.5775999999999999,3.2458999999999998
13443,-3.6520000000000001,3.2458999999999998
13444,-3.6520000000000001,3.2440000000000002
13445,-3.6520000000000001,3.2440000000000002
13446,-3.6520000000000001,3.2440000000000002
13447,-3.6520000000000001,3.2440000000000002
13448,-3.6520000000000001,3.2440000000000002
13449,-3.6520000000000001,3.2440000000000002
13450,-3.6520000000000001,3.2440000000000002
13451,-3.6644000000000001,3.2440000000000002
13452,-3.6581999999999999,3.2440000000000002
13453,-3.6581999999999999,3.2440000000000002
13454,-3.6581999999999999,3.2440000000000002
13455,1.6431,3.2682000000000002
13456,1.4508000000000001,3.27
13457,1.2896000000000001,3.27
13458,0.88039999999999996,3.27
13459,0.60140000000000005,3.2682000000000002
13460,0.36580000000000001,3.2682000000000002
13461,0.1116,3.2682000000000002
13462,-0.062,3.2663000000000002
13463,-0.7006,3.2645
13464,-1.0602,3.2625999999999999
13465,-1.3206,3.2606999999999999
13466,-1.4321999999999999,3.2606999999999999
13467,-0.63239999999999996,3.2645
13468,-0.63239999999999996,3.2645
13469,-0.62,3.2645
13470,-0.61380000000000001,3.2645
13471,-0.61380000000000001,3.2645
13472,-0.63239999999999996,3.2645
13473,-0.62,3.2663000000000002
13474,-0.63859999999999995,3.2663000000000002
13475,-0.63239999999999996,3.2645
13476,-0.63859999999999995,3.2663000000000002
13477,-0.63239999999999996,3.2663000000000002
13478,-0.63239999999999996,3.2663000000000002
13479,-0.63859999999999995,3.2663000000000002
13480,-0.63239999999999996,3.2663000000000002
13481,-0.62,3.2663000000000002
13482,-0.62,3.2663000000000002
13483,-0.61380000000000001,3.2663000000000002
13484,-0.62,3.2663000000000002
13485,-0.62,3.2682000000000002
13486,-2.7033,3.2589000000000001
13487,-4.1479999999999997,3.2513999999999998
13488,-5.7786999999999997,3.2403
13489,-7.1862000000000004,3.2328000000000001
13490,-2.1328999999999998,3.2570000000000001
13491,-2.0522999999999998,3.2570000000000001
13492,-2.0522999999999998,3.2570000000000001
13493,-2.0522999999999998,3.2589000000000001
13494,-2.0522999999999998,3.2589000000000001
13495,-2.0522999999999998,3.2589000000000001
13496,-2.0522999999999998,3.2589000000000001
13497,-2.0522999999999998,3.2589000000000001
13498,-0.25419999999999998,3.2663000000000002
13499,-0.65100000000000002,3.2645
13500,-1.0105999999999999,3.2645
13501,-1.2896000000000001,3.2625999999999999
13502,-1.4136,3.2625999999999999
13503,-0.62,3.2663000000000002
13504,-0.62,3.2663000000000002
13505,-0.62,3.2663000000000002
13506,-0.62,3.2663000000000002
13507,-0.62,3.2663000000000002
13508,-0.62,3.2663000000000002
13509,-0.62,3.2682000000000002
13510,-0.61380000000000001,3.2682000000000002
13511,-0.62,3.2682000000000002
13512,-0.61380000000000001,3.2682000000000002
13513,-0.62,3.2682000000000002
13514,-0.62,3.2682000000000002
13515,-0.61380000000000001,3.2682000000000002
13516,-0.62,3.2682000000000002
13517,-0.62,3.2682000000000002
13518,-0.62,3.2682000000000002
13519,-0.62,3.2682000000000002
13520,-0.62,3.2682000000000002
13521,-0.62,3.2682000000000002
13522,-0.62,3.2682000000000002
13523,-0.62,3.2682000000000002
13524,-2.0522999999999998,3.2625999999999999
13525,-2.7776999999999998,3.2589000000000001
13526,-3.6272000000000002,3.2551999999999999
13527,-4.4580000000000002,3.2477
13528,-5.1463000000000001,3.2440000000000002
13529,-6.1010999999999997,3.2403
13530,-7.0312000000000001,3.2347000000000001
13531,-7.7504,3.2309999999999999
13532,-8.9161000000000001,3.2235
13533,-9.9082000000000008,3.218
13534,-10.602600000000001,3.2141999999999999
13535,-11.9109,3.2067999999999999
13536,-3.5590000000000002,3.2421000000000002
13537,-3.4784000000000002,3.2440000000000002
13538,-3.4784000000000002,3.2440000000000002
13539,-3.4784000000000002,3.2440000000000002
13540,-3.4722,3.2458999999999998
13541,-3.4784000000000002,3.2458999999999998
13542,-3.4784000000000002,3.2458999999999998
13543,-3.4784000000000002,3.2458999999999998
13544,-3.4784000000000002,3.2458999999999998
13545,-3.4784000000000002,3.2458999999999998
13546,-3.4784000000000002,3.2458999999999998
13547,-3.4722,3.2458999999999998
13548,-3.4784000000000002,3.2458999999999998
13549,-3.4535999999999998,3.2458999999999998
13550,-3.4598,3.2458999999999998
13551,-3.4535999999999998,3.2458999999999998
13552,-3.4535999999999998,3.2458999999999998
13553,-3.4535999999999998,3.2458999999999998
13554,-3.4598,3.2458999999999998
13555,-3.4535999999999998,3.2458999999999998
13556,-3.4598,3.2458999999999998
13557,-3.4598,3.2458999999999998
13558,-3.4660000000000002,3.2458999999999998
13559,-3.4660000000000002,3.2458999999999998
13560,1.3268,3.27
13561,1.1594,3.27
13562,0.88039999999999996,3.27
13563,0.60140000000000005,3.27
13564,0.37819999999999998,3.27
13565,0.1736,3.27
13566,-0.16739999999999999,3.2663000000000002
13567,-0.76259999999999994,3.2645
13568,-1.0726,3.2645
13569,-1.3144,3.2625999999999999
13570,-1.4321999999999999,3.2625999999999999
13571,-0.63859999999999995,3.2645
13572,-0.63859999999999995,3.2663000000000002
13573,-0.63239999999999996,3.2663000000000002
13574,-0.63859999999999995,3.2663000000000002
13575,-0.63239999999999996,3.2663000000000002
13576,-0.63859999999999995,3.2663000000000002
13577,-0.62,3.2663000000000002
13578,-0.61380000000000001,3.2663000000000002
13579,-0.62,3.2682000000000002
13580,-0.61380000000000001,3.2682000000000002
13581,-0.61380000000000001,3.2663000000000002
13582,-0.62,3.2682000000000002
13583,-0.62,3.2682000000000002
13584,-0.61380000000000001,3.2682000000000002
13585,-0.62,3.2682000000000002
13586,-0.62,3.2682000000000002
13587,-0.62,3.2682000000000002
13588,-0.62,3.2682000000000002
13589,-0.61380000000000001,3.2682000000000002
13590,-0.62,3.2682000000000002
13591,-0.61380000000000001,3.2682000000000002
13592,-1.7423,3.2625999999999999
13593,-2.1019000000000001,3.2625999999999999
13594,-2.5731000000000002,3.2589000000000001
13595,-2.9388999999999998,3.2570000000000001
13596,-3.3792,3.2551999999999999
13597,-3.8193999999999999,3.2532999999999999
13598,-4.4146000000000001,3.2477
13599,-4.6936999999999998,3.2458999999999998
13600,-5.1835000000000004,3.2440000000000002
13601,-5.6547000000000001,3.2403
13602,-6.4173999999999998,3.2366000000000001
13603,-7.4962,3.2309999999999999
13604,-6.4980000000000002,3.2347000000000001
13605,-7.7256,3.2273000000000001
13606,-8.2960999999999991,3.2254
13607,-9.1765000000000008,3.2198000000000002
13608,-9.4184000000000001,3.218
13609,-9.9453999999999994,3.2141999999999999
13610,-10.460000000000001,3.2124000000000001
13611,-11.4087,3.2067999999999999
13612,-11.5327,3.2031000000000001
13613,-12.0969,3.1993999999999998
13614,-12.661199999999999,3.1956000000000002
13615,-13.7338,3.1901000000000002
13616,-13.857799999999999,3.1882000000000001
13617,-14.453099999999999,3.1844999999999999
13618,-5.2331000000000003,3.2254
13619,-5.1649000000000003,3.2273000000000001
13620,-5.1649000000000003,3.2273000000000001
13621,-5.1586999999999996,3.2290999999999999
13622,-5.1586999999999996,3.2290999999999999
13623,-5.1586999999999996,3.2290999999999999
13624,-5.1524999999999999,3.2290999999999999
13625,-5.1586999999999996,3.2290999999999999
13626,-5.1586999999999996,3.2290999999999999
13627,-5.1586999999999996,3.2309999999999999
13628,-5.1586999999999996,3.2309999999999999
13629,-5.1586999999999996,3.2309999999999999
13630,0.94240000000000002,3.2589000000000001
13631,0.97960000000000003,3.2625999999999999
13632,0.60140000000000005,3.2625999999999999
13633,0.72540000000000004,3.2625999999999999
13634,0.60140000000000005,3.2645
13635,0.32240000000000002,3.2625999999999999
13636,0.39679999999999999,3.2645
13637,0.27900000000000003,3.2645
13638,-3.5775999999999999,3.2458999999999998
13639,-3.6581999999999999,3.2440000000000002
13640,-3.6581999999999999,3.2440000000000002
13641,-3.6581999999999999,3.2440000000000002
13642,-3.6581999999999999,3.2440000000000002
13643,-3.6520000000000001,3.2440000000000002
13644,-3.6581999999999999,3.2440000000000002
13645,-3.6705999999999999,3.2440000000000002
13646,-3.6705999999999999,3.2421000000000002
13647,-3.6768000000000001,3.2421000000000002
13648,-3.6520000000000001,3.2421000000000002
13649,-3.6581999999999999,3.2440000000000002
13650,-3.6581999999999999,3.2421000000000002
13651,1.6431,3.27
13652,1.4508000000000001,3.27
13653,1.2834000000000001,3.27
13654,0.88039999999999996,3.27
13655,0.60140000000000005,3.2682000000000002
13656,0.35959999999999998,3.2682000000000002
13657,0.10539999999999999,3.2682000000000002
13658,-0.055800000000000002,3.2663000000000002
13659,-0.69440000000000002,3.2645
13660,-1.054,3.2625999999999999
13661,-1.302,3.2606999999999999
13662,-1.4259999999999999,3.2606999999999999
13663,-0.61380000000000001,3.2645
13664,-0.61380000000000001,3.2645
13665,-0.62,3.2645
13666,-0.62,3.2645
13667,-0.61380000000000001,3.2645
13668,-0.61380000000000001,3.2645
13669,-0.62,3.2663000000000002
13670,-0.61380000000000001,3.2663000000000002
13671,-0.61380000000000001,3.2663000000000002
13672,-0.62,3.2663000000000002
13673,-0.62,3.2663000000000002
13674,-0.62,3.2663000000000002
13675,-0.61380000000000001,3.2663000000000002
13676,-0.62,3.2663000000000002
13677,-0.61380000000000001,3.2663000000000002
13678,-0.62,3.2663000000000002
13679,-0.62,3.2663000000000002
13680,-0.62,3.2663000000000002
13681,-0.61380000000000001,3.2663000000000002
13682,-2.6970999999999998,3.2589000000000001
13683,-4.1417999999999999,3.2513999999999998
13684,-5.7786999999999997,3.2403
13685,-7.2172000000000001,3.2328000000000001
13686,-2.1391,3.2570000000000001
13687,-2.0585,3.2570000000000001
13688,-2.0585,3.2570000000000001
13689,-2.0585,3.2589000000000001
13690,-2.0647000000000002,3.2570000000000001
13691,-2.0709,3.2589000000000001
13692,-2.0771000000000002,3.2570000000000001
13693,-2.0709,3.2589000000000001
13694,-0.27279999999999999,3.2663000000000002
13695,-0.67579999999999996,3.2663000000000002
13696,-1.0354000000000001,3.2625999999999999
13697,-1.3206,3.2625999999999999
13698,-1.4383999999999999,3.2625999999999999
13699,-0.63239999999999996,3.2663000000000002
13700,-0.63859999999999995,3.2663000000000002
13701,-0.63859999999999995,3.2663000000000002
13702,-0.63859999999999995,3.2663000000000002
13703,-0.63859999999999995,3.2663000000000002
13704,-0.63859999999999995,3.2663000000000002
13705,-0.63859999999999995,3.2663000000000002
13706,-0.63859999999999995,3.2663000000000002
13707,-0.63859999999999995,3.2682000000000002
13708,-0.63859999999999995,3.2682000000000002
13709,-0.63859999999999995,3.2682000000000002
13710,-0.63859999999999995,3.2682000000000002
13711,-0.63859999999999995,3.2682000000000002
13712,-0.63859999999999995,3.2682000000000002
13713,-0.63239999999999996,3.2682000000000002
13714,-0.63239999999999996,3.2682000000000002
13715,-0.63859999999999995,3.2682000000000002
13716,-0.63859999999999995,3.2682000000000002
13717,-0.63859999999999995,3.2682000000000002
13718,-0.62,3.2682000000000002
13719,-0.61380000000000001,3.2682000000000002
13720,-2.1019000000000001,3.2625999999999999
13721,-2.7776999999999998,3.2589000000000001
13722,-3.6520000000000001,3.2551999999999999
13723,-4.4518000000000004,3.2477
13724,-5.1401000000000003,3.2440000000000002
13725,-6.0949,3.2383999999999999
13726,-7.0187999999999997,3.2347000000000001
13727,-7.7317999999999998,3.2290999999999999
13728,-8.9037000000000006,3.2235
13729,-9.8957999999999995,3.218
13730,-10.5778,3.2141999999999999
13731,-11.9047,3.2067999999999999
13732,-3.5838000000000001,3.2421000000000002
13733,-3.4660000000000002,3.2440000000000002
13734,-3.4598,3.2440000000000002
13735,-3.4598,3.2440000000000002
13736,-3.4660000000000002,3.2458999999999998
13737,-3.4660000000000002,3.2458999999999998
13738,-3.4598,3.2458999999999998
13739,-3.4660000000000002,3.2458999999999998
13740,-3.4598,3.2458999999999998
13741,-3.4660000000000002,3.2458999999999998
13742,-3.4598,3.2458999999999998
13743,-3.4660000000000002,3.2458999999999998
13744,-3.4784000000000002,3.2458999999999998
13745,-3.4784000000000002,3.2458999999999998
13746,-3.4722,3.2458999999999998
13747,-3.4722,3.2458999999999998
13748,-3.4784000000000002,3.2458999999999998
13749,-3.4784000000000002,3.2458999999999998
13750,-3.4784000000000002,3.2458999999999998
13751,-3.4722,3.2458999999999998
13752,-3.4784000000000002,3.2458999999999998
13753,-3.4784000000000002,3.2458999999999998
13754,-3.4784000000000002,3.2458999999999998
13755,-3.4784000000000002,3.2458999999999998
13756,1.3391999999999999,3.27
13757,1.1718,3.27
13758,0.89280000000000004,3.27
13759,0.62619999999999998,3.27
13760,0.37819999999999998,3.27
13761,0.1736,3.2682000000000002
13762,-0.22320000000000001,3.2663000000000002
13763,-0.76259999999999994,3.2645
13764,-1.0726,3.2625999999999999
13765,-1.3206,3.2625999999999999
13766,-1.4321999999999999,3.2625999999999999
13767,-0.63859999999999995,3.2663000000000002
13768,-0.63239999999999996,3.2663000000000002
13769,-0.63239999999999996,3.2663000000000002
13770,-0.63239999999999996,3.2663000000000002
13771,-0.63239999999999996,3.2663000000000002
13772,-0.63239999999999996,3.2663000000000002
13773,-0.61380000000000001,3.2663000000000002
13774,-0.62,3.2663000000000002
13775,-0.62,3.2663000000000002
13776,-0.61380000000000001,3.2682000000000002
13777,-0.62,3.2682000000000002
13778,-0.61380000000000001,3.2682000000000002
13779,-0.62,3.2682000000000002
13780,-0.62,3.2682000000000002
13781,-0.62,3.2682000000000002
13782,-0.61380000000000001,3.2682000000000002
13783,-0.61380000000000001,3.2682000000000002
13784,-0.62,3.2682000000000002
13785,-0.62,3.2682000000000002
13786,-0.62,3.2682000000000002
13787,-0.62,3.2682000000000002
13788,-1.7546999999999999,3.2625999999999999
13789,-2.1080999999999999,3.2606999999999999
13790,-2.5855000000000001,3.2589000000000001
13791,-2.9885000000000002,3.2570000000000001
13792,-3.3792,3.2551999999999999
13793,-3.8132000000000001,3.2513999999999998
13794,-4.4146000000000001,3.2477
13795,-4.7432999999999996,3.2440000000000002
13796,-5.1772999999999998,3.2421000000000002
13797,-5.6981000000000002,3.2403
13798,-6.4236000000000004,3.2366000000000001
13799,-7.5396000000000001,3.2309999999999999
13800,-6.4980000000000002,3.2347000000000001
13801,-7.7751999999999999,3.2273000000000001
13802,-8.2960999999999991,3.2235
13803,-9.2136999999999993,3.218
13804,-9.4618000000000002,3.218
13805,-9.9268000000000001,3.2141999999999999
13806,-10.460000000000001,3.2105000000000001
13807,-11.427300000000001,3.2031000000000001
13808,-11.5823,3.2012
13809,-12.0969,3.1993999999999998
13810,-12.661199999999999,3.1956000000000002
13811,-13.764799999999999,3.1901000000000002
13812,-13.857799999999999,3.1882000000000001
13813,-14.446899999999999,3.1844999999999999
13814,-5.2206999999999999,3.2254
13815,-5.1338999999999997,3.2273000000000001
13816,-5.1463000000000001,3.2273000000000001
13817,-5.1338999999999997,3.2290999999999999
13818,-5.1401000000000003,3.2290999999999999
13819,-5.1401000000000003,3.2290999999999999
13820,-5.1463000000000001,3.2290999999999999
13821,-5.1463000000000001,3.2290999999999999
13822,-5.1338999999999997,3.2290999999999999
13823,-5.1401000000000003,3.2290999999999999
13824,-5.1401000000000003,3.2309999999999999
13825,-5.1401000000000003,3.2309999999999999
13826,0.93000000000000005,3.2589000000000001
13827,0.96099999999999997,3.2625999999999999
13828,0.60140000000000005,3.2625999999999999
13829,0.71919999999999995,3.2625999999999999
13830,0.60140000000000005,3.2645
13831,0.31619999999999998,3.2645
13832,0.40920000000000001,3.2645
13833,0.28520000000000001,3.2645
13834,-3.5838000000000001,3.2458999999999998
13835,-3.6581999999999999,3.2440000000000002
13836,-3.6581999999999999,3.2440000000000002
13837,-3.6520000000000001,3.2440000000000002
13838,-3.6581999999999999,3.2440000000000002
13839,-3.6520000000000001,3.2440000000000002
13840,-3.6520000000000001,3.2440000000000002
13841,-3.6520000000000001,3.2421000000000002
13842,-3.6520000000000001,3.2421000000000002
13843,-3.6520000000000001,3.2421000000000002
13844,-3.6520000000000001,3.2421000000000002
13845,-3.6520000000000001,3.2421000000000002
13846,-3.6520000000000001,3.2421000000000002
13847,1.6431,3.2682000000000002
13848,1.4508000000000001,3.27
13849,1.2834000000000001,3.27
13850,0.87419999999999998,3.27
13851,0.60140000000000005,3.2682000000000002
13852,0.35959999999999998,3.2682000000000002
13853,0.10539999999999999,3.2682000000000002
13854,-0.062,3.2663000000000002
13855,-0.69440000000000002,3.2645
13856,-1.0478000000000001,3.2625999999999999
13857,-1.2958000000000001,3.2606999999999999
13858,-1.4136,3.2606999999999999
13859,-0.61380000000000001,3.2645
13860,-0.61380000000000001,3.2645
13861,-0.61380000000000001,3.2645
13862,-0.62,3.2645
13863,-0.61380000000000001,3.2645
13864,-0.61380000000000001,3.2645
13865,-0.61380000000000001,3.2645
13866,-0.62,3.2663000000000002
13867,-0.62,3.2663000000000002
13868,-0.62,3.2663000000000002
13869,-0.62,3.2663000000000002
13870,-0.62,3.2663000000000002
13871,-0.62,3.2663000000000002
13872,-0.62,3.2663000000000002
13873,-0.62,3.2663000000000002
13874,-0.63239999999999996,3.2663000000000002
13875,-0.63239999999999996,3.2663000000000002
13876,-0.63859999999999995,3.2663000000000002
13877,-0.63239999999999996,3.2663000000000002
13878,-0.63239999999999996,3.2663000000000002
13879,-0.63239999999999996,3.2682000000000002
13880,-0.63239999999999996,3.2663000000000002
13881,-0.63239999999999996,3.2682000000000002
13882,-0.63859999999999995,3.2663000000000002
13883,-0.63859999999999995,3.2663000000000002
13884,-0.63239999999999996,3.2682000000000002
13885,-0.63859999999999995,3.2682000000000002
13886,-0.63239999999999996,3.2682000000000002
13887,-2.2816999999999998,3.2606999999999999
13888,-3.2366000000000001,3.2551999999999999
13889,-4.2347999999999999,3.2477
13890,-5.2393000000000001,3.2440000000000002
13891,-6.2313000000000001,3.2383999999999999
13892,-2.1267,3.2570000000000001
13893,-2.0709,3.2570000000000001
13894,-5.6422999999999996,3.2403
13895,-6.3616000000000001,3.2366000000000001
13896,-7.2358000000000002,3.2309999999999999
13897,-7.7131999999999996,3.2273000000000001
13898,-8.3953000000000007,3.2235
13899,-9.0710999999999995,3.2198000000000002
13900,-10.119,3.2141999999999999
13901,-10.559200000000001,3.2105000000000001
13902,-11.197900000000001,3.2067999999999999
13903,-3.8008000000000002,3.2383999999999999
13904,-3.7263999999999999,3.2403
13905,-10.509600000000001,3.2105000000000001
13906,-11.1111,3.2067999999999999
13907,-11.235099999999999,3.2012
13908,-12.208500000000001,3.1974999999999998
13909,-12.754200000000001,3.1938
13910,-13.3184,3.1901000000000002
13911,-13.361800000000001,3.1882000000000001
13912,-14.4779,3.1825999999999999
13913,-5.2827000000000002,3.2235
13914,-5.1586999999999996,3.2254
13915,-12.667400000000001,3.1919
13916,-13.808199999999999,3.1863000000000001
13917,-13.6904,3.1844999999999999
13918,-14.781700000000001,3.1789000000000001
13919,-14.645300000000001,3.1789000000000001
13920,-15.1289,3.1751999999999998
13921,-16.294599999999999,3.1696
13922,-16.120999999999999,3.1696
13923,-16.6418,3.1659000000000002
13924,-17.900500000000001,3.1602999999999999
13925,-17.7331,3.1566000000000001
13926,-19.053799999999999,3.1509999999999998
13927,-18.886399999999998,3.1490999999999998
13928,-8.4200999999999997,3.1956000000000002
13929,-8.3332999999999995,3.1974999999999998
13930,-8.3332999999999995,3.1974999999999998
13931,-8.3270999999999997,3.1974999999999998
13932,-8.3332999999999995,3.1993999999999998
13933,-8.3332999999999995,3.1993999999999998
13934,-8.3332999999999995,3.1993999999999998
13935,-8.3270999999999997,3.2012
13936,-8.3457000000000008,3.1993999999999998
13937,-8.3394999999999992,3.2012
13938,-8.3394999999999992,3.2012
13939,-8.3332999999999995,3.2012
13940,-8.3332999999999995,3.2012
13941,-8.3270999999999997,3.2012
13942,-8.3270999999999997,3.2012
13943,-8.3270999999999997,3.2012
13944,-8.3394999999999992,3.2012
13945,-8.3332999999999995,3.2012
13946,-8.3332999999999995,3.2012
13947,-8.3332999999999995,3.2012
13948,-8.3332999999999995,3.2012
13949,-8.3270999999999997,3.2012
13950,-8.3394999999999992,3.2012
13951,-8.3332999999999995,3.2012
13952,-8.3332999999999995,3.2012
13953,-8.3394999999999992,3.2012
13954,-8.3332999999999995,3.2012
13955,-8.3332999999999995,3.2012
13956,-8.3332999999999995,3.2012
13957,-8.3332999999999995,3.2012
13958,-8.3332999999999995,3.2012
13959,-8.3332999999999995,3.2012
13960,-8.3332999999999995,3.2012
13961,-8.3332999999999995,3.2012
13962,-8.3332999999999995,3.2012
13963,-8.3394999999999992,3.2012
13964,-8.3270999999999997,3.2012
13965,-8.3332999999999995,3.2012
13966,-8.3270999999999997,3.2012
13967,-8.3332999999999995,3.2012
13968,-8.3332999999999995,3.2012
13969,-8.3332999999999995,3.2012
13970,-8.3332999999999995,3.2012
13971,-8.3332999999999995,3.2012
13972,-8.3394999999999992,3.1993999999999998
13973,-8.3332999999999995,3.2012
13974,-8.3332999999999995,3.2012
13975,-8.3394999999999992,3.2012
13976,-8.3332999999999995,3.2012
13977,-8.3332999999999995,3.2012
13978,3.8441999999999998,3.2589000000000001
13979,3.8441999999999998,3.2625999999999999
13980,3.6829999999999998,3.2645
13981,3.5217999999999998,3.2663000000000002
13982,3.3296000000000001,3.2663000000000002
13983,3.1684000000000001,3.2682000000000002
13984,2.9636999999999998,3.2682000000000002
13985,2.7652999999999999,3.2682000000000002
13986,-4.9726999999999997,3.2328000000000001
13987,-5.1338999999999997,3.2290999999999999
13988,-5.1401000000000003,3.2290999999999999
13989,-5.1401000000000003,3.2290999999999999
13990,-5.1401000000000003,3.2273000000000001
13991,-5.1463000000000001,3.2273000000000001
13992,-5.1338999999999997,3.2273000000000001
13993,-5.1338999999999997,3.2273000000000001
13994,-5.1401000000000003,3.2273000000000001
13995,-5.1338999999999997,3.2273000000000001
13996,-5.1463000000000001,3.2273000000000001
13997,-5.1401000000000003,3.2273000000000001
13998,-5.1338999999999997,3.2254
13999,-5.1401000000000003,3.2273000000000001
14000,-5.1401000000000003,3.2273000000000001
14001,-5.1463000000000001,3.2254
14002,-5.1338999999999997,3.2254
14003,-5.1524999999999999,3.2254
14004,-5.1401000000000003,3.2254
14005,-5.1463000000000001,3.2273000000000001
14006,-5.1401000000000003,3.2254
14007,-5.1401000000000003,3.2254
14008,-5.1338999999999997,3.2254
14009,-5.1401000000000003,3.2254
14010,-5.1401000000000003,3.2273000000000001
14011,-5.1401000000000003,3.2254
14012,-5.1401000000000003,3.2254
14013,-5.1401000000000003,3.2273000000000001
14014,-5.1401000000000003,3.2273000000000001
14015,-5.1463000000000001,3.2254
14016,-5.1463000000000001,3.2273000000000001
14017,-5.1401000000000003,3.2273000000000001
14018,-5.1401000000000003,3.2254
14019,-5.1401000000000003,3.2254
14020,-5.1401000000000003,3.2273000000000001
14021,-5.1401000000000003,3.2254
14022,-5.1463000000000001,3.2254
14023,-5.1463000000000001,3.2254
14024,-5.1401000000000003,3.2254
14025,-5.1338999999999997,3.2254
14026,-5.1524999999999999,3.2254
14027,-5.1463000000000001,3.2254
14028,-5.1401000000000003,3.2254
14029,-5.1401000000000003,3.2254
14030,-5.1401000000000003,3.2254
14031,-5.1401000000000003,3.2273000000000001
14032,-5.1401000000000003,3.2254
14033,-5.1338999999999997,3.2273000000000001
14034,-5.1401000000000003,3.2254
14035,-5.1338999999999997,3.2273000000000001
14036,-5.1524999999999999,3.2254
14037,-5.1463000000000001,3.2254
14038,-5.1463000000000001,3.2254
14039,-5.1463000000000001,3.2273000000000001
14040,-5.1338999999999997,3.2254
14041,-5.1401000000000003,3.2254
14042,-5.1401000000000003,3.2273000000000001
14043,-5.1401000000000003,3.2254
14044,-5.1463000000000001,3.2273000000000001
14045,-5.1401000000000003,3.2254
14046,-5.1401000000000003,3.2273000000000001
14047,-5.1401000000000003,3.2254
14048,-5.1401000000000003,3.2254
14049,-5.1401000000000003,3.2254
14050,-5.1338999999999997,3.2273000000000001
14051,-5.1401000000000003,3.2254
14052,-5.1338999999999997,3.2273000000000001
14053,-5.1463000000000001,3.2273000000000001
14054,-5.1463000000000001,3.2254
14055,-12.704599999999999,3.1919
14056,-13.851599999999999,3.1844999999999999
14057,-13.74,3.1825999999999999
14058,-14.831300000000001,3.177
14059,-14.7011,3.1751999999999998
14060,-15.1785,3.1732999999999998
14061,-16.338000000000001,3.1659000000000002
14062,-16.1768,3.1659000000000002
14063,-16.697600000000001,3.1621999999999999
14064,-17.950099999999999,3.1547000000000001
14065,-17.770299999999999,3.1528999999999998
14066,-19.103400000000001,3.1473
14067,-18.936,3.1454
14068,-8.4573,3.1901000000000002
14069,-8.3332999999999995,3.1938
14070,-8.3332999999999995,3.1938
14071,-8.3332999999999995,3.1956000000000002
14072,-8.3394999999999992,3.1956000000000002
14073,-8.3394999999999992,3.1956000000000002
14074,-8.3270999999999997,3.1974999999999998
14075,-8.3394999999999992,3.1956000000000002
14076,-8.3332999999999995,3.1974999999999998
14077,-8.3332999999999995,3.1974999999999998
14078,-8.3394999999999992,3.1974999999999998
14079,-8.3332999999999995,3.1974999999999998
14080,-8.3332999999999995,3.1974999999999998
14081,-8.3394999999999992,3.1974999999999998
14082,-8.3457000000000008,3.1974999999999998
14083,-8.3519000000000005,3.1974999999999998
14084,-8.3581000000000003,3.1974999999999998
14085,-8.3457000000000008,3.1974999999999998
14086,-8.3519000000000005,3.1974999999999998
14087,-8.3519000000000005,3.1974999999999998
14088,-8.3581000000000003,3.1974999999999998
14089,-8.3457000000000008,3.1974999999999998
14090,-8.3519000000000005,3.1974999999999998
14091,-8.3457000000000008,3.1974999999999998
14092,-8.3457000000000008,3.1974999999999998
14093,-8.3519000000000005,3.1974999999999998
14094,-8.3519000000000005,3.1974999999999998
14095,-8.3457000000000008,3.1974999999999998
14096,-8.3519000000000005,3.1974999999999998
14097,-8.3519000000000005,3.1974999999999998
14098,-8.3457000000000008,3.1974999999999998
14099,-8.3270999999999997,3.1974999999999998
14100,-8.3766999999999996,3.1974999999999998
14101,-8.3890999999999991,3.1974999999999998
14102,-8.3643000000000001,3.1974999999999998
14103,-8.3704999999999998,3.1974999999999998
14104,-8.3766999999999996,3.1974999999999998
14105,-8.3704999999999998,3.1974999999999998
14106,-8.3643000000000001,3.1974999999999998
14107,-8.3704999999999998,3.1974999999999998
14108,-8.3890999999999991,3.1974999999999998
14109,-8.3766999999999996,3.1974999999999998
14110,-8.3704999999999998,3.1974999999999998
14111,-8.3766999999999996,3.1974999999999998
14112,-8.3766999999999996,3.1974999999999998
14113,-8.3766999999999996,3.1974999999999998
14114,-8.3704999999999998,3.1974999999999998
14115,-8.3766999999999996,3.1974999999999998
14116,-8.3704999999999998,3.1974999999999998
14117,-8.3704999999999998,3.1974999999999998
14118,-14.694900000000001,3.1696
14119,-14.2919,3.1696
14120,-15.2529,3.1640000000000001
14121,-14.775499999999999,3.1659000000000002
14122,-15.7676,3.1602999999999999
14123,-15.290100000000001,3.1621999999999999
14124,-16.331800000000001,3.1547000000000001
14125,-16.623200000000001,3.1528999999999998
14126,-16.0962,3.1547000000000001
14127,-17.175000000000001,3.1490999999999998
14128,-16.648,3.1509999999999998
14129,-17.770299999999999,3.1454
14130,-17.212299999999999,3.1473
14131,-18.3841,3.1417000000000002
14132,-18.75,3.1379999999999999
14133,-18.0989,3.1417000000000002
14134,-19.345199999999998,3.1360999999999999
14135,-18.7437,3.1379999999999999
14136,-19.996200000000002,3.1305000000000001
14137,-19.382400000000001,3.1324000000000001
14138,-20.653500000000001,3.1267999999999998
14139,-21.000699999999998,3.125
14140,-20.374500000000001,3.1267999999999998
14141,-21.719899999999999,3.1212
14142,-21.0627,3.1231
14143,-22.445399999999999,3.1175000000000002
14144,-21.7881,3.1194000000000002
14145,-23.177,3.1101000000000001
14146,-23.635899999999999,3.1082000000000001
14147,-22.916599999999999,3.1101000000000001
14148,-24.398499999999999,3.1044999999999998
14149,-23.685500000000001,3.1063000000000001
14150,-25.198399999999999,3.0989
14151,-24.4419,3.1008
14152,-26.035399999999999,3.0952000000000002
14153,-16.393799999999999,3.1343000000000001
14154,-16.319400000000002,3.1360999999999999
14155,-16.294599999999999,3.1360999999999999
14156,-16.288399999999999,3.1360999999999999
14157,-16.288399999999999,3.1360999999999999
14158,-16.288399999999999,3.1379999999999999
14159,-16.288399999999999,3.1379999999999999
14160,-16.288399999999999,3.1379999999999999
14161,-16.2822,3.1379999999999999
14162,-16.2822,3.1379999999999999
14163,-16.294599999999999,3.1379999999999999
14164,-16.276,3.1379999999999999
14165,-16.2822,3.1379999999999999
14166,-16.288399999999999,3.1379999999999999
14167,-16.288399999999999,3.1379999999999999
14168,-16.288399999999999,3.1379999999999999
14169,-16.306999999999999,3.1379999999999999
14170,-16.288399999999999,3.1379999999999999
14171,-16.294599999999999,3.1379999999999999
14172,-16.294599999999999,3.1379999999999999
14173,-16.294599999999999,3.1379999999999999
14174,-16.294599999999999,3.1379999999999999
14175,-16.294599999999999,3.1379999999999999
14176,-16.306999999999999,3.1379999999999999
14177,-16.294599999999999,3.1379999999999999
14178,-16.313199999999998,3.1379999999999999
14179,-16.3566,3.1379999999999999
14180,-16.3504,3.1379999999999999
14181,-16.3566,3.1360999999999999
14182,-16.344200000000001,3.1360999999999999
14183,-27.709499999999998,3.0895999999999999
14184,-28.354399999999998,3.0859000000000001
14185,-28.8628,3.0821999999999998
14186,-29.433199999999999,3.0783999999999998
14187,-29.991299999999999,3.0747
14188,-30.555499999999999,3.0729000000000002
14189,-31.144500000000001,3.0691000000000002
14190,-31.7212,3.0636000000000001
14191,-32.316400000000002,3.0598000000000001
14192,-32.948900000000002,3.0560999999999998
14193,-33.5627,3.0524
14194,-34.232300000000002,3.0505
14195,-34.858600000000003,3.0468000000000002
14196,-35.546799999999998,3.0430999999999999
14197,-36.278500000000001,3.0394000000000001
14198,-36.954300000000003,3.0375000000000001
14199,-37.6736,3.0337999999999998
14200,-38.4114,3.0301
14201,-39.155500000000004,3.0264000000000002
14202,-39.924300000000002,3.0226000000000002
14203,-24.7395,3.0783999999999998
14204,-24.658899999999999,3.0802999999999998
14205,-24.6403,3.0821999999999998
14206,-24.652699999999999,3.0821999999999998
14207,-24.658899999999999,3.0821999999999998
14208,-24.6403,3.0840000000000001
14209,-24.652699999999999,3.0821999999999998
14210,-24.689900000000002,3.0821999999999998
14211,-24.689900000000002,3.0840000000000001
14212,-24.689900000000002,3.0840000000000001
14213,2.7652999999999999,3.1993999999999998
14214,3.1993999999999998,3.2086999999999999
14215,3.5093999999999999,3.2141999999999999
14216,3.7574000000000001,3.2198000000000002
14217,4.0115999999999996,3.2235
14218,4.2472000000000003,3.2273000000000001
14219,4.4332000000000003,3.2309999999999999
14220,4.6067999999999998,3.2347000000000001
14221,4.7680999999999996,3.2366000000000001
14222,4.8487,3.2403
14223,4.8796999999999997,3.2421000000000002
14224,4.8796999999999997,3.2440000000000002
14225,4.8487,3.2458999999999998
14226,4.8052999999999999,3.2477
14227,4.7247000000000003,3.2477
14228,4.6440000000000001,3.2513999999999998
14229,9.9144000000000005,3.2755999999999998
14230,9.9206000000000003,3.2774999999999999
14231,8.9533000000000005,3.2755999999999998
14232,8.7611000000000008,3.2774999999999999
14233,7.8745000000000003,3.2738
14234,7.6016000000000004,3.2755999999999998
14235,6.7211999999999996,3.2719
14236,6.3987999999999996,3.2719
14237,8.1659000000000006,3.2812000000000001
14238,7.0373999999999999,3.2774999999999999
14239,5.8407,3.2738
14240,4.6811999999999996,3.2682000000000002
14241,3.6892,3.2645
14242,2.7281,3.2606999999999999
14243,1.7546999999999999,3.2570000000000001
14244,0.36580000000000001,3.2513999999999998
14245,-0.69440000000000002,3.2440000000000002
14246,-1.3888,3.2403
14247,-0.62,3.2440000000000002
14248,-0.62,3.2440000000000002
14249,-0.62,3.2440000000000002
14250,-0.62,3.2440000000000002
14251,-0.62,3.2440000000000002
14252,-0.62,3.2440000000000002
14253,-0.62,3.2440000000000002
14254,-0.63239999999999996,3.2440000000000002
14255,-0.63239999999999996,3.2458999999999998
14256,-0.63239999999999996,3.2458999999999998
14257,-0.63859999999999995,3.2458999999999998
14258,-0.63239999999999996,3.2458999999999998
14259,-0.63239999999999996,3.2458999999999998
14260,-0.63859999999999995,3.2458999999999998
14261,-0.63239999999999996,3.2458999999999998
14262,-0.63859999999999995,3.2458999999999998
14263,-0.62,3.2477
14264,-0.62,3.2477
14265,-0.62,3.2477
14266,-0.062,3.2513999999999998
14267,-0.61380000000000001,3.2477
14268,-0.62,3.2477
14269,-0.62,3.2477
14270,-0.61380000000000001,3.2477
14271,-0.62,3.2477
14272,-0.61380000000000001,3.2477
14273,-0.61380000000000001,3.2513999999999998
14274,-0.61380000000000001,3.2513999999999998
14275,-0.62,3.2513999999999998
14276,-0.62,3.2513999999999998
14277,-0.61380000000000001,3.2513999999999998
14278,-0.61380000000000001,3.2513999999999998
14279,-2.7033,3.2403
14280,-4.1417999999999999,3.2347000000000001
14281,-5.7415000000000003,3.2273000000000001
14282,-7.1738,3.2198000000000002
14283,-2.0956999999999999,3.2403
14284,-2.0089000000000001,3.2421000000000002
14285,-2.0213000000000001,3.2421000000000002
14286,-2.0213000000000001,3.2421000000000002
14287,-2.0213000000000001,3.2421000000000002
14288,-2.0089000000000001,3.2421000000000002
14289,-2.0089000000000001,3.2421000000000002
14290,-2.0089000000000001,3.2421000000000002
14291,-0.25419999999999998,3.2532999999999999
14292,-0.65720000000000001,3.2513999999999998
14293,-1.0167999999999999,3.2477
14294,-1.302,3.2477
14295,-1.4198,3.2477
14296,-0.61380000000000001,3.2532999999999999
14297,-0.62,3.2532999999999999
14298,-0.62,3.2532999999999999
14299,-0.62,3.2532999999999999
14300,-0.62,3.2532999999999999
14301,-0.62,3.2532999999999999
14302,-0.62,3.2551999999999999
14303,-0.63239999999999996,3.2532999999999999
14304,-0.63239999999999996,3.2551999999999999
14305,-0.63239999999999996,3.2551999999999999
14306,-0.63239999999999996,3.2551999999999999
14307,-0.63239999999999996,3.2551999999999999
14308,-0.63239999999999996,3.2551999999999999
14309,-0.63239999999999996,3.2551999999999999
14310,-0.63239999999999996,3.2551999999999999
14311,-0.63239999999999996,3.2551999999999999
14312,-0.63239999999999996,3.2551999999999999
14313,-0.63859999999999995,3.2551999999999999
14314,-0.63859999999999995,3.2551999999999999
14315,-0.63239999999999996,3.2551999999999999
14316,-0.63239999999999996,3.2570000000000001
14317,-2.0709,3.2477
14318,-2.8025000000000002,3.2440000000000002
14319,-3.6457999999999999,3.2403
14320,-4.4703999999999997,3.2366000000000001
14321,-5.1649000000000003,3.2328000000000001
14322,-6.0762999999999998,3.2273000000000001
14323,-6.9816000000000003,3.2235
14324,-7.6946000000000003,3.2198000000000002
14325,-8.8478999999999992,3.2124000000000001
14326,-9.8461999999999996,3.2086999999999999
14327,-10.5344,3.2031000000000001
14328,-11.8551,3.1956000000000002
14329,-3.5341999999999998,3.2309999999999999
14330,-3.4102000000000001,3.2328000000000001
14331,-3.4226000000000001,3.2347000000000001
14332,-3.4163999999999999,3.2347000000000001
14333,-3.4163999999999999,3.2347000000000001
14334,-3.4226000000000001,3.2347000000000001
14335,-3.4163999999999999,3.2366000000000001
14336,-3.4163999999999999,3.2347000000000001
14337,-3.4163999999999999,3.2366000000000001
14338,-3.4226000000000001,3.2366000000000001
14339,-3.4163999999999999,3.2366000000000001
14340,-3.4163999999999999,3.2366000000000001
14341,-3.4163999999999999,3.2366000000000001
14342,-3.4163999999999999,3.2366000000000001
14343,-3.4163999999999999,3.2366000000000001
14344,-3.4163999999999999,3.2366000000000001
14345,-3.4163999999999999,3.2366000000000001
14346,-3.4102000000000001,3.2366000000000001
14347,-3.4226000000000001,3.2366000000000001
14348,-3.4163999999999999,3.2366000000000001
14349,-3.4226000000000001,3.2366000000000001
14350,-3.4163999999999999,3.2366000000000001
14351,-3.4163999999999999,3.2366000000000001
14352,-3.4163999999999999,3.2366000000000001
14353,1.3206,3.2589000000000001
14354,1.1160000000000001,3.2606999999999999
14355,0.87419999999999998,3.2606999999999999
14356,0.60140000000000005,3.2606999999999999
14357,0.35959999999999998,3.2606999999999999
14358,0.155,3.2589000000000001
14359,-0.062,3.2570000000000001
14360,-0.73780000000000001,3.2551999999999999
14361,-1.054,3.2551999999999999
14362,-1.2958000000000001,3.2532999999999999
14363,-1.4136,3.2532999999999999
14364,-0.61380000000000001,3.2551999999999999
14365,-0.61380000000000001,3.2551999999999999
14366,-0.62,3.2570000000000001
14367,-0.62,3.2570000000000001
14368,-0.62,3.2570000000000001
14369,-0.62,3.2570000000000001
14370,-0.62,3.2570000000000001
14371,-0.63239999999999996,3.2570000000000001
14372,-0.63239999999999996,3.2570000000000001
14373,-0.63859999999999995,3.2570000000000001
14374,-0.63239999999999996,3.2570000000000001
14375,-0.63859999999999995,3.2570000000000001
14376,-0.63239999999999996,3.2589000000000001
14377,-0.63239999999999996,3.2589000000000001
14378,-0.63239999999999996,3.2589000000000001
14379,-0.63239999999999996,3.2589000000000001
14380,-0.63239999999999996,3.2589000000000001
14381,-0.63239999999999996,3.2589000000000001
14382,-0.63859999999999995,3.2589000000000001
14383,-0.63239999999999996,3.2589000000000001
14384,-0.63859999999999995,3.2589000000000001
14385,-1.7608999999999999,3.2532999999999999
14386,-2.1204999999999998,3.2513999999999998
14387,-2.5979000000000001,3.2477
14388,-2.9575,3.2458999999999998
14389,-3.3978000000000002,3.2440000000000002
14390,-3.8317999999999999,3.2403
14391,-4.4021999999999997,3.2383999999999999
14392,-4.7247000000000003,3.2366000000000001
14393,-5.1649000000000003,3.2347000000000001
14394,-5.6795,3.2309999999999999
14395,-6.3864000000000001,3.2273000000000001
14396,-7.5209999999999999,3.2216999999999998
14397,-6.4794,3.2254
14398,-7.7565999999999997,3.218
14399,-8.2836999999999996,3.2161
14400,-9.1827000000000005,3.2105000000000001
14401,-9.4122000000000003,3.2086999999999999
14402,-9.8895999999999997,3.2067999999999999
14403,-10.416600000000001,3.2012
14404,-11.3901,3.1956000000000002
14405,-11.507899999999999,3.1938
14406,-12.0473,3.1919
14407,-12.617800000000001,3.1882000000000001
14408,-13.7028,3.1825999999999999
14409,-13.777200000000001,3.1808000000000001
14410,-14.409700000000001,3.177
14411,-5.2206999999999999,3.218
14412,-5.0967000000000002,3.2198000000000002
14413,-5.0967000000000002,3.2198000000000002
14414,-5.0967000000000002,3.2216999999999998
14415,-5.0967000000000002,3.2216999999999998
14416,-5.1029,3.2216999999999998
14417,-5.1029,3.2216999999999998
14418,-5.1029,3.2216999999999998
14419,-5.1029,3.2235
14420,-5.0967000000000002,3.2235
14421,-5.0967000000000002,3.2235
14422,-5.1029,3.2235
14423,0.93000000000000005,3.2513999999999998
14424,0.93000000000000005,3.2532999999999999
14425,0.60760000000000003,3.2551999999999999
14426,0.73160000000000003,3.2551999999999999
14427,0.60760000000000003,3.2570000000000001
14428,0.32240000000000002,3.2551999999999999
14429,0.39679999999999999,3.2570000000000001
14430,0.29759999999999998,3.2570000000000001
14431,-3.5962000000000001,3.2383999999999999
14432,-3.6768000000000001,3.2366000000000001
14433,-3.6768000000000001,3.2366000000000001
14434,-3.6705999999999999,3.2366000000000001
14435,-3.6768000000000001,3.2366000000000001
14436,-3.6768000000000001,3.2347000000000001
14437,-3.6705999999999999,3.2347000000000001
14438,-3.6705999999999999,3.2347000000000001
14439,-3.6705999999999999,3.2347000000000001
14440,-3.6768000000000001,3.2347000000000001
14441,-3.6705999999999999,3.2347000000000001
14442,-3.6705999999999999,3.2347000000000001
14443,-3.6768000000000001,3.2347000000000001
14444,1.6617,3.2606999999999999
14445,1.4632000000000001,3.2625999999999999
14446,1.302,3.2625999999999999
14447,0.89280000000000004,3.2625999999999999
14448,0.60140000000000005,3.2606999999999999
14449,0.35959999999999998,3.2606999999999999
14450,0.1116,3.2606999999999999
14451,-0.055800000000000002,3.2589000000000001
14452,-0.69440000000000002,3.2570000000000001
14453,-1.0602,3.2551999999999999
14454,-1.2958000000000001,3.2532999999999999
14455,-1.4136,3.2532999999999999
14456,-0.62,3.2570000000000001
14457,-0.61380000000000001,3.2570000000000001
14458,-0.62,3.2570000000000001
14459,-0.62,3.2570000000000001
14460,-0.61380000000000001,3.2589000000000001
14461,-0.61380000000000001,3.2570000000000001
14462,-0.61380000000000001,3.2589000000000001
14463,-0.62,3.2589000000000001
14464,-0.62,3.2589000000000001
14465,-0.62,3.2589000000000001
14466,-0.62,3.2589000000000001
14467,-0.62,3.2589000000000001
14468,-0.62,3.2589000000000001
14469,-0.62,3.2589000000000001
14470,-0.62,3.2589000000000001
14471,-0.62,3.2589000000000001
14472,-0.62619999999999998,3.2589000000000001
14473,-0.62,3.2589000000000001
14474,-0.62,3.2589000000000001
14475,-2.7033,3.2513999999999998
14476,-4.1604000000000001,3.2403
14477,-5.8034999999999997,3.2328000000000001
14478,-7.1985999999999999,3.2254
14479,-2.1638999999999999,3.2477
14480,-2.0274999999999999,3.2477
14481,-2.0337000000000001,3.2477
14482,-2.0213000000000001,3.2477
14483,-2.0089000000000001,3.2513999999999998
14484,-2.0089000000000001,3.2513999999999998
14485,-2.0213000000000001,3.2513999999999998
14486,-2.0089000000000001,3.2513999999999998
14487,-0.24179999999999999,3.2589000000000001
14488,-0.65100000000000002,3.2589000000000001
14489,-1.0105999999999999,3.2570000000000001
14490,-1.2896000000000001,3.2551999999999999
14491,-1.4136,3.2551999999999999
14492,-0.62,3.2589000000000001
14493,-0.61380000000000001,3.2589000000000001
14494,-0.62,3.2589000000000001
14495,-0.62,3.2606999999999999
14496,-0.62,3.2606999999999999
14497,-0.62,3.2606999999999999
14498,-0.62,3.2606999999999999
14499,-0.61380000000000001,3.2606999999999999
14500,-0.62,3.2606999999999999
14501,-0.62,3.2606999999999999
14502,-0.62619999999999998,3.2606999999999999
14503,-0.62,3.2606999999999999
14504,-0.61380000000000001,3.2606999999999999
14505,-0.62,3.2606999999999999
14506,-0.62,3.2606999999999999
14507,-0.62619999999999998,3.2606999999999999
14508,-0.62,3.2606999999999999
14509,-0.62,3.2606999999999999
14510,-0.62,3.2606999999999999
14511,-0.62619999999999998,3.2606999999999999
14512,-0.62,3.2606999999999999
14513,-2.0522999999999998,3.2551999999999999
14514,-2.8025000000000002,3.2513999999999998
14515,-3.6334,3.2458999999999998
14516,-4.4703999999999997,3.2403
14517,-5.1586999999999996,3.2366000000000001
14518,-6.1010999999999997,3.2328000000000001
14519,-7.0002000000000004,3.2273000000000001
14520,-7.7131999999999996,3.2216999999999998
14521,-8.8975000000000009,3.2161
14522,-9.9019999999999992,3.2105000000000001
14523,-10.5282,3.2067999999999999
14524,-11.8551,3.1974999999999998
14525,-3.5341999999999998,3.2347000000000001
14526,-3.4163999999999999,3.2366000000000001
14527,-3.4163999999999999,3.2383999999999999
14528,-3.4163999999999999,3.2383999999999999
14529,-3.4163999999999999,3.2383999999999999
14530,-3.4102000000000001,3.2383999999999999
14531,-3.4163999999999999,3.2383999999999999
14532,-3.4102000000000001,3.2383999999999999
14533,-3.4163999999999999,3.2383999999999999
14534,-3.4163999999999999,3.2403
14535,-3.4163999999999999,3.2403
14536,-3.4226000000000001,3.2403
14537,-3.4102000000000001,3.2383999999999999
14538,-3.4163999999999999,3.2403
14539,-3.4163999999999999,3.2403
14540,-3.4163999999999999,3.2383999999999999
14541,-3.4226000000000001,3.2403
14542,-3.4163999999999999,3.2403
14543,-3.4163999999999999,3.2403
14544,-3.4163999999999999,3.2403
14545,-3.4163999999999999,3.2383999999999999
14546,-3.4163999999999999,3.2403
14547,-3.4226000000000001,3.2403
14548,-3.4163999999999999,3.2403
14549,1.3206,3.2625999999999999
14550,1.1594,3.2645
14551,0.88039999999999996,3.2645
14552,0.60140000000000005,3.2625999999999999
14553,0.35959999999999998,3.2625999999999999
14554,0.155,3.2625999999999999
14555,-0.055800000000000002,3.2606999999999999
14556,-0.73780000000000001,3.2589000000000001
14557,-1.054,3.2570000000000001
14558,-1.2958000000000001,3.2570000000000001
14559,-1.4136,3.2551999999999999
14560,-0.62,3.2589000000000001
14561,-0.62,3.2606999999999999
14562,-0.61380000000000001,3.2589000000000001
14563,-0.62,3.2606999999999999
14564,-0.62,3.2606999999999999
14565,-0.62,3.2606999999999999
14566,-0.62,3.2606999999999999
14567,-0.62,3.2606999999999999
14568,-0.62,3.2606999999999999
14569,-0.62,3.2606999999999999
14570,-0.62,3.2606999999999999
14571,-0.62,3.2606999999999999
14572,-0.62,3.2606999999999999
14573,-0.62,3.2606999999999999
14574,-0.62,3.2625999999999999
14575,-0.62,3.2625999999999999
14576,-0.62,3.2606999999999999
14577,-0.62,3.2625999999999999
14578,-0.61380000000000001,3.2625999999999999
14579,-0.61380000000000001,3.2625999999999999
14580,-0.61380000000000001,3.2625999999999999
14581,-1.7423,3.2570000000000001
14582,-2.1080999999999999,3.2551999999999999
14583,-2.5855000000000001,3.2532999999999999
14584,-2.9388999999999998,3.2513999999999998
14585,-3.3792,3.2458999999999998
14586,-3.8193999999999999,3.2440000000000002
14587,-4.4146000000000001,3.2403
14588,-4.7061000000000002,3.2383999999999999
14589,-5.1772999999999998,3.2366000000000001
14590,-5.6547000000000001,3.2328000000000001
14591,-6.4236000000000004,3.2290999999999999
14592,-7.4962,3.2235
14593,-6.4980000000000002,3.2273000000000001
14594,-7.7317999999999998,3.2216999999999998
14595,-8.2960999999999991,3.218
14596,-9.1827000000000005,3.2124000000000001
14597,-9.4122000000000003,3.2105000000000001
14598,-9.8895999999999997,3.2067999999999999
14599,-10.422800000000001,3.2031000000000001
14600,-11.377700000000001,3.1974999999999998
14601,-11.5327,3.1956000000000002
14602,-12.0473,3.1919
14603,-12.611599999999999,3.1882000000000001
14604,-13.7028,3.1825999999999999
14605,-13.820600000000001,3.1808000000000001
14606,-14.415900000000001,3.177
14607,-5.2145000000000001,3.218
14608,-5.0967000000000002,3.2198000000000002
14609,-5.0967000000000002,3.2216999999999998
14610,-5.1029,3.2216999999999998
14611,-5.1029,3.2216999999999998
14612,-5.0967000000000002,3.2216999999999998
14613,-5.1029,3.2235
14614,-5.0967000000000002,3.2235
14615,-5.0967000000000002,3.2235
14616,-5.0967000000000002,3.2235
14617,-5.1029,3.2235
14618,-5.1090999999999998,3.2235
14619,0.93000000000000005,3.2532999999999999
14620,0.96099999999999997,3.2551999999999999
14621,0.60760000000000003,3.2551999999999999
14622,0.73160000000000003,3.2570000000000001
14623,0.60140000000000005,3.2589000000000001
14624,0.31619999999999998,3.2570000000000001
14625,0.39679999999999999,3.2589000000000001
14626,0.28520000000000001,3.2589000000000001
14627,-3.5775999999999999,3.2403
14628,-3.6520000000000001,3.2383999999999999
14629,-3.6520000000000001,3.2383999999999999
14630,-3.6520000000000001,3.2383999999999999
14631,-3.6520000000000001,3.2366000000000001
14632,-3.6520000000000001,3.2366000000000001
14633,-3.6581999999999999,3.2366000000000001
14634,-3.6581999999999999,3.2366000000000001
14635,-3.6581999999999999,3.2366000000000001
14636,-3.6581999999999999,3.2366000000000001
14637,-3.6581999999999999,3.2366000000000001
14638,-3.6581999999999999,3.2366000000000001
14639,-3.6457999999999999,3.2366000000000001
14640,1.6431,3.2625999999999999
14641,1.4508000000000001,3.2645
14642,1.2896000000000001,3.2645
14643,0.88039999999999996,3.2625999999999999
14644,0.60140000000000005,3.2625999999999999
14645,0.35959999999999998,3.2625999999999999
14646,0.1116,3.2606999999999999
14647,-0.062,3.2606999999999999
14648,-0.69440000000000002,3.2570000000000001
14649,-1.054,3.2570000000000001
14650,-1.2958000000000001,3.2551999999999999
14651,-1.4136,3.2551999999999999
14652,-0.62619999999999998,3.2589000000000001
14653,-0.62,3.2589000000000001
14654,-0.62,3.2589000000000001
14655,-0.62,3.2589000000000001
14656,-0.61380000000000001,3.2589000000000001
14657,-0.61380000000000001,3.2589000000000001
14658,-0.62,3.2589000000000001
14659,-0.62,3.2589000000000001
14660,-0.62,3.2606999999999999
14661,-0.61380000000000001,3.2606999999999999
14662,-0.62619999999999998,3.2606999999999999
14663,-0.62619999999999998,3.2606999999999999
14664,-0.61380000000000001,3.2606999999999999
14665,-0.61380000000000001,3.2606999999999999
14666,-0.61380000000000001,3.2606999999999999
14667,-0.62,3.2606999999999999
14668,-0.62,3.2606999999999999
14669,-0.62,3.2606999999999999
14670,-0.62,3.2606999999999999
14671,-2.6970999999999998,3.2513999999999998
14672,-4.1417999999999999,3.2440000000000002
14673,-5.7786999999999997,3.2347000000000001
14674,-7.1862000000000004,3.2273000000000001
14675,-2.1328999999999998,3.2477
14676,-2.0522999999999998,3.2513999999999998
14677,-2.0522999999999998,3.2513999999999998
14678,-2.0522999999999998,3.2513999999999998
14679,-2.0461,3.2513999999999998
14680,-2.0585,3.2513999999999998
14681,-2.0522999999999998,3.2513999999999998
14682,-2.0522999999999998,3.2532999999999999
14683,-0.25419999999999998,3.2606999999999999
14684,-0.65720000000000001,3.2589000000000001
14685,-1.0105999999999999,3.2589000000000001
14686,-1.2896000000000001,3.2570000000000001
14687,-1.4136,3.2570000000000001
14688,-0.62,3.2606999999999999
14689,-0.62,3.2606999999999999
14690,-0.62,3.2606999999999999
14691,-0.62,3.2606999999999999
14692,-0.61380000000000001,3.2606999999999999
14693,-0.61380000000000001,3.2606999999999999
14694,-0.62,3.2606999999999999
14695,-0.62,3.2606999999999999
14696,-0.61380000000000001,3.2606999999999999
14697,-0.62,3.2625999999999999
14698,-0.61380000000000001,3.2625999999999999
14699,-0.61380000000000001,3.2625999999999999
14700,-0.61380000000000001,3.2625999999999999
14701,-0.62,3.2625999999999999
14702,-0.62,3.2625999999999999
14703,-0.62,3.2625999999999999
14704,-0.62,3.2625999999999999
14705,-0.62,3.2625999999999999
14706,-0.62,3.2625999999999999
14707,-0.62,3.2625999999999999
14708,-0.63239999999999996,3.2625999999999999
14709,-2.0709,3.2570000000000001
14710,-2.8025000000000002,3.2532999999999999
14711,-3.6457999999999999,3.2458999999999998
14712,-4.4703999999999997,3.2421000000000002
14713,-5.1586999999999996,3.2383999999999999
14714,-6.0949,3.2328000000000001
14715,-7.0187999999999997,3.2273000000000001
14716,-7.7256,3.2235
14717,-8.9037000000000006,3.2161
14718,-9.8957999999999995,3.2124000000000001
14719,-10.584,3.2067999999999999
14720,-11.8985,3.1974999999999998
14721,-3.5341999999999998,3.2347000000000001
14722,-3.4598,3.2366000000000001
14723,-3.4598,3.2383999999999999
14724,-3.4598,3.2383999999999999
14725,-3.4535999999999998,3.2383999999999999
14726,-3.4474,3.2383999999999999
14727,-3.4598,3.2403
14728,-3.4535999999999998,3.2383999999999999
14729,-3.4598,3.2403
14730,-3.4535999999999998,3.2403
14731,-3.4535999999999998,3.2403
14732,-3.4598,3.2403
14733,-3.4660000000000002,3.2403
14734,-3.4598,3.2403
14735,-3.4660000000000002,3.2403
14736,-3.4535999999999998,3.2403
14737,-3.4598,3.2403
14738,-3.4660000000000002,3.2403
14739,-3.4598,3.2403
14740,-3.4598,3.2403
14741,-3.4598,3.2403
14742,-3.4535999999999998,3.2403
14743,-3.4598,3.2403
14744,-3.4535999999999998,3.2403
14745,1.3206,3.2645
14746,1.1532,3.2645
14747,0.87419999999999998,3.2645
14748,0.60140000000000005,3.2645
14749,0.36580000000000001,3.2645
14750,0.155,3.2625999999999999
14751,-0.074399999999999994,3.2625999999999999
14752,-0.73160000000000003,3.2589000000000001
14753,-1.054,3.2570000000000001
14754,-1.2958000000000001,3.2570000000000001
14755,-1.4136,3.2570000000000001
14756,-0.62,3.2606999999999999
14757,-0.61380000000000001,3.2606999999999999
14758,-0.61380000000000001,3.2606999999999999
14759,-0.61380000000000001,3.2606999999999999
14760,-0.61380000000000001,3.2606999999999999
14761,-0.62,3.2606999999999999
14762,-0.62619999999999998,3.2606999999999999
14763,-0.62,3.2606999999999999
14764,-0.62,3.2606999999999999
14765,-0.62,3.2625999999999999
14766,-0.62,3.2625999999999999
14767,-0.62,3.2625999999999999
14768,-0.62,3.2625999999999999
14769,-0.62619999999999998,3.2625999999999999
14770,-0.62,3.2625999999999999
14771,-0.61380000000000001,3.2625999999999999
14772,-0.62,3.2625999999999999
14773,-0.62,3.2625999999999999
14774,-0.63239999999999996,3.2625999999999999
14775,-0.63239999999999996,3.2625999999999999
14776,-0.63859999999999995,3.2625999999999999
14777,-1.7608999999999999,3.2589000000000001
14778,-2.1204999999999998,3.2570000000000001
14779,-2.5979000000000001,3.2532999999999999
14780,-2.9575,3.2513999999999998
14781,-3.3978000000000002,3.2477
14782,-3.8317999999999999,3.2440000000000002
14783,-4.4394,3.2403
14784,-4.7184999999999997,3.2383999999999999
14785,-5.2020999999999997,3.2366000000000001
14786,-5.6795,3.2328000000000001
14787,-6.4359999999999999,3.2290999999999999
14788,-7.5086000000000004,3.2235
14789,-6.5166000000000004,3.2273000000000001
14790,-7.7565999999999997,3.2198000000000002
14791,-8.3270999999999997,3.2161
14792,-9.2012999999999998,3.2124000000000001
14793,-9.4307999999999996,3.2105000000000001
14794,-9.9578000000000007,3.2067999999999999
14795,-10.4786,3.2012
14796,-11.4397,3.1956000000000002
14797,-11.551299999999999,3.1938
14798,-12.109299999999999,3.1901000000000002
14799,-12.6736,3.1863000000000001
14800,-13.758599999999999,3.1808000000000001
14801,-13.870200000000001,3.1789000000000001
14802,-14.4841,3.1751999999999998
14803,-5.2393000000000001,3.218
14804,-5.1711,3.2198000000000002
14805,-5.1586999999999996,3.2198000000000002
14806,-5.1586999999999996,3.2216999999999998
14807,-5.1401000000000003,3.2216999999999998
14808,-5.1401000000000003,3.2216999999999998
14809,-5.1401000000000003,3.2216999999999998
14810,-5.1401000000000003,3.2235
14811,-5.1401000000000003,3.2235
14812,-5.1401000000000003,3.2235
14813,-5.1338999999999997,3.2235
14814,-5.1463000000000001,3.2235
14815,0.93000000000000005,3.2532999999999999
14816,0.96099999999999997,3.2551999999999999
14817,0.60140000000000005,3.2551999999999999
14818,0.72540000000000004,3.2570000000000001
14819,0.59519999999999995,3.2589000000000001
14820,0.31619999999999998,3.2570000000000001
14821,0.39679999999999999,3.2589000000000001
14822,0.28520000000000001,3.2589000000000001
14823,-3.5838000000000001,3.2403
14824,-3.6581999999999999,3.2383999999999999
14825,-3.6644000000000001,3.2383999999999999
14826,-3.6520000000000001,3.2383999999999999
14827,-3.6581999999999999,3.2366000000000001
14828,-3.6581999999999999,3.2383999999999999
14829,-3.6581999999999999,3.2366000000000001
14830,-3.6581999999999999,3.2366000000000001
14831,-3.6581999999999999,3.2366000000000001
14832,-3.6581999999999999,3.2366000000000001
14833,-3.6644000000000001,3.2366000000000001
14834,-3.6581999999999999,3.2366000000000001
14835,-3.6581999999999999,3.2366000000000001
14836,1.6493,3.2625999999999999
14837,1.4446000000000001,3.2645
14838,1.2896000000000001,3.2645
14839,0.89280000000000004,3.2645
14840,0.62619999999999998,3.2625999999999999
14841,0.37819999999999998,3.2625999999999999
14842,0.13639999999999999,3.2625999999999999
14843,-0.068199999999999997,3.2606999999999999
14844,-0.69440000000000002,3.2589000000000001
14845,-1.054,3.2570000000000001
14846,-1.3206,3.2551999999999999
14847,-1.4136,3.2551999999999999
14848,-0.63859999999999995,3.2589000000000001
14849,-0.63859999999999995,3.2589000000000001
14850,-0.63239999999999996,3.2589000000000001
14851,-0.63859999999999995,3.2589000000000001
14852,-0.63239999999999996,3.2589000000000001
14853,-0.63859999999999995,3.2589000000000001
14854,-0.63239999999999996,3.2589000000000001
14855,-0.62,3.2606999999999999
14856,-0.62,3.2606999999999999
14857,-0.62,3.2606999999999999
14858,-0.62,3.2606999999999999
14859,-0.62,3.2606999999999999
14860,-0.61380000000000001,3.2606999999999999
14861,-0.61380000000000001,3.2606999999999999
14862,-0.62,3.2606999999999999
14863,-0.62,3.2606999999999999
14864,-0.61380000000000001,3.2606999999999999
14865,-0.62,3.2606999999999999
14866,-0.61380000000000001,3.2625999999999999
14867,-2.6909000000000001,3.2513999999999998
14868,-4.1417999999999999,3.2421000000000002
14869,-5.7786999999999997,3.2347000000000001
14870,-7.2172000000000001,3.2273000000000001
14871,-2.1328999999999998,3.2477
14872,-2.0522999999999998,3.2513999999999998
14873,-2.0522999999999998,3.2513999999999998
14874,-2.0522999999999998,3.2513999999999998
14875,-2.0522999999999998,3.2513999999999998
14876,-2.0585,3.2532999999999999
14877,-2.0585,3.2532999999999999
14878,-2.0522999999999998,3.2513999999999998
14879,-0.25419999999999998,3.2606999999999999
14880,-0.65100000000000002,3.2589000000000001
14881,-1.0105999999999999,3.2589000000000001
14882,-1.2958000000000001,3.2570000000000001
14883,-1.4136,3.2570000000000001
14884,-0.61380000000000001,3.2606999999999999
14885,-0.62,3.2606999999999999
14886,-0.62,3.2606999999999999
14887,-0.62,3.2606999999999999
14888,-0.62,3.2606999999999999
14889,-0.61380000000000001,3.2606999999999999
14890,-0.62,3.2625999999999999
14891,-0.61380000000000001,3.2625999999999999
14892,-0.62619999999999998,3.2625999999999999
14893,-0.61380000000000001,3.2625999999999999
14894,-0.62,3.2625999999999999
14895,-0.62,3.2625999999999999
14896,-0.62,3.2625999999999999
14897,-0.62,3.2625999999999999
14898,-0.62,3.2625999999999999
14899,-0.62,3.2625999999999999
14900,-0.62,3.2625999999999999
14901,-0.62,3.2625999999999999
14902,-0.62,3.2625999999999999
14903,-0.62,3.2625999999999999
14904,-0.63239999999999996,3.2625999999999999
14905,-2.1204999999999998,3.2570000000000001
14906,-2.8025000000000002,3.2532999999999999
14907,-3.6705999999999999,3.2458999999999998
14908,-4.4766000000000004,3.2421000000000002
14909,-5.1586999999999996,3.2366000000000001
14910,-6.1135000000000002,3.2328000000000001
14911,-7.0250000000000004,3.2273000000000001
14912,-7.7504,3.2235
14913,-8.9222999999999999,3.2161
14914,-9.9144000000000005,3.2105000000000001
14915,-10.596399999999999,3.2067999999999999
14916,-11.9109,3.1974999999999998
14917,-3.6086,3.2347000000000001
14918,-3.4722,3.2366000000000001
14919,-3.4784000000000002,3.2383999999999999
14920,-3.4845999999999999,3.2383999999999999
14921,-3.4784000000000002,3.2383999999999999
14922,-3.4784000000000002,3.2383999999999999
14923,-3.4535999999999998,3.2383999999999999
14924,-3.4535999999999998,3.2403
14925,-3.4535999999999998,3.2383999999999999
14926,-3.4598,3.2383999999999999
14927,-3.4535999999999998,3.2403
14928,-3.4535999999999998,3.2403
14929,-3.4598,3.2403
14930,-3.4535999999999998,3.2403
14931,-3.4535999999999998,3.2403
14932,-3.4535999999999998,3.2383999999999999
14933,-3.4660000000000002,3.2403
14934,-3.4598,3.2403
14935,-3.4598,3.2403
14936,-3.4660000000000002,3.2383999999999999
14937,-3.4598,3.2403
14938,-3.4784000000000002,3.2383999999999999
14939,-3.4784000000000002,3.2403
14940,-3.4722,3.2403
14941,1.3391999999999999,3.2645
14942,1.1718,3.2645
14943,0.89280000000000004,3.2645
14944,0.61380000000000001,3.2645
14945,0.37819999999999998,3.2625999999999999
14946,0.1736,3.2625999999999999
14947,-0.13639999999999999,3.2606999999999999
14948,-0.75639999999999996,3.2589000000000001
14949,-1.0726,3.2570000000000001
14950,-1.3206,3.2570000000000001
14951,-1.4136,3.2551999999999999
14952,-0.62,3.2606999999999999
14953,-0.61380000000000001,3.2606999999999999
14954,-0.62,3.2606999999999999
14955,-0.61380000000000001,3.2606999999999999
14956,-0.61380000000000001,3.2606999999999999
14957,-0.62,3.2606999999999999
14958,-0.62,3.2606999999999999
14959,-0.62,3.2606999999999999
14960,-0.62,3.2606999999999999
14961,-0.61380000000000001,3.2606999999999999
14962,-0.61380000000000001,3.2625999999999999
14963,-0.62,3.2625999999999999
14964,-0.61380000000000001,3.2625999999999999
14965,-0.62,3.2625999999999999
14966,-0.61380000000000001,3.2625999999999999
14967,-0.61380000000000001,3.2625999999999999
14968,-0.61380000000000001,3.2625999999999999
14969,-0.61380000000000001,3.2625999999999999
14970,-0.62,3.2625999999999999
14971,-0.62,3.2625999999999999
14972,-0.62,3.2625999999999999
14973,-1.7484999999999999,3.2589000000000001
14974,-2.1019000000000001,3.2551999999999999
14975,-2.5731000000000002,3.2532999999999999
14976,-2.9823,3.2513999999999998
14977,-3.3792,3.2477
14978,-3.8132000000000001,3.2440000000000002
14979,-4.4084000000000003,3.2403
14980,-4.7432999999999996,3.2383999999999999
14981,-5.1772999999999998,3.2366000000000001
14982,-5.6981000000000002,3.2328000000000001
14983,-6.4236000000000004,3.2290999999999999
14984,-7.5457999999999998,3.2235
14985,-6.4980000000000002,3.2273000000000001
14986,-7.7813999999999997,3.2198000000000002
14987,-8.2960999999999991,3.218
14988,-9.2136999999999993,3.2124000000000001
14989,-9.4556000000000004,3.2105000000000001
14990,-9.9391999999999996,3.2067999999999999
14991,-10.453799999999999,3.2012
14992,-11.4397,3.1956000000000002
14993,-11.607100000000001,3.1938
14994,-12.115500000000001,3.1901000000000002
14995,-12.667400000000001,3.1863000000000001
14996,-13.802,3.1808000000000001
14997,-13.870200000000001,3.1789000000000001
14998,-14.4779,3.1751999999999998
14999,-5.2331000000000003,3.2161
15000,-5.1586999999999996,3.218
15001,-5.1649000000000003,3.2198000000000002
15002,-5.1524999999999999,3.2198000000000002
15003,-5.1524999999999999,3.2198000000000002
15004,-5.1586999999999996,3.2216999999999998
15005,-5.1649000000000003,3.2216999999999998
15006,-5.1401000000000003,3.2216999999999998
15007,-5.1401000000000003,3.2216999999999998
15008,-5.1401000000000003,3.2235
15009,-5.1338999999999997,3.2235
15010,-5.1401000000000003,3.2216999999999998
15011,0.92379999999999995,3.2532999999999999
15012,0.96099999999999997,3.2551999999999999
15013,0.59519999999999995,3.2551999999999999
15014,0.72540000000000004,3.2570000000000001
15015,0.60140000000000005,3.2589000000000001
15016,0.32240000000000002,3.2570000000000001
15017,0.39679999999999999,3.2589000000000001
15018,0.28520000000000001,3.2589000000000001
15019,-3.5962000000000001,3.2383999999999999
15020,-3.6644000000000001,3.2383999999999999
15021,-3.6705999999999999,3.2366000000000001
15022,-3.6581999999999999,3.2366000000000001
15023,-3.6520000000000001,3.2366000000000001
15024,-3.6520000000000001,3.2366000000000001
15025,-3.6520000000000001,3.2366000000000001
15026,-3.6581999999999999,3.2366000000000001
15027,-3.6520000000000001,3.2366000000000001
15028,-3.6581999999999999,3.2366000000000001
15029,-3.6581999999999999,3.2366000000000001
15030,-3.6581999999999999,3.2366000000000001
15031,-3.6581999999999999,3.2366000000000001
15032,1.6431,3.2625999999999999
15033,1.4446000000000001,3.2645
15034,1.2834000000000001,3.2645
15035,0.88039999999999996,3.2625999999999999
15036,0.60140000000000005,3.2625999999999999
15037,0.35959999999999998,3.2625999999999999
15038,0.1116,3.2606999999999999
15039,-0.062,3.2589000000000001
15040,-0.69440000000000002,3.2589000000000001
15041,-1.054,3.2570000000000001
15042,-1.2896000000000001,3.2551999999999999
15043,-1.4136,3.2551999999999999
15044,-0.62,3.2589000000000001
15045,-0.61380000000000001,3.2589000000000001
15046,-0.61380000000000001,3.2589000000000001
15047,-0.61380000000000001,3.2589000000000001
15048,-0.62,3.2589000000000001
15049,-0.61380000000000001,3.2589000000000001
15050,-0.61380000000000001,3.2589000000000001
15051,-0.61380000000000001,3.2589000000000001
15052,-0.61380000000000001,3.2589000000000001
15053,-0.61380000000000001,3.2606999999999999
15054,-0.62,3.2606999999999999
15055,-0.62,3.2606999999999999
15056,-0.61380000000000001,3.2606999999999999
15057,-0.61380000000000001,3.2606999999999999
15058,-0.62,3.2606999999999999
15059,-0.62,3.2606999999999999
15060,-0.61380000000000001,3.2606999999999999
15061,-0.62,3.2606999999999999
15062,-0.62,3.2606999999999999
15063,-0.62,3.2606999999999999
15064,-0.63239999999999996,3.2606999999999999
15065,-0.63859999999999995,3.2606999999999999
15066,-0.63239999999999996,3.2606999999999999
15067,-0.63239999999999996,3.2606999999999999
15068,-0.63239999999999996,3.2625999999999999
15069,-0.63859999999999995,3.2625999999999999
15070,-0.63859999999999995,3.2625999999999999
15071,-0.63859999999999995,3.2625999999999999
15072,-2.2816999999999998,3.2551999999999999
15073,-3.2366000000000001,3.2477
15074,-4.2409999999999997,3.2421000000000002
15075,-5.2393000000000001,3.2366000000000001
15076,-6.2436999999999996,3.2309999999999999
15077,-2.1204999999999998,3.2513999999999998
15078,-2.0709,3.2513999999999998
15079,-5.6422999999999996,3.2347000000000001
15080,-6.3616000000000001,3.2290999999999999
15081,-7.242,3.2235
15082,-7.7194000000000003,3.2216999999999998
15083,-8.4015000000000004,3.2161
15084,-9.0648999999999997,3.2124000000000001
15085,-10.119,3.2067999999999999
15086,-10.553000000000001,3.2012
15087,-11.2041,3.1974999999999998
15088,-3.8069999999999999,3.2309999999999999
15089,-3.7202000000000002,3.2328000000000001
15090,-10.522,3.2012
15091,-11.1111,3.1956000000000002
15092,-11.228899999999999,3.1956000000000002
15093,-12.1837,3.1901000000000002
15094,-12.7356,3.1844999999999999
15095,-13.299799999999999,3.1808000000000001
15096,-13.3432,3.1808000000000001
15097,-14.453099999999999,3.1751999999999998
15098,-5.2579000000000002,3.2161
15099,-5.1401000000000003,3.218
15100,-12.654999999999999,3.1825999999999999
15101,-13.808199999999999,3.177
15102,-13.6966,3.1751999999999998
15103,-14.775499999999999,3.1696
15104,-14.645300000000001,3.1696
15105,-15.1351,3.1659000000000002
15106,-16.306999999999999,3.1602999999999999
15107,-16.133400000000002,3.1566000000000001
15108,-16.660399999999999,3.1547000000000001
15109,-17.894300000000001,3.1473
15110,-17.7331,3.1473
15111,-19.066199999999998,3.1398000000000001
15112,-18.892600000000002,3.1398000000000001
15113,-8.4200999999999997,3.1863000000000001
15114,-8.3332999999999995,3.1882000000000001
15115,-8.3457000000000008,3.1882000000000001
15116,-8.3394999999999992,3.1901000000000002
15117,-8.3394999999999992,3.1901000000000002
15118,-8.3519000000000005,3.1901000000000002
15119,-8.3519000000000005,3.1919
15120,-8.3581000000000003,3.1901000000000002
15121,-8.3519000000000005,3.1919
15122,-8.3457000000000008,3.1919
15123,-8.3457000000000008,3.1919
15124,-8.3519000000000005,3.1919
15125,-8.3457000000000008,3.1919
15126,-8.3457000000000008,3.1919
15127,-8.3457000000000008,3.1919
15128,-8.3519000000000005,3.1919
15129,-8.3457000000000008,3.1919
15130,-8.3457000000000008,3.1919
15131,-8.3457000000000008,3.1919
15132,-8.3519000000000005,3.1919
15133,-8.3457000000000008,3.1919
15134,-8.3581000000000003,3.1919
15135,-8.3519000000000005,3.1919
15136,-8.3519000000000005,3.1919
15137,-8.3519000000000005,3.1919
15138,-8.3457000000000008,3.1919
15139,-8.3519000000000005,3.1919
15140,-8.3457000000000008,3.1919
15141,-8.3519000000000005,3.1919
15142,-8.3519000000000005,3.1919
15143,-8.3581000000000003,3.1919
15144,-8.3519000000000005,3.1919
15145,-8.3581000000000003,3.1919
15146,-8.3457000000000008,3.1919
15147,-8.3332999999999995,3.1919
15148,-8.3332999999999995,3.1919
15149,-8.3332999999999995,3.1919
15150,-8.3332999999999995,3.1919
15151,-8.3270999999999997,3.1919
15152,-8.3394999999999992,3.1919
15153,-8.3332999999999995,3.1919
15154,-8.3332999999999995,3.1919
15155,-8.3270999999999997,3.1919
15156,-8.3394999999999992,3.1919
15157,-8.3332999999999995,3.1919
15158,-8.3332999999999995,3.1919
15159,-8.3332999999999995,3.1919
15160,-8.3332999999999995,3.1901000000000002
15161,-8.3457000000000008,3.1919
15162,-8.3394999999999992,3.1919
15163,3.8441999999999998,3.2513999999999998
15164,3.8565999999999998,3.2551999999999999
15165,3.6892,3.2570000000000001
15166,3.5217999999999998,3.2589000000000001
15167,3.3233999999999999,3.2606999999999999
15168,3.1621999999999999,3.2606999999999999
15169,2.9699,3.2606999999999999
15170,2.7591000000000001,3.2606999999999999
15171,-4.9789000000000003,3.2254
15172,-5.1338999999999997,3.2216999999999998
15173,-5.1401000000000003,3.2198000000000002
15174,-5.1401000000000003,3.2216999999999998
15175,-5.1401000000000003,3.2198000000000002
15176,-5.1463000000000001,3.2198000000000002
15177,-5.1463000000000001,3.2198000000000002
15178,-5.1463000000000001,3.2198000000000002
15179,-5.1401000000000003,3.218
15180,-5.1463000000000001,3.218
15181,-5.1338999999999997,3.218
15182,-5.1401000000000003,3.218
15183,-5.1401000000000003,3.218
15184,-5.1401000000000003,3.218
15185,-5.1401000000000003,3.218
15186,-5.1401000000000003,3.218
15187,-5.1401000000000003,3.218
15188,-5.1338999999999997,3.218
15189,-5.1463000000000001,3.218
15190,-5.1463000000000001,3.218
15191,-5.1401000000000003,3.218
15192,-5.1401000000000003,3.218
15193,-5.1401000000000003,3.218
15194,-5.1401000000000003,3.218
15195,-5.1463000000000001,3.218
15196,-5.1463000000000001,3.218
15197,-5.1401000000000003,3.218
15198,-5.1338999999999997,3.218
15199,-5.1401000000000003,3.218
15200,-5.1524999999999999,3.218
15201,-5.1463000000000001,3.218
15202,-5.1463000000000001,3.218
15203,-5.1401000000000003,3.218
15204,-5.1463000000000001,3.218
15205,-5.1401000000000003,3.218
15206,-5.1463000000000001,3.218
15207,-5.1338999999999997,3.218
15208,-5.1401000000000003,3.218
15209,-5.1401000000000003,3.218
15210,-5.1401000000000003,3.218
15211,-5.1401000000000003,3.218
15212,-5.1401000000000003,3.218
15213,-5.1401000000000003,3.218
15214,-5.1401000000000003,3.218
15215,-5.1401000000000003,3.218
15216,-5.1401000000000003,3.218
15217,-5.1401000000000003,3.218
15218,-5.1401000000000003,3.218
15219,-5.1401000000000003,3.218
15220,-5.1401000000000003,3.218
15221,-5.1524999999999999,3.218
15222,-5.1463000000000001,3.218
15223,-5.1463000000000001,3.218
15224,-5.1401000000000003,3.218
15225,-5.1463000000000001,3.218
15226,-5.1463000000000001,3.218
15227,-5.1463000000000001,3.218
15228,-5.1401000000000003,3.218
15229,-5.1338999999999997,3.218
15230,-5.1401000000000003,3.218
15231,-5.1463000000000001,3.218
15232,-5.1463000000000001,3.218
15233,-5.1338999999999997,3.218
15234,-5.1338999999999997,3.218
15235,-5.1401000000000003,3.218
15236,-5.1401000000000003,3.218
15237,-5.1401000000000003,3.218
15238,-5.1338999999999997,3.218
15239,-5.1401000000000003,3.218
15240,-12.686,3.1808000000000001
15241,-13.864000000000001,3.1732999999999998
15242,-13.74,3.1732999999999998
15243,-14.831300000000001,3.1659000000000002
15244,-14.694900000000001,3.1659000000000002
15245,-15.1723,3.1621999999999999
15246,-16.338000000000001,3.1528999999999998
15247,-16.1768,3.1528999999999998
15248,-16.7286,3.1490999999999998
15249,-17.950099999999999,3.1417000000000002
15250,-17.795100000000001,3.1417000000000002
15251,-19.1158,3.1343000000000001
15252,-18.954599999999999,3.1343000000000001
15253,-8.4758999999999993,3.1808000000000001
15254,-8.3457000000000008,3.1825999999999999
15255,-8.3457000000000008,3.1844999999999999
15256,-8.3519000000000005,3.1844999999999999
15257,-8.3457000000000008,3.1844999999999999
15258,-8.3519000000000005,3.1863000000000001
15259,-8.3519000000000005,3.1863000000000001
15260,-8.3581000000000003,3.1863000000000001
15261,-8.3519000000000005,3.1863000000000001
15262,-8.3519000000000005,3.1863000000000001
15263,-8.3581000000000003,3.1863000000000001
15264,-8.3519000000000005,3.1882000000000001
15265,-8.3519000000000005,3.1863000000000001
15266,-8.3457000000000008,3.1882000000000001
15267,-8.3581000000000003,3.1863000000000001
15268,-8.3581000000000003,3.1863000000000001
15269,-8.3581000000000003,3.1882000000000001
15270,-8.3519000000000005,3.1882000000000001
15271,-8.3581000000000003,3.1882000000000001
15272,-8.3519000000000005,3.1882000000000001
15273,-8.3519000000000005,3.1882000000000001
15274,-8.3519000000000005,3.1863000000000001
15275,-8.3519000000000005,3.1882000000000001
15276,-8.3519000000000005,3.1882000000000001
15277,-8.3519000000000005,3.1882000000000001
15278,-8.3519000000000005,3.1882000000000001
15279,-8.3457000000000008,3.1882000000000001
15280,-8.3519000000000005,3.1863000000000001
15281,-8.3519000000000005,3.1882000000000001
15282,-8.3457000000000008,3.1882000000000001
15283,-8.3457000000000008,3.1882000000000001
15284,-8.3581000000000003,3.1882000000000001
15285,-8.4015000000000004,3.1863000000000001
15286,-8.4015000000000004,3.1863000000000001
15287,-8.4015000000000004,3.1863000000000001
15288,-8.3953000000000007,3.1863000000000001
15289,-8.3953000000000007,3.1863000000000001
15290,-8.3704999999999998,3.1882000000000001
15291,-8.3766999999999996,3.1863000000000001
15292,-8.3766999999999996,3.1863000000000001
15293,-8.3766999999999996,3.1882000000000001
15294,-8.3766999999999996,3.1882000000000001
15295,-8.3704999999999998,3.1863000000000001
15296,-8.3766999999999996,3.1882000000000001
15297,-8.3766999999999996,3.1863000000000001
15298,-8.3766999999999996,3.1863000000000001
15299,-8.3766999999999996,3.1863000000000001
15300,-8.3704999999999998,3.1882000000000001
15301,-8.3890999999999991,3.1863000000000001
15302,-8.3766999999999996,3.1863000000000001
15303,-14.7011,3.1566000000000001
15304,-14.2919,3.1566000000000001
15305,-15.2591,3.1509999999999998
15306,-14.775499999999999,3.1528999999999998
15307,-15.7676,3.1473
15308,-15.3025,3.1473
15309,-16.338000000000001,3.1436000000000002
15310,-16.6294,3.1398000000000001
15311,-16.0838,3.1417000000000002
15312,-17.1812,3.1360999999999999
15313,-16.660399999999999,3.1379999999999999
15314,-17.770299999999999,3.1324000000000001
15315,-17.212299999999999,3.1343000000000001
15316,-18.3779,3.1286999999999998
15317,-18.737500000000001,3.1267999999999998
15318,-18.092700000000001,3.1286999999999998
15319,-19.345199999999998,3.1231
15320,-18.731300000000001,3.125
15321,-19.971399999999999,3.1194000000000002
15322,-19.376200000000001,3.1212
15323,-20.641100000000002,3.1156000000000001
15324,-21.019300000000001,3.1101000000000001
15325,-20.374500000000001,3.1137999999999999
15326,-21.726099999999999,3.1063000000000001
15327,-21.0503,3.1082000000000001
15328,-22.457799999999999,3.1025999999999998
15329,-21.775700000000001,3.1044999999999998
15330,-23.177,3.097
15331,-23.6111,3.0952000000000002
15332,-22.898,3.097
15333,-24.373699999999999,3.0895999999999999
15334,-23.642099999999999,3.0933000000000002
15335,-25.167400000000001,3.0859000000000001
15336,-24.417100000000001,3.0876999999999999
15337,-26.0168,3.0802999999999998
15338,-16.381399999999999,3.1212
15339,-16.294599999999999,3.1231
15340,-16.288399999999999,3.1231
15341,-16.288399999999999,3.1231
15342,-16.2822,3.125
15343,-16.288399999999999,3.125
15344,-16.288399999999999,3.125
15345,-16.294599999999999,3.125
15346,-16.288399999999999,3.125
15347,-16.2822,3.125
15348,-16.2822,3.125
15349,-16.294599999999999,3.125
15350,-16.294599999999999,3.125
15351,-16.294599999999999,3.125
15352,-16.294599999999999,3.125
15353,-16.294599999999999,3.125
15354,-16.306999999999999,3.125
15355,-16.2822,3.125
15356,-16.306999999999999,3.125
15357,-16.288399999999999,3.125
15358,-16.306999999999999,3.125
15359,-16.294599999999999,3.125
15360,-16.294599999999999,3.125
15361,-16.288399999999999,3.125
15362,-16.294599999999999,3.125
15363,-16.294599999999999,3.125
15364,-16.331800000000001,3.125
15365,-16.325600000000001,3.125
15366,-16.331800000000001,3.125
15367,-16.331800000000001,3.125
15368,-27.697099999999999,3.0766
15369,-28.311,3.0710000000000002
15370,-28.8504,3.0653999999999999
15371,-29.4208,3.0617000000000001
15372,-29.9665,3.0579999999999998
15373,-30.543099999999999,3.0543
15374,-31.113499999999998,3.0524
15375,-31.696400000000001,3.0487000000000002
15376,-32.291600000000003,3.0449999999999999
15377,-32.936500000000002,3.0411999999999999
15378,-33.525500000000001,3.0375000000000001
15379,-34.219900000000003,3.0337999999999998
15380,-34.846200000000003,3.0318999999999998
15381,-35.528199999999998,3.0282
15382,-36.235100000000003,3.0245000000000002
15383,-36.929499999999997,3.0188999999999999
15384,-37.642600000000002,3.0152000000000001
15385,-38.399000000000001,3.0114999999999998
15386,-39.149299999999997,3.0078
15387,-39.911900000000003,3.004
15388,-24.7333,3.0617000000000001
15389,-24.658899999999999,3.0636000000000001
15390,-24.652699999999999,3.0653999999999999
15391,-24.658899999999999,3.0653999999999999
15392,-24.658899999999999,3.0653999999999999
15393,-24.652699999999999,3.0653999999999999
15394,-24.658899999999999,3.0653999999999999
15395,-24.683700000000002,3.0691000000000002
15396,-24.689900000000002,3.0653999999999999
15397,-24.689900000000002,3.0653999999999999
15398,2.7591000000000001,3.1863000000000001
15399,3.1932,3.1956000000000002
15400,3.528,3.2012
15401,3.7635999999999998,3.2086999999999999
15402,4.0053999999999998,3.2124000000000001
15403,4.2347999999999999,3.218
15404,4.4394,3.2216999999999998
15405,4.6067999999999998,3.2235
15406,4.7680999999999996,3.2273000000000001
15407,4.8487,3.2290999999999999
15408,4.8859000000000004,3.2328000000000001
15409,4.8734999999999999,3.2347000000000001
15410,4.8548999999999998,3.2347000000000001
15411,4.8114999999999997,3.2366000000000001
15412,4.7309000000000001,3.2383999999999999
15413,4.6440000000000001,3.2383999999999999
15414,9.9268000000000001,3.2663000000000002
15415,9.9144000000000005,3.2682000000000002
15416,8.9657,3.2663000000000002
15417,8.7611000000000008,3.2682000000000002
15418,7.8930999999999996,3.2663000000000002
15419,7.6078000000000001,3.2663000000000002
15420,6.7211999999999996,3.2625999999999999
15421,6.3987999999999996,3.2625999999999999
15422,8.1534999999999993,3.2719
15423,7.0373999999999999,3.2682000000000002
15424,5.8468999999999998,3.2645
15425,4.6688000000000001,3.2606999999999999
15426,3.6892,3.2551999999999999
15427,2.7343000000000002,3.2513999999999998
15428,1.7670999999999999,3.2458999999999998
15429,0.36580000000000001,3.2403
15430,-0.69440000000000002,3.2347000000000001
15431,-1.3826000000000001,3.2309999999999999
15432,-0.62,3.2347000000000001
15433,-0.62,3.2347000000000001
15434,-0.62,3.2347000000000001
15435,-0.62,3.2347000000000001
15436,-0.62,3.2347000000000001
15437,-0.62,3.2347000000000001
15438,-0.62,3.2347000000000001
15439,-0.62,3.2366000000000001
15440,-0.62,3.2366000000000001
15441,-0.62,3.2366000000000001
15442,-0.62,3.2366000000000001
15443,-0.61380000000000001,3.2366000000000001
15444,-0.62,3.2366000000000001
15445,-0.62,3.2366000000000001
15446,-0.62,3.2366000000000001
15447,-0.62,3.2383999999999999
15448,-0.62,3.2383999999999999
15449,-0.62,3.2383999999999999
15450,-0.62,3.2383999999999999
15451,-0.080600000000000005,3.2403
15452,-0.62,3.2383999999999999
15453,-0.62,3.2383999999999999
15454,-0.62,3.2383999999999999
15455,-0.62,3.2403
15456,-0.62,3.2403
15457,-0.62,3.2403
15458,-0.63239999999999996,3.2383999999999999
15459,-0.63859999999999995,3.2403
15460,-0.63239999999999996,3.2403
15461,-0.63239999999999996,3.2403
15462,-0.63859999999999995,3.2403
15463,-0.63239999999999996,3.2403
15464,-2.7157,3.2309999999999999
15465,-4.1604000000000001,3.2254
15466,-5.7477,3.2161
15467,-7.1985999999999999,3.2086999999999999
15468,-2.1204999999999998,3.2309999999999999
15469,-2.0398999999999998,3.2309999999999999
15470,-2.0398999999999998,3.2328000000000001
15471,-2.0337000000000001,3.2328000000000001
15472,-2.0337000000000001,3.2328000000000001
15473,-2.0337000000000001,3.2328000000000001
15474,-2.0398999999999998,3.2328000000000001
15475,-2.0213000000000001,3.2328000000000001
15476,-0.25419999999999998,3.2421000000000002
15477,-0.65720000000000001,3.2403
15478,-1.0105999999999999,3.2383999999999999
15479,-1.2958000000000001,3.2383999999999999
15480,-1.4136,3.2383999999999999
15481,-0.61380000000000001,3.2421000000000002
15482,-0.62,3.2421000000000002
15483,-0.62,3.2421000000000002
15484,-0.61380000000000001,3.2421000000000002
15485,-0.62,3.2421000000000002
15486,-0.62,3.2421000000000002
15487,-0.62,3.2421000000000002
15488,-0.62,3.2440000000000002
15489,-0.62,3.2440000000000002
15490,-0.62,3.2440000000000002
15491,-0.62,3.2440000000000002
15492,-0.62,3.2440000000000002
15493,-0.61380000000000001,3.2440000000000002
15494,-0.61380000000000001,3.2440000000000002
15495,-0.62,3.2440000000000002
15496,-0.61380000000000001,3.2440000000000002
15497,-0.61380000000000001,3.2458999999999998
15498,-0.62,3.2458999999999998
15499,-0.61380000000000001,3.2458999999999998
15500,-0.61380000000000001,3.2458999999999998
15501,-0.62,3.2458999999999998
15502,-2.0522999999999998,3.2403
15503,-2.7715000000000001,3.2366000000000001
15504,-3.6147999999999998,3.2309999999999999
15505,-4.4518000000000004,3.2273000000000001
15506,-5.1401000000000003,3.2235
15507,-6.0639000000000003,3.218
15508,-6.9816000000000003,3.2124000000000001
15509,-7.6883999999999997,3.2086999999999999
15510,-8.8603000000000005,3.2012
15511,-9.8523999999999994,3.1956000000000002
15512,-10.5406,3.1919
15513,-11.8551,3.1844999999999999
15514,-3.5341999999999998,3.2216999999999998
15515,-3.4226000000000001,3.2235
15516,-3.4226000000000001,3.2235
15517,-3.4163999999999999,3.2254
15518,-3.4226000000000001,3.2254
15519,-3.4226000000000001,3.2254
15520,-3.4226000000000001,3.2254
15521,-3.4226000000000001,3.2254
15522,-3.4411999999999998,3.2254
15523,-3.4411999999999998,3.2254
15524,-3.4411999999999998,3.2273000000000001
15525,-3.4411999999999998,3.2273000000000001
15526,-3.4411999999999998,3.2273000000000001
15527,-3.4411999999999998,3.2273000000000001
15528,-3.4411999999999998,3.2273000000000001
15529,-3.4350000000000001,3.2273000000000001
15530,-3.4411999999999998,3.2273000000000001
15531,-3.4163999999999999,3.2273000000000001
15532,-3.4102000000000001,3.2273000000000001
15533,-3.4163999999999999,3.2273000000000001
15534,-3.4163999999999999,3.2273000000000001
15535,-3.4163999999999999,3.2273000000000001
15536,-3.4163999999999999,3.2273000000000001
15537,-3.4102000000000001,3.2273000000000001
15538,1.3206,3.2513999999999998
15539,1.1160000000000001,3.2513999999999998
15540,0.87419999999999998,3.2513999999999998
15541,0.60140000000000005,3.2513999999999998
15542,0.35959999999999998,3.2513999999999998
15543,0.155,3.2477
15544,-0.068199999999999997,3.2458999999999998
15545,-0.75639999999999996,3.2440000000000002
15546,-1.0602,3.2440000000000002
15547,-1.2958000000000001,3.2421000000000002
15548,-1.4198,3.2421000000000002
15549,-0.62619999999999998,3.2458999999999998
15550,-0.62,3.2458999999999998
15551,-0.62,3.2458999999999998
15552,-0.62,3.2458999999999998
15553,-0.62,3.2458999999999998
15554,-0.63859999999999995,3.2458999999999998
15555,-0.63859999999999995,3.2458999999999998
15556,-0.63239999999999996,3.2458999999999998
15557,-0.63859999999999995,3.2458999999999998
15558,-0.63239999999999996,3.2477
15559,-0.63859999999999995,3.2477
15560,-0.63859999999999995,3.2477
15561,-0.63239999999999996,3.2477
15562,-0.63859999999999995,3.2477
15563,-0.63859999999999995,3.2477
15564,-0.63239999999999996,3.2477
15565,-0.63859999999999995,3.2477
15566,-0.63859999999999995,3.2477
15567,-0.63859999999999995,3.2477
15568,-0.63239999999999996,3.2477
15569,-0.63239999999999996,3.2477
15570,-1.7608999999999999,3.2440000000000002
15571,-2.1204999999999998,3.2421000000000002
15572,-2.5979000000000001,3.2383999999999999
15573,-2.9575,3.2366000000000001
15574,-3.4039999999999999,3.2347000000000001
15575,-3.8380000000000001,3.2328000000000001
15576,-4.3898000000000001,3.2290999999999999
15577,-4.6936999999999998,3.2273000000000001
15578,-5.1401000000000003,3.2254
15579,-5.6547000000000001,3.2216999999999998
15580,-6.3677999999999999,3.218
15581,-7.4962,3.2124000000000001
15582,-6.4546000000000001,3.2161
15583,-7.7317999999999998,3.2086999999999999
15584,-8.2589000000000006,3.2067999999999999
15585,-9.1827000000000005,3.1993999999999998
15586,-9.4122000000000003,3.1974999999999998
15587,-9.8957999999999995,3.1938
15588,-10.416600000000001,3.1901000000000002
15589,-11.383900000000001,3.1863000000000001
15590,-11.5017,3.1844999999999999
15591,-12.0473,3.1808000000000001
15592,-12.617800000000001,3.177
15593,-13.709,3.1715
15594,-13.777200000000001,3.1677
15595,-14.415900000000001,3.1659000000000002
15596,-5.2206999999999999,3.2067999999999999
15597,-5.0967000000000002,3.2086999999999999
15598,-5.0904999999999996,3.2105000000000001
15599,-5.0967000000000002,3.2105000000000001
15600,-5.1029,3.2105000000000001
15601,-5.1090999999999998,3.2124000000000001
15602,-5.1029,3.2124000000000001
15603,-5.1029,3.2124000000000001
15604,-5.1029,3.2124000000000001
15605,-5.0967000000000002,3.2124000000000001
15606,-5.1029,3.2124000000000001
15607,-5.0967000000000002,3.2124000000000001
15608,0.93000000000000005,3.2403
15609,0.92379999999999995,3.2440000000000002
15610,0.60140000000000005,3.2440000000000002
15611,0.72540000000000004,3.2440000000000002
15612,0.60140000000000005,3.2458999999999998
15613,0.32240000000000002,3.2458999999999998
15614,0.39679999999999999,3.2458999999999998
15615,0.28520000000000001,3.2458999999999998
15616,-3.5775999999999999,3.2290999999999999
15617,-3.6581999999999999,3.2273000000000001
15618,-3.6520000000000001,3.2273000000000001
15619,-3.6520000000000001,3.2273000000000001
15620,-3.6581999999999999,3.2273000000000001
15621,-3.6644000000000001,3.2273000000000001
15622,-3.6644000000000001,3.2273000000000001
15623,-3.6581999999999999,3.2254
15624,-3.6581999999999999,3.2273000000000001
15625,-3.6581999999999999,3.2254
15626,-3.6520000000000001,3.2254
15627,-3.6581999999999999,3.2254
15628,-3.6581999999999999,3.2254
15629,1.6493,3.2532999999999999
15630,1.4694,3.2532999999999999
15631,1.302,3.2532999999999999
15632,0.89280000000000004,3.2532999999999999
15633,0.62619999999999998,3.2532999999999999
15634,0.37819999999999998,3.2513999999999998
15635,0.13020000000000001,3.2513999999999998
15636,-0.22939999999999999,3.2477
15637,-0.71299999999999997,3.2458999999999998
15638,-1.0726,3.2440000000000002
15639,-1.2958000000000001,3.2421000000000002
15640,-1.4136,3.2421000000000002
15641,-0.61380000000000001,3.2458999999999998
15642,-0.62,3.2477
15643,-0.61380000000000001,3.2477
15644,-0.61380000000000001,3.2477
15645,-0.61380000000000001,3.2477
15646,-0.62,3.2477
15647,-0.62,3.2477
15648,-0.62,3.2477
15649,-0.61380000000000001,3.2477
15650,-0.61380000000000001,3.2477
15651,-0.61380000000000001,3.2477
15652,-0.62,3.2513999999999998
15653,-0.61380000000000001,3.2513999999999998
15654,-0.61380000000000001,3.2513999999999998
15655,-0.62,3.2513999999999998
15656,-0.62,3.2513999999999998
15657,-0.62,3.2513999999999998
15658,-0.61380000000000001,3.2513999999999998
15659,-0.62,3.2513999999999998
15660,-2.6970999999999998,3.2403
15661,-4.1479999999999997,3.2328000000000001
15662,-5.7786999999999997,3.2254
15663,-7.1862000000000004,3.2161
15664,-2.1391,3.2383999999999999
15665,-2.0089000000000001,3.2403
15666,-2.0089000000000001,3.2403
15667,-2.0213000000000001,3.2403
15668,-2.0213000000000001,3.2403
15669,-2.0213000000000001,3.2403
15670,-2.0213000000000001,3.2403
15671,-2.0213000000000001,3.2403
15672,-0.25419999999999998,3.2513999999999998
15673,-0.65720000000000001,3.2477
15674,-1.0167999999999999,3.2458999999999998
15675,-1.2958000000000001,3.2458999999999998
15676,-1.4136,3.2440000000000002
15677,-0.63239999999999996,3.2477
15678,-0.63239999999999996,3.2477
15679,-0.63239999999999996,3.2477
15680,-0.63859999999999995,3.2513999999999998
15681,-0.63239999999999996,3.2513999999999998
15682,-0.63239999999999996,3.2513999999999998
15683,-0.63859999999999995,3.2513999999999998
15684,-0.63859999999999995,3.2513999999999998
15685,-0.63859999999999995,3.2513999999999998
15686,-0.63239999999999996,3.2513999999999998
15687,-0.63859999999999995,3.2513999999999998
15688,-0.63239999999999996,3.2513999999999998
15689,-0.63239999999999996,3.2532999999999999
15690,-0.63239999999999996,3.2513999999999998
15691,-0.63239999999999996,3.2532999999999999
15692,-0.63859999999999995,3.2532999999999999
15693,-0.63859999999999995,3.2532999999999999
15694,-0.63859999999999995,3.2532999999999999
15695,-0.63859999999999995,3.2532999999999999
15696,-0.63239999999999996,3.2532999999999999
15697,-0.61380000000000001,3.2532999999999999
15698,-2.0522999999999998,3.2458999999999998
15699,-2.7776999999999998,3.2421000000000002
15700,-3.621,3.2366000000000001
15701,-4.4580000000000002,3.2328000000000001
15702,-5.1401000000000003,3.2290999999999999
15703,-6.0887000000000002,3.2235
15704,-6.9878,3.218
15705,-7.7008000000000001,3.2141999999999999
15706,-8.9037000000000006,3.2067999999999999
15707,-9.8957999999999995,3.1993999999999998
15708,-10.5344,3.1956000000000002
15709,-11.8551,3.1882000000000001
15710,-3.5341999999999998,3.2254
15711,-3.4163999999999999,3.2273000000000001
15712,-3.4226000000000001,3.2290999999999999
15713,-3.4163999999999999,3.2290999999999999
15714,-3.4163999999999999,3.2290999999999999
15715,-3.4163999999999999,3.2290999999999999
15716,-3.4226000000000001,3.2290999999999999
15717,-3.4226000000000001,3.2290999999999999
15718,-3.4163999999999999,3.2290999999999999
15719,-3.4163999999999999,3.2309999999999999
15720,-3.4102000000000001,3.2290999999999999
15721,-3.4226000000000001,3.2309999999999999
15722,-3.4102000000000001,3.2309999999999999
15723,-3.4226000000000001,3.2309999999999999
15724,-3.4163999999999999,3.2309999999999999
15725,-3.4163999999999999,3.2309999999999999
15726,-3.4163999999999999,3.2309999999999999
15727,-3.4163999999999999,3.2309999999999999
15728,-3.4163999999999999,3.2309999999999999
15729,-3.4163999999999999,3.2309999999999999
15730,-3.4102000000000001,3.2309999999999999
15731,-3.4163999999999999,3.2290999999999999
15732,-3.4163999999999999,3.2309999999999999
15733,-3.4163999999999999,3.2309999999999999
15734,1.3206,3.2551999999999999
15735,1.1594,3.2551999999999999
15736,0.87419999999999998,3.2551999999999999
15737,0.60140000000000005,3.2551999999999999
15738,0.36580000000000001,3.2551999999999999
15739,0.155,3.2532999999999999
15740,-0.068199999999999997,3.2532999999999999
15741,-0.73780000000000001,3.2477
15742,-1.0602,3.2477
15743,-1.302,3.2458999999999998
15744,-1.4198,3.2458999999999998
15745,-0.63239999999999996,3.2477
15746,-0.63239999999999996,3.2513999999999998
15747,-0.63859999999999995,3.2513999999999998
15748,-0.63239999999999996,3.2513999999999998
15749,-0.63239999999999996,3.2513999999999998
15750,-0.63859999999999995,3.2513999999999998
15751,-0.63239999999999996,3.2513999999999998
15752,-0.63859999999999995,3.2513999999999998
15753,-0.63859999999999995,3.2513999999999998
15754,-0.63859999999999995,3.2513999999999998
15755,-0.63859999999999995,3.2513999999999998
15756,-0.63859999999999995,3.2513999999999998
15757,-0.63859999999999995,3.2532999999999999
15758,-0.63859999999999995,3.2532999999999999
15759,-0.63859999999999995,3.2532999999999999
15760,-0.63859999999999995,3.2532999999999999
15761,-0.63859999999999995,3.2532999999999999
15762,-0.63859999999999995,3.2532999999999999
15763,-0.63239999999999996,3.2532999999999999
15764,-0.63859999999999995,3.2532999999999999
15765,-0.63859999999999995,3.2532999999999999
15766,-1.7608999999999999,3.2458999999999998
15767,-2.1204999999999998,3.2440000000000002
15768,-2.5979000000000001,3.2421000000000002
15769,-2.9575,3.2403
15770,-3.4039999999999999,3.2366000000000001
15771,-3.8317999999999999,3.2347000000000001
15772,-4.4394,3.2328000000000001
15773,-4.7184999999999997,3.2290999999999999
15774,-5.1772999999999998,3.2273000000000001
15775,-5.6670999999999996,3.2254
15776,-6.4236000000000004,3.2198000000000002
15777,-7.4900000000000002,3.2141999999999999
15778,-6.4980000000000002,3.218
15779,-7.7317999999999998,3.2124000000000001
15780,-8.2960999999999991,3.2086999999999999
15781,-9.1827000000000005,3.2012
15782,-9.4184000000000001,3.1993999999999998
15783,-9.8895999999999997,3.1956000000000002
15784,-10.416600000000001,3.1919
15785,-11.377700000000001,3.1863000000000001
15786,-11.5389,3.1844999999999999
15787,-12.065899999999999,3.1808000000000001
15788,-12.617800000000001,3.177
15789,-13.7028,3.1715
15790,-13.814399999999999,3.1696
15791,-14.415900000000001,3.1659000000000002
15792,-5.2206999999999999,3.2067999999999999
15793,-5.1090999999999998,3.2105000000000001
15794,-5.0967000000000002,3.2105000000000001
15795,-5.1029,3.2124000000000001
15796,-5.0967000000000002,3.2124000000000001
15797,-5.0967000000000002,3.2124000000000001
15798,-5.1090999999999998,3.2124000000000001
15799,-5.1029,3.2141999999999999
15800,-5.0967000000000002,3.2141999999999999
15801,-5.1029,3.2141999999999999
15802,-5.1029,3.2141999999999999
15803,-5.1029,3.2141999999999999
15804,0.94240000000000002,3.2421000000000002
15805,0.97960000000000003,3.2440000000000002
15806,0.62619999999999998,3.2440000000000002
15807,0.74399999999999999,3.2458999999999998
15808,0.61380000000000001,3.2477
15809,0.34100000000000003,3.2458999999999998
15810,0.42159999999999997,3.2477
15811,0.30380000000000001,3.2477
15812,-3.6023999999999998,3.2309999999999999
15813,-3.6705999999999999,3.2290999999999999
15814,-3.6768000000000001,3.2290999999999999
15815,-3.6768000000000001,3.2273000000000001
15816,-3.6829999999999998,3.2273000000000001
15817,-3.6705999999999999,3.2273000000000001
15818,-3.6768000000000001,3.2273000000000001
15819,-3.6705999999999999,3.2273000000000001
15820,-3.6768000000000001,3.2273000000000001
15821,-3.6705999999999999,3.2273000000000001
15822,-3.6520000000000001,3.2273000000000001
15823,-3.6520000000000001,3.2273000000000001
15824,-3.6581999999999999,3.2273000000000001
15825,1.6431,3.2532999999999999
15826,1.4508000000000001,3.2551999999999999
15827,1.2834000000000001,3.2551999999999999
15828,0.87419999999999998,3.2551999999999999
15829,0.60140000000000005,3.2532999999999999
15830,0.35959999999999998,3.2532999999999999
15831,0.1116,3.2532999999999999
15832,-0.049599999999999998,3.2513999999999998
15833,-0.69440000000000002,3.2477
15834,-1.054,3.2458999999999998
15835,-1.2896000000000001,3.2440000000000002
15836,-1.4136,3.2440000000000002
15837,-0.61380000000000001,3.2477
15838,-0.61380000000000001,3.2477
15839,-0.62,3.2477
15840,-0.62619999999999998,3.2513999999999998
15841,-0.61380000000000001,3.2477
15842,-0.61380000000000001,3.2513999999999998
15843,-0.61380000000000001,3.2513999999999998
15844,-0.62,3.2513999999999998
15845,-0.62619999999999998,3.2513999999999998
15846,-0.62,3.2513999999999998
15847,-0.62,3.2513999999999998
15848,-0.62,3.2513999999999998
15849,-0.62,3.2513999999999998
15850,-0.63859999999999995,3.2513999999999998
15851,-0.63239999999999996,3.2513999999999998
15852,-0.63239999999999996,3.2532999999999999
15853,-0.63859999999999995,3.2532999999999999
15854,-0.63239999999999996,3.2513999999999998
15855,-0.63239999999999996,3.2532999999999999
15856,-2.7033,3.2421000000000002
15857,-4.1479999999999997,3.2347000000000001
15858,-5.7786999999999997,3.2254
15859,-7.1738,3.218
15860,-2.1391,3.2383999999999999
15861,-2.0522999999999998,3.2403
15862,-2.0522999999999998,3.2403
15863,-2.0585,3.2403
15864,-2.0522999999999998,3.2421000000000002
15865,-2.0522999999999998,3.2421000000000002
15866,-2.0522999999999998,3.2421000000000002
15867,-2.0522999999999998,3.2421000000000002
15868,-0.25419999999999998,3.2513999999999998
15869,-0.65100000000000002,3.2513999999999998
15870,-1.0105999999999999,3.2477
15871,-1.2958000000000001,3.2458999999999998
15872,-1.4136,3.2458999999999998
15873,-0.61380000000000001,3.2513999999999998
15874,-0.62,3.2513999999999998
15875,-0.61380000000000001,3.2513999999999998
15876,-0.62619999999999998,3.2532999999999999
15877,-0.62,3.2532999999999999
15878,-0.61380000000000001,3.2532999999999999
15879,-0.62,3.2532999999999999
15880,-0.62,3.2532999999999999
15881,-0.62,3.2532999999999999
15882,-0.62,3.2532999999999999
15883,-0.62,3.2532999999999999
15884,-0.62,3.2532999999999999
15885,-0.62,3.2532999999999999
15886,-0.62,3.2551999999999999
15887,-0.62,3.2532999999999999
15888,-0.63859999999999995,3.2532999999999999
15889,-0.63239999999999996,3.2532999999999999
15890,-0.63239999999999996,3.2532999999999999
15891,-0.63239999999999996,3.2532999999999999
15892,-0.62,3.2551999999999999
15893,-0.63239999999999996,3.2551999999999999
15894,-2.0647000000000002,3.2458999999999998
15895,-2.7715000000000001,3.2421000000000002
15896,-3.621,3.2383999999999999
15897,-4.4580000000000002,3.2328000000000001
15898,-5.1401000000000003,3.2290999999999999
15899,-6.0949,3.2235
15900,-7.0125999999999999,3.2198000000000002
15901,-7.7317999999999998,3.2141999999999999
15902,-8.8975000000000009,3.2067999999999999
15903,-9.8957999999999995,3.1993999999999998
15904,-10.590199999999999,3.1956000000000002
15905,-11.892300000000001,3.1882000000000001
15906,-3.5341999999999998,3.2254
15907,-3.4598,3.2273000000000001
15908,-3.4598,3.2290999999999999
15909,-3.4660000000000002,3.2290999999999999
15910,-3.4598,3.2290999999999999
15911,-3.4598,3.2290999999999999
15912,-3.4535999999999998,3.2309999999999999
15913,-3.4535999999999998,3.2309999999999999
15914,-3.4535999999999998,3.2309999999999999
15915,-3.4660000000000002,3.2309999999999999
15916,-3.4598,3.2290999999999999
15917,-3.4535999999999998,3.2309999999999999
15918,-3.4598,3.2309999999999999
15919,-3.4598,3.2309999999999999
15920,-3.4598,3.2309999999999999
15921,-3.4535999999999998,3.2309999999999999
15922,-3.4598,3.2309999999999999
15923,-3.4535999999999998,3.2309999999999999
15924,-3.4535999999999998,3.2309999999999999
15925,-3.4535999999999998,3.2309999999999999
15926,-3.4598,3.2309999999999999
15927,-3.4598,3.2309999999999999
15928,-3.4535999999999998,3.2309999999999999
15929,-3.4660000000000002,3.2309999999999999
15930,1.3206,3.2551999999999999
15931,1.1594,3.2570000000000001
15932,0.88039999999999996,3.2570000000000001
15933,0.60140000000000005,3.2551999999999999
15934,0.36580000000000001,3.2551999999999999
15935,0.16120000000000001,3.2551999999999999
15936,-0.055800000000000002,3.2532999999999999
15937,-0.73780000000000001,3.2513999999999998
15938,-1.054,3.2477
15939,-1.2896000000000001,3.2458999999999998
15940,-1.4136,3.2458999999999998
15941,-0.62,3.2513999999999998
15942,-0.62,3.2513999999999998
15943,-0.62,3.2513999999999998
15944,-0.61380000000000001,3.2513999999999998
15945,-0.62,3.2532999999999999
15946,-0.62,3.2532999999999999
15947,-0.61380000000000001,3.2532999999999999
15948,-0.62,3.2532999999999999
15949,-0.61380000000000001,3.2532999999999999
15950,-0.62,3.2532999999999999
15951,-0.62,3.2532999999999999
15952,-0.62,3.2532999999999999
15953,-0.62,3.2532999999999999
15954,-0.61380000000000001,3.2532999999999999
15955,-0.62,3.2551999999999999
15956,-0.62619999999999998,3.2532999999999999
15957,-0.62,3.2532999999999999
15958,-0.62,3.2551999999999999
15959,-0.61380000000000001,3.2551999999999999
15960,-0.62,3.2551999999999999
15961,-0.62,3.2551999999999999
15962,-1.7484999999999999,3.2477
15963,-2.1080999999999999,3.2458999999999998
15964,-2.5855000000000001,3.2440000000000002
15965,-2.9388999999999998,3.2403
15966,-3.3792,3.2383999999999999
15967,-3.8193999999999999,3.2347000000000001
15968,-4.4146000000000001,3.2328000000000001
15969,-4.6936999999999998,3.2309999999999999
15970,-5.1772999999999998,3.2273000000000001
15971,-5.6608999999999998,3.2254
15972,-6.4298000000000002,3.2198000000000002
15973,-7.5023999999999997,3.2141999999999999
15974,-6.4980000000000002,3.218
15975,-7.7317999999999998,3.2124000000000001
15976,-8.2960999999999991,3.2086999999999999
15977,-9.1702999999999992,3.2012
15978,-9.4122000000000003,3.1993999999999998
15979,-9.9268000000000001,3.1956000000000002
15980,-10.460000000000001,3.1919
15981,-11.414899999999999,3.1863000000000001
15982,-11.5389,3.1844999999999999
15983,-12.0969,3.1808000000000001
15984,-12.661199999999999,3.177
15985,-13.7462,3.1715
15986,-13.857799999999999,3.1677
15987,-14.453099999999999,3.1640000000000001
15988,-5.2206999999999999,3.2067999999999999
15989,-5.1463000000000001,3.2086999999999999
15990,-5.1401000000000003,3.2105000000000001
15991,-5.1401000000000003,3.2105000000000001
15992,-5.1463000000000001,3.2124000000000001
15993,-5.1463000000000001,3.2124000000000001
15994,-5.1463000000000001,3.2124000000000001
15995,-5.1524999999999999,3.2124000000000001
15996,-5.1463000000000001,3.2124000000000001
15997,-5.1401000000000003,3.2124000000000001
15998,-5.1463000000000001,3.2141999999999999
15999,-5.1401000000000003,3.2141999999999999
16000,0.92379999999999995,3.2421000000000002
16001,0.96099999999999997,3.2458999999999998
16002,0.60140000000000005,3.2440000000000002
16003,0.72540000000000004,3.2458999999999998
16004,0.60140000000000005,3.2477
16005,0.31619999999999998,3.2477
16006,0.39679999999999999,3.2477
16007,0.27900000000000003,3.2477
16008,-3.5775999999999999,3.2309999999999999
16009,-3.6520000000000001,3.2290999999999999
16010,-3.6581999999999999,3.2290999999999999
16011,-3.6581999999999999,3.2273000000000001
16012,-3.6581999999999999,3.2273000000000001
16013,-3.6520000000000001,3.2273000000000001
16014,-3.6581999999999999,3.2273000000000001
16015,-3.6581999999999999,3.2273000000000001
16016,-3.6581999999999999,3.2273000000000001
16017,-3.6644000000000001,3.2273000000000001
16018,-3.6581999999999999,3.2273000000000001
16019,-3.6581999999999999,3.2273000000000001
16020,-3.6520000000000001,3.2273000000000001
16021,1.6431,3.2532999999999999
16022,1.4446000000000001,3.2551999999999999
16023,1.2834000000000001,3.2551999999999999
16024,0.87419999999999998,3.2551999999999999
16025,0.60140000000000005,3.2551999999999999
16026,0.36580000000000001,3.2532999999999999
16027,0.1116,3.2532999999999999
16028,-0.062,3.2513999999999998
16029,-0.7006,3.2477
16030,-1.054,3.2458999999999998
16031,-1.2958000000000001,3.2458999999999998
16032,-1.4136,3.2440000000000002
16033,-0.62,3.2477
16034,-0.61380000000000001,3.2477
16035,-0.61380000000000001,3.2477
16036,-0.62619999999999998,3.2513999999999998
16037,-0.62,3.2513999999999998
16038,-0.62,3.2513999999999998
16039,-0.62,3.2513999999999998
16040,-0.62,3.2513999999999998
16041,-0.62619999999999998,3.2513999999999998
16042,-0.62,3.2513999999999998
16043,-0.62,3.2513999999999998
16044,-0.62,3.2513999999999998
16045,-0.62,3.2513999999999998
16046,-0.62,3.2513999999999998
16047,-0.62,3.2513999999999998
16048,-0.61380000000000001,3.2532999999999999
16049,-0.61380000000000001,3.2532999999999999
16050,-0.62,3.2532999999999999
16051,-0.62,3.2532999999999999
16052,-2.6970999999999998,3.2421000000000002
16053,-4.1417999999999999,3.2347000000000001
16054,-5.7849000000000004,3.2254
16055,-7.2110000000000003,3.218
16056,-2.1391,3.2403
16057,-2.0585,3.2403
16058,-2.0585,3.2403
16059,-2.0522999999999998,3.2403
16060,-2.0522999999999998,3.2403
16061,-2.0522999999999998,3.2421000000000002
16062,-2.0585,3.2421000000000002
16063,-2.0522999999999998,3.2421000000000002
16064,-0.24179999999999999,3.2513999999999998
16065,-0.65720000000000001,3.2513999999999998
16066,-1.0105999999999999,3.2477
16067,-1.2896000000000001,3.2458999999999998
16068,-1.4136,3.2458999999999998
16069,-0.62,3.2513999999999998
16070,-0.62,3.2513999999999998
16071,-0.62,3.2532999999999999
16072,-0.61380000000000001,3.2532999999999999
16073,-0.62,3.2532999999999999
16074,-0.61380000000000001,3.2532999999999999
16075,-0.62,3.2532999999999999
16076,-0.62,3.2532999999999999
16077,-0.62,3.2532999999999999
16078,-0.62,3.2532999999999999
16079,-0.62,3.2532999999999999
16080,-0.62,3.2532999999999999
16081,-0.62,3.2532999999999999
16082,-0.63239999999999996,3.2551999999999999
16083,-0.63239999999999996,3.2532999999999999
16084,-0.63239999999999996,3.2551999999999999
16085,-0.63239999999999996,3.2551999999999999
16086,-0.63239999999999996,3.2532999999999999
16087,-0.63859999999999995,3.2551999999999999
16088,-0.62,3.2551999999999999
16089,-0.61380000000000001,3.2551999999999999
16090,-2.1019000000000001,3.2458999999999998
16091,-2.7715000000000001,3.2421000000000002
16092,-3.6520000000000001,3.2383999999999999
16093,-4.4455999999999998,3.2328000000000001
16094,-5.1401000000000003,3.2290999999999999
16095,-6.0949,3.2235
16096,-7.0187999999999997,3.218
16097,-7.7317999999999998,3.2141999999999999
16098,-8.8912999999999993,3.2067999999999999
16099,-9.9019999999999992,3.1993999999999998
16100,-10.5778,3.1938
16101,-11.892300000000001,3.1863000000000001
16102,-3.5838000000000001,3.2254
16103,-3.4598,3.2273000000000001
16104,-3.4598,3.2273000000000001
16105,-3.4598,3.2290999999999999
16106,-3.4598,3.2290999999999999
16107,-3.4598,3.2290999999999999
16108,-3.4598,3.2290999999999999
16109,-3.4660000000000002,3.2290999999999999
16110,-3.4598,3.2290999999999999
16111,-3.4660000000000002,3.2290999999999999
16112,-3.4660000000000002,3.2309999999999999
16113,-3.4660000000000002,3.2309999999999999
16114,-3.4660000000000002,3.2309999999999999
16115,-3.4598,3.2309999999999999
16116,-3.4598,3.2309999999999999
16117,-3.4598,3.2309999999999999
16118,-3.4598,3.2309999999999999
16119,-3.4598,3.2309999999999999
16120,-3.4598,3.2309999999999999
16121,-3.4598,3.2309999999999999
16122,-3.4660000000000002,3.2309999999999999
16123,-3.4598,3.2309999999999999
16124,-3.4660000000000002,3.2309999999999999
16125,-3.4660000000000002,3.2309999999999999
16126,1.3206,3.2551999999999999
16127,1.1594,3.2551999999999999
16128,0.88039999999999996,3.2570000000000001
16129,0.59519999999999995,3.2551999999999999
16130,0.35959999999999998,3.2551999999999999
16131,0.16120000000000001,3.2551999999999999
16132,-0.055800000000000002,3.2532999999999999
16133,-0.73780000000000001,3.2513999999999998
16134,-1.054,3.2477
16135,-1.2896000000000001,3.2458999999999998
16136,-1.4198,3.2458999999999998
16137,-0.62,3.2513999999999998
16138,-0.62,3.2513999999999998
16139,-0.62,3.2513999999999998
16140,-0.62,3.2513999999999998
16141,-0.62,3.2513999999999998
16142,-0.62,3.2532999999999999
16143,-0.62,3.2532999999999999
16144,-0.62619999999999998,3.2532999999999999
16145,-0.62,3.2532999999999999
16146,-0.62,3.2532999999999999
16147,-0.62,3.2532999999999999
16148,-0.63859999999999995,3.2532999999999999
16149,-0.63239999999999996,3.2532999999999999
16150,-0.63239999999999996,3.2532999999999999
16151,-0.63859999999999995,3.2532999999999999
16152,-0.63239999999999996,3.2532999999999999
16153,-0.63239999999999996,3.2532999999999999
16154,-0.63239999999999996,3.2532999999999999
16155,-0.63859999999999995,3.2532999999999999
16156,-0.63239999999999996,3.2532999999999999
16157,-0.63859999999999995,3.2551999999999999
16158,-1.7608999999999999,3.2477
16159,-2.1143000000000001,3.2458999999999998
16160,-2.5979000000000001,3.2421000000000002
16161,-3.0009000000000001,3.2403
16162,-3.3978000000000002,3.2383999999999999
16163,-3.8380000000000001,3.2347000000000001
16164,-4.4394,3.2328000000000001
16165,-4.7618999999999998,3.2290999999999999
16166,-5.2020999999999997,3.2273000000000001
16167,-5.7104999999999997,3.2235
16168,-6.4421999999999997,3.2198000000000002
16169,-7.5582000000000003,3.2141999999999999
16170,-6.5166000000000004,3.2161
16171,-7.7999999999999998,3.2105000000000001
16172,-8.3209,3.2067999999999999
16173,-9.2323000000000004,3.1993999999999998
16174,-9.4741999999999997,3.1974999999999998
16175,-9.9578000000000007,3.1938
16176,-10.466200000000001,3.1901000000000002
16177,-11.4397,3.1844999999999999
16178,-11.607100000000001,3.1825999999999999
16179,-12.115500000000001,3.1789000000000001
16180,-12.6736,3.1751999999999998
16181,-13.777200000000001,3.1696
16182,-13.864000000000001,3.1677
16183,-14.453099999999999,3.1640000000000001
16184,-5.2206999999999999,3.2031000000000001
16185,-5.1401000000000003,3.2086999999999999
16186,-5.1401000000000003,3.2086999999999999
16187,-5.1401000000000003,3.2105000000000001
16188,-5.1524999999999999,3.2105000000000001
16189,-5.1401000000000003,3.2105000000000001
16190,-5.1401000000000003,3.2105000000000001
16191,-5.1401000000000003,3.2124000000000001
16192,-5.1401000000000003,3.2124000000000001
16193,-5.1401000000000003,3.2124000000000001
16194,-5.1401000000000003,3.2124000000000001
16195,-5.1338999999999997,3.2124000000000001
16196,0.92379999999999995,3.2421000000000002
16197,0.96099999999999997,3.2440000000000002
16198,0.60140000000000005,3.2440000000000002
16199,0.73160000000000003,3.2458999999999998
16200,0.60760000000000003,3.2458999999999998
16201,0.32240000000000002,3.2458999999999998
16202,0.39679999999999999,3.2477
16203,0.28520000000000001,3.2477
16204,-3.5899999999999999,3.2290999999999999
16205,-3.6581999999999999,3.2290999999999999
16206,-3.6581999999999999,3.2273000000000001
16207,-3.6581999999999999,3.2273000000000001
16208,-3.6581999999999999,3.2273000000000001
16209,-3.6581999999999999,3.2273000000000001
16210,-3.6581999999999999,3.2273000000000001
16211,-3.6581999999999999,3.2273000000000001
16212,-3.6581999999999999,3.2273000000000001
16213,-3.6705999999999999,3.2273000000000001
16214,-3.6705999999999999,3.2273000000000001
16215,-3.6705999999999999,3.2254
16216,-3.6705999999999999,3.2254
16217,1.6431,3.2532999999999999
16218,1.4446000000000001,3.2551999999999999
16219,1.2896000000000001,3.2551999999999999
16220,0.89280000000000004,3.2551999999999999
16221,0.60140000000000005,3.2532999999999999
16222,0.37819999999999998,3.2532999999999999
16223,0.13020000000000001,3.2532999999999999
16224,-0.26040000000000002,3.2513999999999998
16225,-0.71299999999999997,3.2477
16226,-1.0726,3.2458999999999998
16227,-1.3206,3.2440000000000002
16228,-1.4321999999999999,3.2440000000000002
16229,-0.62,3.2477
16230,-0.61380000000000001,3.2477
16231,-0.61380000000000001,3.2477
16232,-0.62,3.2477
16233,-0.61380000000000001,3.2477
16234,-0.62,3.2477
16235,-0.61380000000000001,3.2513999999999998
16236,-0.62,3.2513999999999998
16237,-0.61380000000000001,3.2513999999999998
16238,-0.61380000000000001,3.2513999999999998
16239,-0.61380000000000001,3.2513999999999998
16240,-0.62,3.2513999999999998
16241,-0.61380000000000001,3.2513999999999998
16242,-0.61380000000000001,3.2513999999999998
16243,-0.61380000000000001,3.2513999999999998
16244,-0.62,3.2532999999999999
16245,-0.61380000000000001,3.2513999999999998
16246,-0.61380000000000001,3.2532999999999999
16247,-0.62,3.2532999999999999
16248,-0.61380000000000001,3.2532999999999999
16249,-0.61380000000000001,3.2532999999999999
16250,-0.61380000000000001,3.2532999999999999
16251,-0.62,3.2532999999999999
16252,-0.61380000000000001,3.2532999999999999
16253,-0.61380000000000001,3.2532999999999999
16254,-0.62,3.2532999999999999
16255,-0.61380000000000001,3.2532999999999999
16256,-0.62,3.2532999999999999
16257,-2.2631000000000001,3.2440000000000002
16258,-3.2056,3.2383999999999999
16259,-4.2224000000000004,3.2328000000000001
16260,-5.2145000000000001,3.2290999999999999
16261,-6.2188999999999997,3.2216999999999998
16262,-2.1019000000000001,3.2403
16263,-2.0585,3.2403
16264,-5.6113,3.2235
16265,-6.343,3.2198000000000002
16266,-7.2233999999999998,3.2141999999999999
16267,-7.6883999999999997,3.2105000000000001
16268,-8.3766999999999996,3.2067999999999999
16269,-9.0463000000000005,3.2012
16270,-10.087999999999999,3.1938
16271,-10.5344,3.1901000000000002
16272,-11.185499999999999,3.1863000000000001
16273,-3.7884000000000002,3.2216999999999998
16274,-3.6953999999999998,3.2235
16275,-10.509600000000001,3.1901000000000002
16276,-11.104900000000001,3.1863000000000001
16277,-11.228899999999999,3.1844999999999999
16278,-12.202299999999999,3.177
16279,-12.747999999999999,3.1732999999999998
16280,-13.3184,3.1696
16281,-13.361800000000001,3.1677
16282,-14.4779,3.1621999999999999
16283,-5.2827000000000002,3.2031000000000001
16284,-5.1586999999999996,3.2067999999999999
16285,-12.6798,3.1715
16286,-13.8392,3.1640000000000001
16287,-13.721399999999999,3.1621999999999999
16288,-14.7879,3.1547000000000001
16289,-14.6701,3.1547000000000001
16290,-15.1599,3.1509999999999998
16291,-16.313199999999998,3.1454
16292,-16.152000000000001,3.1436000000000002
16293,-16.678999999999998,3.1398000000000001
16294,-17.9129,3.1343000000000001
16295,-17.757899999999999,3.1343000000000001
16296,-19.084800000000001,3.1267999999999998
16297,-18.880199999999999,3.125
16298,-8.4138999999999999,3.1732999999999998
16299,-8.3332999999999995,3.1751999999999998
16300,-8.3209,3.177
16301,-8.3332999999999995,3.177
16302,-8.3332999999999995,3.177
16303,-8.3332999999999995,3.1789000000000001
16304,-8.3270999999999997,3.1789000000000001
16305,-8.3394999999999992,3.1789000000000001
16306,-8.3394999999999992,3.1789000000000001
16307,-8.3394999999999992,3.1789000000000001
16308,-8.3457000000000008,3.1808000000000001
16309,-8.3270999999999997,3.1808000000000001
16310,-8.3332999999999995,3.1808000000000001
16311,-8.3394999999999992,3.1808000000000001
16312,-8.3519000000000005,3.1808000000000001
16313,-8.3519000000000005,3.1808000000000001
16314,-8.3457000000000008,3.1808000000000001
16315,-8.3519000000000005,3.1808000000000001
16316,-8.3519000000000005,3.1789000000000001
16317,-8.3581000000000003,3.1789000000000001
16318,-8.3457000000000008,3.1808000000000001
16319,-8.3581000000000003,3.1789000000000001
16320,-8.3457000000000008,3.1789000000000001
16321,-8.3581000000000003,3.1789000000000001
16322,-8.3519000000000005,3.1808000000000001
16323,-8.3519000000000005,3.1789000000000001
16324,-8.3457000000000008,3.1789000000000001
16325,-8.3270999999999997,3.1789000000000001
16326,-8.3332999999999995,3.1789000000000001
16327,-8.3394999999999992,3.1808000000000001
16328,-8.3332999999999995,3.1808000000000001
16329,-8.3332999999999995,3.1789000000000001
16330,-8.3332999999999995,3.1789000000000001
16331,-8.3394999999999992,3.1789000000000001
16332,-8.3332999999999995,3.1789000000000001
16333,-8.3332999999999995,3.1789000000000001
16334,-8.3332999999999995,3.1789000000000001
16335,-8.3270999999999997,3.1789000000000001
16336,-8.3332999999999995,3.1789000000000001
16337,-8.3332999999999995,3.1789000000000001
16338,-8.3270999999999997,3.1789000000000001
16339,-8.3332999999999995,3.1789000000000001
16340,-8.3332999999999995,3.1789000000000001
16341,-8.3394999999999992,3.1789000000000001
16342,-8.3270999999999997,3.1789000000000001
16343,-8.3332999999999995,3.1789000000000001
16344,-8.3332999999999995,3.1789000000000001
16345,-8.3332999999999995,3.1789000000000001
16346,-8.3394999999999992,3.1789000000000001
16347,-8.3394999999999992,3.1789000000000001
16348,3.8380000000000001,3.2366000000000001
16349,3.8441999999999998,3.2421000000000002
16350,3.6892,3.2440000000000002
16351,3.528,3.2458999999999998
16352,3.3233999999999999,3.2477
16353,3.1684000000000001,3.2477
16354,2.9636999999999998,3.2513999999999998
16355,2.7652999999999999,3.2513999999999998
16356,-4.9726999999999997,3.2141999999999999
16357,-5.1463000000000001,3.2105000000000001
16358,-5.1401000000000003,3.2105000000000001
16359,-5.1401000000000003,3.2086999999999999
16360,-5.1401000000000003,3.2086999999999999
16361,-5.1401000000000003,3.2086999999999999
16362,-5.1463000000000001,3.2086999999999999
16363,-5.1401000000000003,3.2067999999999999
16364,-5.1463000000000001,3.2067999999999999
16365,-5.1463000000000001,3.2067999999999999
16366,-5.1586999999999996,3.2067999999999999
16367,-5.1649000000000003,3.2067999999999999
16368,-5.1586999999999996,3.2067999999999999
16369,-5.1586999999999996,3.2067999999999999
16370,-5.1586999999999996,3.2067999999999999
16371,-5.1524999999999999,3.2031000000000001
16372,-5.1649000000000003,3.2067999999999999
16373,-5.1586999999999996,3.2067999999999999
16374,-5.1586999999999996,3.2067999999999999
16375,-5.1586999999999996,3.2067999999999999
16376,-5.1649000000000003,3.2067999999999999
16377,-5.1711,3.2067999999999999
16378,-5.1586999999999996,3.2031000000000001
16379,-5.1586999999999996,3.2031000000000001
16380,-5.1401000000000003,3.2067999999999999
16381,-5.1401000000000003,3.2067999999999999
16382,-5.1401000000000003,3.2067999999999999
16383,-5.1463000000000001,3.2067999999999999
16384,-5.1401000000000003,3.2067999999999999
16385,-5.1463000000000001,3.2067999999999999
16386,-5.1463000000000001,3.2067999999999999
16387,-5.1401000000000003,3.2031000000000001
16388,-5.1338999999999997,3.2067999999999999
16389,-5.1401000000000003,3.2067999999999999
16390,-5.1401000000000003,3.2067999999999999
16391,-5.1463000000000001,3.2067999999999999
16392,-5.1401000000000003,3.2067999999999999
16393,-5.1524999999999999,3.2031000000000001
16394,-5.1586999999999996,3.2067999999999999
16395,-5.1524999999999999,3.2067999999999999
16396,-5.1463000000000001,3.2031000000000001
16397,-5.1401000000000003,3.2031000000000001
16398,-5.1338999999999997,3.2067999999999999
16399,-5.1338999999999997,3.2031000000000001
16400,-5.1401000000000003,3.2067999999999999
16401,-5.1401000000000003,3.2067999999999999
16402,-5.1401000000000003,3.2067999999999999
16403,-5.1401000000000003,3.2067999999999999
16404,-5.1463000000000001,3.2067999999999999
16405,-5.1401000000000003,3.2067999999999999
16406,-5.1401000000000003,3.2031000000000001
16407,-5.1401000000000003,3.2031000000000001
16408,-5.1401000000000003,3.2031000000000001
16409,-5.1401000000000003,3.2031000000000001
16410,-5.1401000000000003,3.2031000000000001
16411,-5.1401000000000003,3.2067999999999999
16412,-5.1401000000000003,3.2031000000000001
16413,-5.1401000000000003,3.2067999999999999
16414,-5.1338999999999997,3.2031000000000001
16415,-5.1401000000000003,3.2067999999999999
16416,-5.1463000000000001,3.2067999999999999
16417,-5.1463000000000001,3.2067999999999999
16418,-5.1401000000000003,3.2031000000000001
16419,-5.1401000000000003,3.2067999999999999
16420,-5.1401000000000003,3.2067999999999999
16421,-5.1463000000000001,3.2067999999999999
16422,-5.1401000000000003,3.2031000000000001
16423,-5.1401000000000003,3.2031000000000001
16424,-5.1401000000000003,3.2031000000000001
16425,-12.698399999999999,3.1696
16426,-13.851599999999999,3.1602999999999999
16427,-13.7338,3.1566000000000001
16428,-14.818899999999999,3.1509999999999998
16429,-14.7011,3.1490999999999998
16430,-15.1785,3.1454
16431,-16.338000000000001,3.1398000000000001
16432,-16.1768,3.1379999999999999
16433,-16.703800000000001,3.1343000000000001
16434,-17.9377,3.1286999999999998
16435,-17.776499999999999,3.1267999999999998
16436,-19.097200000000001,3.1212
16437,-18.948399999999999,3.1194000000000002
16438,-8.4821000000000009,3.1659000000000002
16439,-8.3457000000000008,3.1696
16440,-8.3457000000000008,3.1715
16441,-8.3457000000000008,3.1715
16442,-8.3519000000000005,3.1715
16443,-8.3519000000000005,3.1715
16444,-8.3581000000000003,3.1732999999999998
16445,-8.3519000000000005,3.1732999999999998
16446,-8.3519000000000005,3.1732999999999998
16447,-8.3457000000000008,3.1732999999999998
16448,-8.3581000000000003,3.1732999999999998
16449,-8.3457000000000008,3.1732999999999998
16450,-8.3519000000000005,3.1732999999999998
16451,-8.3519000000000005,3.1732999999999998
16452,-8.3519000000000005,3.1732999999999998
16453,-8.3581000000000003,3.1732999999999998
16454,-8.3581000000000003,3.1732999999999998
16455,-8.3519000000000005,3.1751999999999998
16456,-8.3519000000000005,3.1732999999999998
16457,-8.3519000000000005,3.1732999999999998
16458,-8.3581000000000003,3.1732999999999998
16459,-8.3519000000000005,3.1751999999999998
16460,-8.3581000000000003,3.1751999999999998
16461,-8.3581000000000003,3.1732999999999998
16462,-8.3519000000000005,3.1751999999999998
16463,-8.3519000000000005,3.1751999999999998
16464,-8.3519000000000005,3.1732999999999998
16465,-8.3519000000000005,3.1732999999999998
16466,-8.3332999999999995,3.1732999999999998
16467,-8.3332999999999995,3.1751999999999998
16468,-8.3270999999999997,3.1751999999999998
16469,-8.3332999999999995,3.1732999999999998
16470,-8.3704999999999998,3.1732999999999998
16471,-8.3704999999999998,3.1732999999999998
16472,-8.3704999999999998,3.1732999999999998
16473,-8.3766999999999996,3.1732999999999998
16474,-8.3890999999999991,3.1732999999999998
16475,-8.3766999999999996,3.1732999999999998
16476,-8.3766999999999996,3.1732999999999998
16477,-8.3704999999999998,3.1732999999999998
16478,-8.3766999999999996,3.1732999999999998
16479,-8.3766999999999996,3.1732999999999998
16480,-8.3890999999999991,3.1732999999999998
16481,-8.3890999999999991,3.1732999999999998
16482,-8.3766999999999996,3.1732999999999998
16483,-8.3766999999999996,3.1732999999999998
16484,-8.3766999999999996,3.1732999999999998
16485,-8.3704999999999998,3.1732999999999998
16486,-8.3766999999999996,3.1732999999999998
16487,-8.3890999999999991,3.1732999999999998
16488,-14.7073,3.1436000000000002
16489,-14.2981,3.1417000000000002
16490,-15.246700000000001,3.1360999999999999
16491,-14.775499999999999,3.1379999999999999
16492,-15.7986,3.1324000000000001
16493,-15.321099999999999,3.1324000000000001
16494,-16.3504,3.1267999999999998
16495,-16.6356,3.125
16496,-16.120999999999999,3.1267999999999998
16497,-17.1937,3.1212
16498,-16.672799999999999,3.1231
16499,-17.795100000000001,3.1175000000000002
16500,-17.237100000000002,3.1194000000000002
16501,-18.3965,3.1137999999999999
16502,-18.75,3.1082000000000001
16503,-18.1113,3.1101000000000001
16504,-19.357600000000001,3.1044999999999998
16505,-18.7562,3.1063000000000001
16506,-19.996200000000002,3.1008
16507,-19.3948,3.1025999999999998
16508,-20.653500000000001,3.097
16509,-21.025500000000001,3.0933000000000002
16510,-20.380700000000001,3.0952000000000002
16511,-21.738499999999998,3.0895999999999999
16512,-21.068899999999999,3.0914999999999999
16513,-22.476400000000002,3.0840000000000001
16514,-21.8005,3.0876999999999999
16515,-23.189399999999999,3.0802999999999998
16516,-23.642099999999999,3.0766
16517,-22.916599999999999,3.0802999999999998
16518,-24.398499999999999,3.0729000000000002
16519,-23.679300000000001,3.0747
16520,-25.198399999999999,3.0691000000000002
16521,-24.423300000000001,3.0710000000000002
16522,-26.0168,3.0617000000000001
16523,-16.3752,3.1025999999999998
16524,-16.294599999999999,3.1044999999999998
16525,-16.288399999999999,3.1063000000000001
16526,-16.306999999999999,3.1063000000000001
16527,-16.288399999999999,3.1063000000000001
16528,-16.288399999999999,3.1063000000000001
16529,-16.288399999999999,3.1063000000000001
16530,-16.294599999999999,3.1063000000000001
16531,-16.294599999999999,3.1082000000000001
16532,-16.294599999999999,3.1063000000000001
16533,-16.294599999999999,3.1063000000000001
16534,-16.294599999999999,3.1063000000000001
16535,-16.313199999999998,3.1082000000000001
16536,-16.306999999999999,3.1063000000000001
16537,-16.306999999999999,3.1063000000000001
16538,-16.306999999999999,3.1063000000000001
16539,-16.294599999999999,3.1063000000000001
16540,-16.294599999999999,3.1063000000000001
16541,-16.313199999999998,3.1063000000000001
16542,-16.294599999999999,3.1063000000000001
16543,-16.288399999999999,3.1063000000000001
16544,-16.306999999999999,3.1063000000000001
16545,-16.288399999999999,3.1063000000000001
16546,-16.288399999999999,3.1063000000000001
16547,-16.288399999999999,3.1063000000000001
16548,-16.288399999999999,3.1063000000000001
16549,-16.331800000000001,3.1063000000000001
16550,-16.331800000000001,3.1063000000000001
16551,-16.344200000000001,3.1063000000000001
16552,-16.331800000000001,3.1063000000000001
16553,-27.709499999999998,3.0579999999999998
16554,-28.335799999999999,3.0524
16555,-28.8504,3.0487000000000002
16556,-29.4146,3.0430999999999999
16557,-29.9727,3.0411999999999999
16558,-30.5307,3.0375000000000001
16559,-31.125900000000001,3.0337999999999998
16560,-31.690200000000001,3.0301
16561,-32.291600000000003,3.0264000000000002
16562,-32.942700000000002,3.0226000000000002
16563,-33.5441,3.0171000000000001
16564,-34.226100000000002,3.0133000000000001
16565,-34.852400000000003,3.0095999999999998
16566,-35.515799999999999,3.0059
16567,-36.228900000000003,3.0022000000000002
16568,-36.935699999999997,2.9984999999999999
16569,-37.642600000000002,2.9946999999999999
16570,-38.399000000000001,2.9910000000000001
16571,-39.155500000000004,2.9872999999999998
16572,-39.924300000000002,2.9836
16573,-24.7333,3.0411999999999999
16574,-24.652699999999999,3.0449999999999999
16575,-24.652699999999999,3.0449999999999999
16576,-24.652699999999999,3.0468000000000002
16577,-24.6403,3.0468000000000002
16578,-24.652699999999999,3.0468000000000002
16579,-24.658899999999999,3.0468000000000002
16580,-24.696100000000001,3.0468000000000002
16581,-24.689900000000002,3.0468000000000002
16582,-24.677499999999998,3.0468000000000002
16583,2.7591000000000001,3.1696
16584,3.2056,3.1789000000000001
16585,3.5217999999999998,3.1863000000000001
16586,3.7635999999999998,3.1919
16587,4.0115999999999996,3.1974999999999998
16588,4.2347999999999999,3.2012
16589,4.4332000000000003,3.2067999999999999
16590,4.6067999999999998,3.2105000000000001
16591,4.7680999999999996,3.2141999999999999
16592,4.8425000000000002,3.2161
16593,4.8796999999999997,3.218
16594,4.8859000000000004,3.2216999999999998
16595,4.8487,3.2216999999999998
16596,4.8052999999999999,3.2254
16597,4.7247000000000003,3.2254
16598,4.6440000000000001,3.2273000000000001
16599,9.9082000000000008,3.2532999999999999
16600,9.9206000000000003,3.2570000000000001
16601,8.9595000000000002,3.2551999999999999
16602,8.7611000000000008,3.2551999999999999
16603,7.8807,3.2551999999999999
16604,7.6016000000000004,3.2551999999999999
16605,6.7336,3.2513999999999998
16606,6.4050000000000002,3.2513999999999998
16607,8.1534999999999993,3.2606999999999999
16608,7.0373999999999999,3.2570000000000001
16609,5.8407,3.2532999999999999
16610,4.6811999999999996,3.2477
16611,3.6829999999999998,3.2421000000000002
16612,2.7281,3.2383999999999999
16613,1.7608999999999999,3.2347000000000001
16614,0.35959999999999998,3.2290999999999999
16615,-0.7006,3.2235
16616,-1.3888,3.2198000000000002
16617,-0.62,3.2235
16618,-0.62,3.2235
16619,-0.62,3.2235
16620,-0.62,3.2235
16621,-0.62,3.2235
16622,-0.63239999999999996,3.2235
16623,-0.63859999999999995,3.2235
16624,-0.63859999999999995,3.2235
16625,-0.63859999999999995,3.2235
16626,-0.63859999999999995,3.2235
16627,-0.63239999999999996,3.2235
16628,-0.63859999999999995,3.2254
16629,-0.63859999999999995,3.2235
16630,-0.63239999999999996,3.2254
16631,-0.63239999999999996,3.2254
16632,-0.63859999999999995,3.2254
16633,-0.63859999999999995,3.2254
16634,-0.63859999999999995,3.2254
16635,-0.63859999999999995,3.2254
16636,-0.062,3.2290999999999999
16637,-0.63859999999999995,3.2254
16638,-0.63239999999999996,3.2273000000000001
16639,-0.63859999999999995,3.2273000000000001
16640,-0.63859999999999995,3.2273000000000001
16641,-0.63859999999999995,3.2273000000000001
16642,-0.63859999999999995,3.2273000000000001
16643,-0.63859999999999995,3.2273000000000001
16644,-0.63239999999999996,3.2273000000000001
16645,-0.63859999999999995,3.2273000000000001
16646,-0.63859999999999995,3.2273000000000001
16647,-0.63859999999999995,3.2290999999999999
16648,-0.63239999999999996,3.2290999999999999
16649,-2.7281,3.2198000000000002
16650,-4.1665999999999999,3.2124000000000001
16651,-5.7538999999999998,3.2031000000000001
16652,-7.2047999999999996,3.1956000000000002
16653,-2.1204999999999998,3.218
16654,-2.0398999999999998,3.2198000000000002
16655,-2.0398999999999998,3.2198000000000002
16656,-2.0398999999999998,3.2198000000000002
16657,-2.0398999999999998,3.2198000000000002
16658,-2.0398999999999998,3.2216999999999998
16659,-2.0398999999999998,3.2216999999999998
16660,-2.0398999999999998,3.2216999999999998
16661,-0.27279999999999999,3.2290999999999999
16662,-0.68200000000000005,3.2290999999999999
16663,-1.0416000000000001,3.2273000000000001
16664,-1.3206,3.2254
16665,-1.4321999999999999,3.2254
16666,-0.62,3.2290999999999999
16667,-0.62,3.2290999999999999
16668,-0.62,3.2309999999999999
16669,-0.61380000000000001,3.2309999999999999
16670,-0.62,3.2309999999999999
16671,-0.62,3.2309999999999999
16672,-0.61380000000000001,3.2309999999999999
16673,-0.62,3.2309999999999999
16674,-0.61380000000000001,3.2328000000000001
16675,-0.61380000000000001,3.2328000000000001
16676,-0.62,3.2328000000000001
16677,-0.62,3.2328000000000001
16678,-0.62,3.2328000000000001
16679,-0.62,3.2328000000000001
16680,-0.61380000000000001,3.2328000000000001
16681,-0.61380000000000001,3.2328000000000001
16682,-0.62,3.2328000000000001
16683,-0.61380000000000001,3.2328000000000001
16684,-0.62,3.2347000000000001
16685,-0.62,3.2347000000000001
16686,-0.62,3.2347000000000001
16687,-2.0585,3.2273000000000001
16688,-2.7776999999999998,3.2235
16689,-3.6272000000000002,3.2198000000000002
16690,-4.4518000000000004,3.2161
16691,-5.1401000000000003,3.2124000000000001
16692,-6.0576999999999996,3.2067999999999999
16693,-6.9753999999999996,3.1993999999999998
16694,-7.6883999999999997,3.1938
16695,-8.8541000000000007,3.1882000000000001
16696,-9.8399999999999999,3.1825999999999999
16697,-10.5406,3.1789000000000001
16698,-11.8613,3.1715
16699,-3.5404,3.2086999999999999
16700,-3.4163999999999999,3.2105000000000001
16701,-3.4163999999999999,3.2124000000000001
16702,-3.4163999999999999,3.2124000000000001
16703,-3.4163999999999999,3.2124000000000001
16704,-3.4163999999999999,3.2124000000000001
16705,-3.4163999999999999,3.2124000000000001
16706,-3.4163999999999999,3.2124000000000001
16707,-3.4163999999999999,3.2141999999999999
16708,-3.4102000000000001,3.2141999999999999
16709,-3.4163999999999999,3.2141999999999999
16710,-3.4163999999999999,3.2141999999999999
16711,-3.4163999999999999,3.2141999999999999
16712,-3.4163999999999999,3.2141999999999999
16713,-3.4102000000000001,3.2141999999999999
16714,-3.4163999999999999,3.2141999999999999
16715,-3.4163999999999999,3.2141999999999999
16716,-3.4163999999999999,3.2141999999999999
16717,-3.4163999999999999,3.2141999999999999
16718,-3.4163999999999999,3.2141999999999999
16719,-3.4163999999999999,3.2141999999999999
16720,-3.4163999999999999,3.2141999999999999
16721,-3.4102000000000001,3.2141999999999999
16722,-3.4163999999999999,3.2141999999999999
16723,1.3206,3.2366000000000001
16724,1.1097999999999999,3.2366000000000001
16725,0.87419999999999998,3.2383999999999999
16726,0.60140000000000005,3.2366000000000001
16727,0.35959999999999998,3.2366000000000001
16728,0.155,3.2366000000000001
16729,-0.049599999999999998,3.2347000000000001
16730,-0.73780000000000001,3.2328000000000001
16731,-1.054,3.2309999999999999
16732,-1.2958000000000001,3.2309999999999999
16733,-1.4136,3.2309999999999999
16734,-0.62,3.2328000000000001
16735,-0.62,3.2328000000000001
16736,-0.62,3.2347000000000001
16737,-0.62,3.2347000000000001
16738,-0.61380000000000001,3.2347000000000001
16739,-0.62,3.2347000000000001
16740,-0.62,3.2347000000000001
16741,-0.62,3.2347000000000001
16742,-0.62,3.2347000000000001
16743,-0.61380000000000001,3.2347000000000001
16744,-0.62,3.2366000000000001
16745,-0.62,3.2366000000000001
16746,-0.62,3.2366000000000001
16747,-0.62,3.2366000000000001
16748,-0.62,3.2366000000000001
16749,-0.62,3.2366000000000001
16750,-0.62,3.2366000000000001
16751,-0.62,3.2366000000000001
16752,-0.62,3.2366000000000001
16753,-0.62,3.2366000000000001
16754,-0.62,3.2366000000000001
16755,-1.7423,3.2328000000000001
16756,-2.1019000000000001,3.2290999999999999
16757,-2.5855000000000001,3.2273000000000001
16758,-2.9388999999999998,3.2254
16759,-3.3792,3.2235
16760,-3.8193999999999999,3.2198000000000002
16761,-4.3836000000000004,3.218
16762,-4.7061000000000002,3.2161
16763,-5.1463000000000001,3.2124000000000001
16764,-5.6608999999999998,3.2086999999999999
16765,-6.3802000000000003,3.2031000000000001
16766,-7.4962,3.1974999999999998
16767,-6.4484000000000004,3.2012
16768,-7.7317999999999998,3.1938
16769,-8.2589000000000006,3.1919
16770,-9.1765000000000008,3.1863000000000001
16771,-9.4122000000000003,3.1844999999999999
16772,-9.9019999999999992,3.1808000000000001
16773,-10.410399999999999,3.177
16774,-11.377700000000001,3.1715
16775,-11.5017,3.1696
16776,-12.0535,3.1659000000000002
16777,-12.617800000000001,3.1621999999999999
16778,-13.7028,3.1547000000000001
16779,-13.777200000000001,3.1528999999999998
16780,-14.415900000000001,3.1473
16781,-5.2145000000000001,3.1901000000000002
16782,-5.1029,3.1919
16783,-5.0967000000000002,3.1938
16784,-5.0967000000000002,3.1956000000000002
16785,-5.1029,3.1956000000000002
16786,-5.1029,3.1956000000000002
16787,-5.0967000000000002,3.1974999999999998
16788,-5.1029,3.1974999999999998
16789,-5.1029,3.1974999999999998
16790,-5.1029,3.1974999999999998
16791,-5.0967000000000002,3.1974999999999998
16792,-5.0967000000000002,3.1974999999999998
16793,0.92379999999999995,3.2273000000000001
16794,0.93000000000000005,3.2309999999999999
16795,0.60140000000000005,3.2309999999999999
16796,0.72540000000000004,3.2328000000000001
16797,0.60140000000000005,3.2328000000000001
16798,0.32240000000000002,3.2328000000000001
16799,0.39679999999999999,3.2347000000000001
16800,0.28520000000000001,3.2347000000000001
16801,-3.5838000000000001,3.2161
16802,-3.6457999999999999,3.2141999999999999
16803,-3.6644000000000001,3.2141999999999999
16804,-3.6644000000000001,3.2141999999999999
16805,-3.6581999999999999,3.2141999999999999
16806,-3.6520000000000001,3.2141999999999999
16807,-3.6520000000000001,3.2124000000000001
16808,-3.6520000000000001,3.2124000000000001
16809,-3.6581999999999999,3.2124000000000001
16810,-3.6581999999999999,3.2141999999999999
16811,-3.6581999999999999,3.2124000000000001
16812,-3.6520000000000001,3.2124000000000001
16813,-3.6581999999999999,3.2124000000000001
16814,1.6431,3.2383999999999999
16815,1.4508000000000001,3.2383999999999999
16816,1.2896000000000001,3.2403
16817,0.88039999999999996,3.2403
16818,0.60140000000000005,3.2383999999999999
16819,0.35959999999999998,3.2383999999999999
16820,0.1116,3.2383999999999999
16821,-0.062,3.2366000000000001
16822,-0.7006,3.2328000000000001
16823,-1.0602,3.2309999999999999
16824,-1.2958000000000001,3.2309999999999999
16825,-1.4136,3.2309999999999999
16826,-0.62,3.2347000000000001
16827,-0.62,3.2347000000000001
16828,-0.62,3.2347000000000001
16829,-0.62,3.2347000000000001
16830,-0.62,3.2347000000000001
16831,-0.62,3.2347000000000001
16832,-0.63239999999999996,3.2347000000000001
16833,-0.63239999999999996,3.2347000000000001
16834,-0.63239999999999996,3.2366000000000001
16835,-0.63239999999999996,3.2366000000000001
16836,-0.63239999999999996,3.2366000000000001
16837,-0.63239999999999996,3.2366000000000001
16838,-0.63239999999999996,3.2366000000000001
16839,-0.63859999999999995,3.2366000000000001
16840,-0.63859999999999995,3.2366000000000001
16841,-0.63239999999999996,3.2366000000000001
16842,-0.63859999999999995,3.2366000000000001
16843,-0.63239999999999996,3.2366000000000001
16844,-0.63859999999999995,3.2366000000000001
16845,-2.7157,3.2273000000000001
16846,-4.1604000000000001,3.2198000000000002
16847,-5.7911000000000001,3.2124000000000001
16848,-7.1985999999999999,3.2012
16849,-2.1328999999999998,3.2254
16850,-2.0089000000000001,3.2273000000000001
16851,-2.0089000000000001,3.2273000000000001
16852,-2.0213000000000001,3.2273000000000001
16853,-2.0089000000000001,3.2273000000000001
16854,-2.0089000000000001,3.2273000000000001
16855,-2.0089000000000001,3.2290999999999999
16856,-2.0213000000000001,3.2273000000000001
16857,-0.25419999999999998,3.2366000000000001
16858,-0.65720000000000001,3.2347000000000001
16859,-1.0167999999999999,3.2347000000000001
16860,-1.2896000000000001,3.2328000000000001
16861,-1.4136,3.2328000000000001
16862,-0.62,3.2366000000000001
16863,-0.61380000000000001,3.2366000000000001
16864,-0.61380000000000001,3.2366000000000001
16865,-0.61380000000000001,3.2366000000000001
16866,-0.61380000000000001,3.2366000000000001
16867,-0.62,3.2383999999999999
16868,-0.62,3.2383999999999999
16869,-0.62,3.2383999999999999
16870,-0.62,3.2383999999999999
16871,-0.62,3.2383999999999999
16872,-0.61380000000000001,3.2383999999999999
16873,-0.62,3.2383999999999999
16874,-0.62,3.2383999999999999
16875,-0.61380000000000001,3.2383999999999999
16876,-0.61380000000000001,3.2403
16877,-0.61380000000000001,3.2403
16878,-0.62,3.2403
16879,-0.62,3.2403
16880,-0.62,3.2403
16881,-0.62,3.2403
16882,-0.62,3.2403
16883,-2.0585,3.2328000000000001
16884,-2.7839,3.2290999999999999
16885,-3.6272000000000002,3.2254
16886,-4.4580000000000002,3.2198000000000002
16887,-5.1463000000000001,3.2161
16888,-6.1010999999999997,3.2105000000000001
16889,-6.9816000000000003,3.2031000000000001
16890,-7.6883999999999997,3.1993999999999998
16891,-8.9099000000000004,3.1919
16892,-9.8957999999999995,3.1863000000000001
16893,-10.5344,3.1808000000000001
16894,-11.8551,3.1732999999999998
16895,-3.5341999999999998,3.2124000000000001
16896,-3.4411999999999998,3.2141999999999999
16897,-3.4350000000000001,3.2141999999999999
16898,-3.4411999999999998,3.2161
16899,-3.4474,3.2161
16900,-3.4411999999999998,3.2161
16901,-3.4411999999999998,3.2161
16902,-3.4411999999999998,3.2161
16903,-3.4411999999999998,3.2161
16904,-3.4350000000000001,3.218
16905,-3.4163999999999999,3.218
16906,-3.4102000000000001,3.218
16907,-3.4102000000000001,3.218
16908,-3.4226000000000001,3.2161
16909,-3.4163999999999999,3.218
16910,-3.4163999999999999,3.218
16911,-3.4163999999999999,3.218
16912,-3.4226000000000001,3.218
16913,-3.4163999999999999,3.218
16914,-3.4163999999999999,3.218
16915,-3.4102000000000001,3.218
16916,-3.4163999999999999,3.218
16917,-3.4163999999999999,3.218
16918,-3.4163999999999999,3.218
16919,1.3268,3.2403
16920,1.1656,3.2421000000000002
16921,0.88039999999999996,3.2421000000000002
16922,0.60140000000000005,3.2403
16923,0.35959999999999998,3.2403
16924,0.16120000000000001,3.2403
16925,-0.062,3.2383999999999999
16926,-0.73780000000000001,3.2366000000000001
16927,-1.0602,3.2347000000000001
16928,-1.3206,3.2328000000000001
16929,-1.4259999999999999,3.2328000000000001
16930,-0.63239999999999996,3.2366000000000001
16931,-0.63239999999999996,3.2366000000000001
16932,-0.63239999999999996,3.2366000000000001
16933,-0.63859999999999995,3.2383999999999999
16934,-0.63239999999999996,3.2366000000000001
16935,-0.63239999999999996,3.2383999999999999
16936,-0.63239999999999996,3.2383999999999999
16937,-0.63859999999999995,3.2383999999999999
16938,-0.63239999999999996,3.2383999999999999
16939,-0.63239999999999996,3.2383999999999999
16940,-0.63239999999999996,3.2383999999999999
16941,-0.63859999999999995,3.2383999999999999
16942,-0.63859999999999995,3.2383999999999999
16943,-0.63859999999999995,3.2383999999999999
16944,-0.63239999999999996,3.2403
16945,-0.63859999999999995,3.2403
16946,-0.63859999999999995,3.2403
16947,-0.63239999999999996,3.2403
16948,-0.63859999999999995,3.2383999999999999
16949,-0.63859999999999995,3.2403
16950,-0.61380000000000001,3.2403
16951,-1.7423,3.2347000000000001
16952,-2.1019000000000001,3.2328000000000001
16953,-2.5731000000000002,3.2309999999999999
16954,-2.9388999999999998,3.2273000000000001
16955,-3.3792,3.2254
16956,-3.8193999999999999,3.2235
16957,-4.4021999999999997,3.2198000000000002
16958,-4.6936999999999998,3.218
16959,-5.1835000000000004,3.2141999999999999
16960,-5.6608999999999998,3.2124000000000001
16961,-6.4173999999999998,3.2067999999999999
16962,-7.4900000000000002,3.1993999999999998
16963,-6.4917999999999996,3.2031000000000001
16964,-7.7256,3.1956000000000002
16965,-8.2960999999999991,3.1919
16966,-9.1765000000000008,3.1863000000000001
16967,-9.4122000000000003,3.1844999999999999
16968,-9.9019999999999992,3.1808000000000001
16969,-10.422800000000001,3.1789000000000001
16970,-11.377700000000001,3.1732999999999998
16971,-11.5389,3.1696
16972,-12.065899999999999,3.1659000000000002
16973,-12.611599999999999,3.1621999999999999
16974,-13.7028,3.1547000000000001
16975,-13.814399999999999,3.1528999999999998
16976,-14.4221,3.1473
16977,-5.2145000000000001,3.1901000000000002
16978,-5.0967000000000002,3.1938
16979,-5.1029,3.1938
16980,-5.1029,3.1956000000000002
16981,-5.1029,3.1956000000000002
16982,-5.0967000000000002,3.1974999999999998
16983,-5.0967000000000002,3.1974999999999998
16984,-5.0967000000000002,3.1974999999999998
16985,-5.0967000000000002,3.1974999999999998
16986,-5.0967000000000002,3.1974999999999998
16987,-5.1029,3.1974999999999998
16988,-5.1029,3.1974999999999998
16989,0.92379999999999995,3.2290999999999999
16990,0.96099999999999997,3.2309999999999999
16991,0.60140000000000005,3.2328000000000001
16992,0.72540000000000004,3.2328000000000001
16993,0.60140000000000005,3.2347000000000001
16994,0.32240000000000002,3.2347000000000001
16995,0.39679999999999999,3.2347000000000001
16996,0.28520000000000001,3.2347000000000001
16997,-3.5899999999999999,3.218
16998,-3.6520000000000001,3.2161
16999,-3.6581999999999999,3.2161
17000,-3.6520000000000001,3.2141999999999999
17001,-3.6644000000000001,3.2141999999999999
17002,-3.6581999999999999,3.2141999999999999
17003,-3.6581999999999999,3.2141999999999999
17004,-3.6768000000000001,3.2141999999999999
17005,-3.6705999999999999,3.2141999999999999
17006,-3.6705999999999999,3.2141999999999999
17007,-3.6768000000000001,3.2141999999999999
17008,-3.6705999999999999,3.2141999999999999
17009,-3.6768000000000001,3.2141999999999999
17010,1.6617,3.2383999999999999
17011,1.4632000000000001,3.2403
17012,1.302,3.2403
17013,0.88039999999999996,3.2403
17014,0.60140000000000005,3.2403
17015,0.35959999999999998,3.2403
17016,0.1116,3.2383999999999999
17017,-0.055800000000000002,3.2366000000000001
17018,-0.69440000000000002,3.2347000000000001
17019,-1.054,3.2328000000000001
17020,-1.2958000000000001,3.2328000000000001
17021,-1.4136,3.2309999999999999
17022,-0.62,3.2366000000000001
17023,-0.61380000000000001,3.2366000000000001
17024,-0.62,3.2366000000000001
17025,-0.61380000000000001,3.2366000000000001
17026,-0.62,3.2366000000000001
17027,-0.61380000000000001,3.2366000000000001
17028,-0.61380000000000001,3.2366000000000001
17029,-0.61380000000000001,3.2366000000000001
17030,-0.61380000000000001,3.2366000000000001
17031,-0.62,3.2366000000000001
17032,-0.61380000000000001,3.2383999999999999
17033,-0.61380000000000001,3.2383999999999999
17034,-0.61380000000000001,3.2383999999999999
17035,-0.61380000000000001,3.2383999999999999
17036,-0.62,3.2383999999999999
17037,-0.62,3.2383999999999999
17038,-0.62,3.2383999999999999
17039,-0.61380000000000001,3.2383999999999999
17040,-0.62,3.2383999999999999
17041,-2.7033,3.2290999999999999
17042,-4.1479999999999997,3.2216999999999998
17043,-5.7786999999999997,3.2124000000000001
17044,-7.1676000000000002,3.2031000000000001
17045,-2.1391,3.2273000000000001
17046,-2.0585,3.2273000000000001
17047,-2.0585,3.2273000000000001
17048,-2.0585,3.2290999999999999
17049,-2.0585,3.2290999999999999
17050,-2.0585,3.2290999999999999
17051,-2.0709,3.2290999999999999
17052,-2.0709,3.2290999999999999
17053,-0.2666,3.2366000000000001
17054,-0.67579999999999996,3.2366000000000001
17055,-1.0354000000000001,3.2347000000000001
17056,-1.3206,3.2347000000000001
17057,-1.4321999999999999,3.2328000000000001
17058,-0.63239999999999996,3.2366000000000001
17059,-0.63859999999999995,3.2383999999999999
17060,-0.63239999999999996,3.2383999999999999
17061,-0.63239999999999996,3.2383999999999999
17062,-0.63239999999999996,3.2383999999999999
17063,-0.63239999999999996,3.2383999999999999
17064,-0.63859999999999995,3.2383999999999999
17065,-0.63239999999999996,3.2383999999999999
17066,-0.63859999999999995,3.2383999999999999
17067,-0.63239999999999996,3.2403
17068,-0.63859999999999995,3.2383999999999999
17069,-0.63859999999999995,3.2403
17070,-0.63859999999999995,3.2403
17071,-0.62,3.2403
17072,-0.62,3.2403
17073,-0.61380000000000001,3.2403
17074,-0.61380000000000001,3.2403
17075,-0.61380000000000001,3.2403
17076,-0.61380000000000001,3.2403
17077,-0.61380000000000001,3.2403
17078,-0.62,3.2403
17079,-2.0522999999999998,3.2347000000000001
17080,-2.7715000000000001,3.2309999999999999
17081,-3.6147999999999998,3.2254
17082,-4.4518000000000004,3.2216999999999998
17083,-5.1463000000000001,3.218
17084,-6.0949,3.2105000000000001
17085,-7.0125999999999999,3.2031000000000001
17086,-7.7380000000000004,3.1993999999999998
17087,-8.8975000000000009,3.1919
17088,-9.8957999999999995,3.1863000000000001
17089,-10.584,3.1808000000000001
17090,-11.8985,3.1732999999999998
17091,-3.5341999999999998,3.2124000000000001
17092,-3.4598,3.2141999999999999
17093,-3.4535999999999998,3.2141999999999999
17094,-3.4598,3.2161
17095,-3.4598,3.2161
17096,-3.4598,3.2161
17097,-3.4535999999999998,3.2161
17098,-3.4598,3.2161
17099,-3.4598,3.2161
17100,-3.4598,3.2161
17101,-3.4535999999999998,3.2161
17102,-3.4598,3.218
17103,-3.4598,3.218
17104,-3.4535999999999998,3.218
17105,-3.4598,3.218
17106,-3.4598,3.218
17107,-3.4598,3.218
17108,-3.4598,3.2161
17109,-3.4660000000000002,3.218
17110,-3.4535999999999998,3.2161
17111,-3.4598,3.218
17112,-3.4660000000000002,3.218
17113,-3.4598,3.218
17114,-3.4660000000000002,3.218
17115,1.3268,3.2403
17116,1.1594,3.2421000000000002
17117,0.88039999999999996,3.2421000000000002
17118,0.60760000000000003,3.2403
17119,0.37819999999999998,3.2403
17120,0.1736,3.2403
17121,-0.099199999999999997,3.2383999999999999
17122,-0.76259999999999994,3.2366000000000001
17123,-1.0726,3.2347000000000001
17124,-1.3206,3.2347000000000001
17125,-1.4321999999999999,3.2328000000000001
17126,-0.63859999999999995,3.2366000000000001
17127,-0.63239999999999996,3.2366000000000001
17128,-0.63859999999999995,3.2383999999999999
17129,-0.63239999999999996,3.2366000000000001
17130,-0.63859999999999995,3.2383999999999999
17131,-0.63859999999999995,3.2383999999999999
17132,-0.63239999999999996,3.2383999999999999
17133,-0.63859999999999995,3.2383999999999999
17134,-0.63239999999999996,3.2383999999999999
17135,-0.63239999999999996,3.2383999999999999
17136,-0.63859999999999995,3.2383999999999999
17137,-0.63859999999999995,3.2383999999999999
17138,-0.63859999999999995,3.2383999999999999
17139,-0.63859999999999995,3.2403
17140,-0.63859999999999995,3.2403
17141,-0.63859999999999995,3.2403
17142,-0.63859999999999995,3.2403
17143,-0.63859999999999995,3.2403
17144,-0.63859999999999995,3.2403
17145,-0.63239999999999996,3.2403
17146,-0.63859999999999995,3.2403
17147,-1.7608999999999999,3.2347000000000001
17148,-2.1019000000000001,3.2328000000000001
17149,-2.5669,3.2309999999999999
17150,-2.9388999999999998,3.2290999999999999
17151,-3.3792,3.2254
17152,-3.8132000000000001,3.2235
17153,-4.4146000000000001,3.2198000000000002
17154,-4.6875,3.218
17155,-5.1772999999999998,3.2141999999999999
17156,-5.6608999999999998,3.2105000000000001
17157,-6.4236000000000004,3.2067999999999999
17158,-7.4962,3.1993999999999998
17159,-6.4917999999999996,3.2031000000000001
17160,-7.7194000000000003,3.1956000000000002
17161,-8.2960999999999991,3.1919
17162,-9.1827000000000005,3.1863000000000001
17163,-9.4245999999999999,3.1844999999999999
17164,-9.9391999999999996,3.1808000000000001
17165,-10.453799999999999,3.177
17166,-11.4087,3.1715
17167,-11.5327,3.1696
17168,-12.0845,3.1659000000000002
17169,-12.6488,3.1602999999999999
17170,-13.7338,3.1528999999999998
17171,-13.857799999999999,3.1509999999999998
17172,-14.4717,3.1454
17173,-5.2206999999999999,3.1901000000000002
17174,-5.1401000000000003,3.1919
17175,-5.1463000000000001,3.1938
17176,-5.1463000000000001,3.1938
17177,-5.1463000000000001,3.1956000000000002
17178,-5.1586999999999996,3.1956000000000002
17179,-5.1586999999999996,3.1956000000000002
17180,-5.1586999999999996,3.1956000000000002
17181,-5.1586999999999996,3.1956000000000002
17182,-5.1649000000000003,3.1956000000000002
17183,-5.1586999999999996,3.1956000000000002
17184,-5.1586999999999996,3.1956000000000002
17185,0.9486,3.2273000000000001
17186,0.97960000000000003,3.2309999999999999
17187,0.62619999999999998,3.2309999999999999
17188,0.75019999999999998,3.2328000000000001
17189,0.62619999999999998,3.2328000000000001
17190,0.34100000000000003,3.2328000000000001
17191,0.42159999999999997,3.2347000000000001
17192,0.30380000000000001,3.2347000000000001
17193,-3.6086,3.2161
17194,-3.6768000000000001,3.2161
17195,-3.6768000000000001,3.2141999999999999
17196,-3.6520000000000001,3.2141999999999999
17197,-3.6520000000000001,3.2141999999999999
17198,-3.6520000000000001,3.2141999999999999
17199,-3.6520000000000001,3.2141999999999999
17200,-3.6520000000000001,3.2141999999999999
17201,-3.6520000000000001,3.2141999999999999
17202,-3.6581999999999999,3.2141999999999999
17203,-3.6520000000000001,3.2141999999999999
17204,-3.6581999999999999,3.2124000000000001
17205,-3.6581999999999999,3.2141999999999999
17206,1.6431,3.2383999999999999
17207,1.4508000000000001,3.2403
17208,1.2834000000000001,3.2403
17209,0.88039999999999996,3.2403
17210,0.60140000000000005,3.2403
17211,0.35959999999999998,3.2383999999999999
17212,0.1116,3.2383999999999999
17213,-0.062,3.2366000000000001
17214,-0.7006,3.2347000000000001
17215,-1.054,3.2328000000000001
17216,-1.2958000000000001,3.2328000000000001
17217,-1.4198,3.2309999999999999
17218,-0.62,3.2347000000000001
17219,-0.62,3.2347000000000001
17220,-0.62,3.2366000000000001
17221,-0.62,3.2366000000000001
17222,-0.62,3.2366000000000001
17223,-0.62,3.2366000000000001
17224,-0.63239999999999996,3.2366000000000001
17225,-0.63239999999999996,3.2366000000000001
17226,-0.63859999999999995,3.2366000000000001
17227,-0.63859999999999995,3.2366000000000001
17228,-0.63859999999999995,3.2366000000000001
17229,-0.63859999999999995,3.2366000000000001
17230,-0.62,3.2383999999999999
17231,-0.62,3.2383999999999999
17232,-0.61380000000000001,3.2383999999999999
17233,-0.62,3.2383999999999999
17234,-0.61380000000000001,3.2383999999999999
17235,-0.62,3.2383999999999999
17236,-0.62,3.2383999999999999
17237,-2.6970999999999998,3.2290999999999999
17238,-4.1417999999999999,3.2216999999999998
17239,-5.7786999999999997,3.2124000000000001
17240,-7.2110000000000003,3.2012
17241,-2.1391,3.2254
17242,-2.0522999999999998,3.2273000000000001
17243,-2.0522999999999998,3.2273000000000001
17244,-2.0522999999999998,3.2290999999999999
17245,-2.0522999999999998,3.2290999999999999
17246,-2.0522999999999998,3.2273000000000001
17247,-2.0522999999999998,3.2290999999999999
17248,-2.0522999999999998,3.2290999999999999
17249,-0.25419999999999998,3.2366000000000001
17250,-0.66339999999999999,3.2366000000000001
17251,-1.0105999999999999,3.2347000000000001
17252,-1.2958000000000001,3.2347000000000001
17253,-1.4198,3.2328000000000001
17254,-0.62,3.2366000000000001
17255,-0.62,3.2366000000000001
17256,-0.62,3.2366000000000001
17257,-0.62,3.2383999999999999
17258,-0.62,3.2383999999999999
17259,-0.62,3.2383999999999999
17260,-0.62,3.2383999999999999
17261,-0.62619999999999998,3.2383999999999999
17262,-0.63859999999999995,3.2383999999999999
17263,-0.63239999999999996,3.2383999999999999
17264,-0.63239999999999996,3.2383999999999999
17265,-0.63239999999999996,3.2383999999999999
17266,-0.62,3.2403
17267,-0.63239999999999996,3.2403
17268,-0.63239999999999996,3.2403
17269,-0.62,3.2403
17270,-0.61380000000000001,3.2403
17271,-0.62,3.2403
17272,-0.62,3.2403
17273,-0.62,3.2403
17274,-0.62,3.2403
17275,-2.1019000000000001,3.2328000000000001
17276,-2.7715000000000001,3.2309999999999999
17277,-3.6520000000000001,3.2254
17278,-4.4580000000000002,3.2198000000000002
17279,-5.1401000000000003,3.2161
17280,-6.0887000000000002,3.2105000000000001
17281,-7.0187999999999997,3.2031000000000001
17282,-7.7256,3.1974999999999998
17283,-8.8975000000000009,3.1919
17284,-9.9019999999999992,3.1844999999999999
17285,-10.5654,3.1808000000000001
17286,-11.892300000000001,3.1715
17287,-3.5838000000000001,3.2105000000000001
17288,-3.4598,3.2141999999999999
17289,-3.4660000000000002,3.2141999999999999
17290,-3.4598,3.2141999999999999
17291,-3.4598,3.2161
17292,-3.4598,3.2161
17293,-3.4535999999999998,3.2161
17294,-3.4598,3.2161
17295,-3.4598,3.2161
17296,-3.4598,3.2161
17297,-3.4598,3.2161
17298,-3.4598,3.2161
17299,-3.4598,3.2161
17300,-3.4598,3.2161
17301,-3.4598,3.2161
17302,-3.4598,3.2161
17303,-3.4535999999999998,3.2161
17304,-3.4598,3.2161
17305,-3.4660000000000002,3.2161
17306,-3.4598,3.2161
17307,-3.4535999999999998,3.2161
17308,-3.4598,3.2161
17309,-3.4598,3.2161
17310,-3.4598,3.2161
17311,1.3206,3.2403
17312,1.1594,3.2403
17313,0.87419999999999998,3.2403
17314,0.60140000000000005,3.2403
17315,0.35959999999999998,3.2403
17316,0.16120000000000001,3.2403
17317,-0.055800000000000002,3.2383999999999999
17318,-0.73780000000000001,3.2366000000000001
17319,-1.0602,3.2347000000000001
17320,-1.2958000000000001,3.2328000000000001
17321,-1.4198,3.2328000000000001
17322,-0.62,3.2366000000000001
17323,-0.61380000000000001,3.2366000000000001
17324,-0.62,3.2383999999999999
17325,-0.62619999999999998,3.2366000000000001
17326,-0.61380000000000001,3.2366000000000001
17327,-0.62,3.2383999999999999
17328,-0.62,3.2383999999999999
17329,-0.61380000000000001,3.2383999999999999
17330,-0.62619999999999998,3.2383999999999999
17331,-0.62,3.2383999999999999
17332,-0.61380000000000001,3.2383999999999999
17333,-0.62,3.2383999999999999
17334,-0.62,3.2383999999999999
17335,-0.62,3.2383999999999999
17336,-0.62,3.2383999999999999
17337,-0.62619999999999998,3.2383999999999999
17338,-0.62,3.2383999999999999
17339,-0.62,3.2403
17340,-0.62,3.2403
17341,-0.62,3.2403
17342,-0.62,3.2403
17343,-1.7423,3.2347000000000001
17344,-2.1019000000000001,3.2328000000000001
17345,-2.5731000000000002,3.2290999999999999
17346,-2.9823,3.2273000000000001
17347,-3.3792,3.2254
17348,-3.8069999999999999,3.2216999999999998
17349,-4.4146000000000001,3.2198000000000002
17350,-4.7432999999999996,3.2161
17351,-5.1711,3.2141999999999999
17352,-5.6795,3.2105000000000001
17353,-6.4173999999999998,3.2031000000000001
17354,-7.5271999999999997,3.1974999999999998
17355,-6.4917999999999996,3.2012
17356,-7.7813999999999997,3.1956000000000002
17357,-8.2960999999999991,3.1901000000000002
17358,-9.2136999999999993,3.1844999999999999
17359,-9.4556000000000004,3.1825999999999999
17360,-9.9391999999999996,3.1789000000000001
17361,-10.453799999999999,3.1751999999999998
17362,-11.4087,3.1696
17363,-11.5823,3.1677
17364,-12.0969,3.1640000000000001
17365,-12.667400000000001,3.1566000000000001
17366,-13.777200000000001,3.1509999999999998
17367,-13.857799999999999,3.1490999999999998
17368,-14.453099999999999,3.1436000000000002
17369,-5.2206999999999999,3.1882000000000001
17370,-5.1463000000000001,3.1901000000000002
17371,-5.1401000000000003,3.1919
17372,-5.1463000000000001,3.1938
17373,-5.1401000000000003,3.1938
17374,-5.1338999999999997,3.1938
17375,-5.1463000000000001,3.1956000000000002
17376,-5.1463000000000001,3.1938
17377,-5.1401000000000003,3.1956000000000002
17378,-5.1401000000000003,3.1956000000000002
17379,-5.1463000000000001,3.1956000000000002
17380,-5.1401000000000003,3.1956000000000002
17381,0.92379999999999995,3.2273000000000001
17382,0.95479999999999998,3.2290999999999999
17383,0.60140000000000005,3.2309999999999999
17384,0.72540000000000004,3.2328000000000001
17385,0.60140000000000005,3.2328000000000001
17386,0.32240000000000002,3.2328000000000001
17387,0.39679999999999999,3.2347000000000001
17388,0.27900000000000003,3.2347000000000001
17389,-3.5899999999999999,3.2161
17390,-3.6520000000000001,3.2141999999999999
17391,-3.6581999999999999,3.2141999999999999
17392,-3.6520000000000001,3.2141999999999999
17393,-3.6520000000000001,3.2124000000000001
17394,-3.6520000000000001,3.2124000000000001
17395,-3.6520000000000001,3.2124000000000001
17396,-3.6581999999999999,3.2124000000000001
17397,-3.6581999999999999,3.2124000000000001
17398,-3.6581999999999999,3.2124000000000001
17399,-3.6520000000000001,3.2124000000000001
17400,-3.6644000000000001,3.2124000000000001
17401,-3.6644000000000001,3.2124000000000001
17402,1.6493,3.2383999999999999
17403,1.4508000000000001,3.2383999999999999
17404,1.2834000000000001,3.2403
17405,0.87419999999999998,3.2383999999999999
17406,0.60140000000000005,3.2383999999999999
17407,0.35959999999999998,3.2383999999999999
17408,0.10539999999999999,3.2366000000000001
17409,-0.074399999999999994,3.2366000000000001
17410,-0.7006,3.2347000000000001
17411,-1.0602,3.2328000000000001
17412,-1.2958000000000001,3.2309999999999999
17413,-1.4136,3.2309999999999999
17414,-0.61380000000000001,3.2347000000000001
17415,-0.62619999999999998,3.2347000000000001
17416,-0.62619999999999998,3.2347000000000001
17417,-0.62,3.2347000000000001
17418,-0.62,3.2347000000000001
17419,-0.62,3.2366000000000001
17420,-0.61380000000000001,3.2347000000000001
17421,-0.62,3.2366000000000001
17422,-0.61380000000000001,3.2366000000000001
17423,-0.61380000000000001,3.2366000000000001
17424,-0.61380000000000001,3.2366000000000001
17425,-0.62,3.2366000000000001
17426,-0.62,3.2366000000000001
17427,-0.62,3.2366000000000001
17428,-0.62,3.2366000000000001
17429,-0.62,3.2366000000000001
17430,-0.62,3.2383999999999999
17431,-0.62,3.2383999999999999
17432,-0.62619999999999998,3.2383999999999999
17433,-0.62,3.2383999999999999
17434,-0.61380000000000001,3.2383999999999999
17435,-0.61380000000000001,3.2383999999999999
17436,-0.62619999999999998,3.2383999999999999
17437,-0.62,3.2383999999999999
17438,-0.61380000000000001,3.2383999999999999
17439,-0.62,3.2383999999999999
17440,-0.62,3.2383999999999999
17441,-0.61380000000000001,3.2383999999999999
17442,-2.2631000000000001,3.2309999999999999
17443,-3.2303999999999999,3.2254
17444,-4.2161999999999997,3.2198000000000002
17445,-5.2268999999999997,3.2141999999999999
17446,-6.2188999999999997,3.2086999999999999
17447,-2.1019000000000001,3.2273000000000001
17448,-2.0522999999999998,3.2273000000000001
17449,-5.6174999999999997,3.2105000000000001
17450,-6.3491999999999997,3.2067999999999999
17451,-7.2233999999999998,3.1993999999999998
17452,-7.6946000000000003,3.1956000000000002
17453,-8.3766999999999996,3.1901000000000002
17454,-9.0587,3.1863000000000001
17455,-10.1004,3.1789000000000001
17456,-10.559200000000001,3.1751999999999998
17457,-11.197900000000001,3.1715
17458,-3.8069999999999999,3.2067999999999999
17459,-3.7202000000000002,3.2086999999999999
17460,-10.522,3.1751999999999998
17461,-11.1111,3.1696
17462,-11.2165,3.1677
17463,-12.1775,3.1621999999999999
17464,-12.7232,3.1566000000000001
17465,-13.2936,3.1509999999999998
17466,-13.3432,3.1490999999999998
17467,-14.4407,3.1436000000000002
17468,-5.2516999999999996,3.1863000000000001
17469,-5.1401000000000003,3.1882000000000001
17470,-12.654999999999999,3.1528999999999998
17471,-13.808199999999999,3.1454
17472,-13.6966,3.1436000000000002
17473,-14.775499999999999,3.1379999999999999
17474,-14.6577,3.1360999999999999
17475,-15.1227,3.1343000000000001
17476,-16.288399999999999,3.1267999999999998
17477,-16.127199999999998,3.125
17478,-16.648,3.1212
17479,-17.881900000000002,3.1156000000000001
17480,-17.7331,3.1137999999999999
17481,-19.047599999999999,3.1063000000000001
17482,-18.892600000000002,3.1044999999999998
17483,-8.4324999999999992,3.1528999999999998
17484,-8.3394999999999992,3.1547000000000001
17485,-8.3394999999999992,3.1566000000000001
17486,-8.3394999999999992,3.1602999999999999
17487,-8.3394999999999992,3.1602999999999999
17488,-8.3394999999999992,3.1602999999999999
17489,-8.3394999999999992,3.1621999999999999
17490,-8.3394999999999992,3.1621999999999999
17491,-8.3332999999999995,3.1621999999999999
17492,-8.3332999999999995,3.1621999999999999
17493,-8.3332999999999995,3.1621999999999999
17494,-8.3332999999999995,3.1621999999999999
17495,-8.3332999999999995,3.1621999999999999
17496,-8.3394999999999992,3.1621999999999999
17497,-8.3332999999999995,3.1621999999999999
17498,-8.3332999999999995,3.1621999999999999
17499,-8.3457000000000008,3.1640000000000001
17500,-8.3270999999999997,3.1621999999999999
17501,-8.3332999999999995,3.1621999999999999
17502,-8.3332999999999995,3.1621999999999999
17503,-8.3270999999999997,3.1640000000000001
17504,-8.3332999999999995,3.1621999999999999
17505,-8.3332999999999995,3.1640000000000001
17506,-8.3394999999999992,3.1621999999999999
17507,-8.3394999999999992,3.1621999999999999
17508,-8.3332999999999995,3.1640000000000001
17509,-8.3394999999999992,3.1621999999999999
17510,-8.3394999999999992,3.1621999999999999
17511,-8.3332999999999995,3.1621999999999999
17512,-8.3457000000000008,3.1621999999999999
17513,-8.3394999999999992,3.1621999999999999
17514,-8.3394999999999992,3.1621999999999999
17515,-8.3394999999999992,3.1621999999999999
17516,-8.3394999999999992,3.1621999999999999
17517,-8.3394999999999992,3.1621999999999999
17518,-8.3332999999999995,3.1621999999999999
17519,-8.3394999999999992,3.1621999999999999
17520,-8.3332999999999995,3.1621999999999999
17521,-8.3332999999999995,3.1621999999999999
17522,-8.3457000000000008,3.1621999999999999
17523,-8.3519000000000005,3.1602999999999999
17524,-8.3519000000000005,3.1621999999999999
17525,-8.3519000000000005,3.1621999999999999
17526,-8.3457000000000008,3.1621999999999999
17527,-8.3519000000000005,3.1602999999999999
17528,-8.3581000000000003,3.1602999999999999
17529,-8.3519000000000005,3.1602999999999999
17530,-8.3519000000000005,3.1602999999999999
17531,-8.3519000000000005,3.1602999999999999
17532,-8.3581000000000003,3.1602999999999999
17533,3.8690000000000002,3.2216999999999998
17534,3.8690000000000002,3.2273000000000001
17535,3.7078000000000002,3.2290999999999999
17536,3.5466000000000002,3.2309999999999999
17537,3.3481999999999998,3.2328000000000001
17538,3.1869999999999998,3.2347000000000001
17539,2.9823,3.2347000000000001
17540,2.7839,3.2366000000000001
17541,-5.0037000000000003,3.1974999999999998
17542,-5.1586999999999996,3.1938
17543,-5.1586999999999996,3.1938
17544,-5.1586999999999996,3.1919
17545,-5.1586999999999996,3.1919
17546,-5.1649000000000003,3.1901000000000002
17547,-5.1586999999999996,3.1901000000000002
17548,-5.1586999999999996,3.1901000000000002
17549,-5.1649000000000003,3.1901000000000002
17550,-5.1649000000000003,3.1882000000000001
17551,-5.1586999999999996,3.1882000000000001
17552,-5.1649000000000003,3.1882000000000001
17553,-5.1586999999999996,3.1882000000000001
17554,-5.1649000000000003,3.1882000000000001
17555,-5.1401000000000003,3.1882000000000001
17556,-5.1401000000000003,3.1882000000000001
17557,-5.1401000000000003,3.1882000000000001
17558,-5.1524999999999999,3.1882000000000001
17559,-5.1463000000000001,3.1882000000000001
17560,-5.1401000000000003,3.1882000000000001
17561,-5.1338999999999997,3.1882000000000001
17562,-5.1463000000000001,3.1882000000000001
17563,-5.1401000000000003,3.1882000000000001
17564,-5.1401000000000003,3.1882000000000001
17565,-5.1401000000000003,3.1882000000000001
17566,-5.1463000000000001,3.1882000000000001
17567,-5.1401000000000003,3.1882000000000001
17568,-5.1463000000000001,3.1882000000000001
17569,-5.1338999999999997,3.1882000000000001
17570,-5.1463000000000001,3.1882000000000001
17571,-5.1463000000000001,3.1882000000000001
17572,-5.1401000000000003,3.1882000000000001
17573,-5.1463000000000001,3.1882000000000001
17574,-5.1463000000000001,3.1882000000000001
17575,-5.1463000000000001,3.1882000000000001
17576,-5.1463000000000001,3.1882000000000001
17577,-5.1524999999999999,3.1882000000000001
17578,-5.1463000000000001,3.1882000000000001
17579,-5.1401000000000003,3.1882000000000001
17580,-5.1463000000000001,3.1882000000000001
17581,-5.1463000000000001,3.1882000000000001
17582,-5.1463000000000001,3.1882000000000001
17583,-5.1463000000000001,3.1882000000000001
17584,-5.1463000000000001,3.1882000000000001
17585,-5.1401000000000003,3.1882000000000001
17586,-5.1463000000000001,3.1882000000000001
17587,-5.1586999999999996,3.1882000000000001
17588,-5.1649000000000003,3.1882000000000001
17589,-5.1649000000000003,3.1882000000000001
17590,-5.1524999999999999,3.1882000000000001
17591,-5.1401000000000003,3.1882000000000001
17592,-5.1463000000000001,3.1882000000000001
17593,-5.1463000000000001,3.1882000000000001
17594,-5.1524999999999999,3.1882000000000001
17595,-5.1401000000000003,3.1882000000000001
17596,-5.1586999999999996,3.1882000000000001
17597,-5.1586999999999996,3.1882000000000001
17598,-5.1586999999999996,3.1882000000000001
17599,-5.1586999999999996,3.1882000000000001
17600,-5.1649000000000003,3.1882000000000001
17601,-5.1649000000000003,3.1863000000000001
17602,-5.1649000000000003,3.1882000000000001
17603,-5.1463000000000001,3.1882000000000001
17604,-5.1463000000000001,3.1882000000000001
17605,-5.1463000000000001,3.1882000000000001
17606,-5.1463000000000001,3.1882000000000001
17607,-5.1401000000000003,3.1882000000000001
17608,-5.1401000000000003,3.1882000000000001
17609,-5.1401000000000003,3.1882000000000001
17610,-12.698399999999999,3.1490999999999998
17611,-13.864000000000001,3.1417000000000002
17612,-13.74,3.1398000000000001
17613,-14.818899999999999,3.1324000000000001
17614,-14.694900000000001,3.1305000000000001
17615,-15.1723,3.1267999999999998
17616,-16.325600000000001,3.1212
17617,-16.1706,3.1194000000000002
17618,-16.703800000000001,3.1156000000000001
17619,-17.9315,3.1063000000000001
17620,-17.770299999999999,3.1063000000000001
17621,-19.097200000000001,3.0989
17622,-18.936,3.097
17623,-8.4573,3.1454
17624,-8.3270999999999997,3.1490999999999998
17625,-8.3270999999999997,3.1509999999999998
17626,-8.3332999999999995,3.1509999999999998
17627,-8.3332999999999995,3.1528999999999998
17628,-8.3270999999999997,3.1528999999999998
17629,-8.3332999999999995,3.1528999999999998
17630,-8.3332999999999995,3.1528999999999998
17631,-8.3332999999999995,3.1528999999999998
17632,-8.3332999999999995,3.1528999999999998
17633,-8.3394999999999992,3.1528999999999998
17634,-8.3332999999999995,3.1547000000000001
17635,-8.3270999999999997,3.1528999999999998
17636,-8.3332999999999995,3.1547000000000001
17637,-8.3332999999999995,3.1547000000000001
17638,-8.3270999999999997,3.1547000000000001
17639,-8.3332999999999995,3.1547000000000001
17640,-8.3394999999999992,3.1547000000000001
17641,-8.3394999999999992,3.1547000000000001
17642,-8.3457000000000008,3.1547000000000001
17643,-8.3332999999999995,3.1547000000000001
17644,-8.3394999999999992,3.1547000000000001
17645,-8.3332999999999995,3.1547000000000001
17646,-8.3394999999999992,3.1547000000000001
17647,-8.3394999999999992,3.1547000000000001
17648,-8.3332999999999995,3.1547000000000001
17649,-8.3457000000000008,3.1547000000000001
17650,-8.3394999999999992,3.1547000000000001
17651,-8.3394999999999992,3.1547000000000001
17652,-8.3457000000000008,3.1547000000000001
17653,-8.3519000000000005,3.1547000000000001
17654,-8.3581000000000003,3.1547000000000001
17655,-8.4015000000000004,3.1528999999999998
17656,-8.4015000000000004,3.1528999999999998
17657,-8.4015000000000004,3.1528999999999998
17658,-8.4015000000000004,3.1528999999999998
17659,-8.4015000000000004,3.1547000000000001
17660,-8.4015000000000004,3.1528999999999998
17661,-8.4077000000000002,3.1528999999999998
17662,-8.4015000000000004,3.1528999999999998
17663,-8.4077000000000002,3.1528999999999998
17664,-8.4015000000000004,3.1528999999999998
17665,-8.4015000000000004,3.1528999999999998
17666,-8.4015000000000004,3.1528999999999998
17667,-8.4077000000000002,3.1528999999999998
17668,-8.4015000000000004,3.1528999999999998
17669,-8.4015000000000004,3.1528999999999998
17670,-8.4015000000000004,3.1528999999999998
17671,-8.3643000000000001,3.1528999999999998
17672,-8.3704999999999998,3.1528999999999998
17673,-14.694900000000001,3.125
17674,-14.2919,3.1231
17675,-15.2653,3.1175000000000002
17676,-14.775499999999999,3.1175000000000002
17677,-15.779999999999999,3.1101000000000001
17678,-15.2963,3.1137999999999999
17679,-16.331800000000001,3.1063000000000001
17680,-16.623200000000001,3.1044999999999998
17681,-16.0962,3.1044999999999998
17682,-17.1875,3.0989
17683,-16.660399999999999,3.1008
17684,-17.776499999999999,3.0952000000000002
17685,-17.212299999999999,3.097
17686,-18.3965,3.0895999999999999
17687,-18.7624,3.0876999999999999
17688,-18.1113,3.0895999999999999
17689,-19.351400000000002,3.0840000000000001
17690,-18.7562,3.0859000000000001
17691,-20.008600000000001,3.0783999999999998
17692,-19.3948,3.0802999999999998
17693,-20.6721,3.0747
17694,-21.031700000000001,3.0729000000000002
17695,-20.4055,3.0747
17696,-21.750900000000001,3.0653999999999999
17697,-21.068899999999999,3.0691000000000002
17698,-22.470199999999998,3.0617000000000001
17699,-21.7943,3.0636000000000001
17700,-23.189399999999999,3.0560999999999998
17701,-23.6173,3.0543
17702,-22.8856,3.0560999999999998
17703,-24.373699999999999,3.0487000000000002
17704,-23.666899999999998,3.0505
17705,-25.1736,3.0430999999999999
17706,-24.417100000000001,3.0468000000000002
17707,-26.0168,3.0375000000000001
17708,-16.3628,3.0802999999999998
17709,-16.294599999999999,3.0821999999999998
17710,-16.288399999999999,3.0840000000000001
17711,-16.294599999999999,3.0840000000000001
17712,-16.294599999999999,3.0840000000000001
17713,-16.288399999999999,3.0840000000000001
17714,-16.294599999999999,3.0859000000000001
17715,-16.288399999999999,3.0859000000000001
17716,-16.2822,3.0859000000000001
17717,-16.288399999999999,3.0840000000000001
17718,-16.2822,3.0859000000000001
17719,-16.288399999999999,3.0859000000000001
17720,-16.313199999999998,3.0859000000000001
17721,-16.294599999999999,3.0859000000000001
17722,-16.288399999999999,3.0859000000000001
17723,-16.2822,3.0859000000000001
17724,-16.288399999999999,3.0859000000000001
17725,-16.288399999999999,3.0859000000000001
17726,-16.288399999999999,3.0859000000000001
17727,-16.294599999999999,3.0859000000000001
17728,-16.306999999999999,3.0859000000000001
17729,-16.306999999999999,3.0840000000000001
17730,-16.306999999999999,3.0840000000000001
17731,-16.288399999999999,3.0859000000000001
17732,-16.306999999999999,3.0840000000000001
17733,-16.306999999999999,3.0840000000000001
17734,-16.331800000000001,3.0840000000000001
17735,-16.331800000000001,3.0840000000000001
17736,-16.331800000000001,3.0840000000000001
17737,-16.338000000000001,3.0840000000000001
17738,-27.709499999999998,3.0337999999999998
17739,-28.335799999999999,3.0282
17740,-28.869,3.0226000000000002
17741,-29.427,3.0171000000000001
17742,-29.997499999999999,3.0133000000000001
17743,-30.555499999999999,3.0095999999999998
17744,-31.144500000000001,3.0059
17745,-31.7026,3.0022000000000002
17746,-32.316400000000002,2.9984999999999999
17747,-32.955100000000002,2.9946999999999999
17748,-33.5503,2.9910000000000001
17749,-34.226100000000002,2.9872999999999998
17750,-34.871000000000002,2.9817
17751,-35.540599999999998,2.9799000000000002
17752,-36.272300000000001,2.9723999999999999
17753,-36.960500000000003,2.9687000000000001
17754,-37.642600000000002,2.9649999999999999
17755,-38.392800000000001,2.9613
17756,-39.155500000000004,2.9575
17757,-39.911900000000003,2.952
17758,-24.7333,3.0133000000000001
17759,-24.652699999999999,3.0152000000000001
17760,-24.652699999999999,3.0171000000000001
17761,-24.658899999999999,3.0188999999999999
17762,-24.658899999999999,3.0188999999999999
17763,-24.658899999999999,3.0188999999999999
17764,-24.652699999999999,3.0188999999999999
17765,-24.696100000000001,3.0188999999999999
17766,-24.696100000000001,3.0188999999999999
17767,-24.708500000000001,3.0188999999999999
17768,2.7776999999999998,3.1436000000000002
17769,3.218,3.1547000000000001
17770,3.5217999999999998,3.1640000000000001
17771,3.7635999999999998,3.1715
17772,4.0053999999999998,3.177
17773,4.2472000000000003,3.1808000000000001
17774,4.4394,3.1844999999999999
17775,4.6067999999999998,3.1901000000000002
17776,4.7743000000000002,3.1919
17777,4.8487,3.1956000000000002
17778,4.8859000000000004,3.1993999999999998
17779,4.8859000000000004,3.2012
17780,4.8548999999999998,3.2031000000000001
17781,4.8052999999999999,3.2067999999999999
17782,4.7309000000000001,3.2086999999999999
17783,4.6501999999999999,3.2105000000000001
17784,9.9144000000000005,3.2347000000000001
17785,9.9144000000000005,3.2383999999999999
17786,8.9533000000000005,3.2366000000000001
17787,8.7611000000000008,3.2383999999999999
17788,7.8868999999999998,3.2366000000000001
17789,7.6016000000000004,3.2366000000000001
17790,6.7211999999999996,3.2347000000000001
17791,6.3987999999999996,3.2347000000000001
17792,8.1597000000000008,3.2421000000000002
17793,7.0435999999999996,3.2403
17794,5.8407,3.2366000000000001
17795,4.6811999999999996,3.2309999999999999
17796,3.6829999999999998,3.2273000000000001
17797,2.7281,3.2235
17798,1.7608999999999999,3.2198000000000002
17799,0.35959999999999998,3.2124000000000001
17800,-0.69440000000000002,3.2067999999999999
17801,-1.3826000000000001,3.2031000000000001
17802,-0.62619999999999998,3.2067999999999999
17803,-0.61380000000000001,3.2067999999999999
17804,-0.62,3.2067999999999999
17805,-0.62,3.2067999999999999
17806,-0.62,3.2067999999999999
17807,-0.62,3.2067999999999999
17808,-0.62,3.2067999999999999
17809,-0.62,3.2067999999999999
17810,-0.62,3.2086999999999999
17811,-0.62619999999999998,3.2086999999999999
17812,-0.63859999999999995,3.2067999999999999
17813,-0.63859999999999995,3.2086999999999999
17814,-0.63239999999999996,3.2086999999999999
17815,-0.63859999999999995,3.2086999999999999
17816,-0.63859999999999995,3.2086999999999999
17817,-0.63239999999999996,3.2086999999999999
17818,-0.63239999999999996,3.2086999999999999
17819,-0.63239999999999996,3.2105000000000001
17820,-0.63239999999999996,3.2105000000000001
17821,-0.068199999999999997,3.2124000000000001
17822,-0.63239999999999996,3.2105000000000001
17823,-0.63859999999999995,3.2105000000000001
17824,-0.63859999999999995,3.2105000000000001
17825,-0.63859999999999995,3.2105000000000001
17826,-0.63859999999999995,3.2105000000000001
17827,-0.63859999999999995,3.2105000000000001
17828,-0.63859999999999995,3.2124000000000001
17829,-0.63859999999999995,3.2124000000000001
17830,-0.63859999999999995,3.2124000000000001
17831,-0.63859999999999995,3.2124000000000001
17832,-0.63859999999999995,3.2124000000000001
17833,-0.63859999999999995,3.2124000000000001
17834,-2.7157,3.2012
17835,-4.1665999999999999,3.1938
17836,-5.7477,3.1863000000000001
17837,-7.2047999999999996,3.177
17838,-2.1204999999999998,3.1993999999999998
17839,-2.0337000000000001,3.2012
17840,-2.0398999999999998,3.2012
17841,-2.0213000000000001,3.2012
17842,-2.0213000000000001,3.2012
17843,-2.0089000000000001,3.2031000000000001
17844,-2.0089000000000001,3.2031000000000001
17845,-2.0213000000000001,3.2031000000000001
17846,-0.25419999999999998,3.2124000000000001
17847,-0.65100000000000002,3.2124000000000001
17848,-1.0105999999999999,3.2105000000000001
17849,-1.2958000000000001,3.2105000000000001
17850,-1.4136,3.2086999999999999
17851,-0.62,3.2124000000000001
17852,-0.62,3.2141999999999999
17853,-0.61380000000000001,3.2141999999999999
17854,-0.62619999999999998,3.2141999999999999
17855,-0.62,3.2141999999999999
17856,-0.62619999999999998,3.2141999999999999
17857,-0.62,3.2141999999999999
17858,-0.62,3.2161
17859,-0.62619999999999998,3.2161
17860,-0.62,3.2161
17861,-0.62619999999999998,3.2161
17862,-0.62,3.2161
17863,-0.62619999999999998,3.2161
17864,-0.62619999999999998,3.2161
17865,-0.62619999999999998,3.2161
17866,-0.62,3.2161
17867,-0.63239999999999996,3.218
17868,-0.63239999999999996,3.218
17869,-0.63859999999999995,3.218
17870,-0.63239999999999996,3.218
17871,-0.63239999999999996,3.218
17872,-2.0709,3.2124000000000001
17873,-2.7900999999999998,3.2067999999999999
17874,-3.6520000000000001,3.2012
17875,-4.4703999999999997,3.1956000000000002
17876,-5.1524999999999999,3.1919
17877,-6.0824999999999996,3.1882000000000001
17878,-6.9878,3.1808000000000001
17879,-7.7194000000000003,3.177
17880,-8.8665000000000003,3.1715
17881,-9.8772000000000002,3.1640000000000001
17882,-10.546799999999999,3.1602999999999999
17883,-11.886100000000001,3.1490999999999998
17884,-3.5528,3.1882000000000001
17885,-3.4411999999999998,3.1901000000000002
17886,-3.4411999999999998,3.1919
17887,-3.4350000000000001,3.1919
17888,-3.4350000000000001,3.1919
17889,-3.4411999999999998,3.1938
17890,-3.4411999999999998,3.1938
17891,-3.4411999999999998,3.1938
17892,-3.4411999999999998,3.1938
17893,-3.4411999999999998,3.1938
17894,-3.4411999999999998,3.1938
17895,-3.4474,3.1938
17896,-3.4411999999999998,3.1938
17897,-3.4163999999999999,3.1938
17898,-3.4163999999999999,3.1938
17899,-3.4163999999999999,3.1956000000000002
17900,-3.4163999999999999,3.1956000000000002
17901,-3.4102000000000001,3.1956000000000002
17902,-3.4226000000000001,3.1956000000000002
17903,-3.4163999999999999,3.1956000000000002
17904,-3.4163999999999999,3.1956000000000002
17905,-3.4163999999999999,3.1956000000000002
17906,-3.4226000000000001,3.1956000000000002
17907,-3.4163999999999999,3.1956000000000002
17908,1.3206,3.2198000000000002
17909,1.1222000000000001,3.2198000000000002
17910,0.88039999999999996,3.2216999999999998
17911,0.60760000000000003,3.2198000000000002
17912,0.36580000000000001,3.2198000000000002
17913,0.16120000000000001,3.2198000000000002
17914,-0.055800000000000002,3.218
17915,-0.73780000000000001,3.2161
17916,-1.054,3.2141999999999999
17917,-1.2958000000000001,3.2141999999999999
17918,-1.4136,3.2141999999999999
17919,-0.62,3.2161
17920,-0.61380000000000001,3.218
17921,-0.62,3.218
17922,-0.61380000000000001,3.218
17923,-0.61380000000000001,3.218
17924,-0.62,3.218
17925,-0.62,3.218
17926,-0.62,3.218
17927,-0.62,3.2198000000000002
17928,-0.62,3.218
17929,-0.62,3.2198000000000002
17930,-0.62,3.2198000000000002
17931,-0.62,3.2198000000000002
17932,-0.61380000000000001,3.2198000000000002
17933,-0.62,3.2198000000000002
17934,-0.61380000000000001,3.2198000000000002
17935,-0.62,3.2198000000000002
17936,-0.62,3.2198000000000002
17937,-0.62,3.2198000000000002
17938,-0.62,3.2198000000000002
17939,-0.62,3.2216999999999998
17940,-1.7546999999999999,3.2161
17941,-2.1019000000000001,3.2141999999999999
17942,-2.5731000000000002,3.2105000000000001
17943,-2.9388999999999998,3.2086999999999999
17944,-3.3792,3.2067999999999999
17945,-3.8193999999999999,3.2012
17946,-4.3836000000000004,3.1993999999999998
17947,-4.6936999999999998,3.1956000000000002
17948,-5.1401000000000003,3.1938
17949,-5.6608999999999998,3.1901000000000002
17950,-6.3802000000000003,3.1863000000000001
17951,-7.5023999999999997,3.1808000000000001
17952,-6.4607999999999999,3.1825999999999999
17953,-7.7256,3.177
17954,-8.2651000000000003,3.1732999999999998
17955,-9.1765000000000008,3.1677
17956,-9.4245999999999999,3.1659000000000002
17957,-9.8957999999999995,3.1621999999999999
17958,-10.416600000000001,3.1566000000000001
17959,-11.383900000000001,3.1509999999999998
17960,-11.4955,3.1473
17961,-12.0473,3.1436000000000002
17962,-12.617800000000001,3.1398000000000001
17963,-13.7028,3.1324000000000001
17964,-13.764799999999999,3.1305000000000001
17965,-14.409700000000001,3.1267999999999998
17966,-5.2145000000000001,3.1696
17967,-5.1029,3.1732999999999998
17968,-5.1029,3.1751999999999998
17969,-5.0967000000000002,3.1751999999999998
17970,-5.1029,3.1751999999999998
17971,-5.0967000000000002,3.177
17972,-5.1029,3.177
17973,-5.0967000000000002,3.177
17974,-5.1029,3.177
17975,-5.1029,3.1789000000000001
17976,-5.0904999999999996,3.1789000000000001
17977,-5.0967000000000002,3.1789000000000001
17978,0.93000000000000005,3.2086999999999999
17979,0.92379999999999995,3.2105000000000001
17980,0.60140000000000005,3.2124000000000001
17981,0.73160000000000003,3.2141999999999999
17982,0.60760000000000003,3.2141999999999999
17983,0.31619999999999998,3.2141999999999999
17984,0.39679999999999999,3.2161
17985,0.27900000000000003,3.2161
17986,-3.5838000000000001,3.1974999999999998
17987,-3.6581999999999999,3.1956000000000002
17988,-3.6520000000000001,3.1956000000000002
17989,-3.6520000000000001,3.1938
17990,-3.6581999999999999,3.1938
17991,-3.6644000000000001,3.1938
17992,-3.6581999999999999,3.1938
17993,-3.6581999999999999,3.1938
17994,-3.6581999999999999,3.1938
17995,-3.6644000000000001,3.1938
17996,-3.6644000000000001,3.1938
17997,-3.6581999999999999,3.1938
17998,-3.6705999999999999,3.1919
17999,1.6617,3.2198000000000002
18000,1.4632000000000001,3.2216999999999998
18001,1.302,3.2216999999999998
18002,0.89280000000000004,3.2216999999999998
18003,0.62619999999999998,3.2216999999999998
18004,0.37819999999999998,3.2216999999999998
18005,0.13639999999999999,3.2198000000000002
18006,-0.30380000000000001,3.218
18007,-0.71299999999999997,3.2161
18008,-1.0726,3.2161
18009,-1.3206,3.2141999999999999
18010,-1.4321999999999999,3.2124000000000001
18011,-0.63859999999999995,3.2161
18012,-0.63859999999999995,3.218
18013,-0.63859999999999995,3.218
18014,-0.63239999999999996,3.218
18015,-0.63859999999999995,3.218
18016,-0.63859999999999995,3.218
18017,-0.63859999999999995,3.218
18018,-0.63859999999999995,3.218
18019,-0.63859999999999995,3.218
18020,-0.63859999999999995,3.218
18021,-0.63859999999999995,3.218
18022,-0.63859999999999995,3.2198000000000002
18023,-0.63859999999999995,3.2198000000000002
18024,-0.63859999999999995,3.2198000000000002
18025,-0.63859999999999995,3.2198000000000002
18026,-0.63239999999999996,3.2198000000000002
18027,-0.63859999999999995,3.2198000000000002
18028,-0.63859999999999995,3.2198000000000002
18029,-0.63859999999999995,3.2198000000000002
18030,-2.7157,3.2105000000000001
18031,-4.1604000000000001,3.2012
18032,-5.7972999999999999,3.1919
18033,-7.1985999999999999,3.1844999999999999
18034,-2.1638999999999999,3.2086999999999999
18035,-2.0398999999999998,3.2086999999999999
18036,-2.0398999999999998,3.2105000000000001
18037,-2.0398999999999998,3.2105000000000001
18038,-2.0398999999999998,3.2105000000000001
18039,-2.0398999999999998,3.2105000000000001
18040,-2.0089000000000001,3.2105000000000001
18041,-2.0213000000000001,3.2105000000000001
18042,-0.25419999999999998,3.2198000000000002
18043,-0.65100000000000002,3.218
18044,-1.0105999999999999,3.2161
18045,-1.2958000000000001,3.2161
18046,-1.4136,3.2161
18047,-0.62,3.2198000000000002
18048,-0.61380000000000001,3.2198000000000002
18049,-0.61380000000000001,3.2198000000000002
18050,-0.62,3.2198000000000002
18051,-0.62619999999999998,3.2198000000000002
18052,-0.62,3.2216999999999998
18053,-0.61380000000000001,3.2216999999999998
18054,-0.61380000000000001,3.2216999999999998
18055,-0.62,3.2216999999999998
18056,-0.62,3.2216999999999998
18057,-0.62,3.2216999999999998
18058,-0.62,3.2216999999999998
18059,-0.62,3.2216999999999998
18060,-0.62,3.2216999999999998
18061,-0.62,3.2216999999999998
18062,-0.62,3.2216999999999998
18063,-0.62,3.2235
18064,-0.62,3.2216999999999998
18065,-0.62,3.2235
18066,-0.62,3.2235
18067,-0.61380000000000001,3.2235
18068,-2.0522999999999998,3.2161
18069,-2.7776999999999998,3.2124000000000001
18070,-3.6147999999999998,3.2086999999999999
18071,-4.4580000000000002,3.2012
18072,-5.1401000000000003,3.1974999999999998
18073,-6.0949,3.1919
18074,-6.9691999999999998,3.1863000000000001
18075,-7.6883999999999997,3.1808000000000001
18076,-8.9037000000000006,3.1751999999999998
18077,-9.8895999999999997,3.1677
18078,-10.5344,3.1621999999999999
18079,-11.8489,3.1528999999999998
18080,-3.5341999999999998,3.1919
18081,-3.4163999999999999,3.1938
18082,-3.4163999999999999,3.1956000000000002
18083,-3.4163999999999999,3.1956000000000002
18084,-3.4163999999999999,3.1956000000000002
18085,-3.4163999999999999,3.1974999999999998
18086,-3.4163999999999999,3.1956000000000002
18087,-3.4163999999999999,3.1974999999999998
18088,-3.4163999999999999,3.1974999999999998
18089,-3.4163999999999999,3.1974999999999998
18090,-3.4163999999999999,3.1974999999999998
18091,-3.4163999999999999,3.1974999999999998
18092,-3.4163999999999999,3.1974999999999998
18093,-3.4163999999999999,3.1974999999999998
18094,-3.4163999999999999,3.1974999999999998
18095,-3.4163999999999999,3.1974999999999998
18096,-3.4102000000000001,3.1974999999999998
18097,-3.4163999999999999,3.1974999999999998
18098,-3.4163999999999999,3.1974999999999998
18099,-3.4163999999999999,3.1974999999999998
18100,-3.4226000000000001,3.1974999999999998
18101,-3.4163999999999999,3.1974999999999998
18102,-3.4102000000000001,3.1974999999999998
18103,-3.4163999999999999,3.1974999999999998
18104,1.3206,3.2216999999999998
18105,1.1594,3.2235
18106,0.88039999999999996,3.2235
18107,0.60140000000000005,3.2235
18108,0.35959999999999998,3.2235
18109,0.155,3.2235
18110,-0.055800000000000002,3.2216999999999998
18111,-0.73780000000000001,3.2198000000000002
18112,-1.054,3.218
18113,-1.2896000000000001,3.2161
18114,-1.4136,3.2161
18115,-0.62,3.2198000000000002
18116,-0.61380000000000001,3.2198000000000002
18117,-0.61380000000000001,3.2198000000000002
18118,-0.62,3.2198000000000002
18119,-0.62,3.2216999999999998
18120,-0.62,3.2216999999999998
18121,-0.61380000000000001,3.2216999999999998
18122,-0.62,3.2216999999999998
18123,-0.61380000000000001,3.2216999999999998
18124,-0.62,3.2216999999999998
18125,-0.61380000000000001,3.2216999999999998
18126,-0.61380000000000001,3.2216999999999998
18127,-0.62619999999999998,3.2216999999999998
18128,-0.62,3.2216999999999998
18129,-0.61380000000000001,3.2216999999999998
18130,-0.62,3.2235
18131,-0.62,3.2216999999999998
18132,-0.62,3.2235
18133,-0.62,3.2235
18134,-0.61380000000000001,3.2235
18135,-0.61380000000000001,3.2235
18136,-1.7484999999999999,3.218
18137,-2.0956999999999999,3.2161
18138,-2.5731000000000002,3.2141999999999999
18139,-2.9388999999999998,3.2105000000000001
18140,-3.3792,3.2086999999999999
18141,-3.8193999999999999,3.2031000000000001
18142,-4.4084000000000003,3.2012
18143,-4.7061000000000002,3.1993999999999998
18144,-5.1772999999999998,3.1956000000000002
18145,-5.6547000000000001,3.1919
18146,-6.4298000000000002,3.1863000000000001
18147,-7.5023999999999997,3.1808000000000001
18148,-6.4917999999999996,3.1844999999999999
18149,-7.7256,3.177
18150,-8.2960999999999991,3.1732999999999998
18151,-9.1765000000000008,3.1677
18152,-9.4184000000000001,3.1659000000000002
18153,-9.8957999999999995,3.1621999999999999
18154,-10.416600000000001,3.1566000000000001
18155,-11.383900000000001,3.1509999999999998
18156,-11.5327,3.1473
18157,-12.065899999999999,3.1436000000000002
18158,-12.617800000000001,3.1398000000000001
18159,-13.7028,3.1324000000000001
18160,-13.820600000000001,3.1305000000000001
18161,-14.4221,3.1267999999999998
18162,-5.2206999999999999,3.1696
18163,-5.1090999999999998,3.1732999999999998
18164,-5.0967000000000002,3.1732999999999998
18165,-5.0967000000000002,3.1751999999999998
18166,-5.0967000000000002,3.1751999999999998
18167,-5.1029,3.177
18168,-5.1029,3.177
18169,-5.0967000000000002,3.177
18170,-5.0967000000000002,3.177
18171,-5.0967000000000002,3.177
18172,-5.1029,3.1789000000000001
18173,-5.0967000000000002,3.1789000000000001
18174,0.92379999999999995,3.2086999999999999
18175,0.96099999999999997,3.2124000000000001
18176,0.60140000000000005,3.2124000000000001
18177,0.73160000000000003,3.2161
18178,0.60760000000000003,3.2161
18179,0.32240000000000002,3.2161
18180,0.40920000000000001,3.218
18181,0.28520000000000001,3.218
18182,-3.5899999999999999,3.1974999999999998
18183,-3.6581999999999999,3.1956000000000002
18184,-3.6581999999999999,3.1956000000000002
18185,-3.6644000000000001,3.1938
18186,-3.6581999999999999,3.1938
18187,-3.6644000000000001,3.1938
18188,-3.6581999999999999,3.1938
18189,-3.6581999999999999,3.1938
18190,-3.6581999999999999,3.1938
18191,-3.6644000000000001,3.1938
18192,-3.6581999999999999,3.1938
18193,-3.6581999999999999,3.1938
18194,-3.6581999999999999,3.1938
18195,1.6493,3.2198000000000002
18196,1.4508000000000001,3.2216999999999998
18197,1.2896000000000001,3.2235
18198,0.88039999999999996,3.2216999999999998
18199,0.60140000000000005,3.2216999999999998
18200,0.36580000000000001,3.2216999999999998
18201,0.1116,3.2216999999999998
18202,-0.062,3.2198000000000002
18203,-0.7006,3.218
18204,-1.054,3.2161
18205,-1.302,3.2141999999999999
18206,-1.4321999999999999,3.2141999999999999
18207,-0.63239999999999996,3.218
18208,-0.63239999999999996,3.218
18209,-0.63859999999999995,3.218
18210,-0.63239999999999996,3.218
18211,-0.63239999999999996,3.218
18212,-0.63859999999999995,3.218
18213,-0.63239999999999996,3.2198000000000002
18214,-0.63239999999999996,3.2198000000000002
18215,-0.63859999999999995,3.218
18216,-0.63859999999999995,3.2198000000000002
18217,-0.63859999999999995,3.2198000000000002
18218,-0.63859999999999995,3.2198000000000002
18219,-0.63859999999999995,3.2198000000000002
18220,-0.63859999999999995,3.2198000000000002
18221,-0.63859999999999995,3.2198000000000002
18222,-0.63239999999999996,3.2198000000000002
18223,-0.61380000000000001,3.2216999999999998
18224,-0.62,3.2216999999999998
18225,-0.62,3.2216999999999998
18226,-2.6970999999999998,3.2105000000000001
18227,-4.1417999999999999,3.2012
18228,-5.7786999999999997,3.1938
18229,-7.1676000000000002,3.1844999999999999
18230,-2.1328999999999998,3.2086999999999999
18231,-2.0522999999999998,3.2105000000000001
18232,-2.0522999999999998,3.2105000000000001
18233,-2.0522999999999998,3.2105000000000001
18234,-2.0522999999999998,3.2105000000000001
18235,-2.0461,3.2105000000000001
18236,-2.0522999999999998,3.2105000000000001
18237,-2.0522999999999998,3.2105000000000001
18238,-0.25419999999999998,3.2198000000000002
18239,-0.65100000000000002,3.218
18240,-1.0105999999999999,3.218
18241,-1.2958000000000001,3.2161
18242,-1.4198,3.2161
18243,-0.62,3.2198000000000002
18244,-0.62,3.2198000000000002
18245,-0.62,3.2198000000000002
18246,-0.62,3.2216999999999998
18247,-0.62,3.2216999999999998
18248,-0.62,3.2216999999999998
18249,-0.61380000000000001,3.2216999999999998
18250,-0.61380000000000001,3.2216999999999998
18251,-0.62,3.2216999999999998
18252,-0.62,3.2216999999999998
18253,-0.62,3.2235
18254,-0.62,3.2216999999999998
18255,-0.62,3.2216999999999998
18256,-0.62,3.2235
18257,-0.62,3.2235
18258,-0.62,3.2235
18259,-0.62,3.2235
18260,-0.62,3.2235
18261,-0.62,3.2235
18262,-0.62,3.2235
18263,-0.62,3.2235
18264,-2.0585,3.2161
18265,-2.7776999999999998,3.2124000000000001
18266,-3.6272000000000002,3.2086999999999999
18267,-4.4641999999999999,3.2012
18268,-5.1524999999999999,3.1974999999999998
18269,-6.1010999999999997,3.1919
18270,-7.0312000000000001,3.1844999999999999
18271,-7.7504,3.1808000000000001
18272,-8.9161000000000001,3.1732999999999998
18273,-9.9206000000000003,3.1659000000000002
18274,-10.596399999999999,3.1602999999999999
18275,-11.9109,3.1509999999999998
18276,-3.5528,3.1901000000000002
18277,-3.4722,3.1919
18278,-3.4784000000000002,3.1938
18279,-3.4535999999999998,3.1938
18280,-3.4535999999999998,3.1956000000000002
18281,-3.4598,3.1956000000000002
18282,-3.4598,3.1956000000000002
18283,-3.4598,3.1956000000000002
18284,-3.4535999999999998,3.1956000000000002
18285,-3.4535999999999998,3.1956000000000002
18286,-3.4535999999999998,3.1956000000000002
18287,-3.4535999999999998,3.1956000000000002
18288,-3.4660000000000002,3.1956000000000002
18289,-3.4598,3.1956000000000002
18290,-3.4535999999999998,3.1956000000000002
18291,-3.4598,3.1956000000000002
18292,-3.4598,3.1974999999999998
18293,-3.4660000000000002,3.1956000000000002
18294,-3.4660000000000002,3.1956000000000002
18295,-3.4660000000000002,3.1956000000000002
18296,-3.4660000000000002,3.1956000000000002
18297,-3.4598,3.1974999999999998
18298,-3.4598,3.1956000000000002
18299,-3.4660000000000002,3.1956000000000002
18300,1.3268,3.2216999999999998
18301,1.1656,3.2235
18302,0.89280000000000004,3.2235
18303,0.62619999999999998,3.2235
18304,0.37819999999999998,3.2235
18305,0.1736,3.2235
18306,-0.1426,3.2216999999999998
18307,-0.76259999999999994,3.218
18308,-1.0726,3.2161
18309,-1.3206,3.2161
18310,-1.4321999999999999,3.2161
18311,-0.63859999999999995,3.2198000000000002
18312,-0.63859999999999995,3.218
18313,-0.63859999999999995,3.2198000000000002
18314,-0.63859999999999995,3.2198000000000002
18315,-0.63239999999999996,3.2198000000000002
18316,-0.63859999999999995,3.2198000000000002
18317,-0.63859999999999995,3.2198000000000002
18318,-0.63859999999999995,3.2198000000000002
18319,-0.63239999999999996,3.2216999999999998
18320,-0.63859999999999995,3.2216999999999998
18321,-0.63859999999999995,3.2216999999999998
18322,-0.63859999999999995,3.2216999999999998
18323,-0.63859999999999995,3.2216999999999998
18324,-0.61380000000000001,3.2216999999999998
18325,-0.62,3.2216999999999998
18326,-0.61380000000000001,3.2216999999999998
18327,-0.62,3.2216999999999998
18328,-0.61380000000000001,3.2235
18329,-0.62,3.2216999999999998
18330,-0.62,3.2235
18331,-0.61380000000000001,3.2235
18332,-1.7484999999999999,3.218
18333,-2.1019000000000001,3.2161
18334,-2.5669,3.2141999999999999
18335,-2.9388999999999998,3.2105000000000001
18336,-3.3792,3.2086999999999999
18337,-3.8193999999999999,3.2031000000000001
18338,-4.4084000000000003,3.1993999999999998
18339,-4.6936999999999998,3.1974999999999998
18340,-5.1772999999999998,3.1938
18341,-5.6547000000000001,3.1901000000000002
18342,-6.4298000000000002,3.1863000000000001
18343,-7.4962,3.1808000000000001
18344,-6.4980000000000002,3.1825999999999999
18345,-7.7256,3.177
18346,-8.3023000000000007,3.1715
18347,-9.1827000000000005,3.1659000000000002
18348,-9.4245999999999999,3.1640000000000001
18349,-9.9268000000000001,3.1602999999999999
18350,-10.460000000000001,3.1547000000000001
18351,-11.427300000000001,3.1490999999999998
18352,-11.5389,3.1454
18353,-12.1031,3.1417000000000002
18354,-12.654999999999999,3.1379999999999999
18355,-13.727600000000001,3.1305000000000001
18356,-13.857799999999999,3.1286999999999998
18357,-14.453099999999999,3.1231
18358,-5.2145000000000001,3.1677
18359,-5.1463000000000001,3.1696
18360,-5.1463000000000001,3.1715
18361,-5.1401000000000003,3.1732999999999998
18362,-5.1401000000000003,3.1732999999999998
18363,-5.1401000000000003,3.1751999999999998
18364,-5.1463000000000001,3.1751999999999998
18365,-5.1401000000000003,3.1751999999999998
18366,-5.1401000000000003,3.1751999999999998
18367,-5.1463000000000001,3.1751999999999998
18368,-5.1524999999999999,3.1751999999999998
18369,-5.1401000000000003,3.1751999999999998
18370,0.93000000000000005,3.2067999999999999
18371,0.96719999999999995,3.2105000000000001
18372,0.60140000000000005,3.2124000000000001
18373,0.73160000000000003,3.2141999999999999
18374,0.60760000000000003,3.2141999999999999
18375,0.32240000000000002,3.2141999999999999
18376,0.39679999999999999,3.2161
18377,0.28520000000000001,3.2161
18378,-3.6023999999999998,3.1956000000000002
18379,-3.6768000000000001,3.1938
18380,-3.6768000000000001,3.1938
18381,-3.6705999999999999,3.1919
18382,-3.6705999999999999,3.1919
18383,-3.6829999999999998,3.1919
18384,-3.6768000000000001,3.1919
18385,-3.6705999999999999,3.1919
18386,-3.6768000000000001,3.1919
18387,-3.6581999999999999,3.1919
18388,-3.6581999999999999,3.1919
18389,-3.6581999999999999,3.1919
18390,-3.6520000000000001,3.1919
18391,1.6431,3.2198000000000002
18392,1.4446000000000001,3.2216999999999998
18393,1.2834000000000001,3.2216999999999998
18394,0.87419999999999998,3.2216999999999998
18395,0.60140000000000005,3.2216999999999998
18396,0.35959999999999998,3.2198000000000002
18397,0.1116,3.2198000000000002
18398,-0.062,3.218
18399,-0.7006,3.2161
18400,-1.054,3.2141999999999999
18401,-1.2896000000000001,3.2124000000000001
18402,-1.4136,3.2124000000000001
18403,-0.62,3.2161
18404,-0.62,3.218
18405,-0.61380000000000001,3.218
18406,-0.62,3.218
18407,-0.62,3.218
18408,-0.62,3.218
18409,-0.62,3.218
18410,-0.62,3.218
18411,-0.62,3.218
18412,-0.62,3.218
18413,-0.62,3.218
18414,-0.62,3.218
18415,-0.62,3.2198000000000002
18416,-0.62619999999999998,3.2198000000000002
18417,-0.62,3.2198000000000002
18418,-0.62,3.2198000000000002
18419,-0.62,3.2198000000000002
18420,-0.62619999999999998,3.2198000000000002
18421,-0.62,3.2198000000000002
18422,-2.7033,3.2105000000000001
18423,-4.1479999999999997,3.2012
18424,-5.7849000000000004,3.1919
18425,-7.2358000000000002,3.1825999999999999
18426,-2.1638999999999999,3.2067999999999999
18427,-2.0771000000000002,3.2086999999999999
18428,-2.0709,3.2086999999999999
18429,-2.0771000000000002,3.2086999999999999
18430,-2.0771000000000002,3.2086999999999999
18431,-2.0709,3.2086999999999999
18432,-2.0709,3.2086999999999999
18433,-2.0709,3.2086999999999999
18434,-0.27279999999999999,3.218
18435,-0.67579999999999996,3.218
18436,-1.0416000000000001,3.2161
18437,-1.3206,3.2141999999999999
18438,-1.4321999999999999,3.2141999999999999
18439,-0.63859999999999995,3.218
18440,-0.63239999999999996,3.218
18441,-0.63239999999999996,3.2198000000000002
18442,-0.63859999999999995,3.2198000000000002
18443,-0.63239999999999996,3.2198000000000002
18444,-0.63859999999999995,3.2198000000000002
18445,-0.62,3.2198000000000002
18446,-0.61380000000000001,3.2198000000000002
18447,-0.62,3.2216999999999998
18448,-0.61380000000000001,3.2216999999999998
18449,-0.61380000000000001,3.2216999999999998
18450,-0.62,3.2216999999999998
18451,-0.62,3.2216999999999998
18452,-0.62,3.2216999999999998
18453,-0.62,3.2216999999999998
18454,-0.62,3.2216999999999998
18455,-0.62,3.2216999999999998
18456,-0.62,3.2216999999999998
18457,-0.62,3.2216999999999998
18458,-0.62619999999999998,3.2216999999999998
18459,-0.62,3.2216999999999998
18460,-2.1080999999999999,3.2161
18461,-2.7776999999999998,3.2124000000000001
18462,-3.6581999999999999,3.2067999999999999
18463,-4.4580000000000002,3.1993999999999998
18464,-5.1463000000000001,3.1956000000000002
18465,-6.0949,3.1901000000000002
18466,-7.0125999999999999,3.1825999999999999
18467,-7.7256,3.1789000000000001
18468,-8.8975000000000009,3.1715
18469,-9.8895999999999997,3.1640000000000001
18470,-10.5778,3.1566000000000001
18471,-11.8985,3.1490999999999998
18472,-3.5838000000000001,3.1882000000000001
18473,-3.4598,3.1919
18474,-3.4535999999999998,3.1919
18475,-3.4598,3.1919
18476,-3.4598,3.1938
18477,-3.4598,3.1938
18478,-3.4598,3.1938
18479,-3.4598,3.1938
18480,-3.4598,3.1938
18481,-3.4598,3.1938
18482,-3.4598,3.1938
18483,-3.4598,3.1938
18484,-3.4660000000000002,3.1956000000000002
18485,-3.4598,3.1938
18486,-3.4535999999999998,3.1956000000000002
18487,-3.4535999999999998,3.1938
18488,-3.4660000000000002,3.1938
18489,-3.4660000000000002,3.1938
18490,-3.4598,3.1938
18491,-3.4660000000000002,3.1938
18492,-3.4660000000000002,3.1938
18493,-3.4722,3.1938
18494,-3.4722,3.1938
18495,-3.4784000000000002,3.1938
18496,1.3391999999999999,3.2198000000000002
18497,1.1718,3.2216999999999998
18498,0.89900000000000002,3.2216999999999998
18499,0.62619999999999998,3.2216999999999998
18500,0.37819999999999998,3.2216999999999998
18501,0.1736,3.2216999999999998
18502,-0.31,3.218
18503,-0.76259999999999994,3.2161
18504,-1.0726,3.2161
18505,-1.3206,3.2141999999999999
18506,-1.4383999999999999,3.2141999999999999
18507,-0.63859999999999995,3.218
18508,-0.63859999999999995,3.218
18509,-0.63239999999999996,3.218
18510,-0.63239999999999996,3.218
18511,-0.63859999999999995,3.218
18512,-0.63859999999999995,3.218
18513,-0.63239999999999996,3.2198000000000002
18514,-0.63239999999999996,3.2198000000000002
18515,-0.63859999999999995,3.2198000000000002
18516,-0.63859999999999995,3.2198000000000002
18517,-0.63859999999999995,3.2198000000000002
18518,-0.63859999999999995,3.2198000000000002
18519,-0.63859999999999995,3.2198000000000002
18520,-0.63859999999999995,3.2198000000000002
18521,-0.63859999999999995,3.2198000000000002
18522,-0.62,3.2198000000000002
18523,-0.62,3.2216999999999998
18524,-0.62,3.2216999999999998
18525,-0.61380000000000001,3.2216999999999998
18526,-0.62,3.2216999999999998
18527,-0.62,3.2216999999999998
18528,-1.7423,3.2161
18529,-2.1019000000000001,3.2141999999999999
18530,-2.5731000000000002,3.2105000000000001
18531,-2.9823,3.2086999999999999
18532,-3.3792,3.2067999999999999
18533,-3.8132000000000001,3.2012
18534,-4.4084000000000003,3.1974999999999998
18535,-4.7432999999999996,3.1956000000000002
18536,-5.1711,3.1919
18537,-5.6856999999999998,3.1882000000000001
18538,-6.4236000000000004,3.1844999999999999
18539,-7.5271999999999997,3.177
18540,-6.5042,3.1808000000000001
18541,-7.7751999999999999,3.1751999999999998
18542,-8.2960999999999991,3.1696
18543,-9.2074999999999996,3.1640000000000001
18544,-9.4556000000000004,3.1621999999999999
18545,-9.9453999999999994,3.1547000000000001
18546,-10.453799999999999,3.1509999999999998
18547,-11.414899999999999,3.1454
18548,-11.5823,3.1436000000000002
18549,-12.0969,3.1379999999999999
18550,-12.661199999999999,3.1343000000000001
18551,-13.7834,3.1267999999999998
18552,-13.864000000000001,3.125
18553,-14.4779,3.1194000000000002
18554,-5.2393000000000001,3.1640000000000001
18555,-5.1586999999999996,3.1677
18556,-5.1586999999999996,3.1696
18557,-5.1649000000000003,3.1696
18558,-5.1524999999999999,3.1715
18559,-5.1524999999999999,3.1715
18560,-5.1586999999999996,3.1715
18561,-5.1649000000000003,3.1715
18562,-5.1586999999999996,3.1732999999999998
18563,-5.1586999999999996,3.1732999999999998
18564,-5.1586999999999996,3.1732999999999998
18565,-5.1649000000000003,3.1732999999999998
18566,0.9486,3.2031000000000001
18567,0.97960000000000003,3.2086999999999999
18568,0.62619999999999998,3.2086999999999999
18569,0.74399999999999999,3.2124000000000001
18570,0.60140000000000005,3.2124000000000001
18571,0.31619999999999998,3.2124000000000001
18572,0.39679999999999999,3.2141999999999999
18573,0.27900000000000003,3.2141999999999999
18574,-3.5838000000000001,3.1938
18575,-3.6581999999999999,3.1919
18576,-3.6520000000000001,3.1919
18577,-3.6457999999999999,3.1919
18578,-3.6581999999999999,3.1901000000000002
18579,-3.6581999999999999,3.1901000000000002
18580,-3.6581999999999999,3.1901000000000002
18581,-3.6581999999999999,3.1901000000000002
18582,-3.6581999999999999,3.1901000000000002
18583,-3.6581999999999999,3.1901000000000002
18584,-3.6520000000000001,3.1901000000000002
18585,-3.6520000000000001,3.1901000000000002
18586,-3.6520000000000001,3.1901000000000002
18587,1.6431,3.218
18588,1.4508000000000001,3.2198000000000002
18589,1.2834000000000001,3.2198000000000002
18590,0.87419999999999998,3.2198000000000002
18591,0.60140000000000005,3.2198000000000002
18592,0.35959999999999998,3.218
18593,0.1116,3.218
18594,-0.068199999999999997,3.2161
18595,-0.7006,3.2141999999999999
18596,-1.0602,3.2124000000000001
18597,-1.2958000000000001,3.2124000000000001
18598,-1.4321999999999999,3.2105000000000001
18599,-0.63239999999999996,3.2141999999999999
18600,-0.63239999999999996,3.2141999999999999
18601,-0.63239999999999996,3.2141999999999999
18602,-0.63859999999999995,3.2161
18603,-0.63239999999999996,3.2161
18604,-0.62,3.2161
18605,-0.62,3.2161
18606,-0.62,3.2161
18607,-0.61380000000000001,3.2161
18608,-0.61380000000000001,3.218
18609,-0.61380000000000001,3.218
18610,-0.61380000000000001,3.218
18611,-0.61380000000000001,3.218
18612,-0.61380000000000001,3.218
18613,-0.61380000000000001,3.218
18614,-0.61380000000000001,3.218
18615,-0.62,3.218
18616,-0.62,3.218
18617,-0.62,3.218
18618,-0.61380000000000001,3.2198000000000002
18619,-0.62,3.218
18620,-0.61380000000000001,3.2198000000000002
18621,-0.62,3.2198000000000002
18622,-0.62,3.2198000000000002
18623,-0.62,3.2198000000000002
18624,-0.62619999999999998,3.2198000000000002
18625,-0.61380000000000001,3.2198000000000002
18626,-0.62,3.2198000000000002
18627,-2.2692999999999999,3.2124000000000001
18628,-3.2242000000000002,3.2067999999999999
18629,-4.2286000000000001,3.1993999999999998
18630,-5.2206999999999999,3.1919
18631,-6.2126999999999999,3.1863000000000001
18632,-2.1080999999999999,3.2067999999999999
18633,-2.0585,3.2086999999999999
18634,-5.6299000000000001,3.1882000000000001
18635,-6.343,3.1844999999999999
18636,-7.2358000000000002,3.1789000000000001
18637,-7.7069999999999999,3.1732999999999998
18638,-8.4015000000000004,3.1696
18639,-9.0648999999999997,3.1640000000000001
18640,-10.1004,3.1566000000000001
18641,-10.553000000000001,3.1509999999999998
18642,-11.191700000000001,3.1454
18643,-3.7884000000000002,3.1825999999999999
18644,-3.6953999999999998,3.1844999999999999
18645,-10.491,3.1509999999999998
18646,-11.092499999999999,3.1454
18647,-11.2041,3.1436000000000002
18648,-12.1775,3.1360999999999999
18649,-12.7356,3.1305000000000001
18650,-13.299799999999999,3.1267999999999998
18651,-13.3432,3.125
18652,-14.446899999999999,3.1175000000000002
18653,-5.2641,3.1621999999999999
18654,-5.1401000000000003,3.1659000000000002
18655,-12.654999999999999,3.1286999999999998
18656,-13.808199999999999,3.1212
18657,-13.7028,3.1194000000000002
18658,-14.775499999999999,3.1101000000000001
18659,-14.6515,3.1101000000000001
18660,-15.1351,3.1063000000000001
18661,-16.294599999999999,3.0989
18662,-16.133400000000002,3.097
18663,-16.666599999999999,3.0933000000000002
18664,-17.888100000000001,3.0876999999999999
18665,-17.7455,3.0859000000000001
18666,-19.047599999999999,3.0783999999999998
18667,-18.892600000000002,3.0766
18668,-8.4200999999999997,3.1267999999999998
18669,-8.3394999999999992,3.1286999999999998
18670,-8.3270999999999997,3.1305000000000001
18671,-8.3332999999999995,3.1324000000000001
18672,-8.3332999999999995,3.1324000000000001
18673,-8.3270999999999997,3.1343000000000001
18674,-8.3332999999999995,3.1343000000000001
18675,-8.3394999999999992,3.1343000000000001
18676,-8.3457000000000008,3.1343000000000001
18677,-8.3457000000000008,3.1360999999999999
18678,-8.3394999999999992,3.1360999999999999
18679,-8.3270999999999997,3.1360999999999999
18680,-8.3332999999999995,3.1343000000000001
18681,-8.3270999999999997,3.1360999999999999
18682,-8.3332999999999995,3.1360999999999999
18683,-8.3332999999999995,3.1360999999999999
18684,-8.3332999999999995,3.1360999999999999
18685,-8.3332999999999995,3.1360999999999999
18686,-8.3394999999999992,3.1360999999999999
18687,-8.3332999999999995,3.1360999999999999
18688,-8.3332999999999995,3.1360999999999999
18689,-8.3457000000000008,3.1360999999999999
18690,-8.3332999999999995,3.1360999999999999
18691,-8.3332999999999995,3.1360999999999999
18692,-8.3270999999999997,3.1360999999999999
18693,-8.3332999999999995,3.1360999999999999
18694,-8.3394999999999992,3.1360999999999999
18695,-8.3270999999999997,3.1360999999999999
18696,-8.3332999999999995,3.1343000000000001
18697,-8.3332999999999995,3.1360999999999999
18698,-8.3332999999999995,3.1343000000000001
18699,-8.3394999999999992,3.1343000000000001
18700,-8.3332999999999995,3.1360999999999999
18701,-8.3332999999999995,3.1343000000000001
18702,-8.3270999999999997,3.1343000000000001
18703,-8.3394999999999992,3.1343000000000001
18704,-8.3457000000000008,3.1343000000000001
18705,-8.3332999999999995,3.1343000000000001
18706,-8.3332999999999995,3.1343000000000001
18707,-8.3394999999999992,3.1343000000000001
18708,-8.3332999999999995,3.1343000000000001
18709,-8.3394999999999992,3.1343000000000001
18710,-8.3394999999999992,3.1343000000000001
18711,-8.3394999999999992,3.1343000000000001
18712,-8.3394999999999992,3.1343000000000001
18713,-8.3332999999999995,3.1343000000000001
18714,-8.3394999999999992,3.1343000000000001
18715,-8.3332999999999995,3.1324000000000001
18716,-8.3394999999999992,3.1343000000000001
18717,-8.3332999999999995,3.1324000000000001
18718,3.8441999999999998,3.1956000000000002
18719,3.8441999999999998,3.2012
18720,3.6829999999999998,3.2067999999999999
18721,3.5217999999999998,3.2086999999999999
18722,3.3233999999999999,3.2105000000000001
18723,3.1621999999999999,3.2124000000000001
18724,2.9699,3.2124000000000001
18725,2.7591000000000001,3.2141999999999999
18726,-4.9789000000000003,3.1751999999999998
18727,-5.1401000000000003,3.1715
18728,-5.1401000000000003,3.1696
18729,-5.1463000000000001,3.1696
18730,-5.1463000000000001,3.1677
18731,-5.1401000000000003,3.1677
18732,-5.1463000000000001,3.1677
18733,-5.1338999999999997,3.1659000000000002
18734,-5.1401000000000003,3.1659000000000002
18735,-5.1463000000000001,3.1659000000000002
18736,-5.1401000000000003,3.1659000000000002
18737,-5.1401000000000003,3.1659000000000002
18738,-5.1463000000000001,3.1659000000000002
18739,-5.1524999999999999,3.1659000000000002
18740,-5.1524999999999999,3.1659000000000002
18741,-5.1401000000000003,3.1640000000000001
18742,-5.1463000000000001,3.1659000000000002
18743,-5.1401000000000003,3.1640000000000001
18744,-5.1524999999999999,3.1659000000000002
18745,-5.1401000000000003,3.1640000000000001
18746,-5.1401000000000003,3.1640000000000001
18747,-5.1401000000000003,3.1640000000000001
18748,-5.1401000000000003,3.1640000000000001
18749,-5.1401000000000003,3.1640000000000001
18750,-5.1338999999999997,3.1640000000000001
18751,-5.1463000000000001,3.1640000000000001
18752,-5.1401000000000003,3.1640000000000001
18753,-5.1463000000000001,3.1640000000000001
18754,-5.1401000000000003,3.1640000000000001
18755,-5.1463000000000001,3.1640000000000001
18756,-5.1401000000000003,3.1640000000000001
18757,-5.1401000000000003,3.1640000000000001
18758,-5.1338999999999997,3.1640000000000001
18759,-5.1463000000000001,3.1640000000000001
18760,-5.1463000000000001,3.1640000000000001
18761,-5.1463000000000001,3.1640000000000001
18762,-5.1401000000000003,3.1640000000000001
18763,-5.1401000000000003,3.1640000000000001
18764,-5.1463000000000001,3.1640000000000001
18765,-5.1401000000000003,3.1640000000000001
18766,-5.1463000000000001,3.1640000000000001
18767,-5.1463000000000001,3.1640000000000001
18768,-5.1401000000000003,3.1640000000000001
18769,-5.1401000000000003,3.1640000000000001
18770,-5.1401000000000003,3.1640000000000001
18771,-5.1401000000000003,3.1640000000000001
18772,-5.1401000000000003,3.1640000000000001
18773,-5.1401000000000003,3.1640000000000001
18774,-5.1463000000000001,3.1640000000000001
18775,-5.1524999999999999,3.1640000000000001
18776,-5.1463000000000001,3.1640000000000001
18777,-5.1401000000000003,3.1640000000000001
18778,-5.1338999999999997,3.1640000000000001
18779,-5.1401000000000003,3.1640000000000001
18780,-5.1401000000000003,3.1640000000000001
18781,-5.1463000000000001,3.1640000000000001
18782,-5.1401000000000003,3.1640000000000001
18783,-5.1463000000000001,3.1640000000000001
18784,-5.1463000000000001,3.1640000000000001
18785,-5.1463000000000001,3.1640000000000001
18786,-5.1463000000000001,3.1640000000000001
18787,-5.1401000000000003,3.1640000000000001
18788,-5.1401000000000003,3.1640000000000001
18789,-5.1524999999999999,3.1640000000000001
18790,-5.1463000000000001,3.1640000000000001
18791,-5.1401000000000003,3.1640000000000001
18792,-5.1463000000000001,3.1640000000000001
18793,-5.1463000000000001,3.1640000000000001
18794,-5.1401000000000003,3.1640000000000001
18795,-12.686,3.125
18796,-13.857799999999999,3.1156000000000001
18797,-13.7338,3.1137999999999999
18798,-14.818899999999999,3.1044999999999998
18799,-14.694900000000001,3.1008
18800,-15.1723,3.097
18801,-16.331800000000001,3.0895999999999999
18802,-16.1768,3.0895999999999999
18803,-16.697600000000001,3.0859000000000001
18804,-17.9377,3.0783999999999998
18805,-17.764099999999999,3.0766
18806,-19.1096,3.0691000000000002
18807,-18.9298,3.0653999999999999
18808,-8.4573,3.1175000000000002
18809,-8.3332999999999995,3.1212
18810,-8.3519000000000005,3.1231
18811,-8.3332999999999995,3.1231
18812,-8.3332999999999995,3.125
18813,-8.3332999999999995,3.125
18814,-8.3394999999999992,3.125
18815,-8.3394999999999992,3.1267999999999998
18816,-8.3332999999999995,3.1267999999999998
18817,-8.3457000000000008,3.1267999999999998
18818,-8.3332999999999995,3.1267999999999998
18819,-8.3394999999999992,3.1267999999999998
18820,-8.3270999999999997,3.1267999999999998
18821,-8.3332999999999995,3.1267999999999998
18822,-8.3270999999999997,3.1267999999999998
18823,-8.3332999999999995,3.1267999999999998
18824,-8.3394999999999992,3.1267999999999998
18825,-8.3332999999999995,3.1267999999999998
18826,-8.3394999999999992,3.1267999999999998
18827,-8.3332999999999995,3.1267999999999998
18828,-8.3394999999999992,3.1267999999999998
18829,-8.3394999999999992,3.1267999999999998
18830,-8.3519000000000005,3.1267999999999998
18831,-8.3519000000000005,3.1267999999999998
18832,-8.3457000000000008,3.1267999999999998
18833,-8.3519000000000005,3.1267999999999998
18834,-8.3581000000000003,3.1267999999999998
18835,-8.3457000000000008,3.1267999999999998
18836,-8.3332999999999995,3.1267999999999998
18837,-8.3270999999999997,3.1267999999999998
18838,-8.3270999999999997,3.1267999999999998
18839,-8.3332999999999995,3.1267999999999998
18840,-8.3890999999999991,3.1267999999999998
18841,-8.3704999999999998,3.1267999999999998
18842,-8.3704999999999998,3.1267999999999998
18843,-8.3766999999999996,3.1267999999999998
18844,-8.3704999999999998,3.1267999999999998
18845,-8.3704999999999998,3.1267999999999998
18846,-8.3704999999999998,3.1267999999999998
18847,-8.3704999999999998,3.1267999999999998
18848,-8.3766999999999996,3.1267999999999998
18849,-8.3766999999999996,3.1267999999999998
18850,-8.3766999999999996,3.125
18851,-8.3766999999999996,3.1267999999999998
18852,-8.3890999999999991,3.1267999999999998
18853,-8.3704999999999998,3.125
18854,-8.3704999999999998,3.125
18855,-8.3766999999999996,3.1267999999999998
18856,-8.3766999999999996,3.125
18857,-8.3953000000000007,3.1267999999999998
18858,-14.7073,3.0933000000000002
18859,-14.2919,3.0933000000000002
18860,-15.2591,3.0859000000000001
18861,-14.781700000000001,3.0859000000000001
18862,-15.7738,3.0802999999999998
18863,-15.3149,3.0802999999999998
18864,-16.331800000000001,3.0766
18865,-16.623200000000001,3.0729000000000002
18866,-16.102399999999999,3.0747
18867,-17.162600000000001,3.0691000000000002
18868,-16.660399999999999,3.0691000000000002
18869,-17.764099999999999,3.0617000000000001
18870,-17.224699999999999,3.0636000000000001
18871,-18.3841,3.0579999999999998
18872,-18.737500000000001,3.0543
18873,-18.1051,3.0560999999999998
18874,-19.345199999999998,3.0505
18875,-18.7437,3.0524
18876,-19.971399999999999,3.0449999999999999
18877,-19.363800000000001,3.0468000000000002
18878,-20.659700000000001,3.0411999999999999
18879,-21.013100000000001,3.0375000000000001
18880,-20.374500000000001,3.0394000000000001
18881,-21.726099999999999,3.0318999999999998
18882,-21.0503,3.0337999999999998
18883,-22.457799999999999,3.0264000000000002
18884,-21.7819,3.0282
18885,-23.183199999999999,3.0226000000000002
18886,-23.6173,3.0171000000000001
18887,-22.904199999999999,3.0188999999999999
18888,-24.386099999999999,3.0133000000000001
18889,-23.660699999999999,3.0133000000000001
18890,-25.186,3.0078
18891,-24.423300000000001,3.0078
18892,-26.023,3.0003000000000002
18893,-16.381399999999999,3.0430999999999999
18894,-16.294599999999999,3.0468000000000002
18895,-16.306999999999999,3.0468000000000002
18896,-16.319400000000002,3.0487000000000002
18897,-16.319400000000002,3.0487000000000002
18898,-16.319400000000002,3.0487000000000002
18899,-16.306999999999999,3.0487000000000002
18900,-16.313199999999998,3.0505
18901,-16.313199999999998,3.0487000000000002
18902,-16.319400000000002,3.0487000000000002
18903,-16.313199999999998,3.0487000000000002
18904,-16.319400000000002,3.0505
18905,-16.325600000000001,3.0505
18906,-16.319400000000002,3.0505
18907,-16.313199999999998,3.0487000000000002
18908,-16.319400000000002,3.0487000000000002
18909,-16.313199999999998,3.0487000000000002
18910,-16.313199999999998,3.0487000000000002
18911,-16.313199999999998,3.0487000000000002
18912,-16.313199999999998,3.0487000000000002
18913,-16.319400000000002,3.0487000000000002
18914,-16.319400000000002,3.0487000000000002
18915,-16.319400000000002,3.0487000000000002
18916,-16.306999999999999,3.0487000000000002
18917,-16.319400000000002,3.0487000000000002
18918,-16.319400000000002,3.0487000000000002
18919,-16.3566,3.0487000000000002
18920,-16.3566,3.0468000000000002
18921,-16.3504,3.0487000000000002
18922,-16.3566,3.0468000000000002
18923,-27.715699999999998,2.9946999999999999
18924,-28.348199999999999,2.9891999999999999
18925,-28.8752,2.9836
18926,-29.427,2.9780000000000002
18927,-29.991299999999999,2.9723999999999999
18928,-30.555499999999999,2.9687000000000001
18929,-31.125900000000001,2.9630999999999998
18930,-31.696400000000001,2.9613
18931,-32.291600000000003,2.9557000000000002
18932,-32.911700000000003,2.952
18933,-33.519300000000001,2.9481999999999999
18934,-34.207500000000003,2.9445000000000001
18935,-34.852400000000003,2.9388999999999998
18936,-35.515799999999999,2.9352
18937,-36.235100000000003,2.9315000000000002
18938,-36.910899999999998,2.9241000000000001
18939,-37.636400000000002,2.9203000000000001
18940,-38.386600000000001,2.9148000000000001
18941,-39.161700000000003,2.911
18942,-39.924300000000002,2.9055
18943,-24.7271,2.9687000000000001
18944,-24.665099999999999,2.9723999999999999
18945,-24.665099999999999,2.9761000000000002
18946,-24.658899999999999,2.9761000000000002
18947,-24.665099999999999,2.9780000000000002
18948,-24.658899999999999,2.9780000000000002
18949,-24.652699999999999,2.9780000000000002
18950,-24.689900000000002,2.9780000000000002
18951,-24.689900000000002,2.9780000000000002
18952,-24.683700000000002,2.9780000000000002
18953,2.7591000000000001,3.1044999999999998
18954,3.2118000000000002,3.1212
18955,3.5217999999999998,3.1305000000000001
18956,3.7635999999999998,3.1379999999999999
18957,4.0115999999999996,3.1454
18958,4.2472000000000003,3.1509999999999998
18959,4.4394,3.1566000000000001
18960,4.6130000000000004,3.1621999999999999
18961,4.7866999999999997,3.1659000000000002
18962,4.8611000000000004,3.1696
18963,4.9044999999999996,3.1732999999999998
18964,4.9107000000000003,3.1751999999999998
18965,4.8548999999999998,3.1789000000000001
18966,4.8052999999999999,3.1808000000000001
18967,4.7247000000000003,3.1825999999999999
18968,4.6626000000000003,3.1844999999999999
18969,9.9206000000000003,3.2124000000000001
18970,9.9329999999999998,3.2161
18971,8.9780999999999995,3.2141999999999999
18972,8.7797000000000001,3.2161
18973,7.8993000000000002,3.2141999999999999
18974,7.6201999999999996,3.2141999999999999
18975,6.7336,3.2124000000000001
18976,6.4298000000000002,3.2124000000000001
18977,8.1597000000000008,3.2216999999999998
18978,7.0373999999999999,3.2198000000000002
18979,5.8407,3.2141999999999999
18980,4.6875,3.2105000000000001
18981,3.6829999999999998,3.2067999999999999
18982,2.7281,3.2012
18983,1.7608999999999999,3.1956000000000002
18984,0.35959999999999998,3.1901000000000002
18985,-0.69440000000000002,3.1844999999999999
18986,-1.3826000000000001,3.1808000000000001
18987,-0.62,3.1825999999999999
18988,-0.61380000000000001,3.1825999999999999
18989,-0.62,3.1825999999999999
18990,-0.61380000000000001,3.1825999999999999
18991,-0.62,3.1825999999999999
18992,-0.62,3.1825999999999999
18993,-0.62,3.1825999999999999
18994,-0.62,3.1825999999999999
18995,-0.61380000000000001,3.1825999999999999
18996,-0.62,3.1844999999999999
18997,-0.62,3.1844999999999999
18998,-0.62,3.1844999999999999
18999,-0.62,3.1844999999999999
19000,-0.62,3.1844999999999999
19001,-0.61380000000000001,3.1844999999999999
19002,-0.61380000000000001,3.1844999999999999
19003,-0.61380000000000001,3.1844999999999999
19004,-0.62,3.1863000000000001
19005,-0.62,3.1863000000000001
19006,-0.062,3.1882000000000001
19007,-0.62,3.1863000000000001
19008,-0.62,3.1863000000000001
19009,-0.62,3.1863000000000001
19010,-0.62,3.1863000000000001
19011,-0.62,3.1863000000000001
19012,-0.62,3.1863000000000001
19013,-0.62,3.1882000000000001
19014,-0.62,3.1863000000000001
19015,-0.62619999999999998,3.1882000000000001
19016,-0.62,3.1882000000000001
19017,-0.63239999999999996,3.1882000000000001
19018,-0.62,3.1882000000000001
19019,-2.6970999999999998,3.1789000000000001
19020,-4.1417999999999999,3.1715
19021,-5.7415000000000003,3.1621999999999999
19022,-7.1738,3.1528999999999998
19023,-2.1080999999999999,3.1751999999999998
19024,-2.0274999999999999,3.177
19025,-2.0213000000000001,3.177
19026,-2.0213000000000001,3.1789000000000001
19027,-2.0337000000000001,3.1789000000000001
19028,-2.0337000000000001,3.1789000000000001
19029,-2.0337000000000001,3.1789000000000001
19030,-2.0337000000000001,3.1789000000000001
19031,-0.27279999999999999,3.1882000000000001
19032,-0.67579999999999996,3.1863000000000001
19033,-1.0354000000000001,3.1844999999999999
19034,-1.3144,3.1844999999999999
19035,-1.4321999999999999,3.1844999999999999
19036,-0.63859999999999995,3.1882000000000001
19037,-0.63859999999999995,3.1882000000000001
19038,-0.63239999999999996,3.1882000000000001
19039,-0.63859999999999995,3.1882000000000001
19040,-0.63859999999999995,3.1882000000000001
19041,-0.63239999999999996,3.1901000000000002
19042,-0.63859999999999995,3.1882000000000001
19043,-0.63239999999999996,3.1901000000000002
19044,-0.63859999999999995,3.1901000000000002
19045,-0.63859999999999995,3.1901000000000002
19046,-0.61380000000000001,3.1901000000000002
19047,-0.61380000000000001,3.1901000000000002
19048,-0.61380000000000001,3.1919
19049,-0.62,3.1919
19050,-0.61380000000000001,3.1919
19051,-0.62,3.1919
19052,-0.61380000000000001,3.1919
19053,-0.62,3.1919
19054,-0.61380000000000001,3.1919
19055,-0.62619999999999998,3.1919
19056,-0.62,3.1919
19057,-2.0522999999999998,3.1863000000000001
19058,-2.7776999999999998,3.1825999999999999
19059,-3.6272000000000002,3.177
19060,-4.4580000000000002,3.1732999999999998
19061,-5.1649000000000003,3.1677
19062,-6.0701000000000001,3.1640000000000001
19063,-6.9939999999999998,3.1547000000000001
19064,-7.7131999999999996,3.1490999999999998
19065,-8.8665000000000003,3.1436000000000002
19066,-9.8772000000000002,3.1360999999999999
19067,-10.553000000000001,3.1305000000000001
19068,-11.879899999999999,3.1212
19069,-3.5590000000000002,3.1602999999999999
19070,-3.4411999999999998,3.1640000000000001
19071,-3.4411999999999998,3.1659000000000002
19072,-3.4411999999999998,3.1659000000000002
19073,-3.4411999999999998,3.1659000000000002
19074,-3.4226000000000001,3.1677
19075,-3.4163999999999999,3.1677
19076,-3.4163999999999999,3.1677
19077,-3.4163999999999999,3.1677
19078,-3.4102000000000001,3.1677
19079,-3.4163999999999999,3.1677
19080,-3.4226000000000001,3.1677
19081,-3.4163999999999999,3.1677
19082,-3.4350000000000001,3.1696
19083,-3.4102000000000001,3.1696
19084,-3.4163999999999999,3.1696
19085,-3.4163999999999999,3.1696
19086,-3.4226000000000001,3.1696
19087,-3.4102000000000001,3.1696
19088,-3.4163999999999999,3.1696
19089,-3.4163999999999999,3.1696
19090,-3.4226000000000001,3.1696
19091,-3.4163999999999999,3.1696
19092,-3.4163999999999999,3.1696
19093,1.3206,3.1919
19094,1.1160000000000001,3.1938
19095,0.88660000000000005,3.1938
19096,0.60140000000000005,3.1938
19097,0.35959999999999998,3.1938
19098,0.155,3.1938
19099,-0.055800000000000002,3.1919
19100,-0.73160000000000003,3.1901000000000002
19101,-1.054,3.1882000000000001
19102,-1.2958000000000001,3.1882000000000001
19103,-1.4136,3.1863000000000001
19104,-0.61380000000000001,3.1901000000000002
19105,-0.62,3.1901000000000002
19106,-0.62,3.1901000000000002
19107,-0.62,3.1919
19108,-0.62,3.1919
19109,-0.62,3.1919
19110,-0.62,3.1919
19111,-0.62619999999999998,3.1919
19112,-0.62,3.1919
19113,-0.62,3.1919
19114,-0.62,3.1938
19115,-0.63239999999999996,3.1938
19116,-0.63859999999999995,3.1938
19117,-0.63239999999999996,3.1938
19118,-0.63239999999999996,3.1938
19119,-0.63859999999999995,3.1938
19120,-0.63859999999999995,3.1938
19121,-0.63239999999999996,3.1938
19122,-0.63239999999999996,3.1938
19123,-0.63239999999999996,3.1938
19124,-0.63239999999999996,3.1938
19125,-1.7670999999999999,3.1901000000000002
19126,-2.1204999999999998,3.1882000000000001
19127,-2.5979000000000001,3.1844999999999999
19128,-2.9575,3.1825999999999999
19129,-3.3854000000000002,3.1789000000000001
19130,-3.8132000000000001,3.177
19131,-4.3836000000000004,3.1732999999999998
19132,-4.6875,3.1715
19133,-5.1401000000000003,3.1677
19134,-5.6608999999999998,3.1640000000000001
19135,-6.3802000000000003,3.1602999999999999
19136,-7.4962,3.1509999999999998
19137,-6.4546000000000001,3.1547000000000001
19138,-7.7256,3.1473
19139,-8.2527000000000008,3.1436000000000002
19140,-9.1765000000000008,3.1379999999999999
19141,-9.4184000000000001,3.1343000000000001
19142,-9.9144000000000005,3.1305000000000001
19143,-10.4352,3.1267999999999998
19144,-11.4025,3.1194000000000002
19145,-11.4955,3.1175000000000002
19146,-12.0535,3.1137999999999999
19147,-12.611599999999999,3.1082000000000001
19148,-13.6966,3.1008
19149,-13.777200000000001,3.097
19150,-14.415900000000001,3.0914999999999999
19151,-5.2206999999999999,3.1360999999999999
19152,-5.1029,3.1398000000000001
19153,-5.0967000000000002,3.1417000000000002
19154,-5.0967000000000002,3.1436000000000002
19155,-5.0967000000000002,3.1436000000000002
19156,-5.1029,3.1454
19157,-5.0967000000000002,3.1454
19158,-5.1090999999999998,3.1454
19159,-5.1090999999999998,3.1454
19160,-5.1029,3.1454
19161,-5.1029,3.1454
19162,-5.1029,3.1473
19163,0.92379999999999995,3.1789000000000001
19164,0.92379999999999995,3.1825999999999999
19165,0.60140000000000005,3.1825999999999999
19166,0.72540000000000004,3.1844999999999999
19167,0.60140000000000005,3.1863000000000001
19168,0.31619999999999998,3.1863000000000001
19169,0.39679999999999999,3.1882000000000001
19170,0.27900000000000003,3.1882000000000001
19171,-3.5775999999999999,3.1696
19172,-3.6520000000000001,3.1677
19173,-3.6581999999999999,3.1677
19174,-3.6581999999999999,3.1659000000000002
19175,-3.6520000000000001,3.1659000000000002
19176,-3.6520000000000001,3.1659000000000002
19177,-3.6581999999999999,3.1659000000000002
19178,-3.6520000000000001,3.1659000000000002
19179,-3.6520000000000001,3.1659000000000002
19180,-3.6520000000000001,3.1659000000000002
19181,-3.6581999999999999,3.1659000000000002
19182,-3.6581999999999999,3.1659000000000002
19183,-3.6581999999999999,3.1659000000000002
19184,1.6431,3.1919
19185,1.4508000000000001,3.1938
19186,1.2834000000000001,3.1938
19187,0.89280000000000004,3.1938
19188,0.61380000000000001,3.1938
19189,0.37819999999999998,3.1938
19190,0.13639999999999999,3.1919
19191,-0.27279999999999999,3.1901000000000002
19192,-0.71299999999999997,3.1882000000000001
19193,-1.0726,3.1863000000000001
19194,-1.3206,3.1863000000000001
19195,-1.4259999999999999,3.1844999999999999
19196,-0.63859999999999995,3.1882000000000001
19197,-0.63239999999999996,3.1901000000000002
19198,-0.63239999999999996,3.1901000000000002
19199,-0.63859999999999995,3.1901000000000002
19200,-0.63859999999999995,3.1901000000000002
19201,-0.63859999999999995,3.1901000000000002
19202,-0.63859999999999995,3.1901000000000002
19203,-0.63859999999999995,3.1901000000000002
19204,-0.63859999999999995,3.1919
19205,-0.63859999999999995,3.1919
19206,-0.63859999999999995,3.1919
19207,-0.63239999999999996,3.1919
19208,-0.63859999999999995,3.1919
19209,-0.63859999999999995,3.1919
19210,-0.63859999999999995,3.1919
19211,-0.63859999999999995,3.1938
19212,-0.63859999999999995,3.1938
19213,-0.63859999999999995,3.1938
19214,-0.63859999999999995,3.1938
19215,-2.7033,3.1844999999999999
19216,-4.1417999999999999,3.1751999999999998
19217,-5.7849000000000004,3.1659000000000002
19218,-7.1676000000000002,3.1566000000000001
19219,-2.1328999999999998,3.1808000000000001
19220,-2.0213000000000001,3.1808000000000001
19221,-2.0089000000000001,3.1825999999999999
19222,-2.0089000000000001,3.1825999999999999
19223,-2.0089000000000001,3.1825999999999999
19224,-2.0089000000000001,3.1825999999999999
19225,-2.0089000000000001,3.1825999999999999
19226,-2.0089000000000001,3.1825999999999999
19227,-0.25419999999999998,3.1919
19228,-0.66339999999999999,3.1901000000000002
19229,-1.0167999999999999,3.1901000000000002
19230,-1.2958000000000001,3.1882000000000001
19231,-1.4136,3.1882000000000001
19232,-0.62,3.1919
19233,-0.62,3.1919
19234,-0.62619999999999998,3.1938
19235,-0.62,3.1919
19236,-0.62,3.1938
19237,-0.62,3.1938
19238,-0.62,3.1938
19239,-0.62,3.1938
19240,-0.62,3.1938
19241,-0.63859999999999995,3.1938
19242,-0.63239999999999996,3.1938
19243,-0.63239999999999996,3.1938
19244,-0.63239999999999996,3.1938
19245,-0.63239999999999996,3.1938
19246,-0.63239999999999996,3.1956000000000002
19247,-0.63239999999999996,3.1956000000000002
19248,-0.63239999999999996,3.1956000000000002
19249,-0.63239999999999996,3.1956000000000002
19250,-0.63859999999999995,3.1956000000000002
19251,-0.63239999999999996,3.1956000000000002
19252,-0.63239999999999996,3.1956000000000002
19253,-2.0771000000000002,3.1882000000000001
19254,-2.7900999999999998,3.1844999999999999
19255,-3.6334,3.1808000000000001
19256,-4.4703999999999997,3.1751999999999998
19257,-5.1649000000000003,3.1696
19258,-6.1135000000000002,3.1640000000000001
19259,-7.0002000000000004,3.1566000000000001
19260,-7.7131999999999996,3.1509999999999998
19261,-8.9222999999999999,3.1436000000000002
19262,-9.9144000000000005,3.1360999999999999
19263,-10.553000000000001,3.1305000000000001
19264,-11.8675,3.1231
19265,-3.5528,3.1621999999999999
19266,-3.4350000000000001,3.1659000000000002
19267,-3.4350000000000001,3.1659000000000002
19268,-3.4411999999999998,3.1659000000000002
19269,-3.4411999999999998,3.1677
19270,-3.4411999999999998,3.1677
19271,-3.4102000000000001,3.1677
19272,-3.4163999999999999,3.1696
19273,-3.4163999999999999,3.1696
19274,-3.4163999999999999,3.1696
19275,-3.4163999999999999,3.1696
19276,-3.4163999999999999,3.1696
19277,-3.4163999999999999,3.1696
19278,-3.4163999999999999,3.1696
19279,-3.4163999999999999,3.1696
19280,-3.4163999999999999,3.1696
19281,-3.4163999999999999,3.1696
19282,-3.4226000000000001,3.1696
19283,-3.4163999999999999,3.1696
19284,-3.4163999999999999,3.1696
19285,-3.4163999999999999,3.1696
19286,-3.4226000000000001,3.1696
19287,-3.4163999999999999,3.1696
19288,-3.4226000000000001,3.1696
19289,1.3268,3.1919
19290,1.1594,3.1956000000000002
19291,0.88039999999999996,3.1956000000000002
19292,0.60140000000000005,3.1956000000000002
19293,0.35959999999999998,3.1938
19294,0.155,3.1938
19295,-0.055800000000000002,3.1938
19296,-0.73780000000000001,3.1919
19297,-1.054,3.1901000000000002
19298,-1.2958000000000001,3.1882000000000001
19299,-1.4136,3.1882000000000001
19300,-0.62,3.1919
19301,-0.62,3.1919
19302,-0.62,3.1919
19303,-0.62,3.1919
19304,-0.62619999999999998,3.1919
19305,-0.62,3.1919
19306,-0.62,3.1938
19307,-0.62,3.1938
19308,-0.61380000000000001,3.1938
19309,-0.62,3.1938
19310,-0.61380000000000001,3.1938
19311,-0.62,3.1938
19312,-0.62,3.1938
19313,-0.61380000000000001,3.1938
19314,-0.62,3.1956000000000002
19315,-0.61380000000000001,3.1956000000000002
19316,-0.62,3.1956000000000002
19317,-0.61380000000000001,3.1956000000000002
19318,-0.61380000000000001,3.1956000000000002
19319,-0.62,3.1956000000000002
19320,-0.61380000000000001,3.1956000000000002
19321,-1.7299,3.1901000000000002
19322,-2.0956999999999999,3.1882000000000001
19323,-2.5731000000000002,3.1863000000000001
19324,-2.9451000000000001,3.1825999999999999
19325,-3.3854000000000002,3.1808000000000001
19326,-3.8193999999999999,3.177
19327,-4.4084000000000003,3.1732999999999998
19328,-4.6936999999999998,3.1715
19329,-5.1772999999999998,3.1677
19330,-5.6608999999999998,3.1640000000000001
19331,-6.4173999999999998,3.1602999999999999
19332,-7.4900000000000002,3.1509999999999998
19333,-6.4917999999999996,3.1547000000000001
19334,-7.7256,3.1473
19335,-8.3023000000000007,3.1436000000000002
19336,-9.1765000000000008,3.1360999999999999
19337,-9.4184000000000001,3.1343000000000001
19338,-9.8895999999999997,3.1286999999999998
19339,-10.410399999999999,3.125
19340,-11.377700000000001,3.1194000000000002
19341,-11.5389,3.1156000000000001
19342,-12.0473,3.1101000000000001
19343,-12.617800000000001,3.1044999999999998
19344,-13.7028,3.097
19345,-13.808199999999999,3.0933000000000002
19346,-14.415900000000001,3.0895999999999999
19347,-5.2206999999999999,3.1343000000000001
19348,-5.1029,3.1379999999999999
19349,-5.1029,3.1398000000000001
19350,-5.0967000000000002,3.1417000000000002
19351,-5.0967000000000002,3.1417000000000002
19352,-5.1029,3.1436000000000002
19353,-5.1029,3.1436000000000002
19354,-5.1029,3.1436000000000002
19355,-5.1029,3.1436000000000002
19356,-5.1029,3.1436000000000002
19357,-5.1029,3.1436000000000002
19358,-5.0967000000000002,3.1454
19359,0.92379999999999995,3.177
19360,0.96099999999999997,3.1808000000000001
19361,0.60140000000000005,3.1808000000000001
19362,0.72540000000000004,3.1844999999999999
19363,0.60140000000000005,3.1844999999999999
19364,0.31619999999999998,3.1844999999999999
19365,0.39679999999999999,3.1863000000000001
19366,0.28520000000000001,3.1882000000000001
19367,-3.5838000000000001,3.1696
19368,-3.6520000000000001,3.1677
19369,-3.6644000000000001,3.1659000000000002
19370,-3.6581999999999999,3.1659000000000002
19371,-3.6581999999999999,3.1659000000000002
19372,-3.6768000000000001,3.1640000000000001
19373,-3.6705999999999999,3.1640000000000001
19374,-3.6768000000000001,3.1640000000000001
19375,-3.6705999999999999,3.1640000000000001
19376,-3.6705999999999999,3.1640000000000001
19377,-3.6768000000000001,3.1640000000000001
19378,-3.6768000000000001,3.1640000000000001
19379,-3.6705999999999999,3.1640000000000001
19380,1.6678999999999999,3.1901000000000002
19381,1.4694,3.1919
19382,1.302,3.1938
19383,0.89900000000000002,3.1919
19384,0.62619999999999998,3.1919
19385,0.37819999999999998,3.1919
19386,0.13639999999999999,3.1919
19387,-0.16739999999999999,3.1901000000000002
19388,-0.71299999999999997,3.1882000000000001
19389,-1.0726,3.1863000000000001
19390,-1.3206,3.1844999999999999
19391,-1.4321999999999999,3.1844999999999999
19392,-0.63859999999999995,3.1882000000000001
19393,-0.63859999999999995,3.1882000000000001
19394,-0.63859999999999995,3.1882000000000001
19395,-0.63859999999999995,3.1882000000000001
19396,-0.63859999999999995,3.1901000000000002
19397,-0.63859999999999995,3.1901000000000002
19398,-0.63859999999999995,3.1901000000000002
19399,-0.63859999999999995,3.1901000000000002
19400,-0.63859999999999995,3.1901000000000002
19401,-0.63859999999999995,3.1901000000000002
19402,-0.63859999999999995,3.1901000000000002
19403,-0.63859999999999995,3.1901000000000002
19404,-0.63239999999999996,3.1919
19405,-0.63859999999999995,3.1901000000000002
19406,-0.63239999999999996,3.1919
19407,-0.63859999999999995,3.1919
19408,-0.63859999999999995,3.1919
19409,-0.63859999999999995,3.1919
19410,-0.63859999999999995,3.1919
19411,-2.7281,3.1825999999999999
19412,-4.1665999999999999,3.1732999999999998
19413,-5.7911000000000001,3.1640000000000001
19414,-7.1738,3.1547000000000001
19415,-2.1391,3.1789000000000001
19416,-2.0522999999999998,3.1789000000000001
19417,-2.0522999999999998,3.1808000000000001
19418,-2.0585,3.1808000000000001
19419,-2.0461,3.1808000000000001
19420,-2.0522999999999998,3.1808000000000001
19421,-2.0585,3.1808000000000001
19422,-2.0522999999999998,3.1808000000000001
19423,-0.25419999999999998,3.1901000000000002
19424,-0.65720000000000001,3.1901000000000002
19425,-1.0167999999999999,3.1882000000000001
19426,-1.302,3.1863000000000001
19427,-1.4136,3.1863000000000001
19428,-0.62,3.1901000000000002
19429,-0.62,3.1901000000000002
19430,-0.62,3.1919
19431,-0.62,3.1919
19432,-0.62,3.1919
19433,-0.62,3.1919
19434,-0.62,3.1919
19435,-0.62,3.1919
19436,-0.62,3.1919
19437,-0.62,3.1938
19438,-0.61380000000000001,3.1938
19439,-0.62,3.1938
19440,-0.61380000000000001,3.1938
19441,-0.62,3.1938
19442,-0.61380000000000001,3.1938
19443,-0.62,3.1938
19444,-0.62,3.1938
19445,-0.61380000000000001,3.1956000000000002
19446,-0.61380000000000001,3.1938
19447,-0.62,3.1956000000000002
19448,-0.62,3.1956000000000002
19449,-2.0522999999999998,3.1882000000000001
19450,-2.7776999999999998,3.1844999999999999
19451,-3.621,3.1789000000000001
19452,-4.4518000000000004,3.1732999999999998
19453,-5.1401000000000003,3.1696
19454,-6.0949,3.1621999999999999
19455,-7.0125999999999999,3.1547000000000001
19456,-7.7317999999999998,3.1490999999999998
19457,-8.9037000000000006,3.1417000000000002
19458,-9.9019999999999992,3.1343000000000001
19459,-10.5778,3.1286999999999998
19460,-11.892300000000001,3.1194000000000002
19461,-3.5341999999999998,3.1602999999999999
19462,-3.4535999999999998,3.1621999999999999
19463,-3.4598,3.1640000000000001
19464,-3.4598,3.1640000000000001
19465,-3.4535999999999998,3.1640000000000001
19466,-3.4598,3.1659000000000002
19467,-3.4535999999999998,3.1659000000000002
19468,-3.4535999999999998,3.1659000000000002
19469,-3.4535999999999998,3.1659000000000002
19470,-3.4598,3.1659000000000002
19471,-3.4598,3.1659000000000002
19472,-3.4598,3.1677
19473,-3.4535999999999998,3.1677
19474,-3.4598,3.1677
19475,-3.4535999999999998,3.1659000000000002
19476,-3.4598,3.1659000000000002
19477,-3.4535999999999998,3.1659000000000002
19478,-3.4598,3.1659000000000002
19479,-3.4535999999999998,3.1677
19480,-3.4598,3.1677
19481,-3.4598,3.1677
19482,-3.4535999999999998,3.1659000000000002
19483,-3.4535999999999998,3.1659000000000002
19484,-3.4598,3.1677
19485,1.3206,3.1901000000000002
19486,1.1594,3.1919
19487,0.87419999999999998,3.1938
19488,0.60140000000000005,3.1919
19489,0.35959999999999998,3.1938
19490,0.155,3.1919
19491,-0.062,3.1919
19492,-0.73780000000000001,3.1882000000000001
19493,-1.054,3.1882000000000001
19494,-1.2896000000000001,3.1863000000000001
19495,-1.4136,3.1844999999999999
19496,-0.61380000000000001,3.1901000000000002
19497,-0.62,3.1901000000000002
19498,-0.61380000000000001,3.1901000000000002
19499,-0.61380000000000001,3.1901000000000002
19500,-0.62,3.1901000000000002
19501,-0.62,3.1919
19502,-0.62,3.1919
19503,-0.61380000000000001,3.1919
19504,-0.61380000000000001,3.1919
19505,-0.61380000000000001,3.1919
19506,-0.61380000000000001,3.1919
19507,-0.61380000000000001,3.1919
19508,-0.62,3.1919
19509,-0.62,3.1919
19510,-0.61380000000000001,3.1919
19511,-0.62,3.1938
19512,-0.62,3.1938
19513,-0.62,3.1938
19514,-0.62,3.1938
19515,-0.62,3.1938
19516,-0.62,3.1938
19517,-1.7423,3.1882000000000001
19518,-2.1019000000000001,3.1863000000000001
19519,-2.5669,3.1825999999999999
19520,-2.9388999999999998,3.1808000000000001
19521,-3.3854000000000002,3.1789000000000001
19522,-3.8069999999999999,3.1751999999999998
19523,-4.4084000000000003,3.1715
19524,-4.6936999999999998,3.1696
19525,-5.1772999999999998,3.1659000000000002
19526,-5.6547000000000001,3.1621999999999999
19527,-6.4298000000000002,3.1547000000000001
19528,-7.4900000000000002,3.1473
19529,-6.4980000000000002,3.1509999999999998
19530,-7.7317999999999998,3.1436000000000002
19531,-8.2960999999999991,3.1398000000000001
19532,-9.1827000000000005,3.1324000000000001
19533,-9.4122000000000003,3.1305000000000001
19534,-9.9453999999999994,3.125
19535,-10.460000000000001,3.1212
19536,-11.4087,3.1156000000000001
19537,-11.5389,3.1101000000000001
19538,-12.0969,3.1044999999999998
19539,-12.6488,3.1008
19540,-13.721399999999999,3.0933000000000002
19541,-13.851599999999999,3.0895999999999999
19542,-14.4655,3.0859000000000001
19543,-5.2206999999999999,3.1305000000000001
19544,-5.1338999999999997,3.1343000000000001
19545,-5.1401000000000003,3.1360999999999999
19546,-5.1401000000000003,3.1360999999999999
19547,-5.1401000000000003,3.1379999999999999
19548,-5.1463000000000001,3.1379999999999999
19549,-5.1338999999999997,3.1398000000000001
19550,-5.1401000000000003,3.1398000000000001
19551,-5.1463000000000001,3.1398000000000001
19552,-5.1463000000000001,3.1398000000000001
19553,-5.1401000000000003,3.1398000000000001
19554,-5.1463000000000001,3.1398000000000001
19555,0.93000000000000005,3.1732999999999998
19556,0.96719999999999995,3.177
19557,0.60140000000000005,3.1789000000000001
19558,0.73160000000000003,3.1808000000000001
19559,0.60760000000000003,3.1825999999999999
19560,0.32240000000000002,3.1825999999999999
19561,0.40920000000000001,3.1825999999999999
19562,0.28520000000000001,3.1844999999999999
19563,-3.5899999999999999,3.1659000000000002
19564,-3.6581999999999999,3.1640000000000001
19565,-3.6581999999999999,3.1640000000000001
19566,-3.6581999999999999,3.1621999999999999
19567,-3.6581999999999999,3.1621999999999999
19568,-3.6581999999999999,3.1621999999999999
19569,-3.6581999999999999,3.1621999999999999
19570,-3.6581999999999999,3.1602999999999999
19571,-3.6520000000000001,3.1621999999999999
19572,-3.6581999999999999,3.1602999999999999
19573,-3.6581999999999999,3.1602999999999999
19574,-3.6581999999999999,3.1602999999999999
19575,-3.6644000000000001,3.1602999999999999
19576,1.6431,3.1882000000000001
19577,1.4508000000000001,3.1901000000000002
19578,1.2896000000000001,3.1901000000000002
19579,0.88039999999999996,3.1901000000000002
19580,0.62619999999999998,3.1901000000000002
19581,0.37819999999999998,3.1901000000000002
19582,0.13020000000000001,3.1901000000000002
19583,-0.19839999999999999,3.1863000000000001
19584,-0.71299999999999997,3.1844999999999999
19585,-1.0726,3.1844999999999999
19586,-1.3206,3.1825999999999999
19587,-1.4321999999999999,3.1808000000000001
19588,-0.63859999999999995,3.1863000000000001
19589,-0.63859999999999995,3.1863000000000001
19590,-0.63239999999999996,3.1863000000000001
19591,-0.63239999999999996,3.1863000000000001
19592,-0.63239999999999996,3.1863000000000001
19593,-0.63859999999999995,3.1863000000000001
19594,-0.63859999999999995,3.1863000000000001
19595,-0.63859999999999995,3.1882000000000001
19596,-0.63239999999999996,3.1882000000000001
19597,-0.62,3.1882000000000001
19598,-0.62,3.1882000000000001
19599,-0.62,3.1882000000000001
19600,-0.61380000000000001,3.1882000000000001
19601,-0.61380000000000001,3.1882000000000001
19602,-0.61380000000000001,3.1901000000000002
19603,-0.62,3.1882000000000001
19604,-0.62,3.1901000000000002
19605,-0.62,3.1901000000000002
19606,-0.62,3.1901000000000002
19607,-2.6970999999999998,3.1808000000000001
19608,-4.1417999999999999,3.1715
19609,-5.7786999999999997,3.1621999999999999
19610,-7.2110000000000003,3.1509999999999998
19611,-2.1391,3.1751999999999998
19612,-2.0522999999999998,3.177
19613,-2.0522999999999998,3.177
19614,-2.0522999999999998,3.177
19615,-2.0461,3.1789000000000001
19616,-2.0522999999999998,3.1789000000000001
19617,-2.0522999999999998,3.1789000000000001
19618,-2.0522999999999998,3.1789000000000001
19619,-0.25419999999999998,3.1882000000000001
19620,-0.65100000000000002,3.1863000000000001
19621,-1.0105999999999999,3.1844999999999999
19622,-1.2958000000000001,3.1844999999999999
19623,-1.4136,3.1844999999999999
19624,-0.62,3.1882000000000001
19625,-0.61380000000000001,3.1882000000000001
19626,-0.61380000000000001,3.1882000000000001
19627,-0.61380000000000001,3.1882000000000001
19628,-0.61380000000000001,3.1901000000000002
19629,-0.61380000000000001,3.1901000000000002
19630,-0.61380000000000001,3.1901000000000002
19631,-0.61380000000000001,3.1901000000000002
19632,-0.62619999999999998,3.1901000000000002
19633,-0.62,3.1901000000000002
19634,-0.62,3.1901000000000002
19635,-0.62,3.1919
19636,-0.62,3.1919
19637,-0.62,3.1919
19638,-0.62,3.1919
19639,-0.62,3.1919
19640,-0.62,3.1919
19641,-0.62,3.1919
19642,-0.62,3.1919
19643,-0.62,3.1919
19644,-0.63239999999999996,3.1919
19645,-2.1204999999999998,3.1844999999999999
19646,-2.8025000000000002,3.1808000000000001
19647,-3.6705999999999999,3.1751999999999998
19648,-4.4766000000000004,3.1715
19649,-5.1524999999999999,3.1659000000000002
19650,-6.1073000000000004,3.1566000000000001
19651,-7.0312000000000001,3.1509999999999998
19652,-7.7504,3.1454
19653,-8.8975000000000009,3.1379999999999999
19654,-9.8957999999999995,3.1305000000000001
19655,-10.5778,3.125
19656,-11.8985,3.1156000000000001
19657,-3.5775999999999999,3.1528999999999998
19658,-3.4598,3.1566000000000001
19659,-3.4535999999999998,3.1602999999999999
19660,-3.4598,3.1602999999999999
19661,-3.4598,3.1621999999999999
19662,-3.4535999999999998,3.1621999999999999
19663,-3.4535999999999998,3.1621999999999999
19664,-3.4535999999999998,3.1621999999999999
19665,-3.4535999999999998,3.1640000000000001
19666,-3.4598,3.1621999999999999
19667,-3.4660000000000002,3.1621999999999999
19668,-3.4598,3.1621999999999999
19669,-3.4660000000000002,3.1621999999999999
19670,-3.4660000000000002,3.1640000000000001
19671,-3.4598,3.1640000000000001
19672,-3.4598,3.1640000000000001
19673,-3.4598,3.1640000000000001
19674,-3.4598,3.1640000000000001
19675,-3.4598,3.1621999999999999
19676,-3.4722,3.1640000000000001
19677,-3.4722,3.1621999999999999
19678,-3.4784000000000002,3.1621999999999999
19679,-3.4722,3.1621999999999999
19680,-3.4784000000000002,3.1621999999999999
19681,1.3391999999999999,3.1882000000000001
19682,1.1779999999999999,3.1901000000000002
19683,0.89280000000000004,3.1901000000000002
19684,0.62619999999999998,3.1901000000000002
19685,0.37819999999999998,3.1901000000000002
19686,0.1736,3.1901000000000002
19687,-0.124,3.1882000000000001
19688,-0.76259999999999994,3.1844999999999999
19689,-1.0726,3.1844999999999999
19690,-1.3206,3.1825999999999999
19691,-1.4321999999999999,3.1825999999999999
19692,-0.63859999999999995,3.1863000000000001
19693,-0.63239999999999996,3.1863000000000001
19694,-0.63239999999999996,3.1863000000000001
19695,-0.63239999999999996,3.1863000000000001
19696,-0.63859999999999995,3.1863000000000001
19697,-0.63239999999999996,3.1882000000000001
19698,-0.62,3.1882000000000001
19699,-0.61380000000000001,3.1882000000000001
19700,-0.62,3.1882000000000001
19701,-0.61380000000000001,3.1901000000000002
19702,-0.61380000000000001,3.1901000000000002
19703,-0.61380000000000001,3.1901000000000002
19704,-0.61380000000000001,3.1901000000000002
19705,-0.61380000000000001,3.1901000000000002
19706,-0.62,3.1901000000000002
19707,-0.62,3.1901000000000002
19708,-0.61380000000000001,3.1901000000000002
19709,-0.61380000000000001,3.1901000000000002
19710,-0.61380000000000001,3.1901000000000002
19711,-0.61380000000000001,3.1901000000000002
19712,-0.61380000000000001,3.1919
19713,-1.7423,3.1844999999999999
19714,-2.1019000000000001,3.1825999999999999
19715,-2.5731000000000002,3.1808000000000001
19716,-2.9823,3.177
19717,-3.3854000000000002,3.1751999999999998
19718,-3.8132000000000001,3.1715
19719,-4.4084000000000003,3.1677
19720,-4.7370999999999999,3.1659000000000002
19721,-5.1772999999999998,3.1621999999999999
19722,-5.6981000000000002,3.1566000000000001
19723,-6.4298000000000002,3.1509999999999998
19724,-7.5457999999999998,3.1436000000000002
19725,-6.4980000000000002,3.1473
19726,-7.7751999999999999,3.1398000000000001
19727,-8.2960999999999991,3.1343000000000001
19728,-9.2136999999999993,3.1286999999999998
19729,-9.4369999999999994,3.125
19730,-9.9268000000000001,3.1212
19731,-10.453799999999999,3.1175000000000002
19732,-11.4087,3.1082000000000001
19733,-11.5823,3.1063000000000001
19734,-12.1031,3.1008
19735,-12.6488,3.0952000000000002
19736,-13.7834,3.0876999999999999
19737,-13.864000000000001,3.0859000000000001
19738,-14.453099999999999,3.0802999999999998
19739,-5.2145000000000001,3.125
19740,-5.1401000000000003,3.1286999999999998
19741,-5.1401000000000003,3.1305000000000001
19742,-5.1401000000000003,3.1324000000000001
19743,-5.1401000000000003,3.1343000000000001
19744,-5.1401000000000003,3.1343000000000001
19745,-5.1401000000000003,3.1343000000000001
19746,-5.1401000000000003,3.1360999999999999
19747,-5.1401000000000003,3.1360999999999999
19748,-5.1463000000000001,3.1360999999999999
19749,-5.1401000000000003,3.1360999999999999
19750,-5.1401000000000003,3.1360999999999999
19751,0.92379999999999995,3.1696
19752,0.97340000000000004,3.1732999999999998
19753,0.62619999999999998,3.1751999999999998
19754,0.74399999999999999,3.177
19755,0.62619999999999998,3.1789000000000001
19756,0.34100000000000003,3.1789000000000001
19757,0.42159999999999997,3.1808000000000001
19758,0.29759999999999998,3.1808000000000001
19759,-3.5962000000000001,3.1621999999999999
19760,-3.6768000000000001,3.1602999999999999
19761,-3.6520000000000001,3.1602999999999999
19762,-3.6520000000000001,3.1566000000000001
19763,-3.6581999999999999,3.1566000000000001
19764,-3.6581999999999999,3.1566000000000001
19765,-3.6581999999999999,3.1547000000000001
19766,-3.6520000000000001,3.1547000000000001
19767,-3.6520000000000001,3.1547000000000001
19768,-3.6581999999999999,3.1547000000000001
19769,-3.6581999999999999,3.1547000000000001
19770,-3.6520000000000001,3.1547000000000001
19771,-3.6581999999999999,3.1547000000000001
19772,1.6431,3.1844999999999999
19773,1.4446000000000001,3.1863000000000001
19774,1.2834000000000001,3.1882000000000001
19775,0.87419999999999998,3.1863000000000001
19776,0.60140000000000005,3.1863000000000001
19777,0.35959999999999998,3.1863000000000001
19778,0.10539999999999999,3.1863000000000001
19779,-0.062,3.1844999999999999
19780,-0.69440000000000002,3.1825999999999999
19781,-1.054,3.1808000000000001
19782,-1.2896000000000001,3.1789000000000001
19783,-1.4136,3.1789000000000001
19784,-0.61380000000000001,3.1825999999999999
19785,-0.62,3.1825999999999999
19786,-0.62,3.1825999999999999
19787,-0.61380000000000001,3.1825999999999999
19788,-0.62,3.1825999999999999
19789,-0.62,3.1844999999999999
19790,-0.62,3.1844999999999999
19791,-0.61380000000000001,3.1844999999999999
19792,-0.61380000000000001,3.1844999999999999
19793,-0.61380000000000001,3.1844999999999999
19794,-0.62,3.1844999999999999
19795,-0.62,3.1844999999999999
19796,-0.62619999999999998,3.1863000000000001
19797,-0.62,3.1844999999999999
19798,-0.62,3.1863000000000001
19799,-0.63239999999999996,3.1863000000000001
19800,-0.63239999999999996,3.1863000000000001
19801,-0.63239999999999996,3.1863000000000001
19802,-0.63239999999999996,3.1863000000000001
19803,-0.63859999999999995,3.1863000000000001
19804,-0.63859999999999995,3.1863000000000001
19805,-0.63859999999999995,3.1863000000000001
19806,-0.63859999999999995,3.1863000000000001
19807,-0.63859999999999995,3.1882000000000001
19808,-0.63859999999999995,3.1882000000000001
19809,-0.63859999999999995,3.1882000000000001
19810,-0.63859999999999995,3.1882000000000001
19811,-0.63239999999999996,3.1882000000000001
19812,-2.2816999999999998,3.1808000000000001
19813,-3.2366000000000001,3.1751999999999998
19814,-4.2409999999999997,3.1677
19815,-5.2393000000000001,3.1621999999999999
19816,-6.2374999999999998,3.1528999999999998
19817,-2.1204999999999998,3.1732999999999998
19818,-2.0771000000000002,3.1751999999999998
19819,-5.6174999999999997,3.1566000000000001
19820,-6.343,3.1490999999999998
19821,-7.2172000000000001,3.1436000000000002
19822,-7.6883999999999997,3.1398000000000001
19823,-8.3766999999999996,3.1343000000000001
19824,-9.0525000000000002,3.1286999999999998
19825,-10.1004,3.1212
19826,-10.5406,3.1156000000000001
19827,-11.1731,3.1082000000000001
19828,-3.7759999999999998,3.1454
19829,-3.6953999999999998,3.1490999999999998
19830,-10.497199999999999,3.1156000000000001
19831,-11.092499999999999,3.1082000000000001
19832,-11.2227,3.1044999999999998
19833,-12.1775,3.097
19834,-12.7418,3.0914999999999999
19835,-13.299799999999999,3.0859000000000001
19836,-13.337,3.0840000000000001
19837,-14.453099999999999,3.0766
19838,-5.2641,3.1212
19839,-5.1463000000000001,3.1267999999999998
19840,-12.6488,3.0876999999999999
19841,-13.820600000000001,3.0802999999999998
19842,-13.7028,3.0766
19843,-14.781700000000001,3.0710000000000002
19844,-14.6577,3.0691000000000002
19845,-15.1289,3.0617000000000001
19846,-16.288399999999999,3.0543
19847,-16.120999999999999,3.0543
19848,-16.648,3.0487000000000002
19849,-17.888100000000001,3.0411999999999999
19850,-17.7331,3.0394000000000001
19851,-19.047599999999999,3.0318999999999998
19852,-18.892600000000002,3.0301
19853,-8.4138999999999999,3.0802999999999998
19854,-8.3332999999999995,3.0859000000000001
19855,-8.3394999999999992,3.0876999999999999
19856,-8.3394999999999992,3.0895999999999999
19857,-8.3332999999999995,3.0895999999999999
19858,-8.3394999999999992,3.0914999999999999
19859,-8.3332999999999995,3.0914999999999999
19860,-8.3394999999999992,3.0914999999999999
19861,-8.3270999999999997,3.0933000000000002
19862,-8.3332999999999995,3.0933000000000002
19863,-8.3332999999999995,3.0933000000000002
19864,-8.3332999999999995,3.0933000000000002
19865,-8.3332999999999995,3.0933000000000002
19866,-8.3332999999999995,3.0933000000000002
19867,-8.3519000000000005,3.0933000000000002
19868,-8.3519000000000005,3.0933000000000002
19869,-8.3519000000000005,3.0933000000000002
19870,-8.3519000000000005,3.0933000000000002
19871,-8.3519000000000005,3.0933000000000002
19872,-8.3519000000000005,3.0933000000000002
19873,-8.3519000000000005,3.0933000000000002
19874,-8.3519000000000005,3.0933000000000002
19875,-8.3457000000000008,3.0933000000000002
19876,-8.3519000000000005,3.0933000000000002
19877,-8.3519000000000005,3.0933000000000002
19878,-8.3519000000000005,3.0933000000000002
19879,-8.3581000000000003,3.0933000000000002
19880,-8.3519000000000005,3.0933000000000002
19881,-8.3519000000000005,3.0933000000000002
19882,-8.3519000000000005,3.0933000000000002
19883,-8.3581000000000003,3.0933000000000002
19884,-8.3519000000000005,3.0933000000000002
19885,-8.3519000000000005,3.0933000000000002
19886,-8.3519000000000005,3.0914999999999999
19887,-8.3519000000000005,3.0933000000000002
19888,-8.3581000000000003,3.0933000000000002
19889,-8.3519000000000005,3.0914999999999999
19890,-8.3581000000000003,3.0914999999999999
19891,-8.3581000000000003,3.0914999999999999
19892,-8.3519000000000005,3.0914999999999999
19893,-8.3519000000000005,3.0914999999999999
19894,-8.3519000000000005,3.0914999999999999
19895,-8.3519000000000005,3.0914999999999999
19896,-8.3270999999999997,3.0914999999999999
19897,-8.3394999999999992,3.0914999999999999
19898,-8.3394999999999992,3.0914999999999999
19899,-8.3332999999999995,3.0914999999999999
19900,-8.3457000000000008,3.0914999999999999
19901,-8.3270999999999997,3.0914999999999999
19902,-8.3394999999999992,3.0914999999999999
19903,3.8504,3.1547000000000001
19904,3.8441999999999998,3.1640000000000001
19905,3.6829999999999998,3.1696
19906,3.5217999999999998,3.1732999999999998
19907,3.3296000000000001,3.1751999999999998
19908,3.1684000000000001,3.177
19909,2.9636999999999998,3.1789000000000001
19910,2.7652999999999999,3.1789000000000001
19911,-4.9789000000000003,3.1398000000000001
19912,-5.1401000000000003,3.1360999999999999
19913,-5.1463000000000001,3.1343000000000001
19914,-5.1524999999999999,3.1324000000000001
19915,-5.1463000000000001,3.1305000000000001
19916,-5.1401000000000003,3.1305000000000001
19917,-5.1401000000000003,3.1286999999999998
19918,-5.1463000000000001,3.1286999999999998
19919,-5.1463000000000001,3.1286999999999998
19920,-5.1463000000000001,3.1286999999999998
19921,-5.1401000000000003,3.1267999999999998
19922,-5.1463000000000001,3.1267999999999998
19923,-5.1463000000000001,3.1267999999999998
19924,-5.1463000000000001,3.1267999999999998
19925,-5.1463000000000001,3.1267999999999998
19926,-5.1586999999999996,3.1267999999999998
19927,-5.1649000000000003,3.1267999999999998
19928,-5.1649000000000003,3.1267999999999998
19929,-5.1586999999999996,3.1267999999999998
19930,-5.1586999999999996,3.1267999999999998
19931,-5.1586999999999996,3.1267999999999998
19932,-5.1649000000000003,3.125
19933,-5.1586999999999996,3.1267999999999998
19934,-5.1586999999999996,3.125
19935,-5.1649000000000003,3.125
19936,-5.1586999999999996,3.125
19937,-5.1586999999999996,3.125
19938,-5.1649000000000003,3.125
19939,-5.1649000000000003,3.125
19940,-5.1649000000000003,3.125
19941,-5.1586999999999996,3.125
19942,-5.1586999999999996,3.125
19943,-5.1586999999999996,3.125
19944,-5.1401000000000003,3.125
19945,-5.1401000000000003,3.125
19946,-5.1463000000000001,3.125
19947,-5.1463000000000001,3.125
19948,-5.1401000000000003,3.125
19949,-5.1463000000000001,3.125
19950,-5.1463000000000001,3.125
19951,-5.1401000000000003,3.125
19952,-5.1401000000000003,3.125
19953,-5.1463000000000001,3.125
19954,-5.1401000000000003,3.125
19955,-5.1401000000000003,3.125
19956,-5.1401000000000003,3.125
19957,-5.1401000000000003,3.125
19958,-5.1401000000000003,3.125
19959,-5.1401000000000003,3.125
19960,-5.1401000000000003,3.125
19961,-5.1401000000000003,3.125
19962,-5.1463000000000001,3.125
19963,-5.1401000000000003,3.125
19964,-5.1401000000000003,3.125
19965,-5.1401000000000003,3.125
19966,-5.1401000000000003,3.125
19967,-5.1401000000000003,3.125
19968,-5.1463000000000001,3.125
19969,-5.1463000000000001,3.125
19970,-5.1401000000000003,3.125
19971,-5.1401000000000003,3.125
19972,-5.1586999999999996,3.125
19973,-5.1586999999999996,3.125
19974,-5.1586999999999996,3.1231
19975,-5.1586999999999996,3.1231
19976,-5.1524999999999999,3.1231
19977,-5.1586999999999996,3.125
19978,-5.1463000000000001,3.1231
19979,-5.1463000000000001,3.125
19980,-12.704599999999999,3.0840000000000001
19981,-13.857799999999999,3.0729000000000002
19982,-13.7338,3.0710000000000002
19983,-14.818899999999999,3.0598000000000001
19984,-14.7011,3.0560999999999998
19985,-15.1785,3.0524
19986,-16.331800000000001,3.0430999999999999
19987,-16.1768,3.0430999999999999
19988,-16.697600000000001,3.0375000000000001
19989,-17.9377,3.0301
19990,-17.770299999999999,3.0282
19991,-19.091000000000001,3.0171000000000001
19992,-18.936,3.0171000000000001
19993,-8.4573,3.0691000000000002
19994,-8.3270999999999997,3.0747
19995,-8.3332999999999995,3.0766
19996,-8.3394999999999992,3.0783999999999998
19997,-8.3270999999999997,3.0783999999999998
19998,-8.3457000000000008,3.0802999999999998
19999,-8.3332999999999995,3.0802999999999998
20000,-8.3394999999999992,3.0802999999999998
20001,-8.3332999999999995,3.0821999999999998
20002,-8.3394999999999992,3.0821999999999998
20003,-8.3394999999999992,3.0821999999999998
20004,-8.3332999999999995,3.0821999999999998
20005,-8.3332999999999995,3.0821999999999998
20006,-8.3332999999999995,3.0821999999999998
20007,-8.3394999999999992,3.0840000000000001
20008,-8.3332999999999995,3.0840000000000001
20009,-8.3394999999999992,3.0840000000000001
20010,-8.3519000000000005,3.0840000000000001
20011,-8.3581000000000003,3.0840000000000001
20012,-8.3581000000000003,3.0840000000000001
20013,-8.3519000000000005,3.0840000000000001
20014,-8.3332999999999995,3.0840000000000001
20015,-8.3519000000000005,3.0840000000000001
20016,-8.3457000000000008,3.0840000000000001
20017,-8.3332999999999995,3.0840000000000001
20018,-8.3270999999999997,3.0840000000000001
20019,-8.3332999999999995,3.0840000000000001
20020,-8.3332999999999995,3.0840000000000001
20021,-8.3332999999999995,3.0821999999999998
20022,-8.3332999999999995,3.0840000000000001
20023,-8.3332999999999995,3.0840000000000001
20024,-8.3332999999999995,3.0840000000000001
20025,-8.3704999999999998,3.0840000000000001
20026,-8.3704999999999998,3.0840000000000001
20027,-8.3704999999999998,3.0821999999999998
20028,-8.3704999999999998,3.0821999999999998
20029,-8.3704999999999998,3.0821999999999998
20030,-8.3766999999999996,3.0821999999999998
20031,-8.3890999999999991,3.0821999999999998
20032,-8.3766999999999996,3.0821999999999998
20033,-8.3766999999999996,3.0821999999999998
20034,-8.3766999999999996,3.0821999999999998
20035,-8.3704999999999998,3.0821999999999998
20036,-8.3766999999999996,3.0821999999999998
20037,-8.3890999999999991,3.0821999999999998
20038,-8.3766999999999996,3.0821999999999998
20039,-8.3766999999999996,3.0821999999999998
20040,-8.3766999999999996,3.0821999999999998
20041,-8.3766999999999996,3.0821999999999998
20042,-8.3766999999999996,3.0821999999999998
20043,-14.7011,3.0487000000000002
20044,-14.2981,3.0468000000000002
20045,-15.2529,3.0394000000000001
20046,-14.775499999999999,3.0394000000000001
20047,-15.7676,3.0318999999999998
20048,-15.2963,3.0318999999999998
20049,-16.338000000000001,3.0264000000000002
20050,-16.617000000000001,3.0226000000000002
20051,-16.0962,3.0245000000000002
20052,-17.175000000000001,3.0152000000000001
20053,-16.648,3.0171000000000001
20054,-17.770299999999999,3.0114999999999998
20055,-17.1999,3.0114999999999998
20056,-18.3779,3.004
20057,-18.7437,3.0022000000000002
20058,-18.086500000000001,3.004
20059,-19.3142,2.9965999999999999
20060,-18.7437,2.9984999999999999
20061,-19.989999999999998,2.9910000000000001
20062,-19.376200000000001,2.9929000000000001
20063,-20.641100000000002,2.9853999999999998
20064,-21.013100000000001,2.9817
20065,-20.380700000000001,2.9836
20066,-21.732299999999999,2.9761000000000002
20067,-21.0565,2.9780000000000002
20068,-22.463999999999999,2.9687000000000001
20069,-21.7819,2.9706000000000001
20070,-23.177,2.9630999999999998
20071,-23.6235,2.9594
20072,-22.8918,2.9613
20073,-24.379899999999999,2.952
20074,-23.666899999999998,2.9538000000000002
20075,-25.1736,2.9464000000000001
20076,-24.417100000000001,2.9481999999999999
20077,-26.0168,2.9388999999999998
20078,-16.387599999999999,2.9853999999999998
20079,-16.294599999999999,2.9891999999999999
20080,-16.288399999999999,2.9910000000000001
20081,-16.288399999999999,2.9910000000000001
20082,-16.294599999999999,2.9929000000000001
20083,-16.288399999999999,2.9929000000000001
20084,-16.288399999999999,2.9929000000000001
20085,-16.294599999999999,2.9929000000000001
20086,-16.288399999999999,2.9929000000000001
20087,-16.306999999999999,2.9929000000000001
20088,-16.294599999999999,2.9929000000000001
20089,-16.306999999999999,2.9929000000000001
20090,-16.294599999999999,2.9929000000000001
20091,-16.2822,2.9929000000000001
20092,-16.288399999999999,2.9929000000000001
20093,-16.288399999999999,2.9929000000000001
20094,-16.294599999999999,2.9929000000000001
20095,-16.288399999999999,2.9929000000000001
20096,-16.288399999999999,2.9929000000000001
20097,-16.288399999999999,2.9910000000000001
20098,-16.294599999999999,2.9910000000000001
20099,-16.288399999999999,2.9910000000000001
20100,-16.294599999999999,2.9910000000000001
20101,-16.294599999999999,2.9910000000000001
20102,-16.2822,2.9891999999999999
20103,-16.2822,2.9910000000000001
20104,-16.338000000000001,2.9910000000000001
20105,-16.325600000000001,2.9891999999999999
20106,-16.338000000000001,2.9891999999999999
20107,-16.325600000000001,2.9891999999999999
20108,-27.703299999999999,2.9333999999999998
20109,-28.335799999999999,2.9203000000000001
20110,-28.844200000000001,2.9129
20111,-29.4084,2.9073000000000002
20112,-29.9603,2.9016999999999999
20113,-30.549299999999999,2.8961999999999999
20114,-31.125900000000001,2.8906000000000001
20115,-31.7026,2.8849999999999998
20116,-32.291600000000003,2.8776000000000002
20117,-32.936500000000002,2.8719999999999999
20118,-33.5379,2.8664000000000001
20119,-34.207500000000003,2.8607999999999998
20120,-34.846200000000003,2.8552
20121,-35.521999999999998,2.8496999999999999
20122,-36.247500000000002,2.8441000000000001
20123,-36.929499999999997,2.8348
20124,-37.648800000000001,2.8292000000000002
20125,-38.4176,2.8218000000000001
20126,-39.161700000000003,2.8161999999999998
20127,-39.930500000000002,2.8087
20128,-24.7333,2.8738000000000001
20129,-24.652699999999999,2.8813
20130,-24.652699999999999,2.8849999999999998
20131,-24.652699999999999,2.8868999999999998
20132,-24.652699999999999,2.8887
20133,-24.658899999999999,2.8868999999999998
20134,-24.658899999999999,2.8868999999999998
20135,-24.702300000000001,2.8868999999999998
20136,-24.683700000000002,2.8868999999999998
20137,-24.702300000000001,2.8849999999999998
20138,2.7715000000000001,3.0282
20139,3.2056,3.0524
20140,3.5217999999999998,3.0710000000000002
20141,3.7635999999999998,3.0840000000000001
20142,4.0053999999999998,3.0952000000000002
20143,4.2472000000000003,3.1044999999999998
20144,4.4394,3.1156000000000001
20145,4.6067999999999998,3.1212
20146,4.7680999999999996,3.1286999999999998
20147,4.8425000000000002,3.1343000000000001
20148,4.8859000000000004,3.1379999999999999
20149,4.8982999999999999,3.1417000000000002
20150,4.8548999999999998,3.1454
20151,4.8114999999999997,3.1490999999999998
20152,4.7247000000000003,3.1509999999999998
20153,4.6501999999999999,3.1547000000000001
20154,9.9206000000000003,3.1825999999999999
20155,9.9082000000000008,3.1901000000000002
20156,8.9595000000000002,3.1901000000000002
20157,8.7673000000000005,3.1919
20158,7.8868999999999998,3.1901000000000002
20159,7.6016000000000004,3.1919
20160,6.7274000000000003,3.1901000000000002
20161,6.3987999999999996,3.1901000000000002
20162,8.1597000000000008,3.1993999999999998
20163,7.0435999999999996,3.1956000000000002
20164,5.8468999999999998,3.1938
20165,4.6811999999999996,3.1882000000000001
20166,3.6953999999999998,3.1844999999999999
20167,2.7281,3.1808000000000001
20168,1.7546999999999999,3.177
20169,0.35959999999999998,3.1696
20170,-0.69440000000000002,3.1640000000000001
20171,-1.3826000000000001,3.1566000000000001
20172,-0.61380000000000001,3.1621999999999999
20173,-0.62,3.1621999999999999
20174,-0.62,3.1602999999999999
20175,-0.62,3.1602999999999999
20176,-0.62,3.1621999999999999
20177,-0.62,3.1602999999999999
20178,-0.61380000000000001,3.1602999999999999
20179,-0.62,3.1602999999999999
20180,-0.62619999999999998,3.1602999999999999
20181,-0.62,3.1621999999999999
20182,-0.61380000000000001,3.1621999999999999
20183,-0.61380000000000001,3.1621999999999999
20184,-0.62619999999999998,3.1621999999999999
20185,-0.62,3.1621999999999999
20186,-0.61380000000000001,3.1621999999999999
20187,-0.61380000000000001,3.1621999999999999
20188,-0.62,3.1621999999999999
20189,-0.62,3.1640000000000001
20190,-0.62,3.1640000000000001
20191,-0.055800000000000002,3.1659000000000002
20192,-0.62619999999999998,3.1640000000000001
20193,-0.62,3.1640000000000001
20194,-0.62619999999999998,3.1640000000000001
20195,-0.62,3.1640000000000001
20196,-0.62,3.1640000000000001
20197,-0.62,3.1640000000000001
20198,-0.62619999999999998,3.1659000000000002
20199,-0.62,3.1640000000000001
20200,-0.62619999999999998,3.1659000000000002
20201,-0.62,3.1659000000000002
20202,-0.62,3.1659000000000002
20203,-0.62,3.1659000000000002
20204,-2.7033,3.1547000000000001
20205,-4.1604000000000001,3.1454
20206,-5.7601000000000004,3.1360999999999999
20207,-7.1985999999999999,3.1267999999999998
20208,-2.1204999999999998,3.1490999999999998
20209,-2.0337000000000001,3.1509999999999998
20210,-2.0398999999999998,3.1509999999999998
20211,-2.0089000000000001,3.1509999999999998
20212,-2.0213000000000001,3.1509999999999998
20213,-2.0213000000000001,3.1528999999999998
20214,-2.0089000000000001,3.1528999999999998
20215,-2.0089000000000001,3.1528999999999998
20216,-0.25419999999999998,3.1621999999999999
20217,-0.65720000000000001,3.1621999999999999
20218,-1.0105999999999999,3.1621999999999999
20219,-1.2958000000000001,3.1602999999999999
20220,-1.4136,3.1602999999999999
20221,-0.62,3.1640000000000001
20222,-0.62,3.1640000000000001
20223,-0.62,3.1659000000000002
20224,-0.62,3.1659000000000002
20225,-0.62,3.1659000000000002
20226,-0.61380000000000001,3.1659000000000002
20227,-0.62,3.1659000000000002
20228,-0.62,3.1677
20229,-0.62,3.1677
20230,-0.62,3.1677
20231,-0.62619999999999998,3.1677
20232,-0.63239999999999996,3.1677
20233,-0.62619999999999998,3.1677
20234,-0.62,3.1677
20235,-0.62,3.1677
20236,-0.62619999999999998,3.1677
20237,-0.62,3.1696
20238,-0.62,3.1696
20239,-0.62,3.1696
20240,-0.62619999999999998,3.1696
20241,-0.61380000000000001,3.1696
20242,-2.0585,3.1621999999999999
20243,-2.7715000000000001,3.1566000000000001
20244,-3.6147999999999998,3.1509999999999998
20245,-4.4518000000000004,3.1473
20246,-5.1463000000000001,3.1417000000000002
20247,-6.0576999999999996,3.1360999999999999
20248,-6.9878,3.1286999999999998
20249,-7.6883999999999997,3.1231
20250,-8.8603000000000005,3.1156000000000001
20251,-9.8399999999999999,3.1044999999999998
20252,-10.5344,3.0989
20253,-11.8613,3.0876999999999999
20254,-3.5341999999999998,3.1267999999999998
20255,-3.4226000000000001,3.1305000000000001
20256,-3.4163999999999999,3.1324000000000001
20257,-3.4163999999999999,3.1343000000000001
20258,-3.4102000000000001,3.1360999999999999
20259,-3.4350000000000001,3.1360999999999999
20260,-3.4163999999999999,3.1360999999999999
20261,-3.4226000000000001,3.1360999999999999
20262,-3.4226000000000001,3.1360999999999999
20263,-3.4226000000000001,3.1360999999999999
20264,-3.4226000000000001,3.1360999999999999
20265,-3.4163999999999999,3.1360999999999999
20266,-3.4226000000000001,3.1379999999999999
20267,-3.4226000000000001,3.1379999999999999
20268,-3.4226000000000001,3.1379999999999999
20269,-3.4163999999999999,3.1379999999999999
20270,-3.4226000000000001,3.1379999999999999
20271,-3.4411999999999998,3.1360999999999999
20272,-3.4411999999999998,3.1379999999999999
20273,-3.4411999999999998,3.1379999999999999
20274,-3.4411999999999998,3.1379999999999999
20275,-3.4411999999999998,3.1379999999999999
20276,-3.4411999999999998,3.1379999999999999
20277,-3.4411999999999998,3.1360999999999999
20278,1.3391999999999999,3.1640000000000001
20279,1.1346000000000001,3.1659000000000002
20280,0.89900000000000002,3.1659000000000002
20281,0.62619999999999998,3.1677
20282,0.37819999999999998,3.1677
20283,0.1736,3.1677
20284,-0.31,3.1659000000000002
20285,-0.76259999999999994,3.1640000000000001
20286,-1.0788,3.1621999999999999
20287,-1.3206,3.1602999999999999
20288,-1.4383999999999999,3.1602999999999999
20289,-0.63859999999999995,3.1640000000000001
20290,-0.63239999999999996,3.1640000000000001
20291,-0.63859999999999995,3.1659000000000002
20292,-0.63859999999999995,3.1659000000000002
20293,-0.63239999999999996,3.1659000000000002
20294,-0.63239999999999996,3.1659000000000002
20295,-0.63859999999999995,3.1659000000000002
20296,-0.63239999999999996,3.1659000000000002
20297,-0.63239999999999996,3.1677
20298,-0.63859999999999995,3.1677
20299,-0.63859999999999995,3.1677
20300,-0.63859999999999995,3.1677
20301,-0.63859999999999995,3.1677
20302,-0.63859999999999995,3.1677
20303,-0.63859999999999995,3.1677
20304,-0.61380000000000001,3.1677
20305,-0.62,3.1696
20306,-0.62,3.1696
20307,-0.61380000000000001,3.1696
20308,-0.62,3.1696
20309,-0.61380000000000001,3.1696
20310,-1.7423,3.1640000000000001
20311,-2.1019000000000001,3.1621999999999999
20312,-2.5731000000000002,3.1602999999999999
20313,-2.9388999999999998,3.1547000000000001
20314,-3.3730000000000002,3.1528999999999998
20315,-3.8132000000000001,3.1490999999999998
20316,-4.3836000000000004,3.1454
20317,-4.6875,3.1417000000000002
20318,-5.1401000000000003,3.1379999999999999
20319,-5.6547000000000001,3.1343000000000001
20320,-6.3677999999999999,3.1286999999999998
20321,-7.4900000000000002,3.1231
20322,-6.4607999999999999,3.125
20323,-7.7317999999999998,3.1175000000000002
20324,-8.2589000000000006,3.1101000000000001
20325,-9.1765000000000008,3.1044999999999998
20326,-9.4122000000000003,3.1008
20327,-9.8957999999999995,3.0952000000000002
20328,-10.416600000000001,3.0895999999999999
20329,-11.3901,3.0821999999999998
20330,-11.5017,3.0783999999999998
20331,-12.072100000000001,3.0729000000000002
20332,-12.617800000000001,3.0653999999999999
20333,-13.7028,3.0560999999999998
20334,-13.7834,3.0524
20335,-14.4221,3.0468000000000002
20336,-5.2331000000000003,3.0914999999999999
20337,-5.1153000000000004,3.097
20338,-5.1153000000000004,3.0989
20339,-5.1153000000000004,3.1008
20340,-5.1029,3.1025999999999998
20341,-5.0967000000000002,3.1044999999999998
20342,-5.1029,3.1044999999999998
20343,-5.1153000000000004,3.1044999999999998
20344,-5.1090999999999998,3.1063000000000001
20345,-5.1153000000000004,3.1063000000000001
20346,-5.1153000000000004,3.1063000000000001
20347,-5.1153000000000004,3.1063000000000001
20348,0.94240000000000002,3.1398000000000001
20349,0.94240000000000002,3.1454
20350,0.62619999999999998,3.1473
20351,0.74399999999999999,3.1509999999999998
20352,0.60760000000000003,3.1528999999999998
20353,0.31619999999999998,3.1528999999999998
20354,0.39679999999999999,3.1547000000000001
20355,0.28520000000000001,3.1566000000000001
20356,-3.5838000000000001,3.1379999999999999
20357,-3.6520000000000001,3.1360999999999999
20358,-3.6520000000000001,3.1343000000000001
20359,-3.6520000000000001,3.1343000000000001
20360,-3.6581999999999999,3.1324000000000001
20361,-3.6520000000000001,3.1324000000000001
20362,-3.6581999999999999,3.1324000000000001
20363,-3.6520000000000001,3.1324000000000001
20364,-3.6581999999999999,3.1324000000000001
20365,-3.6520000000000001,3.1305000000000001
20366,-3.6581999999999999,3.1305000000000001
20367,-3.6520000000000001,3.1305000000000001
20368,-3.6581999999999999,3.1305000000000001
20369,1.6431,3.1602999999999999
20370,1.4446000000000001,3.1640000000000001
20371,1.2834000000000001,3.1640000000000001
20372,0.88039999999999996,3.1640000000000001
20373,0.60140000000000005,3.1640000000000001
20374,0.35959999999999998,3.1640000000000001
20375,0.1116,3.1640000000000001
20376,-0.062,3.1640000000000001
20377,-0.69440000000000002,3.1602999999999999
20378,-1.054,3.1602999999999999
20379,-1.2896000000000001,3.1566000000000001
20380,-1.4136,3.1547000000000001
20381,-0.61380000000000001,3.1621999999999999
20382,-0.61380000000000001,3.1621999999999999
20383,-0.62,3.1621999999999999
20384,-0.62,3.1621999999999999
20385,-0.62,3.1640000000000001
20386,-0.62,3.1640000000000001
20387,-0.62,3.1640000000000001
20388,-0.62,3.1640000000000001
20389,-0.62619999999999998,3.1640000000000001
20390,-0.61380000000000001,3.1640000000000001
20391,-0.63239999999999996,3.1659000000000002
20392,-0.62,3.1659000000000002
20393,-0.62,3.1659000000000002
20394,-0.62,3.1659000000000002
20395,-0.62,3.1659000000000002
20396,-0.62,3.1659000000000002
20397,-0.62,3.1659000000000002
20398,-0.62,3.1677
20399,-0.62,3.1677
20400,-2.7033,3.1547000000000001
20401,-4.1604000000000001,3.1473
20402,-5.8034999999999997,3.1360999999999999
20403,-7.1985999999999999,3.1267999999999998
20404,-2.1638999999999999,3.1490999999999998
20405,-2.0398999999999998,3.1509999999999998
20406,-2.0337000000000001,3.1509999999999998
20407,-2.0337000000000001,3.1528999999999998
20408,-2.0337000000000001,3.1528999999999998
20409,-2.0398999999999998,3.1528999999999998
20410,-2.0398999999999998,3.1528999999999998
20411,-2.0337000000000001,3.1528999999999998
20412,-0.27279999999999999,3.1640000000000001
20413,-0.67579999999999996,3.1621999999999999
20414,-1.0354000000000001,3.1621999999999999
20415,-1.3206,3.1602999999999999
20416,-1.4321999999999999,3.1602999999999999
20417,-0.63239999999999996,3.1640000000000001
20418,-0.63239999999999996,3.1659000000000002
20419,-0.63859999999999995,3.1659000000000002
20420,-0.61380000000000001,3.1659000000000002
20421,-0.61380000000000001,3.1659000000000002
20422,-0.61380000000000001,3.1677
20423,-0.61380000000000001,3.1677
20424,-0.61380000000000001,3.1677
20425,-0.61380000000000001,3.1677
20426,-0.61380000000000001,3.1677
20427,-0.61380000000000001,3.1677
20428,-0.62,3.1677
20429,-0.62619999999999998,3.1677
20430,-0.62,3.1696
20431,-0.62,3.1696
20432,-0.62,3.1696
20433,-0.62,3.1696
20434,-0.62,3.1696
20435,-0.63239999999999996,3.1696
20436,-0.63859999999999995,3.1696
20437,-0.63859999999999995,3.1696
20438,-2.0709,3.1640000000000001
20439,-2.7900999999999998,3.1566000000000001
20440,-3.6457999999999999,3.1509999999999998
20441,-4.4703999999999997,3.1454
20442,-5.1586999999999996,3.1417000000000002
20443,-6.1135000000000002,3.1343000000000001
20444,-7.0002000000000004,3.1267999999999998
20445,-7.7069999999999999,3.1212
20446,-8.9161000000000001,3.1101000000000001
20447,-9.9144000000000005,3.1025999999999998
20448,-10.546799999999999,3.0952000000000002
20449,-11.8675,3.0859000000000001
20450,-3.5341999999999998,3.125
20451,-3.4163999999999999,3.1286999999999998
20452,-3.4163999999999999,3.1305000000000001
20453,-3.4163999999999999,3.1324000000000001
20454,-3.4163999999999999,3.1324000000000001
20455,-3.4102000000000001,3.1343000000000001
20456,-3.4350000000000001,3.1343000000000001
20457,-3.4226000000000001,3.1343000000000001
20458,-3.4163999999999999,3.1343000000000001
20459,-3.4163999999999999,3.1343000000000001
20460,-3.4102000000000001,3.1360999999999999
20461,-3.4163999999999999,3.1343000000000001
20462,-3.4163999999999999,3.1360999999999999
20463,-3.4163999999999999,3.1343000000000001
20464,-3.4163999999999999,3.1343000000000001
20465,-3.4163999999999999,3.1360999999999999
20466,-3.4102000000000001,3.1360999999999999
20467,-3.4163999999999999,3.1360999999999999
20468,-3.4226000000000001,3.1343000000000001
20469,-3.4350000000000001,3.1343000000000001
20470,-3.4226000000000001,3.1360999999999999
20471,-3.4163999999999999,3.1360999999999999
20472,-3.4163999999999999,3.1360999999999999
20473,-3.4226000000000001,3.1360999999999999
20474,1.3206,3.1621999999999999
20475,1.1594,3.1640000000000001
20476,0.87419999999999998,3.1659000000000002
20477,0.60140000000000005,3.1659000000000002
20478,0.35959999999999998,3.1659000000000002
20479,0.16120000000000001,3.1659000000000002
20480,-0.068199999999999997,3.1640000000000001
20481,-0.73780000000000001,3.1621999999999999
20482,-1.054,3.1602999999999999
20483,-1.2958000000000001,3.1602999999999999
20484,-1.4198,3.1566000000000001
20485,-0.62619999999999998,3.1640000000000001
20486,-0.62,3.1640000000000001
20487,-0.62,3.1640000000000001
20488,-0.62,3.1640000000000001
20489,-0.63859999999999995,3.1640000000000001
20490,-0.63239999999999996,3.1659000000000002
20491,-0.63239999999999996,3.1659000000000002
20492,-0.63239999999999996,3.1659000000000002
20493,-0.63239999999999996,3.1659000000000002
20494,-0.63859999999999995,3.1659000000000002
20495,-0.63239999999999996,3.1677
20496,-0.63859999999999995,3.1677
20497,-0.63859999999999995,3.1677
20498,-0.63239999999999996,3.1677
20499,-0.63859999999999995,3.1677
20500,-0.63239999999999996,3.1677
20501,-0.63859999999999995,3.1677
20502,-0.63859999999999995,3.1677
20503,-0.61380000000000001,3.1677
20504,-0.61380000000000001,3.1696
20505,-0.62,3.1696
20506,-1.7423,3.1640000000000001
20507,-2.1019000000000001,3.1602999999999999
20508,-2.5731000000000002,3.1566000000000001
20509,-2.9264999999999999,3.1528999999999998
20510,-3.3792,3.1509999999999998
20511,-3.8069999999999999,3.1473
20512,-4.4084000000000003,3.1436000000000002
20513,-4.6875,3.1398000000000001
20514,-5.1835000000000004,3.1360999999999999
20515,-5.6547000000000001,3.1324000000000001
20516,-6.4359999999999999,3.1267999999999998
20517,-7.5086000000000004,3.1194000000000002
20518,-6.5166000000000004,3.1212
20519,-7.7317999999999998,3.1137999999999999
20520,-8.2898999999999994,3.1063000000000001
20521,-9.1827000000000005,3.0989
20522,-9.4122000000000003,3.0952000000000002
20523,-9.8957999999999995,3.0914999999999999
20524,-10.416600000000001,3.0859000000000001
20525,-11.383900000000001,3.0766
20526,-11.5327,3.0729000000000002
20527,-12.0473,3.0653999999999999
20528,-12.611599999999999,3.0598000000000001
20529,-13.7028,3.0505
20530,-13.814399999999999,3.0468000000000002
20531,-14.409700000000001,3.0394000000000001
20532,-5.2268999999999997,3.0859000000000001
20533,-5.0967000000000002,3.0914999999999999
20534,-5.1029,3.0952000000000002
20535,-5.0967000000000002,3.0952000000000002
20536,-5.1029,3.097
20537,-5.0967000000000002,3.0989
20538,-5.1029,3.1008
20539,-5.1029,3.1008
20540,-5.0967000000000002,3.1008
20541,-5.0967000000000002,3.1008
20542,-5.1029,3.1025999999999998
20543,-5.0967000000000002,3.1025999999999998
20544,0.92379999999999995,3.1360999999999999
20545,0.96099999999999997,3.1417000000000002
20546,0.60140000000000005,3.1436000000000002
20547,0.72540000000000004,3.1473
20548,0.60140000000000005,3.1490999999999998
20549,0.32240000000000002,3.1509999999999998
20550,0.39679999999999999,3.1528999999999998
20551,0.28520000000000001,3.1528999999999998
20552,-3.5838000000000001,3.1343000000000001
20553,-3.6581999999999999,3.1324000000000001
20554,-3.6520000000000001,3.1305000000000001
20555,-3.6581999999999999,3.1305000000000001
20556,-3.6581999999999999,3.1286999999999998
20557,-3.6581999999999999,3.1286999999999998
20558,-3.6581999999999999,3.1286999999999998
20559,-3.6581999999999999,3.1286999999999998
20560,-3.6644000000000001,3.1267999999999998
20561,-3.6768000000000001,3.1267999999999998
20562,-3.6705999999999999,3.1267999999999998
20563,-3.6705999999999999,3.1267999999999998
20564,-3.6705999999999999,3.1267999999999998
20565,1.6617,3.1547000000000001
20566,1.4632000000000001,3.1602999999999999
20567,1.302,3.1621999999999999
20568,0.89280000000000004,3.1621999999999999
20569,0.62619999999999998,3.1621999999999999
20570,0.37819999999999998,3.1621999999999999
20571,0.13020000000000001,3.1621999999999999
20572,-0.086800000000000002,3.1602999999999999
20573,-0.71299999999999997,3.1566000000000001
20574,-1.0726,3.1547000000000001
20575,-1.3206,3.1528999999999998
20576,-1.4321999999999999,3.1528999999999998
20577,-0.63239999999999996,3.1566000000000001
20578,-0.63859999999999995,3.1566000000000001
20579,-0.63239999999999996,3.1602999999999999
20580,-0.63239999999999996,3.1602999999999999
20581,-0.63239999999999996,3.1602999999999999
20582,-0.63859999999999995,3.1602999999999999
20583,-0.63239999999999996,3.1621999999999999
20584,-0.63239999999999996,3.1621999999999999
20585,-0.63239999999999996,3.1621999999999999
20586,-0.63859999999999995,3.1621999999999999
20587,-0.63859999999999995,3.1621999999999999
20588,-0.63859999999999995,3.1621999999999999
20589,-0.62,3.1640000000000001
20590,-0.62,3.1640000000000001
20591,-0.61380000000000001,3.1640000000000001
20592,-0.62,3.1640000000000001
20593,-0.62,3.1640000000000001
20594,-0.61380000000000001,3.1659000000000002
20595,-0.62,3.1640000000000001
20596,-2.6909000000000001,3.1528999999999998
20597,-4.1417999999999999,3.1436000000000002
20598,-5.7725,3.1343000000000001
20599,-7.1738,3.1231
20600,-2.1391,3.1454
20601,-2.0522999999999998,3.1473
20602,-2.0647000000000002,3.1490999999999998
20603,-2.0585,3.1490999999999998
20604,-2.0585,3.1490999999999998
20605,-2.0585,3.1490999999999998
20606,-2.0585,3.1490999999999998
20607,-2.0522999999999998,3.1490999999999998
20608,-0.26040000000000002,3.1621999999999999
20609,-0.65720000000000001,3.1602999999999999
20610,-1.0167999999999999,3.1566000000000001
20611,-1.2958000000000001,3.1566000000000001
20612,-1.4198,3.1566000000000001
20613,-0.62,3.1621999999999999
20614,-0.62,3.1621999999999999
20615,-0.63239999999999996,3.1640000000000001
20616,-0.63239999999999996,3.1640000000000001
20617,-0.63239999999999996,3.1640000000000001
20618,-0.63239999999999996,3.1640000000000001
20619,-0.63239999999999996,3.1640000000000001
20620,-0.63859999999999995,3.1659000000000002
20621,-0.63239999999999996,3.1659000000000002
20622,-0.63859999999999995,3.1659000000000002
20623,-0.63239999999999996,3.1659000000000002
20624,-0.63239999999999996,3.1659000000000002
20625,-0.63239999999999996,3.1659000000000002
20626,-0.63239999999999996,3.1677
20627,-0.63239999999999996,3.1659000000000002
20628,-0.63239999999999996,3.1677
20629,-0.63859999999999995,3.1677
20630,-0.63239999999999996,3.1677
20631,-0.63239999999999996,3.1677
20632,-0.63239999999999996,3.1677
20633,-0.63859999999999995,3.1677
20634,-2.0709,3.1602999999999999
20635,-2.8025000000000002,3.1547000000000001
20636,-3.6334,3.1490999999999998
20637,-4.4703999999999997,3.1436000000000002
20638,-5.1586999999999996,3.1379999999999999
20639,-6.1073000000000004,3.1305000000000001
20640,-7.0312000000000001,3.1231
20641,-7.7565999999999997,3.1175000000000002
20642,-8.9222999999999999,3.1063000000000001
20643,-9.9144000000000005,3.0989
20644,-10.596399999999999,3.0914999999999999
20645,-11.9047,3.0802999999999998
20646,-3.5341999999999998,3.1212
20647,-3.4535999999999998,3.125
20648,-3.4598,3.1267999999999998
20649,-3.4660000000000002,3.1286999999999998
20650,-3.4535999999999998,3.1286999999999998
20651,-3.4535999999999998,3.1286999999999998
20652,-3.4535999999999998,3.1286999999999998
20653,-3.4598,3.1305000000000001
20654,-3.4598,3.1305000000000001
20655,-3.4535999999999998,3.1305000000000001
20656,-3.4598,3.1305000000000001
20657,-3.4598,3.1305000000000001
20658,-3.4660000000000002,3.1305000000000001
20659,-3.4598,3.1305000000000001
20660,-3.4722,3.1305000000000001
20661,-3.4660000000000002,3.1305000000000001
20662,-3.4598,3.1305000000000001
20663,-3.4598,3.1305000000000001
20664,-3.4598,3.1305000000000001
20665,-3.4660000000000002,3.1305000000000001
20666,-3.4598,3.1305000000000001
20667,-3.4598,3.1305000000000001
20668,-3.4535999999999998,3.1305000000000001
20669,-3.4535999999999998,3.1305000000000001
20670,1.3206,3.1566000000000001
20671,1.1532,3.1602999999999999
20672,0.87419999999999998,3.1621999999999999
20673,0.60140000000000005,3.1621999999999999
20674,0.35959999999999998,3.1640000000000001
20675,0.16120000000000001,3.1640000000000001
20676,-0.068199999999999997,3.1621999999999999
20677,-0.73780000000000001,3.1566000000000001
20678,-1.0602,3.1566000000000001
20679,-1.2896000000000001,3.1547000000000001
20680,-1.4136,3.1547000000000001
20681,-0.62,3.1602999999999999
20682,-0.61380000000000001,3.1602999999999999
20683,-0.61380000000000001,3.1602999999999999
20684,-0.61380000000000001,3.1602999999999999
20685,-0.61380000000000001,3.1621999999999999
20686,-0.61380000000000001,3.1621999999999999
20687,-0.61380000000000001,3.1640000000000001
20688,-0.62,3.1640000000000001
20689,-0.61380000000000001,3.1640000000000001
20690,-0.62,3.1640000000000001
20691,-0.61380000000000001,3.1640000000000001
20692,-0.61380000000000001,3.1640000000000001
20693,-0.61380000000000001,3.1640000000000001
20694,-0.62,3.1659000000000002
20695,-0.61380000000000001,3.1659000000000002
20696,-0.61380000000000001,3.1659000000000002
20697,-0.61380000000000001,3.1659000000000002
20698,-0.62,3.1659000000000002
20699,-0.62619999999999998,3.1659000000000002
20700,-0.62,3.1659000000000002
20701,-0.62,3.1677
20702,-1.7423,3.1602999999999999
20703,-2.1019000000000001,3.1566000000000001
20704,-2.5855000000000001,3.1528999999999998
20705,-2.9388999999999998,3.1509999999999998
20706,-3.3792,3.1473
20707,-3.8132000000000001,3.1454
20708,-4.4084000000000003,3.1398000000000001
20709,-4.6936999999999998,3.1360999999999999
20710,-5.1711,3.1324000000000001
20711,-5.6547000000000001,3.1286999999999998
20712,-6.4236000000000004,3.1231
20713,-7.4900000000000002,3.1156000000000001
20714,-6.4980000000000002,3.1175000000000002
20715,-7.7317999999999998,3.1082000000000001
20716,-8.2898999999999994,3.1025999999999998
20717,-9.1827000000000005,3.0952000000000002
20718,-9.4122000000000003,3.0914999999999999
20719,-9.9391999999999996,3.0859000000000001
20720,-10.453799999999999,3.0783999999999998
20721,-11.427300000000001,3.0710000000000002
20722,-11.5451,3.0653999999999999
20723,-12.0969,3.0598000000000001
20724,-12.6488,3.0524
20725,-13.727600000000001,3.0430999999999999
20726,-13.857799999999999,3.0394000000000001
20727,-14.453099999999999,3.0337999999999998
20728,-5.2206999999999999,3.0802999999999998
20729,-5.1463000000000001,3.0840000000000001
20730,-5.1401000000000003,3.0876999999999999
20731,-5.1401000000000003,3.0895999999999999
20732,-5.1401000000000003,3.0914999999999999
20733,-5.1401000000000003,3.0933000000000002
20734,-5.1401000000000003,3.0933000000000002
20735,-5.1401000000000003,3.0952000000000002
20736,-5.1338999999999997,3.0952000000000002
20737,-5.1463000000000001,3.0952000000000002
20738,-5.1463000000000001,3.0952000000000002
20739,-5.1401000000000003,3.0952000000000002
20740,0.92379999999999995,3.1305000000000001
20741,0.96099999999999997,3.1360999999999999
20742,0.60140000000000005,3.1379999999999999
20743,0.73160000000000003,3.1436000000000002
20744,0.60140000000000005,3.1454
20745,0.32240000000000002,3.1454
20746,0.42159999999999997,3.1473
20747,0.29759999999999998,3.1490999999999998
20748,-3.5962000000000001,3.1286999999999998
20749,-3.6705999999999999,3.1267999999999998
20750,-3.6705999999999999,3.125
20751,-3.6705999999999999,3.125
20752,-3.6705999999999999,3.125
20753,-3.6768000000000001,3.125
20754,-3.6705999999999999,3.1231
20755,-3.6705999999999999,3.1231
20756,-3.6705999999999999,3.1231
20757,-3.6768000000000001,3.1231
20758,-3.6768000000000001,3.1231
20759,-3.6705999999999999,3.1231
20760,-3.6768000000000001,3.1212
20761,1.6678999999999999,3.1490999999999998
20762,1.4632000000000001,3.1528999999999998
20763,1.302,3.1566000000000001
20764,0.89280000000000004,3.1566000000000001
20765,0.62619999999999998,3.1566000000000001
20766,0.37819999999999998,3.1566000000000001
20767,0.13639999999999999,3.1566000000000001
20768,-0.074399999999999994,3.1547000000000001
20769,-0.71299999999999997,3.1528999999999998
20770,-1.0726,3.1509999999999998
20771,-1.3144,3.1490999999999998
20772,-1.4321999999999999,3.1490999999999998
20773,-0.63859999999999995,3.1528999999999998
20774,-0.63859999999999995,3.1547000000000001
20775,-0.63859999999999995,3.1547000000000001
20776,-0.63859999999999995,3.1547000000000001
20777,-0.63239999999999996,3.1547000000000001
20778,-0.63239999999999996,3.1547000000000001
20779,-0.63859999999999995,3.1566000000000001
20780,-0.63239999999999996,3.1566000000000001
20781,-0.63859999999999995,3.1566000000000001
20782,-0.63239999999999996,3.1566000000000001
20783,-0.63239999999999996,3.1566000000000001
20784,-0.63859999999999995,3.1566000000000001
20785,-0.63859999999999995,3.1602999999999999
20786,-0.63859999999999995,3.1602999999999999
20787,-0.63239999999999996,3.1602999999999999
20788,-0.61380000000000001,3.1602999999999999
20789,-0.61380000000000001,3.1602999999999999
20790,-0.61380000000000001,3.1621999999999999
20791,-0.61380000000000001,3.1621999999999999
20792,-2.6970999999999998,3.1490999999999998
20793,-4.1417999999999999,3.1398000000000001
20794,-5.7786999999999997,3.1286999999999998
20795,-7.2110000000000003,3.1194000000000002
20796,-2.1391,3.1417000000000002
20797,-2.0522999999999998,3.1436000000000002
20798,-2.0585,3.1454
20799,-2.0585,3.1454
20800,-2.0585,3.1454
20801,-2.0522999999999998,3.1454
20802,-2.0522999999999998,3.1454
20803,-2.0522999999999998,3.1454
20804,-0.25419999999999998,3.1566000000000001
20805,-0.65100000000000002,3.1547000000000001
20806,-1.0167999999999999,3.1528999999999998
20807,-1.2958000000000001,3.1528999999999998
20808,-1.4136,3.1528999999999998
20809,-0.62,3.1566000000000001
20810,-0.62,3.1566000000000001
20811,-0.62,3.1602999999999999
20812,-0.61380000000000001,3.1602999999999999
20813,-0.61380000000000001,3.1602999999999999
20814,-0.61380000000000001,3.1602999999999999
20815,-0.61380000000000001,3.1621999999999999
20816,-0.61380000000000001,3.1621999999999999
20817,-0.61380000000000001,3.1621999999999999
20818,-0.61380000000000001,3.1621999999999999
20819,-0.61380000000000001,3.1640000000000001
20820,-0.62,3.1640000000000001
20821,-0.62,3.1640000000000001
20822,-0.62,3.1640000000000001
20823,-0.62,3.1640000000000001
20824,-0.61380000000000001,3.1640000000000001
20825,-0.61380000000000001,3.1640000000000001
20826,-0.61380000000000001,3.1640000000000001
20827,-0.61380000000000001,3.1659000000000002
20828,-0.61380000000000001,3.1659000000000002
20829,-0.61380000000000001,3.1659000000000002
20830,-2.0956999999999999,3.1566000000000001
20831,-2.7715000000000001,3.1509999999999998
20832,-3.6520000000000001,3.1454
20833,-4.4518000000000004,3.1398000000000001
20834,-5.1401000000000003,3.1343000000000001
20835,-6.0949,3.1267999999999998
20836,-7.0125999999999999,3.1194000000000002
20837,-7.7317999999999998,3.1137999999999999
20838,-8.8975000000000009,3.1025999999999998
20839,-9.8957999999999995,3.0933000000000002
20840,-10.584,3.0859000000000001
20841,-11.8985,3.0747
20842,-3.5838000000000001,3.1156000000000001
20843,-3.4598,3.1194000000000002
20844,-3.4535999999999998,3.1212
20845,-3.4598,3.1231
20846,-3.4535999999999998,3.1231
20847,-3.4598,3.125
20848,-3.4598,3.125
20849,-3.4535999999999998,3.125
20850,-3.4474,3.125
20851,-3.4535999999999998,3.125
20852,-3.4535999999999998,3.125
20853,-3.4535999999999998,3.125
20854,-3.4598,3.1267999999999998
20855,-3.4598,3.1267999999999998
20856,-3.4598,3.1267999999999998
20857,-3.4598,3.1267999999999998
20858,-3.4535999999999998,3.1267999999999998
20859,-3.4598,3.125
20860,-3.4598,3.1267999999999998
20861,-3.4535999999999998,3.1267999999999998
20862,-3.4598,3.1267999999999998
20863,-3.4598,3.1267999999999998
20864,-3.4598,3.125
20865,-3.4598,3.125
20866,1.3144,3.1509999999999998
20867,1.1594,3.1547000000000001
20868,0.88039999999999996,3.1566000000000001
20869,0.60140000000000005,3.1566000000000001
20870,0.35959999999999998,3.1566000000000001
20871,0.155,3.1566000000000001
20872,-0.062,3.1566000000000001
20873,-0.73780000000000001,3.1528999999999998
20874,-1.054,3.1528999999999998
20875,-1.2958000000000001,3.1509999999999998
20876,-1.4136,3.1509999999999998
20877,-0.61380000000000001,3.1547000000000001
20878,-0.61380000000000001,3.1547000000000001
20879,-0.62,3.1566000000000001
20880,-0.62,3.1566000000000001
20881,-0.61380000000000001,3.1566000000000001
20882,-0.62,3.1566000000000001
20883,-0.61380000000000001,3.1566000000000001
20884,-0.61380000000000001,3.1602999999999999
20885,-0.62,3.1602999999999999
20886,-0.62,3.1602999999999999
20887,-0.62,3.1602999999999999
20888,-0.61380000000000001,3.1602999999999999
20889,-0.62,3.1621999999999999
20890,-0.62,3.1621999999999999
20891,-0.61380000000000001,3.1621999999999999
20892,-0.61380000000000001,3.1621999999999999
20893,-0.62,3.1621999999999999
20894,-0.62,3.1640000000000001
20895,-0.61380000000000001,3.1621999999999999
20896,-0.62,3.1621999999999999
20897,-0.61380000000000001,3.1640000000000001
20898,-1.7484999999999999,3.1566000000000001
20899,-2.1019000000000001,3.1528999999999998
20900,-2.5731000000000002,3.1509999999999998
20901,-2.9761000000000002,3.1473
20902,-3.3792,3.1454
20903,-3.8132000000000001,3.1398000000000001
20904,-4.4084000000000003,3.1360999999999999
20905,-4.7432999999999996,3.1324000000000001
20906,-5.1772999999999998,3.1286999999999998
20907,-5.6856999999999998,3.125
20908,-6.4359999999999999,3.1175000000000002
20909,-7.5457999999999998,3.1082000000000001
20910,-6.5042,3.1101000000000001
20911,-7.7813999999999997,3.1025999999999998
20912,-8.3147000000000002,3.097
20913,-9.2074999999999996,3.0895999999999999
20914,-9.4556000000000004,3.0840000000000001
20915,-9.9391999999999996,3.0783999999999998
20916,-10.460000000000001,3.0729000000000002
20917,-11.414899999999999,3.0636000000000001
20918,-11.5823,3.0579999999999998
20919,-12.0907,3.0524
20920,-12.654999999999999,3.0468000000000002
20921,-13.7834,3.0356999999999998
20922,-13.851599999999999,3.0318999999999998
20923,-14.453099999999999,3.0245000000000002
20924,-5.2206999999999999,3.0729000000000002
20925,-5.1463000000000001,3.0766
20926,-5.1463000000000001,3.0802999999999998
20927,-5.1463000000000001,3.0840000000000001
20928,-5.1463000000000001,3.0840000000000001
20929,-5.1463000000000001,3.0859000000000001
20930,-5.1401000000000003,3.0876999999999999
20931,-5.1401000000000003,3.0876999999999999
20932,-5.1463000000000001,3.0876999999999999
20933,-5.1401000000000003,3.0876999999999999
20934,-5.1463000000000001,3.0895999999999999
20935,-5.1401000000000003,3.0895999999999999
20936,0.93000000000000005,3.125
20937,0.96099999999999997,3.1305000000000001
20938,0.60140000000000005,3.1343000000000001
20939,0.73160000000000003,3.1379999999999999
20940,0.60140000000000005,3.1398000000000001
20941,0.31619999999999998,3.1398000000000001
20942,0.40920000000000001,3.1417000000000002
20943,0.28520000000000001,3.1436000000000002
20944,-3.5899999999999999,3.125
20945,-3.6581999999999999,3.1231
20946,-3.6581999999999999,3.1212
20947,-3.6520000000000001,3.1194000000000002
20948,-3.6581999999999999,3.1194000000000002
20949,-3.6581999999999999,3.1175000000000002
20950,-3.6581999999999999,3.1175000000000002
20951,-3.6644000000000001,3.1175000000000002
20952,-3.6581999999999999,3.1175000000000002
20953,-3.6644000000000001,3.1175000000000002
20954,-3.6768000000000001,3.1175000000000002
20955,-3.6768000000000001,3.1175000000000002
20956,-3.6705999999999999,3.1156000000000001
20957,1.6617,3.1454
20958,1.4632000000000001,3.1490999999999998
20959,1.302,3.1509999999999998
20960,0.89280000000000004,3.1509999999999998
20961,0.62619999999999998,3.1509999999999998
20962,0.37819999999999998,3.1528999999999998
20963,0.13639999999999999,3.1509999999999998
20964,-0.16120000000000001,3.1509999999999998
20965,-0.71299999999999997,3.1473
20966,-1.0726,3.1454
20967,-1.3206,3.1454
20968,-1.4321999999999999,3.1436000000000002
20969,-0.63239999999999996,3.1490999999999998
20970,-0.63859999999999995,3.1490999999999998
20971,-0.62,3.1490999999999998
20972,-0.61380000000000001,3.1509999999999998
20973,-0.61380000000000001,3.1509999999999998
20974,-0.61380000000000001,3.1509999999999998
20975,-0.61380000000000001,3.1509999999999998
20976,-0.61380000000000001,3.1528999999999998
20977,-0.62,3.1528999999999998
20978,-0.61380000000000001,3.1528999999999998
20979,-0.61380000000000001,3.1528999999999998
20980,-0.61380000000000001,3.1547000000000001
20981,-0.61380000000000001,3.1547000000000001
20982,-0.61380000000000001,3.1547000000000001
20983,-0.61380000000000001,3.1547000000000001
20984,-0.61380000000000001,3.1547000000000001
20985,-0.61380000000000001,3.1547000000000001
20986,-0.61380000000000001,3.1566000000000001
20987,-0.61380000000000001,3.1566000000000001
20988,-0.61380000000000001,3.1566000000000001
20989,-0.61380000000000001,3.1566000000000001
20990,-0.61380000000000001,3.1566000000000001
20991,-0.61380000000000001,3.1566000000000001
20992,-0.61380000000000001,3.1566000000000001
20993,-0.61380000000000001,3.1566000000000001
20994,-0.61380000000000001,3.1602999999999999
20995,-0.62,3.1602999999999999
20996,-0.62,3.1602999999999999
20997,-2.2631000000000001,3.1490999999999998
20998,-3.2118000000000002,3.1436000000000002
20999,-4.2224000000000004,3.1360999999999999
21000,-5.2083000000000004,3.1305000000000001
21001,-6.2251000000000003,3.1212
21002,-2.1019000000000001,3.1417000000000002
21003,-2.0522999999999998,3.1417000000000002
21004,-5.6174999999999997,3.1231
21005,-6.343,3.1175000000000002
21006,-7.2233999999999998,3.1082000000000001
21007,-7.7008000000000001,3.1025999999999998
21008,-8.3890999999999991,3.0952000000000002
21009,-9.0587,3.0876999999999999
21010,-10.1004,3.0783999999999998
21011,-10.5406,3.0729000000000002
21012,-11.1793,3.0636000000000001
21013,-3.7759999999999998,3.1008
21014,-3.6953999999999998,3.1063000000000001
21015,-10.497199999999999,3.0710000000000002
21016,-11.098699999999999,3.0617000000000001
21017,-11.2227,3.0560999999999998
21018,-12.208500000000001,3.0468000000000002
21019,-12.747999999999999,3.0394000000000001
21020,-13.3184,3.0318999999999998
21021,-13.361800000000001,3.0282
21022,-14.4655,3.0171000000000001
21023,-5.2827000000000002,3.0636000000000001
21024,-5.1586999999999996,3.0710000000000002
21025,-12.6736,3.0318999999999998
21026,-13.8392,3.0188999999999999
21027,-13.7028,3.0152000000000001
21028,-14.775499999999999,3.0059
21029,-14.6515,3.0022000000000002
21030,-15.1289,2.9965999999999999
21031,-16.2822,2.9872999999999998
21032,-16.133400000000002,2.9836
21033,-16.660399999999999,2.9780000000000002
21034,-17.894300000000001,2.9668000000000001
21035,-17.7331,2.9630999999999998
21036,-19.053799999999999,2.9538000000000002
21037,-18.886399999999998,2.9500999999999999
21038,-8.4138999999999999,3.004
21039,-8.3332999999999995,3.0114999999999998
21040,-8.3394999999999992,3.0152000000000001
21041,-8.3394999999999992,3.0171000000000001
21042,-8.3457000000000008,3.0188999999999999
21043,-8.3394999999999992,3.0226000000000002
21044,-8.3332999999999995,3.0245000000000002
21045,-8.3332999999999995,3.0245000000000002
21046,-8.3332999999999995,3.0245000000000002
21047,-8.3332999999999995,3.0264000000000002
21048,-8.3394999999999992,3.0264000000000002
21049,-8.3332999999999995,3.0264000000000002
21050,-8.3519000000000005,3.0264000000000002
21051,-8.3457000000000008,3.0264000000000002
21052,-8.3519000000000005,3.0264000000000002
21053,-8.3581000000000003,3.0264000000000002
21054,-8.3519000000000005,3.0264000000000002
21055,-8.3457000000000008,3.0264000000000002
21056,-8.3457000000000008,3.0264000000000002
21057,-8.3581000000000003,3.0245000000000002
21058,-8.3581000000000003,3.0245000000000002
21059,-8.3581000000000003,3.0245000000000002
21060,-8.3519000000000005,3.0245000000000002
21061,-8.3457000000000008,3.0245000000000002
21062,-8.3519000000000005,3.0245000000000002
21063,-8.3519000000000005,3.0245000000000002
21064,-8.3581000000000003,3.0245000000000002
21065,-8.3519000000000005,3.0226000000000002
21066,-8.3581000000000003,3.0226000000000002
21067,-8.3519000000000005,3.0226000000000002
21068,-8.3519000000000005,3.0226000000000002
21069,-8.3519000000000005,3.0226000000000002
21070,-8.3519000000000005,3.0226000000000002
21071,-8.3519000000000005,3.0226000000000002
21072,-8.3394999999999992,3.0188999999999999
21073,-8.3332999999999995,3.0188999999999999
21074,-8.3332999999999995,3.0188999999999999
21075,-8.3394999999999992,3.0188999999999999
21076,-8.3332999999999995,3.0188999999999999
21077,-8.3270999999999997,3.0188999999999999
21078,-8.3394999999999992,3.0188999999999999
21079,-8.3332999999999995,3.0171000000000001
21080,-8.3332999999999995,3.0171000000000001
21081,-8.3332999999999995,3.0171000000000001
21082,-8.3270999999999997,3.0171000000000001
21083,-8.3270999999999997,3.0171000000000001
21084,-8.3332999999999995,3.0171000000000001
21085,-8.3270999999999997,3.0171000000000001
21086,-8.3332999999999995,3.0152000000000001
21087,-8.3270999999999997,3.0152000000000001
21088,3.8441999999999998,3.0876999999999999
21089,3.8441999999999998,3.1008
21090,3.6829999999999998,3.1101000000000001
21091,3.5217999999999998,3.1175000000000002
21092,3.3296000000000001,3.1231
21093,3.1684000000000001,3.1267999999999998
21094,2.9636999999999998,3.1305000000000001
21095,2.7652999999999999,3.1324000000000001
21096,-4.9789000000000003,3.0914999999999999
21097,-5.1338999999999997,3.0859000000000001
21098,-5.1401000000000003,3.0821999999999998
21099,-5.1401000000000003,3.0802999999999998
21100,-5.1463000000000001,3.0783999999999998
21101,-5.1401000000000003,3.0766
21102,-5.1463000000000001,3.0766
21103,-5.1401000000000003,3.0747
21104,-5.1463000000000001,3.0729000000000002
21105,-5.1401000000000003,3.0729000000000002
21106,-5.1401000000000003,3.0729000000000002
21107,-5.1338999999999997,3.0729000000000002
21108,-5.1401000000000003,3.0710000000000002
21109,-5.1401000000000003,3.0710000000000002
21110,-5.1401000000000003,3.0710000000000002
21111,-5.1401000000000003,3.0691000000000002
21112,-5.1338999999999997,3.0691000000000002
21113,-5.1463000000000001,3.0691000000000002
21114,-5.1401000000000003,3.0691000000000002
21115,-5.1463000000000001,3.0691000000000002
21116,-5.1463000000000001,3.0691000000000002
21117,-5.1463000000000001,3.0653999999999999
21118,-5.1401000000000003,3.0653999999999999
21119,-5.1524999999999999,3.0653999999999999
21120,-5.1401000000000003,3.0653999999999999
21121,-5.1401000000000003,3.0653999999999999
21122,-5.1463000000000001,3.0653999999999999
21123,-5.1463000000000001,3.0653999999999999
21124,-5.1463000000000001,3.0653999999999999
21125,-5.1524999999999999,3.0636000000000001
21126,-5.1586999999999996,3.0636000000000001
21127,-5.1649000000000003,3.0636000000000001
21128,-5.1586999999999996,3.0636000000000001
21129,-5.1524999999999999,3.0636000000000001
21130,-5.1586999999999996,3.0636000000000001
21131,-5.1586999999999996,3.0636000000000001
21132,-5.1649000000000003,3.0636000000000001
21133,-5.1711,3.0636000000000001
21134,-5.1586999999999996,3.0617000000000001
21135,-5.1401000000000003,3.0636000000000001
21136,-5.1401000000000003,3.0617000000000001
21137,-5.1401000000000003,3.0636000000000001
21138,-5.1401000000000003,3.0636000000000001
21139,-5.1401000000000003,3.0617000000000001
21140,-5.1463000000000001,3.0617000000000001
21141,-5.1463000000000001,3.0617000000000001
21142,-5.1401000000000003,3.0617000000000001
21143,-5.1401000000000003,3.0617000000000001
21144,-5.1401000000000003,3.0617000000000001
21145,-5.1401000000000003,3.0617000000000001
21146,-5.1463000000000001,3.0617000000000001
21147,-5.1463000000000001,3.0617000000000001
21148,-5.1401000000000003,3.0617000000000001
21149,-5.1401000000000003,3.0617000000000001
21150,-5.1463000000000001,3.0617000000000001
21151,-5.1401000000000003,3.0617000000000001
21152,-5.1401000000000003,3.0617000000000001
21153,-5.1338999999999997,3.0598000000000001
21154,-5.1401000000000003,3.0598000000000001
21155,-5.1401000000000003,3.0598000000000001
21156,-5.1401000000000003,3.0598000000000001
21157,-5.1401000000000003,3.0598000000000001
21158,-5.1463000000000001,3.0598000000000001
21159,-5.1401000000000003,3.0598000000000001
21160,-5.1401000000000003,3.0598000000000001
21161,-5.1401000000000003,3.0598000000000001
21162,-5.1338999999999997,3.0598000000000001
21163,-5.1463000000000001,3.0598000000000001
21164,-5.1463000000000001,3.0598000000000001
21165,-12.698399999999999,3.0152000000000001
21166,-13.857799999999999,3.0003000000000002
21167,-13.727600000000001,2.9929000000000001
21168,-14.825100000000001,2.9799000000000002
21169,-14.694900000000001,2.9723999999999999
21170,-15.1723,2.9649999999999999
21171,-16.338000000000001,2.9538000000000002
21172,-16.183,2.9481999999999999
21173,-16.7286,2.9407999999999999
21174,-17.956299999999999,2.9278
21175,-17.795100000000001,2.9241000000000001
21176,-19.1158,2.9129
21177,-18.954599999999999,2.9091999999999998
21178,-8.4758999999999993,2.9613
21179,-8.3519000000000005,2.9687000000000001
21180,-8.3581000000000003,2.9761000000000002
21181,-8.3457000000000008,2.9780000000000002
21182,-8.3519000000000005,2.9817
21183,-8.3519000000000005,2.9836
21184,-8.3519000000000005,2.9836
21185,-8.3519000000000005,2.9853999999999998
21186,-8.3457000000000008,2.9853999999999998
21187,-8.3519000000000005,2.9872999999999998
21188,-8.3581000000000003,2.9872999999999998
21189,-8.3581000000000003,2.9872999999999998
21190,-8.3519000000000005,2.9872999999999998
21191,-8.3457000000000008,2.9872999999999998
21192,-8.3519000000000005,2.9872999999999998
21193,-8.3332999999999995,2.9872999999999998
21194,-8.3332999999999995,2.9872999999999998
21195,-8.3332999999999995,2.9872999999999998
21196,-8.3332999999999995,2.9872999999999998
21197,-8.3332999999999995,2.9872999999999998
21198,-8.3270999999999997,2.9872999999999998
21199,-8.3332999999999995,2.9872999999999998
21200,-8.3332999999999995,2.9872999999999998
21201,-8.3332999999999995,2.9872999999999998
21202,-8.3332999999999995,2.9872999999999998
21203,-8.3332999999999995,2.9872999999999998
21204,-8.3394999999999992,2.9853999999999998
21205,-8.3394999999999992,2.9853999999999998
21206,-8.3332999999999995,2.9853999999999998
21207,-8.3332999999999995,2.9853999999999998
21208,-8.3394999999999992,2.9853999999999998
21209,-8.3394999999999992,2.9836
21210,-8.3704999999999998,2.9836
21211,-8.3704999999999998,2.9836
21212,-8.3890999999999991,2.9836
21213,-8.3766999999999996,2.9817
21214,-8.3890999999999991,2.9817
21215,-8.3704999999999998,2.9817
21216,-8.3704999999999998,2.9817
21217,-8.3766999999999996,2.9817
21218,-8.3704999999999998,2.9817
21219,-8.3766999999999996,2.9799000000000002
21220,-8.3766999999999996,2.9799000000000002
21221,-8.3766999999999996,2.9799000000000002
21222,-8.3704999999999998,2.9799000000000002
21223,-8.3766999999999996,2.9799000000000002
21224,-8.3704999999999998,2.9780000000000002
21225,-8.3766999999999996,2.9780000000000002
21226,-8.3766999999999996,2.9780000000000002
21227,-8.3766999999999996,2.9780000000000002
21228,-14.694900000000001,2.9407999999999999
21229,-14.2857,2.9333999999999998
21230,-15.2529,2.9203000000000001
21231,-14.775499999999999,2.9184999999999999
21232,-15.7738,2.9073000000000002
21233,-15.2963,2.9055
21234,-16.325600000000001,2.8961999999999999
21235,-16.6294,2.8906000000000001
21236,-16.102399999999999,2.8887
21237,-17.1812,2.8794
21238,-16.666599999999999,2.8776000000000002
21239,-17.788900000000002,2.8683000000000001
21240,-17.224699999999999,2.8683000000000001
21241,-18.3965,2.859
21242,-18.7562,2.8534000000000002
21243,-18.1113,2.8515000000000001
21244,-19.357600000000001,2.8422000000000001
21245,-18.7562,2.8422000000000001
21246,-20.002400000000002,2.8311000000000002
21247,-19.3948,2.8292000000000002
21248,-20.6721,2.8199000000000001
21249,-21.025500000000001,2.8142999999999998
21250,-20.4055,2.8142999999999998
21251,-21.757100000000001,2.8031000000000001
21252,-21.068899999999999,2.8031000000000001
21253,-22.476400000000002,2.7900999999999998
21254,-21.7943,2.7900999999999998
21255,-23.189399999999999,2.7789999999999999
21256,-23.635899999999999,2.7715000000000001
21257,-22.916599999999999,2.7715000000000001
21258,-24.392299999999999,2.7604000000000002
21259,-23.679300000000001,2.7604000000000002
21260,-25.1922,2.7492000000000001
21261,-24.435700000000001,2.7473000000000001
21262,-26.023,2.7343000000000002
21263,-16.387599999999999,2.7789999999999999
21264,-16.313199999999998,2.7827000000000002
21265,-16.319400000000002,2.7864
21266,-16.319400000000002,2.7883
21267,-16.319400000000002,2.7883
21268,-16.319400000000002,2.7883
21269,-16.313199999999998,2.7883
21270,-16.288399999999999,2.7883
21271,-16.306999999999999,2.7883
21272,-16.2822,2.7864
21273,-16.306999999999999,2.7864
21274,-16.288399999999999,2.7864
21275,-16.288399999999999,2.7845
21276,-16.288399999999999,2.7827000000000002
21277,-16.294599999999999,2.7827000000000002
21278,-16.294599999999999,2.7808000000000002
21279,-16.2822,2.7789999999999999
21280,-16.294599999999999,2.7789999999999999
21281,-16.288399999999999,2.7770999999999999
21282,-16.306999999999999,2.7751999999999999
21283,-16.306999999999999,2.7751999999999999
21284,-16.288399999999999,2.7734000000000001
21285,-16.294599999999999,2.7715000000000001
21286,-16.288399999999999,2.7715000000000001
21287,-16.294599999999999,2.7696999999999998
21288,-16.288399999999999,2.7677999999999998
21289,-16.331800000000001,2.7658999999999998
21290,-16.338000000000001,2.7641
21291,-16.331800000000001,2.7641
21292,-16.331800000000001,2.7622
21293,-27.697099999999999,2.6989999999999998
21294,-28.329599999999999,2.6840999999999999
21295,-28.8566,2.6711
21296,-29.4146,2.6598999999999999
21297,-29.9665,2.6469
21298,-30.536899999999999,2.6375999999999999
21299,-31.119700000000002,2.6282999999999999
21300,-31.7088,2.6190000000000002
21301,-32.316400000000002,2.6059999999999999
21302,-32.955100000000002,2.5966999999999998
21303,-33.5441,2.5874000000000001
21304,-34.219900000000003,2.5781000000000001
21305,-34.871000000000002,2.5688
21306,-35.552999999999997,2.5575999999999999
21307,-36.259900000000002,2.5465
21308,-36.954300000000003,2.5371999999999999
21309,-37.667400000000001,2.5278999999999998
21310,-38.4238,2.5148000000000001
21311,-39.174100000000003,2.5036999999999998
21312,-39.936700000000002,2.4944000000000002
21313,-24.751899999999999,2.5539000000000001
21314,-24.665099999999999,2.5575999999999999
21315,-24.665099999999999,2.5594999999999999
21316,-24.677499999999998,2.5594999999999999
21317,-24.683700000000002,2.5594999999999999
21318,-24.652699999999999,2.5594999999999999
21319,-24.652699999999999,2.5575999999999999
21320,-24.689900000000002,2.5575999999999999
21321,-24.696100000000001,2.5539000000000001
21322,-24.683700000000002,2.552
21323,2.7591000000000001,2.6897000000000002
21324,3.1932,2.7212999999999998
21325,3.528,2.7492000000000001
21326,3.7635999999999998,2.7715000000000001
21327,4.0115999999999996,2.7938000000000001
21328,4.2472000000000003,2.8125
21329,4.4455999999999998,2.8311000000000002
21330,4.5944000000000003,2.8496999999999999
21331,4.7743000000000002,2.8645
21332,4.8487,2.8813
21333,4.8859000000000004,2.8961999999999999
21334,4.8859000000000004,2.9091999999999998
21335,4.8487,2.9222000000000001
21336,4.8114999999999997,2.9352
21337,4.7247000000000003,2.9464000000000001
21338,4.6440000000000001,2.9557000000000002
21339,9.9144000000000005,2.9946999999999999
21340,9.9206000000000003,3.0095999999999998
21341,8.9657,3.0188999999999999
21342,8.7673000000000005,3.0318999999999998
21343,7.8868999999999998,3.0356999999999998
21344,7.6078000000000001,3.0430999999999999
21345,6.7274000000000003,3.0468000000000002
21346,6.4173999999999998,3.0524
21347,8.1783000000000001,3.0653999999999999
21348,7.056,3.0691000000000002
21349,5.8654999999999999,3.0691000000000002
21350,4.7061000000000002,3.0653999999999999
21351,3.7016,3.0636000000000001
21352,2.7281,3.0617000000000001
21353,1.7546999999999999,3.0579999999999998
21354,0.35959999999999998,3.0524
21355,-0.69440000000000002,3.0468000000000002
21356,-1.3826000000000001,3.0411999999999999
21357,-0.62,3.0449999999999999
21358,-0.61380000000000001,3.0449999999999999
21359,-0.61380000000000001,3.0449999999999999
21360,-0.62,3.0449999999999999
21361,-0.61380000000000001,3.0449999999999999
21362,-0.61380000000000001,3.0468000000000002
21363,-0.62,3.0468000000000002
21364,-0.61380000000000001,3.0468000000000002
21365,-0.61380000000000001,3.0468000000000002
21366,-0.62,3.0487000000000002
21367,-0.61380000000000001,3.0487000000000002
21368,-0.61380000000000001,3.0487000000000002
21369,-0.61380000000000001,3.0505
21370,-0.61380000000000001,3.0505
21371,-0.61380000000000001,3.0505
21372,-0.62619999999999998,3.0524
21373,-0.62,3.0524
21374,-0.62,3.0524
21375,-0.62,3.0524
21376,-0.062,3.0560999999999998
21377,-0.62,3.0543
21378,-0.62,3.0543
21379,-0.62,3.0560999999999998
21380,-0.62,3.0560999999999998
21381,-0.62,3.0560999999999998
21382,-0.62,3.0579999999999998
21383,-0.62619999999999998,3.0579999999999998
21384,-0.62,3.0579999999999998
21385,-0.63239999999999996,3.0579999999999998
21386,-0.63239999999999996,3.0598000000000001
21387,-0.63239999999999996,3.0598000000000001
21388,-0.63239999999999996,3.0598000000000001
21389,-2.7033,3.0505
21390,-4.1604000000000001,3.0430999999999999
21391,-5.7601000000000004,3.0318999999999998
21392,-7.1862000000000004,3.0188999999999999
21393,-2.0956999999999999,3.0411999999999999
21394,-2.0213000000000001,3.0430999999999999
21395,-2.0089000000000001,3.0430999999999999
21396,-2.0089000000000001,3.0449999999999999
21397,-2.0089000000000001,3.0449999999999999
21398,-2.0213000000000001,3.0449999999999999
21399,-2.0213000000000001,3.0449999999999999
21400,-2.0213000000000001,3.0449999999999999
21401,-0.25419999999999998,3.0560999999999998
21402,-0.65100000000000002,3.0543
21403,-1.0167999999999999,3.0543
21404,-1.2958000000000001,3.0543
21405,-1.4136,3.0543
21406,-0.62,3.0579999999999998
21407,-0.62,3.0579999999999998
21408,-0.62,3.0598000000000001
21409,-0.62,3.0617000000000001
21410,-0.62,3.0617000000000001
21411,-0.62,3.0617000000000001
21412,-0.63239999999999996,3.0636000000000001
21413,-0.62619999999999998,3.0636000000000001
21414,-0.62,3.0653999999999999
21415,-0.62,3.0653999999999999
21416,-0.62,3.0653999999999999
21417,-0.62619999999999998,3.0691000000000002
21418,-0.62,3.0691000000000002
21419,-0.61380000000000001,3.0691000000000002
21420,-0.62,3.0691000000000002
21421,-0.61380000000000001,3.0710000000000002
21422,-0.62,3.0710000000000002
21423,-0.61380000000000001,3.0710000000000002
21424,-0.62,3.0710000000000002
21425,-0.61380000000000001,3.0729000000000002
21426,-0.62,3.0729000000000002
21427,-2.0522999999999998,3.0636000000000001
21428,-2.7715000000000001,3.0598000000000001
21429,-3.621,3.0543
21430,-4.4518000000000004,3.0468000000000002
21431,-5.1401000000000003,3.0411999999999999
21432,-6.0576999999999996,3.0337999999999998
21433,-6.9753999999999996,3.0264000000000002
21434,-7.6883999999999997,3.0152000000000001
21435,-8.8603000000000005,3.0059
21436,-9.8461999999999996,2.9946999999999999
21437,-10.5282,2.9836
21438,-11.8551,2.9687000000000001
21439,-3.5404,3.0059
21440,-3.4350000000000001,3.0114999999999998
21441,-3.4163999999999999,3.0133000000000001
21442,-3.4350000000000001,3.0152000000000001
21443,-3.4226000000000001,3.0152000000000001
21444,-3.4163999999999999,3.0171000000000001
21445,-3.4226000000000001,3.0171000000000001
21446,-3.4163999999999999,3.0171000000000001
21447,-3.4226000000000001,3.0171000000000001
21448,-3.4226000000000001,3.0171000000000001
21449,-3.4163999999999999,3.0171000000000001
21450,-3.4163999999999999,3.0171000000000001
21451,-3.4226000000000001,3.0188999999999999
21452,-3.4163999999999999,3.0188999999999999
21453,-3.4350000000000001,3.0171000000000001
21454,-3.4163999999999999,3.0188999999999999
21455,-3.4163999999999999,3.0171000000000001
21456,-3.4163999999999999,3.0188999999999999
21457,-3.4226000000000001,3.0171000000000001
21458,-3.4163999999999999,3.0188999999999999
21459,-3.4226000000000001,3.0171000000000001
21460,-3.4350000000000001,3.0171000000000001
21461,-3.4163999999999999,3.0171000000000001
21462,-3.4350000000000001,3.0171000000000001
21463,1.3268,3.0449999999999999
21464,1.1222000000000001,3.0487000000000002
21465,0.88039999999999996,3.0524
21466,0.60140000000000005,3.0543
21467,0.35959999999999998,3.0560999999999998
21468,0.155,3.0560999999999998
21469,-0.055800000000000002,3.0560999999999998
21470,-0.73780000000000001,3.0543
21471,-1.054,3.0543
21472,-1.2958000000000001,3.0524
21473,-1.4198,3.0524
21474,-0.62,3.0560999999999998
21475,-0.62,3.0579999999999998
21476,-0.61380000000000001,3.0579999999999998
21477,-0.61380000000000001,3.0598000000000001
21478,-0.62,3.0598000000000001
21479,-0.62,3.0617000000000001
21480,-0.62,3.0617000000000001
21481,-0.62,3.0636000000000001
21482,-0.62,3.0636000000000001
21483,-0.61380000000000001,3.0636000000000001
21484,-0.62,3.0636000000000001
21485,-0.61380000000000001,3.0653999999999999
21486,-0.62,3.0653999999999999
21487,-0.62,3.0653999999999999
21488,-0.62,3.0691000000000002
21489,-0.62,3.0691000000000002
21490,-0.62,3.0691000000000002
21491,-0.62,3.0691000000000002
21492,-0.62,3.0710000000000002
21493,-0.62619999999999998,3.0710000000000002
21494,-0.62,3.0710000000000002
21495,-1.7423,3.0636000000000001
21496,-2.1019000000000001,3.0617000000000001
21497,-2.5731000000000002,3.0579999999999998
21498,-2.9388999999999998,3.0560999999999998
21499,-3.3792,3.0524
21500,-3.8132000000000001,3.0487000000000002
21501,-4.3836000000000004,3.0430999999999999
21502,-4.6936999999999998,3.0394000000000001
21503,-5.1463000000000001,3.0337999999999998
21504,-5.6670999999999996,3.0282
21505,-6.3802000000000003,3.0226000000000002
21506,-7.5023999999999997,3.0114999999999998
21507,-6.4484000000000004,3.0114999999999998
21508,-7.7504,3.0022000000000002
21509,-8.2589000000000006,2.9946999999999999
21510,-9.1765000000000008,2.9853999999999998
21511,-9.3998000000000008,2.9780000000000002
21512,-9.9082000000000008,2.9687000000000001
21513,-10.4352,2.9594
21514,-11.3901,2.9481999999999999
21515,-11.4955,2.9407999999999999
21516,-12.065899999999999,2.9278
21517,-12.611599999999999,2.9184999999999999
21518,-13.709,2.9055
21519,-13.777200000000001,2.8961999999999999
21520,-14.409700000000001,2.8849999999999998
21521,-5.2206999999999999,2.9278
21522,-5.0967000000000002,2.9352
21523,-5.1090999999999998,2.9388999999999998
21524,-5.1090999999999998,2.9407999999999999
21525,-5.1029,2.9426999999999999
21526,-5.1029,2.9445000000000001
21527,-5.0967000000000002,2.9464000000000001
21528,-5.1029,2.9464000000000001
21529,-5.1029,2.9464000000000001
21530,-5.1029,2.9481999999999999
21531,-5.1029,2.9481999999999999
21532,-5.0967000000000002,2.9481999999999999
21533,0.93620000000000003,2.9836
21534,0.93000000000000005,2.9929000000000001
21535,0.60140000000000005,2.9984999999999999
21536,0.73160000000000003,3.0059
21537,0.60140000000000005,3.0114999999999998
21538,0.3286,3.0133000000000001
21539,0.40920000000000001,3.0188999999999999
21540,0.28520000000000001,3.0226000000000002
21541,-3.5838000000000001,3.0022000000000002
21542,-3.6581999999999999,3.0003000000000002
21543,-3.6581999999999999,2.9984999999999999
21544,-3.6581999999999999,2.9965999999999999
21545,-3.6581999999999999,2.9965999999999999
21546,-3.6581999999999999,2.9965999999999999
21547,-3.6581999999999999,2.9946999999999999
21548,-3.6520000000000001,2.9946999999999999
21549,-3.6581999999999999,2.9929000000000001
21550,-3.6457999999999999,2.9929000000000001
21551,-3.6520000000000001,2.9929000000000001
21552,-3.6520000000000001,2.9929000000000001
21553,-3.6581999999999999,2.9929000000000001
21554,1.6493,3.0226000000000002
21555,1.4570000000000001,3.0282
21556,1.2958000000000001,3.0337999999999998
21557,0.87419999999999998,3.0356999999999998
21558,0.60140000000000005,3.0375000000000001
21559,0.372,3.0394000000000001
21560,0.124,3.0394000000000001
21561,-0.062,3.0394000000000001
21562,-0.69440000000000002,3.0375000000000001
21563,-1.054,3.0375000000000001
21564,-1.2958000000000001,3.0356999999999998
21565,-1.4136,3.0356999999999998
21566,-0.62619999999999998,3.0394000000000001
21567,-0.62,3.0411999999999999
21568,-0.62619999999999998,3.0430999999999999
21569,-0.61380000000000001,3.0430999999999999
21570,-0.62,3.0449999999999999
21571,-0.62,3.0449999999999999
21572,-0.62619999999999998,3.0468000000000002
21573,-0.62,3.0468000000000002
21574,-0.62,3.0468000000000002
21575,-0.62,3.0487000000000002
21576,-0.62,3.0487000000000002
21577,-0.62,3.0487000000000002
21578,-0.62,3.0505
21579,-0.63239999999999996,3.0505
21580,-0.63239999999999996,3.0505
21581,-0.63859999999999995,3.0524
21582,-0.63859999999999995,3.0524
21583,-0.63239999999999996,3.0524
21584,-0.63239999999999996,3.0543
21585,-2.6970999999999998,3.0430999999999999
21586,-4.1479999999999997,3.0337999999999998
21587,-5.7786999999999997,3.0226000000000002
21588,-7.1676000000000002,3.0078
21589,-2.1391,3.0318999999999998
21590,-2.0089000000000001,3.0337999999999998
21591,-2.0089000000000001,3.0337999999999998
21592,-2.0089000000000001,3.0356999999999998
21593,-2.0089000000000001,3.0356999999999998
21594,-2.0089000000000001,3.0356999999999998
21595,-2.0089000000000001,3.0356999999999998
21596,-2.0089000000000001,3.0356999999999998
21597,-0.25419999999999998,3.0449999999999999
21598,-0.65720000000000001,3.0449999999999999
21599,-1.0167999999999999,3.0449999999999999
21600,-1.2896000000000001,3.0430999999999999
21601,-1.4136,3.0430999999999999
21602,-0.62,3.0487000000000002
21603,-0.61380000000000001,3.0487000000000002
21604,-0.62,3.0505
21605,-0.62619999999999998,3.0505
21606,-0.62619999999999998,3.0524
21607,-0.62,3.0524
21608,-0.62,3.0524
21609,-0.62,3.0543
21610,-0.62619999999999998,3.0543
21611,-0.62,3.0560999999999998
21612,-0.62,3.0560999999999998
21613,-0.62,3.0560999999999998
21614,-0.62619999999999998,3.0560999999999998
21615,-0.62,3.0579999999999998
21616,-0.61380000000000001,3.0579999999999998
21617,-0.61380000000000001,3.0579999999999998
21618,-0.62,3.0579999999999998
21619,-0.62,3.0598000000000001
21620,-0.61380000000000001,3.0598000000000001
21621,-0.62,3.0598000000000001
21622,-0.63239999999999996,3.0598000000000001
21623,-2.0522999999999998,3.0524
21624,-2.7715000000000001,3.0487000000000002
21625,-3.6147999999999998,3.0411999999999999
21626,-4.4518000000000004,3.0356999999999998
21627,-5.1401000000000003,3.0282
21628,-6.0887000000000002,3.0188999999999999
21629,-6.9816000000000003,3.0095999999999998
21630,-7.6946000000000003,3.0003000000000002
21631,-8.8975000000000009,2.9891999999999999
21632,-9.9019999999999992,2.9761000000000002
21633,-10.5406,2.9630999999999998
21634,-11.8551,2.9481999999999999
21635,-3.5404,2.9891999999999999
21636,-3.4163999999999999,2.9929000000000001
21637,-3.4163999999999999,2.9946999999999999
21638,-3.4226000000000001,2.9965999999999999
21639,-3.4163999999999999,2.9965999999999999
21640,-3.4226000000000001,2.9984999999999999
21641,-3.4226000000000001,2.9984999999999999
21642,-3.4163999999999999,2.9984999999999999
21643,-3.4163999999999999,2.9984999999999999
21644,-3.4163999999999999,2.9984999999999999
21645,-3.4411999999999998,2.9984999999999999
21646,-3.4411999999999998,2.9984999999999999
21647,-3.4350000000000001,2.9984999999999999
21648,-3.4411999999999998,2.9984999999999999
21649,-3.4411999999999998,2.9984999999999999
21650,-3.4411999999999998,2.9984999999999999
21651,-3.4411999999999998,2.9984999999999999
21652,-3.4350000000000001,2.9984999999999999
21653,-3.4411999999999998,2.9965999999999999
21654,-3.4411999999999998,2.9965999999999999
21655,-3.4411999999999998,2.9965999999999999
21656,-3.4411999999999998,2.9965999999999999
21657,-3.4474,2.9965999999999999
21658,-3.4411999999999998,2.9965999999999999
21659,1.3391999999999999,3.0245000000000002
21660,1.1779999999999999,3.0301
21661,0.89900000000000002,3.0337999999999998
21662,0.62619999999999998,3.0356999999999998
21663,0.37819999999999998,3.0375000000000001
21664,0.1736,3.0394000000000001
21665,-0.26040000000000002,3.0375000000000001
21666,-0.76259999999999994,3.0356999999999998
21667,-1.0726,3.0356999999999998
21668,-1.3206,3.0337999999999998
21669,-1.4321999999999999,3.0337999999999998
21670,-0.63859999999999995,3.0375000000000001
21671,-0.63859999999999995,3.0394000000000001
21672,-0.63239999999999996,3.0394000000000001
21673,-0.63859999999999995,3.0411999999999999
21674,-0.63859999999999995,3.0411999999999999
21675,-0.63859999999999995,3.0430999999999999
21676,-0.63859999999999995,3.0430999999999999
21677,-0.63239999999999996,3.0430999999999999
21678,-0.62,3.0449999999999999
21679,-0.62,3.0449999999999999
21680,-0.62,3.0468000000000002
21681,-0.62,3.0468000000000002
21682,-0.61380000000000001,3.0468000000000002
21683,-0.61380000000000001,3.0487000000000002
21684,-0.61380000000000001,3.0487000000000002
21685,-0.61380000000000001,3.0487000000000002
21686,-0.62,3.0487000000000002
21687,-0.61380000000000001,3.0505
21688,-0.62,3.0505
21689,-0.61380000000000001,3.0505
21690,-0.62,3.0524
21691,-1.7484999999999999,3.0468000000000002
21692,-2.0956999999999999,3.0430999999999999
21693,-2.5731000000000002,3.0394000000000001
21694,-2.9388999999999998,3.0356999999999998
21695,-3.3792,3.0337999999999998
21696,-3.8256000000000001,3.0282
21697,-4.4269999999999996,3.0226000000000002
21698,-4.6936999999999998,3.0171000000000001
21699,-5.1772999999999998,3.0114999999999998
21700,-5.6608999999999998,3.0059
21701,-6.4236000000000004,2.9984999999999999
21702,-7.4962,2.9872999999999998
21703,-6.5042,2.9891999999999999
21704,-7.7317999999999998,2.9780000000000002
21705,-8.3023000000000007,2.9668000000000001
21706,-9.1951000000000001,2.9575
21707,-9.4245999999999999,2.9500999999999999
21708,-9.9019999999999992,2.9407999999999999
21709,-10.422800000000001,2.9315000000000002
21710,-11.3963,2.9165999999999999
21711,-11.557499999999999,2.9073000000000002
21712,-12.0783,2.8980000000000001
21713,-12.6364,2.8868999999999998
21714,-13.709,2.8700999999999999
21715,-13.814399999999999,2.8607999999999998
21716,-14.415900000000001,2.8496999999999999
21717,-5.2331000000000003,2.8942999999999999
21718,-5.1090999999999998,2.8999000000000001
21719,-5.1090999999999998,2.9036
21720,-5.1153000000000004,2.9055
21721,-5.1215000000000002,2.9073000000000002
21722,-5.1153000000000004,2.9091999999999998
21723,-5.1215000000000002,2.911
21724,-5.1153000000000004,2.911
21725,-5.1153000000000004,2.911
21726,-5.1090999999999998,2.9129
21727,-5.0967000000000002,2.9129
21728,-5.1029,2.9129
21729,0.92379999999999995,2.9500999999999999
21730,0.96099999999999997,2.9613
21731,0.60140000000000005,2.9668000000000001
21732,0.73160000000000003,2.9761000000000002
21733,0.60140000000000005,2.9817
21734,0.31619999999999998,2.9836
21735,0.3906,2.9891999999999999
21736,0.28520000000000001,2.9929000000000001
21737,-3.5775999999999999,2.9706000000000001
21738,-3.6520000000000001,2.9687000000000001
21739,-3.6581999999999999,2.9668000000000001
21740,-3.6581999999999999,2.9649999999999999
21741,-3.6581999999999999,2.9649999999999999
21742,-3.6581999999999999,2.9630999999999998
21743,-3.6581999999999999,2.9630999999999998
21744,-3.6581999999999999,2.9613
21745,-3.6520000000000001,2.9613
21746,-3.6520000000000001,2.9594
21747,-3.6520000000000001,2.9594
21748,-3.6581999999999999,2.9594
21749,-3.6581999999999999,2.9594
21750,1.6431,2.9910000000000001
21751,1.4508000000000001,2.9984999999999999
21752,1.2834000000000001,3.0022000000000002
21753,0.87419999999999998,3.0059
21754,0.59519999999999995,3.0078
21755,0.35959999999999998,3.0095999999999998
21756,0.1116,3.0095999999999998
21757,-0.062,3.0095999999999998
21758,-0.69440000000000002,3.0095999999999998
21759,-1.054,3.0078
21760,-1.302,3.0078
21761,-1.4136,3.0059
21762,-0.62,3.0114999999999998
21763,-0.63239999999999996,3.0114999999999998
21764,-0.61380000000000001,3.0133000000000001
21765,-0.62619999999999998,3.0152000000000001
21766,-0.62,3.0152000000000001
21767,-0.62619999999999998,3.0171000000000001
21768,-0.62,3.0171000000000001
21769,-0.62,3.0188999999999999
21770,-0.62619999999999998,3.0188999999999999
21771,-0.62,3.0226000000000002
21772,-0.62,3.0226000000000002
21773,-0.62,3.0226000000000002
21774,-0.62619999999999998,3.0245000000000002
21775,-0.63239999999999996,3.0245000000000002
21776,-0.63859999999999995,3.0264000000000002
21777,-0.63239999999999996,3.0264000000000002
21778,-0.63239999999999996,3.0264000000000002
21779,-0.63859999999999995,3.0264000000000002
21780,-0.63239999999999996,3.0282
21781,-2.7157,3.0152000000000001
21782,-4.1604000000000001,3.0059
21783,-5.8034999999999997,2.9929000000000001
21784,-7.2047999999999996,2.9799000000000002
21785,-2.1515,3.0022000000000002
21786,-2.0709,3.004
21787,-2.0709,3.004
21788,-2.0709,3.004
21789,-2.0771000000000002,3.004
21790,-2.0709,3.004
21791,-2.0709,3.0059
21792,-2.0709,3.0059
21793,-0.27279999999999999,3.0152000000000001
21794,-0.65100000000000002,3.0152000000000001
21795,-1.0105999999999999,3.0152000000000001
21796,-1.2896000000000001,3.0152000000000001
21797,-1.4136,3.0133000000000001
21798,-0.61380000000000001,3.0188999999999999
21799,-0.62,3.0226000000000002
21800,-0.61380000000000001,3.0226000000000002
21801,-0.61380000000000001,3.0245000000000002
21802,-0.61380000000000001,3.0264000000000002
21803,-0.62619999999999998,3.0264000000000002
21804,-0.62,3.0264000000000002
21805,-0.62,3.0282
21806,-0.62,3.0282
21807,-0.62,3.0282
21808,-0.62,3.0301
21809,-0.63239999999999996,3.0301
21810,-0.63239999999999996,3.0301
21811,-0.63239999999999996,3.0318999999999998
21812,-0.63239999999999996,3.0318999999999998
21813,-0.63239999999999996,3.0318999999999998
21814,-0.63239999999999996,3.0318999999999998
21815,-0.63859999999999995,3.0337999999999998
21816,-0.63239999999999996,3.0337999999999998
21817,-0.63239999999999996,3.0337999999999998
21818,-0.63859999999999995,3.0337999999999998
21819,-2.0709,3.0264000000000002
21820,-2.8025000000000002,3.0188999999999999
21821,-3.6334,3.0133000000000001
21822,-4.4580000000000002,3.0059
21823,-5.1463000000000001,2.9984999999999999
21824,-6.0887000000000002,2.9891999999999999
21825,-7.0125999999999999,2.9799000000000002
21826,-7.7317999999999998,2.9687000000000001
21827,-8.9037000000000006,2.9557000000000002
21828,-9.8957999999999995,2.9426999999999999
21829,-10.5778,2.9315000000000002
21830,-11.9047,2.9129
21831,-3.5341999999999998,2.9538000000000002
21832,-3.4598,2.9575
21833,-3.4535999999999998,2.9594
21834,-3.4598,2.9613
21835,-3.4535999999999998,2.9613
21836,-3.4535999999999998,2.9613
21837,-3.4535999999999998,2.9630999999999998
21838,-3.4535999999999998,2.9630999999999998
21839,-3.4535999999999998,2.9630999999999998
21840,-3.4660000000000002,2.9630999999999998
21841,-3.4598,2.9630999999999998
21842,-3.4598,2.9630999999999998
21843,-3.4722,2.9630999999999998
21844,-3.4660000000000002,2.9613
21845,-3.4535999999999998,2.9613
21846,-3.4535999999999998,2.9613
21847,-3.4598,2.9613
21848,-3.4598,2.9613
21849,-3.4535999999999998,2.9613
21850,-3.4598,2.9613
21851,-3.4598,2.9594
21852,-3.4598,2.9594
21853,-3.4598,2.9594
21854,-3.4660000000000002,2.9594
21855,1.3268,2.9891999999999999
21856,1.1594,2.9946999999999999
21857,0.87419999999999998,2.9984999999999999
21858,0.60140000000000005,3.0022000000000002
21859,0.372,3.004
21860,0.16120000000000001,3.0059
21861,-0.062,3.004
21862,-0.73780000000000001,3.0022000000000002
21863,-1.0726,3.0022000000000002
21864,-1.3144,3.0003000000000002
21865,-1.4321999999999999,3.0003000000000002
21866,-0.63239999999999996,3.0059
21867,-0.63239999999999996,3.0059
21868,-0.63859999999999995,3.0078
21869,-0.63239999999999996,3.0078
21870,-0.63239999999999996,3.0095999999999998
21871,-0.63239999999999996,3.0114999999999998
21872,-0.63859999999999995,3.0114999999999998
21873,-0.63859999999999995,3.0114999999999998
21874,-0.63239999999999996,3.0133000000000001
21875,-0.63859999999999995,3.0133000000000001
21876,-0.63239999999999996,3.0152000000000001
21877,-0.62,3.0152000000000001
21878,-0.62,3.0152000000000001
21879,-0.62,3.0171000000000001
21880,-0.62,3.0171000000000001
21881,-0.62,3.0171000000000001
21882,-0.61380000000000001,3.0188999999999999
21883,-0.61380000000000001,3.0188999999999999
21884,-0.62,3.0188999999999999
21885,-0.62,3.0226000000000002
21886,-0.62,3.0226000000000002
21887,-1.7423,3.0152000000000001
21888,-2.1019000000000001,3.0114999999999998
21889,-2.5731000000000002,3.0078
21890,-2.9575,3.004
21891,-3.3978000000000002,3.0003000000000002
21892,-3.8317999999999999,2.9946999999999999
21893,-4.4084000000000003,2.9891999999999999
21894,-4.6936999999999998,2.9853999999999998
21895,-5.1835000000000004,2.9799000000000002
21896,-5.6608999999999998,2.9706000000000001
21897,-6.4173999999999998,2.9630999999999998
21898,-7.4962,2.952
21899,-6.5042,2.952
21900,-7.7317999999999998,2.9407999999999999
21901,-8.2960999999999991,2.9315000000000002
21902,-9.1827000000000005,2.9184999999999999
21903,-9.4060000000000006,2.911
21904,-9.9268000000000001,2.8999000000000001
21905,-10.453799999999999,2.8906000000000001
21906,-11.427300000000001,2.8738000000000001
21907,-11.5389,2.8645
21908,-12.0969,2.8534000000000002
21909,-12.654999999999999,2.8422000000000001
21910,-13.727600000000001,2.8254999999999999
21911,-13.851599999999999,2.8161999999999998
21912,-14.453099999999999,2.8031000000000001
21913,-5.2145000000000001,2.8496999999999999
21914,-5.1401000000000003,2.8552
21915,-5.1401000000000003,2.859
21916,-5.1338999999999997,2.8607999999999998
21917,-5.1401000000000003,2.8626999999999998
21918,-5.1401000000000003,2.8645
21919,-5.1463000000000001,2.8645
21920,-5.1338999999999997,2.8645
21921,-5.1463000000000001,2.8664000000000001
21922,-5.1338999999999997,2.8664000000000001
21923,-5.1401000000000003,2.8664000000000001
21924,-5.1463000000000001,2.8664000000000001
21925,0.93000000000000005,2.9055
21926,0.95479999999999998,2.9165999999999999
21927,0.60140000000000005,2.9222000000000001
21928,0.72540000000000004,2.9315000000000002
21929,0.60760000000000003,2.9371
21930,0.32240000000000002,2.9407999999999999
21931,0.39679999999999999,2.9464000000000001
21932,0.28520000000000001,2.9500999999999999
21933,-3.5838000000000001,2.9278
21934,-3.6581999999999999,2.9258999999999999
21935,-3.6705999999999999,2.9241000000000001
21936,-3.6705999999999999,2.9222000000000001
21937,-3.6768000000000001,2.9203000000000001
21938,-3.6705999999999999,2.9203000000000001
21939,-3.6705999999999999,2.9184999999999999
21940,-3.6705999999999999,2.9165999999999999
21941,-3.6705999999999999,2.9165999999999999
21942,-3.6705999999999999,2.9165999999999999
21943,-3.6768000000000001,2.9165999999999999
21944,-3.6768000000000001,2.9148000000000001
21945,-3.6768000000000001,2.9148000000000001
21946,1.6617,2.9481999999999999
21947,1.4632000000000001,2.9557000000000002
21948,1.302,2.9613
21949,0.89280000000000004,2.9649999999999999
21950,0.62619999999999998,2.9668000000000001
21951,0.38440000000000002,2.9687000000000001
21952,0.13639999999999999,2.9706000000000001
21953,-0.29139999999999999,2.9706000000000001
21954,-0.71299999999999997,2.9687000000000001
21955,-1.0726,2.9668000000000001
21956,-1.3206,2.9668000000000001
21957,-1.4321999999999999,2.9668000000000001
21958,-0.63859999999999995,2.9723999999999999
21959,-0.63239999999999996,2.9723999999999999
21960,-0.63859999999999995,2.9761000000000002
21961,-0.63859999999999995,2.9780000000000002
21962,-0.63859999999999995,2.9780000000000002
21963,-0.61380000000000001,2.9799000000000002
21964,-0.62,2.9817
21965,-0.61380000000000001,2.9817
21966,-0.61380000000000001,2.9836
21967,-0.62,2.9836
21968,-0.61380000000000001,2.9853999999999998
21969,-0.62,2.9872999999999998
21970,-0.61380000000000001,2.9872999999999998
21971,-0.62,2.9891999999999999
21972,-0.62,2.9891999999999999
21973,-0.61380000000000001,2.9891999999999999
21974,-0.61380000000000001,2.9910000000000001
21975,-0.61380000000000001,2.9910000000000001
21976,-0.62619999999999998,2.9929000000000001
21977,-2.7033,2.9799000000000002
21978,-4.1479999999999997,2.9668000000000001
21979,-5.7849000000000004,2.9538000000000002
21980,-7.2233999999999998,2.9407999999999999
21981,-2.1391,2.9630999999999998
21982,-2.0522999999999998,2.9649999999999999
21983,-2.0647000000000002,2.9649999999999999
21984,-2.0585,2.9668000000000001
21985,-2.0585,2.9668000000000001
21986,-2.0585,2.9668000000000001
21987,-2.0585,2.9668000000000001
21988,-2.0585,2.9668000000000001
21989,-0.2666,2.9799000000000002
21990,-0.67579999999999996,2.9799000000000002
21991,-1.0354000000000001,2.9799000000000002
21992,-1.3206,2.9780000000000002
21993,-1.4259999999999999,2.9780000000000002
21994,-0.63239999999999996,2.9836
21995,-0.63239999999999996,2.9853999999999998
21996,-0.63239999999999996,2.9853999999999998
21997,-0.63239999999999996,2.9872999999999998
21998,-0.63239999999999996,2.9872999999999998
21999,-0.63239999999999996,2.9891999999999999
22000,-0.63239999999999996,2.9891999999999999
22001,-0.63239999999999996,2.9910000000000001
22002,-0.63239999999999996,2.9910000000000001
22003,-0.63859999999999995,2.9929000000000001
22004,-0.63239999999999996,2.9929000000000001
22005,-0.63859999999999995,2.9929000000000001
22006,-0.63239999999999996,2.9946999999999999
22007,-0.63239999999999996,2.9946999999999999
22008,-0.63239999999999996,2.9946999999999999
22009,-0.63859999999999995,2.9965999999999999
22010,-0.63239999999999996,2.9965999999999999
22011,-0.63859999999999995,2.9984999999999999
22012,-0.63859999999999995,2.9984999999999999
22013,-0.63239999999999996,2.9984999999999999
22014,-0.63239999999999996,2.9984999999999999
22015,-2.1204999999999998,2.9910000000000001
22016,-2.8025000000000002,2.9853999999999998
22017,-3.6768000000000001,2.9780000000000002
22018,-4.4766000000000004,2.9687000000000001
22019,-5.1401000000000003,2.9613
22020,-6.1010999999999997,2.952
22021,-7.0125999999999999,2.9407999999999999
22022,-7.7256,2.9278
22023,-8.9037000000000006,2.9148000000000001
22024,-9.8957999999999995,2.8999000000000001
22025,-10.5778,2.8868999999999998
22026,-11.8985,2.8683000000000001
22027,-3.5838000000000001,2.9091999999999998
22028,-3.4598,2.9129
22029,-3.4598,2.9148000000000001
22030,-3.4598,2.9165999999999999
22031,-3.4660000000000002,2.9184999999999999
22032,-3.4598,2.9184999999999999
22033,-3.4660000000000002,2.9184999999999999
22034,-3.4598,2.9184999999999999
22035,-3.4598,2.9184999999999999
22036,-3.4660000000000002,2.9184999999999999
22037,-3.4660000000000002,2.9184999999999999
22038,-3.4535999999999998,2.9184999999999999
22039,-3.4535999999999998,2.9165999999999999
22040,-3.4598,2.9165999999999999
22041,-3.4535999999999998,2.9165999999999999
22042,-3.4535999999999998,2.9165999999999999
22043,-3.4598,2.9165999999999999
22044,-3.4598,2.9165999999999999
22045,-3.4598,2.9148000000000001
22046,-3.4598,2.9148000000000001
22047,-3.4598,2.9148000000000001
22048,-3.4598,2.9148000000000001
22049,-3.4598,2.9148000000000001
22050,-3.4598,2.9129
22051,1.3206,2.9445000000000001
22052,1.1656,2.952
22053,0.88039999999999996,2.9557000000000002
22054,0.60140000000000005,2.9594
22055,0.35959999999999998,2.9613
22056,0.155,2.9630999999999998
22057,-0.062,2.9630999999999998
22058,-0.73780000000000001,2.9613
22059,-1.054,2.9613
22060,-1.2958000000000001,2.9594
22061,-1.4136,2.9594
22062,-0.62,2.9649999999999999
22063,-0.61380000000000001,2.9649999999999999
22064,-0.61380000000000001,2.9668000000000001
22065,-0.62,2.9687000000000001
22066,-0.62,2.9687000000000001
22067,-0.61380000000000001,2.9706000000000001
22068,-0.62,2.9706000000000001
22069,-0.62,2.9723999999999999
22070,-0.62,2.9723999999999999
22071,-0.62,2.9761000000000002
22072,-0.62619999999999998,2.9761000000000002
22073,-0.62619999999999998,2.9780000000000002
22074,-0.62,2.9780000000000002
22075,-0.62,2.9799000000000002
22076,-0.62,2.9799000000000002
22077,-0.61380000000000001,2.9817
22078,-0.62,2.9817
22079,-0.62,2.9817
22080,-0.61380000000000001,2.9836
22081,-0.61380000000000001,2.9836
22082,-0.61380000000000001,2.9836
22083,-1.7423,2.9780000000000002
22084,-2.0956999999999999,2.9723999999999999
22085,-2.5731000000000002,2.9687000000000001
22086,-2.9761000000000002,2.9649999999999999
22087,-3.3854000000000002,2.9613
22088,-3.8132000000000001,2.9557000000000002
22089,-4.4146000000000001,2.9500999999999999
22090,-4.7370999999999999,2.9445000000000001
22091,-5.1772999999999998,2.9388999999999998
22092,-5.6856999999999998,2.9315000000000002
22093,-6.4236000000000004,2.9203000000000001
22094,-7.5457999999999998,2.9073000000000002
22095,-6.4980000000000002,2.9073000000000002
22096,-7.7751999999999999,2.8961999999999999
22097,-8.2960999999999991,2.8849999999999998
22098,-9.2074999999999996,2.8719999999999999
22099,-9.4556000000000004,2.8626999999999998
22100,-9.9391999999999996,2.8515000000000001
22101,-10.453799999999999,2.8403999999999998
22102,-11.427300000000001,2.8235999999999999
22103,-11.5823,2.8142999999999998
22104,-12.0969,2.8031000000000001
22105,-12.654999999999999,2.7883
22106,-13.7834,2.7734000000000001
22107,-13.851599999999999,2.7622
22108,-14.4655,2.7511000000000001
22109,-5.2206999999999999,2.7976000000000001
22110,-5.1401000000000003,2.8031000000000001
22111,-5.1401000000000003,2.8050000000000002
22112,-5.1338999999999997,2.8087
22113,-5.1401000000000003,2.8106
22114,-5.1524999999999999,2.8106
22115,-5.1401000000000003,2.8106
22116,-5.1401000000000003,2.8125
22117,-5.1463000000000001,2.8125
22118,-5.1401000000000003,2.8125
22119,-5.1463000000000001,2.8125
22120,-5.1586999999999996,2.8125
22121,0.94240000000000002,2.8515000000000001
22122,0.97960000000000003,2.8626999999999998
22123,0.62619999999999998,2.8683000000000001
22124,0.74399999999999999,2.8776000000000002
22125,0.62619999999999998,2.8849999999999998
22126,0.34720000000000001,2.8887
22127,0.42159999999999997,2.8942999999999999
22128,0.29759999999999998,2.8980000000000001
22129,-3.6023999999999998,2.8776000000000002
22130,-3.6829999999999998,2.8738000000000001
22131,-3.6705999999999999,2.8719999999999999
22132,-3.6705999999999999,2.8700999999999999
22133,-3.6768000000000001,2.8683000000000001
22134,-3.6768000000000001,2.8664000000000001
22135,-3.6829999999999998,2.8664000000000001
22136,-3.6768000000000001,2.8645
22137,-3.6768000000000001,2.8645
22138,-3.6705999999999999,2.8626999999999998
22139,-3.6705999999999999,2.8626999999999998
22140,-3.6768000000000001,2.8607999999999998
22141,-3.6768000000000001,2.8607999999999998
22142,1.6617,2.8961999999999999
22143,1.4694,2.9036
22144,1.302,2.911
22145,0.89280000000000004,2.9129
22146,0.62619999999999998,2.9165999999999999
22147,0.37819999999999998,2.9184999999999999
22148,0.13639999999999999,2.9203000000000001
22149,-0.22939999999999999,2.9203000000000001
22150,-0.71919999999999995,2.9203000000000001
22151,-1.0726,2.9184999999999999
22152,-1.3206,2.9184999999999999
22153,-1.4321999999999999,2.9165999999999999
22154,-0.63239999999999996,2.9222000000000001
22155,-0.63859999999999995,2.9241000000000001
22156,-0.63859999999999995,2.9258999999999999
22157,-0.63859999999999995,2.9278
22158,-0.63859999999999995,2.9278
22159,-0.63859999999999995,2.9315000000000002
22160,-0.63859999999999995,2.9333999999999998
22161,-0.63859999999999995,2.9352
22162,-0.62,2.9371
22163,-0.62,2.9371
22164,-0.62,2.9388999999999998
22165,-0.61380000000000001,2.9388999999999998
22166,-0.62,2.9407999999999999
22167,-0.62,2.9407999999999999
22168,-0.61380000000000001,2.9426999999999999
22169,-0.61380000000000001,2.9445000000000001
22170,-0.61380000000000001,2.9445000000000001
22171,-0.62,2.9464000000000001
22172,-0.62,2.9464000000000001
22173,-0.62,2.9481999999999999
22174,-0.62,2.9481999999999999
22175,-0.62,2.9481999999999999
22176,-0.61380000000000001,2.9500999999999999
22177,-0.62,2.9500999999999999
22178,-0.62,2.952
22179,-0.61380000000000001,2.952
22180,-0.62,2.952
22181,-0.62,2.9538000000000002
22182,-2.2692999999999999,2.9445000000000001
22183,-3.2242000000000002,2.9371
22184,-4.2224000000000004,2.9258999999999999
22185,-5.2268999999999997,2.9148000000000001
22186,-6.2126999999999999,2.9036
22187,-2.0956999999999999,2.9241000000000001
22188,-2.0585,2.9241000000000001
22189,-5.6174999999999997,2.9036
22190,-6.3368000000000002,2.8923999999999999
22191,-7.2172000000000001,2.8794
22192,-7.6946000000000003,2.8700999999999999
22193,-8.3766999999999996,2.859
22194,-9.0587,2.8458999999999999
22195,-10.094200000000001,2.8292000000000002
22196,-10.5344,2.8180000000000001
22197,-11.185499999999999,2.8031000000000001
22198,-3.7759999999999998,2.8403999999999998
22199,-3.6953999999999998,2.8458999999999999
22200,-10.509600000000001,2.8031000000000001
22201,-11.0863,2.7883
22202,-11.2227,2.7770999999999999
22203,-12.1837,2.7622
22204,-12.7294,2.7492000000000001
22205,-13.305999999999999,2.7343000000000002
22206,-13.349399999999999,2.7231999999999998
22207,-14.453099999999999,2.7082999999999999
22208,-5.2579000000000002,2.7547999999999999
22209,-5.1401000000000003,2.7604000000000002
22210,-12.6488,2.7157
22211,-13.814399999999999,2.6970999999999998
22212,-13.709,2.6878000000000002
22213,-14.775499999999999,2.6747999999999998
22214,-14.6515,2.6655000000000002
22215,-15.1289,2.6524999999999999
22216,-16.288399999999999,2.6395
22217,-16.127199999999998,2.6301999999999999
22218,-16.648,2.6190000000000002
22219,-17.894300000000001,2.6040999999999999
22220,-17.7331,2.5948000000000002
22221,-19.066199999999998,2.5798999999999999
22222,-18.886399999999998,2.5706000000000002
22223,-8.4200999999999997,2.6208999999999998
22224,-8.3332999999999995,2.6263999999999998
22225,-8.3270999999999997,2.6301999999999999
22226,-8.3394999999999992,2.6301999999999999
22227,-8.3270999999999997,2.6320000000000001
22228,-8.3270999999999997,2.6320000000000001
22229,-8.3332999999999995,2.6320000000000001
22230,-8.3332999999999995,2.6320000000000001
22231,-8.3270999999999997,2.6320000000000001
22232,-8.3394999999999992,2.6320000000000001
22233,-8.3270999999999997,2.6301999999999999
22234,-8.3332999999999995,2.6301999999999999
22235,-8.3332999999999995,2.6282999999999999
22236,-8.3332999999999995,2.6282999999999999
22237,-8.3332999999999995,2.6263999999999998
22238,-8.3270999999999997,2.6263999999999998
22239,-8.3332999999999995,2.6246
22240,-8.3270999999999997,2.6227
22241,-8.3332999999999995,2.6227
22242,-8.3394999999999992,2.6208999999999998
22243,-8.3332999999999995,2.6190000000000002
22244,-8.3270999999999997,2.6171000000000002
22245,-8.3394999999999992,2.6171000000000002
22246,-8.3332999999999995,2.6153
22247,-8.3270999999999997,2.6133999999999999
22248,-8.3332999999999995,2.6116000000000001
22249,-8.3394999999999992,2.6116000000000001
22250,-8.3332999999999995,2.6097000000000001
22251,-8.3332999999999995,2.6059999999999999
22252,-8.3332999999999995,2.6040999999999999
22253,-8.3332999999999995,2.6023000000000001
22254,-8.3332999999999995,2.6004
22255,-8.3332999999999995,2.6004
22256,-8.3332999999999995,2.5966999999999998
22257,-8.3394999999999992,2.5966999999999998
22258,-8.3332999999999995,2.5948000000000002
22259,-8.3332999999999995,2.593
22260,-8.3332999999999995,2.5911
22261,-8.3332999999999995,2.5891999999999999
22262,-8.3270999999999997,2.5874000000000001
22263,-8.3332999999999995,2.5874000000000001
22264,-8.3270999999999997,2.5855000000000001
22265,-8.3394999999999992,2.5836999999999999
22266,-8.3332999999999995,2.5817999999999999
22267,-8.3394999999999992,2.5798999999999999
22268,-8.3332999999999995,2.5781000000000001
22269,-8.3332999999999995,2.5762
22270,-8.3332999999999995,2.5743999999999998
22271,-8.3332999999999995,2.5724999999999998
22272,-8.3332999999999995,2.5724999999999998
22273,3.8441999999999998,2.645
22274,3.8441999999999998,2.6655000000000002
22275,3.6829999999999998,2.6804000000000001
22276,3.528,2.6934
22277,3.3296000000000001,2.7063999999999999
22278,3.1684000000000001,2.7157
22279,2.9699,2.7250000000000001
22280,2.7652999999999999,2.7324999999999999
22281,-4.9726999999999997,2.6915
22282,-5.1463000000000001,2.6859999999999999
22283,-5.1401000000000003,2.6821999999999999
22284,-5.1463000000000001,2.6785000000000001
22285,-5.1401000000000003,2.6766999999999999
22286,-5.1463000000000001,2.6728999999999998
22287,-5.1338999999999997,2.6711
22288,-5.1401000000000003,2.6692
22289,-5.1338999999999997,2.6674000000000002
22290,-5.1401000000000003,2.6655000000000002
22291,-5.1401000000000003,2.6636000000000002
22292,-5.1401000000000003,2.6617999999999999
22293,-5.1401000000000003,2.6617999999999999
22294,-5.1463000000000001,2.6598999999999999
22295,-5.1401000000000003,2.6598999999999999
22296,-5.1401000000000003,2.6562000000000001
22297,-5.1401000000000003,2.6562000000000001
22298,-5.1401000000000003,2.6524999999999999
22299,-5.1463000000000001,2.6524999999999999
22300,-5.1463000000000001,2.6505999999999998
22301,-5.1463000000000001,2.6488
22302,-5.1463000000000001,2.6488
22303,-5.1463000000000001,2.6469
22304,-5.1401000000000003,2.6469
22305,-5.1463000000000001,2.645
22306,-5.1401000000000003,2.6432000000000002
22307,-5.1524999999999999,2.6432000000000002
22308,-5.1463000000000001,2.6413000000000002
22309,-5.1463000000000001,2.6395
22310,-5.1401000000000003,2.6395
22311,-5.1463000000000001,2.6375999999999999
22312,-5.1524999999999999,2.6375999999999999
22313,-5.1463000000000001,2.6356999999999999
22314,-5.1463000000000001,2.6356999999999999
22315,-5.1463000000000001,2.6339000000000001
22316,-5.1463000000000001,2.6339000000000001
22317,-5.1463000000000001,2.6320000000000001
22318,-5.1463000000000001,2.6320000000000001
22319,-5.1463000000000001,2.6301999999999999
22320,-5.1463000000000001,2.6301999999999999
22321,-5.1463000000000001,2.6282999999999999
22322,-5.1524999999999999,2.6282999999999999
22323,-5.1463000000000001,2.6263999999999998
22324,-5.1463000000000001,2.6263999999999998
22325,-5.1463000000000001,2.6246
22326,-5.1463000000000001,2.6246
22327,-5.1524999999999999,2.6227
22328,-5.1524999999999999,2.6208999999999998
22329,-5.1649000000000003,2.6208999999999998
22330,-5.1586999999999996,2.6190000000000002
22331,-5.1586999999999996,2.6190000000000002
22332,-5.1524999999999999,2.6171000000000002
22333,-5.1586999999999996,2.6171000000000002
22334,-5.1586999999999996,2.6153
22335,-5.1586999999999996,2.6153
22336,-5.1586999999999996,2.6133999999999999
22337,-5.1586999999999996,2.6116000000000001
22338,-5.1586999999999996,2.6116000000000001
22339,-5.1586999999999996,2.6116000000000001
22340,-5.1649000000000003,2.6097000000000001
22341,-5.1649000000000003,2.6097000000000001
22342,-5.1586999999999996,2.6059999999999999
22343,-5.1586999999999996,2.6040999999999999
22344,-5.1649000000000003,2.6040999999999999
22345,-5.1401000000000003,2.6040999999999999
22346,-5.1463000000000001,2.6023000000000001
22347,-5.1401000000000003,2.6023000000000001
22348,-5.1463000000000001,2.6004
22349,-5.1463000000000001,2.6004
22350,-12.698399999999999,2.5501999999999998
22351,-13.851599999999999,2.5297000000000001
22352,-13.7338,2.5186000000000002
22353,-14.8065,2.4981
22354,-14.7011,2.4887999999999999
22355,-15.1723,2.4758
22356,-16.331800000000001,2.4571999999999998
22357,-16.1892,2.4479000000000002
22358,-16.697600000000001,2.4367000000000001
22359,-17.9377,2.4180999999999999
22360,-17.776499999999999,2.4087999999999998
22361,-19.091000000000001,2.3995000000000002
