time_s,current_A,voltage_V
0,0,3.6364999999999998
1,0,3.6328
2,0,3.629
3,0,3.6272000000000002
4,0,3.6215999999999999
5,0,3.6179000000000001
6,0,3.6160000000000001
7,0,3.6122999999999998
8,0,3.6103999999999998
9,0,3.6086
10,0,3.6049000000000002
11,0,3.6030000000000002
12,0,3.6011000000000002
13,0,3.5973999999999999
14,0,3.5956000000000001
15,0,3.5937000000000001
16,0,3.5918000000000001
17,0,3.5899999999999999
18,0,3.5880999999999998
19,0,3.5863
20,0,3.5844
21,0,3.5825
22,0,3.5807000000000002
23,0,3.577
24,0,3.5750999999999999
25,0,3.5731999999999999
26,0,3.5714000000000001
27,0,3.5695000000000001
28,0,3.5695000000000001
29,0,3.5676999999999999
30,0,3.5657999999999999
31,0,3.5638999999999998
32,0,3.5638999999999998
33,0,3.5621
34,0,3.5602
35,0,3.5583999999999998
36,0,3.5583999999999998
37,0,3.5565000000000002
38,0,3.5546000000000002
39,0,3.5546000000000002
40,0,3.5528
41,0,3.5508999999999999
42,0,3.5508999999999999
43,0,3.5491000000000001
44,0,3.5491000000000001
45,0,3.5472000000000001
46,0,3.5472000000000001
47,0,3.5453000000000001
48,0,3.5434999999999999
49,0,3.5434999999999999
50,0,3.5415999999999999
51,0,3.5415999999999999
52,0,3.5415999999999999
53,0,3.5398000000000001
54,0,3.5379
55,0,3.5379
56,0,3.536
57,0,3.536
58,0,3.536
59,0,3.5341999999999998
60,0,3.5341999999999998
61,0,3.5341999999999998
62,0,3.5323000000000002
63,0,3.5323000000000002
64,0,3.5286
65,0,3.5286
66,0,3.5266999999999999
67,0,3.5266999999999999
68,0,3.5266999999999999
69,0,3.5249000000000001
70,0,3.5249000000000001
71,0,3.5249000000000001
72,0,3.5230000000000001
73,0,3.5230000000000001
74,0,3.5230000000000001
75,0,3.5211999999999999
76,0,3.5211999999999999
77,0,3.5211999999999999
78,0,3.5192999999999999
79,0,3.5192999999999999
80,0,3.5192999999999999
81,0,3.5173999999999999
82,0,3.5173999999999999
83,0,3.5173999999999999
84,0,3.5173999999999999
85,0,3.5156000000000001
86,0,3.5156000000000001
87,0,3.5156000000000001
88,0,3.5137
89,0,3.5137
90,0,3.5137
91,0,3.5118999999999998
92,0,3.5118999999999998
93,0,3.5118999999999998
94,0,3.5118999999999998
95,0,3.5118999999999998
96,0,3.5099999999999998
97,0,3.5099999999999998
98,0,3.5099999999999998
99,0,3.5099999999999998
100,0,3.5081000000000002
101,0,3.5081000000000002
102,0,3.5081000000000002
103,0,3.5081000000000002
104,0,3.5081000000000002
105,0,3.5063
106,0,3.5063
107,0,3.5063
108,0,3.5063
109,0,3.5044
110,0,3.5044
111,0,3.5044
112,0,3.5044
113,0,3.5026000000000002
114,0,3.5026000000000002
115,0,3.5026000000000002
116,0,3.5026000000000002
117,0,3.5026000000000002
118,0,3.5026000000000002
119,0,3.5007000000000001
120,0,3.5007000000000001
121,0,3.5007000000000001
122,0,3.4988000000000001
123,0,3.4988000000000001
124,0,3.4988000000000001
125,0,3.4988000000000001
126,0,3.4988000000000001
127,0,3.4988000000000001
128,0,3.4988000000000001
129,0,3.4969999999999999
130,0,3.4969999999999999
131,0,3.4969999999999999
132,0,3.4969999999999999
133,0,3.4969999999999999
134,0,3.4969999999999999
135,0,3.4950999999999999
136,0,3.4950999999999999
137,0,3.4950999999999999
138,0,3.4950999999999999
139,0,3.4933000000000001
140,0,3.4933000000000001
141,0,3.4933000000000001
142,0,3.4933000000000001
143,0,3.4933000000000001
144,0,3.4933000000000001
145,0,3.4933000000000001
146,0,3.4914000000000001
147,0,3.4914000000000001
148,0,3.4914000000000001
149,0,3.4914000000000001
150,0,3.4914000000000001
151,0,3.4895
152,0,3.4895
153,0,3.4895
154,0,3.4895
155,0,3.4895
156,0,3.4895
157,0,3.4895
158,0,3.4876999999999998
159,0,3.4876999999999998
160,0,3.4876999999999998
161,0,3.4876999999999998
162,0,3.4876999999999998
163,0,3.4876999999999998
164,0,3.4857999999999998
165,0,3.4857999999999998
166,0,3.4857999999999998
167,0,3.4857999999999998
168,0,3.4857999999999998
169,0,3.4857999999999998
170,0,3.4857999999999998
171,0,3.4821
172,0,3.4821
173,0,3.4821
174,0,3.4821
175,0,3.4821
176,0,3.4821
177,0,3.4821
178,0,3.4821
179,0,3.4802
180,0,3.4802
181,0,3.4802
182,0,3.4802
183,0,3.4802
184,0,3.4802
185,0,3.4802
186,0,3.4784000000000002
187,0,3.4784000000000002
188,0,3.4784000000000002
189,0,3.4784000000000002
190,0,3.4784000000000002
191,0,3.4784000000000002
192,0,3.4784000000000002
193,0,3.4784000000000002
194,0,3.4765000000000001
195,0,3.4765000000000001
196,0,3.4765000000000001
197,0,3.4765000000000001
198,0,3.4765000000000001
199,0,3.4765000000000001
200,0,3.4765000000000001
201,0,3.4765000000000001
202,0,3.4746999999999999
203,0,3.4746999999999999
204,0,3.4746999999999999
205,0,3.4746999999999999
206,0,3.4746999999999999
207,0,3.4746999999999999
208,0,3.4746999999999999
209,0,3.4746999999999999
210,0,3.4746999999999999
211,0,3.4746999999999999
212,0,3.4727999999999999
213,0,3.4727999999999999
214,0,3.4727999999999999
215,0,3.4727999999999999
216,0,3.4727999999999999
217,0,3.4727999999999999
218,0,3.4727999999999999
219,0,3.4727999999999999
220,0,3.4708999999999999
221,0,3.4708999999999999
222,0,3.4708999999999999
223,0,3.4708999999999999
224,0,3.4708999999999999
225,0,3.4708999999999999
226,0,3.4708999999999999
227,0,3.4708999999999999
228,0,3.4708999999999999
229,0,3.4691000000000001
230,0,3.4691000000000001
231,0,3.4691000000000001
232,0,3.4691000000000001
233,0,3.4691000000000001
234,0,3.4691000000000001
235,0,3.4691000000000001
236,0,3.4672000000000001
237,0,3.4672000000000001
238,0,3.4672000000000001
239,0,3.4672000000000001
240,0,3.4672000000000001
241,0,3.4672000000000001
242,0,3.4672000000000001
243,0,3.4672000000000001
244,0,3.4672000000000001
245,0,3.4672000000000001
246,0,3.4672000000000001
247,0,3.4653999999999998
248,0,3.4653999999999998
249,0,3.4653999999999998
250,0,3.4653999999999998
251,0,3.4653999999999998
252,0,3.4653999999999998
253,0,3.4653999999999998
254,0,3.4653999999999998
255,0,3.4653999999999998
256,0,3.4634999999999998
257,0,3.4634999999999998
258,0,3.4634999999999998
259,0,3.4634999999999998
260,0,3.4634999999999998
261,0,3.4634999999999998
262,0,3.4634999999999998
263,0,3.4634999999999998
264,0,3.4634999999999998
265,0,3.4634999999999998
266,0,3.4634999999999998
267,0,3.4615999999999998
268,0,3.4615999999999998
269,0,3.4615999999999998
270,0,3.4615999999999998
271,0,3.4615999999999998
272,0,3.4615999999999998
273,0,3.4615999999999998
274,0,3.4615999999999998
275,0,3.4615999999999998
276,0,3.4615999999999998
277,0,3.4615999999999998
278,0,3.4598
279,0,3.4598
280,0,3.4598
281,0,3.4598
282,0,3.4598
283,0,3.4598
284,0,3.4598
285,0,3.4598
286,0,3.4598
287,0,3.4598
288,0,3.4579
289,0,3.4598
290,0,3.4579
291,0,3.4579
292,0,3.4579
293,0,3.4579
294,0,3.4579
295,0,3.4579
296,0,3.4579
297,0,3.4579
298,0,3.4579
299,0,3.4579
300,0,3.4579
301,0,3.4561000000000002
302,0,3.4579
303,0,3.4561000000000002
304,0,3.4561000000000002
305,0,3.4561000000000002
306,0,3.4561000000000002
307,0,3.4561000000000002
308,0,3.4561000000000002
309,0,3.4561000000000002
310,0,3.4561000000000002
311,0,3.4561000000000002
312,0,3.4561000000000002
313,0,3.4542000000000002
314,0,3.4542000000000002
315,0,3.4542000000000002
316,0,3.4542000000000002
317,0,3.4542000000000002
318,0,3.4542000000000002
319,0,3.4542000000000002
320,0,3.4542000000000002
321,0,3.4542000000000002
322,0,3.4542000000000002
323,0,3.4542000000000002
324,0,3.4523000000000001
325,0,3.4523000000000001
326,0,3.4523000000000001
327,0,3.4523000000000001
328,0,3.4523000000000001
329,0,3.4523000000000001
330,0,3.4523000000000001
331,0,3.4523000000000001
332,0,3.4523000000000001
333,0,3.4523000000000001
334,0,3.4523000000000001
335,0,3.4523000000000001
336,0,3.4523000000000001
337,0,3.4523000000000001
338,0,3.4504999999999999
339,0,3.4504999999999999
340,0,3.4504999999999999
341,0,3.4504999999999999
342,0,3.4504999999999999
343,0,3.4504999999999999
344,0,3.4504999999999999
345,0,3.4504999999999999
346,0,3.4504999999999999
347,0,3.4504999999999999
348,0,3.4504999999999999
349,0,3.4504999999999999
350,0,3.4504999999999999
351,0,3.4485999999999999
352,0,3.4504999999999999
353,0,3.4485999999999999
354,0,3.4485999999999999
355,0,3.4485999999999999
356,0,3.4485999999999999
357,0,3.4485999999999999
358,0,3.4485999999999999
359,0,3.4485999999999999
360,0,3.4485999999999999
361,0,3.4485999999999999
362,0,3.4485999999999999
363,0,3.4485999999999999
364,0,3.4468000000000001
365,0,3.4485999999999999
366,0,3.4468000000000001
367,0,3.4468000000000001
368,0,3.4485999999999999
369,0,3.4468000000000001
370,0,3.4468000000000001
371,0,3.4468000000000001
372,0,3.4468000000000001
373,0,3.4468000000000001
374,0,3.4468000000000001
375,0,3.4468000000000001
376,0,3.4468000000000001
377,0,3.4468000000000001
378,0,3.4468000000000001
379,0,3.4468000000000001
380,0,3.4449000000000001
381,0,3.4449000000000001
382,0,3.4449000000000001
383,0,3.4449000000000001
384,0,3.4449000000000001
385,0,3.4449000000000001
386,0,3.4449000000000001
387,0,3.4449000000000001
388,0,3.4449000000000001
389,0,3.4449000000000001
390,0,3.4449000000000001
391,0,3.4449000000000001
392,0,3.4430000000000001
393,0,3.4430000000000001
394,0,3.4449000000000001
395,0,3.4430000000000001
396,0,3.4449000000000001
397,0,3.4449000000000001
398,0,3.4430000000000001
399,0,3.4430000000000001
400,0,3.4430000000000001
401,0,3.4430000000000001
402,0,3.4430000000000001
403,0,3.4430000000000001
404,0,3.4430000000000001
405,0,3.4430000000000001
406,0,3.4430000000000001
407,0,3.4430000000000001
408,0,3.4430000000000001
409,0,3.4430000000000001
410,0,3.4430000000000001
411,0,3.4430000000000001
412,0,3.4411999999999998
413,0,3.4430000000000001
414,0,3.4411999999999998
415,0,3.4411999999999998
416,0,3.4411999999999998
417,0,3.4411999999999998
418,0,3.4411999999999998
419,0,3.4411999999999998
420,0,3.4411999999999998
421,0,3.4411999999999998
422,0,3.4411999999999998
423,0,3.4411999999999998
424,0,3.4411999999999998
425,0,3.4411999999999998
426,0,3.4411999999999998
427,0,3.4411999999999998
428,0,3.4411999999999998
429,0,3.4392999999999998
430,0,3.4392999999999998
431,0,3.4392999999999998
432,0,3.4392999999999998
433,0,3.4392999999999998
434,0,3.4392999999999998
435,0,3.4392999999999998
436,0,3.4392999999999998
437,0,3.4392999999999998
438,0,3.4392999999999998
439,0,3.4392999999999998
440,0,3.4392999999999998
441,0,3.4392999999999998
442,0,3.4392999999999998
443,0,3.4392999999999998
444,0,3.4392999999999998
445,0,3.4392999999999998
446,0,3.4392999999999998
447,0,3.4392999999999998
448,0,3.4356
449,0,3.4356
450,0,3.4356
451,0,3.4392999999999998
452,0,3.4356
453,0,3.4356
454,0,3.4356
455,0,3.4356
456,0,3.4356
457,0,3.4356
458,0,3.4356
459,0,3.4356
460,0,3.4356
461,0,3.4356
462,0,3.4356
463,0,3.4356
464,0,3.4356
465,0,3.4356
466,0,3.4356
467,0,3.4337
468,0,3.4337
469,0,3.4337
470,0,3.4337
471,0,3.4337
472,0,3.4337
473,0,3.4337
474,0,3.4337
475,0,3.4337
476,0,3.4337
477,0,3.4337
478,0,3.4337
479,0,3.4337
480,0,3.4337
481,0,3.4337
482,0,3.4319000000000002
483,0,3.4337
484,0,3.4319000000000002
485,0,3.4319000000000002
486,0,3.4319000000000002
487,0,3.4319000000000002
488,0,3.4319000000000002
489,0,3.4319000000000002
490,0,3.4319000000000002
491,0,3.4319000000000002
492,0,3.4319000000000002
493,0,3.4319000000000002
494,0,3.4319000000000002
495,0,3.4319000000000002
496,0,3.4319000000000002
497,0,3.4319000000000002
498,0,3.4319000000000002
499,0,3.4319000000000002
500,0,3.4319000000000002
501,0,3.4319000000000002
502,0,3.4319000000000002
503,0,3.4319000000000002
504,0,3.4319000000000002
505,0,3.4319000000000002
506,0,3.4319000000000002
507,0,3.4300000000000002
508,0,3.4300000000000002
509,0,3.4300000000000002
510,0,3.4300000000000002
511,0,3.4300000000000002
512,0,3.4300000000000002
513,0,3.4300000000000002
514,0,3.4300000000000002
515,0,3.4300000000000002
516,0,3.4300000000000002
517,0,3.4300000000000002
518,0,3.4300000000000002
519,0,3.4300000000000002
520,0,3.4300000000000002
521,0,3.4300000000000002
522,0,3.4300000000000002
523,0,3.4300000000000002
524,0,3.4300000000000002
525,0,3.4300000000000002
526,0,3.4300000000000002
527,0,3.4300000000000002
528,0,3.4281000000000001
529,0,3.4281000000000001
530,0,3.4281000000000001
531,0,3.4281000000000001
532,0,3.4300000000000002
533,0,3.4281000000000001
534,0,3.4281000000000001
535,0,3.4281000000000001
536,0,3.4281000000000001
537,0,3.4281000000000001
538,0,3.4281000000000001
539,0,3.4281000000000001
540,0,3.4281000000000001
541,0,3.4281000000000001
542,0,3.4281000000000001
543,0,3.4281000000000001
544,0,3.4281000000000001
545,0,3.4281000000000001
546,0,3.4281000000000001
547,0,3.4281000000000001
548,0,3.4281000000000001
549,0,3.4281000000000001
550,0,3.4281000000000001
551,0,3.4281000000000001
552,0,3.4262999999999999
553,0,3.4281000000000001
554,0,3.4262999999999999
555,0,3.4262999999999999
556,0,3.4262999999999999
557,0,3.4262999999999999
558,0,3.4262999999999999
559,0,3.4262999999999999
560,0,3.4262999999999999
561,0,3.4262999999999999
562,0,3.4262999999999999
563,0,3.4262999999999999
564,0,3.4262999999999999
565,0,3.4262999999999999
566,0,3.4262999999999999
567,0,3.4262999999999999
568,0,3.4262999999999999
569,0,3.4262999999999999
570,0,3.4262999999999999
571,0,3.4262999999999999
572,0,3.4262999999999999
573,0,3.4262999999999999
574,0,3.4262999999999999
575,0,3.4262999999999999
576,0,3.4243999999999999
577,0,3.4262999999999999
578,0,3.4243999999999999
579,0,3.4243999999999999
580,0,3.4262999999999999
581,0,3.4243999999999999
582,0,3.4243999999999999
583,0,3.4243999999999999
584,0,3.4243999999999999
585,0,3.4243999999999999
586,0,3.4243999999999999
587,0,3.4243999999999999
588,0,3.4243999999999999
589,0,3.4243999999999999
590,0,3.4243999999999999
591,0,3.4243999999999999
592,0,3.4243999999999999
593,0,3.4243999999999999
594,0,3.4243999999999999
595,0,3.4243999999999999
596,0,3.4243999999999999
597,0,3.4243999999999999
598,0,3.4243999999999999
599,0,3.4243999999999999
600,0,3.4243999999999999
601,0,3.4226000000000001
602,0,3.4243999999999999
603,0,3.4226000000000001
604,0,3.4243999999999999
605,0,3.4226000000000001
606,0,3.4243999999999999
607,0,3.4226000000000001
608,0,3.4226000000000001
609,0,3.4226000000000001
610,0,3.4226000000000001
611,0,3.4226000000000001
612,0,3.4226000000000001
613,0,3.4226000000000001
614,0,3.4226000000000001
615,0,3.4226000000000001
616,0,3.4226000000000001
617,0,3.4226000000000001
618,0,3.4226000000000001
619,0,3.4226000000000001
620,0,3.4226000000000001
621,0,3.4226000000000001
622,0,3.4226000000000001
623,0,3.4226000000000001
624,0,3.4226000000000001
625,0,3.4226000000000001
626,0,3.4226000000000001
627,0,3.4226000000000001
628,0,3.4207000000000001
629,0,3.4226000000000001
630,0,3.4226000000000001
631,0,3.4207000000000001
632,0,3.4207000000000001
633,0,3.4207000000000001
634,0,3.4207000000000001
635,0,3.4207000000000001
636,0,3.4207000000000001
637,0,3.4207000000000001
638,0,3.4207000000000001
639,0,3.4207000000000001
640,0,3.4207000000000001
641,0,3.4207000000000001
642,0,3.4207000000000001
643,0,3.4207000000000001
644,0,3.4207000000000001
645,0,3.4207000000000001
646,0,3.4207000000000001
647,0,3.4207000000000001
648,0,3.4207000000000001
649,0,3.4207000000000001
650,0,3.4207000000000001
651,0,3.4207000000000001
652,0,3.4207000000000001
653,0,3.4207000000000001
654,0,3.4207000000000001
655,0,3.4207000000000001
656,0,3.4207000000000001
657,0,3.4207000000000001
658,0,3.4207000000000001
659,0,3.4207000000000001
660,0,3.4207000000000001
661,0,3.4188000000000001
662,0,3.4207000000000001
663,0,3.4188000000000001
664,0,3.4188000000000001
665,0,3.4188000000000001
666,0,3.4188000000000001
667,0,3.4188000000000001
668,0,3.4188000000000001
669,0,3.4188000000000001
670,0,3.4188000000000001
671,0,3.4188000000000001
672,0,3.4188000000000001
673,0,3.4188000000000001
674,0,3.4188000000000001
675,0,3.4188000000000001
676,0,3.4188000000000001
677,0,3.4188000000000001
678,0,3.4188000000000001
679,0,3.4188000000000001
680,0,3.4188000000000001
681,0,3.4188000000000001
682,0,3.4188000000000001
683,0,3.4188000000000001
684,0,3.4188000000000001
685,0,3.4188000000000001
686,0,3.4188000000000001
687,0,3.4188000000000001
688,0,3.4188000000000001
689,0,3.4188000000000001
690,0,3.4188000000000001
691,0,3.4188000000000001
692,0,3.4169999999999998
693,0,3.4169999999999998
694,0,3.4188000000000001
695,0,3.4169999999999998
696,0,3.4169999999999998
697,0,3.4169999999999998
698,0,3.4169999999999998
699,0,3.4169999999999998
700,0,3.4169999999999998
701,0,3.4169999999999998
702,0,3.4169999999999998
703,0,3.4169999999999998
704,0,3.4169999999999998
705,0,3.4169999999999998
706,0,3.4169999999999998
707,0,3.4169999999999998
708,0,3.4169999999999998
709,0,3.4169999999999998
710,0,3.4169999999999998
711,0,3.4169999999999998
712,0,3.4169999999999998
713,0,3.4169999999999998
714,0,3.4169999999999998
715,0,3.4169999999999998
716,0,3.4169999999999998
717,0,3.4169999999999998
718,0,3.4169999999999998
719,0,3.4169999999999998
720,0,3.4169999999999998
721,0,3.4169999999999998
722,0,3.4169999999999998
723,0,3.4169999999999998
724,0,3.4150999999999998
725,0,3.4169999999999998
726,0,3.4169999999999998
727,0,3.4150999999999998
728,0,3.4169999999999998
729,0,3.4169999999999998
730,0,3.4150999999999998
731,0,3.4150999999999998
732,0,3.4150999999999998
733,0,3.4150999999999998
734,0,3.4150999999999998
735,0,3.4150999999999998
736,0,3.4150999999999998
737,0,3.4150999999999998
738,0,3.4150999999999998
739,0,3.4150999999999998
740,0,3.4150999999999998
741,0,3.4150999999999998
742,0,3.4150999999999998
743,0,3.4150999999999998
744,0,3.4150999999999998
745,0,3.4150999999999998
746,0,3.4150999999999998
747,0,3.4150999999999998
748,0,3.4150999999999998
749,0,3.4150999999999998
750,0,3.4150999999999998
751,0,3.4150999999999998
752,0,3.4150999999999998
753,0,3.4133
754,0,3.4150999999999998
755,0,3.4150999999999998
756,0,3.4150999999999998
757,0,3.4150999999999998
758,0,3.4150999999999998
759,0,3.4150999999999998
760,0,3.4150999999999998
761,0,3.4150999999999998
762,0,3.4150999999999998
763,0,3.4150999999999998
764,0,3.4150999999999998
765,0,3.4150999999999998
766,0,3.4150999999999998
767,0,3.4133
768,0,3.4133
769,0,3.4133
770,0,3.4150999999999998
771,0,3.4150999999999998
772,0,3.4150999999999998
773,0,3.4133
774,0,3.4133
775,0,3.4133
776,0,3.4133
777,0,3.4133
778,0,3.4133
779,0,3.4133
780,0,3.4133
781,0,3.4133
782,0,3.4133
783,0,3.4133
784,0,3.4133
785,0,3.4133
786,0,3.4133
787,0,3.4133
788,0,3.4133
789,0,3.4133
790,0,3.4133
791,0,3.4133
792,0,3.4133
793,0,3.4133
794,0,3.4133
795,0,3.4133
796,0,3.4133
797,0,3.4133
798,0,3.4133
799,0,3.4133
800,0,3.4133
801,0,3.4114
802,0,3.4114
803,0,3.4114
804,0,3.4114
805,0,3.4114
806,0,3.4133
807,0,3.4114
808,0,3.4114
809,0,3.4114
810,0,3.4114
811,0,3.4114
812,0,3.4114
813,0,3.4114
814,0,3.4114
815,0,3.4114
816,0,3.4114
817,0,3.4114
818,0,3.4114
819,0,3.4114
820,0,3.4114
821,0,3.4114
822,0,3.4114
823,0,3.4114
824,0,3.4114
825,0,3.4114
826,0,3.4114
827,0,3.4114
828,0,3.4114
829,0,3.4114
830,0,3.4114
831,0,3.4114
832,0,3.4114
833,0,3.4114
834,0,3.4114
835,0,3.4114
836,0,3.4114
837,0,3.4114
838,0,3.4095
839,0,3.4114
840,0,3.4114
841,0,3.4114
842,0,3.4114
843,0,3.4114
844,0,3.4095
845,0,3.4095
846,0,3.4095
847,0,3.4095
848,0,3.4095
849,0,3.4095
850,0,3.4095
851,0,3.4095
852,0,3.4095
853,0,3.4095
854,0,3.4095
855,0,3.4095
856,0,3.4095
857,0,3.4095
858,0,3.4095
859,0,3.4095
860,0,3.4095
861,0,3.4095
862,0,3.4095
863,0,3.4095
864,0,3.4095
865,0,3.4095
866,0,3.4095
867,0,3.4095
868,0,3.4095
869,0,3.4095
870,0,3.4095
871,0,3.4095
872,0,3.4095
873,0,3.4095
874,0,3.4095
875,0,3.4095
876,0,3.4095
877,0,3.4095
878,0,3.4095
879,0,3.4095
880,0,3.4095
881,0,3.4095
882,0,3.4095
883,0,3.4095
884,0,3.4095
885,0,3.4077000000000002
886,0,3.4077000000000002
887,0,3.4077000000000002
888,0,3.4095
889,0,3.4095
890,0,3.4095
891,0,3.4077000000000002
892,0,3.4095
893,0,3.4077000000000002
894,0,3.4077000000000002
895,0,3.4077000000000002
896,0,3.4095
897,0,3.4095
898,0,3.4077000000000002
899,0,3.4077000000000002
900,0,3.4077000000000002
901,0,3.4077000000000002
902,0,3.4077000000000002
903,0,3.4077000000000002
904,0,3.4077000000000002
905,0,3.4077000000000002
906,0,3.4077000000000002
907,0,3.4077000000000002
908,0,3.4077000000000002
909,0,3.4077000000000002
910,0,3.4077000000000002
911,0,3.4077000000000002
912,0,3.4077000000000002
913,0,3.4077000000000002
914,0,3.4077000000000002
915,0,3.4077000000000002
916,0,3.4077000000000002
917,0,3.4077000000000002
918,0,3.4077000000000002
919,0,3.4077000000000002
920,0,3.4077000000000002
921,0,3.4077000000000002
922,0,3.4077000000000002
923,0,3.4077000000000002
924,0,3.4077000000000002
925,0,3.4077000000000002
926,0,3.4077000000000002
927,0,3.4077000000000002
928,0,3.4077000000000002
929,0,3.4077000000000002
930,0,3.4077000000000002
931,0,3.4077000000000002
932,0,3.4077000000000002
933,0,3.4077000000000002
934,0,3.4077000000000002
935,0,3.4077000000000002
936,0,3.4077000000000002
937,0,3.4058000000000002
938,0,3.4058000000000002
939,0,3.4058000000000002
940,0,3.4058000000000002
941,0,3.4077000000000002
942,0,3.4077000000000002
943,0,3.4058000000000002
944,0,3.4077000000000002
945,0,3.4077000000000002
946,0,3.4058000000000002
947,0,3.4058000000000002
948,0,3.4058000000000002
949,0,3.4058000000000002
950,0,3.4058000000000002
951,0,3.4058000000000002
952,0,3.4077000000000002
953,0,3.4058000000000002
954,0,3.4058000000000002
955,0,3.4058000000000002
956,0,3.4058000000000002
957,0,3.4058000000000002
958,0,3.4058000000000002
959,0,3.4058000000000002
960,0,3.4058000000000002
961,0,3.4058000000000002
962,0,3.4058000000000002
963,0,3.4058000000000002
964,0,3.4058000000000002
965,0,3.4058000000000002
966,0,3.4058000000000002
967,0,3.4058000000000002
968,0,3.4058000000000002
969,0,3.4058000000000002
970,0,3.4058000000000002
971,0,3.4058000000000002
972,0,3.4058000000000002
973,0,3.4058000000000002
974,0,3.4058000000000002
975,0,3.4058000000000002
976,0,3.4058000000000002
977,0,3.4058000000000002
978,0,3.4058000000000002
979,0,3.4058000000000002
980,0,3.4058000000000002
981,0,3.4058000000000002
982,0,3.4058000000000002
983,0,3.4058000000000002
984,0,3.4058000000000002
985,0,3.4058000000000002
986,0,3.4058000000000002
987,0,3.4058000000000002
988,0,3.4058000000000002
989,0,3.4058000000000002
990,0,3.4039999999999999
991,0,3.4058000000000002
992,0,3.4039999999999999
993,0,3.4058000000000002
994,0,3.4039999999999999
995,0,3.4039999999999999
996,0,3.4058000000000002
997,0,3.4039999999999999
998,0,3.4058000000000002
999,0,3.4039999999999999
1000,0,3.4039999999999999
1001,0,3.4039999999999999
1002,0,3.4039999999999999
1003,0,3.4039999999999999
1004,0,3.4039999999999999
1005,0,3.4039999999999999
1006,0,3.4039999999999999
1007,0,3.4039999999999999
1008,0,3.4039999999999999
1009,0,3.4039999999999999
1010,0,3.4039999999999999
1011,0,3.4039999999999999
1012,0,3.4039999999999999
1013,0,3.4039999999999999
1014,0,3.4039999999999999
1015,0,3.4039999999999999
1016,0,3.4039999999999999
1017,0,3.4039999999999999
1018,0,3.4039999999999999
1019,0,3.4039999999999999
1020,0,3.4039999999999999
1021,0,3.4039999999999999
1022,0,3.4039999999999999
1023,0,3.4039999999999999
1024,0,3.4039999999999999
1025,0,3.4039999999999999
1026,0,3.4039999999999999
1027,0,3.4039999999999999
1028,0,3.4039999999999999
1029,0,3.4039999999999999
1030,0,3.4039999999999999
1031,0,3.4039999999999999
1032,0,3.4039999999999999
1033,0,3.4039999999999999
1034,0,3.4039999999999999
1035,0,3.4039999999999999
1036,0,3.4039999999999999
1037,0,3.4039999999999999
1038,0,3.4039999999999999
1039,0,3.4039999999999999
1040,0,3.4039999999999999
1041,0,3.4039999999999999
1042,0,3.4039999999999999
1043,0,3.4039999999999999
1044,0,3.4039999999999999
1045,0,3.4039999999999999
1046,0,3.4020999999999999
1047,0,3.4039999999999999
1048,0,3.4039999999999999
1049,0,3.4020999999999999
1050,0,3.4039999999999999
1051,0,3.4020999999999999
1052,0,3.4020999999999999
1053,0,3.4039999999999999
1054,0,3.4020999999999999
1055,0,3.4020999999999999
1056,0,3.4039999999999999
1057,0,3.4039999999999999
1058,0,3.4020999999999999
1059,0,3.4020999999999999
1060,0,3.4020999999999999
1061,0,3.4020999999999999
1062,0,3.4020999999999999
1063,0,3.4020999999999999
1064,0,3.4020999999999999
1065,0,3.4020999999999999
1066,0,3.4020999999999999
1067,0,3.4020999999999999
1068,0,3.4020999999999999
1069,0,3.4020999999999999
1070,0,3.4020999999999999
1071,0,3.4020999999999999
1072,0,3.4020999999999999
1073,0,3.4020999999999999
1074,0,3.4020999999999999
1075,0,3.4020999999999999
1076,0,3.4020999999999999
1077,0,3.4020999999999999
1078,0,3.4020999999999999
1079,0,3.4020999999999999
1080,0,3.4020999999999999
1081,0,3.4020999999999999
1082,0,3.4020999999999999
1083,0,3.4020999999999999
1084,0,3.4020999999999999
1085,0,3.4020999999999999
1086,0,3.4020999999999999
1087,0,3.4020999999999999
1088,0,3.4020999999999999
1089,0,3.4020999999999999
1090,0,3.4020999999999999
1091,0,3.4020999999999999
1092,0,3.4020999999999999
1093,0,3.4020999999999999
1094,0,3.4020999999999999
1095,0,3.4020999999999999
1096,0,3.4020999999999999
1097,0,3.4020999999999999
1098,0,3.4020999999999999
1099,0,3.4020999999999999
1100,0,3.4020999999999999
1101,0,3.4020999999999999
1102,0,3.4020999999999999
1103,0,3.4020999999999999
1104,0,3.4001999999999999
1105,0,3.4020999999999999
1106,0,3.4020999999999999
1107,0,3.4001999999999999
1108,0,3.4001999999999999
1109,0,3.4020999999999999
1110,0,3.4020999999999999
1111,0,3.4020999999999999
1112,0,3.4001999999999999
1113,0,3.4001999999999999
1114,0,3.4001999999999999
1115,0,3.4020999999999999
1116,0,3.4001999999999999
1117,0,3.4001999999999999
1118,0,3.4001999999999999
1119,0,3.4020999999999999
1120,0,3.4001999999999999
1121,0,3.4001999999999999
1122,0,3.4001999999999999
1123,0,3.4001999999999999
1124,0,3.4001999999999999
1125,0,3.4001999999999999
1126,0,3.4001999999999999
1127,0,3.4001999999999999
1128,0,3.4001999999999999
1129,0,3.4001999999999999
1130,0,3.4001999999999999
1131,0,3.4001999999999999
1132,0,3.4001999999999999
1133,0,3.4001999999999999
1134,0,3.4001999999999999
1135,0,3.4001999999999999
1136,0,3.4001999999999999
1137,0,3.4001999999999999
1138,0,3.4001999999999999
1139,0,3.4001999999999999
1140,0,3.4001999999999999
1141,0,3.4001999999999999
1142,0,3.4001999999999999
1143,0,3.4001999999999999
1144,0,3.4001999999999999
1145,0,3.4001999999999999
1146,0,3.4001999999999999
1147,0,3.4001999999999999
1148,0,3.4001999999999999
1149,0,3.4001999999999999
1150,0,3.4001999999999999
1151,0,3.4001999999999999
1152,0,3.4001999999999999
1153,0,3.4001999999999999
1154,0,3.4001999999999999
1155,0,3.4001999999999999
1156,0,3.4001999999999999
1157,0,3.4001999999999999
1158,0,3.4001999999999999
1159,0,3.4001999999999999
1160,0,3.4001999999999999
1161,0,3.4001999999999999
1162,0,3.4001999999999999
1163,0,3.4001999999999999
1164,0,3.4001999999999999
1165,0,3.4001999999999999
1166,0,3.4001999999999999
1167,0,3.4001999999999999
1168,0,3.4001999999999999
1169,0,3.4001999999999999
1170,0,3.4001999999999999
1171,0,3.4001999999999999
1172,0,3.4001999999999999
1173,0,3.3984000000000001
1174,0,3.4001999999999999
1175,0,3.4001999999999999
1176,0,3.3984000000000001
1177,0,3.4001999999999999
1178,0,3.4001999999999999
1179,0,3.3984000000000001
1180,0,3.4001999999999999
1181,0,3.4001999999999999
1182,0,3.4001999999999999
1183,0,3.3984000000000001
1184,0,3.3984000000000001
1185,0,3.3984000000000001
1186,0,3.4001999999999999
1187,0,3.4001999999999999
1188,0,3.3984000000000001
1189,0,3.3984000000000001
1190,0,3.3984000000000001
1191,0,3.3984000000000001
1192,0,3.3984000000000001
1193,0,3.3984000000000001
1194,0,3.3984000000000001
1195,0,3.3984000000000001
1196,0,3.3984000000000001
1197,0,3.3984000000000001
1198,0,3.3984000000000001
1199,0,3.3984000000000001
1200,0,3.3984000000000001
1201,0,3.3984000000000001
1202,0,3.3984000000000001
1203,0,3.3984000000000001
1204,0,3.3984000000000001
1205,0,3.3984000000000001
1206,0,3.3984000000000001
1207,0,3.3984000000000001
1208,0,3.3984000000000001
1209,0,3.3984000000000001
1210,0,3.3984000000000001
1211,0,3.3984000000000001
1212,0,3.3984000000000001
1213,0,3.3984000000000001
1214,0,3.3984000000000001
1215,0,3.3984000000000001
1216,0,3.3984000000000001
1217,0,3.3984000000000001
1218,0,3.3984000000000001
1219,0,3.3984000000000001
1220,0,3.3984000000000001
1221,0,3.3984000000000001
1222,0,3.3984000000000001
1223,0,3.3984000000000001
1224,0,3.3984000000000001
1225,0,3.3984000000000001
1226,0,3.3984000000000001
1227,0,3.3984000000000001
1228,0,3.3984000000000001
1229,0,3.3984000000000001
1230,0,3.3984000000000001
1231,0,3.3984000000000001
1232,0,3.3984000000000001
1233,0,3.3984000000000001
1234,0,3.3984000000000001
1235,0,3.3984000000000001
1236,0,3.3984000000000001
1237,0,3.3984000000000001
1238,0,3.3984000000000001
1239,0,3.3984000000000001
1240,0,3.3984000000000001
1241,0,3.3984000000000001
1242,0,3.3984000000000001
1243,0,3.3984000000000001
1244,0,3.3984000000000001
1245,0,3.3984000000000001
1246,0,3.3984000000000001
1247,0,3.3984000000000001
1248,0,3.3984000000000001
1249,0,3.3984000000000001
1250,0,3.3984000000000001
1251,0,3.3965000000000001
1252,0,3.3965000000000001
1253,0,3.3984000000000001
1254,0,3.3984000000000001
1255,0,3.3965000000000001
1256,0,3.3965000000000001
1257,0,3.3984000000000001
1258,0,3.3984000000000001
1259,0,3.3965000000000001
1260,0,3.3984000000000001
1261,0,3.3965000000000001
1262,0,3.3965000000000001
1263,0,3.3965000000000001
1264,0,3.3984000000000001
1265,0,3.3965000000000001
1266,0,3.3965000000000001
1267,0,3.3965000000000001
1268,0,3.3965000000000001
1269,0,3.3965000000000001
1270,0,3.3965000000000001
1271,0,3.3965000000000001
1272,0,3.3965000000000001
1273,0,3.3965000000000001
1274,0,3.3965000000000001
1275,0,3.3965000000000001
1276,0,3.3965000000000001
1277,0,3.3965000000000001
1278,0,3.3965000000000001
1279,0,3.3965000000000001
1280,0,3.3965000000000001
1281,0,3.3965000000000001
1282,0,3.3965000000000001
1283,0,3.3965000000000001
1284,0,3.3965000000000001
1285,0,3.3965000000000001
1286,0,3.3965000000000001
1287,0,3.3965000000000001
1288,0,3.3965000000000001
1289,0,3.3965000000000001
1290,0,3.3965000000000001
1291,0,3.3965000000000001
1292,0,3.3965000000000001
1293,0,3.3965000000000001
1294,0,3.3965000000000001
1295,0,3.3965000000000001
1296,0,3.3965000000000001
1297,0,3.3965000000000001
1298,0,3.3965000000000001
1299,0,3.3965000000000001
1300,0,3.3965000000000001
1301,0,3.3965000000000001
1302,0,3.3965000000000001
1303,0,3.3965000000000001
1304,0,3.3965000000000001
1305,0,3.3965000000000001
1306,0,3.3965000000000001
1307,0,3.3965000000000001
1308,0,3.3965000000000001
1309,0,3.3965000000000001
1310,0,3.3965000000000001
1311,0,3.3965000000000001
1312,0,3.3965000000000001
1313,0,3.3965000000000001
1314,0,3.3965000000000001
1315,0,3.3965000000000001
1316,0,3.3965000000000001
1317,0,3.3965000000000001
1318,0,3.3965000000000001
1319,0,3.3965000000000001
1320,0,3.3965000000000001
1321,0,3.3946999999999998
1322,0,3.3965000000000001
1323,0,3.3965000000000001
1324,0,3.3965000000000001
1325,0,3.3965000000000001
1326,0,3.3946999999999998
1327,0,3.3965000000000001
1328,0,3.3965000000000001
1329,0,3.3965000000000001
1330,0,3.3946999999999998
1331,0,3.3965000000000001
1332,0,3.3965000000000001
1333,0,3.3965000000000001
1334,0,3.3965000000000001
1335,0,3.3965000000000001
1336,0,3.3965000000000001
1337,0,3.3965000000000001
1338,0,3.3965000000000001
1339,0,3.3946999999999998
1340,0,3.3946999999999998
1341,0,3.3965000000000001
1342,0,3.3946999999999998
1343,0,3.3965000000000001
1344,0,3.3965000000000001
1345,0,3.3946999999999998
1346,0,3.3946999999999998
1347,0,3.3946999999999998
1348,0,3.3946999999999998
1349,0,3.3965000000000001
1350,0,3.3946999999999998
1351,0,3.3946999999999998
1352,0,3.3946999999999998
1353,0,3.3946999999999998
1354,0,3.3946999999999998
1355,0,3.3946999999999998
1356,0,3.3946999999999998
1357,0,3.3946999999999998
1358,0,3.3946999999999998
1359,0,3.3946999999999998
1360,0,3.3946999999999998
1361,0,3.3946999999999998
1362,0,3.3946999999999998
1363,0,3.3946999999999998
1364,0,3.3946999999999998
1365,0,3.3946999999999998
1366,0,3.3946999999999998
1367,0,3.3946999999999998
1368,0,3.3946999999999998
1369,0,3.3946999999999998
1370,0,3.3946999999999998
1371,0,3.3946999999999998
1372,0,3.3946999999999998
1373,0,3.3946999999999998
1374,0,3.3946999999999998
1375,0,3.3946999999999998
1376,0,3.3946999999999998
1377,0,3.3946999999999998
1378,0,3.3946999999999998
1379,0,3.3946999999999998
1380,0,3.3946999999999998
1381,0,3.3946999999999998
1382,0,3.3946999999999998
1383,0,3.3946999999999998
1384,0,3.3946999999999998
1385,0,3.3946999999999998
1386,0,3.3946999999999998
1387,0,3.3946999999999998
1388,0,3.3946999999999998
1389,0,3.3946999999999998
1390,0,3.3946999999999998
1391,0,3.3946999999999998
1392,0,3.3946999999999998
1393,0,3.3946999999999998
1394,0,3.3946999999999998
1395,0,3.3946999999999998
1396,0,3.3946999999999998
1397,0,3.3946999999999998
1398,0,3.3946999999999998
1399,0,3.3946999999999998
1400,0,3.3946999999999998
1401,0,3.3946999999999998
1402,0,3.3946999999999998
1403,0,3.3946999999999998
1404,0,3.3946999999999998
1405,0,3.3946999999999998
1406,0,3.3946999999999998
1407,0,3.3927999999999998
1408,0,3.3946999999999998
1409,0,3.3927999999999998
1410,0,3.3946999999999998
1411,0,3.3946999999999998
1412,0,3.3946999999999998
1413,0,3.3946999999999998
1414,0,3.3946999999999998
1415,0,3.3946999999999998
1416,0,3.3946999999999998
1417,0,3.3946999999999998
1418,0,3.3946999999999998
1419,0,3.3946999999999998
1420,0,3.3946999999999998
1421,0,3.3946999999999998
1422,0,3.3946999999999998
1423,0,3.3946999999999998
1424,0,3.3927999999999998
1425,0,3.3927999999999998
1426,0,3.3946999999999998
1427,0,3.3946999999999998
1428,0,3.3927999999999998
1429,0,3.3927999999999998
1430,0,3.3946999999999998
1431,0,3.3927999999999998
1432,0,3.3927999999999998
1433,0,3.3946999999999998
1434,0,3.3946999999999998
1435,0,3.3946999999999998
1436,0,3.3946999999999998
1437,0,3.3927999999999998
1438,0,3.3927999999999998
1439,0,3.3927999999999998
1440,0,3.3946999999999998
1441,0,3.3927999999999998
1442,0,3.3927999999999998
1443,0,3.3927999999999998
1444,0,3.3927999999999998
1445,0,3.3927999999999998
1446,0,3.3927999999999998
1447,0,3.3927999999999998
1448,0,3.3927999999999998
1449,0,3.3927999999999998
1450,0,3.3927999999999998
1451,0,3.3927999999999998
1452,0,3.3927999999999998
1453,0,3.3927999999999998
1454,0,3.3927999999999998
1455,0,3.3927999999999998
1456,0,3.3927999999999998
1457,0,3.3927999999999998
1458,0,3.3927999999999998
1459,0,3.3927999999999998
1460,0,3.3927999999999998
1461,0,3.3927999999999998
1462,0,3.3927999999999998
1463,0,3.3927999999999998
1464,0,3.3927999999999998
1465,0,3.3927999999999998
1466,0,3.3927999999999998
1467,0,3.3927999999999998
1468,0,3.3927999999999998
1469,0,3.3927999999999998
1470,0,3.3927999999999998
1471,0,3.3927999999999998
1472,0,3.3927999999999998
1473,0,3.3927999999999998
1474,0,3.3927999999999998
1475,0,3.3927999999999998
1476,0,3.3927999999999998
1477,0,3.3927999999999998
1478,0,3.3927999999999998
1479,0,3.3927999999999998
1480,0,3.3927999999999998
1481,0,3.3927999999999998
1482,0,3.3927999999999998
1483,0,3.3927999999999998
1484,0,3.3927999999999998
1485,0,3.3927999999999998
1486,0,3.3927999999999998
1487,0,3.3927999999999998
1488,0,3.3927999999999998
1489,0,3.3927999999999998
1490,0,3.3927999999999998
1491,0,3.3927999999999998
1492,0,3.3927999999999998
1493,0,3.3927999999999998
1494,0,3.3927999999999998
1495,0,3.3927999999999998
1496,0,3.3927999999999998
1497,0,3.3927999999999998
1498,0,3.3927999999999998
1499,0,3.3927999999999998
1500,0,3.3927999999999998
1501,0,3.3927999999999998
1502,0,3.3927999999999998
1503,0,3.3927999999999998
1504,0,3.3927999999999998
1505,0,3.3927999999999998
1506,0,3.3927999999999998
1507,0,3.3927999999999998
1508,0,3.3927999999999998
1509,0,3.3927999999999998
1510,0,3.3927999999999998
1511,0,3.3927999999999998
1512,0,3.3927999999999998
1513,0,3.3927999999999998
1514,0,3.3927999999999998
1515,0,3.3927999999999998
1516,0,3.3927999999999998
1517,0,3.3927999999999998
1518,0,3.3908999999999998
1519,0,3.3908999999999998
1520,0,3.3927999999999998
1521,0,3.3927999999999998
1522,0,3.3927999999999998
1523,0,3.3927999999999998
1524,0,3.3927999999999998
1525,0,3.3927999999999998
1526,0,3.3927999999999998
1527,0,3.3927999999999998
1528,0,3.3908999999999998
1529,0,3.3908999999999998
1530,0,3.3908999999999998
1531,0,3.3927999999999998
1532,0,3.3908999999999998
1533,0,3.3908999999999998
1534,0,3.3908999999999998
1535,0,3.3927999999999998
1536,0,3.3927999999999998
1537,0,3.3908999999999998
1538,0,3.3908999999999998
1539,0,3.3908999999999998
1540,0,3.3908999999999998
1541,0,3.3927999999999998
1542,0,3.3908999999999998
1543,0,3.3908999999999998
1544,0,3.3908999999999998
1545,0,3.3908999999999998
1546,0,3.3908999999999998
1547,0,3.3908999999999998
1548,0,3.3908999999999998
1549,0,3.3908999999999998
1550,0,3.3908999999999998
1551,0,3.3908999999999998
1552,0,3.3908999999999998
1553,0,3.3908999999999998
1554,0,3.3908999999999998
1555,0,3.3908999999999998
1556,0,3.3908999999999998
1557,0,3.3908999999999998
1558,0,3.3908999999999998
1559,0,3.3908999999999998
1560,0,3.3908999999999998
1561,0,3.3908999999999998
1562,0,3.3908999999999998
1563,0,3.3908999999999998
1564,0,3.3908999999999998
1565,0,3.3908999999999998
1566,0,3.3908999999999998
1567,0,3.3908999999999998
1568,0,3.3908999999999998
1569,0,3.3908999999999998
1570,0,3.3908999999999998
1571,0,3.3908999999999998
1572,0,3.3908999999999998
1573,0,3.3908999999999998
1574,0,3.3908999999999998
1575,0,3.3908999999999998
1576,0,3.3908999999999998
1577,0,3.3908999999999998
1578,0,3.3908999999999998
1579,0,3.3908999999999998
1580,0,3.3908999999999998
1581,0,3.3908999999999998
1582,0,3.3908999999999998
1583,0,3.3908999999999998
1584,0,3.3908999999999998
1585,0,3.3908999999999998
1586,0,3.3908999999999998
1587,0,3.3908999999999998
1588,0,3.3908999999999998
1589,0,3.3908999999999998
1590,0,3.3908999999999998
1591,0,3.3908999999999998
1592,0,3.3908999999999998
1593,0,3.3908999999999998
1594,0,3.3908999999999998
1595,0,3.3908999999999998
1596,0,3.3908999999999998
1597,0,3.3908999999999998
1598,0,3.3908999999999998
1599,0,3.3908999999999998
1600,0,3.3908999999999998
1601,0,3.3908999999999998
1602,0,3.3908999999999998
1603,0,3.3908999999999998
1604,0,3.3908999999999998
1605,0,3.3908999999999998
1606,0,3.3908999999999998
1607,0,3.3908999999999998
1608,0,3.3908999999999998
1609,0,3.3908999999999998
1610,0,3.3908999999999998
1611,0,3.3908999999999998
1612,0,3.3908999999999998
1613,0,3.3908999999999998
1614,0,3.3908999999999998
1615,0,3.3908999999999998
1616,0,3.3908999999999998
1617,0,3.3908999999999998
1618,0,3.3908999999999998
1619,0,3.3908999999999998
1620,0,3.3908999999999998
1621,0,3.3908999999999998
1622,0,3.3908999999999998
1623,0,3.3908999999999998
1624,0,3.3908999999999998
1625,0,3.3908999999999998
1626,0,3.3872
1627,0,3.3908999999999998
1628,0,3.3908999999999998
1629,0,3.3908999999999998
1630,0,3.3872
1631,0,3.3908999999999998
1632,0,3.3908999999999998
1633,0,3.3908999999999998
1634,0,3.3908999999999998
1635,0,3.3908999999999998
1636,0,3.3908999999999998
1637,0,3.3908999999999998
1638,0,3.3872
1639,0,3.3908999999999998
1640,0,3.3908999999999998
1641,0,3.3908999999999998
1642,0,3.3908999999999998
1643,0,3.3908999999999998
1644,0,3.3908999999999998
1645,0,3.3872
1646,0,3.3908999999999998
1647,0,3.3908999999999998
1648,0,3.3908999999999998
1649,0,3.3872
1650,0,3.3872
1651,0,3.3872
1652,0,3.3908999999999998
1653,0,3.3908999999999998
1654,0,3.3872
1655,0,3.3872
1656,0,3.3908999999999998
1657,0,3.3872
1658,0,3.3872
1659,0,3.3872
1660,0,3.3872
1661,0,3.3872
1662,0,3.3908999999999998
1663,0,3.3908999999999998
1664,0,3.3872
1665,0,3.3872
1666,0,3.3872
1667,0,3.3872
1668,0,3.3872
1669,0,3.3872
1670,0,3.3872
1671,0,3.3872
1672,0,3.3872
1673,0,3.3908999999999998
1674,0,3.3872
1675,0,3.3872
1676,0,3.3872
1677,0,3.3872
1678,0,3.3872
1679,0,3.3872
1680,0,3.3872
1681,0,3.3872
1682,0,3.3872
1683,0,3.3872
1684,0,3.3872
1685,0,3.3872
1686,0,3.3872
1687,0,3.3872
1688,0,3.3872
1689,0,3.3872
1690,0,3.3872
1691,0,3.3872
1692,0,3.3872
1693,0,3.3872
1694,0,3.3872
1695,0,3.3872
1696,0,3.3872
1697,0,3.3872
1698,0,3.3872
1699,0,3.3872
1700,0,3.3872
1701,0,3.3872
1702,0,3.3872
1703,0,3.3872
1704,0,3.3872
1705,0,3.3872
1706,0,3.3872
1707,0,3.3872
1708,0,3.3872
1709,0,3.3872
1710,0,3.3872
1711,0,3.3872
1712,0,3.3872
1713,0,3.3872
1714,0,3.3872
1715,0,3.3872
1716,0,3.3872
1717,0,3.3872
1718,0,3.3872
1719,0,3.3872
1720,0,3.3872
1721,0,3.3872
1722,0,3.3872
1723,0,3.3872
1724,0,3.3872
1725,0,3.3872
1726,0,3.3872
1727,0,3.3872
1728,0,3.3872
1729,0,3.3872
1730,0,3.3872
1731,0,3.3872
1732,0,3.3872
1733,0,3.3872
1734,0,3.3872
1735,0,3.3872
1736,0,3.3872
1737,0,3.3872
1738,0,3.3872
1739,0,3.3872
1740,0,3.3872
1741,0,3.3872
1742,0,3.3872
1743,0,3.3872
1744,0,3.3872
1745,0,3.3872
1746,0,3.3872
1747,0,3.3872
1748,0,3.3872
1749,0,3.3872
1750,0,3.3872
1751,0,3.3872
1752,0,3.3872
1753,0,3.3872
1754,0,3.3872
1755,0,3.3872
1756,0,3.3872
1757,0,3.3872
1758,0,3.3872
1759,0,3.3872
1760,0,3.3872
1761,0,3.3872
1762,0,3.3872
1763,0,3.3854000000000002
1764,0,3.3872
1765,0,3.3872
1766,0,3.3872
1767,0,3.3854000000000002
1768,0,3.3872
1769,0,3.3872
1770,0,3.3872
1771,0,3.3872
1772,0,3.3872
1773,0,3.3872
1774,0,3.3872
1775,0,3.3872
1776,0,3.3854000000000002
1777,0,3.3872
1778,0,3.3872
1779,0,3.3854000000000002
1780,0,3.3854000000000002
1781,0,3.3872
1782,0,3.3854000000000002
1783,0,3.3854000000000002
1784,0,3.3872
1785,0,3.3872
1786,0,3.3854000000000002
1787,0,3.3854000000000002
1788,0,3.3854000000000002
1789,0,3.3854000000000002
1790,0,3.3854000000000002
1791,0,3.3854000000000002
1792,0,3.3854000000000002
1793,0,3.3854000000000002
1794,0,3.3854000000000002
1795,0,3.3854000000000002
1796,0,3.3854000000000002
1797,0,3.3854000000000002
1798,0,3.3854000000000002
1799,0,3.3854000000000002
1800,0,3.3854000000000002
1801,0,3.3854000000000002
1802,0,3.3854000000000002
1803,0,3.3854000000000002
1804,0,3.3854000000000002
1805,0,3.3854000000000002
1806,0,3.3854000000000002
1807,0,3.3854000000000002
1808,0,3.3854000000000002
1809,0,3.3854000000000002
1810,0,3.3854000000000002
1811,0,3.3854000000000002
1812,0,3.3854000000000002
1813,0,3.3854000000000002
1814,0,3.3854000000000002
1815,0,3.3854000000000002
1816,0,3.3854000000000002
1817,0,3.3854000000000002
1818,0,3.3854000000000002
1819,0,3.3854000000000002
1820,0,3.3854000000000002
1821,0,3.3854000000000002
1822,0,3.3854000000000002
1823,0,3.3854000000000002
1824,0,3.3854000000000002
1825,0,3.3854000000000002
1826,0,3.3854000000000002
1827,0,3.3854000000000002
1828,0,3.3854000000000002
1829,0,3.3854000000000002
1830,0,3.3854000000000002
1831,0,3.3854000000000002
1832,0,3.3854000000000002
1833,0,3.3854000000000002
1834,0,3.3854000000000002
1835,0,3.3854000000000002
1836,0,3.3854000000000002
1837,0,3.3854000000000002
1838,0,3.3854000000000002
1839,0,3.3854000000000002
1840,0,3.3854000000000002
1841,0,3.3854000000000002
1842,0,3.3854000000000002
1843,0,3.3854000000000002
1844,0,3.3854000000000002
1845,0,3.3854000000000002
1846,0,3.3854000000000002
1847,0,3.3854000000000002
1848,0,3.3854000000000002
1849,0,3.3854000000000002
1850,0,3.3854000000000002
1851,0,3.3854000000000002
1852,0,3.3854000000000002
1853,0,3.3854000000000002
1854,0,3.3854000000000002
1855,0,3.3854000000000002
1856,0,3.3854000000000002
1857,0,3.3854000000000002
1858,0,3.3854000000000002
1859,0,3.3854000000000002
1860,0,3.3854000000000002
1861,0,3.3854000000000002
1862,0,3.3854000000000002
1863,0,3.3854000000000002
1864,0,3.3854000000000002
1865,0,3.3854000000000002
1866,0,3.3854000000000002
1867,0,3.3854000000000002
1868,0,3.3854000000000002
1869,0,3.3854000000000002
1870,0,3.3854000000000002
1871,0,3.3854000000000002
1872,0,3.3854000000000002
1873,0,3.3854000000000002
1874,0,3.3854000000000002
1875,0,3.3854000000000002
1876,0,3.3854000000000002
1877,0,3.3854000000000002
1878,0,3.3854000000000002
1879,0,3.3854000000000002
1880,0,3.3854000000000002
1881,0,3.3854000000000002
1882,0,3.3854000000000002
1883,0,3.3854000000000002
1884,0,3.3854000000000002
1885,0,3.3854000000000002
1886,0,3.3854000000000002
1887,0,3.3854000000000002
1888,0,3.3835000000000002
1889,0,3.3854000000000002
1890,0,3.3854000000000002
1891,0,3.3854000000000002
1892,0,3.3854000000000002
1893,0,3.3835000000000002
1894,0,3.3854000000000002
1895,0,3.3854000000000002
1896,0,3.3854000000000002
1897,0,3.3854000000000002
1898,0,3.3854000000000002
1899,0,3.3835000000000002
1900,0,3.3835000000000002
1901,0,3.3854000000000002
1902,0,3.3854000000000002
1903,0,3.3854000000000002
1904,0,3.3854000000000002
1905,0,3.3854000000000002
1906,0,3.3854000000000002
1907,0,3.3835000000000002
1908,0,3.3854000000000002
1909,0,3.3835000000000002
1910,0,3.3854000000000002
1911,0,3.3854000000000002
1912,0,3.3835000000000002
1913,0,3.3854000000000002
1914,0,3.3854000000000002
1915,0,3.3854000000000002
1916,0,3.3854000000000002
1917,0,3.3854000000000002
1918,0,3.3835000000000002
1919,0,3.3835000000000002
1920,0,3.3854000000000002
1921,0,3.3854000000000002
1922,0,3.3835000000000002
1923,0,3.3854000000000002
1924,0,3.3835000000000002
1925,0,3.3835000000000002
1926,0,3.3854000000000002
1927,0,3.3835000000000002
1928,0,3.3835000000000002
1929,0,3.3835000000000002
1930,0,3.3835000000000002
1931,0,3.3854000000000002
1932,0,3.3835000000000002
1933,0,3.3835000000000002
1934,0,3.3835000000000002
1935,0,3.3835000000000002
1936,0,3.3835000000000002
1937,0,3.3835000000000002
1938,0,3.3835000000000002
1939,0,3.3835000000000002
1940,0,3.3835000000000002
1941,0,3.3835000000000002
1942,0,3.3835000000000002
1943,0,3.3835000000000002
1944,0,3.3835000000000002
1945,0,3.3835000000000002
1946,0,3.3835000000000002
1947,0,3.3835000000000002
1948,0,3.3835000000000002
1949,0,3.3835000000000002
1950,0,3.3835000000000002
1951,0,3.3835000000000002
1952,0,3.3835000000000002
1953,0,3.3835000000000002
1954,0,3.3835000000000002
1955,0,3.3835000000000002
1956,0,3.3835000000000002
1957,0,3.3835000000000002
1958,0,3.3835000000000002
1959,0,3.3835000000000002
1960,0,3.3835000000000002
1961,0,3.3835000000000002
1962,0,3.3835000000000002
1963,0,3.3835000000000002
1964,0,3.3835000000000002
1965,0,3.3835000000000002
1966,0,3.3835000000000002
1967,0,3.3835000000000002
1968,0,3.3835000000000002
1969,0,3.3835000000000002
1970,0,3.3835000000000002
1971,0,3.3835000000000002
1972,0,3.3835000000000002
1973,0,3.3835000000000002
1974,0,3.3835000000000002
1975,0,3.3835000000000002
1976,0,3.3835000000000002
1977,0,3.3835000000000002
1978,0,3.3835000000000002
1979,0,3.3835000000000002
1980,0,3.3835000000000002
1981,0,3.3835000000000002
1982,0,3.3835000000000002
1983,0,3.3835000000000002
1984,0,3.3835000000000002
1985,0,3.3835000000000002
1986,0,3.3835000000000002
1987,0,3.3835000000000002
1988,0,3.3835000000000002
1989,0,3.3835000000000002
1990,0,3.3835000000000002
1991,0,3.3835000000000002
1992,0,3.3835000000000002
1993,0,3.3835000000000002
1994,0,3.3835000000000002
1995,0,3.3835000000000002
1996,0,3.3835000000000002
1997,0,3.3835000000000002
1998,0,3.3835000000000002
1999,0,3.3835000000000002
2000,0,3.3835000000000002
2001,0,3.3835000000000002
2002,0,3.3835000000000002
2003,0,3.3835000000000002
2004,0,3.3835000000000002
2005,0,3.3835000000000002
2006,0,3.3835000000000002
2007,0,3.3835000000000002
2008,0,3.3835000000000002
2009,0,3.3835000000000002
2010,0,3.3835000000000002
2011,0,3.3835000000000002
2012,0,3.3835000000000002
2013,0,3.3835000000000002
2014,0,3.3835000000000002
2015,0,3.3835000000000002
2016,0,3.3835000000000002
2017,0,3.3835000000000002
2018,0,3.3835000000000002
2019,0,3.3835000000000002
2020,0,3.3835000000000002
2021,0,3.3835000000000002
2022,0,3.3835000000000002
2023,0,3.3835000000000002
2024,0,3.3835000000000002
2025,0,3.3835000000000002
2026,0,3.3835000000000002
2027,0,3.3835000000000002
2028,0,3.3835000000000002
2029,0,3.3835000000000002
2030,0,3.3835000000000002
2031,0,3.3835000000000002
2032,0,3.3835000000000002
2033,0,3.3835000000000002
2034,0,3.3835000000000002
2035,0,3.3835000000000002
2036,0,3.3835000000000002
2037,0,3.3835000000000002
2038,0,3.3835000000000002
2039,0,3.3835000000000002
2040,0,3.3835000000000002
2041,0,3.3835000000000002
2042,0,3.3835000000000002
2043,0,3.3835000000000002
2044,0,3.3835000000000002
2045,0,3.3835000000000002
2046,0,3.3835000000000002
2047,0,3.3835000000000002
2048,0,3.3835000000000002
2049,0,3.3835000000000002
2050,0,3.3835000000000002
2051,0,3.3835000000000002
2052,0,3.3835000000000002
2053,0,3.3835000000000002
2054,0,3.3835000000000002
2055,0,3.3835000000000002
2056,0,3.3835000000000002
2057,0,3.3835000000000002
2058,0,3.3835000000000002
2059,0,3.3835000000000002
2060,0,3.3835000000000002
2061,0,3.3835000000000002
2062,0,3.3835000000000002
2063,0,3.3835000000000002
2064,0,3.3835000000000002
2065,0,3.3835000000000002
2066,0,3.3835000000000002
2067,0,3.3835000000000002
2068,0,3.3835000000000002
2069,0,3.3835000000000002
2070,0,3.3835000000000002
2071,0,3.3835000000000002
2072,0,3.3835000000000002
2073,0,3.3816000000000002
2074,0,3.3835000000000002
2075,0,3.3835000000000002
2076,0,3.3835000000000002
2077,0,3.3835000000000002
2078,0,3.3835000000000002
2079,0,3.3835000000000002
2080,0,3.3835000000000002
2081,0,3.3835000000000002
2082,0,3.3835000000000002
2083,0,3.3835000000000002
2084,0,3.3835000000000002
2085,0,3.3816000000000002
2086,0,3.3816000000000002
2087,0,3.3835000000000002
2088,0,3.3816000000000002
2089,0,3.3816000000000002
2090,0,3.3835000000000002
2091,0,3.3816000000000002
2092,0,3.3816000000000002
2093,0,3.3816000000000002
2094,0,3.3816000000000002
2095,0,3.3835000000000002
2096,0,3.3816000000000002
2097,0,3.3816000000000002
2098,0,3.3816000000000002
2099,0,3.3816000000000002
2100,0,3.3816000000000002
2101,0,3.3816000000000002
2102,0,3.3835000000000002
2103,0,3.3816000000000002
2104,0,3.3816000000000002
2105,0,3.3816000000000002
2106,0,3.3816000000000002
2107,0,3.3816000000000002
2108,0,3.3816000000000002
2109,0,3.3816000000000002
2110,0,3.3816000000000002
2111,0,3.3835000000000002
2112,0,3.3816000000000002
2113,0,3.3816000000000002
2114,0,3.3816000000000002
2115,0,3.3816000000000002
2116,0,3.3816000000000002
2117,0,3.3816000000000002
2118,0,3.3816000000000002
2119,0,3.3816000000000002
2120,0,3.3816000000000002
2121,0,3.3816000000000002
2122,0,3.3816000000000002
2123,0,3.3816000000000002
2124,0,3.3816000000000002
2125,0,3.3816000000000002
2126,0,3.3816000000000002
2127,0,3.3816000000000002
2128,0,3.3835000000000002
2129,0,3.3816000000000002
2130,0,3.3816000000000002
2131,0,3.3816000000000002
2132,0,3.3816000000000002
2133,0,3.3816000000000002
2134,0,3.3816000000000002
2135,0,3.3816000000000002
2136,0,3.3816000000000002
2137,0,3.3816000000000002
2138,0,3.3816000000000002
2139,0,3.3816000000000002
2140,0,3.3816000000000002
2141,0,3.3816000000000002
2142,0,3.3816000000000002
2143,0,3.3816000000000002
2144,0,3.3816000000000002
2145,0,3.3816000000000002
2146,0,3.3816000000000002
2147,0,3.3816000000000002
2148,0,3.3816000000000002
2149,0,3.3816000000000002
2150,0,3.3816000000000002
2151,0,3.3816000000000002
2152,0,3.3816000000000002
2153,0,3.3816000000000002
2154,0,3.3816000000000002
2155,0,3.3816000000000002
2156,0,3.3816000000000002
2157,0,3.3816000000000002
2158,0,3.3816000000000002
2159,0,3.3816000000000002
2160,0,3.3816000000000002
2161,0,3.3816000000000002
2162,0,3.3816000000000002
2163,0,3.3816000000000002
2164,0,3.3816000000000002
2165,0,3.3816000000000002
2166,0,3.3816000000000002
2167,0,3.3816000000000002
2168,0,3.3816000000000002
2169,0,3.3816000000000002
2170,0,3.3816000000000002
2171,0,3.3816000000000002
2172,0,3.3816000000000002
2173,0,3.3816000000000002
2174,0,3.3816000000000002
2175,0,3.3816000000000002
2176,0,3.3816000000000002
2177,0,3.3816000000000002
2178,0,3.3816000000000002
2179,0,3.3816000000000002
2180,0,3.3816000000000002
2181,0,3.3816000000000002
2182,0,3.3816000000000002
2183,0,3.3816000000000002
2184,0,3.3816000000000002
2185,0,3.3816000000000002
2186,0,3.3816000000000002
2187,0,3.3816000000000002
2188,0,3.3816000000000002
2189,0,3.3816000000000002
2190,0,3.3816000000000002
2191,0,3.3816000000000002
2192,0,3.3816000000000002
2193,0,3.3816000000000002
2194,0,3.3816000000000002
2195,0,3.3816000000000002
2196,0,3.3816000000000002
2197,0,3.3816000000000002
2198,0,3.3816000000000002
2199,0,3.3816000000000002
2200,0,3.3816000000000002
2201,0,3.3816000000000002
2202,0,3.3816000000000002
2203,0,3.3816000000000002
2204,0,3.3816000000000002
2205,0,3.3816000000000002
2206,0,3.3816000000000002
2207,0,3.3816000000000002
2208,0,3.3816000000000002
2209,0,3.3816000000000002
2210,0,3.3816000000000002
2211,0,3.3816000000000002
2212,0,3.3816000000000002
2213,0,3.3816000000000002
2214,0,3.3816000000000002
2215,0,3.3816000000000002
2216,0,3.3816000000000002
2217,0,3.3816000000000002
2218,0,3.3816000000000002
2219,0,3.3816000000000002
2220,0,3.3816000000000002
2221,0,3.3816000000000002
2222,0,3.3816000000000002
2223,0,3.3816000000000002
2224,0,3.3816000000000002
2225,0,3.3816000000000002
2226,0,3.3816000000000002
2227,0,3.3816000000000002
2228,0,3.3816000000000002
2229,0,3.3816000000000002
2230,0,3.3816000000000002
2231,0,3.3797999999999999
2232,0,3.3816000000000002
2233,0,3.3816000000000002
2234,0,3.3816000000000002
2235,0,3.3816000000000002
2236,0,3.3816000000000002
2237,0,3.3816000000000002
2238,0,3.3816000000000002
2239,0,3.3816000000000002
2240,0,3.3816000000000002
2241,0,3.3816000000000002
2242,0,3.3816000000000002
2243,0,3.3816000000000002
2244,0,3.3816000000000002
2245,0,3.3816000000000002
2246,0,3.3816000000000002
2247,0,3.3816000000000002
2248,0,3.3816000000000002
2249,0,3.3816000000000002
2250,0,3.3797999999999999
2251,0,3.3816000000000002
2252,0,3.3816000000000002
2253,0,3.3816000000000002
2254,0,3.3816000000000002
2255,0,3.3797999999999999
2256,0,3.3797999999999999
2257,0,3.3816000000000002
2258,0,3.3816000000000002
2259,0,3.3816000000000002
2260,0,3.3816000000000002
2261,0,3.3816000000000002
2262,0,3.3797999999999999
2263,0,3.3797999999999999
2264,0,3.3797999999999999
2265,0,3.3816000000000002
2266,0,3.3797999999999999
2267,0,3.3797999999999999
2268,0,3.3816000000000002
2269,0,3.3797999999999999
2270,0,3.3797999999999999
2271,0,3.3816000000000002
2272,0,3.3816000000000002
2273,0,3.3797999999999999
2274,0,3.3797999999999999
2275,0,3.3816000000000002
2276,0,3.3797999999999999
2277,0,3.3797999999999999
2278,0,3.3797999999999999
2279,0,3.3797999999999999
2280,0,3.3797999999999999
2281,0,3.3797999999999999
2282,0,3.3797999999999999
2283,0,3.3797999999999999
2284,0,3.3816000000000002
2285,0,3.3816000000000002
2286,0,3.3816000000000002
2287,0,3.3797999999999999
2288,0,3.3797999999999999
2289,0,3.3797999999999999
2290,0,3.3797999999999999
2291,0,3.3797999999999999
2292,0,3.3797999999999999
2293,0,3.3797999999999999
2294,0,3.3797999999999999
2295,0,3.3797999999999999
2296,0,3.3797999999999999
2297,0,3.3797999999999999
2298,0,3.3797999999999999
2299,0,3.3797999999999999
2300,0,3.3797999999999999
2301,0,3.3816000000000002
2302,0,3.3797999999999999
2303,0,3.3797999999999999
2304,0,3.3797999999999999
2305,0,3.3816000000000002
2306,0,3.3816000000000002
2307,0,3.3797999999999999
2308,0,3.3797999999999999
2309,0,3.3797999999999999
2310,0,3.3797999999999999
2311,0,3.3797999999999999
2312,0,3.3797999999999999
2313,0,3.3797999999999999
2314,0,3.3797999999999999
2315,0,3.3797999999999999
2316,0,3.3797999999999999
2317,0,3.3797999999999999
2318,0,3.3797999999999999
2319,0,3.3797999999999999
2320,0,3.3797999999999999
2321,0,3.3797999999999999
2322,0,3.3797999999999999
2323,0,3.3797999999999999
2324,0,3.3797999999999999
2325,0,3.3797999999999999
2326,0,3.3797999999999999
2327,0,3.3797999999999999
2328,0,3.3797999999999999
2329,0,3.3797999999999999
2330,0,3.3797999999999999
2331,0,3.3797999999999999
2332,0,3.3797999999999999
2333,0,3.3797999999999999
2334,0,3.3797999999999999
2335,0,3.3797999999999999
2336,0,3.3797999999999999
2337,0,3.3797999999999999
2338,0,3.3797999999999999
2339,0,3.3797999999999999
2340,0,3.3797999999999999
2341,0,3.3797999999999999
2342,0,3.3797999999999999
2343,0,3.3797999999999999
2344,0,3.3797999999999999
2345,0,3.3797999999999999
2346,0,3.3797999999999999
2347,0,3.3797999999999999
2348,0,3.3797999999999999
2349,0,3.3797999999999999
2350,0,3.3797999999999999
2351,0,3.3797999999999999
2352,0,3.3797999999999999
2353,0,3.3797999999999999
2354,0,3.3797999999999999
2355,0,3.3797999999999999
2356,0,3.3797999999999999
2357,0,3.3797999999999999
2358,0,3.3797999999999999
2359,0,3.3797999999999999
2360,0,3.3797999999999999
2361,0,3.3797999999999999
2362,0,3.3797999999999999
2363,0,3.3797999999999999
2364,0,3.3797999999999999
2365,0,3.3797999999999999
2366,0,3.3797999999999999
2367,0,3.3797999999999999
2368,0,3.3797999999999999
2369,0,3.3797999999999999
2370,0,3.3797999999999999
2371,0,3.3797999999999999
2372,0,3.3797999999999999
2373,0,3.3797999999999999
2374,0,3.3797999999999999
2375,0,3.3797999999999999
2376,0,3.3797999999999999
2377,0,3.3797999999999999
2378,0,3.3797999999999999
2379,0,3.3797999999999999
2380,0,3.3797999999999999
2381,0,3.3797999999999999
2382,0,3.3797999999999999
2383,0,3.3797999999999999
2384,0,3.3797999999999999
2385,0,3.3797999999999999
2386,0,3.3797999999999999
2387,0,3.3797999999999999
2388,0,3.3797999999999999
2389,0,3.3797999999999999
2390,0,3.3797999999999999
2391,0,3.3797999999999999
2392,0,3.3797999999999999
2393,0,3.3797999999999999
2394,0,3.3797999999999999
2395,0,3.3797999999999999
2396,0,3.3797999999999999
2397,0,3.3797999999999999
2398,0,3.3797999999999999
2399,0,3.3797999999999999
2400,0,3.3797999999999999
2401,0,3.3797999999999999
2402,0,3.3797999999999999
2403,0,3.3797999999999999
2404,0,3.3797999999999999
2405,0,3.3797999999999999
2406,0,3.3797999999999999
2407,0,3.3797999999999999
2408,0,3.3797999999999999
2409,0,3.3797999999999999
2410,0,3.3797999999999999
2411,0,3.3797999999999999
2412,0,3.3797999999999999
2413,0,3.3797999999999999
2414,0,3.3797999999999999
2415,0,3.3797999999999999
2416,0,3.3797999999999999
2417,0,3.3797999999999999
2418,0,3.3797999999999999
2419,0,3.3797999999999999
2420,0,3.3797999999999999
2421,0,3.3797999999999999
2422,0,3.3797999999999999
2423,0,3.3797999999999999
2424,0,3.3797999999999999
2425,0,3.3797999999999999
2426,0,3.3797999999999999
2427,0,3.3797999999999999
2428,0,3.3797999999999999
2429,0,3.3797999999999999
2430,0,3.3797999999999999
2431,0,3.3797999999999999
2432,0,3.3797999999999999
2433,0,3.3797999999999999
2434,0,3.3797999999999999
2435,0,3.3797999999999999
2436,0,3.3797999999999999
2437,0,3.3797999999999999
2438,0,3.3797999999999999
2439,0,3.3797999999999999
2440,0,3.3797999999999999
2441,0,3.3797999999999999
2442,0,3.3797999999999999
2443,0,3.3797999999999999
2444,0,3.3797999999999999
2445,0,3.3797999999999999
2446,0,3.3797999999999999
2447,0,3.3797999999999999
2448,0,3.3797999999999999
2449,0,3.3797999999999999
2450,0,3.3797999999999999
2451,0,3.3797999999999999
2452,0,3.3797999999999999
2453,0,3.3797999999999999
2454,0,3.3797999999999999
2455,0,3.3797999999999999
2456,0,3.3797999999999999
2457,0,3.3797999999999999
2458,0,3.3797999999999999
2459,0,3.3797999999999999
2460,0,3.3797999999999999
2461,0,3.3797999999999999
2462,0,3.3797999999999999
2463,0,3.3797999999999999
2464,0,3.3797999999999999
2465,0,3.3797999999999999
2466,0,3.3797999999999999
2467,0,3.3797999999999999
2468,0,3.3797999999999999
2469,0,3.3797999999999999
2470,0,3.3797999999999999
2471,0,3.3797999999999999
2472,0,3.3778999999999999
2473,0,3.3797999999999999
2474,0,3.3778999999999999
2475,0,3.3797999999999999
2476,0,3.3797999999999999
2477,0,3.3778999999999999
2478,0,3.3778999999999999
2479,0,3.3797999999999999
2480,0,3.3778999999999999
2481,0,3.3778999999999999
2482,0,3.3778999999999999
2483,0,3.3797999999999999
2484,0,3.3797999999999999
2485,0,3.3797999999999999
2486,0,3.3778999999999999
2487,0,3.3778999999999999
2488,0,3.3778999999999999
2489,0,3.3778999999999999
2490,0,3.3797999999999999
2491,0,3.3778999999999999
2492,0,3.3797999999999999
2493,0,3.3797999999999999
2494,0,3.3778999999999999
2495,0,3.3778999999999999
2496,0,3.3778999999999999
2497,0,3.3778999999999999
2498,0,3.3778999999999999
2499,0,3.3778999999999999
2500,0,3.3797999999999999
2501,0,3.3797999999999999
2502,0,3.3797999999999999
2503,0,3.3778999999999999
2504,0,3.3797999999999999
2505,0,3.3778999999999999
2506,0,3.3778999999999999
2507,0,3.3778999999999999
2508,0,3.3778999999999999
2509,0,3.3778999999999999
2510,0,3.3778999999999999
2511,0,3.3778999999999999
2512,0,3.3778999999999999
2513,0,3.3778999999999999
2514,0,3.3778999999999999
2515,0,3.3778999999999999
2516,0,3.3778999999999999
2517,0,3.3778999999999999
2518,0,3.3778999999999999
2519,0,3.3778999999999999
2520,0,3.3778999999999999
2521,0,3.3797999999999999
2522,0,3.3778999999999999
2523,0,3.3778999999999999
2524,0,3.3778999999999999
2525,0,3.3778999999999999
2526,0,3.3778999999999999
2527,0,3.3778999999999999
2528,0,3.3778999999999999
2529,0,3.3778999999999999
2530,0,3.3778999999999999
2531,0,3.3778999999999999
2532,0,3.3778999999999999
2533,0,3.3778999999999999
2534,0,3.3778999999999999
2535,0,3.3778999999999999
2536,0,3.3778999999999999
2537,0,3.3778999999999999
2538,0,3.3778999999999999
2539,0,3.3778999999999999
2540,0,3.3778999999999999
2541,0,3.3778999999999999
2542,0,3.3778999999999999
2543,0,3.3778999999999999
2544,0,3.3778999999999999
2545,0,3.3778999999999999
2546,0,3.3778999999999999
2547,0,3.3778999999999999
2548,0,3.3778999999999999
2549,0,3.3778999999999999
2550,0,3.3778999999999999
2551,0,3.3778999999999999
2552,0,3.3778999999999999
2553,0,3.3778999999999999
2554,0,3.3778999999999999
2555,0,3.3778999999999999
2556,0,3.3778999999999999
2557,0,3.3778999999999999
2558,0,3.3778999999999999
2559,0,3.3778999999999999
2560,0,3.3778999999999999
2561,0,3.3778999999999999
2562,0,3.3778999999999999
2563,0,3.3778999999999999
2564,0,3.3778999999999999
2565,0,3.3778999999999999
2566,0,3.3778999999999999
2567,0,3.3778999999999999
2568,0,3.3778999999999999
2569,0,3.3778999999999999
2570,0,3.3778999999999999
2571,0,3.3778999999999999
2572,0,3.3778999999999999
2573,0,3.3778999999999999
2574,0,3.3778999999999999
2575,0,3.3778999999999999
2576,0,3.3778999999999999
2577,0,3.3778999999999999
2578,0,3.3778999999999999
2579,0,3.3778999999999999
2580,0,3.3778999999999999
2581,0,3.3778999999999999
2582,0,3.3778999999999999
2583,0,3.3778999999999999
2584,0,3.3778999999999999
2585,0,3.3778999999999999
2586,0,3.3778999999999999
2587,0,3.3778999999999999
2588,0,3.3778999999999999
2589,0,3.3778999999999999
2590,0,3.3778999999999999
2591,0,3.3778999999999999
2592,0,3.3778999999999999
2593,0,3.3778999999999999
2594,0,3.3778999999999999
2595,0,3.3778999999999999
2596,0,3.3778999999999999
2597,0,3.3778999999999999
2598,0,3.3778999999999999
2599,0,3.3778999999999999
2600,0,3.3778999999999999
2601,0,3.3778999999999999
2602,0,3.3778999999999999
2603,0,3.3778999999999999
2604,0,3.3778999999999999
2605,0,3.3778999999999999
2606,0,3.3778999999999999
2607,0,3.3778999999999999
2608,0,3.3778999999999999
2609,0,3.3778999999999999
2610,0,3.3778999999999999
2611,0,3.3778999999999999
2612,0,3.3778999999999999
2613,0,3.3778999999999999
2614,0,3.3778999999999999
2615,0,3.3778999999999999
2616,0,3.3778999999999999
2617,0,3.3778999999999999
2618,0,3.3778999999999999
2619,0,3.3778999999999999
2620,0,3.3778999999999999
2621,0,3.3778999999999999
2622,0,3.3778999999999999
2623,0,3.3778999999999999
2624,0,3.3778999999999999
2625,0,3.3778999999999999
2626,0,3.3778999999999999
2627,0,3.3778999999999999
2628,0,3.3778999999999999
2629,0,3.3778999999999999
2630,0,3.3778999999999999
2631,0,3.3778999999999999
2632,0,3.3778999999999999
2633,0,3.3778999999999999
2634,0,3.3778999999999999
2635,0,3.3778999999999999
2636,0,3.3778999999999999
2637,0,3.3778999999999999
2638,0,3.3778999999999999
2639,0,3.3778999999999999
2640,0,3.3778999999999999
2641,0,3.3778999999999999
2642,0,3.3778999999999999
2643,0,3.3778999999999999
2644,0,3.3778999999999999
2645,0,3.3778999999999999
2646,0,3.3778999999999999
2647,0,3.3778999999999999
2648,0,3.3778999999999999
2649,0,3.3778999999999999
2650,0,3.3778999999999999
2651,0,3.3778999999999999
2652,0,3.3778999999999999
2653,0,3.3778999999999999
2654,0,3.3778999999999999
2655,0,3.3778999999999999
2656,0,3.3778999999999999
2657,0,3.3778999999999999
2658,0,3.3778999999999999
2659,0,3.3778999999999999
2660,0,3.3778999999999999
2661,0,3.3778999999999999
2662,0,3.3778999999999999
2663,0,3.3778999999999999
2664,0,3.3778999999999999
2665,0,3.3778999999999999
2666,0,3.3778999999999999
2667,0,3.3778999999999999
2668,0,3.3778999999999999
2669,0,3.3778999999999999
2670,0,3.3778999999999999
2671,0,3.3778999999999999
2672,0,3.3778999999999999
2673,0,3.3778999999999999
2674,0,3.3778999999999999
2675,0,3.3778999999999999
2676,0,3.3778999999999999
2677,0,3.3778999999999999
2678,0,3.3778999999999999
2679,0,3.3778999999999999
2680,0,3.3778999999999999
2681,0,3.3778999999999999
2682,0,3.3778999999999999
2683,0,3.3778999999999999
2684,0,3.3778999999999999
2685,0,3.3778999999999999
2686,0,3.3778999999999999
2687,0,3.3778999999999999
2688,0,3.3778999999999999
2689,0,3.3778999999999999
2690,0,3.3778999999999999
2691,0,3.3778999999999999
2692,0,3.3778999999999999
2693,0,3.3778999999999999
2694,0,3.3761000000000001
2695,0,3.3778999999999999
2696,0,3.3778999999999999
2697,0,3.3761000000000001
2698,0,3.3778999999999999
2699,0,3.3778999999999999
2700,0,3.3778999999999999
2701,0,3.3778999999999999
2702,0,3.3778999999999999
2703,0,3.3778999999999999
2704,0,3.3778999999999999
2705,0,3.3778999999999999
2706,0,3.3778999999999999
2707,0,3.3778999999999999
2708,0,3.3778999999999999
2709,0,3.3778999999999999
2710,0,3.3778999999999999
2711,0,3.3778999999999999
2712,0,3.3778999999999999
2713,0,3.3778999999999999
2714,0,3.3778999999999999
2715,0,3.3778999999999999
2716,0,3.3778999999999999
2717,0,3.3778999999999999
2718,0,3.3778999999999999
2719,0,3.3778999999999999
2720,0,3.3778999999999999
2721,0,3.3778999999999999
2722,0,3.3778999999999999
2723,0,3.3778999999999999
2724,0,3.3761000000000001
2725,0,3.3778999999999999
2726,0,3.3778999999999999
2727,0,3.3778999999999999
2728,0,3.3778999999999999
2729,0,3.3778999999999999
2730,0,3.3778999999999999
2731,0,3.3778999999999999
2732,0,3.3778999999999999
2733,0,3.3778999999999999
2734,0,3.3778999999999999
2735,0,3.3778999999999999
2736,0,3.3778999999999999
2737,0,3.3761000000000001
2738,0,3.3778999999999999
2739,0,3.3761000000000001
2740,0,3.3778999999999999
2741,0,3.3761000000000001
2742,0,3.3761000000000001
2743,0,3.3761000000000001
2744,0,3.3761000000000001
2745,0,3.3761000000000001
2746,0,3.3761000000000001
2747,0,3.3778999999999999
2748,0,3.3778999999999999
2749,0,3.3778999999999999
2750,0,3.3761000000000001
2751,0,3.3778999999999999
2752,0,3.3761000000000001
2753,0,3.3778999999999999
2754,0,3.3761000000000001
2755,0,3.3761000000000001
2756,0,3.3761000000000001
2757,0,3.3761000000000001
2758,0,3.3778999999999999
2759,0,3.3778999999999999
2760,0,3.3761000000000001
2761,0,3.3778999999999999
2762,0,3.3761000000000001
2763,0,3.3761000000000001
2764,0,3.3778999999999999
2765,0,3.3761000000000001
2766,0,3.3761000000000001
2767,0,3.3778999999999999
2768,0,3.3761000000000001
2769,0,3.3761000000000001
2770,0,3.3761000000000001
2771,0,3.3761000000000001
2772,0,3.3778999999999999
2773,0,3.3778999999999999
2774,0,3.3761000000000001
2775,0,3.3761000000000001
2776,0,3.3761000000000001
2777,0,3.3761000000000001
2778,0,3.3761000000000001
2779,0,3.3761000000000001
2780,0,3.3761000000000001
2781,0,3.3761000000000001
2782,0,3.3778999999999999
2783,0,3.3761000000000001
2784,0,3.3761000000000001
2785,0,3.3761000000000001
2786,0,3.3761000000000001
2787,0,3.3761000000000001
2788,0,3.3761000000000001
2789,0,3.3761000000000001
2790,0,3.3761000000000001
2791,0,3.3761000000000001
2792,0,3.3778999999999999
2793,0,3.3761000000000001
2794,0,3.3761000000000001
2795,0,3.3761000000000001
2796,0,3.3761000000000001
2797,0,3.3761000000000001
2798,0,3.3761000000000001
2799,0,3.3761000000000001
2800,0,3.3761000000000001
2801,0,3.3761000000000001
2802,0,3.3761000000000001
2803,0,3.3761000000000001
2804,0,3.3761000000000001
2805,0,3.3761000000000001
2806,0,3.3761000000000001
2807,0,3.3761000000000001
2808,0,3.3778999999999999
2809,0,3.3761000000000001
2810,0,3.3761000000000001
2811,0,3.3761000000000001
2812,0,3.3761000000000001
2813,0,3.3761000000000001
2814,0,3.3761000000000001
2815,0,3.3761000000000001
2816,0,3.3761000000000001
2817,0,3.3761000000000001
2818,0,3.3761000000000001
2819,0,3.3761000000000001
2820,0,3.3761000000000001
2821,0,3.3761000000000001
2822,0,3.3761000000000001
2823,0,3.3761000000000001
2824,0,3.3761000000000001
2825,0,3.3761000000000001
2826,0,3.3761000000000001
2827,0,3.3761000000000001
2828,0,3.3761000000000001
2829,0,3.3761000000000001
2830,0,3.3761000000000001
2831,0,3.3761000000000001
2832,0,3.3761000000000001
2833,0,3.3761000000000001
2834,0,3.3761000000000001
2835,0,3.3761000000000001
2836,0,3.3761000000000001
2837,0,3.3761000000000001
2838,0,3.3761000000000001
2839,0,3.3761000000000001
2840,0,3.3761000000000001
2841,0,3.3761000000000001
2842,0,3.3761000000000001
2843,0,3.3761000000000001
2844,0,3.3761000000000001
2845,0,3.3761000000000001
2846,0,3.3761000000000001
2847,0,3.3761000000000001
2848,0,3.3761000000000001
2849,0,3.3761000000000001
2850,0,3.3761000000000001
2851,0,3.3761000000000001
2852,0,3.3761000000000001
2853,0,3.3761000000000001
2854,0,3.3761000000000001
2855,0,3.3761000000000001
2856,0,3.3761000000000001
2857,0,3.3761000000000001
2858,0,3.3761000000000001
2859,0,3.3761000000000001
2860,0,3.3761000000000001
2861,0,3.3761000000000001
2862,0,3.3761000000000001
2863,0,3.3761000000000001
2864,0,3.3761000000000001
2865,0,3.3761000000000001
2866,0,3.3761000000000001
2867,0,3.3761000000000001
2868,0,3.3761000000000001
2869,0,3.3761000000000001
2870,0,3.3761000000000001
2871,0,3.3761000000000001
2872,0,3.3761000000000001
2873,0,3.3761000000000001
2874,0,3.3761000000000001
2875,0,3.3761000000000001
2876,0,3.3761000000000001
2877,0,3.3761000000000001
2878,0,3.3761000000000001
2879,0,3.3761000000000001
2880,0,3.3761000000000001
2881,0,3.3761000000000001
2882,0,3.3761000000000001
2883,0,3.3761000000000001
2884,0,3.3761000000000001
2885,0,3.3761000000000001
2886,0,3.3761000000000001
2887,0,3.3761000000000001
2888,0,3.3761000000000001
2889,0,3.3761000000000001
2890,0,3.3761000000000001
2891,0,3.3761000000000001
2892,0,3.3761000000000001
2893,0,3.3761000000000001
2894,0,3.3761000000000001
2895,0,3.3761000000000001
2896,0,3.3761000000000001
2897,0,3.3761000000000001
2898,0,3.3761000000000001
2899,0,3.3761000000000001
2900,0,3.3761000000000001
2901,0,3.3761000000000001
2902,0,3.3761000000000001
2903,0,3.3761000000000001
2904,0,3.3761000000000001
2905,0,3.3761000000000001
2906,0,3.3761000000000001
2907,0,3.3761000000000001
2908,0,3.3761000000000001
2909,0,3.3761000000000001
2910,0,3.3761000000000001
2911,0,3.3761000000000001
2912,0,3.3761000000000001
2913,0,3.3761000000000001
2914,0,3.3761000000000001
2915,0,3.3761000000000001
2916,0,3.3761000000000001
2917,0,3.3761000000000001
2918,0,3.3761000000000001
2919,0,3.3761000000000001
2920,0,3.3761000000000001
2921,0,3.3761000000000001
2922,0,3.3761000000000001
2923,0,3.3761000000000001
2924,0,3.3761000000000001
2925,0,3.3761000000000001
2926,0,3.3761000000000001
2927,0,3.3761000000000001
2928,0,3.3761000000000001
2929,0,3.3761000000000001
2930,0,3.3761000000000001
2931,0,3.3761000000000001
2932,0,3.3761000000000001
2933,0,3.3761000000000001
2934,0,3.3761000000000001
2935,0,3.3761000000000001
2936,0,3.3761000000000001
2937,0,3.3761000000000001
2938,0,3.3761000000000001
2939,0,3.3761000000000001
2940,0,3.3761000000000001
2941,0,3.3761000000000001
2942,0,3.3761000000000001
2943,0,3.3761000000000001
2944,0,3.3761000000000001
2945,0,3.3761000000000001
2946,0,3.3761000000000001
2947,0,3.3761000000000001
2948,0,3.3761000000000001
2949,0,3.3761000000000001
2950,0,3.3761000000000001
2951,0,3.3761000000000001
2952,0,3.3761000000000001
2953,0,3.3761000000000001
2954,0,3.3761000000000001
2955,0,3.3761000000000001
2956,0,3.3761000000000001
2957,0,3.3761000000000001
2958,0,3.3761000000000001
2959,0,3.3761000000000001
2960,0,3.3761000000000001
2961,0,3.3761000000000001
2962,0,3.3761000000000001
2963,0,3.3761000000000001
2964,0,3.3761000000000001
2965,0,3.3761000000000001
2966,0,3.3761000000000001
2967,0,3.3761000000000001
2968,0,3.3761000000000001
2969,0,3.3761000000000001
2970,0,3.3761000000000001
2971,0,3.3761000000000001
2972,0,3.3761000000000001
2973,0,3.3761000000000001
2974,0,3.3761000000000001
2975,0,3.3761000000000001
2976,0,3.3761000000000001
2977,0,3.3761000000000001
2978,0,3.3761000000000001
2979,0,3.3761000000000001
2980,0,3.3761000000000001
2981,0,3.3761000000000001
2982,0,3.3761000000000001
2983,0,3.3761000000000001
2984,0,3.3761000000000001
2985,0,3.3761000000000001
2986,0,3.3761000000000001
2987,0,3.3761000000000001
2988,0,3.3761000000000001
2989,0,3.3761000000000001
2990,0,3.3761000000000001
2991,0,3.3761000000000001
2992,0,3.3761000000000001
2993,0,3.3761000000000001
2994,0,3.3761000000000001
2995,0,3.3761000000000001
2996,0,3.3761000000000001
2997,0,3.3761000000000001
2998,0,3.3761000000000001
2999,0,3.3761000000000001
3000,0,3.3761000000000001
3001,0,3.3761000000000001
3002,0,3.3761000000000001
3003,0,3.3761000000000001
3004,0,3.3761000000000001
3005,0,3.3761000000000001
3006,0,3.3761000000000001
3007,0,3.3761000000000001
3008,0,3.3761000000000001
3009,0,3.3761000000000001
3010,0,3.3742000000000001
3011,0,3.3761000000000001
3012,0,3.3761000000000001
3013,0,3.3761000000000001
3014,0,3.3761000000000001
3015,0,3.3761000000000001
3016,0,3.3742000000000001
3017,0,3.3761000000000001
3018,0,3.3761000000000001
3019,0,3.3761000000000001
3020,0,3.3761000000000001
3021,0,3.3761000000000001
3022,0,3.3761000000000001
3023,0,3.3761000000000001
3024,0,3.3761000000000001
3025,0,3.3761000000000001
3026,0,3.3742000000000001
3027,0,3.3761000000000001
3028,0,3.3761000000000001
3029,0,3.3742000000000001
3030,0,3.3761000000000001
3031,0,3.3761000000000001
3032,0,3.3761000000000001
3033,0,3.3742000000000001
3034,0,3.3742000000000001
3035,0,3.3742000000000001
3036,0,3.3761000000000001
3037,0,3.3761000000000001
3038,0,3.3761000000000001
3039,0,3.3761000000000001
3040,0,3.3761000000000001
3041,0,3.3742000000000001
3042,0,3.3742000000000001
3043,0,3.3761000000000001
3044,0,3.3761000000000001
3045,0,3.3742000000000001
3046,0,3.3761000000000001
3047,0,3.3761000000000001
3048,0,3.3761000000000001
3049,0,3.3761000000000001
3050,0,3.3742000000000001
3051,0,3.3742000000000001
3052,0,3.3761000000000001
3053,0,3.3742000000000001
3054,0,3.3761000000000001
3055,0,3.3742000000000001
3056,0,3.3742000000000001
3057,0,3.3742000000000001
3058,0,3.3761000000000001
3059,0,3.3761000000000001
3060,0,3.3761000000000001
3061,0,3.3761000000000001
3062,0,3.3761000000000001
3063,0,3.3742000000000001
3064,0,3.3742000000000001
3065,0,3.3742000000000001
3066,0,3.3742000000000001
3067,0,3.3761000000000001
3068,0,3.3742000000000001
3069,0,3.3742000000000001
3070,0,3.3742000000000001
3071,0,3.3761000000000001
3072,0,3.3742000000000001
3073,0,3.3742000000000001
3074,0,3.3761000000000001
3075,0,3.3742000000000001
3076,0,3.3761000000000001
3077,0,3.3761000000000001
3078,0,3.3761000000000001
3079,0,3.3742000000000001
3080,0,3.3761000000000001
3081,0,3.3742000000000001
3082,0,3.3761000000000001
3083,0,3.3761000000000001
3084,0,3.3742000000000001
3085,0,3.3742000000000001
3086,0,3.3742000000000001
3087,0,3.3742000000000001
3088,0,3.3742000000000001
3089,0,3.3761000000000001
3090,0,3.3761000000000001
3091,0,3.3742000000000001
3092,0,3.3742000000000001
3093,0,3.3742000000000001
3094,0,3.3742000000000001
3095,0,3.3742000000000001
3096,0,3.3742000000000001
3097,0,3.3742000000000001
3098,0,3.3742000000000001
3099,0,3.3742000000000001
3100,0,3.3742000000000001
3101,0,3.3761000000000001
3102,0,3.3742000000000001
3103,0,3.3742000000000001
3104,0,3.3742000000000001
3105,0,3.3742000000000001
3106,0,3.3742000000000001
3107,0,3.3742000000000001
3108,0,3.3742000000000001
3109,0,3.3742000000000001
3110,0,3.3742000000000001
3111,0,3.3742000000000001
3112,0,3.3742000000000001
3113,0,3.3742000000000001
3114,0,3.3742000000000001
3115,0,3.3742000000000001
3116,0,3.3742000000000001
3117,0,3.3742000000000001
3118,0,3.3742000000000001
3119,0,3.3742000000000001
3120,0,3.3742000000000001
3121,0,3.3742000000000001
3122,0,3.3742000000000001
3123,0,3.3742000000000001
3124,0,3.3742000000000001
3125,0,3.3742000000000001
3126,0,3.3742000000000001
3127,0,3.3742000000000001
3128,0,3.3742000000000001
3129,0,3.3742000000000001
3130,0,3.3742000000000001
3131,0,3.3742000000000001
3132,0,3.3742000000000001
3133,0,3.3742000000000001
3134,0,3.3742000000000001
3135,0,3.3761000000000001
3136,0,3.3742000000000001
3137,0,3.3742000000000001
3138,0,3.3742000000000001
3139,0,3.3742000000000001
3140,0,3.3742000000000001
3141,0,3.3742000000000001
3142,0,3.3742000000000001
3143,0,3.3742000000000001
3144,0,3.3742000000000001
3145,0,3.3742000000000001
3146,0,3.3742000000000001
3147,0,3.3742000000000001
3148,0,3.3742000000000001
3149,0,3.3742000000000001
3150,0,3.3742000000000001
3151,0,3.3742000000000001
3152,0,3.3742000000000001
3153,0,3.3742000000000001
3154,0,3.3742000000000001
3155,0,3.3742000000000001
3156,0,3.3742000000000001
3157,0,3.3742000000000001
3158,0,3.3742000000000001
3159,0,3.3742000000000001
3160,0,3.3742000000000001
3161,0,3.3742000000000001
3162,0,3.3742000000000001
3163,0,3.3742000000000001
3164,0,3.3742000000000001
3165,0,3.3742000000000001
3166,0,3.3742000000000001
3167,0,3.3742000000000001
3168,0,3.3742000000000001
3169,0,3.3742000000000001
3170,0,3.3742000000000001
3171,0,3.3742000000000001
3172,0,3.3742000000000001
3173,0,3.3742000000000001
3174,0,3.3742000000000001
3175,0,3.3742000000000001
3176,0,3.3742000000000001
3177,0,3.3742000000000001
3178,0,3.3742000000000001
3179,0,3.3742000000000001
3180,0,3.3742000000000001
3181,0,3.3742000000000001
3182,0,3.3742000000000001
3183,0,3.3742000000000001
3184,0,3.3742000000000001
3185,0,3.3742000000000001
3186,0,3.3742000000000001
3187,0,3.3742000000000001
3188,0,3.3742000000000001
3189,0,3.3742000000000001
3190,0,3.3742000000000001
3191,0,3.3742000000000001
3192,0,3.3742000000000001
3193,0,3.3742000000000001
3194,0,3.3742000000000001
3195,0,3.3742000000000001
3196,0,3.3742000000000001
3197,0,3.3742000000000001
3198,0,3.3742000000000001
3199,0,3.3742000000000001
3200,0,3.3742000000000001
3201,0,3.3742000000000001
3202,0,3.3742000000000001
3203,0,3.3742000000000001
3204,0,3.3742000000000001
3205,0,3.3742000000000001
3206,0,3.3742000000000001
3207,0,3.3742000000000001
3208,0,3.3742000000000001
3209,0,3.3742000000000001
3210,0,3.3742000000000001
3211,0,3.3742000000000001
3212,0,3.3742000000000001
3213,0,3.3742000000000001
3214,0,3.3742000000000001
3215,0,3.3742000000000001
3216,0,3.3742000000000001
3217,0,3.3742000000000001
3218,0,3.3742000000000001
3219,0,3.3742000000000001
3220,0,3.3742000000000001
3221,0,3.3742000000000001
3222,0,3.3742000000000001
3223,0,3.3742000000000001
3224,0,3.3742000000000001
3225,0,3.3742000000000001
3226,0,3.3742000000000001
3227,0,3.3742000000000001
3228,0,3.3742000000000001
3229,0,3.3742000000000001
3230,0,3.3742000000000001
3231,0,3.3742000000000001
3232,0,3.3742000000000001
3233,0,3.3742000000000001
3234,0,3.3742000000000001
3235,0,3.3742000000000001
3236,0,3.3742000000000001
3237,0,3.3742000000000001
3238,0,3.3742000000000001
3239,0,3.3742000000000001
3240,0,3.3742000000000001
3241,0,3.3742000000000001
3242,0,3.3742000000000001
3243,0,3.3742000000000001
3244,0,3.3742000000000001
3245,0,3.3742000000000001
3246,0,3.3742000000000001
3247,0,3.3742000000000001
3248,0,3.3742000000000001
3249,0,3.3742000000000001
3250,0,3.3742000000000001
3251,0,3.3742000000000001
3252,0,3.3742000000000001
3253,0,3.3742000000000001
3254,0,3.3742000000000001
3255,0,3.3742000000000001
3256,0,3.3742000000000001
3257,0,3.3742000000000001
3258,0,3.3742000000000001
3259,0,3.3742000000000001
3260,0,3.3742000000000001
3261,0,3.3742000000000001
3262,0,3.3742000000000001
3263,0,3.3742000000000001
3264,0,3.3742000000000001
3265,0,3.3742000000000001
3266,0,3.3742000000000001
3267,0,3.3742000000000001
3268,0,3.3742000000000001
3269,0,3.3742000000000001
3270,0,3.3742000000000001
3271,0,3.3742000000000001
3272,0,3.3742000000000001
3273,0,3.3742000000000001
3274,0,3.3742000000000001
3275,0,3.3742000000000001
3276,0,3.3742000000000001
3277,0,3.3742000000000001
3278,0,3.3742000000000001
3279,0,3.3742000000000001
3280,0,3.3742000000000001
3281,0,3.3742000000000001
3282,0,3.3742000000000001
3283,0,3.3742000000000001
3284,0,3.3742000000000001
3285,0,3.3742000000000001
3286,0,3.3742000000000001
3287,0,3.3742000000000001
3288,0,3.3742000000000001
3289,0,3.3742000000000001
3290,0,3.3742000000000001
3291,0,3.3742000000000001
3292,0,3.3742000000000001
3293,0,3.3742000000000001
3294,0,3.3742000000000001
3295,0,3.3742000000000001
3296,0,3.3742000000000001
3297,0,3.3742000000000001
3298,0,3.3742000000000001
3299,0,3.3742000000000001
3300,0,3.3742000000000001
3301,0,3.3742000000000001
3302,0,3.3742000000000001
3303,0,3.3742000000000001
3304,0,3.3742000000000001
3305,0,3.3742000000000001
3306,0,3.3742000000000001
3307,0,3.3742000000000001
3308,0,3.3742000000000001
3309,0,3.3742000000000001
3310,0,3.3742000000000001
3311,0,3.3742000000000001
3312,0,3.3742000000000001
3313,0,3.3742000000000001
3314,0,3.3742000000000001
3315,0,3.3742000000000001
3316,0,3.3742000000000001
3317,0,3.3742000000000001
3318,0,3.3742000000000001
3319,0,3.3742000000000001
3320,0,3.3742000000000001
3321,0,3.3742000000000001
3322,0,3.3742000000000001
3323,0,3.3742000000000001
3324,0,3.3742000000000001
3325,0,3.3742000000000001
3326,0,3.3742000000000001
3327,0,3.3742000000000001
3328,0,3.3742000000000001
3329,0,3.3742000000000001
3330,0,3.3742000000000001
3331,0,3.3742000000000001
3332,0,3.3742000000000001
3333,0,3.3742000000000001
3334,0,3.3742000000000001
3335,0,3.3742000000000001
3336,0,3.3742000000000001
3337,0,3.3742000000000001
3338,0,3.3742000000000001
3339,0,3.3742000000000001
3340,0,3.3742000000000001
3341,0,3.3742000000000001
3342,0,3.3742000000000001
3343,0,3.3742000000000001
3344,0,3.3742000000000001
3345,0,3.3742000000000001
3346,0,3.3742000000000001
3347,0,3.3742000000000001
3348,0,3.3742000000000001
3349,0,3.3742000000000001
3350,0,3.3742000000000001
3351,0,3.3742000000000001
3352,0,3.3742000000000001
3353,0,3.3742000000000001
3354,0,3.3742000000000001
3355,0,3.3742000000000001
3356,0,3.3723000000000001
3357,0,3.3742000000000001
3358,0,3.3742000000000001
3359,0,3.3742000000000001
3360,0,3.3742000000000001
3361,0,3.3742000000000001
3362,0,3.3742000000000001
3363,0,3.3723000000000001
3364,0,3.3742000000000001
3365,0,3.3742000000000001
3366,0,3.3742000000000001
3367,0,3.3742000000000001
3368,0,3.3742000000000001
3369,0,3.3723000000000001
3370,0,3.3742000000000001
3371,0,3.3742000000000001
3372,0,3.3742000000000001
3373,0,3.3723000000000001
3374,0,3.3742000000000001
3375,0,3.3742000000000001
3376,0,3.3742000000000001
3377,0,3.3723000000000001
3378,0,3.3723000000000001
3379,0,3.3742000000000001
3380,0,3.3742000000000001
3381,0,3.3742000000000001
3382,0,3.3742000000000001
3383,0,3.3742000000000001
3384,0,3.3742000000000001
3385,0,3.3723000000000001
3386,0,3.3742000000000001
3387,0,3.3742000000000001
3388,0,3.3742000000000001
3389,0,3.3723000000000001
3390,0,3.3742000000000001
3391,0,3.3723000000000001
3392,0,3.3723000000000001
3393,0,3.3742000000000001
3394,0,3.3723000000000001
3395,0,3.3742000000000001
3396,0,3.3742000000000001
3397,0,3.3742000000000001
3398,0,3.3742000000000001
3399,0,3.3723000000000001
3400,0,3.3742000000000001
3401,0,3.3742000000000001
3402,0,3.3742000000000001
3403,0,3.3742000000000001
3404,0,3.3723000000000001
3405,0,3.3742000000000001
3406,0,3.3742000000000001
3407,0,3.3723000000000001
3408,0,3.3723000000000001
3409,0,3.3723000000000001
3410,0,3.3723000000000001
3411,0,3.3742000000000001
3412,0,3.3742000000000001
3413,0,3.3742000000000001
3414,0,3.3742000000000001
3415,0,3.3723000000000001
3416,0,3.3723000000000001
3417,0,3.3723000000000001
3418,0,3.3723000000000001
3419,0,3.3723000000000001
3420,0,3.3742000000000001
3421,0,3.3723000000000001
3422,0,3.3742000000000001
3423,0,3.3723000000000001
3424,0,3.3723000000000001
3425,0,3.3723000000000001
3426,0,3.3723000000000001
3427,0,3.3723000000000001
3428,0,3.3742000000000001
3429,0,3.3742000000000001
3430,0,3.3742000000000001
3431,0,3.3723000000000001
3432,0,3.3723000000000001
3433,0,3.3723000000000001
3434,0,3.3723000000000001
3435,0,3.3742000000000001
3436,0,3.3723000000000001
3437,0,3.3723000000000001
3438,0,3.3723000000000001
3439,0,3.3723000000000001
3440,0,3.3723000000000001
3441,0,3.3723000000000001
3442,0,3.3723000000000001
3443,0,3.3723000000000001
3444,0,3.3742000000000001
3445,0,3.3723000000000001
3446,0,3.3742000000000001
3447,0,3.3742000000000001
3448,0,3.3723000000000001
3449,0,3.3723000000000001
3450,0,3.3723000000000001
3451,0,3.3723000000000001
3452,0,3.3723000000000001
3453,0,3.3723000000000001
3454,0,3.3723000000000001
3455,0,3.3723000000000001
3456,0,3.3723000000000001
3457,0,3.3723000000000001
3458,0,3.3742000000000001
3459,0,3.3742000000000001
3460,0,3.3723000000000001
3461,0,3.3742000000000001
3462,0,3.3723000000000001
3463,0,3.3742000000000001
3464,0,3.3723000000000001
3465,0,3.3723000000000001
3466,0,3.3723000000000001
3467,0,3.3723000000000001
3468,0,3.3723000000000001
3469,0,3.3723000000000001
3470,0,3.3742000000000001
3471,0,3.3723000000000001
3472,0,3.3723000000000001
3473,0,3.3723000000000001
3474,0,3.3723000000000001
3475,0,3.3723000000000001
3476,0,3.3723000000000001
3477,0,3.3723000000000001
3478,0,3.3723000000000001
3479,0,3.3723000000000001
3480,0,3.3723000000000001
3481,0,3.3723000000000001
3482,0,3.3723000000000001
3483,0,3.3723000000000001
3484,0,3.3723000000000001
3485,0,3.3723000000000001
3486,0,3.3742000000000001
3487,0,3.3723000000000001
3488,0,3.3723000000000001
3489,0,3.3723000000000001
3490,0,3.3723000000000001
3491,0,3.3723000000000001
3492,0,3.3723000000000001
3493,0,3.3723000000000001
3494,0,3.3723000000000001
3495,0,3.3723000000000001
3496,0,3.3723000000000001
3497,0,3.3723000000000001
3498,0,3.3723000000000001
3499,0,3.3723000000000001
3500,0,3.3723000000000001
3501,0,3.3723000000000001
3502,0,3.3723000000000001
3503,0,3.3723000000000001
3504,0,3.3723000000000001
3505,0,3.3723000000000001
3506,0,3.3723000000000001
3507,0,3.3723000000000001
3508,0,3.3723000000000001
3509,0,3.3723000000000001
3510,0,3.3723000000000001
3511,0,3.3723000000000001
3512,0,3.3723000000000001
3513,0,3.3723000000000001
3514,0,3.3723000000000001
3515,0,3.3723000000000001
3516,0,3.3723000000000001
3517,0,3.3723000000000001
3518,0,3.3723000000000001
3519,0,3.3723000000000001
3520,0,3.3723000000000001
3521,0,3.3723000000000001
3522,0,3.3723000000000001
3523,0,3.3723000000000001
3524,0,3.3723000000000001
3525,0,3.3723000000000001
3526,0,3.3723000000000001
3527,0,3.3723000000000001
3528,0,3.3723000000000001
3529,0,3.3723000000000001
3530,0,3.3723000000000001
3531,0,3.3723000000000001
3532,0,3.3723000000000001
3533,0,3.3723000000000001
3534,0,3.3723000000000001
3535,0,3.3723000000000001
3536,0,3.3723000000000001
3537,0,3.3723000000000001
3538,0,3.3723000000000001
3539,0,3.3723000000000001
3540,0,3.3723000000000001
3541,0,3.3723000000000001
3542,0,3.3723000000000001
3543,0,3.3723000000000001
3544,0,3.3723000000000001
3545,0,3.3723000000000001
3546,0,3.3723000000000001
3547,0,3.3723000000000001
3548,0,3.3723000000000001
3549,0,3.3723000000000001
3550,0,3.3723000000000001
3551,0,3.3723000000000001
3552,0,3.3723000000000001
3553,0,3.3723000000000001
3554,0,3.3723000000000001
3555,0,3.3723000000000001
3556,0,3.3723000000000001
3557,0,3.3723000000000001
3558,0,3.3723000000000001
3559,0,3.3723000000000001
3560,0,3.3723000000000001
3561,0,3.3723000000000001
3562,0,3.3723000000000001
3563,0,3.3723000000000001
3564,0,3.3723000000000001
3565,0,3.3723000000000001
3566,0,3.3723000000000001
3567,0,3.3723000000000001
3568,0,3.3723000000000001
3569,0,3.3723000000000001
3570,0,3.3723000000000001
3571,0,3.3723000000000001
3572,0,3.3723000000000001
3573,0,3.3723000000000001
3574,0,3.3723000000000001
3575,0,3.3723000000000001
3576,0,3.3723000000000001
3577,0,3.3723000000000001
3578,0,3.3723000000000001
3579,0,3.3723000000000001
3580,0,3.3723000000000001
3581,0,3.3723000000000001
3582,0,3.3723000000000001
3583,0,3.3723000000000001
3584,0,3.3723000000000001
3585,0,3.3723000000000001
3586,0,3.3723000000000001
3587,0,3.3723000000000001
3588,0,3.3723000000000001
3589,0,3.3723000000000001
3590,0,3.3723000000000001
3591,0,3.3723000000000001
3592,0,3.3723000000000001
3593,0,3.3723000000000001
3594,0,3.3723000000000001
3595,0,3.3723000000000001
3596,0,3.3723000000000001
3597,0,3.3723000000000001
3598,0,3.3723000000000001
3599,0,3.3723000000000001
3600,0,3.3723000000000001
3601,0,3.3668
3602,0,3.3668
3603,0,3.3668
3604,0,3.3668
3605,0,3.3668
3606,0,3.3668
3607,0,3.3668
3608,0,3.3668
3609,0,3.3668
3610,0,3.3668
3611,0,3.3668
3612,0,3.3668
3613,0,3.3668
3614,0,3.3668
3615,0,3.3668
3616,0,3.3668
3617,0,3.3668
3618,0,3.3668
3619,0,3.3668
3620,0,3.3668
3621,0,3.3668
3622,0,3.3668
3623,-9.6044,3.3462999999999998
3624,-9.4431999999999992,3.3407
3625,-15.339700000000001,3.3258000000000001
3626,-18.687899999999999,3.3147000000000002
3627,-21.1309,3.3054000000000001
3628,-23.3568,3.2961
3629,-6.3243999999999998,3.3258000000000001
3630,-9.2942999999999998,3.3203
3631,-27.808700000000002,3.2812000000000001
3632,-13.132400000000001,3.3054000000000001
3633,-10.6088,3.3090999999999999
3634,-4.5571999999999999,3.3203
3635,0.83699999999999997,3.3313999999999999
3636,1.7237,3.3332999999999999
3637,1.7237,3.3351000000000002
3638,1.24,3.3351000000000002
3639,1.6431,3.3370000000000002
3640,11.4459,3.3593000000000002
3641,7.1738,3.3536999999999999
3642,-1.8043,3.3370000000000002
3643,-4.5633999999999997,3.3296000000000001
3644,-4.6999000000000004,3.3277000000000001
3645,-6.0514999999999999,3.3258000000000001
3646,-12.0039,3.3128000000000002
3647,-20.1326,3.2924000000000002
3648,-22.277999999999999,3.2848999999999999
3649,-20.517099999999999,3.2848999999999999
3650,-5.3632999999999997,3.3109999999999999
3651,-0.53320000000000001,3.3203
3652,-1.8973,3.3203
3653,5.7229000000000001,3.3351000000000002
3654,10.677,3.3481999999999998
3655,7.3226000000000004,3.3443999999999998
3656,4.1294000000000004,3.3389000000000002
3657,-1.9345000000000001,3.3277000000000001
3658,-17.7331,3.2978999999999998
3659,-21.819099999999999,3.2831000000000001
3660,-20.845700000000001,3.2812000000000001
3661,-21.0503,3.2793000000000001
3662,-15.2529,3.2867999999999999
3663,-8.5751000000000008,3.2997999999999998
3664,-7.3659999999999997,3.3016999999999999
3665,-5.2950999999999997,3.3054000000000001
3666,0.71919999999999995,3.3165
3667,-2.2134999999999998,3.3128000000000002
3668,-5.9337,3.3054000000000001
3669,-5.2516999999999996,3.3071999999999999
3670,-2.2507000000000001,3.3109999999999999
3671,-2.2073,3.3128000000000002
3672,-3.7387999999999999,3.3090999999999999
3673,-10.1252,3.2978999999999998
3674,-10.329800000000001,3.2961
3675,-5.4935,3.3035000000000001
3676,0.1736,3.3147000000000002
3677,1.2834000000000001,3.3165
3678,-5.2950999999999997,3.3054000000000001
3679,-8.9346999999999994,3.2978999999999998
3680,-11.972899999999999,3.2905000000000002
3681,-4.0983999999999998,3.3054000000000001
3682,0,3.3128000000000002
3683,-9.2508999999999997,3.2961
3684,-11.6381,3.2886000000000002
3685,-14.2113,3.2831000000000001
3686,-18.650700000000001,3.2738
3687,-13.8888,3.2812000000000001
3688,-11.8613,3.2831000000000001
3689,-8.9718999999999998,3.2886000000000002
3690,-9.1021000000000001,3.2886000000000002
3691,-9.2446999999999999,3.2867999999999999
3692,-5.0967000000000002,3.2961
3693,-1.6183000000000001,3.3035000000000001
3694,-3.2551999999999999,3.2997999999999998
3695,-3.2490000000000001,3.3016999999999999
3696,-6.6901999999999999,3.2961
3697,-10.819599999999999,3.2848999999999999
3698,0.71919999999999995,3.3071999999999999
3699,1.3640000000000001,3.3090999999999999
3700,0.71919999999999995,3.3090999999999999
3701,-8.8478999999999992,3.2905000000000002
3702,-12.0969,3.2848999999999999
3703,-10.726599999999999,3.2848999999999999
3704,-7.6883999999999997,3.2905000000000002
3705,-6.8886000000000003,3.2905000000000002
3706,-3.4102000000000001,3.2997999999999998
3707,1.3577999999999999,3.3071999999999999
3708,2.0771000000000002,3.3109999999999999
3709,-6.5166000000000004,3.2961
3710,-8.9657,3.2886000000000002
3711,-12.2767,3.2831000000000001
3712,-12.561999999999999,3.2812000000000001
3713,-13.808199999999999,3.2774999999999999
3714,-11.4831,3.2812000000000001
3715,-8.2960999999999991,3.2867999999999999
3716,-1.8973,3.2997999999999998
3717,1.3577999999999999,3.3054000000000001
3718,21.360299999999999,3.3443999999999998
3719,19.562200000000001,3.3462999999999998
3720,18.322099999999999,3.3462999999999998
3721,15.556699999999999,3.3443999999999998
3722,12.394500000000001,3.3389000000000002
3723,9.1331000000000007,3.3351000000000002
3724,0,3.3184
3725,0,3.3184
3726,0,3.3165
3727,0,3.3165
3728,0,3.3165
3729,0,3.3165
3730,0,3.3165
3731,0,3.3165
3732,0,3.3165
3733,0,3.3165
3734,0,3.3165
3735,0,3.3184
3736,0,3.3165
3737,0,3.3165
3738,0,3.3165
3739,0,3.3184
3740,0,3.3184
3741,0,3.3184
3742,0,3.3184
3743,0,3.3184
3744,0,3.3184
3745,0,3.3184
3746,0,3.3184
3747,0,3.3184
3748,0,3.3184
3749,0,3.3184
3750,0,3.3184
3751,0,3.3184
3752,0,3.3184
3753,0,3.3184
3754,0,3.3184
3755,0,3.3184
3756,0,3.3184
3757,0,3.3184
3758,0,3.3184
3759,0,3.3184
3760,0,3.3184
3761,0,3.3203
3762,0,3.3184
3763,0,3.3203
3764,0,3.3203
3765,0,3.3203
3766,-10.4848,3.2997999999999998
3767,-14.453099999999999,3.2886000000000002
3768,-18.334499999999998,3.2812000000000001
3769,-22.805,3.27
3770,-28.608599999999999,3.2570000000000001
3771,-33.451099999999997,3.2440000000000002
3772,-29.247199999999999,3.2513999999999998
3773,-28.199400000000001,3.2496
3774,-22.3276,3.2589000000000001
3775,-12.1713,3.2755999999999998
3776,2.6909000000000001,3.3035000000000001
3777,1.8352999999999999,3.3035000000000001
3778,0.72540000000000004,3.3035000000000001
3779,-7.4156000000000004,3.2886000000000002
3780,-6.1321000000000003,3.2905000000000002
3781,-6.2126999999999999,3.2905000000000002
3782,-9.0835000000000008,3.2848999999999999
3783,-21.490500000000001,3.2625999999999999
3784,2.7528999999999999,3.3054000000000001
3785,14.043799999999999,3.3277000000000001
3786,6.0824999999999996,3.3165
3787,16.120999999999999,3.3351000000000002
3788,6.9568000000000003,3.3220999999999998
3789,1.0416000000000001,3.3109999999999999
3790,-10.212,3.2905000000000002
3791,-6.7770000000000001,3.2961
3792,-15.6622,3.2774999999999999
3793,-26.767099999999999,3.2570000000000001
3794,-30.846900000000002,3.2458999999999998
3795,-39.955300000000001,3.2273000000000001
3796,-39.942900000000002,3.2235
3797,-39.949100000000001,3.2216999999999998
3798,-39.961500000000001,3.2198000000000002
3799,-25.279,3.2421000000000002
3800,-39.955300000000001,3.218
3801,-30.115300000000001,3.2328000000000001
3802,-39.955300000000001,3.2161
3803,-38.274999999999999,3.2161
3804,-39.961500000000001,3.2124000000000001
3805,-29.166599999999999,3.2290999999999999
3806,-27.455300000000001,3.2328000000000001
3807,-25.892800000000001,3.2347000000000001
3808,-10.4848,3.2625999999999999
3809,-6.4112,3.2719
3810,-8.7239000000000004,3.27
3811,-6.2561999999999998,3.2738
3812,-10.2492,3.2682000000000002
3813,-10.2492,3.2682000000000002
3814,-10.2492,3.27
3815,-10.2492,3.27
3816,-14.8127,3.2625999999999999
3817,-14.8871,3.2625999999999999
3818,-21.812899999999999,3.2496
3819,-24.485299999999999,3.2421000000000002
3820,-24.962700000000002,3.2403
3821,-20.734100000000002,3.2496
3822,-23.4499,3.2421000000000002
3823,-26.271000000000001,3.2383999999999999
3824,-21.893599999999999,3.2440000000000002
3825,-24.689900000000002,3.2403
3826,-30.121500000000001,3.2290999999999999
3827,-39.936700000000002,3.2124000000000001
3828,-39.552300000000002,3.2124000000000001
3829,-27.734300000000001,3.2290999999999999
3830,-22.805,3.2383999999999999
3831,-17.540900000000001,3.2496
3832,-12.3573,3.2589000000000001
3833,-7.4527999999999999,3.2682000000000002
3834,-14.682499999999999,3.2570000000000001
3835,-19.934200000000001,3.2496
3836,-22.997199999999999,3.2421000000000002
3837,-25.93,3.2366000000000001
3838,-20.6783,3.2440000000000002
3839,-26.488,3.2347000000000001
3840,-21.118500000000001,3.2440000000000002
3841,-24.336500000000001,3.2383999999999999
3842,-18.843,3.2458999999999998
3843,-16.220199999999998,3.2532999999999999
3844,-11.4087,3.2625999999999999
3845,-16.09,3.2551999999999999
3846,-16.0776,3.2551999999999999
3847,-16.0776,3.2551999999999999
3848,-16.09,3.2551999999999999
3849,-16.0776,3.2551999999999999
3850,-13.361800000000001,3.2606999999999999
3851,-8.3704999999999998,3.27
3852,-8.2030999999999992,3.27
3853,1.5189999999999999,3.2886000000000002
3854,-2.1328999999999998,3.2848999999999999
3855,-4.6130000000000004,3.2812000000000001
3856,-9.7408000000000001,3.2719
3857,-6.9630000000000001,3.2774999999999999
3858,-11.569900000000001,3.27
3859,-22.005199999999999,3.2513999999999998
3860,-16.852599999999999,3.2589000000000001
3861,-16.883600000000001,3.2589000000000001
3862,-14.3291,3.2625999999999999
3863,-7.0125999999999999,3.2755999999999998
3864,-4.1727999999999996,3.2812000000000001
3865,-4.1294000000000004,3.2831000000000001
3866,-3.931,3.2831000000000001
3867,-1.0602,3.2886000000000002
3868,-20.740300000000001,3.2570000000000001
3869,-3.621,3.2848999999999999
3870,-10.6646,3.2738
3871,-8.6928999999999998,3.2755999999999998
3872,-8.5379000000000005,3.2774999999999999
3873,-15.339700000000001,3.2645
3874,-11.104900000000001,3.2719
3875,-39.961500000000001,3.2198000000000002
3876,2.0832999999999999,3.2924000000000002
3877,-39.961500000000001,3.2198000000000002
3878,-13.9198,3.2625999999999999
3879,-27.157699999999998,3.2383999999999999
3880,-39.961500000000001,3.2161
3881,-28.4908,3.2328000000000001
3882,-20.566700000000001,3.2458999999999998
3883,-26.401199999999999,3.2366000000000001
3884,-15.736599999999999,3.2551999999999999
3885,-10.894,3.2645
3886,0,3.2848999999999999
3887,1.6802999999999999,3.2905000000000002
3888,4.7184999999999997,3.2997999999999998
3889,7.9241000000000001,3.3071999999999999
3890,6.5972,3.3071999999999999
3891,-12.853400000000001,3.2719
3892,-12.853400000000001,3.27
3893,-3.2118000000000002,3.2867999999999999
3894,6.6778000000000004,3.3071999999999999
3895,-10.2554,3.2774999999999999
3896,-14.2857,3.27
3897,-10.2492,3.2755999999999998
3898,-2.5669,3.2886000000000002
3899,-9.9268000000000001,3.2774999999999999
3900,-11.6195,3.2738
3901,-11.6195,3.2738
3902,-2.3313000000000001,3.2886000000000002
3903,0,3.2961
3904,0.16739999999999999,3.2978999999999998
3905,5.1711,3.3071999999999999
3906,8.0046999999999997,3.3147000000000002
3907,7.9737,3.3147000000000002
3908,9.1268999999999991,3.3184
3909,9.0525000000000002,3.3203
3910,7.8061999999999996,3.3184
3911,8.8354999999999997,3.3220999999999998
3912,15.2033,3.3351000000000002
3913,11.644299999999999,3.3296000000000001
3914,14.1989,3.3351000000000002
3915,9.9949999999999992,3.3296000000000001
3916,8.5688999999999993,3.3277000000000001
3917,5.6113,3.3220999999999998
3918,4.6811999999999996,3.3203
3919,-3.3357999999999999,3.3054000000000001
3920,1.3577999999999999,3.3147000000000002
3921,5.2827000000000002,3.3203
3922,8.9657,3.3277000000000001
3923,15.7614,3.3407
3924,17.850899999999999,3.3481999999999998
3925,5.9089,3.3277000000000001
3926,3.7574000000000001,3.3220999999999998
3927,1.6059000000000001,3.3184
3928,5.2393000000000001,3.3239999999999998
3929,4.7680999999999996,3.3239999999999998
3930,8.5192999999999994,3.3313999999999999
3931,3.8008000000000002,3.3239999999999998
3932,0,3.3165
3933,0,3.3165
3934,0,3.3147000000000002
3935,0,3.3147000000000002
3936,0,3.3147000000000002
3937,0,3.3147000000000002
3938,0,3.3147000000000002
3939,0,3.3147000000000002
3940,0,3.3147000000000002
3941,0,3.3147000000000002
3942,0,3.3128000000000002
3943,0,3.3147000000000002
3944,0,3.3147000000000002
3945,0,3.3147000000000002
3946,0,3.3147000000000002
3947,0,3.3147000000000002
3948,0,3.3147000000000002
3949,-3.3296000000000001,3.3090999999999999
3950,-10.6212,3.2924000000000002
3951,-16.691400000000002,3.2812000000000001
3952,-20.213200000000001,3.2719
3953,-24.5535,3.2625999999999999
3954,-28.2056,3.2532999999999999
3955,-27.821100000000001,3.2513999999999998
3956,-30.760100000000001,3.2440000000000002
3957,-16.883600000000001,3.2682000000000002
3958,-21.732299999999999,3.2589000000000001
3959,-20.9697,3.2589000000000001
3960,-23.642099999999999,3.2532999999999999
3961,-31.4422,3.2383999999999999
3962,-16.213999999999999,3.2645
3963,-16.771999999999998,3.2625999999999999
3964,-13.0952,3.27
3965,-15.978400000000001,3.2645
3966,-17.615300000000001,3.2606999999999999
3967,-19.816400000000002,3.2570000000000001
3968,-7.9302999999999999,3.2774999999999999
3969,-10.7638,3.2738
3970,-4.2968000000000002,3.2848999999999999
3971,-0.48980000000000001,3.2924000000000002
3972,-8.9657,3.2793000000000001
3973,-18.886399999999998,3.2625999999999999
3974,-14.818899999999999,3.2682000000000002
3975,-6.5662000000000003,3.2831000000000001
3976,-6.5662000000000003,3.2831000000000001
3977,-6.5785999999999998,3.2831000000000001
3978,-6.5662000000000003,3.2831000000000001
3979,-6.5662000000000003,3.2848999999999999
3980,-7.7628000000000004,3.2831000000000001
3981,-11.4521,3.2755999999999998
3982,-7.9241000000000001,3.2812000000000001
3983,-4.7743000000000002,3.2886000000000002
3984,0.47739999999999999,3.2997999999999998
3985,5.1649000000000003,3.3090999999999999
3986,6.0391000000000004,3.3128000000000002
3987,2.2321,3.3071999999999999
3988,15.234299999999999,3.3313999999999999
3989,16.604600000000001,3.3351000000000002
3990,20.114000000000001,3.3462999999999998
3991,14.688700000000001,3.3370000000000002
3992,13.591200000000001,3.3370000000000002
3993,12.2829,3.3351000000000002
3994,10.602600000000001,3.3332999999999999
3995,6.1940999999999997,3.3258000000000001
3996,0,3.3147000000000002
3997,0,3.3147000000000002
3998,0,3.3128000000000002
3999,0,3.3128000000000002
4000,0,3.3128000000000002
4001,0,3.3128000000000002
4002,0,3.3128000000000002
4003,0,3.3128000000000002
4004,0,3.3128000000000002
4005,-8.3270999999999997,3.2978999999999998
4006,-10.652200000000001,3.2905000000000002
4007,-17.038599999999999,3.2774999999999999
4008,-23.201799999999999,3.2645
4009,-27.356100000000001,3.2551999999999999
4010,-32.198599999999999,3.2421000000000002
4011,-39.967700000000001,3.2254
4012,-35.596400000000003,3.2309999999999999
4013,-11.7621,3.2719
4014,-28.373000000000001,3.2421000000000002
4015,-24.528700000000001,3.2496
4016,-18.6631,3.2589000000000001
4017,-6.6096000000000004,3.2793000000000001
4018,-3.1745999999999999,3.2867999999999999
4019,0,3.2961
4020,0.71919999999999995,3.2997999999999998
4021,1.3577999999999999,3.3016999999999999
4022,3.7263999999999999,3.3071999999999999
4023,17.702100000000002,3.3332999999999999
4024,18.086500000000001,3.3370000000000002
4025,15.321099999999999,3.3351000000000002
4026,12.152699999999999,3.3313999999999999
4027,8.9161000000000001,3.3258000000000001
4028,0,3.3109999999999999
4029,0,3.3109999999999999
4030,0,3.3109999999999999
4031,0,3.3109999999999999
4032,0,3.3109999999999999
4033,0,3.3109999999999999
4034,0,3.3109999999999999
4035,0,3.3109999999999999
4036,0,3.3109999999999999
4037,0,3.3109999999999999
4038,0,3.3109999999999999
4039,0,3.3109999999999999
4040,0,3.3109999999999999
4041,0,3.3109999999999999
4042,0,3.3109999999999999
4043,0,3.3109999999999999
4044,0,3.3109999999999999
4045,0,3.3109999999999999
4046,0,3.3109999999999999
4047,0,3.3109999999999999
4048,0,3.3128000000000002
4049,0,3.3109999999999999
4050,-10.4848,3.2905000000000002
4051,-14.453099999999999,3.2831000000000001
4052,-18.328299999999999,3.2738
4053,-22.805,3.2645
4054,-28.602399999999999,3.2513999999999998
4055,-33.426299999999998,3.2383999999999999
4056,-39.955300000000001,3.2254
4057,-39.942900000000002,3.2216999999999998
4058,-22.042400000000001,3.2532999999999999
4059,-21.819099999999999,3.2532999999999999
4060,-39.967700000000001,3.2198000000000002
4061,-28.404,3.2366000000000001
4062,-14.446899999999999,3.2625999999999999
4063,-24.8263,3.2440000000000002
4064,-10.838200000000001,3.27
4065,-14.5585,3.2625999999999999
4066,-14.8499,3.2625999999999999
4067,-4.6067999999999998,3.2812000000000001
4068,-7.7690000000000001,3.2774999999999999
4069,-7.8186999999999998,3.2774999999999999
4070,-2.6909000000000001,3.2867999999999999
4071,-0.69440000000000002,3.2924000000000002
4072,-11.2599,3.2738
4073,-6.5724,3.2831000000000001
4074,0.52700000000000002,3.2978999999999998
4075,-4.4889999999999999,3.2886000000000002
4076,-4.4207999999999998,3.2886000000000002
4077,-2.4925000000000002,3.2924000000000002
4078,-6.2934000000000001,3.2848999999999999
4079,-6.2995999999999999,3.2867999999999999
4080,-6.2934000000000001,3.2867999999999999
4081,-6.2934000000000001,3.2867999999999999
4082,-6.2995999999999999,3.2867999999999999
4083,-2.4428999999999998,3.2961
4084,-8.1410999999999998,3.2831000000000001
4085,-8.1783000000000001,3.2831000000000001
4086,-11.049099999999999,3.2774999999999999
4087,-0.57040000000000002,3.2978999999999998
4088,-2.4367000000000001,3.2961
4089,-6.2065000000000001,3.2867999999999999
4090,-6.2065000000000001,3.2886000000000002
4091,-2.4119000000000002,3.2961
4092,-2.3313000000000001,3.2978999999999998
4093,-4.1790000000000003,3.2924000000000002
4094,6.0019,3.3128000000000002
4095,10.1934,3.3220999999999998
4096,13.126200000000001,3.3296000000000001
4097,13.8454,3.3332999999999999
4098,14.8499,3.3370000000000002
4099,15.9598,3.3407
4100,13.299799999999999,3.3370000000000002
4101,13.2812,3.3389000000000002
4102,10.683199999999999,3.3351000000000002
4103,6.8018000000000001,3.3277000000000001
4104,0,3.3147000000000002
4105,0,3.3147000000000002
4106,0,3.3147000000000002
4107,0,3.3147000000000002
4108,0,3.3147000000000002
4109,0,3.3128000000000002
4110,0,3.3147000000000002
4111,0,3.3128000000000002
4112,0,3.3128000000000002
4113,-3.9744000000000002,3.3054000000000001
4114,-7.5334000000000003,3.2997999999999998
4115,-6.6406000000000001,3.2997999999999998
4116,-3.6086,3.3054000000000001
4117,-11.414899999999999,3.2886000000000002
4118,-7.0994000000000002,3.2961
4119,-6.6096000000000004,3.2978999999999998
4120,-10.2864,3.2886000000000002
4121,-15.8482,3.2774999999999999
4122,-17.447900000000001,3.2738
4123,-16.331800000000001,3.2738
4124,-13.926,3.2774999999999999
4125,-13.485799999999999,3.2774999999999999
4126,-12.0039,3.2793000000000001
4127,-13.3308,3.2774999999999999
4128,-14.4345,3.2738
4129,-12.561999999999999,3.2774999999999999
4130,-11.7683,3.2774999999999999
4131,-8.7052999999999994,3.2831000000000001
4132,-5.2950999999999997,3.2905000000000002
4133,-3.8008000000000002,3.2924000000000002
4134,-3.8132000000000001,3.2961
4135,-3.8132000000000001,3.2961
4136,-3.8193999999999999,3.2961
4137,-3.8008000000000002,3.2961
4138,-11.7683,3.2793000000000001
4139,-6.3243999999999998,3.2886000000000002
4140,-6.4112,3.2886000000000002
4141,0.71919999999999995,3.3035000000000001
4142,0.71919999999999995,3.3054000000000001
4143,-0.77500000000000002,3.3035000000000001
4144,-3.8132000000000001,3.2978999999999998
4145,-3.8132000000000001,3.2978999999999998
4146,1.7981,3.3090999999999999
4147,6.1940999999999997,3.3165
4148,16.492999999999999,3.3370000000000002
4149,13.2874,3.3351000000000002
4150,10.683199999999999,3.3313999999999999
4151,0,3.3128000000000002
4152,0,3.3128000000000002
4153,0,3.3109999999999999
4154,0,3.3109999999999999
4155,0,3.3109999999999999
4156,0,3.3109999999999999
4157,0,3.3109999999999999
4158,0,3.3128000000000002
4159,0,3.3128000000000002
4160,0,3.3109999999999999
4161,0,3.3128000000000002
4162,0,3.3128000000000002
4163,0,3.3128000000000002
4164,0,3.3128000000000002
4165,0,3.3128000000000002
4166,0,3.3128000000000002
4167,0,3.3128000000000002
4168,0,3.3128000000000002
4169,0,3.3128000000000002
4170,0,3.3128000000000002
4171,-10.491,3.2924000000000002
4172,-14.453099999999999,3.2831000000000001
4173,-18.328299999999999,3.2738
4174,-22.550799999999999,3.2645
4175,-13.2936,3.2793000000000001
4176,-13.0518,3.2793000000000001
4177,-11.011900000000001,3.2831000000000001
4178,-2.1328999999999998,3.2997999999999998
4179,-2.1328999999999998,3.3016999999999999
4180,-6.2872000000000003,3.2924000000000002
4181,-4.1294000000000004,3.2978999999999998
4182,-2.1328999999999998,3.3016999999999999
4183,-0.13020000000000001,3.3054000000000001
4184,1.0416000000000001,3.3090999999999999
4185,-1.1346000000000001,3.3054000000000001
4186,0.27900000000000003,3.3090999999999999
4187,-6.2561999999999998,3.2961
4188,-3.2118000000000002,3.3016999999999999
4189,-1.1284000000000001,3.3054000000000001
4190,0.60140000000000005,3.3090999999999999
4191,-1.085,3.3071999999999999
4192,-2.0522999999999998,3.3054000000000001
4193,-3.0567000000000002,3.3035000000000001
4194,-6.2561999999999998,3.2978999999999998
4195,-7.2481999999999998,3.2961
4196,-10.453799999999999,3.2867999999999999
4197,-8.9284999999999997,3.2886000000000002
4198,-12.531000000000001,3.2812000000000001
4199,-10.968500000000001,3.2831000000000001
4200,-3.931,3.2978999999999998
4201,-3.9744000000000002,3.2978999999999998
4202,-7.7380000000000004,3.2886000000000002
4203,-7.5271999999999997,3.2905000000000002
4204,-7.6387999999999998,3.2886000000000002
4205,-4.5696000000000003,3.2961
4206,-3.2118000000000002,3.2997999999999998
4207,-3.218,3.2997999999999998
4208,-5.3323,3.2961
4209,-14.967700000000001,3.2774999999999999
4210,-20.4861,3.2645
4211,-15.246700000000001,3.2719
4212,-10.825799999999999,3.2793000000000001
4213,-10.453799999999999,3.2812000000000001
4214,3.9681999999999999,3.3071999999999999
4215,17.683499999999999,3.3351000000000002
4216,16.207799999999999,3.3370000000000002
4217,13.089,3.3332999999999999
4218,9.7284000000000006,3.3296000000000001
4219,0,3.3109999999999999
4220,0,3.3109999999999999
4221,0,3.3109999999999999
4222,0,3.3109999999999999
4223,0,3.3109999999999999
4224,0,3.3109999999999999
4225,0,3.3109999999999999
4226,0,3.3109999999999999
4227,0,3.3128000000000002
4228,0,3.3109999999999999
4229,0,3.3109999999999999
4230,0,3.3128000000000002
4231,0,3.3128000000000002
4232,0,3.3128000000000002
4233,0,3.3128000000000002
4234,0,3.3128000000000002
4235,0,3.3128000000000002
4236,0,3.3128000000000002
4237,0,3.3128000000000002
4238,0,3.3128000000000002
4239,0,3.3128000000000002
4240,0,3.3128000000000002
4241,0,3.3128000000000002
4242,0,3.3128000000000002
4243,0,3.3128000000000002
4244,0,3.3128000000000002
4245,0,3.3128000000000002
4246,0,3.3128000000000002
4247,0,3.3128000000000002
4248,-6.4546000000000001,3.3016999999999999
4249,-8.1721000000000004,3.2978999999999998
4250,-17.125399999999999,3.2793000000000001
4251,-13.8826,3.2831000000000001
4252,-16.412400000000002,3.2774999999999999
4253,-12.0101,3.2831000000000001
4254,-11.650499999999999,3.2831000000000001
4255,-20.021000000000001,3.2682000000000002
4256,-21.6083,3.2625999999999999
4257,-16.5364,3.27
4258,-15.736599999999999,3.2719
4259,-15.4389,3.27
4260,-17.534700000000001,3.2663000000000002
4261,-13.492000000000001,3.2738
4262,-7.6201999999999996,3.2831000000000001
4263,-9.1765000000000008,3.2812000000000001
4264,-5.6485000000000003,3.2886000000000002
4265,-5.7042999999999999,3.2886000000000002
4266,-4.1294000000000004,3.2905000000000002
4267,-6.5724,3.2867999999999999
4268,-5.7229000000000001,3.2886000000000002
4269,-4.1727999999999996,3.2924000000000002
4270,1.2834000000000001,3.3054000000000001
4271,1.2896000000000001,3.3054000000000001
4272,10.119,3.3220999999999998
4273,11.191700000000001,3.3277000000000001
4274,13.361800000000001,3.3332999999999999
4275,7.8497000000000003,3.3239999999999998
4276,6.2436999999999996,3.3220999999999998
4277,7.6449999999999996,3.3258000000000001
4278,0,3.3128000000000002
4279,0,3.3128000000000002
4280,0,3.3109999999999999
4281,0,3.3109999999999999
4282,0,3.3109999999999999
4283,0,3.3109999999999999
4284,0,3.3128000000000002
4285,0,3.3109999999999999
4286,0,3.3128000000000002
4287,0,3.3128000000000002
4288,0,3.3109999999999999
4289,0,3.3128000000000002
4290,0,3.3128000000000002
4291,0,3.3128000000000002
4292,0,3.3128000000000002
4293,0,3.3128000000000002
4294,0,3.3128000000000002
4295,0,3.3128000000000002
4296,-4.5571999999999999,3.3035000000000001
4297,-6.2561999999999998,3.2997999999999998
4298,-3.8504,3.3054000000000001
4299,-6.9568000000000003,3.2978999999999998
4300,-14.019,3.2831000000000001
4301,-13.647,3.2831000000000001
4302,-15.972200000000001,3.2774999999999999
4303,-10.2182,3.2848999999999999
4304,-16.2822,3.2738
4305,-5.0967000000000002,3.2961
4306,-0.10539999999999999,3.3054000000000001
4307,-2.0522999999999998,3.3035000000000001
4308,-16.840199999999999,3.2738
4309,-11.8551,3.2812000000000001
4310,-11.4521,3.2812000000000001
4311,-16.933199999999999,3.27
4312,-14.0997,3.2755999999999998
4313,-3.2118000000000002,3.2961
4314,0.83699999999999997,3.3035000000000001
4315,-10.1996,3.2831000000000001
4316,-10.491,3.2831000000000001
4317,-5.6113,3.2905000000000002
4318,4.0735999999999999,3.3109999999999999
4319,3.6086,3.3109999999999999
4320,4.5324,3.3147000000000002
4321,11.092499999999999,3.3277000000000001
4322,10.968500000000001,3.3296000000000001
4323,8.1597000000000008,3.3258000000000001
4324,0,3.3109999999999999
4325,0,3.3109999999999999
4326,0,3.3109999999999999
4327,0,3.3109999999999999
4328,0,3.3109999999999999
4329,0,3.3109999999999999
4330,-0.10539999999999999,3.3109999999999999
4331,-8.6990999999999996,3.2961
4332,-10.639799999999999,3.2886000000000002
4333,-16.598400000000002,3.2774999999999999
4334,-20.374500000000001,3.2682000000000002
4335,-12.022500000000001,3.2812000000000001
4336,-17.4541,3.2719
4337,-18.892600000000002,3.2682000000000002
4338,-17.243300000000001,3.2682000000000002
4339,-21.719899999999999,3.2606999999999999
4340,-20.944900000000001,3.2606999999999999
4341,-19.971399999999999,3.2606999999999999
4342,-16.207799999999999,3.2663000000000002
4343,-16.927,3.2645
4344,-11.8551,3.2738
4345,-10.7638,3.2755999999999998
4346,-8.0976999999999997,3.2812000000000001
4347,-9.6478000000000002,3.2774999999999999
4348,-8.3704999999999998,3.2812000000000001
4349,-4.4889999999999999,3.2886000000000002
4350,0,3.2978999999999998
4351,-2.7715000000000001,3.2924000000000002
4352,-1.1346000000000001,3.2978999999999998
4353,1.3577999999999999,3.3035000000000001
4354,2.5916999999999999,3.3071999999999999
4355,6.7584,3.3165
4356,10.7576,3.3239999999999998
4357,10.087999999999999,3.3258000000000001
4358,11.7249,3.3296000000000001
4359,9.8523999999999994,3.3277000000000001
4360,5.2454999999999998,3.3203
4361,6.6778000000000004,3.3239999999999998
4362,0,3.3128000000000002
4363,0,3.3109999999999999
4364,0,3.3109999999999999
4365,0,3.3109999999999999
4366,-0.48359999999999997,3.3109999999999999
4367,0,3.3109999999999999
4368,0,3.3109999999999999
4369,-9.6105999999999998,3.2924000000000002
4370,-10.646000000000001,3.2886000000000002
4371,-17.795100000000001,3.2738
4372,-23.958300000000001,3.2606999999999999
4373,-24.1629,3.2589000000000001
4374,-16.127199999999998,3.27
4375,-10.410399999999999,3.2812000000000001
4376,-13.0518,3.2755999999999998
4377,-14.2485,3.2738
4378,-15.811,3.27
4379,-16.530200000000001,3.2682000000000002
4380,-25.2728,3.2513999999999998
4381,-23.021999999999998,3.2532999999999999
4382,-16.840199999999999,3.2625999999999999
4383,-10.968500000000001,3.2738
4384,-8.2093000000000007,3.2793000000000001
4385,-12.295299999999999,3.2719
4386,-4.5571999999999999,3.2867999999999999
4387,-4.5633999999999997,3.2867999999999999
4388,-2.8893,3.2905000000000002
4389,0,3.2997999999999998
4390,-1.1718,3.2978999999999998
4391,-4.3712,3.2905000000000002
4392,-4.3712,3.2905000000000002
4393,-2.7715000000000001,3.2961
4394,2.0398999999999998,3.3054000000000001
4395,-2.6475,3.2978999999999998
4396,-4.1727999999999996,3.2961
4397,-4.1727999999999996,3.2961
4398,-4.1604000000000001,3.2961
4399,-4.1727999999999996,3.2961
4400,-4.1727999999999996,3.2961
4401,-5.8097000000000003,3.2905000000000002
4402,-9.5237999999999996,3.2848999999999999
4403,-11.2165,3.2793000000000001
4404,-25.483599999999999,3.2532999999999999
4405,-19.363800000000001,3.2625999999999999
4406,-19.7606,3.2606999999999999
4407,-20.535699999999999,3.2589000000000001
4408,-5.8097000000000003,3.2831000000000001
4409,-14.446899999999999,3.2682000000000002
4410,-12.0101,3.2719
4411,-10.497199999999999,3.2755999999999998
4412,-4.1294000000000004,3.2867999999999999
4413,-2.2134999999999998,3.2905000000000002
4414,-5.8964999999999996,3.2848999999999999
4415,-4.0053999999999998,3.2886000000000002
4416,-0.33479999999999999,3.2978999999999998
4417,1.3640000000000001,3.3035000000000001
4418,-3.9744000000000002,3.2924000000000002
4419,1.3577999999999999,3.3035000000000001
4420,1.3577999999999999,3.3054000000000001
4421,-3.6520000000000001,3.2961
4422,-0.10539999999999999,3.3035000000000001
4423,-3.5651999999999999,3.2978999999999998
4424,4.6811999999999996,3.3128000000000002
4425,2.0771000000000002,3.3090999999999999
4426,-3.1745999999999999,3.2997999999999998
4427,-4.8487,3.2961
4428,-4.8548999999999998,3.2961
4429,-4.8548999999999998,3.2961
4430,0,3.3054000000000001
4431,-3.0442999999999998,3.2997999999999998
4432,-4.7309000000000001,3.2961
4433,-1.3391999999999999,3.3035000000000001
4434,0.71919999999999995,3.3071999999999999
4435,2.6785000000000001,3.3109999999999999
4436,1.3640000000000001,3.3090999999999999
4437,2.6413000000000002,3.3128000000000002
4438,8.0108999999999995,3.3220999999999998
4439,9.5920000000000005,3.3277000000000001
4440,8.7735000000000003,3.3277000000000001
4441,6.5972,3.3239999999999998
4442,5.2393000000000001,3.3220999999999998
4443,-2.4180999999999999,3.3090999999999999
4444,-11.4397,3.2886000000000002
4445,-10.9002,3.2886000000000002
4446,-7.9241000000000001,3.2924000000000002
4447,-8.9718999999999998,3.2905000000000002
4448,-10.131399999999999,3.2867999999999999
4449,-10.4414,3.2848999999999999
4450,-12.7232,3.2812000000000001
4451,-15.8482,3.2738
4452,-16.573599999999999,3.2719
4453,-11.6195,3.2793000000000001
4454,-3.9805999999999999,3.2961
4455,-6.2995999999999999,3.2905000000000002
4456,-6.3243999999999998,3.2905000000000002
4457,-6.4546000000000001,3.2905000000000002
4458,-11.644299999999999,3.2793000000000001
4459,-8.1659000000000006,3.2867999999999999
4460,-13.6036,3.2755999999999998
4461,-6.2065000000000001,3.2886000000000002
4462,-6.2561999999999998,3.2886000000000002
4463,-6.25,3.2886000000000002
4464,-2.9699,3.2961
4465,4.4084000000000003,3.3109999999999999
4466,2.0398999999999998,3.3071999999999999
4467,1.3640000000000001,3.3071999999999999
4468,6.1383000000000001,3.3165
4469,3.2366000000000001,3.3128000000000002
4470,1.2834000000000001,3.3109999999999999
4471,-7.335,3.2924000000000002
4472,-7.4589999999999996,3.2905000000000002
4473,-8.9718999999999998,3.2886000000000002
4474,-6.2934000000000001,3.2924000000000002
4475,-10.646000000000001,3.2831000000000001
4476,-12.531000000000001,3.2793000000000001
4477,-11.520300000000001,3.2812000000000001
4478,-8.0108999999999995,3.2867999999999999
4479,-11.979100000000001,3.2793000000000001
4480,-12.3325,3.2774999999999999
4481,-7.0994000000000002,3.2867999999999999
4482,-2.9699,3.2961
4483,-2.9761000000000002,3.2978999999999998
4484,-2.8893,3.2978999999999998
4485,0.76259999999999994,3.3054000000000001
4486,0.76880000000000004,3.3054000000000001
4487,-2.7715000000000001,3.2997999999999998
4488,-4.3339999999999996,3.2978999999999998
4489,0.76259999999999994,3.3071999999999999
4490,0.76259999999999994,3.3071999999999999
4491,2.0089000000000001,3.3109999999999999
4492,-9.1021000000000001,3.2886000000000002
4493,-10.689399999999999,3.2848999999999999
4494,-8.0233000000000008,3.2886000000000002
4495,-6.6963999999999997,3.2905000000000002
4496,-1.1284000000000001,3.3035000000000001
4497,-6.6901999999999999,3.2905000000000002
4498,-4.3339999999999996,3.2961
4499,-4.3277999999999999,3.2961
4500,0,3.3054000000000001
4501,0.16739999999999999,3.3071999999999999
4502,1.3577999999999999,3.3090999999999999
4503,0.16739999999999999,3.3071999999999999
4504,-2.6040999999999999,3.3035000000000001
4505,-4.1727999999999996,3.2997999999999998
4506,-4.1790000000000003,3.2997999999999998
4507,-0.97340000000000004,3.3054000000000001
4508,-2.4925000000000002,3.3035000000000001
4509,-4.1294000000000004,3.2997999999999998
4510,0,3.3071999999999999
4511,0.16739999999999999,3.3071999999999999
4512,-3.9247999999999998,3.3016999999999999
4513,-7.7628000000000004,3.2924000000000002
4514,-2.4428999999999998,3.3016999999999999
4515,0.19220000000000001,3.3071999999999999
4516,3.8069999999999999,3.3147000000000002
4517,4.7680999999999996,3.3184
4518,5.9275000000000002,3.3203
4519,1.7175,3.3147000000000002
4520,-2.8458999999999999,3.3054000000000001
4521,-3.9247999999999998,3.3035000000000001
4522,-13.0456,3.2848999999999999
4523,-12.3635,3.2831000000000001
4524,-10.894,3.2848999999999999
4525,-5.8159000000000001,3.2961
4526,-5.8593000000000002,3.2961
4527,-10.050800000000001,3.2867999999999999
4528,-6.1010999999999997,3.2924000000000002
4529,-5.3384999999999998,3.2961
4530,-5.3632999999999997,3.2961
4531,-6.2624000000000004,3.2924000000000002
4532,0.19220000000000001,3.3054000000000001
4533,-0.77500000000000002,3.3054000000000001
4534,-3.8132000000000001,3.2997999999999998
4535,-3.8132000000000001,3.2997999999999998
4536,0.19839999999999999,3.3071999999999999
4537,-0.72540000000000004,3.3054000000000001
4538,-0.73160000000000003,3.3071999999999999
4539,-3.6147999999999998,3.3016999999999999
4540,-5.8902999999999999,3.2961
4541,-10.094200000000001,3.2867999999999999
4542,-3.8193999999999999,3.2997999999999998
4543,0.72540000000000004,3.3071999999999999
4544,-3.7387999999999999,3.2997999999999998
4545,1.2896000000000001,3.3109999999999999
4546,-8.5317000000000007,3.2905000000000002
4547,-11.458299999999999,3.2848999999999999
4548,-10.323600000000001,3.2848999999999999
4549,1.2709999999999999,3.3071999999999999
4550,4.8796999999999997,3.3147000000000002
4551,10.6088,3.3277000000000001
4552,8.9284999999999997,3.3258000000000001
4553,13.1572,3.3351000000000002
4554,10.491,3.3332999999999999
4555,7.3226000000000004,3.3277000000000001
4556,0,3.3147000000000002
4557,0,3.3147000000000002
4558,0,3.3147000000000002
4559,0,3.3147000000000002
4560,0,3.3128000000000002
4561,0,3.3128000000000002
4562,-6.4546000000000001,3.3016999999999999
4563,-9.6912000000000003,3.2924000000000002
4564,-20.529499999999999,3.2719
4565,-22.091999999999999,3.2663000000000002
4566,-26.271000000000001,3.2570000000000001
4567,-20.839500000000001,3.2625999999999999
4568,-12.4255,3.2774999999999999
4569,-15.6374,3.2719
4570,-13.523,3.2738
4571,-12.196099999999999,3.2774999999999999
4572,-14.459300000000001,3.2719
4573,-21.075099999999999,3.2589000000000001
4574,-26.680299999999999,3.2458999999999998
4575,-19.165400000000002,3.2589000000000001
4576,-11.786899999999999,3.2719
4577,-8.2898999999999994,3.2793000000000001
4578,-6.0514999999999999,3.2848999999999999
4579,-4.4889999999999999,3.2867999999999999
4580,-4.4951999999999996,3.2886000000000002
4581,3.6396000000000002,3.3054000000000001
4582,-1.0911999999999999,3.2997999999999998
4583,0,3.3016999999999999
4584,0.76259999999999994,3.3035000000000001
4585,0.16739999999999999,3.3035000000000001
4586,1.2834000000000001,3.3054000000000001
4587,0.16120000000000001,3.3054000000000001
4588,1.2834000000000001,3.3071999999999999
4589,5.8034999999999997,3.3165
4590,10.615,3.3258000000000001
4591,1.2834000000000001,3.3109999999999999
4592,-2.8149000000000002,3.3035000000000001
4593,-6.2934000000000001,3.2961
4594,-10.689399999999999,3.2867999999999999
4595,-9.1268999999999991,3.2867999999999999
4596,-0.53320000000000001,3.3054000000000001
4597,-3.2551999999999999,3.2997999999999998
4598,-5.4439000000000002,3.2961
4599,0.27900000000000003,3.3071999999999999
4600,-3.2551999999999999,3.3016999999999999
4601,-3.2490000000000001,3.3016999999999999
4602,-12.4193,3.2812000000000001
4603,-9.6105999999999998,3.2848999999999999
4604,-11.2041,3.2831000000000001
4605,-6.0080999999999998,3.2905000000000002
4606,-7.4527999999999999,3.2886000000000002
4607,-8.9718999999999998,3.2848999999999999
4608,-5.4935,3.2924000000000002
4609,-2.4180999999999999,3.2997999999999998
4610,1.2834000000000001,3.3071999999999999
4611,3.7263999999999999,3.3128000000000002
4612,0.71919999999999995,3.3071999999999999
4613,1.24,3.3090999999999999
4614,0.27900000000000003,3.3071999999999999
4615,0.72540000000000004,3.3090999999999999
4616,1.3206,3.3109999999999999
4617,0.76259999999999994,3.3109999999999999
4618,4.5324,3.3165
4619,13.163399999999999,3.3351000000000002
4620,11.4397,3.3332999999999999
4621,8.2713000000000001,3.3296000000000001
4622,0,3.3147000000000002
4623,0,3.3147000000000002
4624,0,3.3128000000000002
4625,0,3.3128000000000002
4626,0,3.3128000000000002
4627,0,3.3128000000000002
4628,0,3.3128000000000002
4629,0,3.3128000000000002
4630,0,3.3128000000000002
4631,0,3.3128000000000002
4632,0,3.3128000000000002
4633,0,3.3128000000000002
4634,0,3.3128000000000002
4635,0,3.3128000000000002
4636,0,3.3128000000000002
4637,0,3.3128000000000002
4638,0,3.3128000000000002
4639,0,3.3128000000000002
4640,0,3.3128000000000002
4641,0,3.3128000000000002
4642,0,3.3128000000000002
4643,0,3.3147000000000002
4644,0,3.3147000000000002
4645,0,3.3147000000000002
4646,0,3.3147000000000002
4647,0,3.3147000000000002
4648,0,3.3147000000000002
4649,0,3.3147000000000002
4650,0,3.3147000000000002
4651,0,3.3147000000000002
4652,0,3.3147000000000002
4653,0,3.3147000000000002
4654,0,3.3147000000000002
4655,-3.9681999999999999,3.3071999999999999
4656,-9.0525000000000002,3.2978999999999998
4657,-16.0032,3.2812000000000001
4658,-19.649000000000001,3.2719
4659,-24.0017,3.2625999999999999
4660,-27.734300000000001,3.2532999999999999
4661,-15.333500000000001,3.2738
4662,-16.610800000000001,3.27
4663,-20.746500000000001,3.2625999999999999
4664,-16.3628,3.2682000000000002
4665,-15.1723,3.27
4666,-13.169600000000001,3.2738
4667,-13.6904,3.2719
4668,-15.612500000000001,3.2682000000000002
4669,-7.6449999999999996,3.2831000000000001
4670,-11.464499999999999,3.2755999999999998
4671,-10.894,3.2774999999999999
4672,-9.6478000000000002,3.2793000000000001
4673,0,3.2978999999999998
4674,1.3577999999999999,3.3016999999999999
4675,1.3577999999999999,3.3035000000000001
4676,-4.0860000000000003,3.2961
4677,2.7528999999999999,3.3071999999999999
4678,9.8461999999999996,3.3220999999999998
4679,10.323600000000001,3.3258000000000001
4680,4.1542000000000003,3.3165
4681,3.4411999999999998,3.3147000000000002
4682,11.5947,3.3296000000000001
4683,10.9747,3.3313999999999999
4684,7.4466000000000001,3.3258000000000001
4685,2.4367000000000001,3.3184
4686,0.60140000000000005,3.3147000000000002
4687,0,3.3128000000000002
4688,0,3.3128000000000002
4689,0,3.3128000000000002
4690,0,3.3128000000000002
4691,-0.57040000000000002,3.3109999999999999
4692,-2.2073,3.3090999999999999
4693,-2.2568999999999999,3.3071999999999999
4694,0,3.3109999999999999
4695,-0.57040000000000002,3.3109999999999999
4696,0,3.3109999999999999
4697,0,3.3128000000000002
4698,0,3.3128000000000002
4699,0,3.3128000000000002
4700,0,3.3128000000000002
4701,0,3.3128000000000002
4702,0,3.3128000000000002
4703,-0.099199999999999997,3.3128000000000002
4704,-1.8043,3.3090999999999999
4705,-3.4102000000000001,3.3071999999999999
4706,-6.6033999999999997,3.2997999999999998
4707,-15.0793,3.2812000000000001
4708,-17.2805,3.2755999999999998
4709,-20.207000000000001,3.2682000000000002
4710,-9.9019999999999992,3.2848999999999999
4711,-5.4562999999999997,3.2961
4712,-13.851599999999999,3.2774999999999999
4713,-19.8474,3.2663000000000002
4714,-20.1264,3.2645
4715,-13.0952,3.2755999999999998
4716,-5.1711,3.2905000000000002
4717,-3.9744000000000002,3.2924000000000002
4718,-4.0115999999999996,3.2961
4719,-6.2436999999999996,3.2905000000000002
4720,-11.799300000000001,3.2793000000000001
4721,-9.1206999999999994,3.2831000000000001
4722,-12.561999999999999,3.2774999999999999
4723,-11.7807,3.2774999999999999
4724,-10.081799999999999,3.2812000000000001
4725,-2.2940999999999998,3.2961
4726,-2.2507000000000001,3.2978999999999998
4727,-6.0514999999999999,3.2905000000000002
4728,-8.9346999999999994,3.2848999999999999
4729,-9.0959000000000003,3.2831000000000001
4730,-6.4112,3.2886000000000002
4731,-9.3253000000000004,3.2831000000000001
4732,-6.2561999999999998,3.2886000000000002
4733,-7.7256,3.2848999999999999
4734,-5.6174999999999997,3.2905000000000002
4735,-4.0860000000000003,3.2924000000000002
4736,-4.0983999999999998,3.2924000000000002
4737,-2.4925000000000002,3.2978999999999998
4738,-2.4925000000000002,3.2978999999999998
4739,-4.0115999999999996,3.2961
4740,0,3.3035000000000001
4741,-2.5731000000000002,3.2997999999999998
4742,0.72540000000000004,3.3054000000000001
4743,1.2834000000000001,3.3071999999999999
4744,3.8008000000000002,3.3128000000000002
4745,4.7680999999999996,3.3165
4746,10.094200000000001,3.3258000000000001
4747,6.4359999999999999,3.3220999999999998
4748,10.838200000000001,3.3313999999999999
4749,4.9169,3.3220999999999998
4750,6.4050000000000002,3.3239999999999998
4751,7.5891999999999999,3.3277000000000001
4752,0,3.3147000000000002
4753,0,3.3128000000000002
4754,0,3.3128000000000002
4755,0,3.3128000000000002
4756,0,3.3128000000000002
4757,0,3.3128000000000002
4758,0,3.3128000000000002
4759,0,3.3128000000000002
4760,0,3.3128000000000002
4761,0,3.3128000000000002
4762,0,3.3128000000000002
4763,0,3.3128000000000002
4764,0,3.3128000000000002
4765,0,3.3128000000000002
4766,0,3.3128000000000002
4767,0,3.3128000000000002
4768,0,3.3128000000000002
4769,0,3.3147000000000002
4770,0,3.3147000000000002
4771,-6.7770000000000001,3.3016999999999999
4772,-10.639799999999999,3.2924000000000002
4773,-16.127199999999998,3.2793000000000001
4774,-22.284199999999998,3.2663000000000002
4775,-26.4818,3.2570000000000001
4776,-31.367799999999999,3.2421000000000002
4777,-27.368500000000001,3.2458999999999998
4778,-24.193899999999999,3.2532999999999999
4779,-9.3315000000000001,3.2774999999999999
4780,1.24,3.2997999999999998
4781,1.24,3.3035000000000001
4782,12.3263,3.3239999999999998
4783,13.442399999999999,3.3296000000000001
4784,10.8444,3.3277000000000001
4785,7.1676000000000002,3.3220999999999998
4786,0,3.3109999999999999
4787,0,3.3090999999999999
4788,0,3.3090999999999999
4789,0,3.3090999999999999
4790,0,3.3090999999999999
4791,0,3.3109999999999999
4792,0,3.3109999999999999
4793,0,3.3109999999999999
4794,0,3.3109999999999999
4795,0,3.3109999999999999
4796,0,3.3109999999999999
4797,0,3.3109999999999999
4798,0,3.3109999999999999
4799,-0.77500000000000002,3.3109999999999999
4800,-4.3339999999999996,3.3035000000000001
4801,-6.6096000000000004,3.2978999999999998
4802,-9.7469999999999999,3.2905000000000002
4803,-18.129899999999999,3.2738
4804,-15.1661,3.2774999999999999
4805,-8.1721000000000004,3.2886000000000002
4806,-2.5669,3.3016999999999999
4807,0.47739999999999999,3.3071999999999999
4808,-3.3296000000000001,3.3016999999999999
4809,-3.9247999999999998,3.2997999999999998
4810,-1.5314000000000001,3.3054000000000001
4811,-8.2093000000000007,3.2905000000000002
4812,-13.368,3.2812000000000001
4813,-14.682499999999999,3.2755999999999998
4814,-16.325600000000001,3.2719
4815,-13.175800000000001,3.2774999999999999
4816,-15.519500000000001,3.2719
4817,-7.9737,3.2848999999999999
4818,-6.2934000000000001,3.2886000000000002
4819,-2.7715000000000001,3.2978999999999998
4820,0.27900000000000003,3.3035000000000001
4821,0.27900000000000003,3.3054000000000001
4822,-6.4546000000000001,3.2905000000000002
4823,-6.2995999999999999,3.2905000000000002
4824,-5.1338999999999997,3.2924000000000002
4825,-1.6183000000000001,3.3016999999999999
4826,-0.36580000000000001,3.3054000000000001
4827,-0.36580000000000001,3.3054000000000001
4828,-2.8273000000000001,3.2997999999999998
4829,-1.6183000000000001,3.3035000000000001
4830,5.4500999999999999,3.3165
4831,1.6369,3.3109999999999999
4832,0.31619999999999998,3.3090999999999999
4833,-6.8948,3.2961
4834,-4.7247000000000003,3.2997999999999998
4835,-4.7805,3.2978999999999998
4836,1.1656,3.3090999999999999
4837,8.3270999999999997,3.3239999999999998
4838,7.0373999999999999,3.3239999999999998
4839,7.242,3.3258000000000001
4840,0,3.3128000000000002
4841,0,3.3128000000000002
4842,0,3.3128000000000002
4843,0,3.3128000000000002
4844,0,3.3128000000000002
4845,0,3.3109999999999999
4846,0,3.3128000000000002
4847,0,3.3128000000000002
4848,0,3.3128000000000002
4849,0,3.3128000000000002
4850,0,3.3128000000000002
4851,0,3.3128000000000002
4852,0,3.3128000000000002
4853,0,3.3128000000000002
4854,-3.3357999999999999,3.3071999999999999
4855,-0.48359999999999997,3.3109999999999999
4856,-0.48359999999999997,3.3109999999999999
4857,-0.48359999999999997,3.3128000000000002
4858,-0.48359999999999997,3.3109999999999999
4859,-2.2568999999999999,3.3090999999999999
4860,-4.7309000000000001,3.3035000000000001
4861,-3.5714000000000001,3.3054000000000001
4862,-3.5714000000000001,3.3054000000000001
4863,-4.5324,3.3035000000000001
4864,-9.4990000000000006,3.2924000000000002
4865,-11.5265,3.2867999999999999
4866,-4.1727999999999996,3.3016999999999999
4867,0,3.3090999999999999
4868,0,3.3090999999999999
4869,0,3.3109999999999999
4870,-6.6033999999999997,3.2978999999999998
4871,-13.8454,3.2831000000000001
4872,-22.0486,3.2663000000000002
4873,-26.8353,3.2551999999999999
4874,-25.235600000000002,3.2551999999999999
4875,-17.534700000000001,3.2663000000000002
4876,-11.049099999999999,3.2774999999999999
4877,-7.5705999999999998,3.2848999999999999
4878,-12.1341,3.2755999999999998
4879,-10.646000000000001,3.2793000000000001
4880,-9.6416000000000004,3.2812000000000001
4881,-8.5317000000000007,3.2831000000000001
4882,-3.6520000000000001,3.2924000000000002
4883,1.2834000000000001,3.3035000000000001
4884,1.24,3.3054000000000001
4885,-3.4598,3.2978999999999998
4886,-3.4598,3.2978999999999998
4887,-3.4598,3.2978999999999998
4888,-3.4474,3.2978999999999998
4889,-3.4598,3.2978999999999998
4890,-9.6167999999999996,3.2848999999999999
4891,-5.0533000000000001,3.2924000000000002
4892,-8.5317000000000007,3.2867999999999999
4893,-5.9275000000000002,3.2905000000000002
4894,-7.4093999999999998,3.2886000000000002
4895,-8.9284999999999997,3.2848999999999999
4896,-6.25,3.2886000000000002
4897,-5.4996999999999998,3.2905000000000002
4898,-7.7690000000000001,3.2867999999999999
4899,-6.4546000000000001,3.2886000000000002
4900,-13.8888,3.2755999999999998
4901,-28.478400000000001,3.2458999999999998
4902,8.9161000000000001,3.3147000000000002
4903,-27.318899999999999,3.2496
4904,-6.25,3.2848999999999999
4905,-2.9699,3.2924000000000002
4906,5.1276999999999999,3.3090999999999999
4907,19.072399999999998,3.3370000000000002
4908,17.720700000000001,3.3389000000000002
4909,15.0669,3.3370000000000002
4910,11.9605,3.3332999999999999
4911,8.6867000000000001,3.3277000000000001
4912,0,3.3128000000000002
4913,0,3.3128000000000002
4914,0,3.3128000000000002
4915,0,3.3128000000000002
4916,0,3.3109999999999999
4917,0,3.3109999999999999
4918,0,3.3109999999999999
4919,0,3.3109999999999999
4920,0,3.3109999999999999
4921,0,3.3128000000000002
4922,0,3.3128000000000002
4923,0,3.3128000000000002
4924,0,3.3128000000000002
4925,0,3.3128000000000002
4926,0,3.3128000000000002
4927,0,3.3128000000000002
4928,0,3.3128000000000002
4929,0,3.3128000000000002
4930,0,3.3128000000000002
4931,0,3.3128000000000002
4932,0,3.3128000000000002
4933,0,3.3128000000000002
4934,0,3.3128000000000002
4935,0,3.3128000000000002
4936,0,3.3128000000000002
4937,0,3.3128000000000002
4938,0,3.3128000000000002
4939,0,3.3128000000000002
4940,-4.8859000000000004,3.3054000000000001
4941,-10.6088,3.2924000000000002
4942,-17.807500000000001,3.2755999999999998
4943,-18.650700000000001,3.2719
4944,-16.5426,3.2755999999999998
4945,-14.998699999999999,3.2755999999999998
4946,-9.5299999999999994,3.2848999999999999
4947,-26.085000000000001,3.2551999999999999
4948,-7.0498000000000003,3.2867999999999999
4949,-14.081099999999999,3.2738
4950,-11.092499999999999,3.2793000000000001
4951,-2.8149000000000002,3.2961
4952,-20.721699999999998,3.2625999999999999
4953,1.24,3.3035000000000001
4954,0.83079999999999998,3.3035000000000001
4955,0.76259999999999994,3.3054000000000001
4956,1.24,3.3071999999999999
4957,1.6802999999999999,3.3090999999999999
4958,1.2462,3.3090999999999999
4959,0.72540000000000004,3.3090999999999999
4960,4.1231999999999998,3.3147000000000002
4961,3.4411999999999998,3.3147000000000002
4962,3.0815000000000001,3.3147000000000002
4963,2.8769,3.3147000000000002
4964,4.3216000000000001,3.3184
4965,7.5209999999999999,3.3258000000000001
4966,0,3.3128000000000002
4967,0,3.3109999999999999
4968,0,3.3128000000000002
4969,0,3.3128000000000002
4970,0,3.3128000000000002
4971,0,3.3128000000000002
4972,0,3.3128000000000002
4973,0,3.3128000000000002
4974,0,3.3128000000000002
4975,0,3.3128000000000002
4976,0,3.3128000000000002
4977,0,3.3128000000000002
4978,0,3.3128000000000002
4979,0,3.3128000000000002
4980,0,3.3128000000000002
4981,0,3.3128000000000002
4982,0,3.3128000000000002
4983,0,3.3128000000000002
4984,0,3.3128000000000002
4985,0,3.3128000000000002
4986,0,3.3128000000000002
4987,0,3.3147000000000002
4988,0,3.3128000000000002
4989,0,3.3128000000000002
4990,0,3.3128000000000002
4991,0,3.3147000000000002
4992,0,3.3147000000000002
4993,0,3.3147000000000002
4994,0,3.3147000000000002
4995,0,3.3147000000000002
4996,0,3.3147000000000002
4997,-9.6105999999999998,3.2961
4998,-9.4431999999999992,3.2961
4999,-15.333500000000001,3.2812000000000001
5000,-18.687899999999999,3.2738
5001,-21.118500000000001,3.2663000000000002
5002,-23.3506,3.2606999999999999
5003,-6.3305999999999996,3.2905000000000002
5004,-9.2881,3.2848999999999999
5005,-27.814900000000002,3.2513999999999998
5006,-13.126200000000001,3.2755999999999998
5007,-10.615,3.2793000000000001
5008,-4.5633999999999997,3.2905000000000002
5009,0.83079999999999998,3.3035000000000001
5010,1.7237,3.3054000000000001
5011,1.7237,3.3071999999999999
5012,1.24,3.3071999999999999
5013,1.6431,3.3090999999999999
5014,11.4521,3.3277000000000001
5015,7.1614000000000004,3.3220999999999998
5016,-1.8043,3.3071999999999999
5017,-4.5696000000000003,3.3016999999999999
5018,-4.6999000000000004,3.3016999999999999
5019,-6.0576999999999996,3.2978999999999998
5020,-12.0039,3.2831000000000001
5021,-20.1326,3.2682000000000002
5022,-22.271799999999999,3.2606999999999999
5023,-20.523299999999999,3.2625999999999999
5024,-5.3632999999999997,3.2886000000000002
5025,-0.53320000000000001,3.2997999999999998
5026,-1.8911,3.2997999999999998
5027,5.7229000000000001,3.3147000000000002
5028,10.689399999999999,3.3258000000000001
5029,7.3226000000000004,3.3220999999999998
5030,4.117,3.3165
5031,-1.9282999999999999,3.3071999999999999
5032,-17.7331,3.2738
5033,-21.806699999999999,3.2645
5034,-20.839500000000001,3.2625999999999999
5035,-21.0503,3.2606999999999999
5036,-15.2529,3.27
5037,-8.5688999999999993,3.2812000000000001
5038,-7.3659999999999997,3.2848999999999999
5039,-5.2888999999999999,3.2886000000000002
5040,0.71919999999999995,3.3016999999999999
5041,-2.2010999999999998,3.2978999999999998
5042,-5.9275000000000002,3.2905000000000002
5043,-5.2516999999999996,3.2924000000000002
5044,-2.2568999999999999,3.2997999999999998
5045,-2.2134999999999998,3.2997999999999998
5046,-3.7387999999999999,3.2978999999999998
5047,-10.131399999999999,3.2831000000000001
5048,-10.323600000000001,3.2831000000000001
5049,-5.4996999999999998,3.2905000000000002
5050,0.19220000000000001,3.3035000000000001
5051,1.2709999999999999,3.3054000000000001
5052,-5.2950999999999997,3.2924000000000002
5053,-8.9346999999999994,3.2867999999999999
5054,-11.972899999999999,3.2793000000000001
5055,-4.0983999999999998,3.2961
5056,0,3.3035000000000001
5057,-9.2385000000000002,3.2848999999999999
5058,-11.644299999999999,3.2793000000000001
5059,-14.2051,3.2738
5060,-18.638300000000001,3.2645
5061,-13.8826,3.2719
5062,-11.8489,3.2755999999999998
5063,-8.9657,3.2812000000000001
5064,-9.0959000000000003,3.2812000000000001
5065,-9.2508999999999997,3.2793000000000001
5066,-5.0967000000000002,3.2886000000000002
5067,-1.6183000000000001,3.2961
5068,-3.2490000000000001,3.2924000000000002
5069,-3.2490000000000001,3.2961
5070,-6.6901999999999999,3.2867999999999999
5071,-10.819599999999999,3.2793000000000001
5072,0.71919999999999995,3.3016999999999999
5073,1.3577999999999999,3.3035000000000001
5074,0.71919999999999995,3.3035000000000001
5075,-8.8478999999999992,3.2848999999999999
5076,-12.0845,3.2793000000000001
5077,-10.7204,3.2793000000000001
5078,-7.6946000000000003,3.2848999999999999
5079,-6.8886000000000003,3.2867999999999999
5080,-3.4102000000000001,3.2924000000000002
5081,1.3577999999999999,3.3054000000000001
5082,2.0771000000000002,3.3071999999999999
5083,-6.5289999999999999,3.2905000000000002
5084,-8.9718999999999998,3.2848999999999999
5085,-12.289099999999999,3.2774999999999999
5086,-12.568199999999999,3.2774999999999999
5087,-13.8268,3.2738
5088,-11.4893,3.2774999999999999
5089,-8.2898999999999994,3.2831000000000001
5090,-1.8973,3.2961
5091,1.3577999999999999,3.3035000000000001
5092,21.366499999999998,3.3407
5093,19.562200000000001,3.3443999999999998
5094,18.328299999999999,3.3462999999999998
5095,15.562900000000001,3.3407
5096,12.394500000000001,3.3370000000000002
5097,9.1206999999999994,3.3313999999999999
5098,0,3.3147000000000002
5099,0,3.3147000000000002
5100,0,3.3128000000000002
5101,0,3.3128000000000002
5102,0,3.3128000000000002
5103,0,3.3128000000000002
5104,0,3.3128000000000002
5105,0,3.3128000000000002
5106,0,3.3128000000000002
5107,0,3.3128000000000002
5108,0,3.3128000000000002
5109,0,3.3128000000000002
5110,0,3.3128000000000002
5111,0,3.3128000000000002
5112,0,3.3128000000000002
5113,0,3.3128000000000002
5114,0,3.3128000000000002
5115,0,3.3128000000000002
5116,0,3.3128000000000002
5117,0,3.3128000000000002
5118,0,3.3128000000000002
5119,0,3.3147000000000002
5120,0,3.3128000000000002
5121,0,3.3147000000000002
5122,0,3.3147000000000002
5123,0,3.3147000000000002
5124,0,3.3147000000000002
5125,0,3.3128000000000002
5126,0,3.3147000000000002
5127,0,3.3147000000000002
5128,0,3.3128000000000002
5129,0,3.3147000000000002
5130,0,3.3147000000000002
5131,0,3.3147000000000002
5132,0,3.3147000000000002
5133,0,3.3147000000000002
5134,0,3.3147000000000002
5135,0,3.3147000000000002
5136,0,3.3147000000000002
5137,0,3.3147000000000002
5138,0,3.3147000000000002
5139,0,3.3147000000000002
5140,-10.4848,3.2924000000000002
5141,-14.453099999999999,3.2831000000000001
5142,-18.334499999999998,3.2755999999999998
5143,-22.811199999999999,3.2645
5144,-28.5962,3.2513999999999998
5145,-33.438699999999997,3.2383999999999999
5146,-29.2348,3.2421000000000002
5147,-28.193200000000001,3.2421000000000002
5148,-22.3276,3.2532999999999999
5149,-12.1713,3.2719
5150,2.6785000000000001,3.2997999999999998
5151,1.8539000000000001,3.3016999999999999
5152,0.71919999999999995,3.3016999999999999
5153,-7.4032,3.2848999999999999
5154,-6.1258999999999997,3.2886000000000002
5155,-6.2126999999999999,3.2886000000000002
5156,-9.0835000000000008,3.2831000000000001
5157,-21.478100000000001,3.2589000000000001
5158,2.7715000000000001,3.3035000000000001
5159,14.050000000000001,3.3277000000000001
5160,6.0949,3.3147000000000002
5161,16.114799999999999,3.3351000000000002
5162,6.9568000000000003,3.3220999999999998
5163,1.0416000000000001,3.3109999999999999
5164,-10.212,3.2886000000000002
5165,-6.7708000000000004,3.2924000000000002
5166,-15.6374,3.2755999999999998
5167,-26.760899999999999,3.2532999999999999
5168,-30.846900000000002,3.2421000000000002
5169,-39.961500000000001,3.2216999999999998
5170,-39.949100000000001,3.218
5171,-39.955300000000001,3.2161
5172,-39.949100000000001,3.2141999999999999
5173,-25.2852,3.2383999999999999
5174,-39.955300000000001,3.2124000000000001
5175,-30.115300000000001,3.2254
5176,-39.949100000000001,3.2086999999999999
5177,-38.262599999999999,3.2086999999999999
5178,-39.949100000000001,3.2048999999999999
5179,-29.160399999999999,3.2216999999999998
5180,-27.442900000000002,3.2254
5181,-25.874199999999998,3.2273000000000001
5182,-10.491,3.2570000000000001
5183,-6.4173999999999998,3.2663000000000002
5184,-8.7239000000000004,3.2645
5185,-6.25,3.27
5186,-10.2554,3.2645
5187,-10.2492,3.2645
5188,-10.2492,3.2645
5189,-10.2492,3.2663000000000002
5190,-14.8127,3.2570000000000001
5191,-14.8933,3.2570000000000001
5192,-21.812899999999999,3.2440000000000002
5193,-24.485299999999999,3.2366000000000001
5194,-24.956499999999998,3.2347000000000001
5195,-20.734100000000002,3.2421000000000002
5196,-23.4312,3.2366000000000001
5197,-26.277200000000001,3.2309999999999999
5198,-21.8874,3.2383999999999999
5199,-24.689900000000002,3.2328000000000001
5200,-30.133900000000001,3.2235
5201,-39.955300000000001,3.2048999999999999
5202,-39.533700000000003,3.2031000000000001
5203,-27.728100000000001,3.2216999999999998
5204,-22.805,3.2309999999999999
5205,-17.528500000000001,3.2403
5206,-12.3573,3.2513999999999998
5207,-7.4527999999999999,3.2625999999999999
5208,-14.676299999999999,3.2513999999999998
5209,-19.928000000000001,3.2403
5210,-22.997199999999999,3.2347000000000001
5211,-25.9176,3.2290999999999999
5212,-20.6783,3.2383999999999999
5213,-26.4756,3.2273000000000001
5214,-21.118500000000001,3.2366000000000001
5215,-24.324100000000001,3.2309999999999999
5216,-18.843,3.2403
5217,-16.201599999999999,3.2458999999999998
5218,-11.414899999999999,3.2570000000000001
5219,-16.0962,3.2496
5220,-16.09,3.2458999999999998
5221,-16.09,3.2496
5222,-16.09,3.2496
5223,-16.09,3.2496
5224,-13.361800000000001,3.2551999999999999
5225,-8.3828999999999994,3.2625999999999999
5226,-8.2030999999999992,3.2645
5227,1.5189999999999999,3.2831000000000001
5228,-2.1328999999999998,3.2793000000000001
5229,-4.6130000000000004,3.2755999999999998
5230,-9.7408000000000001,3.2663000000000002
5231,-6.9568000000000003,3.2719
5232,-11.569900000000001,3.2645
5233,-22.005199999999999,3.2440000000000002
5234,-16.840199999999999,3.2532999999999999
5235,-16.889800000000001,3.2532999999999999
5236,-14.322900000000001,3.2570000000000001
5237,-7.0002000000000004,3.27
5238,-4.1604000000000001,3.2774999999999999
5239,-4.1294000000000004,3.2774999999999999
5240,-3.9247999999999998,3.2793000000000001
5241,-1.054,3.2848999999999999
5242,-20.734100000000002,3.2513999999999998
5243,-3.621,3.2793000000000001
5244,-10.646000000000001,3.2682000000000002
5245,-8.6990999999999996,3.2719
5246,-8.5317000000000007,3.2719
5247,-15.327299999999999,3.2606999999999999
5248,-11.0801,3.2682000000000002
5249,-39.967700000000001,3.2141999999999999
5250,2.0771000000000002,3.2867999999999999
5251,-39.955300000000001,3.2124000000000001
5252,-13.9198,3.2570000000000001
5253,-27.163900000000002,3.2328000000000001
5254,-39.961500000000001,3.2086999999999999
5255,-28.4846,3.2273000000000001
5256,-20.566700000000001,3.2403
5257,-26.401199999999999,3.2290999999999999
5258,-15.736599999999999,3.2496
5259,-10.881600000000001,3.2589000000000001
5260,0,3.2793000000000001
5261,1.6802999999999999,3.2848999999999999
5262,4.7184999999999997,3.2924000000000002
5263,7.9241000000000001,3.3016999999999999
5264,6.6033999999999997,3.3016999999999999
5265,-12.847200000000001,3.2682000000000002
5266,-12.847200000000001,3.2663000000000002
5267,-3.2118000000000002,3.2831000000000001
5268,6.6715999999999998,3.3035000000000001
5269,-10.243,3.2738
5270,-14.2857,3.2645
5271,-10.2492,3.2719
5272,-2.5669,3.2848999999999999
5273,-9.9268000000000001,3.2719
5274,-11.613300000000001,3.27
5275,-11.613300000000001,3.2682000000000002
5276,-2.3313000000000001,3.2848999999999999
5277,0,3.2905000000000002
5278,0.16739999999999999,3.2924000000000002
5279,5.1649000000000003,3.3035000000000001
5280,7.9984999999999999,3.3109999999999999
5281,7.9612999999999996,3.3128000000000002
5282,9.1268999999999991,3.3165
5283,9.0463000000000005,3.3184
5284,7.7999999999999998,3.3165
5285,8.8416999999999994,3.3203
5286,15.190899999999999,3.3332999999999999
5287,11.644299999999999,3.3277000000000001
5288,14.1989,3.3332999999999999
5289,10.0136,3.3277000000000001
5290,8.5626999999999995,3.3258000000000001
5291,5.6051000000000002,3.3203
5292,4.6811999999999996,3.3184
5293,-3.3357999999999999,3.3054000000000001
5294,1.3577999999999999,3.3128000000000002
5295,5.2765000000000004,3.3203
5296,8.9471000000000007,3.3258000000000001
5297,15.7614,3.3407
5298,17.8447,3.3481999999999998
5299,5.9150999999999998,3.3258000000000001
5300,3.7574000000000001,3.3220999999999998
5301,1.5996999999999999,3.3184
5302,5.2393000000000001,3.3239999999999998
5303,4.7680999999999996,3.3239999999999998
5304,8.5317000000000007,3.3296000000000001
5305,3.8008000000000002,3.3220999999999998
5306,0,3.3147000000000002
5307,0,3.3147000000000002
5308,0,3.3147000000000002
5309,0,3.3128000000000002
5310,0,3.3128000000000002
5311,0,3.3128000000000002
5312,0,3.3128000000000002
5313,0,3.3128000000000002
5314,0,3.3128000000000002
5315,0,3.3128000000000002
5316,0,3.3128000000000002
5317,0,3.3128000000000002
5318,0,3.3128000000000002
5319,0,3.3128000000000002
5320,0,3.3128000000000002
5321,0,3.3128000000000002
5322,0,3.3128000000000002
5323,-3.3357999999999999,3.3071999999999999
5324,-10.615,3.2905000000000002
5325,-16.672799999999999,3.2774999999999999
5326,-20.2194,3.27
5327,-24.5535,3.2589000000000001
5328,-28.199400000000001,3.2496
5329,-27.814900000000002,3.2458999999999998
5330,-30.760100000000001,3.2383999999999999
5331,-16.889800000000001,3.2625999999999999
5332,-21.732299999999999,3.2551999999999999
5333,-20.9635,3.2551999999999999
5334,-23.635899999999999,3.2496
5335,-31.4422,3.2328000000000001
5336,-16.213999999999999,3.2589000000000001
5337,-16.771999999999998,3.2589000000000001
5338,-13.0952,3.2663000000000002
5339,-15.978400000000001,3.2606999999999999
5340,-17.609100000000002,3.2570000000000001
5341,-19.810199999999998,3.2532999999999999
5342,-7.9302999999999999,3.2738
5343,-10.77,3.27
5344,-4.2843999999999998,3.2812000000000001
5345,-0.48359999999999997,3.2905000000000002
5346,-8.9657,3.2755999999999998
5347,-18.892600000000002,3.2589000000000001
5348,-14.818899999999999,3.2645
5349,-6.5724,3.2793000000000001
5350,-6.5662000000000003,3.2793000000000001
5351,-6.5599999999999996,3.2793000000000001
5352,-6.5662000000000003,3.2812000000000001
5353,-6.5599999999999996,3.2812000000000001
5354,-7.7690000000000001,3.2793000000000001
5355,-11.4521,3.2719
5356,-7.9364999999999997,3.2793000000000001
5357,-4.7743000000000002,3.2848999999999999
5358,0.47739999999999999,3.2961
5359,5.1711,3.3071999999999999
5360,6.0391000000000004,3.3090999999999999
5361,2.2383000000000002,3.3054000000000001
5362,15.240500000000001,3.3296000000000001
5363,16.598400000000002,3.3351000000000002
5364,20.1264,3.3462999999999998
5365,14.682499999999999,3.3370000000000002
5366,13.591200000000001,3.3351000000000002
5367,12.2829,3.3351000000000002
5368,10.615,3.3332999999999999
5369,6.1940999999999997,3.3258000000000001
5370,0,3.3147000000000002
5371,0,3.3128000000000002
5372,0,3.3128000000000002
5373,0,3.3128000000000002
5374,0,3.3109999999999999
5375,0,3.3109999999999999
5376,0,3.3109999999999999
5377,0,3.3109999999999999
5378,0,3.3109999999999999
5379,-8.3332999999999995,3.2961
5380,-10.652200000000001,3.2886000000000002
5381,-17.050999999999998,3.2755999999999998
5382,-23.201799999999999,3.2625999999999999
5383,-27.356100000000001,3.2513999999999998
5384,-32.192399999999999,3.2383999999999999
5385,-39.961500000000001,3.2216999999999998
5386,-35.596400000000003,3.2254
5387,-11.7683,3.2682000000000002
5388,-28.366800000000001,3.2383999999999999
5389,-24.5349,3.2421000000000002
5390,-18.638300000000001,3.2551999999999999
5391,-6.6096000000000004,3.2755999999999998
5392,-3.1808000000000001,3.2831000000000001
5393,0,3.2905000000000002
5394,0.71919999999999995,3.2961
5395,1.3577999999999999,3.2978999999999998
5396,3.7263999999999999,3.3035000000000001
5397,17.671099999999999,3.3313999999999999
5398,18.092700000000001,3.3370000000000002
5399,15.321099999999999,3.3332999999999999
5400,12.165100000000001,3.3296000000000001
5401,8.9161000000000001,3.3258000000000001
5402,0,3.3109999999999999
5403,0,3.3090999999999999
5404,0,3.3090999999999999
5405,0,3.3090999999999999
5406,0,3.3090999999999999
5407,0,3.3090999999999999
5408,0,3.3090999999999999
5409,0,3.3090999999999999
5410,0,3.3090999999999999
5411,0,3.3090999999999999
5412,0,3.3090999999999999
5413,0,3.3090999999999999
5414,0,3.3109999999999999
5415,0,3.3090999999999999
5416,0,3.3109999999999999
5417,0,3.3109999999999999
5418,0,3.3109999999999999
5419,0,3.3109999999999999
5420,0,3.3109999999999999
5421,0,3.3109999999999999
5422,0,3.3109999999999999
5423,0,3.3109999999999999
5424,-10.4848,3.2886000000000002
5425,-14.453099999999999,3.2812000000000001
5426,-18.328299999999999,3.2719
5427,-22.7926,3.2606999999999999
5428,-28.602399999999999,3.2496
5429,-33.438699999999997,3.2347000000000001
5430,-39.961500000000001,3.2198000000000002
5431,-39.955300000000001,3.218
5432,-22.042400000000001,3.2458999999999998
5433,-21.812899999999999,3.2496
5434,-39.949100000000001,3.2141999999999999
5435,-28.385400000000001,3.2328000000000001
5436,-14.453099999999999,3.2570000000000001
5437,-24.838699999999999,3.2383999999999999
5438,-10.8444,3.2645
5439,-14.5709,3.2589000000000001
5440,-14.8499,3.2589000000000001
5441,-4.6130000000000004,3.2774999999999999
5442,-7.7690000000000001,3.2738
5443,-7.8125,3.2738
5444,-2.6970999999999998,3.2831000000000001
5445,-0.7006,3.2886000000000002
5446,-11.2661,3.2719
5447,-6.5662000000000003,3.2793000000000001
5448,0.52700000000000002,3.2924000000000002
5449,-4.4828000000000001,3.2848999999999999
5450,-4.4146000000000001,3.2848999999999999
5451,-2.4925000000000002,3.2886000000000002
5452,-6.2809999999999997,3.2831000000000001
5453,-6.2934000000000001,3.2831000000000001
5454,-6.2872000000000003,3.2831000000000001
5455,-6.2995999999999999,3.2831000000000001
5456,-6.2872000000000003,3.2831000000000001
5457,-2.4428999999999998,3.2905000000000002
5458,-8.1410999999999998,3.2812000000000001
5459,-8.1659000000000006,3.2812000000000001
5460,-11.049099999999999,3.2755999999999998
5461,-0.57040000000000002,3.2961
5462,-2.4552999999999998,3.2905000000000002
5463,-6.2065000000000001,3.2848999999999999
5464,-6.2126999999999999,3.2848999999999999
5465,-2.4119000000000002,3.2924000000000002
5466,-2.3313000000000001,3.2924000000000002
5467,-4.1727999999999996,3.2905000000000002
5468,6.0019,3.3109999999999999
5469,10.1996,3.3203
5470,13.119999999999999,3.3277000000000001
5471,13.8392,3.3313999999999999
5472,14.831300000000001,3.3351000000000002
5473,15.9598,3.3407
5474,13.2936,3.3370000000000002
5475,13.2874,3.3370000000000002
5476,10.689399999999999,3.3351000000000002
5477,6.8018000000000001,3.3277000000000001
5478,0,3.3147000000000002
5479,0,3.3147000000000002
5480,0,3.3128000000000002
5481,0,3.3128000000000002
5482,0,3.3128000000000002
5483,0,3.3128000000000002
5484,0,3.3128000000000002
5485,0,3.3128000000000002
5486,0,3.3128000000000002
5487,-3.9744000000000002,3.3054000000000001
5488,-7.5334000000000003,3.2978999999999998
5489,-6.6529999999999996,3.2978999999999998
5490,-3.621,3.3035000000000001
5491,-11.4087,3.2867999999999999
5492,-7.0869999999999997,3.2961
5493,-6.6033999999999997,3.2961
5494,-10.2926,3.2867999999999999
5495,-15.8482,3.2755999999999998
5496,-17.4541,3.2719
5497,-16.325600000000001,3.2719
5498,-13.9198,3.2738
5499,-13.4796,3.2738
5500,-11.9915,3.2774999999999999
5501,-13.3308,3.2738
5502,-14.446899999999999,3.2719
5503,-12.568199999999999,3.2738
5504,-11.7745,3.2755999999999998
5505,-8.6928999999999998,3.2793000000000001
5506,-5.2950999999999997,3.2867999999999999
5507,-3.8132000000000001,3.2905000000000002
5508,-3.8132000000000001,3.2905000000000002
5509,-3.8193999999999999,3.2924000000000002
5510,-3.8132000000000001,3.2924000000000002
5511,-3.8008000000000002,3.2924000000000002
5512,-11.7621,3.2774999999999999
5513,-6.3305999999999996,3.2867999999999999
5514,-6.4112,3.2867999999999999
5515,0.71919999999999995,3.3016999999999999
5516,0.71919999999999995,3.3035000000000001
5517,-0.77500000000000002,3.3016999999999999
5518,-3.8008000000000002,3.2961
5519,-3.8193999999999999,3.2961
5520,1.7981,3.3054000000000001
5521,6.2003000000000004,3.3165
5522,16.486799999999999,3.3370000000000002
5523,13.2812,3.3351000000000002
5524,10.683199999999999,3.3313999999999999
5525,0,3.3128000000000002
5526,0,3.3109999999999999
5527,0,3.3109999999999999
5528,0,3.3109999999999999
5529,0,3.3109999999999999
5530,0,3.3109999999999999
5531,0,3.3109999999999999
5532,0,3.3109999999999999
5533,0,3.3109999999999999
5534,0,3.3109999999999999
5535,0,3.3109999999999999
5536,0,3.3109999999999999
5537,0,3.3109999999999999
5538,0,3.3109999999999999
5539,0,3.3109999999999999
5540,0,3.3109999999999999
5541,0,3.3109999999999999
5542,0,3.3109999999999999
5543,0,3.3109999999999999
5544,0,3.3128000000000002
5545,-10.4786,3.2905000000000002
5546,-14.446899999999999,3.2812000000000001
5547,-18.328299999999999,3.2719
5548,-22.550799999999999,3.2625999999999999
5549,-13.2874,3.2774999999999999
5550,-13.0518,3.2774999999999999
5551,-10.999499999999999,3.2812000000000001
5552,-2.1391,3.2978999999999998
5553,-2.1328999999999998,3.2997999999999998
5554,-6.2934000000000001,3.2905000000000002
5555,-4.1294000000000004,3.2961
5556,-2.1328999999999998,3.2997999999999998
5557,-0.13020000000000001,3.3035000000000001
5558,1.0416000000000001,3.3071999999999999
5559,-1.1284000000000001,3.3035000000000001
5560,0.27900000000000003,3.3071999999999999
5561,-6.25,3.2961
5562,-3.218,3.2997999999999998
5563,-1.1346000000000001,3.3035000000000001
5564,0.60140000000000005,3.3071999999999999
5565,-1.0911999999999999,3.3054000000000001
5566,-2.0522999999999998,3.3035000000000001
5567,-3.0567000000000002,3.3016999999999999
5568,-6.25,3.2961
5569,-7.2544000000000004,3.2924000000000002
5570,-10.4414,3.2848999999999999
5571,-8.9284999999999997,3.2867999999999999
5572,-12.5372,3.2793000000000001
5573,-10.968500000000001,3.2812000000000001
5574,-3.931,3.2961
5575,-3.9744000000000002,3.2961
5576,-7.7380000000000004,3.2886000000000002
5577,-7.5334000000000003,3.2886000000000002
5578,-7.6449999999999996,3.2867999999999999
5579,-4.5633999999999997,3.2924000000000002
5580,-3.2118000000000002,3.2978999999999998
5581,-3.2118000000000002,3.2978999999999998
5582,-5.3323,3.2924000000000002
5583,-14.967700000000001,3.2755999999999998
5584,-20.473700000000001,3.2625999999999999
5585,-15.2529,3.27
5586,-10.819599999999999,3.2774999999999999
5587,-10.4414,3.2774999999999999
5588,3.9620000000000002,3.3071999999999999
5589,17.689699999999998,3.3332999999999999
5590,16.207799999999999,3.3351000000000002
5591,13.076599999999999,3.3332999999999999
5592,9.7159999999999993,3.3277000000000001
5593,0,3.3109999999999999
5594,0,3.3109999999999999
5595,0,3.3109999999999999
5596,0,3.3109999999999999
5597,0,3.3109999999999999
5598,0,3.3109999999999999
5599,0,3.3109999999999999
5600,0,3.3109999999999999
5601,0,3.3109999999999999
5602,0,3.3109999999999999
5603,0,3.3109999999999999
5604,0,3.3109999999999999
5605,0,3.3109999999999999
5606,0,3.3109999999999999
5607,0,3.3109999999999999
5608,0,3.3128000000000002
5609,0,3.3109999999999999
5610,0,3.3109999999999999
5611,0,3.3109999999999999
5612,0,3.3128000000000002
5613,0,3.3128000000000002
5614,0,3.3128000000000002
5615,0,3.3128000000000002
5616,0,3.3109999999999999
5617,0,3.3128000000000002
5618,0,3.3128000000000002
5619,0,3.3128000000000002
5620,0,3.3128000000000002
5621,0,3.3128000000000002
5622,-6.4607999999999999,3.3016999999999999
5623,-8.1721000000000004,3.2961
5624,-17.125399999999999,3.2774999999999999
5625,-13.8888,3.2812000000000001
5626,-16.406199999999998,3.2755999999999998
5627,-12.0039,3.2812000000000001
5628,-11.644299999999999,3.2812000000000001
5629,-20.021000000000001,3.2645
5630,-21.6083,3.2606999999999999
5631,-16.5364,3.2682000000000002
5632,-15.718,3.2682000000000002
5633,-15.4389,3.2682000000000002
5634,-17.528500000000001,3.2645
5635,-13.485799999999999,3.27
5636,-7.6078000000000001,3.2812000000000001
5637,-9.1702999999999992,3.2793000000000001
5638,-5.6485000000000003,3.2867999999999999
5639,-5.6856999999999998,3.2867999999999999
5640,-4.1294000000000004,3.2905000000000002
5641,-6.5662000000000003,3.2848999999999999
5642,-5.7229000000000001,3.2867999999999999
5643,-4.1727999999999996,3.2905000000000002
5644,1.2834000000000001,3.3035000000000001
5645,1.2834000000000001,3.3035000000000001
5646,10.1128,3.3220999999999998
5647,11.197900000000001,3.3258000000000001
5648,13.361800000000001,3.3332999999999999
5649,7.8497000000000003,3.3239999999999998
5650,6.2374999999999998,3.3220999999999998
5651,7.6449999999999996,3.3258000000000001
5652,0,3.3128000000000002
5653,0,3.3109999999999999
5654,0,3.3109999999999999
5655,0,3.3109999999999999
5656,0,3.3109999999999999
5657,0,3.3109999999999999
5658,0,3.3109999999999999
5659,0,3.3109999999999999
5660,0,3.3109999999999999
5661,0,3.3109999999999999
5662,0,3.3109999999999999
5663,0,3.3128000000000002
5664,0,3.3109999999999999
5665,0,3.3128000000000002
5666,0,3.3128000000000002
5667,0,3.3128000000000002
5668,0,3.3128000000000002
5669,0,3.3128000000000002
5670,-4.5696000000000003,3.3035000000000001
5671,-6.25,3.2997999999999998
5672,-3.8504,3.3035000000000001
5673,-6.9691999999999998,3.2978999999999998
5674,-14.006600000000001,3.2831000000000001
5675,-13.6532,3.2812000000000001
5676,-15.965999999999999,3.2755999999999998
5677,-10.2182,3.2848999999999999
5678,-16.2822,3.2719
5679,-5.0842999999999998,3.2924000000000002
5680,-0.099199999999999997,3.3035000000000001
5681,-2.0522999999999998,3.3016999999999999
5682,-16.846399999999999,3.2719
5683,-11.8489,3.2793000000000001
5684,-11.458299999999999,3.2793000000000001
5685,-16.927,3.2682000000000002
5686,-14.081099999999999,3.2738
5687,-3.2118000000000002,3.2924000000000002
5688,0.83079999999999998,3.3035000000000001
5689,-10.212,3.2812000000000001
5690,-10.4848,3.2812000000000001
5691,-5.6174999999999997,3.2886000000000002
5692,4.0797999999999996,3.3090999999999999
5693,3.5962000000000001,3.3109999999999999
5694,4.5199999999999996,3.3128000000000002
5695,11.0863,3.3277000000000001
5696,10.962300000000001,3.3296000000000001
5697,8.1534999999999993,3.3258000000000001
5698,0,3.3109999999999999
5699,0,3.3109999999999999
5700,0,3.3109999999999999
5701,0,3.3109999999999999
5702,0,3.3109999999999999
5703,0,3.3109999999999999
5704,-0.10539999999999999,3.3109999999999999
5705,-8.6990999999999996,3.2924000000000002
5706,-10.646000000000001,3.2886000000000002
5707,-16.598400000000002,3.2755999999999998
5708,-20.374500000000001,3.2663000000000002
5709,-12.0101,3.2793000000000001
5710,-17.4541,3.2682000000000002
5711,-18.886399999999998,3.2645
5712,-17.249500000000001,3.2663000000000002
5713,-21.738499999999998,3.2570000000000001
5714,-20.944900000000001,3.2570000000000001
5715,-19.965199999999999,3.2570000000000001
5716,-16.207799999999999,3.2625999999999999
5717,-16.933199999999999,3.2625999999999999
5718,-11.8489,3.27
5719,-10.7638,3.2738
5720,-8.0853000000000002,3.2774999999999999
5721,-9.6478000000000002,3.2755999999999998
5722,-8.3643000000000001,3.2774999999999999
5723,-4.4889999999999999,3.2848999999999999
5724,0,3.2978999999999998
5725,-2.7652999999999999,3.2905000000000002
5726,-1.1346000000000001,3.2961
5727,1.3640000000000001,3.3016999999999999
5728,2.5979000000000001,3.3054000000000001
5729,6.7584,3.3147000000000002
5730,10.7638,3.3239999999999998
5731,10.087999999999999,3.3258000000000001
5732,11.7125,3.3296000000000001
5733,9.8461999999999996,3.3277000000000001
5734,5.2393000000000001,3.3203
5735,6.6715999999999998,3.3239999999999998
5736,0,3.3109999999999999
5737,0,3.3109999999999999
5738,0,3.3109999999999999
5739,0,3.3109999999999999
5740,-0.48359999999999997,3.3109999999999999
5741,0,3.3109999999999999
5742,0,3.3109999999999999
5743,-9.6105999999999998,3.2905000000000002
5744,-10.646000000000001,3.2886000000000002
5745,-17.795100000000001,3.2738
5746,-23.970700000000001,3.2589000000000001
5747,-24.1691,3.2570000000000001
5748,-16.127199999999998,3.2682000000000002
5749,-10.410399999999999,3.2774999999999999
5750,-13.058,3.2738
5751,-14.2547,3.2719
5752,-15.811,3.2682000000000002
5753,-16.524000000000001,3.2663000000000002
5754,-25.2666,3.2496
5755,-23.003399999999999,3.2513999999999998
5756,-16.840199999999999,3.2606999999999999
5757,-10.968500000000001,3.2719
5758,-8.2155000000000005,3.2755999999999998
5759,-12.2829,3.27
5760,-4.5633999999999997,3.2831000000000001
5761,-4.5633999999999997,3.2848999999999999
5762,-2.8893,3.2886000000000002
5763,0,3.2961
5764,-1.1718,3.2961
5765,-4.3712,3.2886000000000002
5766,-4.3650000000000002,3.2886000000000002
5767,-2.7715000000000001,3.2924000000000002
5768,2.0337000000000001,3.3035000000000001
5769,-2.6475,3.2961
5770,-4.1727999999999996,3.2924000000000002
5771,-4.1727999999999996,3.2924000000000002
5772,-4.1604000000000001,3.2924000000000002
5773,-4.1727999999999996,3.2924000000000002
5774,-4.1727999999999996,3.2924000000000002
5775,-5.7972999999999999,3.2886000000000002
5776,-9.5237999999999996,3.2812000000000001
5777,-11.2165,3.2774999999999999
5778,-25.483599999999999,3.2513999999999998
5779,-19.357600000000001,3.2589000000000001
5780,-19.7606,3.2570000000000001
5781,-20.529499999999999,3.2551999999999999
5782,-5.8159000000000001,3.2812000000000001
5783,-14.4345,3.2663000000000002
5784,-12.0039,3.27
5785,-10.4848,3.2719
5786,-4.1294000000000004,3.2848999999999999
5787,-2.2134999999999998,3.2886000000000002
5788,-5.8902999999999999,3.2831000000000001
5789,-4.0053999999999998,3.2867999999999999
5790,-0.3286,3.2961
5791,1.3702000000000001,3.3016999999999999
5792,-3.9744000000000002,3.2905000000000002
5793,1.3577999999999999,3.3016999999999999
5794,1.3640000000000001,3.3035000000000001
5795,-3.6457999999999999,3.2924000000000002
5796,-0.086800000000000002,3.3016999999999999
5797,-3.5651999999999999,3.2961
5798,4.6875,3.3109999999999999
5799,2.0771000000000002,3.3071999999999999
5800,-3.1745999999999999,3.2978999999999998
5801,-4.8487,3.2924000000000002
5802,-4.8487,3.2924000000000002
5803,-4.8487,3.2924000000000002
5804,0,3.3035000000000001
5805,-3.0505,3.2978999999999998
5806,-4.7247000000000003,3.2961
5807,-1.3391999999999999,3.3016999999999999
5808,0.71919999999999995,3.3054000000000001
5809,2.6785000000000001,3.3109999999999999
5810,1.3640000000000001,3.3090999999999999
5811,2.6475,3.3109999999999999
5812,8.0046999999999997,3.3220999999999998
5813,9.6044,3.3277000000000001
5814,8.7673000000000005,3.3277000000000001
5815,6.6033999999999997,3.3239999999999998
5816,5.2454999999999998,3.3220999999999998
5817,-2.4180999999999999,3.3090999999999999
5818,-11.4521,3.2886000000000002
5819,-10.9002,3.2867999999999999
5820,-7.9302999999999999,3.2924000000000002
5821,-8.9718999999999998,3.2886000000000002
5822,-10.1252,3.2867999999999999
5823,-10.453799999999999,3.2848999999999999
5824,-12.717000000000001,3.2793000000000001
5825,-15.8544,3.2719
5826,-16.567399999999999,3.27
5827,-11.613300000000001,3.2774999999999999
5828,-3.9744000000000002,3.2905000000000002
5829,-6.2872000000000003,3.2886000000000002
5830,-6.3305999999999996,3.2886000000000002
5831,-6.4607999999999999,3.2886000000000002
5832,-11.650499999999999,3.2774999999999999
5833,-8.1721000000000004,3.2831000000000001
5834,-13.6098,3.2738
5835,-6.2065000000000001,3.2867999999999999
5836,-6.2436999999999996,3.2867999999999999
5837,-6.25,3.2867999999999999
5838,-2.9699,3.2924000000000002
5839,4.4021999999999997,3.3090999999999999
5840,2.0398999999999998,3.3071999999999999
5841,1.3577999999999999,3.3054000000000001
5842,6.1196999999999999,3.3165
5843,3.2366000000000001,3.3128000000000002
5844,1.2834000000000001,3.3090999999999999
5845,-7.3288000000000002,3.2924000000000002
5846,-7.4527999999999999,3.2905000000000002
5847,-8.9657,3.2867999999999999
5848,-6.2934000000000001,3.2905000000000002
5849,-10.646000000000001,3.2831000000000001
5850,-12.531000000000001,3.2774999999999999
5851,-11.5327,3.2793000000000001
5852,-8.0108999999999995,3.2848999999999999
5853,-11.972899999999999,3.2774999999999999
5854,-12.3263,3.2755999999999998
5855,-7.0869999999999997,3.2848999999999999
5856,-2.9699,3.2924000000000002
5857,-2.9761000000000002,3.2961
5858,-2.8831000000000002,3.2961
5859,0.76259999999999994,3.3035000000000001
5860,0.76259999999999994,3.3054000000000001
5861,-2.7715000000000001,3.2978999999999998
5862,-4.3339999999999996,3.2961
5863,0.76259999999999994,3.3054000000000001
5864,0.76259999999999994,3.3054000000000001
5865,2.0089000000000001,3.3090999999999999
5866,-9.0835000000000008,3.2867999999999999
5867,-10.677,3.2831000000000001
5868,-8.0046999999999997,3.2867999999999999
5869,-6.6901999999999999,3.2886000000000002
5870,-1.1284000000000001,3.3016999999999999
5871,-6.6901999999999999,3.2905000000000002
5872,-4.3402000000000003,3.2961
5873,-4.3277999999999999,3.2961
5874,0,3.3035000000000001
5875,0.16120000000000001,3.3054000000000001
5876,1.3577999999999999,3.3071999999999999
5877,0.16739999999999999,3.3071999999999999
5878,-2.6103000000000001,3.3016999999999999
5879,-4.1790000000000003,3.2978999999999998
5880,-4.1604000000000001,3.2978999999999998
5881,-0.97960000000000003,3.3054000000000001
5882,-2.4925000000000002,3.3016999999999999
5883,-4.1294000000000004,3.2978999999999998
5884,0,3.3054000000000001
5885,0.16739999999999999,3.3071999999999999
5886,-3.9247999999999998,3.2997999999999998
5887,-7.7690000000000001,3.2905000000000002
5888,-2.4428999999999998,3.3016999999999999
5889,0.19220000000000001,3.3071999999999999
5890,3.7946,3.3147000000000002
5891,4.7618999999999998,3.3165
5892,5.9150999999999998,3.3203
5893,1.7237,3.3128000000000002
5894,-2.8521000000000001,3.3054000000000001
5895,-3.931,3.3035000000000001
5896,-13.0456,3.2831000000000001
5897,-12.3635,3.2831000000000001
5898,-10.8878,3.2831000000000001
5899,-5.8097000000000003,3.2924000000000002
5900,-5.8531000000000004,3.2924000000000002
5901,-10.044600000000001,3.2848999999999999
5902,-6.0824999999999996,3.2905000000000002
5903,-5.3384999999999998,3.2924000000000002
5904,-5.3632999999999997,3.2924000000000002
5905,-6.2561999999999998,3.2905000000000002
5906,0.19220000000000001,3.3054000000000001
5907,-0.76880000000000004,3.3035000000000001
5908,-3.8193999999999999,3.2997999999999998
5909,-3.8132000000000001,3.2978999999999998
5910,0.19220000000000001,3.3071999999999999
5911,-0.72540000000000004,3.3054000000000001
5912,-0.73160000000000003,3.3054000000000001
5913,-3.6147999999999998,3.2997999999999998
5914,-5.8964999999999996,3.2961
5915,-10.094200000000001,3.2848999999999999
5916,-3.8132000000000001,3.2978999999999998
5917,0.72540000000000004,3.3071999999999999
5918,-3.7387999999999999,3.2997999999999998
5919,1.2834000000000001,3.3090999999999999
5920,-8.5379000000000005,3.2886000000000002
5921,-11.4521,3.2831000000000001
5922,-10.323600000000001,3.2831000000000001
5923,1.2834000000000001,3.3071999999999999
5924,4.8859000000000004,3.3147000000000002
5925,10.602600000000001,3.3277000000000001
5926,8.9161000000000001,3.3258000000000001
5927,13.1572,3.3351000000000002
5928,10.4786,3.3332999999999999
5929,7.3226000000000004,3.3277000000000001
5930,0,3.3147000000000002
5931,0,3.3147000000000002
5932,0,3.3128000000000002
5933,0,3.3128000000000002
5934,0,3.3128000000000002
5935,0,3.3128000000000002
5936,-6.4421999999999997,3.3016999999999999
5937,-9.6788000000000007,3.2924000000000002
5938,-20.529499999999999,3.27
5939,-22.091999999999999,3.2645
5940,-26.271000000000001,3.2532999999999999
5941,-20.851900000000001,3.2606999999999999
5942,-12.4131,3.2755999999999998
5943,-15.649800000000001,3.27
5944,-13.523,3.2719
5945,-12.214700000000001,3.2738
5946,-14.446899999999999,3.27
5947,-21.093699999999998,3.2570000000000001
5948,-26.680299999999999,3.2440000000000002
5949,-19.177800000000001,3.2570000000000001
5950,-11.793100000000001,3.27
5951,-8.2898999999999994,3.2774999999999999
5952,-6.0514999999999999,3.2812000000000001
5953,-4.4828000000000001,3.2848999999999999
5954,-4.4828000000000001,3.2867999999999999
5955,3.6396000000000002,3.3035000000000001
5956,-1.0911999999999999,3.2961
5957,0,3.2997999999999998
5958,0.76259999999999994,3.3016999999999999
5959,0.16739999999999999,3.3016999999999999
5960,1.2834000000000001,3.3054000000000001
5961,0.16120000000000001,3.3035000000000001
5962,1.2834000000000001,3.3054000000000001
5963,5.7972999999999999,3.3165
5964,10.602600000000001,3.3258000000000001
5965,1.2834000000000001,3.3109999999999999
5966,-2.8210999999999999,3.3035000000000001
5967,-6.2934000000000001,3.2961
5968,-10.695600000000001,3.2848999999999999
5969,-9.1331000000000007,3.2867999999999999
5970,-0.53320000000000001,3.3035000000000001
5971,-3.2490000000000001,3.2997999999999998
5972,-5.4439000000000002,3.2924000000000002
5973,0.27900000000000003,3.3054000000000001
5974,-3.2490000000000001,3.2997999999999998
5975,-3.2490000000000001,3.2997999999999998
5976,-12.4131,3.2812000000000001
5977,-9.6105999999999998,3.2848999999999999
5978,-11.2041,3.2812000000000001
5979,-6.0143000000000004,3.2905000000000002
5980,-7.4527999999999999,3.2867999999999999
5981,-8.9718999999999998,3.2848999999999999
5982,-5.4873000000000003,3.2905000000000002
5983,-2.4119000000000002,3.2978999999999998
5984,1.2834000000000001,3.3054000000000001
5985,3.7202000000000002,3.3109999999999999
5986,0.71919999999999995,3.3071999999999999
5987,1.2462,3.3090999999999999
5988,0.27279999999999999,3.3071999999999999
5989,0.71919999999999995,3.3090999999999999
5990,1.3268,3.3090999999999999
5991,0.76259999999999994,3.3090999999999999
5992,4.5199999999999996,3.3165
5993,13.1572,3.3351000000000002
5994,11.4521,3.3332999999999999
5995,8.2774999999999999,3.3296000000000001
5996,0,3.3147000000000002
5997,0,3.3128000000000002
5998,0,3.3128000000000002
5999,0,3.3128000000000002
6000,0,3.3128000000000002
6001,0,3.3128000000000002
6002,0,3.3128000000000002
6003,0,3.3128000000000002
6004,0,3.3128000000000002
6005,0,3.3128000000000002
6006,0,3.3128000000000002
6007,0,3.3128000000000002
6008,0,3.3128000000000002
6009,0,3.3128000000000002
6010,0,3.3128000000000002
6011,0,3.3128000000000002
6012,0,3.3128000000000002
6013,0,3.3128000000000002
6014,0,3.3128000000000002
6015,0,3.3128000000000002
6016,0,3.3128000000000002
6017,0,3.3128000000000002
6018,0,3.3128000000000002
6019,0,3.3128000000000002
6020,0,3.3147000000000002
6021,0,3.3128000000000002
6022,0,3.3147000000000002
6023,0,3.3147000000000002
6024,0,3.3128000000000002
6025,0,3.3128000000000002
6026,0,3.3147000000000002
6027,0,3.3147000000000002
6028,0,3.3147000000000002
6029,-3.9681999999999999,3.3071999999999999
6030,-9.0587,3.2961
6031,-16.009399999999999,3.2793000000000001
6032,-19.636600000000001,3.27
6033,-23.9893,3.2606999999999999
6034,-27.728100000000001,3.2513999999999998
6035,-15.339700000000001,3.27
6036,-16.617000000000001,3.2682000000000002
6037,-20.734100000000002,3.2589000000000001
6038,-16.3628,3.2663000000000002
6039,-15.1785,3.2682000000000002
6040,-13.169600000000001,3.2719
6041,-13.6904,3.27
6042,-15.606299999999999,3.2663000000000002
6043,-7.6449999999999996,3.2793000000000001
6044,-11.4397,3.2738
6045,-10.8878,3.2738
6046,-9.6416000000000004,3.2774999999999999
6047,0,3.2961
6048,1.3515999999999999,3.3016999999999999
6049,1.3640000000000001,3.3035000000000001
6050,-4.0860000000000003,3.2924000000000002
6051,2.7528999999999999,3.3054000000000001
6052,9.8399999999999999,3.3203
6053,10.317399999999999,3.3258000000000001
6054,4.1479999999999997,3.3147000000000002
6055,3.4411999999999998,3.3147000000000002
6056,11.600899999999999,3.3296000000000001
6057,10.962300000000001,3.3313999999999999
6058,7.4404000000000003,3.3258000000000001
6059,2.4304999999999999,3.3165
6060,0.60140000000000005,3.3147000000000002
6061,0,3.3128000000000002
6062,0,3.3128000000000002
6063,0,3.3109999999999999
6064,0,3.3128000000000002
6065,-0.56420000000000003,3.3109999999999999
6066,-2.2134999999999998,3.3071999999999999
6067,-2.2568999999999999,3.3071999999999999
6068,0,3.3109999999999999
6069,-0.57040000000000002,3.3109999999999999
6070,0,3.3109999999999999
6071,0,3.3109999999999999
6072,0,3.3109999999999999
6073,0,3.3109999999999999
6074,0,3.3128000000000002
6075,0,3.3128000000000002
6076,0,3.3128000000000002
6077,-0.099199999999999997,3.3128000000000002
6078,-1.7981,3.3090999999999999
6079,-3.4039999999999999,3.3054000000000001
6080,-6.6033999999999997,3.2997999999999998
6081,-15.091699999999999,3.2812000000000001
6082,-17.292899999999999,3.2738
6083,-20.207000000000001,3.2663000000000002
6084,-9.8895999999999997,3.2831000000000001
6085,-5.4439000000000002,3.2924000000000002
6086,-13.857799999999999,3.2774999999999999
6087,-19.8474,3.2645
6088,-20.1326,3.2625999999999999
6089,-13.076599999999999,3.2738
6090,-5.1772999999999998,3.2886000000000002
6091,-3.9744000000000002,3.2905000000000002
6092,-4.0053999999999998,3.2924000000000002
6093,-6.25,3.2886000000000002
6094,-11.8179,3.2774999999999999
6095,-9.1206999999999994,3.2812000000000001
6096,-12.5558,3.2755999999999998
6097,-11.7807,3.2755999999999998
6098,-10.1004,3.2774999999999999
6099,-2.2879,3.2924000000000002
6100,-2.2507000000000001,3.2961
6101,-6.0514999999999999,3.2886000000000002
6102,-8.9284999999999997,3.2831000000000001
6103,-9.0835000000000008,3.2812000000000001
6104,-6.4112,3.2867999999999999
6105,-9.3253000000000004,3.2812000000000001
6106,-6.25,3.2867999999999999
6107,-7.7380000000000004,3.2831000000000001
6108,-5.6113,3.2867999999999999
6109,-4.0983999999999998,3.2905000000000002
6110,-4.0860000000000003,3.2924000000000002
6111,-2.4863,3.2961
6112,-2.4925000000000002,3.2961
6113,-4.0178000000000003,3.2924000000000002
6114,0,3.3016999999999999
6115,-2.5669,3.2978999999999998
6116,0.71919999999999995,3.3054000000000001
6117,1.2834000000000001,3.3071999999999999
6118,3.7946,3.3128000000000002
6119,4.7743000000000002,3.3147000000000002
6120,10.081799999999999,3.3258000000000001
6121,6.4484000000000004,3.3220999999999998
6122,10.8444,3.3313999999999999
6123,4.9230999999999998,3.3220999999999998
6124,6.3987999999999996,3.3239999999999998
6125,7.5953999999999997,3.3277000000000001
6126,0,3.3147000000000002
6127,0,3.3128000000000002
6128,0,3.3128000000000002
6129,0,3.3128000000000002
6130,0,3.3128000000000002
6131,0,3.3128000000000002
6132,0,3.3128000000000002
6133,0,3.3128000000000002
6134,0,3.3128000000000002
6135,0,3.3128000000000002
6136,0,3.3128000000000002
6137,0,3.3128000000000002
6138,0,3.3128000000000002
6139,0,3.3128000000000002
6140,0,3.3128000000000002
6141,0,3.3128000000000002
6142,0,3.3128000000000002
6143,0,3.3128000000000002
6144,0,3.3128000000000002
6145,-6.7584,3.2997999999999998
6146,-10.652200000000001,3.2905000000000002
6147,-16.133400000000002,3.2793000000000001
6148,-22.271799999999999,3.2645
6149,-26.4756,3.2532999999999999
6150,-31.3492,3.2403
6151,-27.356100000000001,3.2440000000000002
6152,-24.1877,3.2496
6153,-9.3253000000000004,3.2755999999999998
6154,1.24,3.2978999999999998
6155,1.24,3.3016999999999999
6156,12.3139,3.3239999999999998
6157,13.436199999999999,3.3296000000000001
6158,10.832000000000001,3.3277000000000001
6159,7.1614000000000004,3.3220999999999998
6160,0,3.3090999999999999
6161,0,3.3090999999999999
6162,0,3.3090999999999999
6163,0,3.3090999999999999
6164,0,3.3090999999999999
6165,0,3.3090999999999999
6166,0,3.3109999999999999
6167,0,3.3109999999999999
6168,0,3.3109999999999999
6169,0,3.3109999999999999
6170,0,3.3109999999999999
6171,0,3.3109999999999999
6172,0,3.3109999999999999
6173,-0.76880000000000004,3.3109999999999999
6174,-4.3216000000000001,3.3035000000000001
6175,-6.6096000000000004,3.2978999999999998
6176,-9.7284000000000006,3.2886000000000002
6177,-18.1175,3.2719
6178,-15.1661,3.2755999999999998
6179,-8.1659000000000006,3.2867999999999999
6180,-2.5607000000000002,3.2997999999999998
6181,0.47120000000000001,3.3054000000000001
6182,-3.3233999999999999,3.2997999999999998
6183,-3.931,3.2997999999999998
6184,-1.5376000000000001,3.3035000000000001
6185,-8.2030999999999992,3.2905000000000002
6186,-13.368,3.2793000000000001
6187,-14.7011,3.2755999999999998
6188,-16.325600000000001,3.2719
6189,-13.169600000000001,3.2755999999999998
6190,-15.5319,3.27
6191,-7.9798999999999998,3.2831000000000001
6192,-6.2872000000000003,3.2867999999999999
6193,-2.7715000000000001,3.2961
6194,0.27900000000000003,3.3016999999999999
6195,0.27279999999999999,3.3035000000000001
6196,-6.4421999999999997,3.2905000000000002
6197,-6.2872000000000003,3.2905000000000002
6198,-5.1215000000000002,3.2905000000000002
6199,-1.6121000000000001,3.2997999999999998
6200,-0.36580000000000001,3.3035000000000001
6201,-0.36580000000000001,3.3035000000000001
6202,-2.8210999999999999,3.2997999999999998
6203,-1.6183000000000001,3.3016999999999999
6204,5.4439000000000002,3.3147000000000002
6205,1.6369,3.3109999999999999
6206,0.31619999999999998,3.3090999999999999
6207,-6.8948,3.2924000000000002
6208,-4.7247000000000003,3.2978999999999998
6209,-4.7805,3.2978999999999998
6210,1.1656,3.3090999999999999
6211,8.3332999999999995,3.3220999999999998
6212,7.0373999999999999,3.3220999999999998
6213,7.2481999999999998,3.3239999999999998
6214,0,3.3109999999999999
6215,0,3.3109999999999999
6216,0,3.3109999999999999
6217,0,3.3109999999999999
6218,0,3.3109999999999999
6219,0,3.3109999999999999
6220,0,3.3128000000000002
6221,0,3.3128000000000002
6222,0,3.3128000000000002
6223,0,3.3109999999999999
6224,0,3.3128000000000002
6225,0,3.3109999999999999
6226,0,3.3128000000000002
6227,0,3.3128000000000002
6228,-3.3357999999999999,3.3071999999999999
6229,-0.48980000000000001,3.3109999999999999
6230,-0.48980000000000001,3.3109999999999999
6231,-0.48359999999999997,3.3109999999999999
6232,-0.48980000000000001,3.3109999999999999
6233,-2.2568999999999999,3.3090999999999999
6234,-4.7247000000000003,3.3035000000000001
6235,-3.5714000000000001,3.3054000000000001
6236,-3.5714000000000001,3.3054000000000001
6237,-4.5385999999999997,3.3035000000000001
6238,-9.4928000000000008,3.2905000000000002
6239,-11.5265,3.2867999999999999
6240,-4.1727999999999996,3.2997999999999998
6241,0,3.3090999999999999
6242,0,3.3090999999999999
6243,0,3.3090999999999999
6244,-6.6096000000000004,3.2978999999999998
6245,-13.8454,3.2812000000000001
6246,-22.042400000000001,3.2645
6247,-26.8353,3.2532999999999999
6248,-25.248000000000001,3.2513999999999998
6249,-17.528500000000001,3.2645
6250,-11.055300000000001,3.2755999999999998
6251,-7.5644,3.2831000000000001
6252,-12.1279,3.2755999999999998
6253,-10.646000000000001,3.2774999999999999
6254,-9.6416000000000004,3.2774999999999999
6255,-8.5317000000000007,3.2812000000000001
6256,-3.6520000000000001,3.2905000000000002
6257,1.2709999999999999,3.3016999999999999
6258,1.24,3.3035000000000001
6259,-3.4474,3.2961
6260,-3.4598,3.2961
6261,-3.4474,3.2961
6262,-3.4598,3.2961
6263,-3.4598,3.2961
6264,-9.6167999999999996,3.2831000000000001
6265,-5.0533000000000001,3.2905000000000002
6266,-8.5379000000000005,3.2848999999999999
6267,-5.9212999999999996,3.2886000000000002
6268,-7.4093999999999998,3.2867999999999999
6269,-8.9284999999999997,3.2831000000000001
6270,-6.25,3.2867999999999999
6271,-5.4935,3.2886000000000002
6272,-7.7690000000000001,3.2848999999999999
6273,-6.4421999999999997,3.2867999999999999
6274,-13.8888,3.2738
6275,-28.478400000000001,3.2440000000000002
6276,8.9222999999999999,3.3128000000000002
6277,-27.318899999999999,3.2458999999999998
6278,-6.25,3.2831000000000001
6279,-2.9699,3.2905000000000002
6280,5.1153000000000004,3.3090999999999999
6281,19.078600000000002,3.3370000000000002
6282,17.720700000000001,3.3389000000000002
6283,15.0793,3.3370000000000002
6284,11.9543,3.3332999999999999
6285,8.6805000000000003,3.3296000000000001
6286,0,3.3128000000000002
6287,0,3.3109999999999999
6288,0,3.3109999999999999
6289,0,3.3109999999999999
6290,0,3.3109999999999999
6291,0,3.3109999999999999
6292,0,3.3109999999999999
6293,0,3.3109999999999999
6294,0,3.3109999999999999
6295,0,3.3109999999999999
6296,0,3.3109999999999999
6297,0,3.3109999999999999
6298,0,3.3109999999999999
6299,0,3.3109999999999999
6300,0,3.3109999999999999
6301,0,3.3128000000000002
6302,0,3.3128000000000002
6303,0,3.3128000000000002
6304,0,3.3128000000000002
6305,0,3.3128000000000002
6306,0,3.3128000000000002
6307,0,3.3128000000000002
6308,0,3.3128000000000002
6309,0,3.3128000000000002
6310,0,3.3128000000000002
6311,0,3.3128000000000002
6312,0,3.3128000000000002
6313,0,3.3128000000000002
6314,-4.8921000000000001,3.3035000000000001
6315,-10.615,3.2905000000000002
6316,-17.813700000000001,3.2755999999999998
6317,-18.650700000000001,3.2719
6318,-16.524000000000001,3.2738
6319,-15.004899999999999,3.2738
6320,-9.5299999999999994,3.2831000000000001
6321,-26.072600000000001,3.2532999999999999
6322,-7.0498000000000003,3.2848999999999999
6323,-14.081099999999999,3.2719
6324,-11.098699999999999,3.2774999999999999
6325,-2.8210999999999999,3.2924000000000002
6326,-20.721699999999998,3.2606999999999999
6327,1.24,3.3016999999999999
6328,0.83079999999999998,3.3016999999999999
6329,0.76259999999999994,3.3035000000000001
6330,1.24,3.3054000000000001
6331,1.6802999999999999,3.3071999999999999
6332,1.24,3.3071999999999999
6333,0.71919999999999995,3.3071999999999999
6334,4.1231999999999998,3.3147000000000002
6335,3.4411999999999998,3.3147000000000002
6336,3.0815000000000001,3.3147000000000002
6337,2.8769,3.3147000000000002
6338,4.3216000000000001,3.3184
6339,7.5148000000000001,3.3258000000000001
6340,0,3.3128000000000002
6341,0,3.3109999999999999
6342,0,3.3109999999999999
6343,0,3.3109999999999999
6344,0,3.3109999999999999
6345,0,3.3109999999999999
6346,0,3.3109999999999999
6347,0,3.3128000000000002
6348,0,3.3128000000000002
6349,0,3.3109999999999999
6350,0,3.3128000000000002
6351,0,3.3128000000000002
6352,0,3.3128000000000002
6353,0,3.3128000000000002
6354,0,3.3128000000000002
6355,0,3.3128000000000002
6356,0,3.3128000000000002
6357,0,3.3128000000000002
6358,0,3.3128000000000002
6359,0,3.3128000000000002
6360,0,3.3128000000000002
6361,0,3.3128000000000002
6362,0,3.3128000000000002
6363,0,3.3128000000000002
6364,0,3.3147000000000002
6365,0,3.3128000000000002
6366,0,3.3128000000000002
6367,0,3.3128000000000002
6368,0,3.3128000000000002
6369,0,3.3147000000000002
6370,0,3.3147000000000002
6371,-9.6105999999999998,3.2961
6372,-9.4431999999999992,3.2924000000000002
6373,-15.327299999999999,3.2793000000000001
6374,-18.681699999999999,3.2719
6375,-21.118500000000001,3.2645
6376,-23.3568,3.2589000000000001
6377,-6.3243999999999998,3.2886000000000002
6378,-9.2881,3.2831000000000001
6379,-27.814900000000002,3.2496
6380,-13.126200000000001,3.2719
6381,-10.615,3.2774999999999999
6382,-4.5633999999999997,3.2886000000000002
6383,0.83699999999999997,3.3016999999999999
6384,1.7175,3.3054000000000001
6385,1.7237,3.3071999999999999
6386,1.24,3.3071999999999999
6387,1.6369,3.3090999999999999
6388,11.4397,3.3277000000000001
6389,7.1614000000000004,3.3220999999999998
6390,-1.7981,3.3071999999999999
6391,-4.5633999999999997,3.2997999999999998
6392,-4.6999000000000004,3.2997999999999998
6393,-6.0453000000000001,3.2961
6394,-12.022500000000001,3.2831000000000001
6395,-20.1264,3.2663000000000002
6396,-22.277999999999999,3.2589000000000001
6397,-20.535699999999999,3.2606999999999999
6398,-5.3632999999999997,3.2867999999999999
6399,-0.53320000000000001,3.2978999999999998
6400,-1.8973,3.2978999999999998
6401,5.7229000000000001,3.3128000000000002
6402,10.677,3.3239999999999998
6403,7.335,3.3203
6404,4.1231999999999998,3.3165
6405,-1.9345000000000001,3.3054000000000001
6406,-17.7455,3.2738
6407,-21.812899999999999,3.2625999999999999
6408,-20.845700000000001,3.2625999999999999
6409,-21.0379,3.2589000000000001
6410,-15.2529,3.2682000000000002
6411,-8.5688999999999993,3.2793000000000001
6412,-7.3659999999999997,3.2831000000000001
6413,-5.2888999999999999,3.2867999999999999
6414,0.71919999999999995,3.3016999999999999
6415,-2.2073,3.2961
6416,-5.9275000000000002,3.2886000000000002
6417,-5.2516999999999996,3.2905000000000002
6418,-2.2507000000000001,3.2978999999999998
6419,-2.2073,3.2978999999999998
6420,-3.7387999999999999,3.2961
6421,-10.119,3.2812000000000001
6422,-10.323600000000001,3.2812000000000001
6423,-5.4935,3.2886000000000002
6424,0.19220000000000001,3.3016999999999999
6425,1.2709999999999999,3.3054000000000001
6426,-5.2888999999999999,3.2924000000000002
6427,-8.9284999999999997,3.2848999999999999
6428,-11.972899999999999,3.2774999999999999
6429,-4.0860000000000003,3.2924000000000002
6430,0.037199999999999997,3.3016999999999999
6431,-9.2446999999999999,3.2831000000000001
6432,-11.6319,3.2793000000000001
6433,-14.1989,3.2719
6434,-18.644500000000001,3.2625999999999999
6435,-13.895,3.27
6436,-11.8551,3.2738
6437,-8.9657,3.2793000000000001
6438,-9.1021000000000001,3.2774999999999999
6439,-9.2446999999999999,3.2774999999999999
6440,-5.0967000000000002,3.2848999999999999
6441,-1.6183000000000001,3.2924000000000002
6442,-3.2490000000000001,3.2905000000000002
6443,-3.2427999999999999,3.2924000000000002
6444,-6.6963999999999997,3.2867999999999999
6445,-10.8134,3.2774999999999999
6446,0.71919999999999995,3.2997999999999998
6447,1.3577999999999999,3.3035000000000001
6448,0.71919999999999995,3.3035000000000001
6449,-8.8478999999999992,3.2831000000000001
6450,-12.0845,3.2774999999999999
6451,-10.708,3.2774999999999999
6452,-7.6946000000000003,3.2831000000000001
6453,-6.8886000000000003,3.2848999999999999
6454,-3.4102000000000001,3.2905000000000002
6455,1.3577999999999999,3.3035000000000001
6456,2.0771000000000002,3.3054000000000001
6457,-6.5289999999999999,3.2886000000000002
6458,-8.9657,3.2831000000000001
6459,-12.2767,3.2755999999999998
6460,-12.561999999999999,3.2755999999999998
6461,-13.7958,3.2719
6462,-11.4893,3.2738
6463,-8.2898999999999994,3.2793000000000001
6464,-1.8973,3.2924000000000002
6465,1.3577999999999999,3.3016999999999999
6466,21.372699999999998,3.3407
6467,19.556000000000001,3.3443999999999998
6468,18.328299999999999,3.3462999999999998
6469,15.562900000000001,3.3407
6470,12.394500000000001,3.3370000000000002
6471,9.1206999999999994,3.3313999999999999
6472,0,3.3147000000000002
6473,0,3.3147000000000002
6474,0,3.3128000000000002
6475,0,3.3128000000000002
6476,0,3.3128000000000002
6477,0,3.3128000000000002
6478,0,3.3128000000000002
6479,0,3.3128000000000002
6480,0,3.3128000000000002
6481,0,3.3128000000000002
6482,0,3.3128000000000002
6483,0,3.3128000000000002
6484,0,3.3128000000000002
6485,0,3.3128000000000002
6486,0,3.3128000000000002
6487,0,3.3128000000000002
6488,0,3.3128000000000002
6489,0,3.3128000000000002
6490,0,3.3128000000000002
6491,0,3.3128000000000002
6492,0,3.3128000000000002
6493,0,3.3128000000000002
6494,0,3.3128000000000002
6495,0,3.3128000000000002
6496,0,3.3128000000000002
6497,0,3.3128000000000002
6498,0,3.3128000000000002
6499,0,3.3128000000000002
6500,0,3.3147000000000002
6501,0,3.3147000000000002
6502,0,3.3128000000000002
6503,0,3.3128000000000002
6504,0,3.3147000000000002
6505,0,3.3147000000000002
6506,0,3.3147000000000002
6507,0,3.3147000000000002
6508,0,3.3147000000000002
6509,0,3.3147000000000002
6510,0,3.3147000000000002
6511,0,3.3147000000000002
6512,0,3.3147000000000002
6513,0,3.3147000000000002
6514,-10.4848,3.2924000000000002
6515,-14.446899999999999,3.2831000000000001
6516,-18.322099999999999,3.2738
6517,-22.811199999999999,3.2625999999999999
6518,-28.59,3.2496
6519,-33.444899999999997,3.2366000000000001
6520,-29.2348,3.2403
6521,-28.187000000000001,3.2403
6522,-22.34,3.2496
6523,-12.1713,3.2682000000000002
6524,2.6785000000000001,3.2978999999999998
6525,1.8476999999999999,3.2997999999999998
6526,0.71919999999999995,3.2997999999999998
6527,-7.4093999999999998,3.2831000000000001
6528,-6.1383000000000001,3.2867999999999999
6529,-6.2065000000000001,3.2867999999999999
6530,-9.0835000000000008,3.2812000000000001
6531,-21.478100000000001,3.2570000000000001
6532,2.7652999999999999,3.3016999999999999
6533,14.037599999999999,3.3258000000000001
6534,6.0887000000000002,3.3147000000000002
6535,16.120999999999999,3.3351000000000002
6536,6.9505999999999997,3.3203
6537,1.0354000000000001,3.3109999999999999
6538,-10.2058,3.2867999999999999
6539,-6.7770000000000001,3.2924000000000002
6540,-15.6374,3.2738
6541,-26.760899999999999,3.2513999999999998
6542,-30.840699999999998,3.2383999999999999
6543,-39.949100000000001,3.2198000000000002
6544,-39.961500000000001,3.2161
6545,-39.955300000000001,3.2124000000000001
6546,-39.955300000000001,3.2086999999999999
6547,-25.297599999999999,3.2328000000000001
6548,-39.955300000000001,3.2067999999999999
6549,-30.121500000000001,3.2216999999999998
6550,-39.955300000000001,3.2031000000000001
6551,-38.262599999999999,3.2048999999999999
6552,-39.955300000000001,3.2012
6553,-29.160399999999999,3.218
6554,-27.430499999999999,3.2198000000000002
6555,-25.861799999999999,3.2235
6556,-10.497199999999999,3.2532999999999999
6557,-6.4173999999999998,3.2606999999999999
6558,-8.7177000000000007,3.2589000000000001
6559,-6.25,3.2645
6560,-10.243,3.2589000000000001
6561,-10.2616,3.2606999999999999
6562,-10.2492,3.2606999999999999
6563,-10.2554,3.2606999999999999
6564,-14.818899999999999,3.2532999999999999
6565,-14.8933,3.2532999999999999
6566,-21.7881,3.2383999999999999
6567,-24.479099999999999,3.2328000000000001
6568,-24.962700000000002,3.2309999999999999
6569,-20.721699999999998,3.2366000000000001
6570,-23.4312,3.2328000000000001
6571,-26.277200000000001,3.2254
6572,-21.8874,3.2328000000000001
6573,-24.683700000000002,3.2273000000000001
6574,-30.121500000000001,3.218
6575,-39.949100000000001,3.1974999999999998
6576,-39.552300000000002,3.1956000000000002
6577,-27.715699999999998,3.2161
6578,-22.811199999999999,3.2254
6579,-17.522300000000001,3.2347000000000001
6580,-12.3635,3.2458999999999998
6581,-7.4527999999999999,3.2570000000000001
6582,-14.688700000000001,3.2440000000000002
6583,-19.928000000000001,3.2347000000000001
6584,-23.003399999999999,3.2290999999999999
6585,-25.9176,3.2235
6586,-20.6845,3.2328000000000001
6587,-26.4818,3.2216999999999998
6588,-21.118500000000001,3.2309999999999999
6589,-24.317900000000002,3.2254
6590,-18.843,3.2347000000000001
6591,-16.195399999999999,3.2383999999999999
6592,-11.4087,3.2496
6593,-16.071400000000001,3.2403
6594,-16.09,3.2421000000000002
6595,-16.09,3.2421000000000002
6596,-16.0962,3.2421000000000002
6597,-16.102399999999999,3.2421000000000002
6598,-13.349399999999999,3.2496
6599,-8.3704999999999998,3.2589000000000001
6600,-8.2093000000000007,3.2606999999999999
6601,1.5189999999999999,3.2774999999999999
6602,-2.1328999999999998,3.2738
6603,-4.6067999999999998,3.27
6604,-9.7284000000000006,3.2625999999999999
6605,-6.9691999999999998,3.2682000000000002
6606,-11.563700000000001,3.2589000000000001
6607,-22.005199999999999,3.2383999999999999
6608,-16.852599999999999,3.2458999999999998
6609,-16.877400000000002,3.2458999999999998
6610,-14.3291,3.2513999999999998
6611,-7.0125999999999999,3.2645
6612,-4.1604000000000001,3.2719
6613,-4.1356000000000002,3.2738
6614,-3.9371999999999998,3.2755999999999998
6615,-1.0602,3.2812000000000001
6616,-20.734100000000002,3.2440000000000002
6617,-3.621,3.2755999999999998
6618,-10.646000000000001,3.2645
6619,-8.6928999999999998,3.2682000000000002
6620,-8.5317000000000007,3.2682000000000002
6621,-15.327299999999999,3.2551999999999999
6622,-11.098699999999999,3.2625999999999999
6623,-39.961500000000001,3.2086999999999999
6624,2.0895000000000001,3.2812000000000001
6625,-39.955300000000001,3.2086999999999999
6626,-13.926,3.2513999999999998
6627,-27.157699999999998,3.2273000000000001
6628,-39.955300000000001,3.2031000000000001
6629,-28.4846,3.2198000000000002
6630,-20.560500000000001,3.2328000000000001
6631,-26.395,3.2235
6632,-15.7242,3.2421000000000002
6633,-10.8878,3.2532999999999999
6634,0,3.2738
6635,1.6802999999999999,3.2812000000000001
6636,4.7061000000000002,3.2867999999999999
6637,7.9179000000000004,3.2978999999999998
6638,6.5972,3.2978999999999998
6639,-12.840999999999999,3.2625999999999999
6640,-12.840999999999999,3.2606999999999999
6641,-3.2118000000000002,3.2774999999999999
6642,6.6778000000000004,3.2997999999999998
6643,-10.243,3.2682000000000002
6644,-14.2919,3.2606999999999999
6645,-10.236800000000001,3.2663000000000002
6646,-2.5669,3.2812000000000001
6647,-9.9268000000000001,3.2682000000000002
6648,-11.613300000000001,3.2645
6649,-11.613300000000001,3.2645
6650,-2.3313000000000001,3.2812000000000001
6651,0,3.2867999999999999
6652,0.16739999999999999,3.2886000000000002
6653,5.1586999999999996,3.3016999999999999
6654,7.9984999999999999,3.3071999999999999
6655,7.9612999999999996,3.3090999999999999
6656,9.1206999999999994,3.3128000000000002
6657,9.0401000000000007,3.3147000000000002
6658,7.7999999999999998,3.3147000000000002
6659,8.8416999999999994,3.3165
6660,15.2033,3.3296000000000001
6661,11.644299999999999,3.3258000000000001
6662,14.1927,3.3313999999999999
6663,9.9949999999999992,3.3258000000000001
6664,8.5564999999999998,3.3239999999999998
6665,5.6051000000000002,3.3184
6666,4.6811999999999996,3.3184
6667,-3.3296000000000001,3.3035000000000001
6668,1.3577999999999999,3.3090999999999999
6669,5.2827000000000002,3.3184
6670,8.9657,3.3258000000000001
6671,15.7552,3.3389000000000002
6672,17.8323,3.3481999999999998
6673,5.9150999999999998,3.3258000000000001
6674,3.7574000000000001,3.3203
6675,1.6059000000000001,3.3165
6676,5.2331000000000003,3.3220999999999998
6677,4.7618999999999998,3.3220999999999998
6678,8.5192999999999994,3.3296000000000001
6679,3.7946,3.3220999999999998
6680,0,3.3147000000000002
6681,0,3.3128000000000002
6682,0,3.3128000000000002
6683,0,3.3128000000000002
6684,0,3.3128000000000002
6685,0,3.3128000000000002
6686,0,3.3128000000000002
6687,0,3.3128000000000002
6688,0,3.3128000000000002
6689,0,3.3109999999999999
6690,0,3.3109999999999999
6691,0,3.3109999999999999
6692,0,3.3109999999999999
6693,0,3.3109999999999999
6694,0,3.3109999999999999
6695,0,3.3128000000000002
6696,0,3.3109999999999999
6697,-3.3357999999999999,3.3054000000000001
6698,-10.6088,3.2886000000000002
6699,-16.685199999999998,3.2755999999999998
6700,-20.207000000000001,3.2682000000000002
6701,-24.5535,3.2570000000000001
6702,-28.199400000000001,3.2458999999999998
6703,-27.802499999999998,3.2440000000000002
6704,-30.760100000000001,3.2366000000000001
6705,-16.896000000000001,3.2606999999999999
6706,-21.719899999999999,3.2513999999999998
6707,-20.9635,3.2513999999999998
6708,-23.635899999999999,3.2440000000000002
6709,-31.4422,3.2290999999999999
6710,-16.220199999999998,3.2551999999999999
6711,-16.765799999999999,3.2551999999999999
6712,-13.1014,3.2625999999999999
6713,-15.972200000000001,3.2570000000000001
6714,-17.609100000000002,3.2532999999999999
6715,-19.816400000000002,3.2496
6716,-7.9241000000000001,3.27
6717,-10.7638,3.2663000000000002
6718,-4.2906000000000004,3.2774999999999999
6719,-0.48359999999999997,3.2867999999999999
6720,-8.9718999999999998,3.2719
6721,-18.886399999999998,3.2551999999999999
6722,-14.8065,3.2606999999999999
6723,-6.5662000000000003,3.2738
6724,-6.5662000000000003,3.2755999999999998
6725,-6.5599999999999996,3.2755999999999998
6726,-6.5662000000000003,3.2755999999999998
6727,-6.5662000000000003,3.2774999999999999
6728,-7.7690000000000001,3.2755999999999998
6729,-11.4521,3.27
6730,-7.9302999999999999,3.2755999999999998
6731,-4.7743000000000002,3.2812000000000001
6732,0.47120000000000001,3.2905000000000002
6733,5.1649000000000003,3.3035000000000001
6734,6.0391000000000004,3.3071999999999999
6735,2.2383000000000002,3.3016999999999999
6736,15.246700000000001,3.3277000000000001
6737,16.592199999999998,3.3332999999999999
6738,20.120200000000001,3.3443999999999998
6739,14.676299999999999,3.3351000000000002
6740,13.6036,3.3351000000000002
6741,12.2767,3.3332999999999999
6742,10.615,3.3313999999999999
6743,6.2126999999999999,3.3239999999999998
6744,0,3.3128000000000002
6745,0,3.3109999999999999
6746,0,3.3109999999999999
6747,0,3.3109999999999999
6748,0,3.3109999999999999
6749,0,3.3090999999999999
6750,0,3.3109999999999999
6751,0,3.3109999999999999
6752,0,3.3109999999999999
6753,-8.3209,3.2924000000000002
6754,-10.639799999999999,3.2867999999999999
6755,-17.044799999999999,3.2738
6756,-23.201799999999999,3.2589000000000001
6757,-27.356100000000001,3.2496
6758,-32.198599999999999,3.2347000000000001
6759,-39.949100000000001,3.218
6760,-35.590200000000003,3.2216999999999998
6761,-11.7621,3.2645
6762,-28.366800000000001,3.2347000000000001
6763,-24.528700000000001,3.2383999999999999
6764,-18.644500000000001,3.2496
6765,-6.6158000000000001,3.2719
6766,-3.1684000000000001,3.2793000000000001
6767,0,3.2886000000000002
6768,0.71919999999999995,3.2905000000000002
6769,1.3577999999999999,3.2961
6770,3.7202000000000002,3.3016999999999999
6771,17.671099999999999,3.3296000000000001
6772,18.080300000000001,3.3351000000000002
6773,15.3149,3.3332999999999999
6774,12.158899999999999,3.3296000000000001
6775,8.9161000000000001,3.3239999999999998
6776,0,3.3071999999999999
6777,0,3.3071999999999999
6778,0,3.3071999999999999
6779,0,3.3071999999999999
6780,0,3.3071999999999999
6781,0,3.3071999999999999
6782,0,3.3071999999999999
6783,0,3.3071999999999999
6784,0,3.3071999999999999
6785,0,3.3071999999999999
6786,0,3.3071999999999999
6787,0,3.3090999999999999
6788,0,3.3071999999999999
6789,0,3.3071999999999999
6790,0,3.3090999999999999
6791,0,3.3090999999999999
6792,0,3.3090999999999999
6793,0,3.3090999999999999
6794,0,3.3090999999999999
6795,0,3.3090999999999999
6796,0,3.3090999999999999
6797,0,3.3090999999999999
6798,-10.4848,3.2886000000000002
6799,-14.446899999999999,3.2793000000000001
6800,-18.334499999999998,3.27
6801,-22.805,3.2589000000000001
6802,-28.608599999999999,3.2440000000000002
6803,-33.426299999999998,3.2328000000000001
6804,-39.961500000000001,3.218
6805,-39.967700000000001,3.2141999999999999
6806,-22.0486,3.2421000000000002
6807,-21.8005,3.2421000000000002
6808,-39.949100000000001,3.2105000000000001
6809,-28.3916,3.2273000000000001
6810,-14.4345,3.2532999999999999
6811,-24.838699999999999,3.2347000000000001
6812,-10.832000000000001,3.2589000000000001
6813,-14.5647,3.2551999999999999
6814,-14.831300000000001,3.2532999999999999
6815,-4.6130000000000004,3.2738
6816,-7.7628000000000004,3.27
6817,-7.8125,3.27
6818,-2.6909000000000001,3.2793000000000001
6819,-0.69440000000000002,3.2848999999999999
6820,-11.2599,3.2663000000000002
6821,-6.5599999999999996,3.2755999999999998
6822,0.52700000000000002,3.2886000000000002
6823,-4.4889999999999999,3.2812000000000001
6824,-4.4146000000000001,3.2812000000000001
6825,-2.4925000000000002,3.2867999999999999
6826,-6.2934000000000001,3.2793000000000001
6827,-6.2934000000000001,3.2793000000000001
6828,-6.2872000000000003,3.2793000000000001
6829,-6.2934000000000001,3.2793000000000001
6830,-6.2934000000000001,3.2793000000000001
6831,-2.4428999999999998,3.2867999999999999
6832,-8.1349,3.2774999999999999
6833,-8.1721000000000004,3.2774999999999999
6834,-11.055300000000001,3.2719
6835,-0.57040000000000002,3.2905000000000002
6836,-2.4428999999999998,3.2886000000000002
6837,-6.2065000000000001,3.2831000000000001
6838,-6.2003000000000004,3.2812000000000001
6839,-2.4119000000000002,3.2886000000000002
6840,-2.3313000000000001,3.2905000000000002
6841,-4.1604000000000001,3.2867999999999999
6842,6.0019,3.3071999999999999
6843,10.1996,3.3184
6844,13.132400000000001,3.3258000000000001
6845,13.833,3.3296000000000001
6846,14.8375,3.3332999999999999
6847,15.965999999999999,3.3389000000000002
6848,13.2874,3.3351000000000002
6849,13.2812,3.3370000000000002
6850,10.677,3.3332999999999999
6851,6.8018000000000001,3.3277000000000001
6852,0,3.3147000000000002
6853,0,3.3128000000000002
6854,0,3.3128000000000002
6855,0,3.3128000000000002
6856,0,3.3109999999999999
6857,0,3.3109999999999999
6858,0,3.3109999999999999
6859,0,3.3109999999999999
6860,0,3.3109999999999999
6861,-3.9681999999999999,3.3035000000000001
6862,-7.5148000000000001,3.2961
6863,-6.6406000000000001,3.2961
6864,-3.6147999999999998,3.3016999999999999
6865,-11.414899999999999,3.2848999999999999
6866,-7.0994000000000002,3.2924000000000002
6867,-6.6033999999999997,3.2924000000000002
6868,-10.2926,3.2848999999999999
6869,-15.8544,3.2738
6870,-17.447900000000001,3.2682000000000002
6871,-16.331800000000001,3.2682000000000002
6872,-13.926,3.2719
6873,-13.4734,3.2719
6874,-11.9915,3.2738
6875,-13.3308,3.2719
6876,-14.459300000000001,3.2682000000000002
6877,-12.568199999999999,3.2719
6878,-11.7745,3.2719
6879,-8.6867000000000001,3.2774999999999999
6880,-5.2950999999999997,3.2831000000000001
6881,-3.8008000000000002,3.2867999999999999
6882,-3.8132000000000001,3.2886000000000002
6883,-3.8193999999999999,3.2886000000000002
6884,-3.8132000000000001,3.2905000000000002
6885,-3.8132000000000001,3.2905000000000002
6886,-11.7745,3.2755999999999998
6887,-6.3305999999999996,3.2848999999999999
6888,-6.4112,3.2848999999999999
6889,0.71919999999999995,3.2997999999999998
6890,0.71919999999999995,3.3016999999999999
6891,-0.76880000000000004,3.2997999999999998
6892,-3.8008000000000002,3.2924000000000002
6893,-3.8132000000000001,3.2924000000000002
6894,1.7981,3.3035000000000001
6895,6.1940999999999997,3.3147000000000002
6896,16.486799999999999,3.3351000000000002
6897,13.2936,3.3332999999999999
6898,10.683199999999999,3.3296000000000001
6899,0,3.3109999999999999
6900,0,3.3109999999999999
6901,0,3.3090999999999999
6902,0,3.3090999999999999
6903,0,3.3090999999999999
6904,0,3.3090999999999999
6905,0,3.3090999999999999
6906,0,3.3090999999999999
6907,0,3.3090999999999999
6908,0,3.3090999999999999
6909,0,3.3090999999999999
6910,0,3.3090999999999999
6911,0,3.3090999999999999
6912,0,3.3109999999999999
6913,0,3.3109999999999999
6914,0,3.3109999999999999
6915,0,3.3109999999999999
6916,0,3.3109999999999999
6917,0,3.3109999999999999
6918,0,3.3109999999999999
6919,-10.4786,3.2905000000000002
6920,-14.453099999999999,3.2793000000000001
6921,-18.322099999999999,3.27
6922,-22.550799999999999,3.2606999999999999
6923,-13.275,3.2755999999999998
6924,-13.0456,3.2738
6925,-10.9933,3.2774999999999999
6926,-2.1328999999999998,3.2961
6927,-2.1328999999999998,3.2961
6928,-6.2872000000000003,3.2886000000000002
6929,-4.1356000000000002,3.2924000000000002
6930,-2.1328999999999998,3.2978999999999998
6931,-0.124,3.3016999999999999
6932,1.0416000000000001,3.3054000000000001
6933,-1.1284000000000001,3.3016999999999999
6934,0.27900000000000003,3.3054000000000001
6935,-6.25,3.2924000000000002
6936,-3.2118000000000002,3.2978999999999998
6937,-1.1346000000000001,3.3035000000000001
6938,0.60140000000000005,3.3071999999999999
6939,-1.0911999999999999,3.3054000000000001
6940,-2.0461,3.3016999999999999
6941,-3.0567000000000002,3.2997999999999998
6942,-6.25,3.2924000000000002
6943,-7.2481999999999998,3.2905000000000002
6944,-10.4414,3.2831000000000001
6945,-8.9346999999999994,3.2848999999999999
6946,-12.524800000000001,3.2774999999999999
6947,-10.968500000000001,3.2793000000000001
6948,-3.9186000000000001,3.2924000000000002
6949,-3.9744000000000002,3.2924000000000002
6950,-7.7256,3.2848999999999999
6951,-7.5334000000000003,3.2848999999999999
6952,-7.6449999999999996,3.2848999999999999
6953,-4.5571999999999999,3.2905000000000002
6954,-3.2118000000000002,3.2961
6955,-3.2118000000000002,3.2961
6956,-5.3323,3.2905000000000002
6957,-14.967700000000001,3.2719
6958,-20.479900000000001,3.2606999999999999
6959,-15.2529,3.2682000000000002
6960,-10.8134,3.2738
6961,-10.4414,3.2755999999999998
6962,3.9681999999999999,3.3035000000000001
6963,17.683499999999999,3.3313999999999999
6964,16.207799999999999,3.3351000000000002
6965,13.076599999999999,3.3313999999999999
6966,9.7097999999999995,3.3277000000000001
6967,0,3.3109999999999999
6968,0,3.3090999999999999
6969,0,3.3090999999999999
6970,0,3.3090999999999999
6971,0,3.3090999999999999
6972,0,3.3090999999999999
6973,0,3.3090999999999999
6974,0,3.3090999999999999
6975,0,3.3090999999999999
6976,0,3.3090999999999999
6977,0,3.3090999999999999
6978,0,3.3109999999999999
6979,0,3.3090999999999999
6980,0,3.3090999999999999
6981,0,3.3109999999999999
6982,0,3.3109999999999999
6983,0,3.3109999999999999
6984,0,3.3109999999999999
6985,0,3.3109999999999999
6986,0,3.3109999999999999
6987,0,3.3109999999999999
6988,0,3.3109999999999999
6989,0,3.3109999999999999
6990,0,3.3109999999999999
6991,0,3.3109999999999999
6992,0,3.3109999999999999
6993,0,3.3109999999999999
6994,0,3.3109999999999999
6995,0,3.3109999999999999
6996,-6.4546000000000001,3.2997999999999998
6997,-8.1721000000000004,3.2961
6998,-17.131599999999999,3.2755999999999998
6999,-13.8888,3.2793000000000001
7000,-16.418600000000001,3.2719
7001,-12.0101,3.2793000000000001
7002,-11.650499999999999,3.2793000000000001
7003,-20.002400000000002,3.2625999999999999
7004,-21.620699999999999,3.2570000000000001
7005,-16.530200000000001,3.2645
7006,-15.736599999999999,3.2663000000000002
7007,-15.4389,3.2663000000000002
7008,-17.534700000000001,3.2606999999999999
7009,-13.4796,3.2682000000000002
7010,-7.6078000000000001,3.2774999999999999
7011,-9.1702999999999992,3.2755999999999998
7012,-5.6485000000000003,3.2831000000000001
7013,-5.6856999999999998,3.2831000000000001
7014,-4.1231999999999998,3.2867999999999999
7015,-6.5662000000000003,3.2831000000000001
7016,-5.7229000000000001,3.2848999999999999
7017,-4.1542000000000003,3.2886000000000002
7018,1.2709999999999999,3.2997999999999998
7019,1.2709999999999999,3.3016999999999999
7020,10.119,3.3203
7021,11.191700000000001,3.3239999999999998
7022,13.361800000000001,3.3313999999999999
7023,7.8372999999999999,3.3239999999999998
7024,6.2436999999999996,3.3203
7025,7.6326000000000001,3.3239999999999998
7026,0,3.3109999999999999
7027,0,3.3109999999999999
7028,0,3.3090999999999999
7029,0,3.3090999999999999
7030,0,3.3109999999999999
7031,0,3.3090999999999999
7032,0,3.3109999999999999
7033,0,3.3090999999999999
7034,0,3.3109999999999999
7035,0,3.3109999999999999
7036,0,3.3109999999999999
7037,0,3.3109999999999999
7038,0,3.3109999999999999
7039,0,3.3109999999999999
7040,0,3.3109999999999999
7041,0,3.3109999999999999
7042,0,3.3109999999999999
7043,0,3.3109999999999999
7044,-4.5633999999999997,3.3035000000000001
7045,-6.25,3.2978999999999998
7046,-3.8504,3.3016999999999999
7047,-6.9630000000000001,3.2961
7048,-14.019,3.2812000000000001
7049,-13.647,3.2793000000000001
7050,-15.978400000000001,3.2738
7051,-10.1996,3.2812000000000001
7052,-16.2822,3.27
7053,-5.0967000000000002,3.2886000000000002
7054,-0.099199999999999997,3.3016999999999999
7055,-2.0461,3.2997999999999998
7056,-16.840199999999999,3.27
7057,-11.8551,3.2774999999999999
7058,-11.4397,3.2774999999999999
7059,-16.9208,3.2663000000000002
7060,-14.081099999999999,3.27
7061,-3.2118000000000002,3.2905000000000002
7062,0.83079999999999998,3.2997999999999998
7063,-10.2182,3.2793000000000001
7064,-10.491,3.2774999999999999
7065,-5.6113,3.2867999999999999
7066,4.0797999999999996,3.3071999999999999
7067,3.6086,3.3090999999999999
7068,4.5262000000000002,3.3109999999999999
7069,11.0739,3.3258000000000001
7070,10.962300000000001,3.3277000000000001
7071,8.1534999999999993,3.3239999999999998
7072,0,3.3109999999999999
7073,0,3.3090999999999999
7074,0,3.3090999999999999
7075,0,3.3090999999999999
7076,0,3.3090999999999999
7077,0,3.3090999999999999
7078,-0.099199999999999997,3.3090999999999999
7079,-8.6990999999999996,3.2924000000000002
7080,-10.646000000000001,3.2867999999999999
7081,-16.610800000000001,3.2738
7082,-20.362100000000002,3.2645
7083,-12.0039,3.2774999999999999
7084,-17.4541,3.2663000000000002
7085,-18.880199999999999,3.2625999999999999
7086,-17.237100000000002,3.2625999999999999
7087,-21.744700000000002,3.2551999999999999
7088,-20.920100000000001,3.2532999999999999
7089,-19.9528,3.2532999999999999
7090,-16.207799999999999,3.2606999999999999
7091,-16.9208,3.2589000000000001
7092,-11.842700000000001,3.2682000000000002
7093,-10.7638,3.27
7094,-8.1038999999999994,3.2738
7095,-9.6478000000000002,3.2719
7096,-8.3704999999999998,3.2755999999999998
7097,-4.4828000000000001,3.2831000000000001
7098,0,3.2924000000000002
7099,-2.7715000000000001,3.2886000000000002
7100,-1.1346000000000001,3.2924000000000002
7101,1.3577999999999999,3.2997999999999998
7102,2.6040999999999999,3.3035000000000001
7103,6.7584,3.3128000000000002
7104,10.7638,3.3220999999999998
7105,10.087999999999999,3.3239999999999998
7106,11.7187,3.3277000000000001
7107,9.8399999999999999,3.3277000000000001
7108,5.2454999999999998,3.3184
7109,6.6778000000000004,3.3220999999999998
7110,0,3.3109999999999999
7111,0,3.3090999999999999
7112,0,3.3090999999999999
7113,0,3.3090999999999999
7114,-0.48359999999999997,3.3090999999999999
7115,0,3.3090999999999999
7116,0,3.3090999999999999
7117,-9.6167999999999996,3.2905000000000002
7118,-10.652200000000001,3.2848999999999999
7119,-17.813700000000001,3.27
7120,-23.958300000000001,3.2570000000000001
7121,-24.1629,3.2532999999999999
7122,-16.120999999999999,3.2663000000000002
7123,-10.416600000000001,3.2755999999999998
7124,-13.0456,3.27
7125,-14.2547,3.2682000000000002
7126,-15.811,3.2645
7127,-16.5364,3.2625999999999999
7128,-25.2666,3.2440000000000002
7129,-23.015799999999999,3.2458999999999998
7130,-16.846399999999999,3.2570000000000001
7131,-10.968500000000001,3.2682000000000002
7132,-8.2030999999999992,3.2738
7133,-12.2705,3.2663000000000002
7134,-4.5633999999999997,3.2812000000000001
7135,-4.5633999999999997,3.2812000000000001
7136,-2.8955000000000002,3.2848999999999999
7137,0,3.2924000000000002
7138,-1.1779999999999999,3.2924000000000002
7139,-4.3650000000000002,3.2867999999999999
7140,-4.3650000000000002,3.2867999999999999
7141,-2.7715000000000001,3.2905000000000002
7142,2.0337000000000001,3.3016999999999999
7143,-2.6537000000000002,3.2924000000000002
7144,-4.1790000000000003,3.2886000000000002
7145,-4.1604000000000001,3.2886000000000002
7146,-4.1727999999999996,3.2886000000000002
7147,-4.1542000000000003,3.2905000000000002
7148,-4.1727999999999996,3.2905000000000002
7149,-5.8159000000000001,3.2867999999999999
7150,-9.5299999999999994,3.2793000000000001
7151,-11.197900000000001,3.2755999999999998
7152,-25.4712,3.2458999999999998
7153,-19.363800000000001,3.2570000000000001
7154,-19.7668,3.2532999999999999
7155,-20.529499999999999,3.2513999999999998
7156,-5.8097000000000003,3.2774999999999999
7157,-14.446899999999999,3.2625999999999999
7158,-12.0039,3.2663000000000002
7159,-10.4786,3.2682000000000002
7160,-4.1294000000000004,3.2812000000000001
7161,-2.2073,3.2848999999999999
7162,-5.8902999999999999,3.2793000000000001
7163,-4.0115999999999996,3.2831000000000001
7164,-0.3286,3.2924000000000002
7165,1.3577999999999999,3.2978999999999998
7166,-3.9681999999999999,3.2867999999999999
7167,1.3577999999999999,3.2997999999999998
7168,1.3577999999999999,3.2997999999999998
7169,-3.6457999999999999,3.2905000000000002
7170,-0.099199999999999997,3.2997999999999998
7171,-3.5714000000000001,3.2924000000000002
7172,4.6875,3.3090999999999999
7173,2.0771000000000002,3.3054000000000001
7174,-3.1745999999999999,3.2961
7175,-4.8487,3.2905000000000002
7176,-4.8487,3.2905000000000002
7177,-4.8487,3.2905000000000002
7178,0,3.3016999999999999
7179,-3.0505,3.2961
7180,-4.7184999999999997,3.2905000000000002
7181,-1.333,3.2997999999999998
7182,0.71919999999999995,3.3035000000000001
7183,2.6909000000000001,3.3090999999999999
7184,1.3577999999999999,3.3071999999999999
7185,2.6413000000000002,3.3090999999999999
7186,8.0046999999999997,3.3203
7187,9.5982000000000003,3.3258000000000001
7188,8.7735000000000003,3.3258000000000001
7189,6.5972,3.3220999999999998
7190,5.2393000000000001,3.3220999999999998
7191,-2.4119000000000002,3.3071999999999999
7192,-11.4397,3.2867999999999999
7193,-10.894,3.2848999999999999
7194,-7.9302999999999999,3.2886000000000002
7195,-8.9780999999999995,3.2867999999999999
7196,-10.1252,3.2831000000000001
7197,-10.453799999999999,3.2812000000000001
7198,-12.717000000000001,3.2774999999999999
7199,-15.8544,3.27
7200,-16.573599999999999,3.2663000000000002
7201,-11.613300000000001,3.2755999999999998
7202,-3.9744000000000002,3.2886000000000002
7203,-6.2872000000000003,3.2848999999999999
7204,-6.3305999999999996,3.2848999999999999
7205,-6.4607999999999999,3.2848999999999999
7206,-11.644299999999999,3.2755999999999998
7207,-8.1721000000000004,3.2812000000000001
7208,-13.6036,3.27
7209,-6.2126999999999999,3.2831000000000001
7210,-6.25,3.2831000000000001
7211,-6.25,3.2848999999999999
7212,-2.9761000000000002,3.2905000000000002
7213,4.4146000000000001,3.3071999999999999
7214,2.0337000000000001,3.3054000000000001
7215,1.3577999999999999,3.3035000000000001
7216,6.1258999999999997,3.3147000000000002
7217,3.2366000000000001,3.3109999999999999
7218,1.2834000000000001,3.3071999999999999
7219,-7.3226000000000004,3.2905000000000002
7220,-7.4527999999999999,3.2886000000000002
7221,-8.9657,3.2848999999999999
7222,-6.2934000000000001,3.2886000000000002
7223,-10.652200000000001,3.2793000000000001
7224,-12.5372,3.2755999999999998
7225,-11.5389,3.2755999999999998
7226,-8.0108999999999995,3.2812000000000001
7227,-11.979100000000001,3.2755999999999998
7228,-12.338699999999999,3.2738
7229,-7.0994000000000002,3.2812000000000001
7230,-2.9699,3.2905000000000002
7231,-2.9761000000000002,3.2905000000000002
7232,-2.8893,3.2905000000000002
7233,0.76259999999999994,3.2997999999999998
7234,0.76259999999999994,3.3016999999999999
7235,-2.7715000000000001,3.2961
7236,-4.3402000000000003,3.2924000000000002
7237,0.76259999999999994,3.3035000000000001
7238,0.76259999999999994,3.3035000000000001
7239,2.0089000000000001,3.3071999999999999
7240,-9.0835000000000008,3.2848999999999999
7241,-10.689399999999999,3.2812000000000001
7242,-8.0108999999999995,3.2848999999999999
7243,-6.6963999999999997,3.2867999999999999
7244,-1.1346000000000001,3.2978999999999998
7245,-6.6963999999999997,3.2867999999999999
7246,-4.3277999999999999,3.2905000000000002
7247,-4.3277999999999999,3.2905000000000002
7248,0,3.3016999999999999
7249,0.16739999999999999,3.3035000000000001
7250,1.3577999999999999,3.3054000000000001
7251,0.16120000000000001,3.3035000000000001
7252,-2.6040999999999999,3.2997999999999998
7253,-4.1727999999999996,3.2961
7254,-4.1727999999999996,3.2961
7255,-0.97960000000000003,3.3016999999999999
7256,-2.4925000000000002,3.2997999999999998
7257,-4.1294000000000004,3.2961
7258,0,3.3035000000000001
7259,0.16739999999999999,3.3054000000000001
7260,-3.931,3.2978999999999998
7261,-7.7690000000000001,3.2886000000000002
7262,-2.4428999999999998,3.2997999999999998
7263,0.19220000000000001,3.3054000000000001
7264,3.7946,3.3128000000000002
7265,4.7618999999999998,3.3147000000000002
7266,5.9275000000000002,3.3203
7267,1.7237,3.3128000000000002
7268,-2.8521000000000001,3.3035000000000001
7269,-3.9247999999999998,3.3016999999999999
7270,-13.0456,3.2812000000000001
7271,-12.3697,3.2793000000000001
7272,-10.881600000000001,3.2812000000000001
7273,-5.8097000000000003,3.2905000000000002
7274,-5.8531000000000004,3.2905000000000002
7275,-10.038399999999999,3.2831000000000001
7276,-6.0949,3.2886000000000002
7277,-5.3323,3.2905000000000002
7278,-5.3571,3.2905000000000002
7279,-6.25,3.2886000000000002
7280,0.19220000000000001,3.3035000000000001
7281,-0.76880000000000004,3.3016999999999999
7282,-3.8132000000000001,3.2961
7283,-3.8132000000000001,3.2961
7284,0.19220000000000001,3.3035000000000001
7285,-0.72540000000000004,3.3035000000000001
7286,-0.72540000000000004,3.3035000000000001
7287,-3.6147999999999998,3.2978999999999998
7288,-5.8964999999999996,3.2924000000000002
7289,-10.081799999999999,3.2831000000000001
7290,-3.8132000000000001,3.2961
7291,0.71919999999999995,3.3054000000000001
7292,-3.7263999999999999,3.2978999999999998
7293,1.2709999999999999,3.3071999999999999
7294,-8.5379000000000005,3.2867999999999999
7295,-11.4521,3.2812000000000001
7296,-10.329800000000001,3.2812000000000001
7297,1.2834000000000001,3.3035000000000001
7298,4.8859000000000004,3.3128000000000002
7299,10.6088,3.3258000000000001
7300,8.9222999999999999,3.3239999999999998
7301,13.151,3.3351000000000002
7302,10.4848,3.3313999999999999
7303,7.3163999999999998,3.3277000000000001
7304,0,3.3128000000000002
7305,0,3.3128000000000002
7306,0,3.3128000000000002
7307,0,3.3128000000000002
7308,0,3.3128000000000002
7309,0,3.3128000000000002
7310,-6.4421999999999997,3.2997999999999998
7311,-9.6912000000000003,3.2905000000000002
7312,-20.523299999999999,3.2682000000000002
7313,-22.085799999999999,3.2625999999999999
7314,-26.271000000000001,3.2513999999999998
7315,-20.839500000000001,3.2589000000000001
7316,-12.4069,3.2719
7317,-15.649800000000001,3.2663000000000002
7318,-13.523,3.27
7319,-12.208500000000001,3.2719
7320,-14.453099999999999,3.2663000000000002
7321,-21.093699999999998,3.2532999999999999
7322,-26.686499999999999,3.2403
7323,-19.159199999999998,3.2532999999999999
7324,-11.8117,3.2663000000000002
7325,-8.2960999999999991,3.2738
7326,-6.0391000000000004,3.2774999999999999
7327,-4.4828000000000001,3.2812000000000001
7328,-4.4889999999999999,3.2831000000000001
7329,3.6396000000000002,3.2997999999999998
7330,-1.0911999999999999,3.2924000000000002
7331,0,3.2978999999999998
7332,0.75639999999999996,3.2997999999999998
7333,0.16739999999999999,3.2978999999999998
7334,1.2709999999999999,3.3035000000000001
7335,0.16120000000000001,3.3016999999999999
7336,1.2709999999999999,3.3035000000000001
7337,5.7911000000000001,3.3128000000000002
7338,10.6088,3.3239999999999998
7339,1.2834000000000001,3.3090999999999999
7340,-2.8149000000000002,3.2997999999999998
7341,-6.2934000000000001,3.2924000000000002
7342,-10.683199999999999,3.2831000000000001
7343,-9.1268999999999991,3.2831000000000001
7344,-0.53320000000000001,3.3016999999999999
7345,-3.2490000000000001,3.2961
7346,-5.4562999999999997,3.2905000000000002
7347,0.27900000000000003,3.3035000000000001
7348,-3.2427999999999999,3.2978999999999998
7349,-3.2490000000000001,3.2978999999999998
7350,-12.4131,3.2774999999999999
7351,-9.6105999999999998,3.2812000000000001
7352,-11.2165,3.2774999999999999
7353,-6.0080999999999998,3.2867999999999999
7354,-7.4589999999999996,3.2831000000000001
7355,-8.9595000000000002,3.2812000000000001
7356,-5.4935,3.2867999999999999
7357,-2.4119000000000002,3.2961
7358,1.2709999999999999,3.3035000000000001
7359,3.7202000000000002,3.3090999999999999
7360,0.71919999999999995,3.3054000000000001
7361,1.24,3.3071999999999999
7362,0.27900000000000003,3.3054000000000001
7363,0.71919999999999995,3.3054000000000001
7364,1.3206,3.3071999999999999
7365,0.76259999999999994,3.3071999999999999
7366,4.5262000000000002,3.3147000000000002
7367,13.163399999999999,3.3332999999999999
7368,11.4521,3.3332999999999999
7369,8.2774999999999999,3.3277000000000001
7370,0,3.3128000000000002
7371,0,3.3128000000000002
7372,0,3.3128000000000002
7373,0,3.3109999999999999
7374,0,3.3109999999999999
7375,0,3.3109999999999999
7376,0,3.3109999999999999
7377,0,3.3109999999999999
7378,0,3.3109999999999999
7379,0,3.3109999999999999
7380,0,3.3109999999999999
7381,0,3.3109999999999999
7382,0,3.3109999999999999
7383,0,3.3109999999999999
7384,0,3.3109999999999999
7385,0,3.3109999999999999
7386,0,3.3109999999999999
7387,0,3.3109999999999999
7388,0,3.3109999999999999
7389,0,3.3128000000000002
7390,0,3.3128000000000002
7391,0,3.3128000000000002
7392,0,3.3128000000000002
7393,0,3.3128000000000002
7394,0,3.3128000000000002
7395,0,3.3128000000000002
7396,0,3.3128000000000002
7397,0,3.3128000000000002
7398,0,3.3128000000000002
7399,0,3.3128000000000002
7400,0,3.3128000000000002
7401,0,3.3128000000000002
7402,0,3.3128000000000002
7403,-3.9744000000000002,3.3054000000000001
7404,-9.0525000000000002,3.2924000000000002
7405,-15.997,3.2774999999999999
7406,-19.636600000000001,3.27
7407,-24.0017,3.2589000000000001
7408,-27.715699999999998,3.2458999999999998
7409,-15.333500000000001,3.2682000000000002
7410,-16.610800000000001,3.2645
7411,-20.715499999999999,3.2570000000000001
7412,-16.3504,3.2625999999999999
7413,-15.1723,3.2645
7414,-13.169600000000001,3.2682000000000002
7415,-13.684200000000001,3.2663000000000002
7416,-15.606299999999999,3.2625999999999999
7417,-7.6449999999999996,3.2774999999999999
7418,-11.4397,3.27
7419,-10.8878,3.2719
7420,-9.6416000000000004,3.2738
7421,0,3.2924000000000002
7422,1.3577999999999999,3.2978999999999998
7423,1.3577999999999999,3.2997999999999998
7424,-4.0860000000000003,3.2886000000000002
7425,2.7528999999999999,3.3035000000000001
7426,9.8399999999999999,3.3184
7427,10.323600000000001,3.3220999999999998
7428,4.1542000000000003,3.3128000000000002
7429,3.4411999999999998,3.3128000000000002
7430,11.5885,3.3277000000000001
7431,10.968500000000001,3.3296000000000001
7432,7.4404000000000003,3.3239999999999998
7433,2.4304999999999999,3.3165
7434,0.59519999999999995,3.3128000000000002
7435,0,3.3109999999999999
7436,0,3.3109999999999999
7437,0,3.3109999999999999
7438,0,3.3109999999999999
7439,-0.56420000000000003,3.3090999999999999
7440,-2.2134999999999998,3.3071999999999999
7441,-2.2568999999999999,3.3054000000000001
7442,0,3.3109999999999999
7443,-0.57040000000000002,3.3090999999999999
7444,0,3.3109999999999999
7445,0,3.3109999999999999
7446,0,3.3109999999999999
7447,0,3.3109999999999999
7448,0,3.3109999999999999
7449,0,3.3109999999999999
7450,0,3.3109999999999999
7451,-0.1116,3.3109999999999999
7452,-1.8043,3.3071999999999999
7453,-3.4102000000000001,3.3054000000000001
7454,-6.6096000000000004,3.2978999999999998
7455,-15.091699999999999,3.2793000000000001
7456,-17.2743,3.2719
7457,-20.200800000000001,3.2645
7458,-9.8834,3.2812000000000001
7459,-5.4377000000000004,3.2905000000000002
7460,-13.8454,3.2738
7461,-19.8474,3.2625999999999999
7462,-20.1326,3.2589000000000001
7463,-13.1014,3.27
7464,-5.1586999999999996,3.2848999999999999
7465,-3.9744000000000002,3.2886000000000002
7466,-4.0053999999999998,3.2886000000000002
7467,-6.25,3.2867999999999999
7468,-11.799300000000001,3.2755999999999998
7469,-9.1144999999999996,3.2793000000000001
7470,-12.568199999999999,3.2719
7471,-11.7745,3.2738
7472,-10.094200000000001,3.2755999999999998
7473,-2.2879,3.2905000000000002
7474,-2.2507000000000001,3.2905000000000002
7475,-6.0514999999999999,3.2848999999999999
7476,-8.9284999999999997,3.2793000000000001
7477,-9.0835000000000008,3.2793000000000001
7478,-6.4173999999999998,3.2831000000000001
7479,-9.3315000000000001,3.2774999999999999
7480,-6.25,3.2831000000000001
7481,-7.7256,3.2812000000000001
7482,-5.6051000000000002,3.2848999999999999
7483,-4.0860000000000003,3.2886000000000002
7484,-4.0860000000000003,3.2886000000000002
7485,-2.4925000000000002,3.2924000000000002
7486,-2.4925000000000002,3.2924000000000002
7487,-4.0053999999999998,3.2905000000000002
7488,0,3.2997999999999998
7489,-2.5669,3.2961
7490,0.70679999999999998,3.3016999999999999
7491,1.2709999999999999,3.3054000000000001
7492,3.8008000000000002,3.3109999999999999
7493,4.7618999999999998,3.3128000000000002
7494,10.087999999999999,3.3239999999999998
7495,6.4484000000000004,3.3203
7496,10.832000000000001,3.3296000000000001
7497,4.9107000000000003,3.3203
7498,6.3987999999999996,3.3239999999999998
7499,7.6078000000000001,3.3258000000000001
7500,0,3.3128000000000002
7501,0,3.3128000000000002
7502,0,3.3109999999999999
7503,0,3.3109999999999999
7504,0,3.3109999999999999
7505,0,3.3109999999999999
7506,0,3.3109999999999999
7507,0,3.3109999999999999
7508,0,3.3109999999999999
7509,0,3.3109999999999999
7510,0,3.3109999999999999
7511,0,3.3109999999999999
7512,0,3.3109999999999999
7513,0,3.3109999999999999
7514,0,3.3109999999999999
7515,0,3.3128000000000002
7516,0,3.3109999999999999
7517,0,3.3109999999999999
7518,0,3.3109999999999999
7519,-6.7708000000000004,3.2997999999999998
7520,-10.639799999999999,3.2886000000000002
7521,-16.133400000000002,3.2755999999999998
7522,-22.271799999999999,3.2625999999999999
7523,-26.4818,3.2513999999999998
7524,-31.3368,3.2383999999999999
7525,-27.368500000000001,3.2421000000000002
7526,-24.200099999999999,3.2458999999999998
7527,-9.3315000000000001,3.2719
7528,1.24,3.2961
7529,1.24,3.2978999999999998
7530,12.3201,3.3203
7531,13.436199999999999,3.3277000000000001
7532,10.832000000000001,3.3258000000000001
7533,7.1614000000000004,3.3203
7534,0,3.3071999999999999
7535,0,3.3071999999999999
7536,0,3.3071999999999999
7537,0,3.3071999999999999
7538,0,3.3071999999999999
7539,0,3.3090999999999999
7540,0,3.3071999999999999
7541,0,3.3090999999999999
7542,0,3.3090999999999999
7543,0,3.3090999999999999
7544,0,3.3090999999999999
7545,0,3.3090999999999999
7546,0,3.3090999999999999
7547,-0.77500000000000002,3.3090999999999999
7548,-4.3277999999999999,3.3016999999999999
7549,-6.6033999999999997,3.2961
7550,-9.7408000000000001,3.2886000000000002
7551,-18.136099999999999,3.27
7552,-15.1661,3.2738
7553,-8.1659000000000006,3.2848999999999999
7554,-2.5669,3.2978999999999998
7555,0.47739999999999999,3.3035000000000001
7556,-3.3296000000000001,3.2978999999999998
7557,-3.931,3.2978999999999998
7558,-1.5376000000000001,3.3016999999999999
7559,-8.2030999999999992,3.2867999999999999
7560,-13.361800000000001,3.2774999999999999
7561,-14.682499999999999,3.2719
7562,-16.325600000000001,3.2682000000000002
7563,-13.169600000000001,3.2719
7564,-15.525700000000001,3.2682000000000002
7565,-7.9675000000000002,3.2812000000000001
7566,-6.2934000000000001,3.2831000000000001
7567,-2.7652999999999999,3.2905000000000002
7568,0.27900000000000003,3.2997999999999998
7569,0.27900000000000003,3.3016999999999999
7570,-6.4546000000000001,3.2867999999999999
7571,-6.2934000000000001,3.2867999999999999
7572,-5.1276999999999999,3.2886000000000002
7573,-1.6121000000000001,3.2978999999999998
7574,-0.36580000000000001,3.2997999999999998
7575,-0.36580000000000001,3.3016999999999999
7576,-2.8149000000000002,3.2978999999999998
7577,-1.6121000000000001,3.2997999999999998
7578,5.4377000000000004,3.3147000000000002
7579,1.6369,3.3090999999999999
7580,0.31619999999999998,3.3071999999999999
7581,-6.8948,3.2905000000000002
7582,-4.7247000000000003,3.2961
7583,-4.7743000000000002,3.2961
7584,1.1656,3.3071999999999999
7585,8.3270999999999997,3.3220999999999998
7586,7.0373999999999999,3.3220999999999998
7587,7.242,3.3220999999999998
7588,0,3.3109999999999999
7589,0,3.3090999999999999
7590,0,3.3090999999999999
7591,0,3.3109999999999999
7592,0,3.3090999999999999
7593,0,3.3109999999999999
7594,0,3.3109999999999999
7595,0,3.3109999999999999
7596,0,3.3109999999999999
7597,0,3.3109999999999999
7598,0,3.3109999999999999
7599,0,3.3109999999999999
7600,0,3.3109999999999999
7601,0,3.3109999999999999
7602,-3.3233999999999999,3.3054000000000001
7603,-0.48359999999999997,3.3090999999999999
7604,-0.48359999999999997,3.3109999999999999
7605,-0.48980000000000001,3.3109999999999999
7606,-0.48359999999999997,3.3109999999999999
7607,-2.2507000000000001,3.3071999999999999
7608,-4.7247000000000003,3.3016999999999999
7609,-3.5651999999999999,3.3035000000000001
7610,-3.5714000000000001,3.3035000000000001
7611,-4.5324,3.3016999999999999
7612,-9.4865999999999993,3.2886000000000002
7613,-11.5327,3.2831000000000001
7614,-4.1727999999999996,3.2978999999999998
7615,0,3.3071999999999999
7616,0,3.3071999999999999
7617,0,3.3071999999999999
7618,-6.6033999999999997,3.2961
7619,-13.8392,3.2793000000000001
7620,-22.0548,3.2625999999999999
7621,-26.8415,3.2496
7622,-25.235600000000002,3.2496
7623,-17.522300000000001,3.2606999999999999
7624,-11.049099999999999,3.2719
7625,-7.5644,3.2793000000000001
7626,-12.1341,3.2719
7627,-10.6646,3.2738
7628,-9.6539999999999999,3.2755999999999998
7629,-8.5254999999999992,3.2774999999999999
7630,-3.6457999999999999,3.2867999999999999
7631,1.2834000000000001,3.2997999999999998
7632,1.2338,3.3016999999999999
7633,-3.4474,3.2905000000000002
7634,-3.4598,3.2924000000000002
7635,-3.4474,3.2924000000000002
7636,-3.4598,3.2924000000000002
7637,-3.4474,3.2924000000000002
7638,-9.6167999999999996,3.2812000000000001
7639,-5.0533000000000001,3.2886000000000002
7640,-8.5254999999999992,3.2831000000000001
7641,-5.9337,3.2867999999999999
7642,-7.4032,3.2831000000000001
7643,-8.9346999999999994,3.2793000000000001
7644,-6.2561999999999998,3.2848999999999999
7645,-5.4873000000000003,3.2867999999999999
7646,-7.7565999999999997,3.2831000000000001
7647,-6.4421999999999997,3.2848999999999999
7648,-13.895,3.27
7649,-28.459800000000001,3.2403
7650,8.9161000000000001,3.3090999999999999
7651,-27.325099999999999,3.2421000000000002
7652,-6.2436999999999996,3.2793000000000001
7653,-2.9699,3.2867999999999999
7654,5.1215000000000002,3.3054000000000001
7655,19.091000000000001,3.3351000000000002
7656,17.714500000000001,3.3370000000000002
7657,15.0793,3.3351000000000002
7658,11.966699999999999,3.3313999999999999
7659,8.6805000000000003,3.3277000000000001
7660,0,3.3109999999999999
7661,0,3.3109999999999999
7662,0,3.3090999999999999
7663,0,3.3090999999999999
7664,0,3.3090999999999999
7665,0,3.3090999999999999
7666,0,3.3109999999999999
7667,0,3.3109999999999999
7668,0,3.3090999999999999
7669,0,3.3109999999999999
7670,0,3.3090999999999999
7671,0,3.3109999999999999
7672,0,3.3109999999999999
7673,0,3.3109999999999999
7674,0,3.3109999999999999
7675,0,3.3109999999999999
7676,0,3.3109999999999999
7677,0,3.3109999999999999
7678,0,3.3109999999999999
7679,0,3.3109999999999999
7680,0,3.3109999999999999
7681,0,3.3109999999999999
7682,0,3.3109999999999999
7683,0,3.3109999999999999
7684,0,3.3109999999999999
7685,0,3.3109999999999999
7686,0,3.3128000000000002
7687,0,3.3109999999999999
7688,-4.8982999999999999,3.3035000000000001
7689,-10.6088,3.2886000000000002
7690,-17.813700000000001,3.2738
7691,-18.638300000000001,3.27
7692,-16.524000000000001,3.27
7693,-15.004899999999999,3.2719
7694,-9.5237999999999996,3.2812000000000001
7695,-26.066400000000002,3.2496
7696,-7.0498000000000003,3.2812000000000001
7697,-14.081099999999999,3.27
7698,-11.098699999999999,3.2738
7699,-2.8149000000000002,3.2905000000000002
7700,-20.715499999999999,3.2570000000000001
7701,1.24,3.2978999999999998
7702,0.83699999999999997,3.2997999999999998
7703,0.76259999999999994,3.3016999999999999
7704,1.2338,3.3035000000000001
7705,1.6802999999999999,3.3054000000000001
7706,1.24,3.3054000000000001
7707,0.71919999999999995,3.3054000000000001
7708,4.1231999999999998,3.3128000000000002
7709,3.4411999999999998,3.3128000000000002
7710,3.0691000000000002,3.3128000000000002
7711,2.8769,3.3128000000000002
7712,4.3216000000000001,3.3165
7713,7.5209999999999999,3.3239999999999998
7714,0,3.3109999999999999
7715,0,3.3109999999999999
7716,0,3.3090999999999999
7717,0,3.3109999999999999
7718,0,3.3109999999999999
7719,0,3.3109999999999999
7720,0,3.3109999999999999
7721,0,3.3109999999999999
7722,0,3.3109999999999999
7723,0,3.3109999999999999
7724,0,3.3109999999999999
7725,0,3.3109999999999999
7726,0,3.3109999999999999
7727,0,3.3109999999999999
7728,0,3.3109999999999999
7729,0,3.3109999999999999
7730,0,3.3109999999999999
7731,0,3.3109999999999999
7732,0,3.3109999999999999
7733,0,3.3128000000000002
7734,0,3.3109999999999999
7735,0,3.3128000000000002
7736,0,3.3128000000000002
7737,0,3.3128000000000002
7738,0,3.3128000000000002
7739,0,3.3128000000000002
7740,0,3.3128000000000002
7741,0,3.3128000000000002
7742,0,3.3128000000000002
7743,0,3.3128000000000002
7744,0,3.3128000000000002
7745,-9.6105999999999998,3.2924000000000002
7746,-9.4369999999999994,3.2905000000000002
7747,-15.327299999999999,3.2774999999999999
7748,-18.687899999999999,3.27
7749,-21.112300000000001,3.2625999999999999
7750,-23.3506,3.2551999999999999
7751,-6.3182,3.2848999999999999
7752,-9.2881,3.2812000000000001
7753,-27.808700000000002,3.2440000000000002
7754,-13.119999999999999,3.27
7755,-10.602600000000001,3.2738
7756,-4.5571999999999999,3.2867999999999999
7757,0.83699999999999997,3.2997999999999998
7758,1.7237,3.3035000000000001
7759,1.7237,3.3054000000000001
7760,1.24,3.3054000000000001
7761,1.6369,3.3071999999999999
7762,11.4521,3.3277000000000001
7763,7.1676000000000002,3.3203
7764,-1.8043,3.3054000000000001
7765,-4.5571999999999999,3.2997999999999998
7766,-4.6936999999999998,3.2978999999999998
7767,-6.0453000000000001,3.2961
7768,-11.9977,3.2812000000000001
7769,-20.1326,3.2645
7770,-22.284199999999998,3.2570000000000001
7771,-20.529499999999999,3.2570000000000001
7772,-5.3571,3.2848999999999999
7773,-0.53320000000000001,3.2961
7774,-1.8911,3.2961
7775,5.7229000000000001,3.3109999999999999
7776,10.677,3.3220999999999998
7777,7.3226000000000004,3.3203
7778,4.117,3.3147000000000002
7779,-1.9282999999999999,3.3035000000000001
7780,-17.720700000000001,3.2719
7781,-21.8005,3.2606999999999999
7782,-20.845700000000001,3.2589000000000001
7783,-21.031700000000001,3.2570000000000001
7784,-15.234299999999999,3.2663000000000002
7785,-8.5751000000000008,3.2774999999999999
7786,-7.3659999999999997,3.2793000000000001
7787,-5.2950999999999997,3.2848999999999999
7788,0.71919999999999995,3.2978999999999998
7789,-2.2134999999999998,3.2924000000000002
7790,-5.9212999999999996,3.2867999999999999
7791,-5.2454999999999998,3.2867999999999999
7792,-2.2507000000000001,3.2924000000000002
7793,-2.2073,3.2961
7794,-3.7387999999999999,3.2924000000000002
7795,-10.1252,3.2793000000000001
7796,-10.323600000000001,3.2774999999999999
7797,-5.4935,3.2867999999999999
7798,0.19839999999999999,3.2997999999999998
7799,1.2896000000000001,3.3035000000000001
7800,-5.2888999999999999,3.2886000000000002
7801,-8.9346999999999994,3.2812000000000001
7802,-11.9543,3.2755999999999998
7803,-4.0860000000000003,3.2886000000000002
7804,0,3.2997999999999998
7805,-9.2508999999999997,3.2812000000000001
7806,-11.644299999999999,3.2755999999999998
7807,-14.2113,3.27
7808,-18.644500000000001,3.2606999999999999
7809,-13.8826,3.2663000000000002
7810,-11.8489,3.27
7811,-8.9718999999999998,3.2755999999999998
7812,-9.0959000000000003,3.2755999999999998
7813,-9.2508999999999997,3.2755999999999998
7814,-5.0842999999999998,3.2831000000000001
7815,-1.6121000000000001,3.2905000000000002
7816,-3.2490000000000001,3.2886000000000002
7817,-3.2490000000000001,3.2886000000000002
7818,-6.6840000000000002,3.2831000000000001
7819,-10.8134,3.2755999999999998
7820,0.71919999999999995,3.2978999999999998
7821,1.3577999999999999,3.2997999999999998
7822,0.71919999999999995,3.2997999999999998
7823,-8.8478999999999992,3.2812000000000001
7824,-12.0845,3.2738
7825,-10.7142,3.2755999999999998
7826,-7.6883999999999997,3.2793000000000001
7827,-6.8948,3.2812000000000001
7828,-3.4102000000000001,3.2886000000000002
7829,1.3577999999999999,3.2997999999999998
7830,2.0771000000000002,3.3035000000000001
7831,-6.5289999999999999,3.2848999999999999
7832,-8.9718999999999998,3.2812000000000001
7833,-12.289099999999999,3.2738
7834,-12.568199999999999,3.2719
7835,-13.7958,3.2682000000000002
7836,-11.4955,3.2719
7837,-8.2836999999999996,3.2774999999999999
7838,-1.8973,3.2886000000000002
7839,1.3640000000000001,3.2978999999999998
7840,21.372699999999998,3.3389000000000002
7841,19.562200000000001,3.3407
7842,18.334499999999998,3.3443999999999998
7843,15.5443,3.3407
7844,12.4069,3.3370000000000002
7845,9.1206999999999994,3.3313999999999999
7846,0,3.3147000000000002
7847,0,3.3128000000000002
7848,0,3.3128000000000002
7849,0,3.3109999999999999
7850,0,3.3109999999999999
7851,0,3.3109999999999999
7852,0,3.3109999999999999
7853,0,3.3109999999999999
7854,0,3.3109999999999999
7855,0,3.3109999999999999
7856,0,3.3109999999999999
7857,0,3.3109999999999999
7858,0,3.3109999999999999
7859,0,3.3109999999999999
7860,0,3.3109999999999999
7861,0,3.3109999999999999
7862,0,3.3109999999999999
7863,0,3.3109999999999999
7864,0,3.3128000000000002
7865,0,3.3128000000000002
7866,0,3.3128000000000002
7867,0,3.3128000000000002
7868,0,3.3128000000000002
7869,0,3.3128000000000002
7870,0,3.3128000000000002
7871,0,3.3128000000000002
7872,0,3.3128000000000002
7873,0,3.3128000000000002
7874,0,3.3128000000000002
7875,0,3.3128000000000002
7876,0,3.3128000000000002
7877,0,3.3128000000000002
7878,0,3.3128000000000002
7879,0,3.3128000000000002
7880,0,3.3128000000000002
7881,0,3.3128000000000002
7882,0,3.3128000000000002
7883,0,3.3147000000000002
7884,0,3.3128000000000002
7885,0,3.3128000000000002
7886,0,3.3128000000000002
7887,0,3.3147000000000002
7888,-10.4848,3.2924000000000002
7889,-14.4283,3.2812000000000001
7890,-18.322099999999999,3.2719
7891,-22.805,3.2606999999999999
7892,-28.614799999999999,3.2458999999999998
7893,-33.444899999999997,3.2328000000000001
7894,-29.2348,3.2366000000000001
7895,-28.2118,3.2366000000000001
7896,-22.3276,3.2458999999999998
7897,-12.165100000000001,3.2663000000000002
7898,2.6785000000000001,3.2961
7899,1.8476999999999999,3.2961
7900,0.72540000000000004,3.2978999999999998
7901,-7.4093999999999998,3.2812000000000001
7902,-6.1321000000000003,3.2831000000000001
7903,-6.2126999999999999,3.2831000000000001
7904,-9.0959000000000003,3.2774999999999999
7905,-21.478100000000001,3.2551999999999999
7906,2.7652999999999999,3.2997999999999998
7907,14.037599999999999,3.3239999999999998
7908,6.0887000000000002,3.3128000000000002
7909,16.114799999999999,3.3332999999999999
7910,6.9568000000000003,3.3203
7911,1.0416000000000001,3.3090999999999999
7912,-10.2058,3.2848999999999999
7913,-6.7708000000000004,3.2905000000000002
7914,-15.6374,3.2719
7915,-26.760899999999999,3.2496
7916,-30.828299999999999,3.2366000000000001
7917,-39.967700000000001,3.2161
7918,-39.9739,3.2105000000000001
7919,-39.955300000000001,3.2086999999999999
7920,-39.961500000000001,3.2048999999999999
7921,-25.2852,3.2290999999999999
7922,-39.961500000000001,3.2031000000000001
7923,-30.133900000000001,3.2161
7924,-39.961500000000001,3.1974999999999998
7925,-38.262599999999999,3.1974999999999998
7926,-39.961500000000001,3.1938
7927,-29.160399999999999,3.2124000000000001
7928,-27.442900000000002,3.2161
7929,-25.886600000000001,3.218
7930,-10.4786,3.2458999999999998
7931,-6.4050000000000002,3.2570000000000001
7932,-8.7177000000000007,3.2551999999999999
7933,-6.25,3.2606999999999999
7934,-10.2554,3.2551999999999999
7935,-10.2492,3.2551999999999999
7936,-10.243,3.2551999999999999
7937,-10.243,3.2551999999999999
7938,-14.825100000000001,3.2458999999999998
7939,-14.874700000000001,3.2458999999999998
7940,-21.806699999999999,3.2328000000000001
7941,-24.472899999999999,3.2273000000000001
7942,-24.968900000000001,3.2254
7943,-20.721699999999998,3.2309999999999999
7944,-23.425000000000001,3.2273000000000001
7945,-26.264800000000001,3.2198000000000002
7946,-21.875,3.2273000000000001
7947,-24.677499999999998,3.2216999999999998
7948,-30.115300000000001,3.2105000000000001
7949,-39.955300000000001,3.1919
7950,-39.546100000000003,3.1901000000000002
7951,-27.734300000000001,3.2105000000000001
7952,-22.7926,3.218
7953,-17.528500000000001,3.2290999999999999
7954,-12.3635,3.2383999999999999
7955,-7.4404000000000003,3.2513999999999998
7956,-14.682499999999999,3.2383999999999999
7957,-19.921800000000001,3.2290999999999999
7958,-22.991,3.2235
7959,-25.9238,3.2161
7960,-20.665900000000001,3.2254
7961,-26.4756,3.2161
7962,-21.1309,3.2235
7963,-24.317900000000002,3.218
7964,-18.8368,3.2273000000000001
7965,-16.207799999999999,3.2328000000000001
7966,-11.4087,3.2421000000000002
7967,-16.0776,3.2347000000000001
7968,-16.09,3.2347000000000001
7969,-16.09,3.2347000000000001
7970,-16.09,3.2347000000000001
7971,-16.0776,3.2347000000000001
7972,-13.361800000000001,3.2403
7973,-8.3581000000000003,3.2513999999999998
7974,-8.2093000000000007,3.2532999999999999
7975,1.5189999999999999,3.2719
7976,-2.1328999999999998,3.2682000000000002
7977,-4.6192000000000002,3.2645
7978,-9.7222000000000008,3.2551999999999999
7979,-6.9691999999999998,3.2606999999999999
7980,-11.563700000000001,3.2532999999999999
7981,-22.005199999999999,3.2328000000000001
7982,-16.852599999999999,3.2403
7983,-16.883600000000001,3.2403
7984,-14.322900000000001,3.2440000000000002
7985,-7.0250000000000004,3.2589000000000001
7986,-4.1852,3.2645
7987,-4.1294000000000004,3.2663000000000002
7988,-3.9247999999999998,3.2682000000000002
7989,-1.054,3.2738
7990,-20.734100000000002,3.2383999999999999
7991,-3.621,3.2682000000000002
7992,-10.652200000000001,3.2570000000000001
7993,-8.6990999999999996,3.2606999999999999
7994,-8.5317000000000007,3.2606999999999999
7995,-15.339700000000001,3.2496
7996,-11.092499999999999,3.2551999999999999
7997,-39.961500000000001,3.2012
7998,2.0832999999999999,3.2755999999999998
7999,-39.961500000000001,3.2012
8000,-13.926,3.2440000000000002
8001,-27.145299999999999,3.2198000000000002
8002,-39.949100000000001,3.1938
8003,-28.478400000000001,3.2124000000000001
8004,-20.560500000000001,3.2254
8005,-26.395,3.2161
8006,-15.718,3.2347000000000001
8007,-10.881600000000001,3.2440000000000002
8008,0,3.2682000000000002
8009,1.6802999999999999,3.2738
8010,4.7184999999999997,3.2812000000000001
8011,7.9241000000000001,3.2886000000000002
8012,6.5972,3.2905000000000002
8013,-12.840999999999999,3.2551999999999999
8014,-12.8348,3.2532999999999999
8015,-3.2118000000000002,3.2719
8016,6.6778000000000004,3.2905000000000002
8017,-10.2492,3.2625999999999999
8018,-14.279500000000001,3.2532999999999999
8019,-10.2554,3.2589000000000001
8020,-2.5669,3.2738
8021,-9.9268000000000001,3.2606999999999999
8022,-11.6195,3.2589000000000001
8023,-11.613300000000001,3.2570000000000001
8024,-2.3313000000000001,3.2738
8025,0,3.2793000000000001
8026,0.16739999999999999,3.2812000000000001
8027,5.1711,3.2924000000000002
8028,8.0046999999999997,3.3016999999999999
8029,7.9737,3.3035000000000001
8030,9.1268999999999991,3.3090999999999999
8031,9.0463000000000005,3.3090999999999999
8032,7.8061999999999996,3.3090999999999999
8033,8.8478999999999992,3.3128000000000002
8034,15.190899999999999,3.3258000000000001
8035,11.644299999999999,3.3203
8036,14.1989,3.3277000000000001
8037,9.9949999999999992,3.3220999999999998
8038,8.5688999999999993,3.3203
8039,5.6051000000000002,3.3147000000000002
8040,4.6875,3.3128000000000002
8041,-3.3296000000000001,3.2978999999999998
8042,1.3640000000000001,3.3054000000000001
8043,5.2765000000000004,3.3128000000000002
8044,8.9595000000000002,3.3203
8045,15.7676,3.3351000000000002
8046,17.8447,3.3443999999999998
8047,5.9275000000000002,3.3220999999999998
8048,3.7574000000000001,3.3165
8049,1.5996999999999999,3.3128000000000002
8050,5.2454999999999998,3.3184
8051,4.7618999999999998,3.3184
8052,8.5317000000000007,3.3258000000000001
8053,3.8008000000000002,3.3184
8054,0,3.3109999999999999
8055,0,3.3090999999999999
8056,0,3.3090999999999999
8057,0,3.3090999999999999
8058,0,3.3090999999999999
8059,0,3.3090999999999999
8060,0,3.3090999999999999
8061,0,3.3090999999999999
8062,0,3.3090999999999999
8063,0,3.3090999999999999
8064,0,3.3090999999999999
8065,0,3.3071999999999999
8066,0,3.3071999999999999
8067,0,3.3071999999999999
8068,0,3.3071999999999999
8069,0,3.3090999999999999
8070,0,3.3090999999999999
8071,-3.3357999999999999,3.3016999999999999
8072,-10.615,3.2867999999999999
8073,-16.691400000000002,3.2719
8074,-20.207000000000001,3.2625999999999999
8075,-24.559699999999999,3.2513999999999998
8076,-28.199400000000001,3.2403
8077,-27.808700000000002,3.2383999999999999
8078,-30.760100000000001,3.2309999999999999
8079,-16.889800000000001,3.2551999999999999
8080,-21.719899999999999,3.2440000000000002
8081,-20.9697,3.2440000000000002
8082,-23.648299999999999,3.2383999999999999
8083,-31.4422,3.2235
8084,-16.201599999999999,3.2496
8085,-16.771999999999998,3.2496
8086,-13.0952,3.2570000000000001
8087,-15.965999999999999,3.2513999999999998
8088,-17.609100000000002,3.2458999999999998
8089,-19.810199999999998,3.2421000000000002
8090,-7.9302999999999999,3.2645
8091,-10.782400000000001,3.2606999999999999
8092,-4.2906000000000004,3.2719
8093,-0.48980000000000001,3.2812000000000001
8094,-8.9657,3.2663000000000002
8095,-18.892600000000002,3.2496
8096,-14.818899999999999,3.2551999999999999
8097,-6.5724,3.27
8098,-6.5724,3.27
8099,-6.5662000000000003,3.2719
8100,-6.5599999999999996,3.2719
8101,-6.5662000000000003,3.2719
8102,-7.7751999999999999,3.27
8103,-11.4397,3.2625999999999999
8104,-7.9241000000000001,3.27
8105,-4.7680999999999996,3.2755999999999998
8106,0.47739999999999999,3.2867999999999999
8107,5.1586999999999996,3.2978999999999998
8108,6.0328999999999997,3.3035000000000001
8109,2.2383000000000002,3.2978999999999998
8110,15.2529,3.3220999999999998
8111,16.604600000000001,3.3296000000000001
8112,20.120200000000001,3.3389000000000002
8113,14.688700000000001,3.3313999999999999
8114,13.6036,3.3313999999999999
8115,12.2829,3.3313999999999999
8116,10.602600000000001,3.3277000000000001
8117,6.1940999999999997,3.3203
8118,0,3.3090999999999999
8119,0,3.3090999999999999
8120,0,3.3071999999999999
8121,0,3.3071999999999999
8122,0,3.3071999999999999
8123,0,3.3071999999999999
8124,0,3.3071999999999999
8125,0,3.3071999999999999
8126,0,3.3071999999999999
8127,-8.3332999999999995,3.2886000000000002
8128,-10.646000000000001,3.2831000000000001
8129,-17.050999999999998,3.27
8130,-23.195599999999999,3.2551999999999999
8131,-27.374700000000001,3.2421000000000002
8132,-32.198599999999999,3.2309999999999999
8133,-39.967700000000001,3.2124000000000001
8134,-35.596400000000003,3.2161
8135,-11.7621,3.2589000000000001
8136,-28.373000000000001,3.2290999999999999
8137,-24.5411,3.2347000000000001
8138,-18.644500000000001,3.2421000000000002
8139,-6.6096000000000004,3.2663000000000002
8140,-3.1808000000000001,3.2755999999999998
8141,0,3.2831000000000001
8142,0.71919999999999995,3.2867999999999999
8143,1.3577999999999999,3.2886000000000002
8144,3.714,3.2978999999999998
8145,17.671099999999999,3.3258000000000001
8146,18.080300000000001,3.3296000000000001
8147,15.3149,3.3296000000000001
8148,12.152699999999999,3.3258000000000001
8149,8.9161000000000001,3.3203
8150,0,3.3054000000000001
8151,0,3.3035000000000001
8152,0,3.3035000000000001
8153,0,3.3035000000000001
8154,0,3.3035000000000001
8155,0,3.3035000000000001
8156,0,3.3035000000000001
8157,0,3.3035000000000001
8158,0,3.3035000000000001
8159,0,3.3054000000000001
8160,0,3.3054000000000001
8161,0,3.3054000000000001
8162,0,3.3054000000000001
8163,0,3.3054000000000001
8164,0,3.3054000000000001
8165,0,3.3054000000000001
8166,0,3.3054000000000001
8167,0,3.3054000000000001
8168,0,3.3054000000000001
8169,0,3.3054000000000001
8170,0,3.3071999999999999
8171,0,3.3071999999999999
8172,-10.491,3.2848999999999999
8173,-14.446899999999999,3.2755999999999998
8174,-18.322099999999999,3.2663000000000002
8175,-22.805,3.2551999999999999
8176,-28.608599999999999,3.2403
8177,-33.438699999999997,3.2273000000000001
8178,-39.942900000000002,3.2124000000000001
8179,-39.949100000000001,3.2086999999999999
8180,-22.0486,3.2366000000000001
8181,-21.812899999999999,3.2383999999999999
8182,-39.961500000000001,3.2048999999999999
8183,-28.3916,3.2216999999999998
8184,-14.453099999999999,3.2458999999999998
8185,-24.851099999999999,3.2273000000000001
8186,-10.8506,3.2532999999999999
8187,-14.5647,3.2496
8188,-14.8499,3.2458999999999998
8189,-4.6130000000000004,3.2682000000000002
8190,-7.7565999999999997,3.2645
8191,-7.7999999999999998,3.2645
8192,-2.6970999999999998,3.2755999999999998
8193,-0.69440000000000002,3.2793000000000001
8194,-11.2537,3.2606999999999999
8195,-6.5724,3.27
8196,0.52080000000000004,3.2831000000000001
8197,-4.4828000000000001,3.2755999999999998
8198,-4.4146000000000001,3.2774999999999999
8199,-2.4986999999999999,3.2812000000000001
8200,-6.2934000000000001,3.2755999999999998
8201,-6.2872000000000003,3.2738
8202,-6.2934000000000001,3.2738
8203,-6.2995999999999999,3.2738
8204,-6.2934000000000001,3.2738
8205,-2.4428999999999998,3.2831000000000001
8206,-8.1349,3.2719
8207,-8.1659000000000006,3.2719
8208,-11.049099999999999,3.2663000000000002
8209,-0.57040000000000002,3.2848999999999999
8210,-2.4428999999999998,3.2831000000000001
8211,-6.2188999999999997,3.2774999999999999
8212,-6.2065000000000001,3.2774999999999999
8213,-2.4180999999999999,3.2848999999999999
8214,-2.3313000000000001,3.2848999999999999
8215,-4.1727999999999996,3.2812000000000001
8216,6.0080999999999998,3.3035000000000001
8217,10.2058,3.3147000000000002
8218,13.126200000000001,3.3220999999999998
8219,13.8454,3.3258000000000001
8220,14.8375,3.3313999999999999
8221,15.965999999999999,3.3351000000000002
8222,13.2874,3.3313999999999999
8223,13.2812,3.3332999999999999
8224,10.677,3.3296000000000001
8225,6.8018000000000001,3.3239999999999998
8226,0,3.3109999999999999
8227,0,3.3090999999999999
8228,0,3.3090999999999999
8229,0,3.3090999999999999
8230,0,3.3090999999999999
8231,0,3.3071999999999999
8232,0,3.3071999999999999
8233,0,3.3071999999999999
8234,0,3.3071999999999999
8235,-3.9744000000000002,3.2997999999999998
8236,-7.5334000000000003,3.2905000000000002
8237,-6.6529999999999996,3.2905000000000002
8238,-3.6272000000000002,3.2978999999999998
8239,-11.421099999999999,3.2812000000000001
8240,-7.1055999999999999,3.2867999999999999
8241,-6.6096000000000004,3.2886000000000002
8242,-10.2988,3.2812000000000001
8243,-15.8544,3.2682000000000002
8244,-17.4603,3.2645
8245,-16.331800000000001,3.2645
8246,-13.926,3.2663000000000002
8247,-13.492000000000001,3.2682000000000002
8248,-12.0039,3.2682000000000002
8249,-13.3308,3.2663000000000002
8250,-14.453099999999999,3.2625999999999999
8251,-12.568199999999999,3.2663000000000002
8252,-11.7683,3.2682000000000002
8253,-8.6928999999999998,3.2719
8254,-5.2827000000000002,3.2793000000000001
8255,-3.8193999999999999,3.2831000000000001
8256,-3.8008000000000002,3.2831000000000001
8257,-3.8132000000000001,3.2848999999999999
8258,-3.8132000000000001,3.2848999999999999
8259,-3.8132000000000001,3.2848999999999999
8260,-11.7745,3.27
8261,-6.3182,3.2793000000000001
8262,-6.4112,3.2793000000000001
8263,0.71919999999999995,3.2961
8264,0.71919999999999995,3.2961
8265,-0.77500000000000002,3.2961
8266,-3.8132000000000001,3.2886000000000002
8267,-3.8193999999999999,3.2886000000000002
8268,1.7981,3.3016999999999999
8269,6.2126999999999999,3.3109999999999999
8270,16.492999999999999,3.3313999999999999
8271,13.2874,3.3296000000000001
8272,10.677,3.3277000000000001
8273,0,3.3071999999999999
8274,0,3.3071999999999999
8275,0,3.3071999999999999
8276,0,3.3054000000000001
8277,0,3.3071999999999999
8278,0,3.3054000000000001
8279,0,3.3071999999999999
8280,0,3.3071999999999999
8281,0,3.3071999999999999
8282,0,3.3071999999999999
8283,0,3.3071999999999999
8284,0,3.3071999999999999
8285,0,3.3071999999999999
8286,0,3.3071999999999999
8287,0,3.3071999999999999
8288,0,3.3071999999999999
8289,0,3.3071999999999999
8290,0,3.3071999999999999
8291,0,3.3071999999999999
8292,0,3.3071999999999999
8293,-10.4848,3.2867999999999999
8294,-14.459300000000001,3.2774999999999999
8295,-18.328299999999999,3.2663000000000002
8296,-22.563199999999998,3.2551999999999999
8297,-13.2936,3.27
8298,-13.0518,3.27
8299,-11.011900000000001,3.2738
8300,-2.1328999999999998,3.2905000000000002
8301,-2.1391,3.2924000000000002
8302,-6.2934000000000001,3.2848999999999999
8303,-4.1294000000000004,3.2886000000000002
8304,-2.1328999999999998,3.2924000000000002
8305,-0.13020000000000001,3.2997999999999998
8306,1.0416000000000001,3.3016999999999999
8307,-1.1346000000000001,3.2997999999999998
8308,0.27900000000000003,3.3016999999999999
8309,-6.2561999999999998,3.2886000000000002
8310,-3.2118000000000002,3.2961
8311,-1.1346000000000001,3.2997999999999998
8312,0.60140000000000005,3.3035000000000001
8313,-1.0911999999999999,3.3016999999999999
8314,-2.0461,3.2997999999999998
8315,-3.0567000000000002,3.2978999999999998
8316,-6.25,3.2886000000000002
8317,-7.2544000000000004,3.2867999999999999
8318,-10.4414,3.2793000000000001
8319,-8.9346999999999994,3.2812000000000001
8320,-12.524800000000001,3.2738
8321,-10.968500000000001,3.2755999999999998
8322,-3.931,3.2886000000000002
8323,-3.9744000000000002,3.2886000000000002
8324,-7.7380000000000004,3.2812000000000001
8325,-7.5334000000000003,3.2812000000000001
8326,-7.6449999999999996,3.2812000000000001
8327,-4.5633999999999997,3.2867999999999999
8328,-3.2118000000000002,3.2905000000000002
8329,-3.2118000000000002,3.2905000000000002
8330,-5.3261000000000003,3.2867999999999999
8331,-14.961499999999999,3.2682000000000002
8332,-20.4861,3.2551999999999999
8333,-15.246700000000001,3.2625999999999999
8334,-10.8134,3.27
8335,-10.4352,3.2719
8336,3.9620000000000002,3.2997999999999998
8337,17.683499999999999,3.3296000000000001
8338,16.207799999999999,3.3313999999999999
8339,13.0642,3.3296000000000001
8340,9.7159999999999993,3.3239999999999998
8341,0,3.3071999999999999
8342,0,3.3071999999999999
8343,0,3.3054000000000001
8344,0,3.3054000000000001
8345,0,3.3054000000000001
8346,0,3.3054000000000001
8347,0,3.3071999999999999
8348,0,3.3071999999999999
8349,0,3.3071999999999999
8350,0,3.3071999999999999
8351,0,3.3071999999999999
8352,0,3.3071999999999999
8353,0,3.3071999999999999
8354,0,3.3071999999999999
8355,0,3.3071999999999999
8356,0,3.3071999999999999
8357,0,3.3071999999999999
8358,0,3.3071999999999999
8359,0,3.3071999999999999
8360,0,3.3071999999999999
8361,0,3.3090999999999999
8362,0,3.3090999999999999
8363,0,3.3090999999999999
8364,0,3.3090999999999999
8365,0,3.3090999999999999
8366,0,3.3090999999999999
8367,0,3.3090999999999999
8368,0,3.3090999999999999
8369,0,3.3090999999999999
8370,-6.4421999999999997,3.2961
8371,-8.1721000000000004,3.2905000000000002
8372,-17.125399999999999,3.2719
8373,-13.895,3.2755999999999998
8374,-16.412400000000002,3.2682000000000002
8375,-12.0039,3.2755999999999998
8376,-11.644299999999999,3.2755999999999998
8377,-20.002400000000002,3.2589000000000001
8378,-21.6083,3.2532999999999999
8379,-16.530200000000001,3.2606999999999999
8380,-15.7118,3.2606999999999999
8381,-15.4513,3.2606999999999999
8382,-17.522300000000001,3.2570000000000001
8383,-13.4796,3.2645
8384,-7.6201999999999996,3.2738
8385,-9.1765000000000008,3.2719
8386,-5.6485000000000003,3.2793000000000001
8387,-5.6856999999999998,3.2793000000000001
8388,-4.1294000000000004,3.2831000000000001
8389,-6.5662000000000003,3.2793000000000001
8390,-5.7229000000000001,3.2812000000000001
8391,-4.1727999999999996,3.2831000000000001
8392,1.2834000000000001,3.2961
8393,1.2834000000000001,3.2978999999999998
8394,10.1252,3.3165
8395,11.191700000000001,3.3220999999999998
8396,13.355600000000001,3.3277000000000001
8397,7.8497000000000003,3.3203
8398,6.2374999999999998,3.3184
8399,7.6387999999999998,3.3220999999999998
8400,0,3.3090999999999999
8401,0,3.3071999999999999
8402,0,3.3071999999999999
8403,0,3.3071999999999999
8404,0,3.3071999999999999
8405,0,3.3071999999999999
8406,0,3.3071999999999999
8407,0,3.3071999999999999
8408,0,3.3071999999999999
8409,0,3.3071999999999999
8410,0,3.3071999999999999
8411,0,3.3071999999999999
8412,0,3.3090999999999999
8413,0,3.3090999999999999
8414,0,3.3090999999999999
8415,0,3.3090999999999999
8416,0,3.3090999999999999
8417,0,3.3090999999999999
8418,-4.5696000000000003,3.2997999999999998
8419,-6.25,3.2961
8420,-3.8504,3.2997999999999998
8421,-6.9630000000000001,3.2905000000000002
8422,-14.019,3.2774999999999999
8423,-13.647,3.2755999999999998
8424,-15.965999999999999,3.27
8425,-10.2058,3.2774999999999999
8426,-16.2822,3.2663000000000002
8427,-5.0967000000000002,3.2867999999999999
8428,-0.10539999999999999,3.2978999999999998
8429,-2.0522999999999998,3.2961
8430,-16.840199999999999,3.2663000000000002
8431,-11.8613,3.2738
8432,-11.458299999999999,3.2738
8433,-16.933199999999999,3.2625999999999999
8434,-14.093500000000001,3.2663000000000002
8435,-3.2118000000000002,3.2867999999999999
8436,0.83079999999999998,3.2961
8437,-10.2058,3.2755999999999998
8438,-10.491,3.2738
8439,-5.6174999999999997,3.2831000000000001
8440,4.0735999999999999,3.3035000000000001
8441,3.5962000000000001,3.3054000000000001
8442,4.5199999999999996,3.3090999999999999
8443,11.0801,3.3239999999999998
8444,10.962300000000001,3.3258000000000001
8445,8.1597000000000008,3.3220999999999998
8446,0,3.3071999999999999
8447,0,3.3071999999999999
8448,0,3.3071999999999999
8449,0,3.3071999999999999
8450,0,3.3071999999999999
8451,0,3.3071999999999999
8452,-0.10539999999999999,3.3071999999999999
8453,-8.6928999999999998,3.2886000000000002
8454,-10.646000000000001,3.2831000000000001
8455,-16.604600000000001,3.27
8456,-20.386900000000001,3.2606999999999999
8457,-12.0039,3.2738
8458,-17.447900000000001,3.2625999999999999
8459,-18.886399999999998,3.2589000000000001
8460,-17.237100000000002,3.2589000000000001
8461,-21.732299999999999,3.2496
8462,-20.926300000000001,3.2496
8463,-19.965199999999999,3.2496
8464,-16.213999999999999,3.2551999999999999
8465,-16.933199999999999,3.2532999999999999
8466,-11.8489,3.2625999999999999
8467,-10.7638,3.2645
8468,-8.0853000000000002,3.27
8469,-9.6478000000000002,3.2682000000000002
8470,-8.3704999999999998,3.27
8471,-4.4828000000000001,3.2774999999999999
8472,0,3.2867999999999999
8473,-2.7776999999999998,3.2831000000000001
8474,-1.1346000000000001,3.2867999999999999
8475,1.3577999999999999,3.2961
8476,2.5979000000000001,3.2997999999999998
8477,6.7522000000000002,3.3090999999999999
8478,10.7514,3.3184
8479,10.087999999999999,3.3203
8480,11.7249,3.3258000000000001
8481,9.8461999999999996,3.3239999999999998
8482,5.2454999999999998,3.3165
8483,6.6778000000000004,3.3203
8484,0,3.3071999999999999
8485,0,3.3071999999999999
8486,0,3.3071999999999999
8487,0,3.3071999999999999
8488,-0.48980000000000001,3.3054000000000001
8489,0,3.3071999999999999
8490,0,3.3071999999999999
8491,-9.6105999999999998,3.2867999999999999
8492,-10.639799999999999,3.2831000000000001
8493,-17.813700000000001,3.2663000000000002
8494,-23.970700000000001,3.2532999999999999
8495,-24.1629,3.2496
8496,-16.133400000000002,3.2606999999999999
8497,-10.410399999999999,3.2719
8498,-13.039400000000001,3.2663000000000002
8499,-14.2485,3.2645
8500,-15.811,3.2589000000000001
8501,-16.5364,3.2570000000000001
8502,-25.279,3.2383999999999999
8503,-22.997199999999999,3.2403
8504,-16.846399999999999,3.2513999999999998
8505,-10.968500000000001,3.2625999999999999
8506,-8.2093000000000007,3.2682000000000002
8507,-12.295299999999999,3.2606999999999999
8508,-4.5696000000000003,3.2755999999999998
8509,-4.5633999999999997,3.2774999999999999
8510,-2.8893,3.2812000000000001
8511,0,3.2886000000000002
8512,-1.1718,3.2867999999999999
8513,-4.3712,3.2812000000000001
8514,-4.3712,3.2812000000000001
8515,-2.7652999999999999,3.2848999999999999
8516,2.0337000000000001,3.2961
8517,-2.6537000000000002,3.2867999999999999
8518,-4.1604000000000001,3.2848999999999999
8519,-4.1604000000000001,3.2848999999999999
8520,-4.1604000000000001,3.2848999999999999
8521,-4.1604000000000001,3.2848999999999999
8522,-4.1727999999999996,3.2848999999999999
8523,-5.8159000000000001,3.2812000000000001
8524,-9.5299999999999994,3.2738
8525,-11.2103,3.27
8526,-25.483599999999999,3.2403
8527,-19.351400000000002,3.2496
8528,-19.7668,3.2458999999999998
8529,-20.523299999999999,3.2440000000000002
8530,-5.7911000000000001,3.2719
8531,-14.446899999999999,3.2570000000000001
8532,-12.0039,3.2606999999999999
8533,-10.4848,3.2625999999999999
8534,-4.1294000000000004,3.2755999999999998
8535,-2.2073,3.2812000000000001
8536,-5.8964999999999996,3.2755999999999998
8537,-4.0053999999999998,3.2793000000000001
8538,-0.3286,3.2867999999999999
8539,1.3577999999999999,3.2905000000000002
8540,-3.9681999999999999,3.2831000000000001
8541,1.3577999999999999,3.2924000000000002
8542,1.3577999999999999,3.2961
8543,-3.6457999999999999,3.2848999999999999
8544,-0.10539999999999999,3.2924000000000002
8545,-3.5651999999999999,3.2867999999999999
8546,4.6811999999999996,3.3035000000000001
8547,2.0771000000000002,3.3016999999999999
8548,-3.1745999999999999,3.2905000000000002
8549,-4.8425000000000002,3.2867999999999999
8550,-4.8487,3.2848999999999999
8551,-4.8425000000000002,3.2848999999999999
8552,0,3.2961
8553,-3.0567000000000002,3.2905000000000002
8554,-4.7309000000000001,3.2867999999999999
8555,-1.3391999999999999,3.2924000000000002
8556,0.72540000000000004,3.2997999999999998
8557,2.6909000000000001,3.3035000000000001
8558,1.3640000000000001,3.3016999999999999
8559,2.6475,3.3054000000000001
8560,7.9984999999999999,3.3165
8561,9.5795999999999992,3.3220999999999998
8562,8.7673000000000005,3.3220999999999998
8563,6.5910000000000002,3.3203
8564,5.2393000000000001,3.3184
8565,-2.4119000000000002,3.3035000000000001
8566,-11.458299999999999,3.2831000000000001
8567,-10.8878,3.2812000000000001
8568,-7.9302999999999999,3.2848999999999999
8569,-8.9657,3.2831000000000001
8570,-10.1252,3.2793000000000001
8571,-10.453799999999999,3.2774999999999999
8572,-12.7232,3.2719
8573,-15.8544,3.2645
8574,-16.567399999999999,3.2606999999999999
8575,-11.613300000000001,3.27
8576,-3.9744000000000002,3.2831000000000001
8577,-6.2934000000000001,3.2812000000000001
8578,-6.3305999999999996,3.2793000000000001
8579,-6.4546000000000001,3.2793000000000001
8580,-11.6381,3.27
8581,-8.1783000000000001,3.2755999999999998
8582,-13.6098,3.2663000000000002
8583,-6.2126999999999999,3.2774999999999999
8584,-6.25,3.2774999999999999
8585,-6.25,3.2793000000000001
8586,-2.9699,3.2848999999999999
8587,4.4084000000000003,3.3035000000000001
8588,2.0337000000000001,3.2997999999999998
8589,1.3577999999999999,3.2997999999999998
8590,6.1196999999999999,3.3109999999999999
8591,3.2427999999999999,3.3054000000000001
8592,1.2709999999999999,3.3035000000000001
8593,-7.335,3.2848999999999999
8594,-7.4527999999999999,3.2831000000000001
8595,-8.9657,3.2793000000000001
8596,-6.2934000000000001,3.2831000000000001
8597,-10.639799999999999,3.2755999999999998
8598,-12.531000000000001,3.27
8599,-11.5327,3.2719
8600,-8.0046999999999997,3.2774999999999999
8601,-11.966699999999999,3.27
8602,-12.3325,3.2682000000000002
8603,-7.0869999999999997,3.2774999999999999
8604,-2.9761000000000002,3.2848999999999999
8605,-2.9761000000000002,3.2848999999999999
8606,-2.8893,3.2867999999999999
8607,0.76259999999999994,3.2961
8608,0.76259999999999994,3.2978999999999998
8609,-2.7715000000000001,3.2905000000000002
8610,-4.3339999999999996,3.2867999999999999
8611,0.76259999999999994,3.2978999999999998
8612,0.76259999999999994,3.2997999999999998
8613,2.0026999999999999,3.3035000000000001
8614,-9.0959000000000003,3.2812000000000001
8615,-10.683199999999999,3.2755999999999998
8616,-8.0108999999999995,3.2793000000000001
8617,-6.6963999999999997,3.2812000000000001
8618,-1.1346000000000001,3.2924000000000002
8619,-6.6901999999999999,3.2812000000000001
8620,-4.3277999999999999,3.2867999999999999
8621,-4.3277999999999999,3.2867999999999999
8622,0,3.2961
8623,0.16739999999999999,3.2978999999999998
8624,1.3640000000000001,3.3016999999999999
8625,0.16739999999999999,3.2997999999999998
8626,-2.6040999999999999,3.2924000000000002
8627,-4.1790000000000003,3.2905000000000002
8628,-4.1604000000000001,3.2905000000000002
8629,-0.97960000000000003,3.2978999999999998
8630,-2.4863,3.2961
8631,-4.1294000000000004,3.2905000000000002
8632,0,3.2997999999999998
8633,0.16739999999999999,3.3016999999999999
8634,-3.9247999999999998,3.2924000000000002
8635,-7.7565999999999997,3.2831000000000001
8636,-2.4428999999999998,3.2961
8637,0.19220000000000001,3.2997999999999998
8638,3.8008000000000002,3.3090999999999999
8639,4.7618999999999998,3.3128000000000002
8640,5.9275000000000002,3.3165
8641,1.7175,3.3090999999999999
8642,-2.8458999999999999,3.2997999999999998
8643,-3.9247999999999998,3.2978999999999998
8644,-13.0456,3.2774999999999999
8645,-12.3635,3.2755999999999998
8646,-10.894,3.2774999999999999
8647,-5.8159000000000001,3.2848999999999999
8648,-5.8468999999999998,3.2848999999999999
8649,-10.044600000000001,3.2774999999999999
8650,-6.1010999999999997,3.2831000000000001
8651,-5.3323,3.2848999999999999
8652,-5.3632999999999997,3.2848999999999999
8653,-6.25,3.2831000000000001
8654,0.186,3.2978999999999998
8655,-0.76880000000000004,3.2978999999999998
8656,-3.8132000000000001,3.2905000000000002
8657,-3.8132000000000001,3.2905000000000002
8658,0.19220000000000001,3.2997999999999998
8659,-0.72540000000000004,3.2997999999999998
8660,-0.72540000000000004,3.2997999999999998
8661,-3.6147999999999998,3.2924000000000002
8662,-5.8902999999999999,3.2886000000000002
8663,-10.1004,3.2793000000000001
8664,-3.8132000000000001,3.2905000000000002
8665,0.72540000000000004,3.3016999999999999
8666,-3.7387999999999999,3.2905000000000002
8667,1.2709999999999999,3.3035000000000001
8668,-8.5317000000000007,3.2831000000000001
8669,-11.4397,3.2755999999999998
8670,-10.323600000000001,3.2755999999999998
8671,1.2834000000000001,3.2997999999999998
8672,4.8859000000000004,3.3090999999999999
8673,10.602600000000001,3.3220999999999998
8674,8.9161000000000001,3.3220999999999998
8675,13.151,3.3313999999999999
8676,10.4848,3.3296000000000001
8677,7.335,3.3239999999999998
8678,0,3.3109999999999999
8679,0,3.3090999999999999
8680,0,3.3090999999999999
8681,0,3.3090999999999999
8682,0,3.3090999999999999
8683,0,3.3090999999999999
8684,-6.4421999999999997,3.2961
8685,-9.6788000000000007,3.2867999999999999
8686,-20.5047,3.2645
8687,-22.091999999999999,3.2570000000000001
8688,-26.277200000000001,3.2440000000000002
8689,-20.851900000000001,3.2532999999999999
8690,-12.4069,3.2682000000000002
8691,-15.6374,3.2606999999999999
8692,-13.529199999999999,3.2645
8693,-12.196099999999999,3.2663000000000002
8694,-14.4283,3.2625999999999999
8695,-21.093699999999998,3.2458999999999998
8696,-26.680299999999999,3.2347000000000001
8697,-19.165400000000002,3.2458999999999998
8698,-11.799300000000001,3.2606999999999999
8699,-8.2898999999999994,3.2682000000000002
8700,-6.0514999999999999,3.2719
8701,-4.4889999999999999,3.2774999999999999
8702,-4.4828000000000001,3.2774999999999999
8703,3.6334,3.2961
8704,-1.085,3.2867999999999999
8705,0,3.2905000000000002
8706,0.76259999999999994,3.2961
8707,0.16739999999999999,3.2924000000000002
8708,1.2709999999999999,3.2978999999999998
8709,0.16739999999999999,3.2961
8710,1.2709999999999999,3.2997999999999998
8711,5.8034999999999997,3.3090999999999999
8712,10.6088,3.3203
8713,1.2709999999999999,3.3035000000000001
8714,-2.8149000000000002,3.2961
8715,-6.2934000000000001,3.2867999999999999
8716,-10.689399999999999,3.2774999999999999
8717,-9.1268999999999991,3.2793000000000001
8718,-0.53320000000000001,3.2961
8719,-3.2427999999999999,3.2905000000000002
8720,-5.4562999999999997,3.2867999999999999
8721,0.27900000000000003,3.2978999999999998
8722,-3.2490000000000001,3.2924000000000002
8723,-3.2427999999999999,3.2905000000000002
8724,-12.4069,3.2738
8725,-9.6105999999999998,3.2774999999999999
8726,-11.2103,3.2719
8727,-6.0143000000000004,3.2831000000000001
8728,-7.4404000000000003,3.2793000000000001
8729,-8.9718999999999998,3.2755999999999998
8730,-5.4873000000000003,3.2812000000000001
8731,-2.4119000000000002,3.2886000000000002
8732,1.2834000000000001,3.2978999999999998
8733,3.714,3.3054000000000001
8734,0.71919999999999995,3.2997999999999998
8735,1.24,3.3016999999999999
8736,0.27900000000000003,3.2997999999999998
8737,0.71919999999999995,3.3016999999999999
8738,1.3206,3.3035000000000001
8739,0.76259999999999994,3.3035000000000001
8740,4.5262000000000002,3.3109999999999999
8741,13.1572,3.3296000000000001
8742,11.4459,3.3296000000000001
8743,8.2774999999999999,3.3258000000000001
8744,0,3.3090999999999999
8745,0,3.3090999999999999
8746,0,3.3071999999999999
8747,0,3.3071999999999999
8748,0,3.3071999999999999
8749,0,3.3071999999999999
8750,0,3.3071999999999999
8751,0,3.3071999999999999
8752,0,3.3071999999999999
8753,0,3.3090999999999999
8754,0,3.3071999999999999
8755,0,3.3071999999999999
8756,0,3.3071999999999999
8757,0,3.3090999999999999
8758,0,3.3090999999999999
8759,0,3.3090999999999999
8760,0,3.3090999999999999
8761,0,3.3090999999999999
8762,0,3.3090999999999999
8763,0,3.3090999999999999
8764,0,3.3090999999999999
8765,0,3.3090999999999999
8766,0,3.3090999999999999
8767,0,3.3090999999999999
8768,0,3.3090999999999999
8769,0,3.3090999999999999
8770,0,3.3090999999999999
8771,0,3.3090999999999999
8772,0,3.3090999999999999
8773,0,3.3109999999999999
8774,0,3.3109999999999999
8775,0,3.3109999999999999
8776,0,3.3109999999999999
8777,-3.9681999999999999,3.3035000000000001
8778,-9.0525000000000002,3.2905000000000002
8779,-16.0032,3.2738
8780,-19.636600000000001,3.2645
8781,-24.0017,3.2532999999999999
8782,-27.728100000000001,3.2403
8783,-15.339700000000001,3.2625999999999999
8784,-16.604600000000001,3.2606999999999999
8785,-20.734100000000002,3.2513999999999998
8786,-16.3752,3.2589000000000001
8787,-15.147500000000001,3.2589000000000001
8788,-13.151,3.2625999999999999
8789,-13.684200000000001,3.2625999999999999
8790,-15.606299999999999,3.2570000000000001
8791,-7.6449999999999996,3.2719
8792,-11.4521,3.2663000000000002
8793,-10.8878,3.2663000000000002
8794,-9.6478000000000002,3.2682000000000002
8795,0,3.2867999999999999
8796,1.3515999999999999,3.2924000000000002
8797,1.3577999999999999,3.2961
8798,-4.0860000000000003,3.2848999999999999
8799,2.7652999999999999,3.2997999999999998
8800,9.8523999999999994,3.3147000000000002
8801,10.323600000000001,3.3184
8802,4.1542000000000003,3.3090999999999999
8803,3.4411999999999998,3.3090999999999999
8804,11.607100000000001,3.3258000000000001
8805,10.962300000000001,3.3258000000000001
8806,7.4404000000000003,3.3220999999999998
8807,2.4367000000000001,3.3128000000000002
8808,0.60140000000000005,3.3090999999999999
8809,0,3.3071999999999999
8810,0,3.3071999999999999
8811,0,3.3071999999999999
8812,0,3.3071999999999999
8813,-0.57040000000000002,3.3054000000000001
8814,-2.2073,3.3035000000000001
8815,-2.2507000000000001,3.3016999999999999
8816,0,3.3071999999999999
8817,-0.56420000000000003,3.3054000000000001
8818,0,3.3071999999999999
8819,0,3.3071999999999999
8820,0,3.3071999999999999
8821,0,3.3071999999999999
8822,0,3.3071999999999999
8823,0,3.3071999999999999
8824,0,3.3071999999999999
8825,-0.10539999999999999,3.3071999999999999
8826,-1.8043,3.3054000000000001
8827,-3.4102000000000001,3.3016999999999999
8828,-6.6096000000000004,3.2924000000000002
8829,-15.0731,3.2755999999999998
8830,-17.2867,3.2682000000000002
8831,-20.200800000000001,3.2606999999999999
8832,-9.8957999999999995,3.2774999999999999
8833,-5.4439000000000002,3.2848999999999999
8834,-13.851599999999999,3.27
8835,-19.8536,3.2570000000000001
8836,-20.1326,3.2532999999999999
8837,-13.082800000000001,3.2645
8838,-5.1711,3.2793000000000001
8839,-3.9744000000000002,3.2831000000000001
8840,-4.0053999999999998,3.2848999999999999
8841,-6.2561999999999998,3.2812000000000001
8842,-11.8117,3.27
8843,-9.1206999999999994,3.2738
8844,-12.561999999999999,3.2663000000000002
8845,-11.7683,3.2682000000000002
8846,-10.1004,3.27
8847,-2.2879,3.2848999999999999
8848,-2.2507000000000001,3.2867999999999999
8849,-6.0453000000000001,3.2812000000000001
8850,-8.9284999999999997,3.2755999999999998
8851,-9.0835000000000008,3.2738
8852,-6.4112,3.2774999999999999
8853,-9.3315000000000001,3.2738
8854,-6.25,3.2774999999999999
8855,-7.7256,3.2755999999999998
8856,-5.6051000000000002,3.2793000000000001
8857,-4.0983999999999998,3.2831000000000001
8858,-4.0860000000000003,3.2831000000000001
8859,-2.4863,3.2867999999999999
8860,-2.4863,3.2886000000000002
8861,-4.0053999999999998,3.2848999999999999
8862,0,3.2961
8863,-2.5669,3.2886000000000002
8864,0.71919999999999995,3.2978999999999998
8865,1.2709999999999999,3.2997999999999998
8866,3.7946,3.3054000000000001
8867,4.7680999999999996,3.3090999999999999
8868,10.087999999999999,3.3203
8869,6.4421999999999997,3.3165
8870,10.832000000000001,3.3258000000000001
8871,4.9169,3.3165
8872,6.4112,3.3203
8873,7.5953999999999997,3.3239999999999998
8874,0,3.3090999999999999
8875,0,3.3090999999999999
8876,0,3.3090999999999999
8877,0,3.3071999999999999
8878,0,3.3071999999999999
8879,0,3.3071999999999999
8880,0,3.3071999999999999
8881,0,3.3071999999999999
8882,0,3.3071999999999999
8883,0,3.3071999999999999
8884,0,3.3071999999999999
8885,0,3.3090999999999999
8886,0,3.3090999999999999
8887,0,3.3090999999999999
8888,0,3.3090999999999999
8889,0,3.3090999999999999
8890,0,3.3090999999999999
8891,0,3.3090999999999999
8892,0,3.3090999999999999
8893,-6.7708000000000004,3.2961
8894,-10.652200000000001,3.2848999999999999
8895,-16.127199999999998,3.2719
8896,-22.271799999999999,3.2570000000000001
8897,-26.4818,3.2440000000000002
8898,-31.343,3.2328000000000001
8899,-27.368500000000001,3.2347000000000001
8900,-24.200099999999999,3.2383999999999999
8901,-9.3315000000000001,3.2663000000000002
8902,1.2338,3.2886000000000002
8903,1.24,3.2924000000000002
8904,12.3201,3.3165
8905,13.436199999999999,3.3239999999999998
8906,10.8444,3.3220999999999998
8907,7.1614000000000004,3.3165
8908,0,3.3054000000000001
8909,0,3.3035000000000001
8910,0,3.3035000000000001
8911,0,3.3035000000000001
8912,0,3.3035000000000001
8913,0,3.3054000000000001
8914,0,3.3054000000000001
8915,0,3.3054000000000001
8916,0,3.3054000000000001
8917,0,3.3054000000000001
8918,0,3.3054000000000001
8919,0,3.3054000000000001
8920,0,3.3071999999999999
8921,-0.76880000000000004,3.3054000000000001
8922,-4.3277999999999999,3.2978999999999998
8923,-6.6033999999999997,3.2905000000000002
8924,-9.7408000000000001,3.2831000000000001
8925,-18.123699999999999,3.2663000000000002
8926,-15.1723,3.2682000000000002
8927,-8.1721000000000004,3.2812000000000001
8928,-2.5669,3.2924000000000002
8929,0.47120000000000001,3.2997999999999998
8930,-3.3357999999999999,3.2924000000000002
8931,-3.9186000000000001,3.2905000000000002
8932,-1.5314000000000001,3.2978999999999998
8933,-8.2093000000000007,3.2831000000000001
8934,-13.361800000000001,3.2719
8935,-14.682499999999999,3.2682000000000002
8936,-16.325600000000001,3.2625999999999999
8937,-13.169600000000001,3.2663000000000002
8938,-15.5319,3.2625999999999999
8939,-7.9737,3.2755999999999998
8940,-6.2934000000000001,3.2793000000000001
8941,-2.7652999999999999,3.2867999999999999
8942,0.27900000000000003,3.2961
8943,0.27900000000000003,3.2961
8944,-6.4421999999999997,3.2831000000000001
8945,-6.2934000000000001,3.2831000000000001
8946,-5.1276999999999999,3.2831000000000001
8947,-1.6121000000000001,3.2905000000000002
8948,-0.36580000000000001,3.2961
8949,-0.36580000000000001,3.2961
8950,-2.8210999999999999,3.2924000000000002
8951,-1.6183000000000001,3.2961
8952,5.4439000000000002,3.3090999999999999
8953,1.6369,3.3054000000000001
8954,0.32240000000000002,3.3016999999999999
8955,-6.8948,3.2867999999999999
8956,-4.7247000000000003,3.2905000000000002
8957,-4.7743000000000002,3.2886000000000002
8958,1.1656,3.3035000000000001
8959,8.3270999999999997,3.3184
8960,7.0312000000000001,3.3165
8961,7.242,3.3203
8962,0,3.3071999999999999
8963,0,3.3071999999999999
8964,0,3.3054000000000001
8965,0,3.3054000000000001
8966,0,3.3054000000000001
8967,0,3.3071999999999999
8968,0,3.3071999999999999
8969,0,3.3071999999999999
8970,0,3.3071999999999999
8971,0,3.3071999999999999
8972,0,3.3071999999999999
8973,0,3.3071999999999999
8974,0,3.3071999999999999
8975,0,3.3071999999999999
8976,-3.3296000000000001,3.3016999999999999
8977,-0.48359999999999997,3.3054000000000001
8978,-0.48980000000000001,3.3071999999999999
8979,-0.48980000000000001,3.3071999999999999
8980,-0.48980000000000001,3.3071999999999999
8981,-2.2507000000000001,3.3035000000000001
8982,-4.7247000000000003,3.2978999999999998
8983,-3.5714000000000001,3.2997999999999998
8984,-3.5714000000000001,3.2997999999999998
8985,-4.5385999999999997,3.2978999999999998
8986,-9.4990000000000006,3.2848999999999999
8987,-11.5327,3.2793000000000001
8988,-4.1727999999999996,3.2924000000000002
8989,0,3.3035000000000001
8990,0,3.3035000000000001
8991,0,3.3035000000000001
8992,-6.6219999999999999,3.2905000000000002
8993,-13.8454,3.2755999999999998
8994,-22.042400000000001,3.2570000000000001
8995,-26.8415,3.2421000000000002
8996,-25.241800000000001,3.2421000000000002
8997,-17.534700000000001,3.2551999999999999
8998,-11.055300000000001,3.2663000000000002
8999,-7.5705999999999998,3.2738
9000,-12.1341,3.2663000000000002
9001,-10.652200000000001,3.2682000000000002
9002,-9.6478000000000002,3.27
9003,-8.5317000000000007,3.2719
9004,-3.6457999999999999,3.2812000000000001
9005,1.2834000000000001,3.2924000000000002
9006,1.24,3.2961
9007,-3.4474,3.2867999999999999
9008,-3.4474,3.2867999999999999
9009,-3.4598,3.2867999999999999
9010,-3.4411999999999998,3.2867999999999999
9011,-3.4474,3.2867999999999999
9012,-9.6167999999999996,3.2755999999999998
9013,-5.0408999999999997,3.2831000000000001
9014,-8.5317000000000007,3.2774999999999999
9015,-5.9275000000000002,3.2812000000000001
9016,-7.4032,3.2793000000000001
9017,-8.9346999999999994,3.2755999999999998
9018,-6.2561999999999998,3.2793000000000001
9019,-5.4935,3.2812000000000001
9020,-7.7690000000000001,3.2774999999999999
9021,-6.4607999999999999,3.2793000000000001
9022,-13.8826,3.2645
9023,-28.4846,3.2328000000000001
9024,8.9284999999999997,3.3054000000000001
9025,-27.318899999999999,3.2366000000000001
9026,-6.25,3.2738
9027,-2.9761000000000002,3.2812000000000001
9028,5.1215000000000002,3.2997999999999998
9029,19.078600000000002,3.3296000000000001
9030,17.726900000000001,3.3332999999999999
9031,15.0793,3.3313999999999999
9032,11.972899999999999,3.3277000000000001
9033,8.6805000000000003,3.3239999999999998
9034,0,3.3071999999999999
9035,0,3.3054000000000001
9036,0,3.3054000000000001
9037,0,3.3054000000000001
9038,0,3.3054000000000001
9039,0,3.3054000000000001
9040,0,3.3054000000000001
9041,0,3.3054000000000001
9042,0,3.3054000000000001
9043,0,3.3054000000000001
9044,0,3.3054000000000001
9045,0,3.3054000000000001
9046,0,3.3071999999999999
9047,0,3.3071999999999999
9048,0,3.3054000000000001
9049,0,3.3071999999999999
9050,0,3.3071999999999999
9051,0,3.3071999999999999
9052,0,3.3071999999999999
9053,0,3.3071999999999999
9054,0,3.3071999999999999
9055,0,3.3071999999999999
9056,0,3.3071999999999999
9057,0,3.3071999999999999
9058,0,3.3090999999999999
9059,0,3.3071999999999999
9060,0,3.3071999999999999
9061,0,3.3090999999999999
9062,-4.8921000000000001,3.2978999999999998
9063,-10.602600000000001,3.2848999999999999
9064,-17.807500000000001,3.2682000000000002
9065,-18.644500000000001,3.2625999999999999
9066,-16.524000000000001,3.2645
9067,-15.004899999999999,3.2663000000000002
9068,-9.5299999999999994,3.2755999999999998
9069,-26.091200000000001,3.2421000000000002
9070,-7.0498000000000003,3.2774999999999999
9071,-14.093500000000001,3.2645
9072,-11.098699999999999,3.2682000000000002
9073,-2.8210999999999999,3.2848999999999999
9074,-20.734100000000002,3.2513999999999998
9075,1.2338,3.2905000000000002
9076,0.83699999999999997,3.2924000000000002
9077,0.76259999999999994,3.2961
9078,1.2338,3.2978999999999998
9079,1.6802999999999999,3.2997999999999998
9080,1.2462,3.3016999999999999
9081,0.72540000000000004,3.3016999999999999
9082,4.1231999999999998,3.3071999999999999
9083,3.4411999999999998,3.3071999999999999
9084,3.0815000000000001,3.3090999999999999
9085,2.8769,3.3090999999999999
9086,4.3154000000000003,3.3128000000000002
9087,7.5148000000000001,3.3203
9088,0,3.3071999999999999
9089,0,3.3054000000000001
9090,0,3.3054000000000001
9091,0,3.3054000000000001
9092,0,3.3054000000000001
9093,0,3.3071999999999999
9094,0,3.3071999999999999
9095,0,3.3071999999999999
9096,0,3.3071999999999999
9097,0,3.3071999999999999
9098,0,3.3071999999999999
9099,0,3.3071999999999999
9100,0,3.3071999999999999
9101,0,3.3071999999999999
9102,0,3.3071999999999999
9103,0,3.3071999999999999
9104,0,3.3071999999999999
9105,0,3.3071999999999999
9106,0,3.3090999999999999
9107,0,3.3090999999999999
9108,0,3.3090999999999999
9109,0,3.3071999999999999
9110,0,3.3090999999999999
9111,0,3.3090999999999999
9112,0,3.3090999999999999
9113,0,3.3090999999999999
9114,0,3.3090999999999999
9115,0,3.3090999999999999
9116,0,3.3090999999999999
9117,0,3.3090999999999999
9118,0,3.3090999999999999
9119,-9.6105999999999998,3.2886000000000002
9120,-9.4431999999999992,3.2867999999999999
9121,-15.333500000000001,3.2738
9122,-18.681699999999999,3.2645
9123,-21.124700000000001,3.2570000000000001
9124,-23.363,3.2496
9125,-6.3243999999999998,3.2793000000000001
9126,-9.2819000000000003,3.2755999999999998
9127,-27.814900000000002,3.2383999999999999
9128,-13.132400000000001,3.2645
9129,-10.6088,3.27
9130,-4.5571999999999999,3.2812000000000001
9131,0.83079999999999998,3.2924000000000002
9132,1.7175,3.2978999999999998
9133,1.7237,3.2997999999999998
9134,1.24,3.2997999999999998
9135,1.6431,3.3016999999999999
9136,11.4459,3.3220999999999998
9137,7.1738,3.3165
9138,-1.8167,3.3016999999999999
9139,-4.5633999999999997,3.2924000000000002
9140,-4.6936999999999998,3.2924000000000002
9141,-6.0453000000000001,3.2886000000000002
9142,-12.0101,3.2755999999999998
9143,-20.1388,3.2589000000000001
9144,-22.290400000000002,3.2513999999999998
9145,-20.535699999999999,3.2513999999999998
9146,-5.3695000000000004,3.2793000000000001
9147,-0.53939999999999999,3.2905000000000002
9148,-1.8911,3.2886000000000002
9149,5.7229000000000001,3.3054000000000001
9150,10.683199999999999,3.3184
9151,7.335,3.3147000000000002
9152,4.117,3.3109999999999999
9153,-1.9282999999999999,3.2997999999999998
9154,-17.7393,3.2663000000000002
9155,-21.812899999999999,3.2551999999999999
9156,-20.839500000000001,3.2532999999999999
9157,-21.0441,3.2496
9158,-15.2529,3.2589000000000001
9159,-8.5688999999999993,3.2719
9160,-7.3659999999999997,3.2738
9161,-5.2888999999999999,3.2793000000000001
9162,0.71919999999999995,3.2905000000000002
9163,-2.2134999999999998,3.2867999999999999
9164,-5.9212999999999996,3.2812000000000001
9165,-5.2516999999999996,3.2812000000000001
9166,-2.2568999999999999,3.2867999999999999
9167,-2.2073,3.2886000000000002
9168,-3.7387999999999999,3.2867999999999999
9169,-10.131399999999999,3.2738
9170,-10.323600000000001,3.2719
9171,-5.4996999999999998,3.2793000000000001
9172,0.19839999999999999,3.2924000000000002
9173,1.2709999999999999,3.2978999999999998
9174,-5.2950999999999997,3.2831000000000001
9175,-8.9408999999999992,3.2755999999999998
9176,-11.979100000000001,3.27
9177,-4.1045999999999996,3.2831000000000001
9178,0,3.2924000000000002
9179,-9.2508999999999997,3.2755999999999998
9180,-11.644299999999999,3.27
9181,-14.2113,3.2625999999999999
9182,-18.638300000000001,3.2532999999999999
9183,-13.8888,3.2606999999999999
9184,-11.8551,3.2625999999999999
9185,-8.9657,3.2682000000000002
9186,-9.0959000000000003,3.2682000000000002
9187,-9.2508999999999997,3.2682000000000002
9188,-5.1029,3.2755999999999998
9189,-1.6121000000000001,3.2831000000000001
9190,-3.2490000000000001,3.2812000000000001
9191,-3.2427999999999999,3.2831000000000001
9192,-6.6840000000000002,3.2755999999999998
9193,-10.8134,3.2682000000000002
9194,0.71919999999999995,3.2886000000000002
9195,1.3577999999999999,3.2924000000000002
9196,0.71919999999999995,3.2924000000000002
9197,-8.8478999999999992,3.2755999999999998
9198,-12.0845,3.2682000000000002
9199,-10.739000000000001,3.2682000000000002
9200,-7.7008000000000001,3.2738
9201,-6.8948,3.2755999999999998
9202,-3.4039999999999999,3.2812000000000001
9203,1.3577999999999999,3.2924000000000002
9204,2.0771000000000002,3.2961
9205,-6.5289999999999999,3.2793000000000001
9206,-8.9657,3.2738
9207,-12.289099999999999,3.2663000000000002
9208,-12.574400000000001,3.2645
9209,-13.814399999999999,3.2606999999999999
9210,-11.4831,3.2645
9211,-8.2898999999999994,3.27
9212,-1.8911,3.2831000000000001
9213,1.3577999999999999,3.2905000000000002
9214,21.366499999999998,3.3332999999999999
9215,19.556000000000001,3.3351000000000002
9216,18.328299999999999,3.3370000000000002
9217,15.5505,3.3351000000000002
9218,12.4069,3.3313999999999999
9219,9.1268999999999991,3.3258000000000001
9220,0,3.3090999999999999
9221,0,3.3071999999999999
9222,0,3.3071999999999999
9223,0,3.3071999999999999
9224,0,3.3054000000000001
9225,0,3.3054000000000001
9226,0,3.3054000000000001
9227,0,3.3054000000000001
9228,0,3.3054000000000001
9229,0,3.3054000000000001
9230,0,3.3054000000000001
9231,0,3.3054000000000001
9232,0,3.3071999999999999
9233,0,3.3071999999999999
9234,0,3.3071999999999999
9235,0,3.3071999999999999
9236,0,3.3071999999999999
9237,0,3.3071999999999999
9238,0,3.3071999999999999
9239,0,3.3071999999999999
9240,0,3.3071999999999999
9241,0,3.3071999999999999
9242,0,3.3071999999999999
9243,0,3.3071999999999999
9244,0,3.3071999999999999
9245,0,3.3071999999999999
9246,0,3.3071999999999999
9247,0,3.3071999999999999
9248,0,3.3071999999999999
9249,0,3.3071999999999999
9250,0,3.3071999999999999
9251,0,3.3090999999999999
9252,0,3.3090999999999999
9253,0,3.3071999999999999
9254,0,3.3090999999999999
9255,0,3.3090999999999999
9256,0,3.3071999999999999
9257,0,3.3090999999999999
9258,0,3.3090999999999999
9259,0,3.3090999999999999
9260,0,3.3090999999999999
9261,0,3.3090999999999999
9262,-10.491,3.2867999999999999
9263,-14.4345,3.2755999999999998
9264,-18.328299999999999,3.2663000000000002
9265,-22.7926,3.2551999999999999
9266,-28.5962,3.2383999999999999
9267,-33.444899999999997,3.2254
9268,-29.2348,3.2290999999999999
9269,-28.2056,3.2290999999999999
9270,-22.321400000000001,3.2383999999999999
9271,-12.165100000000001,3.2570000000000001
9272,2.6785000000000001,3.2867999999999999
9273,1.8476999999999999,3.2886000000000002
9274,0.71919999999999995,3.2886000000000002
9275,-7.4093999999999998,3.2755999999999998
9276,-6.1321000000000003,3.2774999999999999
9277,-6.2126999999999999,3.2774999999999999
9278,-9.0959000000000003,3.2719
9279,-21.478100000000001,3.2458999999999998
9280,2.7652999999999999,3.2905000000000002
9281,14.037599999999999,3.3184
9282,6.1010999999999997,3.3071999999999999
9283,16.114799999999999,3.3296000000000001
9284,6.9568000000000003,3.3147000000000002
9285,1.0416000000000001,3.3035000000000001
9286,-10.2058,3.2793000000000001
9287,-6.7770000000000001,3.2831000000000001
9288,-15.643599999999999,3.2663000000000002
9289,-26.767099999999999,3.2403
9290,-30.834499999999998,3.2290999999999999
9291,-39.961500000000001,3.2067999999999999
9292,-39.955300000000001,3.2031000000000001
9293,-39.955300000000001,3.1974999999999998
9294,-39.961500000000001,3.1938
9295,-25.279,3.2198000000000002
9296,-39.967700000000001,3.1919
9297,-30.115300000000001,3.2086999999999999
9298,-39.961500000000001,3.1882000000000001
9299,-38.268799999999999,3.1882000000000001
9300,-39.955300000000001,3.1844999999999999
9301,-29.154199999999999,3.2031000000000001
9302,-27.449100000000001,3.2067999999999999
9303,-25.899000000000001,3.2086999999999999
9304,-10.4848,3.2366000000000001
9305,-6.4112,3.2458999999999998
9306,-8.7363,3.2440000000000002
9307,-6.25,3.2513999999999998
9308,-10.243,3.2440000000000002
9309,-10.2492,3.2440000000000002
9310,-10.2554,3.2458999999999998
9311,-10.2554,3.2458999999999998
9312,-14.818899999999999,3.2383999999999999
9313,-14.8995,3.2366000000000001
9314,-21.812899999999999,3.2235
9315,-24.479099999999999,3.218
9316,-24.956499999999998,3.2161
9317,-20.715499999999999,3.2216999999999998
9318,-23.4437,3.2161
9319,-26.271000000000001,3.2105000000000001
9320,-21.893599999999999,3.218
9321,-24.671299999999999,3.2124000000000001
9322,-30.127700000000001,3.2012
9323,-39.961500000000001,3.1808000000000001
9324,-39.558500000000002,3.1808000000000001
9325,-27.728100000000001,3.2012
9326,-22.7926,3.2105000000000001
9327,-17.534700000000001,3.2198000000000002
9328,-12.3635,3.2290999999999999
9329,-7.4527999999999999,3.2403
9330,-14.688700000000001,3.2290999999999999
9331,-19.921800000000001,3.2198000000000002
9332,-22.991,3.2141999999999999
9333,-25.9114,3.2067999999999999
9334,-20.6907,3.2161
9335,-26.488,3.2067999999999999
9336,-21.118500000000001,3.2141999999999999
9337,-24.317900000000002,3.2086999999999999
9338,-18.8368,3.218
9339,-16.213999999999999,3.2235
9340,-11.4087,3.2328000000000001
9341,-16.09,3.2254
9342,-16.0776,3.2254
9343,-16.0776,3.2254
9344,-16.0776,3.2254
9345,-16.09,3.2254
9346,-13.3866,3.2309999999999999
9347,-8.3828999999999994,3.2403
9348,-8.2030999999999992,3.2421000000000002
9349,1.5189999999999999,3.2625999999999999
9350,-2.1328999999999998,3.2589000000000001
9351,-4.6130000000000004,3.2551999999999999
9352,-9.7284000000000006,3.2440000000000002
9353,-6.9691999999999998,3.2513999999999998
9354,-11.557499999999999,3.2421000000000002
9355,-21.998999999999999,3.2235
9356,-16.846399999999999,3.2290999999999999
9357,-16.883600000000001,3.2290999999999999
9358,-14.322900000000001,3.2328000000000001
9359,-7.0064000000000002,3.2496
9360,-4.1727999999999996,3.2570000000000001
9361,-4.1294000000000004,3.2570000000000001
9362,-3.9247999999999998,3.2589000000000001
9363,-1.054,3.2645
9364,-20.721699999999998,3.2273000000000001
9365,-3.6147999999999998,3.2589000000000001
9366,-10.646000000000001,3.2458999999999998
9367,-8.6928999999999998,3.2513999999999998
9368,-8.5317000000000007,3.2513999999999998
9369,-15.339700000000001,3.2366000000000001
9370,-11.098699999999999,3.2440000000000002
9371,-39.961500000000001,3.1882000000000001
9372,2.0771000000000002,3.2663000000000002
9373,-39.9739,3.1882000000000001
9374,-13.9384,3.2328000000000001
9375,-27.163900000000002,3.2086999999999999
9376,-39.961500000000001,3.1825999999999999
9377,-28.4846,3.2031000000000001
9378,-20.554300000000001,3.2161
9379,-26.401199999999999,3.2048999999999999
9380,-15.736599999999999,3.2235
9381,-10.894,3.2347000000000001
9382,0,3.2570000000000001
9383,1.6802999999999999,3.2645
9384,4.7184999999999997,3.2719
9385,7.9241000000000001,3.2793000000000001
9386,6.5910000000000002,3.2812000000000001
9387,-12.847200000000001,3.2440000000000002
9388,-12.847200000000001,3.2421000000000002
9389,-3.2118000000000002,3.2606999999999999
9390,6.6778000000000004,3.2812000000000001
9391,-10.2554,3.2513999999999998
9392,-14.2919,3.2421000000000002
9393,-10.243,3.2496
9394,-2.5669,3.2645
9395,-9.9329999999999998,3.2513999999999998
9396,-11.6195,3.2458999999999998
9397,-11.607100000000001,3.2458999999999998
9398,-2.3313000000000001,3.2645
9399,0,3.27
9400,0.16739999999999999,3.2719
9401,5.1649000000000003,3.2831000000000001
9402,7.9984999999999999,3.2905000000000002
9403,7.9612999999999996,3.2924000000000002
9404,9.1206999999999994,3.2978999999999998
9405,9.0401000000000007,3.2997999999999998
9406,7.8061999999999996,3.2978999999999998
9407,8.8354999999999997,3.3016999999999999
9408,15.197100000000001,3.3165
9409,11.6381,3.3109999999999999
9410,14.1989,3.3184
9411,10.001200000000001,3.3109999999999999
9412,8.5626999999999995,3.3090999999999999
9413,5.6051000000000002,3.3054000000000001
9414,4.6875,3.3035000000000001
9415,-3.3296000000000001,3.2848999999999999
9416,1.3577999999999999,3.2961
9417,5.2950999999999997,3.3035000000000001
9418,8.9595000000000002,3.3109999999999999
9419,15.7614,3.3258000000000001
9420,17.8385,3.3313999999999999
9421,5.9150999999999998,3.3109999999999999
9422,3.7574000000000001,3.3071999999999999
9423,1.6059000000000001,3.3016999999999999
9424,5.2393000000000001,3.3090999999999999
9425,4.7743000000000002,3.3071999999999999
9426,8.5192999999999994,3.3165
9427,3.8008000000000002,3.3071999999999999
9428,0,3.2997999999999998
9429,0,3.2997999999999998
9430,0,3.2997999999999998
9431,0,3.2978999999999998
9432,0,3.2978999999999998
9433,0,3.2978999999999998
9434,0,3.2978999999999998
9435,0,3.2978999999999998
9436,0,3.2978999999999998
9437,0,3.2978999999999998
9438,0,3.2978999999999998
9439,0,3.2978999999999998
9440,0,3.2978999999999998
9441,0,3.2978999999999998
9442,0,3.2978999999999998
9443,0,3.2978999999999998
9444,0,3.2978999999999998
9445,-3.3296000000000001,3.2905000000000002
9446,-10.602600000000001,3.2755999999999998
9447,-16.685199999999998,3.2606999999999999
9448,-20.200800000000001,3.2513999999999998
9449,-24.5473,3.2403
9450,-28.193200000000001,3.2290999999999999
9451,-27.808700000000002,3.2273000000000001
9452,-30.753900000000002,3.218
9453,-16.883600000000001,3.2421000000000002
9454,-21.732299999999999,3.2328000000000001
9455,-20.9573,3.2328000000000001
9456,-23.648299999999999,3.2273000000000001
9457,-31.4298,3.2105000000000001
9458,-16.207799999999999,3.2366000000000001
9459,-16.778199999999998,3.2366000000000001
9460,-13.076599999999999,3.2421000000000002
9461,-15.978400000000001,3.2383999999999999
9462,-17.602900000000002,3.2347000000000001
9463,-19.810199999999998,3.2290999999999999
9464,-7.9241000000000001,3.2532999999999999
9465,-10.77,3.2496
9466,-4.2906000000000004,3.2625999999999999
9467,-0.48359999999999997,3.27
9468,-8.9718999999999998,3.2551999999999999
9469,-18.898800000000001,3.2347000000000001
9470,-14.8127,3.2403
9471,-6.5662000000000003,3.2589000000000001
9472,-6.5785999999999998,3.2589000000000001
9473,-6.5724,3.2606999999999999
9474,-6.5724,3.2606999999999999
9475,-6.5662000000000003,3.2606999999999999
9476,-7.7690000000000001,3.2589000000000001
9477,-11.458299999999999,3.2513999999999998
9478,-7.9302999999999999,3.2589000000000001
9479,-4.7743000000000002,3.2645
9480,0.47120000000000001,3.2755999999999998
9481,5.1649000000000003,3.2848999999999999
9482,6.0391000000000004,3.2905000000000002
9483,2.2383000000000002,3.2848999999999999
9484,15.246700000000001,3.3128000000000002
9485,16.598400000000002,3.3184
9486,20.114000000000001,3.3296000000000001
9487,14.688700000000001,3.3220999999999998
9488,13.585000000000001,3.3220999999999998
9489,12.289099999999999,3.3203
9490,10.602600000000001,3.3184
9491,6.2003000000000004,3.3109999999999999
9492,0,3.2978999999999998
9493,0,3.2978999999999998
9494,0,3.2978999999999998
9495,0,3.2961
9496,0,3.2961
9497,0,3.2961
9498,0,3.2961
9499,0,3.2961
9500,0,3.2961
9501,-8.3332999999999995,3.2793000000000001
9502,-10.646000000000001,3.2719
9503,-17.050999999999998,3.2570000000000001
9504,-23.201799999999999,3.2421000000000002
9505,-27.374700000000001,3.2309999999999999
9506,-32.198599999999999,3.218
9507,-39.955300000000001,3.2012
9508,-35.608800000000002,3.2048999999999999
9509,-11.7683,3.2458999999999998
9510,-28.348199999999999,3.2161
9511,-24.5411,3.2216999999999998
9512,-18.6631,3.2309999999999999
9513,-6.6096000000000004,3.2551999999999999
9514,-3.1684000000000001,3.2645
9515,0,3.2719
9516,0.71919999999999995,3.2755999999999998
9517,1.3577999999999999,3.2774999999999999
9518,3.7263999999999999,3.2848999999999999
9519,17.683499999999999,3.3147000000000002
9520,18.074100000000001,3.3203
9521,15.3149,3.3184
9522,12.158899999999999,3.3147000000000002
9523,8.9161000000000001,3.3109999999999999
9524,0,3.2924000000000002
9525,0,3.2905000000000002
9526,0,3.2905000000000002
9527,0,3.2905000000000002
9528,0,3.2905000000000002
9529,0,3.2905000000000002
9530,0,3.2905000000000002
9531,0,3.2924000000000002
9532,0,3.2924000000000002
9533,0,3.2924000000000002
9534,0,3.2924000000000002
9535,0,3.2924000000000002
9536,0,3.2924000000000002
9537,0,3.2924000000000002
9538,0,3.2924000000000002
9539,0,3.2924000000000002
9540,0,3.2924000000000002
9541,0,3.2924000000000002
9542,0,3.2961
9543,0,3.2961
9544,0,3.2961
9545,0,3.2961
9546,-10.491,3.2738
9547,-14.459300000000001,3.2645
9548,-18.328299999999999,3.2532999999999999
9549,-22.7864,3.2421000000000002
9550,-28.5962,3.2273000000000001
9551,-33.444899999999997,3.2141999999999999
9552,-39.961500000000001,3.1974999999999998
9553,-39.955300000000001,3.1938
9554,-22.0486,3.2254
9555,-21.806699999999999,3.2254
9556,-39.942900000000002,3.1901000000000002
9557,-28.3978,3.2105000000000001
9558,-14.453099999999999,3.2347000000000001
9559,-24.8325,3.2161
9560,-10.838200000000001,3.2403
9561,-14.5771,3.2366000000000001
9562,-14.8375,3.2347000000000001
9563,-4.6192000000000002,3.2570000000000001
9564,-7.7690000000000001,3.2532999999999999
9565,-7.8125,3.2532999999999999
9566,-2.6970999999999998,3.2645
9567,-0.69440000000000002,3.2682000000000002
9568,-11.2599,3.2496
9569,-6.5662000000000003,3.2589000000000001
9570,0.53320000000000001,3.2719
9571,-4.4889999999999999,3.2645
9572,-4.4146000000000001,3.2645
9573,-2.4925000000000002,3.27
9574,-6.2872000000000003,3.2625999999999999
9575,-6.2934000000000001,3.2625999999999999
9576,-6.2934000000000001,3.2625999999999999
9577,-6.2934000000000001,3.2625999999999999
9578,-6.2934000000000001,3.2625999999999999
9579,-2.4552999999999998,3.27
9580,-8.1287000000000003,3.2606999999999999
9581,-8.1721000000000004,3.2606999999999999
9582,-11.049099999999999,3.2551999999999999
9583,-0.57040000000000002,3.2738
9584,-2.4552999999999998,3.2719
9585,-6.2065000000000001,3.2663000000000002
9586,-6.2065000000000001,3.2645
9587,-2.4180999999999999,3.2719
9588,-2.3313000000000001,3.2738
9589,-4.1604000000000001,3.27
9590,6.0019,3.2905000000000002
9591,10.1996,3.3016999999999999
9592,13.126200000000001,3.3109999999999999
9593,13.8392,3.3147000000000002
9594,14.8375,3.3203
9595,15.9598,3.3239999999999998
9596,13.2812,3.3220999999999998
9597,13.2812,3.3220999999999998
9598,10.677,3.3203
9599,6.8018000000000001,3.3128000000000002
9600,0,3.2997999999999998
9601,0,3.2978999999999998
9602,0,3.2978999999999998
9603,0,3.2978999999999998
9604,0,3.2961
9605,0,3.2961
9606,0,3.2961
9607,0,3.2961
9608,0,3.2961
9609,-3.9805999999999999,3.2867999999999999
9610,-7.5396000000000001,3.2793000000000001
9611,-6.6529999999999996,3.2793000000000001
9612,-3.621,3.2848999999999999
9613,-11.4087,3.27
9614,-7.0869999999999997,3.2755999999999998
9615,-6.6096000000000004,3.2774999999999999
9616,-10.2926,3.2682000000000002
9617,-15.8544,3.2570000000000001
9618,-17.447900000000001,3.2513999999999998
9619,-16.338000000000001,3.2532999999999999
9620,-13.926,3.2551999999999999
9621,-13.4796,3.2551999999999999
9622,-12.022500000000001,3.2570000000000001
9623,-13.3308,3.2551999999999999
9624,-14.453099999999999,3.2513999999999998
9625,-12.568199999999999,3.2532999999999999
9626,-11.7683,3.2551999999999999
9627,-8.6928999999999998,3.2606999999999999
9628,-5.2950999999999997,3.2682000000000002
9629,-3.8132000000000001,3.2719
9630,-3.8132000000000001,3.2719
9631,-3.8132000000000001,3.2719
9632,-3.8193999999999999,3.2738
9633,-3.8193999999999999,3.2738
9634,-11.7745,3.2589000000000001
9635,-6.3243999999999998,3.2682000000000002
9636,-6.4112,3.2682000000000002
9637,0.72540000000000004,3.2812000000000001
9638,0.71919999999999995,3.2831000000000001
9639,-0.77500000000000002,3.2812000000000001
9640,-3.8132000000000001,3.2755999999999998
9641,-3.8132000000000001,3.2755999999999998
9642,1.7981,3.2867999999999999
9643,6.2003000000000004,3.2997999999999998
9644,16.486799999999999,3.3220999999999998
9645,13.2874,3.3184
9646,10.6708,3.3165
9647,0,3.2961
9648,0,3.2961
9649,0,3.2961
9650,0,3.2961
9651,0,3.2924000000000002
9652,0,3.2924000000000002
9653,0,3.2924000000000002
9654,0,3.2924000000000002
9655,0,3.2961
9656,0,3.2961
9657,0,3.2961
9658,0,3.2961
9659,0,3.2961
9660,0,3.2961
9661,0,3.2961
9662,0,3.2961
9663,0,3.2961
9664,0,3.2961
9665,0,3.2961
9666,0,3.2961
9667,-10.4848,3.2738
9668,-14.459300000000001,3.2645
9669,-18.328299999999999,3.2551999999999999
9670,-22.563199999999998,3.2421000000000002
9671,-13.2936,3.2589000000000001
9672,-13.0456,3.2589000000000001
9673,-11.005699999999999,3.2625999999999999
9674,-2.1391,3.2774999999999999
9675,-2.1391,3.2793000000000001
9676,-6.2934000000000001,3.2738
9677,-4.1294000000000004,3.2774999999999999
9678,-2.1267,3.2812000000000001
9679,-0.13020000000000001,3.2867999999999999
9680,1.0416000000000001,3.2886000000000002
9681,-1.1346000000000001,3.2867999999999999
9682,0.27900000000000003,3.2886000000000002
9683,-6.2561999999999998,3.2774999999999999
9684,-3.218,3.2831000000000001
9685,-1.1346000000000001,3.2867999999999999
9686,0.59519999999999995,3.2905000000000002
9687,-1.0911999999999999,3.2867999999999999
9688,-2.0522999999999998,3.2867999999999999
9689,-3.0567000000000002,3.2831000000000001
9690,-6.2561999999999998,3.2774999999999999
9691,-7.2481999999999998,3.2755999999999998
9692,-10.453799999999999,3.2682000000000002
9693,-8.9346999999999994,3.27
9694,-12.531000000000001,3.2625999999999999
9695,-10.968500000000001,3.2625999999999999
9696,-3.931,3.2755999999999998
9697,-3.9744000000000002,3.2774999999999999
9698,-7.7256,3.27
9699,-7.5396000000000001,3.27
9700,-7.6449999999999996,3.27
9701,-4.5633999999999997,3.2755999999999998
9702,-3.2118000000000002,3.2774999999999999
9703,-3.2118000000000002,3.2793000000000001
9704,-5.3323,3.2755999999999998
9705,-14.967700000000001,3.2570000000000001
9706,-20.479900000000001,3.2421000000000002
9707,-15.240500000000001,3.2513999999999998
9708,-10.819599999999999,3.2589000000000001
9709,-10.453799999999999,3.2589000000000001
9710,3.9620000000000002,3.2867999999999999
9711,17.664899999999999,3.3184
9712,16.207799999999999,3.3203
9713,13.070399999999999,3.3184
9714,9.7284000000000006,3.3147000000000002
9715,0,3.2961
9716,0,3.2961
9717,0,3.2924000000000002
9718,0,3.2924000000000002
9719,0,3.2961
9720,0,3.2961
9721,0,3.2961
9722,0,3.2961
9723,0,3.2961
9724,0,3.2961
9725,0,3.2961
9726,0,3.2961
9727,0,3.2961
9728,0,3.2961
9729,0,3.2961
9730,0,3.2961
9731,0,3.2978999999999998
9732,0,3.2961
9733,0,3.2978999999999998
9734,0,3.2978999999999998
9735,0,3.2978999999999998
9736,0,3.2978999999999998
9737,0,3.2978999999999998
9738,0,3.2978999999999998
9739,0,3.2978999999999998
9740,0,3.2978999999999998
9741,0,3.2978999999999998
9742,0,3.2978999999999998
9743,0,3.2978999999999998
9744,-6.4546000000000001,3.2848999999999999
9745,-8.1721000000000004,3.2793000000000001
9746,-17.131599999999999,3.2606999999999999
9747,-13.8888,3.2645
9748,-16.412400000000002,3.2570000000000001
9749,-11.9977,3.2645
9750,-11.644299999999999,3.2645
9751,-20.002400000000002,3.2458999999999998
9752,-21.6083,3.2403
9753,-16.517800000000001,3.2496
9754,-15.7242,3.2496
9755,-15.4389,3.2496
9756,-17.528500000000001,3.2421000000000002
9757,-13.492000000000001,3.2513999999999998
9758,-7.6139999999999999,3.2625999999999999
9759,-9.1765000000000008,3.2589000000000001
9760,-5.6485000000000003,3.2682000000000002
9761,-5.6919000000000004,3.2682000000000002
9762,-4.1294000000000004,3.2719
9763,-6.5662000000000003,3.2663000000000002
9764,-5.7415000000000003,3.2682000000000002
9765,-4.1727999999999996,3.2719
9766,1.2896000000000001,3.2831000000000001
9767,1.2834000000000001,3.2848999999999999
9768,10.1252,3.3054000000000001
9769,11.197900000000001,3.3109999999999999
9770,13.355600000000001,3.3184
9771,7.8434999999999997,3.3090999999999999
9772,6.2374999999999998,3.3071999999999999
9773,7.6387999999999998,3.3109999999999999
9774,0,3.2978999999999998
9775,0,3.2961
9776,0,3.2961
9777,0,3.2961
9778,0,3.2961
9779,0,3.2961
9780,0,3.2961
9781,0,3.2961
9782,0,3.2961
9783,0,3.2961
9784,0,3.2961
9785,0,3.2978999999999998
9786,0,3.2978999999999998
9787,0,3.2978999999999998
9788,0,3.2978999999999998
9789,0,3.2978999999999998
9790,0,3.2978999999999998
9791,0,3.2978999999999998
9792,-4.5633999999999997,3.2867999999999999
9793,-6.25,3.2831000000000001
9794,-3.8441999999999998,3.2867999999999999
9795,-6.9630000000000001,3.2812000000000001
9796,-14.019,3.2663000000000002
9797,-13.647,3.2645
9798,-15.972200000000001,3.2570000000000001
9799,-10.212,3.2663000000000002
9800,-16.2822,3.2551999999999999
9801,-5.0967000000000002,3.2755999999999998
9802,-0.086800000000000002,3.2848999999999999
9803,-2.0522999999999998,3.2831000000000001
9804,-16.852599999999999,3.2551999999999999
9805,-11.8551,3.2625999999999999
9806,-11.4521,3.2606999999999999
9807,-16.927,3.2496
9808,-14.093500000000001,3.2532999999999999
9809,-3.2118000000000002,3.2738
9810,0.83079999999999998,3.2831000000000001
9811,-10.2058,3.2645
9812,-10.4848,3.2625999999999999
9813,-5.6113,3.2719
9814,4.0674000000000001,3.2905000000000002
9815,3.5962000000000001,3.2924000000000002
9816,4.5324,3.2978999999999998
9817,11.0739,3.3128000000000002
9818,10.968500000000001,3.3147000000000002
9819,8.1597000000000008,3.3128000000000002
9820,0,3.2961
9821,0,3.2961
9822,0,3.2961
9823,0,3.2961
9824,0,3.2961
9825,0,3.2961
9826,-0.099199999999999997,3.2961
9827,-8.6928999999999998,3.2774999999999999
9828,-10.646000000000001,3.2719
9829,-16.610800000000001,3.2589000000000001
9830,-20.362100000000002,3.2458999999999998
9831,-12.0039,3.2625999999999999
9832,-17.447900000000001,3.2513999999999998
9833,-18.886399999999998,3.2440000000000002
9834,-17.249500000000001,3.2458999999999998
9835,-21.732299999999999,3.2366000000000001
9836,-20.913900000000002,3.2347000000000001
9837,-19.959,3.2366000000000001
9838,-16.201599999999999,3.2421000000000002
9839,-16.927,3.2403
9840,-11.8489,3.2496
9841,-10.7576,3.2532999999999999
9842,-8.0976999999999997,3.2589000000000001
9843,-9.6478000000000002,3.2570000000000001
9844,-8.3643000000000001,3.2589000000000001
9845,-4.4889999999999999,3.2663000000000002
9846,0,3.2755999999999998
9847,-2.7652999999999999,3.2719
9848,-1.1284000000000001,3.2755999999999998
9849,1.3577999999999999,3.2831000000000001
9850,2.5979000000000001,3.2867999999999999
9851,6.7584,3.2978999999999998
9852,10.7576,3.3071999999999999
9853,10.087999999999999,3.3090999999999999
9854,11.7125,3.3147000000000002
9855,9.8399999999999999,3.3128000000000002
9856,5.2393000000000001,3.3054000000000001
9857,6.6715999999999998,3.3090999999999999
9858,0,3.2961
9859,0,3.2961
9860,0,3.2961
9861,0,3.2924000000000002
9862,-0.48359999999999997,3.2924000000000002
9863,0,3.2924000000000002
9864,0,3.2961
9865,-9.6105999999999998,3.2755999999999998
9866,-10.639799999999999,3.27
9867,-17.807500000000001,3.2551999999999999
9868,-23.964500000000001,3.2383999999999999
9869,-24.156700000000001,3.2347000000000001
9870,-16.127199999999998,3.2496
9871,-10.404199999999999,3.2589000000000001
9872,-13.039400000000001,3.2532999999999999
9873,-14.2485,3.2513999999999998
9874,-15.792400000000001,3.2458999999999998
9875,-16.530200000000001,3.2440000000000002
9876,-25.297599999999999,3.2254
9877,-23.003399999999999,3.2273000000000001
9878,-16.834,3.2366000000000001
9879,-10.962300000000001,3.2496
9880,-8.2093000000000007,3.2570000000000001
9881,-12.2829,3.2496
9882,-4.5571999999999999,3.2645
9883,-4.5696000000000003,3.2645
9884,-2.8893,3.2682000000000002
9885,0,3.2755999999999998
9886,-1.1718,3.2755999999999998
9887,-4.3650000000000002,3.27
9888,-4.3650000000000002,3.27
9889,-2.7715000000000001,3.2738
9890,2.0337000000000001,3.2831000000000001
9891,-2.6475,3.2755999999999998
9892,-4.1727999999999996,3.2719
9893,-4.1790000000000003,3.2719
9894,-4.1727999999999996,3.2719
9895,-4.1727999999999996,3.2719
9896,-4.1604000000000001,3.2738
9897,-5.8097000000000003,3.27
9898,-9.5299999999999994,3.2625999999999999
9899,-11.2103,3.2589000000000001
9900,-25.477399999999999,3.2273000000000001
9901,-19.357600000000001,3.2366000000000001
9902,-19.7544,3.2328000000000001
9903,-20.529499999999999,3.2309999999999999
9904,-5.7972999999999999,3.2589000000000001
9905,-14.446899999999999,3.2421000000000002
9906,-12.0101,3.2458999999999998
9907,-10.491,3.2513999999999998
9908,-4.1294000000000004,3.2645
9909,-2.2134999999999998,3.2682000000000002
9910,-5.8841000000000001,3.2625999999999999
9911,-4.0053999999999998,3.2663000000000002
9912,-0.3286,3.2738
9913,1.3577999999999999,3.2793000000000001
9914,-3.9744000000000002,3.27
9915,1.3577999999999999,3.2812000000000001
9916,1.3577999999999999,3.2812000000000001
9917,-3.6457999999999999,3.2738
9918,-0.10539999999999999,3.2793000000000001
9919,-3.5651999999999999,3.2738
9920,4.6811999999999996,3.2905000000000002
9921,2.0832999999999999,3.2867999999999999
9922,-3.1745999999999999,3.2774999999999999
9923,-4.8487,3.2738
9924,-4.8487,3.2738
9925,-4.8487,3.2738
9926,0,3.2812000000000001
9927,-3.0567000000000002,3.2774999999999999
9928,-4.7247000000000003,3.2738
9929,-1.333,3.2793000000000001
9930,0.71919999999999995,3.2848999999999999
9931,2.6785000000000001,3.2905000000000002
9932,1.3577999999999999,3.2886000000000002
9933,2.6413000000000002,3.2905000000000002
9934,8.0046999999999997,3.3054000000000001
9935,9.5982000000000003,3.3109999999999999
9936,8.7673000000000005,3.3109999999999999
9937,6.5972,3.3071999999999999
9938,5.2454999999999998,3.3054000000000001
9939,-2.4180999999999999,3.2886000000000002
9940,-11.458299999999999,3.27
9941,-10.894,3.2682000000000002
9942,-7.9241000000000001,3.2719
9943,-8.9718999999999998,3.27
9944,-10.137600000000001,3.2663000000000002
9945,-10.4414,3.2645
9946,-12.717000000000001,3.2589000000000001
9947,-15.8482,3.2513999999999998
9948,-16.567399999999999,3.2458999999999998
9949,-11.613300000000001,3.2570000000000001
9950,-3.9744000000000002,3.2719
9951,-6.2934000000000001,3.2682000000000002
9952,-6.3305999999999996,3.2682000000000002
9953,-6.4421999999999997,3.2682000000000002
9954,-11.6381,3.2570000000000001
9955,-8.1659000000000006,3.2625999999999999
9956,-13.6098,3.2532999999999999
9957,-6.2126999999999999,3.2663000000000002
9958,-6.2436999999999996,3.2663000000000002
9959,-6.25,3.2663000000000002
9960,-2.9761000000000002,3.2719
9961,4.4021999999999997,3.2886000000000002
9962,2.0337000000000001,3.2848999999999999
9963,1.3577999999999999,3.2848999999999999
9964,6.1135000000000002,3.2978999999999998
9965,3.2366000000000001,3.2924000000000002
9966,1.2709999999999999,3.2886000000000002
9967,-7.335,3.2719
9968,-7.4404000000000003,3.27
9969,-8.9595000000000002,3.2663000000000002
9970,-6.2934000000000001,3.27
9971,-10.646000000000001,3.2625999999999999
9972,-12.531000000000001,3.2570000000000001
9973,-11.5265,3.2570000000000001
9974,-8.0233000000000008,3.2645
9975,-11.966699999999999,3.2570000000000001
9976,-12.3263,3.2551999999999999
9977,-7.0994000000000002,3.2625999999999999
9978,-2.9699,3.2719
9979,-2.9699,3.2738
9980,-2.8893,3.2738
9981,0.76259999999999994,3.2812000000000001
9982,0.76259999999999994,3.2831000000000001
9983,-2.7715000000000001,3.2774999999999999
9984,-4.3277999999999999,3.2738
9985,0.76259999999999994,3.2831000000000001
9986,0.76259999999999994,3.2848999999999999
9987,2.0026999999999999,3.2886000000000002
9988,-9.0959000000000003,3.2682000000000002
9989,-10.689399999999999,3.2625999999999999
9990,-8.0046999999999997,3.2663000000000002
9991,-6.6778000000000004,3.2682000000000002
9992,-1.1284000000000001,3.2793000000000001
9993,-6.6963999999999997,3.2682000000000002
9994,-4.3339999999999996,3.2738
9995,-4.3277999999999999,3.2738
9996,0,3.2812000000000001
9997,0.16739999999999999,3.2831000000000001
9998,1.3577999999999999,3.2867999999999999
9999,0.16739999999999999,3.2848999999999999
10000,-2.6103000000000001,3.2812000000000001
10001,-4.1727999999999996,3.2774999999999999
10002,-4.1727999999999996,3.2774999999999999
10003,-0.97340000000000004,3.2831000000000001
10004,-2.4863,3.2812000000000001
10005,-4.1294000000000004,3.2774999999999999
10006,0,3.2848999999999999
10007,0.16739999999999999,3.2867999999999999
10008,-3.9247999999999998,3.2793000000000001
10009,-7.7628000000000004,3.2719
10010,-2.4428999999999998,3.2793000000000001
10011,0.19220000000000001,3.2848999999999999
10012,3.8008000000000002,3.2961
10013,4.7680999999999996,3.2997999999999998
10014,5.9275000000000002,3.3016999999999999
10015,1.7175,3.2961
10016,-2.8458999999999999,3.2848999999999999
10017,-3.9247999999999998,3.2831000000000001
10018,-13.039400000000001,3.2625999999999999
10019,-12.3573,3.2625999999999999
10020,-10.8878,3.2625999999999999
10021,-5.7972999999999999,3.2719
10022,-5.8468999999999998,3.2719
10023,-10.044600000000001,3.2645
10024,-6.0949,3.27
10025,-5.3261000000000003,3.2719
10026,-5.3632999999999997,3.2719
10027,-6.25,3.27
10028,0.19220000000000001,3.2831000000000001
10029,-0.77500000000000002,3.2831000000000001
10030,-3.8008000000000002,3.2774999999999999
10031,-3.8132000000000001,3.2774999999999999
10032,0.19220000000000001,3.2848999999999999
10033,-0.72540000000000004,3.2848999999999999
10034,-0.72540000000000004,3.2848999999999999
10035,-3.6147999999999998,3.2793000000000001
10036,-5.8902999999999999,3.2738
10037,-10.081799999999999,3.2645
10038,-3.8008000000000002,3.2755999999999998
10039,0.71919999999999995,3.2848999999999999
10040,-3.7263999999999999,3.2774999999999999
10041,1.2834000000000001,3.2886000000000002
10042,-8.5317000000000007,3.27
10043,-11.4397,3.2625999999999999
10044,-10.317399999999999,3.2625999999999999
10045,1.2709999999999999,3.2848999999999999
10046,4.8734999999999999,3.2961
10047,10.6088,3.3090999999999999
10048,8.9099000000000004,3.3090999999999999
10049,13.1572,3.3184
10050,10.4786,3.3165
10051,7.3226000000000004,3.3128000000000002
10052,0,3.2978999999999998
10053,0,3.2961
10054,0,3.2961
10055,0,3.2961
10056,0,3.2961
10057,0,3.2961
10058,-6.4421999999999997,3.2812000000000001
10059,-9.6974,3.2738
10060,-20.529499999999999,3.2496
10061,-22.073399999999999,3.2421000000000002
10062,-26.271000000000001,3.2309999999999999
10063,-20.839500000000001,3.2366000000000001
10064,-12.4131,3.2532999999999999
10065,-15.649800000000001,3.2458999999999998
10066,-13.523,3.2496
10067,-12.202299999999999,3.2532999999999999
10068,-14.4345,3.2458999999999998
10069,-21.093699999999998,3.2328000000000001
10070,-26.667899999999999,3.2198000000000002
10071,-19.165400000000002,3.2328000000000001
10072,-11.799300000000001,3.2458999999999998
10073,-8.2898999999999994,3.2532999999999999
10074,-6.0514999999999999,3.2589000000000001
10075,-4.4889999999999999,3.2625999999999999
10076,-4.4889999999999999,3.2645
10077,3.6396000000000002,3.2812000000000001
10078,-1.085,3.2738
10079,0,3.2774999999999999
10080,0.76259999999999994,3.2793000000000001
10081,0.16739999999999999,3.2793000000000001
10082,1.2709999999999999,3.2831000000000001
10083,0.16739999999999999,3.2812000000000001
10084,1.2834000000000001,3.2848999999999999
10085,5.7911000000000001,3.2961
10086,10.602600000000001,3.3071999999999999
10087,1.2709999999999999,3.2886000000000002
10088,-2.8149000000000002,3.2812000000000001
10089,-6.2934000000000001,3.2738
10090,-10.689399999999999,3.2645
10091,-9.1268999999999991,3.2663000000000002
10092,-0.53320000000000001,3.2812000000000001
10093,-3.2490000000000001,3.2774999999999999
10094,-5.4377000000000004,3.2738
10095,0.27279999999999999,3.2831000000000001
10096,-3.2490000000000001,3.2774999999999999
10097,-3.2427999999999999,3.2774999999999999
10098,-12.4069,3.2589000000000001
10099,-9.6044,3.2625999999999999
10100,-11.2165,3.2589000000000001
10101,-6.0080999999999998,3.2682000000000002
10102,-7.4404000000000003,3.2663000000000002
10103,-8.9657,3.2625999999999999
10104,-5.4996999999999998,3.2682000000000002
10105,-2.4119000000000002,3.2755999999999998
10106,1.2709999999999999,3.2831000000000001
10107,3.7263999999999999,3.2886000000000002
10108,0.71919999999999995,3.2848999999999999
10109,1.2338,3.2867999999999999
10110,0.27279999999999999,3.2848999999999999
10111,0.71919999999999995,3.2867999999999999
10112,1.3206,3.2886000000000002
10113,0.76259999999999994,3.2886000000000002
10114,4.5324,3.2978999999999998
10115,13.151,3.3165
10116,11.4459,3.3165
10117,8.2774999999999999,3.3128000000000002
10118,0,3.2961
10119,0,3.2961
10120,0,3.2924000000000002
10121,0,3.2924000000000002
10122,0,3.2924000000000002
10123,0,3.2924000000000002
10124,0,3.2924000000000002
10125,0,3.2924000000000002
10126,0,3.2924000000000002
10127,0,3.2924000000000002
10128,0,3.2924000000000002
10129,0,3.2924000000000002
10130,0,3.2924000000000002
10131,0,3.2924000000000002
10132,0,3.2961
10133,0,3.2961
10134,0,3.2961
10135,0,3.2961
10136,0,3.2961
10137,0,3.2961
10138,0,3.2961
10139,0,3.2961
10140,0,3.2961
10141,0,3.2961
10142,0,3.2961
10143,0,3.2961
10144,0,3.2961
10145,0,3.2961
10146,0,3.2961
10147,0,3.2961
10148,0,3.2961
10149,0,3.2961
10150,0,3.2978999999999998
10151,-3.9744000000000002,3.2867999999999999
10152,-9.0463000000000005,3.2755999999999998
10153,-16.0032,3.2606999999999999
10154,-19.642800000000001,3.2496
10155,-24.0017,3.2366000000000001
10156,-27.715699999999998,3.2273000000000001
10157,-15.339700000000001,3.2458999999999998
10158,-16.610800000000001,3.2440000000000002
10159,-20.721699999999998,3.2347000000000001
10160,-16.3628,3.2421000000000002
10161,-15.1723,3.2440000000000002
10162,-13.175800000000001,3.2496
10163,-13.6904,3.2458999999999998
10164,-15.612500000000001,3.2421000000000002
10165,-7.6449999999999996,3.2570000000000001
10166,-11.4521,3.2513999999999998
10167,-10.881600000000001,3.2513999999999998
10168,-9.6539999999999999,3.2551999999999999
10169,0,3.2738
10170,1.3577999999999999,3.2774999999999999
10171,1.3577999999999999,3.2793000000000001
10172,-4.0860000000000003,3.27
10173,2.7652999999999999,3.2848999999999999
10174,9.8523999999999994,3.3016999999999999
10175,10.317399999999999,3.3054000000000001
10176,4.1604000000000001,3.2961
10177,3.4660000000000002,3.2961
10178,11.600899999999999,3.3128000000000002
10179,10.962300000000001,3.3128000000000002
10180,7.4404000000000003,3.3090999999999999
10181,2.4304999999999999,3.2997999999999998
10182,0.60140000000000005,3.2961
10183,0,3.2924000000000002
10184,0,3.2924000000000002
10185,0,3.2924000000000002
10186,0,3.2924000000000002
10187,-0.56420000000000003,3.2905000000000002
10188,-2.2073,3.2867999999999999
10189,-2.2444999999999999,3.2867999999999999
10190,0,3.2905000000000002
10191,-0.56420000000000003,3.2905000000000002
10192,0,3.2924000000000002
10193,0,3.2924000000000002
10194,0,3.2924000000000002
10195,0,3.2924000000000002
10196,0,3.2924000000000002
10197,0,3.2924000000000002
10198,0,3.2924000000000002
10199,-0.099199999999999997,3.2924000000000002
10200,-1.8043,3.2886000000000002
10201,-3.4039999999999999,3.2867999999999999
10202,-6.6158000000000001,3.2793000000000001
10203,-15.0731,3.2606999999999999
10204,-17.2867,3.2532999999999999
10205,-20.213200000000001,3.2440000000000002
10206,-9.8895999999999997,3.2625999999999999
10207,-5.4439000000000002,3.2719
10208,-13.8454,3.2551999999999999
10209,-19.8474,3.2403
10210,-20.1326,3.2383999999999999
10211,-13.0952,3.2513999999999998
10212,-5.1711,3.2663000000000002
10213,-3.9681999999999999,3.27
10214,-4.0115999999999996,3.27
10215,-6.2313000000000001,3.2663000000000002
10216,-11.799300000000001,3.2570000000000001
10217,-9.1268999999999991,3.2606999999999999
10218,-12.561999999999999,3.2532999999999999
10219,-11.7683,3.2532999999999999
10220,-10.094200000000001,3.2570000000000001
10221,-2.2940999999999998,3.2719
10222,-2.2507000000000001,3.2738
10223,-6.0453000000000001,3.2663000000000002
10224,-8.9284999999999997,3.2606999999999999
10225,-9.0959000000000003,3.2589000000000001
10226,-6.4112,3.2645
10227,-9.3315000000000001,3.2589000000000001
10228,-6.25,3.2645
10229,-7.7442000000000002,3.2625999999999999
10230,-5.6113,3.2663000000000002
10231,-4.0860000000000003,3.2682000000000002
10232,-4.0860000000000003,3.27
10233,-2.4863,3.2738
10234,-2.4925000000000002,3.2738
10235,-4.0115999999999996,3.2719
10236,0,3.2793000000000001
10237,-2.5669,3.2755999999999998
10238,0.71919999999999995,3.2831000000000001
10239,1.2709999999999999,3.2848999999999999
10240,3.7946,3.2905000000000002
10241,4.7680999999999996,3.2961
10242,10.094200000000001,3.3071999999999999
10243,6.4359999999999999,3.3035000000000001
10244,10.838200000000001,3.3128000000000002
10245,4.9230999999999998,3.3035000000000001
10246,6.4050000000000002,3.3054000000000001
10247,7.6016000000000004,3.3090999999999999
10248,0,3.2961
10249,0,3.2924000000000002
10250,0,3.2924000000000002
10251,0,3.2924000000000002
10252,0,3.2924000000000002
10253,0,3.2924000000000002
10254,0,3.2924000000000002
10255,0,3.2924000000000002
10256,0,3.2924000000000002
10257,0,3.2924000000000002
10258,0,3.2924000000000002
10259,0,3.2924000000000002
10260,0,3.2924000000000002
10261,0,3.2924000000000002
10262,0,3.2924000000000002
10263,0,3.2924000000000002
10264,0,3.2924000000000002
10265,0,3.2924000000000002
10266,0,3.2961
10267,-6.7584,3.2793000000000001
10268,-10.646000000000001,3.27
10269,-16.139600000000002,3.2570000000000001
10270,-22.284199999999998,3.2403
10271,-26.488,3.2290999999999999
10272,-31.3492,3.2161
10273,-27.368500000000001,3.2198000000000002
10274,-24.200099999999999,3.2235
10275,-9.3253000000000004,3.2532999999999999
10276,1.2462,3.2738
10277,1.24,3.2774999999999999
10278,12.3201,3.3035000000000001
10279,13.442399999999999,3.3109999999999999
10280,10.8444,3.3090999999999999
10281,7.1614000000000004,3.3035000000000001
10282,0,3.2886000000000002
10283,0,3.2886000000000002
10284,0,3.2886000000000002
10285,0,3.2886000000000002
10286,0,3.2886000000000002
10287,0,3.2886000000000002
10288,0,3.2886000000000002
10289,0,3.2886000000000002
10290,0,3.2886000000000002
10291,0,3.2886000000000002
10292,0,3.2905000000000002
10293,0,3.2905000000000002
10294,0,3.2905000000000002
10295,-0.76880000000000004,3.2886000000000002
10296,-4.3339999999999996,3.2812000000000001
10297,-6.6096000000000004,3.2755999999999998
10298,-9.7408000000000001,3.27
10299,-18.142299999999999,3.2513999999999998
10300,-15.1661,3.2532999999999999
10301,-8.1721000000000004,3.2663000000000002
10302,-2.5669,3.2774999999999999
10303,0.47739999999999999,3.2848999999999999
10304,-3.3357999999999999,3.2774999999999999
10305,-3.9247999999999998,3.2755999999999998
10306,-1.5314000000000001,3.2812000000000001
10307,-8.2093000000000007,3.2682000000000002
10308,-13.361800000000001,3.2570000000000001
10309,-14.694900000000001,3.2532999999999999
10310,-16.331800000000001,3.2458999999999998
10311,-13.169600000000001,3.2532999999999999
10312,-15.507099999999999,3.2440000000000002
10313,-7.9737,3.2606999999999999
10314,-6.2934000000000001,3.2645
10315,-2.7715000000000001,3.2719
10316,0.27900000000000003,3.2793000000000001
10317,0.27900000000000003,3.2793000000000001
10318,-6.4607999999999999,3.2682000000000002
10319,-6.2934000000000001,3.2682000000000002
10320,-5.1276999999999999,3.27
10321,-1.6183000000000001,3.2774999999999999
10322,-0.36580000000000001,3.2793000000000001
10323,-0.36580000000000001,3.2812000000000001
10324,-2.8210999999999999,3.2774999999999999
10325,-1.6183000000000001,3.2793000000000001
10326,5.4439000000000002,3.2961
10327,1.6369,3.2886000000000002
10328,0.32240000000000002,3.2867999999999999
10329,-6.8948,3.2719
10330,-4.7247000000000003,3.2755999999999998
10331,-4.7743000000000002,3.2738
10332,1.1656,3.2867999999999999
10333,8.3270999999999997,3.3035000000000001
10334,7.0373999999999999,3.3035000000000001
10335,7.2544000000000004,3.3054000000000001
10336,0,3.2905000000000002
10337,0,3.2905000000000002
10338,0,3.2905000000000002
10339,0,3.2905000000000002
10340,0,3.2905000000000002
10341,0,3.2905000000000002
10342,0,3.2905000000000002
10343,0,3.2905000000000002
10344,0,3.2905000000000002
10345,0,3.2905000000000002
10346,0,3.2905000000000002
10347,0,3.2905000000000002
10348,0,3.2905000000000002
10349,0,3.2924000000000002
10350,-3.3296000000000001,3.2848999999999999
10351,-0.48359999999999997,3.2905000000000002
10352,-0.48359999999999997,3.2905000000000002
10353,-0.48980000000000001,3.2905000000000002
10354,-0.48980000000000001,3.2905000000000002
10355,-2.2568999999999999,3.2867999999999999
10356,-4.7309000000000001,3.2812000000000001
10357,-3.5714000000000001,3.2831000000000001
10358,-3.5714000000000001,3.2831000000000001
10359,-4.5324,3.2812000000000001
10360,-9.4990000000000006,3.27
10361,-11.5327,3.2645
10362,-4.1604000000000001,3.2774999999999999
10363,0,3.2867999999999999
10364,0,3.2867999999999999
10365,0,3.2886000000000002
10366,-6.6158000000000001,3.2755999999999998
10367,-13.8392,3.2606999999999999
10368,-22.0486,3.2403
10369,-26.8415,3.2273000000000001
10370,-25.248000000000001,3.2254
10371,-17.522300000000001,3.2383999999999999
10372,-11.042899999999999,3.2513999999999998
10373,-7.5705999999999998,3.2589000000000001
10374,-12.1341,3.2513999999999998
10375,-10.646000000000001,3.2532999999999999
10376,-9.6539999999999999,3.2551999999999999
10377,-8.5254999999999992,3.2570000000000001
10378,-3.6457999999999999,3.2682000000000002
10379,1.2834000000000001,3.2774999999999999
10380,1.24,3.2793000000000001
10381,-3.4474,3.2719
10382,-3.4411999999999998,3.2719
10383,-3.4474,3.2719
10384,-3.4474,3.2719
10385,-3.4474,3.2738
10386,-9.6105999999999998,3.2606999999999999
10387,-5.0471000000000004,3.2682000000000002
10388,-8.5317000000000007,3.2625999999999999
10389,-5.9212999999999996,3.2663000000000002
10390,-7.4032,3.2645
10391,-8.9284999999999997,3.2606999999999999
10392,-6.25,3.2645
10393,-5.4935,3.2663000000000002
10394,-7.7628000000000004,3.2625999999999999
10395,-6.4546000000000001,3.2645
10396,-13.895,3.2496
10397,-28.4846,3.218
10398,8.9222999999999999,3.2886000000000002
10399,-27.331299999999999,3.2216999999999998
10400,-6.2436999999999996,3.2589000000000001
10401,-2.9699,3.2663000000000002
10402,5.1215000000000002,3.2831000000000001
10403,19.072399999999998,3.3165
10404,17.726900000000001,3.3184
10405,15.0855,3.3184
10406,11.9543,3.3147000000000002
10407,8.6805000000000003,3.3090999999999999
10408,0,3.2905000000000002
10409,0,3.2905000000000002
10410,0,3.2886000000000002
10411,0,3.2886000000000002
10412,0,3.2886000000000002
10413,0,3.2886000000000002
10414,0,3.2886000000000002
10415,0,3.2886000000000002
10416,0,3.2886000000000002
10417,0,3.2905000000000002
10418,0,3.2886000000000002
10419,0,3.2886000000000002
10420,0,3.2905000000000002
10421,0,3.2905000000000002
10422,0,3.2905000000000002
10423,0,3.2905000000000002
10424,0,3.2905000000000002
10425,0,3.2905000000000002
10426,0,3.2905000000000002
10427,0,3.2905000000000002
10428,0,3.2905000000000002
10429,0,3.2905000000000002
10430,0,3.2905000000000002
10431,0,3.2905000000000002
10432,0,3.2905000000000002
10433,0,3.2924000000000002
10434,0,3.2924000000000002
10435,0,3.2924000000000002
10436,-4.8921000000000001,3.2831000000000001
10437,-10.602600000000001,3.27
10438,-17.819900000000001,3.2532999999999999
10439,-18.650700000000001,3.2458999999999998
10440,-16.5364,3.2496
10441,-15.004899999999999,3.2513999999999998
10442,-9.5424000000000007,3.2606999999999999
10443,-26.085000000000001,3.2273000000000001
10444,-7.0498000000000003,3.2606999999999999
10445,-14.093500000000001,3.2496
10446,-11.092499999999999,3.2532999999999999
10447,-2.8210999999999999,3.27
10448,-20.740300000000001,3.2347000000000001
10449,1.24,3.2755999999999998
10450,0.83699999999999997,3.2774999999999999
10451,0.76259999999999994,3.2793000000000001
10452,1.2338,3.2831000000000001
10453,1.6802999999999999,3.2848999999999999
10454,1.24,3.2848999999999999
10455,0.71919999999999995,3.2831000000000001
10456,4.117,3.2924000000000002
10457,3.4350000000000001,3.2924000000000002
10458,3.0815000000000001,3.2924000000000002
10459,2.8769,3.2924000000000002
10460,4.3216000000000001,3.2978999999999998
10461,7.5209999999999999,3.3054000000000001
10462,0,3.2905000000000002
10463,0,3.2886000000000002
10464,0,3.2886000000000002
10465,0,3.2886000000000002
10466,0,3.2886000000000002
10467,0,3.2886000000000002
10468,0,3.2905000000000002
10469,0,3.2905000000000002
10470,0,3.2905000000000002
10471,0,3.2905000000000002
10472,0,3.2905000000000002
10473,0,3.2905000000000002
10474,0,3.2905000000000002
10475,0,3.2905000000000002
10476,0,3.2905000000000002
10477,0,3.2905000000000002
10478,0,3.2905000000000002
10479,0,3.2905000000000002
10480,0,3.2924000000000002
10481,0,3.2905000000000002
10482,0,3.2924000000000002
10483,0,3.2924000000000002
10484,0,3.2924000000000002
10485,0,3.2924000000000002
10486,0,3.2924000000000002
10487,0,3.2924000000000002
10488,0,3.2924000000000002
10489,0,3.2924000000000002
10490,0,3.2924000000000002
10491,0,3.2924000000000002
10492,0,3.2924000000000002
10493,-9.6044,3.2738
10494,-9.4431999999999992,3.2719
10495,-15.321099999999999,3.2589000000000001
10496,-18.6693,3.2496
10497,-21.124700000000001,3.2403
10498,-23.3568,3.2328000000000001
10499,-6.3243999999999998,3.2645
10500,-9.2881,3.2606999999999999
10501,-27.808700000000002,3.2216999999999998
10502,-13.126200000000001,3.2496
10503,-10.615,3.2532999999999999
10504,-4.5633999999999997,3.2645
10505,0.83079999999999998,3.2774999999999999
10506,1.7175,3.2812000000000001
10507,1.7237,3.2831000000000001
10508,1.24,3.2831000000000001
10509,1.6369,3.2848999999999999
10510,11.4459,3.3071999999999999
10511,7.1614000000000004,3.3016999999999999
10512,-1.8043,3.2848999999999999
10513,-4.5696000000000003,3.2774999999999999
10514,-4.6999000000000004,3.2755999999999998
10515,-6.0514999999999999,3.2738
10516,-12.0039,3.2606999999999999
10517,-20.1326,3.2403
10518,-22.277999999999999,3.2328000000000001
10519,-20.523299999999999,3.2347000000000001
10520,-5.3632999999999997,3.2625999999999999
10521,-0.53939999999999999,3.2738
10522,-1.8911,3.2738
10523,5.7229000000000001,3.2886000000000002
10524,10.6708,3.3035000000000001
10525,7.3226000000000004,3.2997999999999998
10526,4.117,3.2961
10527,-1.9282999999999999,3.2831000000000001
10528,-17.714500000000001,3.2513999999999998
10529,-21.806699999999999,3.2366000000000001
10530,-20.845700000000001,3.2347000000000001
10531,-21.0503,3.2328000000000001
10532,-15.246700000000001,3.2421000000000002
10533,-8.5626999999999995,3.2551999999999999
10534,-7.3597999999999999,3.2589000000000001
10535,-5.2950999999999997,3.2625999999999999
10536,0.71919999999999995,3.2755999999999998
10537,-2.2134999999999998,3.2719
10538,-5.9275000000000002,3.2645
10539,-5.2454999999999998,3.2663000000000002
10540,-2.2507000000000001,3.2719
10541,-2.2073,3.2738
10542,-3.7387999999999999,3.27
10543,-10.1252,3.2589000000000001
10544,-10.329800000000001,3.2570000000000001
10545,-5.4873000000000003,3.2645
10546,0.19220000000000001,3.2755999999999998
10547,1.2709999999999999,3.2793000000000001
10548,-5.2950999999999997,3.2682000000000002
10549,-8.9408999999999992,3.2606999999999999
10550,-11.972899999999999,3.2532999999999999
10551,-4.0983999999999998,3.2682000000000002
10552,0,3.2774999999999999
10553,-9.2508999999999997,3.2606999999999999
10554,-11.650499999999999,3.2532999999999999
10555,-14.217499999999999,3.2458999999999998
10556,-18.650700000000001,3.2366000000000001
10557,-13.8764,3.2421000000000002
10558,-11.842700000000001,3.2458999999999998
10559,-8.9718999999999998,3.2532999999999999
10560,-9.0835000000000008,3.2532999999999999
10561,-9.2446999999999999,3.2532999999999999
10562,-5.0842999999999998,3.2606999999999999
10563,-1.6121000000000001,3.2682000000000002
10564,-3.2551999999999999,3.2663000000000002
10565,-3.2490000000000001,3.2682000000000002
10566,-6.6963999999999997,3.2606999999999999
10567,-10.8134,3.2532999999999999
10568,0.71919999999999995,3.2738
10569,1.3577999999999999,3.2774999999999999
10570,0.71919999999999995,3.2774999999999999
10571,-8.8478999999999992,3.2589000000000001
10572,-12.0845,3.2513999999999998
10573,-10.7204,3.2532999999999999
10574,-7.6946000000000003,3.2589000000000001
10575,-6.8948,3.2606999999999999
10576,-3.4102000000000001,3.2663000000000002
10577,1.3640000000000001,3.2774999999999999
10578,2.0832999999999999,3.2793000000000001
10579,-6.5289999999999999,3.2645
10580,-8.9657,3.2589000000000001
10581,-12.289099999999999,3.2513999999999998
10582,-12.561999999999999,3.2496
10583,-13.808199999999999,3.2440000000000002
10584,-11.4893,3.2496
10585,-8.2960999999999991,3.2551999999999999
10586,-1.8973,3.2682000000000002
10587,1.3577999999999999,3.2755999999999998
10588,21.366499999999998,3.3203
10589,19.5746,3.3220999999999998
10590,18.322099999999999,3.3239999999999998
10591,15.556699999999999,3.3203
10592,12.394500000000001,3.3165
10593,9.1206999999999994,3.3128000000000002
10594,0,3.2924000000000002
10595,0,3.2905000000000002
10596,0,3.2905000000000002
10597,0,3.2886000000000002
10598,0,3.2886000000000002
10599,0,3.2886000000000002
10600,0,3.2886000000000002
10601,0,3.2886000000000002
10602,0,3.2886000000000002
10603,0,3.2886000000000002
10604,0,3.2886000000000002
10605,0,3.2886000000000002
10606,0,3.2886000000000002
10607,0,3.2886000000000002
10608,0,3.2886000000000002
10609,0,3.2886000000000002
10610,0,3.2886000000000002
10611,0,3.2886000000000002
10612,0,3.2886000000000002
10613,0,3.2886000000000002
10614,0,3.2905000000000002
10615,0,3.2905000000000002
10616,0,3.2905000000000002
10617,0,3.2905000000000002
10618,0,3.2905000000000002
10619,0,3.2905000000000002
10620,0,3.2905000000000002
10621,0,3.2905000000000002
10622,0,3.2905000000000002
10623,0,3.2905000000000002
10624,0,3.2905000000000002
10625,0,3.2905000000000002
10626,0,3.2905000000000002
10627,0,3.2905000000000002
10628,0,3.2905000000000002
10629,0,3.2905000000000002
10630,0,3.2905000000000002
10631,0,3.2905000000000002
10632,0,3.2905000000000002
10633,0,3.2905000000000002
10634,0,3.2905000000000002
10635,0,3.2905000000000002
10636,-10.4848,3.27
10637,-14.446899999999999,3.2589000000000001
10638,-18.334499999999998,3.2496
10639,-22.811199999999999,3.2366000000000001
10640,-28.602399999999999,3.2216999999999998
10641,-33.451099999999997,3.2086999999999999
10642,-29.2348,3.2141999999999999
10643,-28.199400000000001,3.2124000000000001
10644,-22.3276,3.2216999999999998
10645,-12.1713,3.2403
10646,2.6909000000000001,3.2719
10647,1.8476999999999999,3.2738
10648,0.71919999999999995,3.2738
10649,-7.4032,3.2589000000000001
10650,-6.1321000000000003,3.2606999999999999
10651,-6.2188999999999997,3.2606999999999999
10652,-9.0835000000000008,3.2551999999999999
10653,-21.471900000000002,3.2290999999999999
10654,2.7652999999999999,3.2755999999999998
10655,14.037599999999999,3.3035000000000001
10656,6.0887000000000002,3.2905000000000002
10657,16.120999999999999,3.3128000000000002
10658,6.9568000000000003,3.2997999999999998
10659,1.0416000000000001,3.2867999999999999
10660,-10.212,3.2625999999999999
10661,-6.7708000000000004,3.2682000000000002
10662,-15.643599999999999,3.2496
10663,-26.767099999999999,3.2235
10664,-30.834499999999998,3.2124000000000001
10665,-39.967700000000001,3.1901000000000002
10666,-39.942900000000002,3.1844999999999999
10667,-39.961500000000001,3.1825999999999999
10668,-39.942900000000002,3.1789000000000001
10669,-25.279,3.2048999999999999
10670,-39.955300000000001,3.177
10671,-30.127700000000001,3.1919
10672,-39.924300000000002,3.1732999999999998
10673,-38.268799999999999,3.1751999999999998
10674,-39.942900000000002,3.1715
10675,-29.1418,3.1882000000000001
10676,-27.430499999999999,3.1919
10677,-25.855599999999999,3.1938
10678,-10.4848,3.2254
10679,-6.4173999999999998,3.2347000000000001
10680,-8.7177000000000007,3.2328000000000001
10681,-6.25,3.2383999999999999
10682,-10.243,3.2328000000000001
10683,-10.2492,3.2328000000000001
10684,-10.243,3.2328000000000001
10685,-10.2492,3.2328000000000001
10686,-14.8127,3.2254
10687,-14.8871,3.2254
10688,-21.806699999999999,3.2124000000000001
10689,-24.485299999999999,3.2048999999999999
10690,-24.968900000000001,3.2031000000000001
10691,-20.740300000000001,3.2105000000000001
10692,-23.425000000000001,3.2048999999999999
10693,-26.271000000000001,3.1974999999999998
10694,-21.8874,3.2067999999999999
10695,-24.671299999999999,3.2012
10696,-30.109100000000002,3.1882000000000001
10697,-39.949100000000001,3.1696
10698,-39.552300000000002,3.1677
10699,-27.728100000000001,3.1882000000000001
10700,-22.7864,3.1974999999999998
10701,-17.522300000000001,3.2086999999999999
10702,-12.3635,3.2198000000000002
10703,-7.4527999999999999,3.2290999999999999
10704,-14.682499999999999,3.218
10705,-19.928000000000001,3.2086999999999999
10706,-23.003399999999999,3.2031000000000001
10707,-25.9176,3.1956000000000002
10708,-20.6907,3.2048999999999999
10709,-26.488,3.1919
10710,-21.124700000000001,3.2031000000000001
10711,-24.317900000000002,3.1956000000000002
10712,-18.8368,3.2086999999999999
10713,-16.207799999999999,3.2124000000000001
10714,-11.4087,3.2235
10715,-16.09,3.2141999999999999
10716,-16.0962,3.2141999999999999
10717,-16.0962,3.2161
10718,-16.102399999999999,3.2161
10719,-16.0776,3.2161
10720,-13.368,3.2198000000000002
10721,-8.3704999999999998,3.2309999999999999
10722,-8.2093000000000007,3.2328000000000001
10723,1.5189999999999999,3.2532999999999999
10724,-2.1328999999999998,3.2496
10725,-4.6067999999999998,3.2440000000000002
10726,-9.7284000000000006,3.2347000000000001
10727,-6.9753999999999996,3.2403
10728,-11.569900000000001,3.2309999999999999
10729,-22.023800000000001,3.2105000000000001
10730,-16.846399999999999,3.2198000000000002
10731,-16.883600000000001,3.218
10732,-14.322900000000001,3.2235
10733,-7.0064000000000002,3.2366000000000001
10734,-4.1604000000000001,3.2440000000000002
10735,-4.1231999999999998,3.2458999999999998
10736,-3.9247999999999998,3.2458999999999998
10737,-1.054,3.2551999999999999
10738,-20.734100000000002,3.2161
10739,-3.621,3.2496
10740,-10.646000000000001,3.2347000000000001
10741,-8.6805000000000003,3.2383999999999999
10742,-8.5317000000000007,3.2383999999999999
10743,-15.333500000000001,3.2273000000000001
10744,-11.098699999999999,3.2328000000000001
10745,-39.955300000000001,3.177
10746,2.0771000000000002,3.2551999999999999
10747,-39.967700000000001,3.177
10748,-13.9322,3.2216999999999998
10749,-27.163900000000002,3.1974999999999998
10750,-39.949100000000001,3.1715
10751,-28.478400000000001,3.1901000000000002
10752,-20.566700000000001,3.2048999999999999
10753,-26.395,3.1938
10754,-15.7242,3.2141999999999999
10755,-10.9064,3.2235
10756,0,3.2458999999999998
10757,1.6740999999999999,3.2532999999999999
10758,4.7184999999999997,3.2625999999999999
10759,7.9241000000000001,3.2719
10760,6.5972,3.27
10761,-12.847200000000001,3.2347000000000001
10762,-12.840999999999999,3.2328000000000001
10763,-3.218,3.2513999999999998
10764,6.6715999999999998,3.2719
10765,-10.2554,3.2403
10766,-14.2857,3.2309999999999999
10767,-10.2492,3.2383999999999999
10768,-2.5669,3.2532999999999999
10769,-9.9268000000000001,3.2403
10770,-11.6257,3.2347000000000001
10771,-11.6195,3.2347000000000001
10772,-2.3313000000000001,3.2532999999999999
10773,0,3.2589000000000001
10774,0.16739999999999999,3.2625999999999999
10775,5.1649000000000003,3.2719
10776,8.0108999999999995,3.2793000000000001
10777,7.9612999999999996,3.2831000000000001
10778,9.1206999999999994,3.2867999999999999
10779,9.0463000000000005,3.2886000000000002
10780,7.7999999999999998,3.2867999999999999
10781,8.8416999999999994,3.2905000000000002
10782,15.2033,3.3054000000000001
10783,11.6381,3.3016999999999999
10784,14.1989,3.3071999999999999
10785,10.001200000000001,3.3016999999999999
10786,8.5626999999999995,3.2978999999999998
10787,5.6113,3.2924000000000002
10788,4.6875,3.2886000000000002
10789,-3.3296000000000001,3.2738
10790,1.3577999999999999,3.2812000000000001
10791,5.2765000000000004,3.2905000000000002
10792,8.9657,3.2997999999999998
10793,15.7614,3.3147000000000002
10794,17.8385,3.3203
10795,5.9150999999999998,3.2997999999999998
10796,3.7574000000000001,3.2924000000000002
10797,1.6059000000000001,3.2886000000000002
10798,5.2454999999999998,3.2961
10799,4.7680999999999996,3.2961
10800,8.5192999999999994,3.3035000000000001
10801,3.8008000000000002,3.2961
10802,0,3.2848999999999999
10803,0,3.2848999999999999
10804,0,3.2848999999999999
10805,0,3.2831000000000001
10806,0,3.2831000000000001
10807,0,3.2831000000000001
10808,0,3.2831000000000001
10809,0,3.2831000000000001
10810,0,3.2831000000000001
10811,0,3.2831000000000001
10812,0,3.2831000000000001
10813,0,3.2831000000000001
10814,0,3.2831000000000001
10815,0,3.2831000000000001
10816,0,3.2831000000000001
10817,0,3.2831000000000001
10818,0,3.2831000000000001
10819,-3.3296000000000001,3.2755999999999998
10820,-10.6088,3.2625999999999999
10821,-16.685199999999998,3.2458999999999998
10822,-20.200800000000001,3.2366000000000001
10823,-24.565899999999999,3.2254
10824,-28.193200000000001,3.2141999999999999
10825,-27.808700000000002,3.2124000000000001
10826,-30.753900000000002,3.2048999999999999
10827,-16.883600000000001,3.2290999999999999
10828,-21.732299999999999,3.2198000000000002
10829,-20.9573,3.2198000000000002
10830,-23.642099999999999,3.2141999999999999
10831,-31.454599999999999,3.1956000000000002
10832,-16.207799999999999,3.2235
10833,-16.765799999999999,3.2235
10834,-13.0952,3.2309999999999999
10835,-15.9598,3.2254
10836,-17.609100000000002,3.2216999999999998
10837,-19.816400000000002,3.218
10838,-7.9179000000000004,3.2383999999999999
10839,-10.77,3.2347000000000001
10840,-4.2843999999999998,3.2496
10841,-0.48359999999999997,3.2589000000000001
10842,-8.9657,3.2421000000000002
10843,-18.898800000000001,3.2235
10844,-14.818899999999999,3.2290999999999999
10845,-6.5662000000000003,3.2440000000000002
10846,-6.5662000000000003,3.2458999999999998
10847,-6.5662000000000003,3.2458999999999998
10848,-6.5724,3.2458999999999998
10849,-6.5599999999999996,3.2496
10850,-7.7565999999999997,3.2458999999999998
10851,-11.4521,3.2383999999999999
10852,-7.9241000000000001,3.2440000000000002
10853,-4.7805,3.2532999999999999
10854,0.47120000000000001,3.2625999999999999
10855,5.1649000000000003,3.2738
10856,6.0328999999999997,3.2774999999999999
10857,2.2383000000000002,3.2719
10858,15.240500000000001,3.2997999999999998
10859,16.617000000000001,3.3071999999999999
10860,20.107800000000001,3.3165
10861,14.6701,3.3090999999999999
10862,13.591200000000001,3.3090999999999999
10863,12.2767,3.3090999999999999
10864,10.602600000000001,3.3054000000000001
10865,6.2003000000000004,3.2978999999999998
10866,0,3.2831000000000001
10867,0,3.2812000000000001
10868,0,3.2812000000000001
10869,0,3.2812000000000001
10870,0,3.2812000000000001
10871,0,3.2812000000000001
10872,0,3.2812000000000001
10873,0,3.2812000000000001
10874,0,3.2812000000000001
10875,-8.3332999999999995,3.2645
10876,-10.646000000000001,3.2570000000000001
10877,-17.044799999999999,3.2421000000000002
10878,-23.207999999999998,3.2273000000000001
10879,-27.356100000000001,3.2161
10880,-32.198599999999999,3.2048999999999999
10881,-39.961500000000001,3.1844999999999999
10882,-35.596400000000003,3.1882000000000001
10883,-11.7807,3.2328000000000001
10884,-28.373000000000001,3.2031000000000001
10885,-24.528700000000001,3.2086999999999999
10886,-18.644500000000001,3.218
10887,-6.6158000000000001,3.2403
10888,-3.1745999999999999,3.2513999999999998
10889,0,3.2589000000000001
10890,0.71919999999999995,3.2625999999999999
10891,1.3577999999999999,3.2663000000000002
10892,3.7263999999999999,3.2719
10893,17.671099999999999,3.3035000000000001
10894,18.080300000000001,3.3090999999999999
10895,15.321099999999999,3.3071999999999999
10896,12.152699999999999,3.3035000000000001
10897,8.9161000000000001,3.2978999999999998
10898,0,3.2793000000000001
10899,0,3.2774999999999999
10900,0,3.2774999999999999
10901,0,3.2774999999999999
10902,0,3.2774999999999999
10903,0,3.2774999999999999
10904,0,3.2774999999999999
10905,0,3.2774999999999999
10906,0,3.2774999999999999
10907,0,3.2774999999999999
10908,0,3.2774999999999999
10909,0,3.2774999999999999
10910,0,3.2774999999999999
10911,0,3.2774999999999999
10912,0,3.2793000000000001
10913,0,3.2793000000000001
10914,0,3.2793000000000001
10915,0,3.2793000000000001
10916,0,3.2793000000000001
10917,0,3.2793000000000001
10918,0,3.2793000000000001
10919,0,3.2793000000000001
10920,-10.4724,3.2589000000000001
10921,-14.453099999999999,3.2496
10922,-18.334499999999998,3.2366000000000001
10923,-22.811199999999999,3.2254
10924,-28.614799999999999,3.2124000000000001
10925,-33.438699999999997,3.1974999999999998
10926,-39.961500000000001,3.1825999999999999
10927,-39.961500000000001,3.1789000000000001
10928,-22.042400000000001,3.2105000000000001
10929,-21.819099999999999,3.2124000000000001
10930,-39.9739,3.1751999999999998
10931,-28.385400000000001,3.1938
10932,-14.453099999999999,3.2216999999999998
10933,-24.844899999999999,3.2031000000000001
10934,-10.8444,3.2290999999999999
10935,-14.5585,3.2235
10936,-14.8437,3.2235
10937,-4.6130000000000004,3.2421000000000002
10938,-7.7628000000000004,3.2383999999999999
10939,-7.8186999999999998,3.2383999999999999
10940,-2.6909000000000001,3.2513999999999998
10941,-0.69440000000000002,3.2570000000000001
10942,-11.2537,3.2366000000000001
10943,-6.5662000000000003,3.2440000000000002
10944,0.52080000000000004,3.2606999999999999
10945,-4.4828000000000001,3.2532999999999999
10946,-4.4146000000000001,3.2532999999999999
10947,-2.4925000000000002,3.2570000000000001
10948,-6.2934000000000001,3.2513999999999998
10949,-6.2872000000000003,3.2513999999999998
10950,-6.3120000000000003,3.2496
10951,-6.2995999999999999,3.2513999999999998
10952,-6.2934000000000001,3.2513999999999998
10953,-2.4428999999999998,3.2589000000000001
10954,-8.1410999999999998,3.2458999999999998
10955,-8.1659000000000006,3.2458999999999998
10956,-11.042899999999999,3.2403
10957,-0.57040000000000002,3.2606999999999999
10958,-2.4428999999999998,3.2589000000000001
10959,-6.2126999999999999,3.2532999999999999
10960,-6.2065000000000001,3.2532999999999999
10961,-2.4119000000000002,3.2606999999999999
10962,-2.3250999999999999,3.2606999999999999
10963,-4.1542000000000003,3.2589000000000001
10964,5.9894999999999996,3.2774999999999999
10965,10.1996,3.2886000000000002
10966,13.126200000000001,3.2997999999999998
10967,13.833,3.3035000000000001
10968,14.831300000000001,3.3071999999999999
10969,15.9536,3.3109999999999999
10970,13.2936,3.3090999999999999
10971,13.2874,3.3109999999999999
10972,10.677,3.3071999999999999
10973,6.8079999999999998,3.2997999999999998
10974,0,3.2848999999999999
10975,0,3.2831000000000001
10976,0,3.2812000000000001
10977,0,3.2812000000000001
10978,0,3.2812000000000001
10979,0,3.2812000000000001
10980,0,3.2812000000000001
10981,0,3.2812000000000001
10982,0,3.2812000000000001
10983,-3.9805999999999999,3.2738
10984,-7.5271999999999997,3.2645
10985,-6.6529999999999996,3.2645
10986,-3.6147999999999998,3.27
10987,-11.4087,3.2551999999999999
10988,-7.0869999999999997,3.2625999999999999
10989,-6.6033999999999997,3.2625999999999999
10990,-10.2864,3.2551999999999999
10991,-15.842000000000001,3.2403
10992,-17.4541,3.2366000000000001
10993,-16.338000000000001,3.2366000000000001
10994,-13.926,3.2383999999999999
10995,-13.4796,3.2383999999999999
10996,-12.0039,3.2421000000000002
10997,-13.3308,3.2383999999999999
10998,-14.453099999999999,3.2366000000000001
10999,-12.568199999999999,3.2383999999999999
11000,-11.7559,3.2403
11001,-8.6867000000000001,3.2458999999999998
11002,-5.2950999999999997,3.2532999999999999
11003,-3.8132000000000001,3.2570000000000001
11004,-3.8132000000000001,3.2589000000000001
11005,-3.8132000000000001,3.2589000000000001
11006,-3.8132000000000001,3.2589000000000001
11007,-3.8132000000000001,3.2606999999999999
11008,-11.7621,3.2421000000000002
11009,-6.3182,3.2532999999999999
11010,-6.4050000000000002,3.2532999999999999
11011,0.71919999999999995,3.2682000000000002
11012,0.71919999999999995,3.27
11013,-0.77500000000000002,3.2682000000000002
11014,-3.8132000000000001,3.2625999999999999
11015,-3.8132000000000001,3.2625999999999999
11016,1.7981,3.2738
11017,6.1940999999999997,3.2831000000000001
11018,16.474399999999999,3.3090999999999999
11019,13.275,3.3054000000000001
11020,10.677,3.3016999999999999
11021,0,3.2812000000000001
11022,0,3.2793000000000001
11023,0,3.2793000000000001
11024,0,3.2793000000000001
11025,0,3.2793000000000001
11026,0,3.2793000000000001
11027,0,3.2793000000000001
11028,0,3.2793000000000001
11029,0,3.2793000000000001
11030,0,3.2793000000000001
11031,0,3.2793000000000001
11032,0,3.2793000000000001
11033,0,3.2793000000000001
11034,0,3.2793000000000001
11035,0,3.2793000000000001
11036,0,3.2793000000000001
11037,0,3.2793000000000001
11038,0,3.2793000000000001
11039,0,3.2793000000000001
11040,0,3.2793000000000001
11041,-10.491,3.2589000000000001
11042,-14.453099999999999,3.2496
11043,-18.328299999999999,3.2366000000000001
11044,-22.550799999999999,3.2273000000000001
11045,-13.2874,3.2421000000000002
11046,-13.0456,3.2421000000000002
11047,-11.005699999999999,3.2458999999999998
11048,-2.1328999999999998,3.2645
11049,-2.1328999999999998,3.2663000000000002
11050,-6.2934000000000001,3.2589000000000001
11051,-4.1294000000000004,3.2625999999999999
11052,-2.1328999999999998,3.2663000000000002
11053,-0.13020000000000001,3.2719
11054,1.0416000000000001,3.2738
11055,-1.1284000000000001,3.2719
11056,0.27900000000000003,3.2738
11057,-6.2561999999999998,3.2625999999999999
11058,-3.2118000000000002,3.2682000000000002
11059,-1.1284000000000001,3.2719
11060,0.60140000000000005,3.2755999999999998
11061,-1.085,3.2738
11062,-2.0522999999999998,3.27
11063,-3.0567000000000002,3.27
11064,-6.25,3.2625999999999999
11065,-7.2544000000000004,3.2589000000000001
11066,-10.4414,3.2532999999999999
11067,-8.9284999999999997,3.2551999999999999
11068,-12.531000000000001,3.2458999999999998
11069,-10.962300000000001,3.2458999999999998
11070,-3.931,3.2625999999999999
11071,-3.9681999999999999,3.2625999999999999
11072,-7.7256,3.2551999999999999
11073,-7.5334000000000003,3.2551999999999999
11074,-7.6449999999999996,3.2551999999999999
11075,-4.5696000000000003,3.2606999999999999
11076,-3.2118000000000002,3.2645
11077,-3.2118000000000002,3.2645
11078,-5.3446999999999996,3.2606999999999999
11079,-14.961499999999999,3.2383999999999999
11080,-20.4923,3.2254
11081,-15.246700000000001,3.2347000000000001
11082,-10.8072,3.2421000000000002
11083,-10.453799999999999,3.2421000000000002
11084,3.9681999999999999,3.2719
11085,17.683499999999999,3.3035000000000001
11086,16.213999999999999,3.3071999999999999
11087,13.070399999999999,3.3035000000000001
11088,9.7159999999999993,3.2997999999999998
11089,0,3.2793000000000001
11090,0,3.2774999999999999
11091,0,3.2793000000000001
11092,0,3.2774999999999999
11093,0,3.2774999999999999
11094,0,3.2774999999999999
11095,0,3.2774999999999999
11096,0,3.2774999999999999
11097,0,3.2774999999999999
11098,0,3.2774999999999999
11099,0,3.2793000000000001
11100,0,3.2793000000000001
11101,0,3.2793000000000001
11102,0,3.2793000000000001
11103,0,3.2793000000000001
11104,0,3.2793000000000001
11105,0,3.2793000000000001
11106,0,3.2793000000000001
11107,0,3.2793000000000001
11108,0,3.2793000000000001
11109,0,3.2793000000000001
11110,0,3.2793000000000001
11111,0,3.2793000000000001
11112,0,3.2793000000000001
11113,0,3.2812000000000001
11114,0,3.2812000000000001
11115,0,3.2812000000000001
11116,0,3.2812000000000001
11117,0,3.2812000000000001
11118,-6.4607999999999999,3.2682000000000002
11119,-8.1721000000000004,3.2625999999999999
11120,-17.125399999999999,3.2421000000000002
11121,-13.895,3.2458999999999998
11122,-16.406199999999998,3.2383999999999999
11123,-12.0101,3.2458999999999998
11124,-11.6319,3.2458999999999998
11125,-20.002400000000002,3.2290999999999999
11126,-21.6021,3.2235
11127,-16.530200000000001,3.2309999999999999
11128,-15.718,3.2328000000000001
11129,-15.4575,3.2328000000000001
11130,-17.534700000000001,3.2273000000000001
11131,-13.4734,3.2347000000000001
11132,-7.6201999999999996,3.2458999999999998
11133,-9.1578999999999997,3.2440000000000002
11134,-5.6485000000000003,3.2532999999999999
11135,-5.6856999999999998,3.2532999999999999
11136,-4.1294000000000004,3.2570000000000001
11137,-6.5724,3.2532999999999999
11138,-5.7290999999999999,3.2551999999999999
11139,-4.1727999999999996,3.2570000000000001
11140,1.2834000000000001,3.2682000000000002
11141,1.2709999999999999,3.27
11142,10.119,3.2905000000000002
11143,11.197900000000001,3.2961
11144,13.355600000000001,3.3035000000000001
11145,7.8434999999999997,3.2961
11146,6.25,3.2905000000000002
11147,7.6449999999999996,3.2961
11148,0,3.2793000000000001
11149,0,3.2793000000000001
11150,0,3.2793000000000001
11151,0,3.2793000000000001
11152,0,3.2774999999999999
11153,0,3.2793000000000001
11154,0,3.2793000000000001
11155,0,3.2793000000000001
11156,0,3.2793000000000001
11157,0,3.2793000000000001
11158,0,3.2793000000000001
11159,0,3.2793000000000001
11160,0,3.2793000000000001
11161,0,3.2793000000000001
11162,0,3.2793000000000001
11163,0,3.2793000000000001
11164,0,3.2793000000000001
11165,0,3.2812000000000001
11166,-4.5633999999999997,3.2719
11167,-6.2436999999999996,3.2663000000000002
11168,-3.8504,3.27
11169,-6.9691999999999998,3.2645
11170,-14.000400000000001,3.2496
11171,-13.6408,3.2458999999999998
11172,-15.965999999999999,3.2403
11173,-10.212,3.2513999999999998
11174,-16.2822,3.2366000000000001
11175,-5.0967000000000002,3.2589000000000001
11176,-0.099199999999999997,3.27
11177,-2.0522999999999998,3.2682000000000002
11178,-16.852599999999999,3.2366000000000001
11179,-11.842700000000001,3.2440000000000002
11180,-11.4521,3.2440000000000002
11181,-16.9208,3.2328000000000001
11182,-14.081099999999999,3.2366000000000001
11183,-3.2118000000000002,3.2589000000000001
11184,0.83079999999999998,3.2682000000000002
11185,-10.2058,3.2458999999999998
11186,-10.4848,3.2458999999999998
11187,-5.6051000000000002,3.2551999999999999
11188,4.0797999999999996,3.2755999999999998
11189,3.6086,3.2774999999999999
11190,4.5262000000000002,3.2812000000000001
11191,11.0739,3.2978999999999998
11192,10.956099999999999,3.2997999999999998
11193,8.1659000000000006,3.2961
11194,0,3.2793000000000001
11195,0,3.2793000000000001
11196,0,3.2774999999999999
11197,0,3.2774999999999999
11198,0,3.2793000000000001
11199,0,3.2774999999999999
11200,-0.099199999999999997,3.2774999999999999
11201,-8.6867000000000001,3.2606999999999999
11202,-10.646000000000001,3.2551999999999999
11203,-16.617000000000001,3.2403
11204,-20.362100000000002,3.2309999999999999
11205,-12.0039,3.2440000000000002
11206,-17.4603,3.2328000000000001
11207,-18.892600000000002,3.2273000000000001
11208,-17.243300000000001,3.2290999999999999
11209,-21.732299999999999,3.2198000000000002
11210,-20.926300000000001,3.2198000000000002
11211,-19.971399999999999,3.2198000000000002
11212,-16.207799999999999,3.2273000000000001
11213,-16.9208,3.2254
11214,-11.8551,3.2347000000000001
11215,-10.7638,3.2366000000000001
11216,-8.0791000000000004,3.2421000000000002
11217,-9.6478000000000002,3.2403
11218,-8.3643000000000001,3.2421000000000002
11219,-4.4951999999999996,3.2513999999999998
11220,0,3.2625999999999999
11221,-2.7652999999999999,3.2589000000000001
11222,-1.1284000000000001,3.2625999999999999
11223,1.3577999999999999,3.2682000000000002
11224,2.5916999999999999,3.2719
11225,6.7584,3.2812000000000001
11226,10.7638,3.2924000000000002
11227,10.081799999999999,3.2961
11228,11.7187,3.2997999999999998
11229,9.8523999999999994,3.2978999999999998
11230,5.2393000000000001,3.2886000000000002
11231,6.6715999999999998,3.2924000000000002
11232,0,3.2793000000000001
11233,0,3.2793000000000001
11234,0,3.2774999999999999
11235,0,3.2793000000000001
11236,-0.48359999999999997,3.2774999999999999
11237,0,3.2774999999999999
11238,0,3.2774999999999999
11239,-9.6105999999999998,3.2589000000000001
11240,-10.652200000000001,3.2551999999999999
11241,-17.807500000000001,3.2383999999999999
11242,-23.970700000000001,3.2216999999999998
11243,-24.144300000000001,3.218
11244,-16.127199999999998,3.2309999999999999
11245,-10.404199999999999,3.2421000000000002
11246,-13.0518,3.2383999999999999
11247,-14.2485,3.2347000000000001
11248,-15.8048,3.2309999999999999
11249,-16.524000000000001,3.2290999999999999
11250,-25.2666,3.2105000000000001
11251,-22.9848,3.2124000000000001
11252,-16.852599999999999,3.2235
11253,-10.9747,3.2347000000000001
11254,-8.2030999999999992,3.2403
11255,-12.289099999999999,3.2328000000000001
11256,-4.5633999999999997,3.2496
11257,-4.5633999999999997,3.2513999999999998
11258,-2.8893,3.2551999999999999
11259,0,3.2625999999999999
11260,-1.1718,3.2606999999999999
11261,-4.3650000000000002,3.2570000000000001
11262,-4.3650000000000002,3.2570000000000001
11263,-2.7715000000000001,3.2589000000000001
11264,2.0337000000000001,3.27
11265,-2.6475,3.2625999999999999
11266,-4.1604000000000001,3.2589000000000001
11267,-4.1727999999999996,3.2589000000000001
11268,-4.1604000000000001,3.2589000000000001
11269,-4.1542000000000003,3.2589000000000001
11270,-4.1727999999999996,3.2589000000000001
11271,-5.8097000000000003,3.2551999999999999
11272,-9.5114000000000001,3.2496
11273,-11.2041,3.2421000000000002
11274,-25.483599999999999,3.2141999999999999
11275,-19.363800000000001,3.2216999999999998
11276,-19.7668,3.2198000000000002
11277,-20.523299999999999,3.2161
11278,-5.8097000000000003,3.2440000000000002
11279,-14.453099999999999,3.2290999999999999
11280,-12.0039,3.2328000000000001
11281,-10.491,3.2366000000000001
11282,-4.1231999999999998,3.2513999999999998
11283,-2.2073,3.2551999999999999
11284,-5.8964999999999996,3.2496
11285,-4.0053999999999998,3.2532999999999999
11286,-0.3286,3.2625999999999999
11287,1.3577999999999999,3.2663000000000002
11288,-3.9681999999999999,3.2570000000000001
11289,1.3515999999999999,3.2682000000000002
11290,1.3577999999999999,3.27
11291,-3.6457999999999999,3.2606999999999999
11292,-0.099199999999999997,3.2682000000000002
11293,-3.5714000000000001,3.2606999999999999
11294,4.6811999999999996,3.2774999999999999
11295,2.0771000000000002,3.2738
11296,-3.1745999999999999,3.2645
11297,-4.8487,3.2606999999999999
11298,-4.8487,3.2606999999999999
11299,-4.8425000000000002,3.2606999999999999
11300,0,3.27
11301,-3.0442999999999998,3.2645
11302,-4.7309000000000001,3.2606999999999999
11303,-1.333,3.2663000000000002
11304,0.71919999999999995,3.2719
11305,2.6785000000000001,3.2755999999999998
11306,1.3515999999999999,3.2755999999999998
11307,2.6413000000000002,3.2774999999999999
11308,7.9923000000000002,3.2905000000000002
11309,9.6044,3.2978999999999998
11310,8.7673000000000005,3.2978999999999998
11311,6.6033999999999997,3.2924000000000002
11312,5.2393000000000001,3.2905000000000002
11313,-2.4119000000000002,3.2755999999999998
11314,-11.4397,3.2551999999999999
11315,-10.8878,3.2551999999999999
11316,-7.9179000000000004,3.2589000000000001
11317,-8.9657,3.2551999999999999
11318,-10.131399999999999,3.2513999999999998
11319,-10.453799999999999,3.2496
11320,-12.710800000000001,3.2421000000000002
11321,-15.8482,3.2366000000000001
11322,-16.567399999999999,3.2328000000000001
11323,-11.6195,3.2403
11324,-3.9681999999999999,3.2570000000000001
11325,-6.2872000000000003,3.2532999999999999
11326,-6.3305999999999996,3.2532999999999999
11327,-6.4546000000000001,3.2532999999999999
11328,-11.644299999999999,3.2421000000000002
11329,-8.1721000000000004,3.2496
11330,-13.616,3.2366000000000001
11331,-6.2126999999999999,3.2513999999999998
11332,-6.2561999999999998,3.2532999999999999
11333,-6.25,3.2532999999999999
11334,-2.9761000000000002,3.2589000000000001
11335,4.4021999999999997,3.2755999999999998
11336,2.0398999999999998,3.2719
11337,1.3577999999999999,3.2719
11338,6.1135000000000002,3.2831000000000001
11339,3.2366000000000001,3.2793000000000001
11340,1.2834000000000001,3.2755999999999998
11341,-7.3411999999999997,3.2589000000000001
11342,-7.4589999999999996,3.2570000000000001
11343,-8.9718999999999998,3.2532999999999999
11344,-6.2995999999999999,3.2570000000000001
11345,-10.652200000000001,3.2458999999999998
11346,-12.524800000000001,3.2421000000000002
11347,-11.5265,3.2421000000000002
11348,-8.0233000000000008,3.2496
11349,-11.979100000000001,3.2403
11350,-12.3263,3.2383999999999999
11351,-7.0808,3.2513999999999998
11352,-2.9699,3.2589000000000001
11353,-2.9761000000000002,3.2606999999999999
11354,-2.8955000000000002,3.2606999999999999
11355,0.76259999999999994,3.2682000000000002
11356,0.76259999999999994,3.27
11357,-2.7715000000000001,3.2645
11358,-4.3402000000000003,3.2606999999999999
11359,0.76259999999999994,3.2719
11360,0.76259999999999994,3.2719
11361,2.0089000000000001,3.2755999999999998
11362,-9.1021000000000001,3.2532999999999999
11363,-10.689399999999999,3.2496
11364,-8.0046999999999997,3.2532999999999999
11365,-6.6901999999999999,3.2551999999999999
11366,-1.1284000000000001,3.2663000000000002
11367,-6.6963999999999997,3.2570000000000001
11368,-4.3339999999999996,3.2606999999999999
11369,-4.3277999999999999,3.2606999999999999
11370,0,3.27
11371,0.16739999999999999,3.27
11372,1.3640000000000001,3.2738
11373,0.16120000000000001,3.2719
11374,-2.6040999999999999,3.2663000000000002
11375,-4.1727999999999996,3.2645
11376,-4.1727999999999996,3.2625999999999999
11377,-0.96719999999999995,3.27
11378,-2.4801000000000002,3.2663000000000002
11379,-4.1231999999999998,3.2645
11380,0,3.2719
11381,0.16739999999999999,3.2738
11382,-3.9247999999999998,3.2645
11383,-7.7628000000000004,3.2570000000000001
11384,-2.4367000000000001,3.2663000000000002
11385,0.186,3.2719
11386,3.8008000000000002,3.2793000000000001
11387,4.7618999999999998,3.2831000000000001
11388,5.9150999999999998,3.2886000000000002
11389,1.7237,3.2793000000000001
11390,-2.8521000000000001,3.2719
11391,-3.9247999999999998,3.2682000000000002
11392,-13.0518,3.2496
11393,-12.3635,3.2458999999999998
11394,-10.8878,3.2496
11395,-5.8097000000000003,3.2589000000000001
11396,-5.8468999999999998,3.2589000000000001
11397,-10.044600000000001,3.2496
11398,-6.0824999999999996,3.2570000000000001
11399,-5.3384999999999998,3.2589000000000001
11400,-5.3632999999999997,3.2589000000000001
11401,-6.2561999999999998,3.2570000000000001
11402,0.17979999999999999,3.2682000000000002
11403,-0.77500000000000002,3.2682000000000002
11404,-3.8132000000000001,3.2625999999999999
11405,-3.8132000000000001,3.2645
11406,0.13020000000000001,3.27
11407,-0.72540000000000004,3.27
11408,-0.72540000000000004,3.27
11409,-3.621,3.2645
11410,-5.8964999999999996,3.2606999999999999
11411,-10.094200000000001,3.2513999999999998
11412,-3.8132000000000001,3.2625999999999999
11413,0.71919999999999995,3.2719
11414,-3.7263999999999999,3.2645
11415,1.2834000000000001,3.2738
11416,-8.5317000000000007,3.2551999999999999
11417,-11.4521,3.2458999999999998
11418,-10.323600000000001,3.2496
11419,1.2834000000000001,3.2719
11420,4.8859000000000004,3.2812000000000001
11421,10.596399999999999,3.2961
11422,8.9161000000000001,3.2924000000000002
11423,13.163399999999999,3.3054000000000001
11424,10.4786,3.3035000000000001
11425,7.335,3.2978999999999998
11426,0,3.2812000000000001
11427,0,3.2812000000000001
11428,0,3.2812000000000001
11429,0,3.2793000000000001
11430,0,3.2793000000000001
11431,0,3.2793000000000001
11432,-6.4421999999999997,3.2663000000000002
11433,-9.6850000000000005,3.2589000000000001
11434,-20.523299999999999,3.2328000000000001
11435,-22.091999999999999,3.2273000000000001
11436,-26.277200000000001,3.2161
11437,-20.845700000000001,3.2235
11438,-12.4131,3.2383999999999999
11439,-15.643599999999999,3.2309999999999999
11440,-13.523,3.2347000000000001
11441,-12.214700000000001,3.2366000000000001
11442,-14.459300000000001,3.2328000000000001
11443,-21.099900000000002,3.218
11444,-26.6617,3.2067999999999999
11445,-19.165400000000002,3.218
11446,-11.8179,3.2328000000000001
11447,-8.2836999999999996,3.2403
11448,-6.0453000000000001,3.2458999999999998
11449,-4.4889999999999999,3.2513999999999998
11450,-4.4828000000000001,3.2513999999999998
11451,3.6396000000000002,3.2682000000000002
11452,-1.0911999999999999,3.2625999999999999
11453,0,3.2645
11454,0.76259999999999994,3.2682000000000002
11455,0.16739999999999999,3.2663000000000002
11456,1.2834000000000001,3.27
11457,0.16739999999999999,3.2682000000000002
11458,1.2834000000000001,3.2719
11459,5.7972999999999999,3.2812000000000001
11460,10.602600000000001,3.2924000000000002
11461,1.2834000000000001,3.2774999999999999
11462,-2.8149000000000002,3.2682000000000002
11463,-6.2934000000000001,3.2606999999999999
11464,-10.695600000000001,3.2513999999999998
11465,-9.1206999999999994,3.2513999999999998
11466,-0.53320000000000001,3.2682000000000002
11467,-3.2551999999999999,3.2645
11468,-5.4439000000000002,3.2589000000000001
11469,0.27900000000000003,3.2719
11470,-3.2490000000000001,3.2645
11471,-3.2490000000000001,3.2645
11472,-12.4131,3.2440000000000002
11473,-9.6167999999999996,3.2496
11474,-11.2165,3.2440000000000002
11475,-6.0143000000000004,3.2551999999999999
11476,-7.4527999999999999,3.2532999999999999
11477,-8.9595000000000002,3.2496
11478,-5.4935,3.2551999999999999
11479,-2.4119000000000002,3.2625999999999999
11480,1.2834000000000001,3.27
11481,3.7263999999999999,3.2774999999999999
11482,0.71919999999999995,3.2719
11483,1.24,3.2738
11484,0.27900000000000003,3.2738
11485,0.72540000000000004,3.2738
11486,1.3206,3.2755999999999998
11487,0.76259999999999994,3.2755999999999998
11488,4.5262000000000002,3.2831000000000001
11489,13.163399999999999,3.3035000000000001
11490,11.4459,3.3035000000000001
11491,8.2836999999999996,3.2997999999999998
11492,0,3.2812000000000001
11493,0,3.2793000000000001
11494,0,3.2793000000000001
11495,0,3.2793000000000001
11496,0,3.2793000000000001
11497,0,3.2793000000000001
11498,0,3.2793000000000001
11499,0,3.2793000000000001
11500,0,3.2793000000000001
11501,0,3.2793000000000001
11502,0,3.2793000000000001
11503,0,3.2793000000000001
11504,0,3.2793000000000001
11505,0,3.2793000000000001
11506,0,3.2793000000000001
11507,0,3.2793000000000001
11508,0,3.2793000000000001
11509,0,3.2793000000000001
11510,0,3.2793000000000001
11511,0,3.2793000000000001
11512,0,3.2793000000000001
11513,0,3.2793000000000001
11514,0,3.2793000000000001
11515,0,3.2793000000000001
11516,0,3.2793000000000001
11517,0,3.2793000000000001
11518,0,3.2793000000000001
11519,0,3.2793000000000001
11520,0,3.2793000000000001
11521,0,3.2812000000000001
11522,0,3.2793000000000001
11523,0,3.2793000000000001
11524,0,3.2812000000000001
11525,-3.9744000000000002,3.2719
11526,-9.0525000000000002,3.2606999999999999
11527,-16.009399999999999,3.2440000000000002
11528,-19.636600000000001,3.2328000000000001
11529,-23.9893,3.2216999999999998
11530,-27.715699999999998,3.2105000000000001
11531,-15.333500000000001,3.2328000000000001
11532,-16.610800000000001,3.2290999999999999
11533,-20.734100000000002,3.2216999999999998
11534,-16.3628,3.2273000000000001
11535,-15.1661,3.2290999999999999
11536,-13.163399999999999,3.2328000000000001
11537,-13.684200000000001,3.2309999999999999
11538,-15.606299999999999,3.2273000000000001
11539,-7.6449999999999996,3.2421000000000002
11540,-11.4521,3.2366000000000001
11541,-10.894,3.2366000000000001
11542,-9.6478000000000002,3.2403
11543,0,3.2606999999999999
11544,1.3577999999999999,3.2663000000000002
11545,1.3640000000000001,3.2682000000000002
11546,-4.0860000000000003,3.2570000000000001
11547,2.7652999999999999,3.2719
11548,9.8399999999999999,3.2867999999999999
11549,10.329800000000001,3.2924000000000002
11550,4.1542000000000003,3.2812000000000001
11551,3.4411999999999998,3.2793000000000001
11552,11.607100000000001,3.2997999999999998
11553,10.968500000000001,3.3016999999999999
11554,7.4466000000000001,3.2961
11555,2.4304999999999999,3.2848999999999999
11556,0.60140000000000005,3.2793000000000001
11557,0,3.2793000000000001
11558,0,3.2793000000000001
11559,0,3.2774999999999999
11560,0,3.2774999999999999
11561,-0.57040000000000002,3.2774999999999999
11562,-2.2134999999999998,3.2738
11563,-2.2507000000000001,3.2738
11564,0,3.2774999999999999
11565,-0.57040000000000002,3.2774999999999999
11566,0,3.2774999999999999
11567,0,3.2774999999999999
11568,0,3.2774999999999999
11569,0,3.2774999999999999
11570,0,3.2774999999999999
11571,0,3.2774999999999999
11572,0,3.2793000000000001
11573,-0.099199999999999997,3.2774999999999999
11574,-1.7981,3.2755999999999998
11575,-3.4039999999999999,3.2719
11576,-6.6096000000000004,3.2645
11577,-15.0793,3.2440000000000002
11578,-17.2867,3.2383999999999999
11579,-20.213200000000001,3.2290999999999999
11580,-9.8895999999999997,3.2496
11581,-5.4562999999999997,3.2570000000000001
11582,-13.8454,3.2403
11583,-19.8474,3.2254
11584,-20.1388,3.2235
11585,-13.0952,3.2347000000000001
11586,-5.1711,3.2532999999999999
11587,-3.9744000000000002,3.2570000000000001
11588,-4.0053999999999998,3.2570000000000001
11589,-6.2313000000000001,3.2532999999999999
11590,-11.8241,3.2403
11591,-9.1268999999999991,3.2440000000000002
11592,-12.568199999999999,3.2383999999999999
11593,-11.7745,3.2383999999999999
11594,-10.094200000000001,3.2403
11595,-2.2940999999999998,3.2589000000000001
11596,-2.2507000000000001,3.2606999999999999
11597,-6.0391000000000004,3.2532999999999999
11598,-8.9284999999999997,3.2458999999999998
11599,-9.0835000000000008,3.2458999999999998
11600,-6.4112,3.2513999999999998
11601,-9.3315000000000001,3.2440000000000002
11602,-6.25,3.2513999999999998
11603,-7.7380000000000004,3.2496
11604,-5.6051000000000002,3.2532999999999999
11605,-4.0860000000000003,3.2570000000000001
11606,-4.0983999999999998,3.2570000000000001
11607,-2.4925000000000002,3.2606999999999999
11608,-2.4925000000000002,3.2606999999999999
11609,-4.0115999999999996,3.2589000000000001
11610,0,3.2663000000000002
11611,-2.5669,3.2625999999999999
11612,0.71919999999999995,3.27
11613,1.2709999999999999,3.2719
11614,3.7946,3.2774999999999999
11615,4.7618999999999998,3.2812000000000001
11616,10.081799999999999,3.2961
11617,6.4421999999999997,3.2886000000000002
11618,10.838200000000001,3.2997999999999998
11619,4.9230999999999998,3.2886000000000002
11620,6.3987999999999996,3.2924000000000002
11621,7.5953999999999997,3.2961
11622,0,3.2812000000000001
11623,0,3.2793000000000001
11624,0,3.2793000000000001
11625,0,3.2793000000000001
11626,0,3.2793000000000001
11627,0,3.2774999999999999
11628,0,3.2793000000000001
11629,0,3.2793000000000001
11630,0,3.2793000000000001
11631,0,3.2793000000000001
11632,0,3.2793000000000001
11633,0,3.2774999999999999
11634,0,3.2793000000000001
11635,0,3.2793000000000001
11636,0,3.2793000000000001
11637,0,3.2793000000000001
11638,0,3.2793000000000001
11639,0,3.2793000000000001
11640,0,3.2793000000000001
11641,-6.7584,3.2663000000000002
11642,-10.646000000000001,3.2570000000000001
11643,-16.133400000000002,3.2403
11644,-22.277999999999999,3.2273000000000001
11645,-26.494199999999999,3.2141999999999999
11646,-31.355399999999999,3.2031000000000001
11647,-27.356100000000001,3.2067999999999999
11648,-24.200099999999999,3.2105000000000001
11649,-9.3315000000000001,3.2383999999999999
11650,1.24,3.2625999999999999
11651,1.24,3.2645
11652,12.3201,3.2886000000000002
11653,13.442399999999999,3.2978999999999998
11654,10.8568,3.2961
11655,7.1614000000000004,3.2886000000000002
11656,0,3.2755999999999998
11657,0,3.2755999999999998
11658,0,3.2755999999999998
11659,0,3.2755999999999998
11660,0,3.2755999999999998
11661,0,3.2755999999999998
11662,0,3.2755999999999998
11663,0,3.2755999999999998
11664,0,3.2755999999999998
11665,0,3.2755999999999998
11666,0,3.2755999999999998
11667,0,3.2755999999999998
11668,0,3.2755999999999998
11669,-0.77500000000000002,3.2755999999999998
11670,-4.3402000000000003,3.2682000000000002
11671,-6.6096000000000004,3.2625999999999999
11672,-9.7222000000000008,3.2551999999999999
11673,-18.1113,3.2347000000000001
11674,-15.1661,3.2383999999999999
11675,-8.1721000000000004,3.2532999999999999
11676,-2.5669,3.2625999999999999
11677,0.47120000000000001,3.27
11678,-3.3296000000000001,3.2645
11679,-3.9247999999999998,3.2625999999999999
11680,-1.5314000000000001,3.2682000000000002
11681,-8.2093000000000007,3.2551999999999999
11682,-13.368,3.2421000000000002
11683,-14.688700000000001,3.2383999999999999
11684,-16.331800000000001,3.2328000000000001
11685,-13.163399999999999,3.2366000000000001
11686,-15.5381,3.2309999999999999
11687,-7.9675000000000002,3.2458999999999998
11688,-6.2872000000000003,3.2513999999999998
11689,-2.7652999999999999,3.2589000000000001
11690,0.27900000000000003,3.2663000000000002
11691,0.27900000000000003,3.2682000000000002
11692,-6.4546000000000001,3.2551999999999999
11693,-6.2872000000000003,3.2551999999999999
11694,-5.1276999999999999,3.2570000000000001
11695,-1.6121000000000001,3.2645
11696,-0.36580000000000001,3.2682000000000002
11697,-0.36580000000000001,3.2682000000000002
11698,-2.8149000000000002,3.2645
11699,-1.6121000000000001,3.2663000000000002
11700,5.4439000000000002,3.2812000000000001
11701,1.6431,3.2755999999999998
11702,0.32240000000000002,3.2738
11703,-6.9009999999999998,3.2589000000000001
11704,-4.7247000000000003,3.2625999999999999
11705,-4.7680999999999996,3.2625999999999999
11706,1.1594,3.2738
11707,8.3270999999999997,3.2886000000000002
11708,7.0435999999999996,3.2886000000000002
11709,7.2481999999999998,3.2905000000000002
11710,0,3.2774999999999999
11711,0,3.2774999999999999
11712,0,3.2774999999999999
11713,0,3.2774999999999999
11714,0,3.2774999999999999
11715,0,3.2774999999999999
11716,0,3.2774999999999999
11717,0,3.2774999999999999
11718,0,3.2774999999999999
11719,0,3.2774999999999999
11720,0,3.2774999999999999
11721,0,3.2774999999999999
11722,0,3.2774999999999999
11723,0,3.2774999999999999
11724,-3.3233999999999999,3.2719
11725,-0.48359999999999997,3.2755999999999998
11726,-0.48359999999999997,3.2774999999999999
11727,-0.48359999999999997,3.2774999999999999
11728,-0.48359999999999997,3.2774999999999999
11729,-2.2568999999999999,3.2738
11730,-4.7309000000000001,3.2682000000000002
11731,-3.5651999999999999,3.27
11732,-3.5714000000000001,3.27
11733,-4.5324,3.2663000000000002
11734,-9.4928000000000008,3.2570000000000001
11735,-11.5327,3.2513999999999998
11736,-4.1727999999999996,3.2645
11737,0,3.2719
11738,0,3.2738
11739,0,3.2738
11740,-6.6033999999999997,3.2625999999999999
11741,-13.8392,3.2440000000000002
11742,-22.0486,3.2254
11743,-26.8415,3.2124000000000001
11744,-25.241800000000001,3.2124000000000001
11745,-17.522300000000001,3.2254
11746,-11.049099999999999,3.2366000000000001
11747,-7.5705999999999998,3.2440000000000002
11748,-12.1279,3.2366000000000001
11749,-10.646000000000001,3.2383999999999999
11750,-9.6478000000000002,3.2403
11751,-8.5317000000000007,3.2421000000000002
11752,-3.6457999999999999,3.2551999999999999
11753,1.2834000000000001,3.2663000000000002
11754,1.24,3.2682000000000002
11755,-3.4598,3.2589000000000001
11756,-3.4474,3.2589000000000001
11757,-3.4598,3.2606999999999999
11758,-3.4474,3.2606999999999999
11759,-3.4598,3.2606999999999999
11760,-9.6105999999999998,3.2458999999999998
11761,-5.0533000000000001,3.2570000000000001
11762,-8.5317000000000007,3.2496
11763,-5.9275000000000002,3.2532999999999999
11764,-7.4032,3.2513999999999998
11765,-8.9346999999999994,3.2458999999999998
11766,-6.2436999999999996,3.2532999999999999
11767,-5.4935,3.2551999999999999
11768,-7.7690000000000001,3.2496
11769,-6.4546000000000001,3.2513999999999998
11770,-13.895,3.2347000000000001
11771,-28.478400000000001,3.2048999999999999
11772,8.9161000000000001,3.2774999999999999
11773,-27.325099999999999,3.2086999999999999
11774,-6.2561999999999998,3.2458999999999998
11775,-2.9699,3.2551999999999999
11776,5.1276999999999999,3.2738
11777,19.091000000000001,3.3054000000000001
11778,17.720700000000001,3.3090999999999999
11779,15.0855,3.3071999999999999
11780,11.9543,3.3035000000000001
11781,8.6805000000000003,3.2978999999999998
11782,0,3.2793000000000001
11783,0,3.2774999999999999
11784,0,3.2774999999999999
11785,0,3.2774999999999999
11786,0,3.2774999999999999
11787,0,3.2774999999999999
11788,0,3.2774999999999999
11789,0,3.2774999999999999
11790,0,3.2774999999999999
11791,0,3.2774999999999999
11792,0,3.2774999999999999
11793,0,3.2774999999999999
11794,0,3.2774999999999999
11795,0,3.2774999999999999
11796,0,3.2774999999999999
11797,0,3.2774999999999999
11798,0,3.2774999999999999
11799,0,3.2774999999999999
11800,0,3.2774999999999999
11801,0,3.2774999999999999
11802,0,3.2774999999999999
11803,0,3.2774999999999999
11804,0,3.2774999999999999
11805,0,3.2774999999999999
11806,0,3.2793000000000001
11807,0,3.2793000000000001
11808,0,3.2793000000000001
11809,0,3.2793000000000001
11810,-4.8859000000000004,3.27
11811,-10.6088,3.2570000000000001
11812,-17.813700000000001,3.2383999999999999
11813,-18.638300000000001,3.2328000000000001
11814,-16.524000000000001,3.2347000000000001
11815,-14.998699999999999,3.2366000000000001
11816,-9.5299999999999994,3.2458999999999998
11817,-26.066400000000002,3.2124000000000001
11818,-7.0498000000000003,3.2496
11819,-14.081099999999999,3.2347000000000001
11820,-11.092499999999999,3.2383999999999999
11821,-2.8210999999999999,3.2570000000000001
11822,-20.734100000000002,3.2216999999999998
11823,1.24,3.2645
11824,0.83699999999999997,3.2663000000000002
11825,0.76259999999999994,3.2682000000000002
11826,1.2338,3.27
11827,1.6802999999999999,3.2719
11828,1.24,3.2719
11829,0.72540000000000004,3.2719
11830,4.1231999999999998,3.2793000000000001
11831,3.4350000000000001,3.2793000000000001
11832,3.0752999999999999,3.2793000000000001
11833,2.8769,3.2812000000000001
11834,4.3277999999999999,3.2831000000000001
11835,7.5209999999999999,3.2924000000000002
11836,0,3.2774999999999999
11837,0,3.2774999999999999
11838,0,3.2774999999999999
11839,0,3.2774999999999999
11840,0,3.2755999999999998
11841,0,3.2774999999999999
11842,0,3.2774999999999999
11843,0,3.2774999999999999
11844,0,3.2774999999999999
11845,0,3.2774999999999999
11846,0,3.2774999999999999
11847,0,3.2774999999999999
11848,0,3.2774999999999999
11849,0,3.2774999999999999
11850,0,3.2774999999999999
11851,0,3.2774999999999999
11852,0,3.2774999999999999
11853,0,3.2774999999999999
11854,0,3.2774999999999999
11855,0,3.2774999999999999
11856,0,3.2793000000000001
11857,0,3.2774999999999999
11858,0,3.2793000000000001
11859,0,3.2793000000000001
11860,0,3.2793000000000001
11861,0,3.2793000000000001
11862,0,3.2793000000000001
11863,0,3.2793000000000001
11864,0,3.2793000000000001
11865,0,3.2793000000000001
11866,0,3.2793000000000001
11867,-9.6167999999999996,3.2606999999999999
11868,-9.4431999999999992,3.2570000000000001
11869,-15.339700000000001,3.2421000000000002
11870,-18.694099999999999,3.2328000000000001
11871,-21.1371,3.2254
11872,-23.3506,3.218
11873,-6.3305999999999996,3.2513999999999998
11874,-9.2881,3.2458999999999998
11875,-27.808700000000002,3.2086999999999999
11876,-13.126200000000001,3.2347000000000001
11877,-10.6212,3.2383999999999999
11878,-4.5633999999999997,3.2532999999999999
11879,0.83699999999999997,3.2645
11880,1.7237,3.2682000000000002
11881,1.7175,3.27
11882,1.24,3.2719
11883,1.6369,3.2738
11884,11.4459,3.2961
11885,7.1676000000000002,3.2886000000000002
11886,-1.8167,3.2719
11887,-4.5633999999999997,3.2645
11888,-4.6936999999999998,3.2645
11889,-6.0453000000000001,3.2606999999999999
11890,-12.0039,3.2458999999999998
11891,-20.120200000000001,3.2273000000000001
11892,-22.284199999999998,3.2198000000000002
11893,-20.523299999999999,3.2216999999999998
11894,-5.3632999999999997,3.2513999999999998
11895,-0.53320000000000001,3.2625999999999999
11896,-1.8911,3.2606999999999999
11897,5.7229000000000001,3.2774999999999999
11898,10.6708,3.2905000000000002
11899,7.3226000000000004,3.2867999999999999
11900,4.1231999999999998,3.2812000000000001
11901,-1.9282999999999999,3.27
11902,-17.720700000000001,3.2366000000000001
11903,-21.819099999999999,3.2235
11904,-20.845700000000001,3.2216999999999998
11905,-21.0503,3.2198000000000002
11906,-15.2529,3.2290999999999999
11907,-8.5751000000000008,3.2421000000000002
11908,-7.3659999999999997,3.2440000000000002
11909,-5.2888999999999999,3.2513999999999998
11910,0.71919999999999995,3.2645
11911,-2.2073,3.2606999999999999
11912,-5.9337,3.2532999999999999
11913,-5.2516999999999996,3.2551999999999999
11914,-2.2568999999999999,3.2606999999999999
11915,-2.2134999999999998,3.2606999999999999
11916,-3.7387999999999999,3.2589000000000001
11917,-10.137600000000001,3.2440000000000002
11918,-10.317399999999999,3.2421000000000002
11919,-5.4935,3.2532999999999999
11920,0.186,3.2663000000000002
11921,1.2834000000000001,3.27
11922,-5.2950999999999997,3.2570000000000001
11923,-8.9284999999999997,3.2496
11924,-11.972899999999999,3.2403
11925,-4.0860000000000003,3.2570000000000001
11926,0,3.2663000000000002
11927,-9.2508999999999997,3.2458999999999998
11928,-11.644299999999999,3.2403
11929,-14.2051,3.2347000000000001
11930,-18.638300000000001,3.2235
11931,-13.8826,3.2309999999999999
11932,-11.8551,3.2347000000000001
11933,-8.9718999999999998,3.2403
11934,-9.0835000000000008,3.2403
11935,-9.2632999999999992,3.2403
11936,-5.0967000000000002,3.2496
11937,-1.6183000000000001,3.2570000000000001
11938,-3.2490000000000001,3.2570000000000001
11939,-3.2490000000000001,3.2570000000000001
11940,-6.6963999999999997,3.2496
11941,-10.819599999999999,3.2403
11942,0.71919999999999995,3.2645
11943,1.3577999999999999,3.2663000000000002
11944,0.71919999999999995,3.2663000000000002
11945,-8.8541000000000007,3.2496
11946,-12.0845,3.2383999999999999
11947,-10.726599999999999,3.2403
11948,-7.6883999999999997,3.2458999999999998
11949,-6.9009999999999998,3.2496
11950,-3.4039999999999999,3.2570000000000001
11951,1.3577999999999999,3.2663000000000002
11952,2.0771000000000002,3.27
11953,-6.5289999999999999,3.2532999999999999
11954,-8.9718999999999998,3.2458999999999998
11955,-12.295299999999999,3.2383999999999999
11956,-12.574400000000001,3.2366000000000001
11957,-13.7958,3.2328000000000001
11958,-11.4831,3.2366000000000001
11959,-8.2898999999999994,3.2421000000000002
11960,-1.8911,3.2570000000000001
11961,1.3577999999999999,3.2645
11962,21.366499999999998,3.3090999999999999
11963,19.5684,3.3109999999999999
11964,18.328299999999999,3.3128000000000002
11965,15.562900000000001,3.3109999999999999
11966,12.4069,3.3071999999999999
11967,9.1268999999999991,3.3016999999999999
11968,0,3.2812000000000001
11969,0,3.2793000000000001
11970,0,3.2793000000000001
11971,0,3.2774999999999999
11972,0,3.2774999999999999
11973,0,3.2774999999999999
11974,0,3.2774999999999999
11975,0,3.2774999999999999
11976,0,3.2774999999999999
11977,0,3.2774999999999999
11978,0,3.2774999999999999
11979,0,3.2774999999999999
11980,0,3.2774999999999999
11981,0,3.2774999999999999
11982,0,3.2774999999999999
11983,0,3.2774999999999999
11984,0,3.2774999999999999
11985,0,3.2774999999999999
11986,0,3.2774999999999999
11987,0,3.2774999999999999
11988,0,3.2774999999999999
11989,0,3.2774999999999999
11990,0,3.2774999999999999
11991,0,3.2793000000000001
11992,0,3.2793000000000001
11993,0,3.2793000000000001
11994,0,3.2774999999999999
11995,0,3.2774999999999999
11996,0,3.2793000000000001
11997,0,3.2793000000000001
11998,0,3.2793000000000001
11999,0,3.2793000000000001
12000,0,3.2793000000000001
12001,0,3.2793000000000001
12002,0,3.2793000000000001
12003,0,3.2793000000000001
12004,0,3.2793000000000001
12005,0,3.2793000000000001
12006,0,3.2793000000000001
12007,0,3.2793000000000001
12008,0,3.2793000000000001
12009,0,3.2793000000000001
12010,-10.4848,3.2589000000000001
12011,-14.446899999999999,3.2458999999999998
12012,-18.328299999999999,3.2347000000000001
12013,-22.805,3.2235
12014,-28.608599999999999,3.2086999999999999
12015,-33.451099999999997,3.1938
12016,-29.2348,3.1974999999999998
12017,-28.199400000000001,3.1974999999999998
12018,-22.34,3.2086999999999999
12019,-12.1713,3.2290999999999999
12020,2.6785000000000001,3.2606999999999999
12021,1.8476999999999999,3.2625999999999999
12022,0.71919999999999995,3.2625999999999999
12023,-7.4093999999999998,3.2458999999999998
12024,-6.1321000000000003,3.2513999999999998
12025,-6.2003000000000004,3.2513999999999998
12026,-9.0959000000000003,3.2440000000000002
12027,-21.490500000000001,3.218
12028,2.7652999999999999,3.2645
12029,14.037599999999999,3.2905000000000002
12030,6.0887000000000002,3.2793000000000001
12031,16.114799999999999,3.3035000000000001
12032,6.9568000000000003,3.2867999999999999
12033,1.0416000000000001,3.2755999999999998
12034,-10.2058,3.2532999999999999
12035,-6.7708000000000004,3.2570000000000001
12036,-15.643599999999999,3.2366000000000001
12037,-26.773299999999999,3.2124000000000001
12038,-30.846900000000002,3.1974999999999998
12039,-39.967700000000001,3.177
12040,-39.949100000000001,3.1732999999999998
12041,-39.949100000000001,3.1696
12042,-39.955300000000001,3.1677
12043,-25.279,3.1919
12044,-39.955300000000001,3.1659000000000002
12045,-30.121500000000001,3.1808000000000001
12046,-39.961500000000001,3.1621999999999999
12047,-38.268799999999999,3.1640000000000001
12048,-39.955300000000001,3.1602999999999999
12049,-29.160399999999999,3.177
12050,-27.442900000000002,3.1808000000000001
12051,-25.899000000000001,3.1844999999999999
12052,-10.4786,3.2141999999999999
12053,-6.4112,3.2254
12054,-8.7239000000000004,3.2235
12055,-6.25,3.2290999999999999
12056,-10.2492,3.2235
12057,-10.243,3.2235
12058,-10.243,3.2235
12059,-10.2554,3.2235
12060,-14.818899999999999,3.2161
12061,-14.8933,3.2161
12062,-21.825299999999999,3.2012
12063,-24.479099999999999,3.1938
12064,-24.962700000000002,3.1919
12065,-20.734100000000002,3.1974999999999998
12066,-23.456099999999999,3.1938
12067,-26.2834,3.1863000000000001
12068,-21.8874,3.1956000000000002
12069,-24.683700000000002,3.1901000000000002
12070,-30.115300000000001,3.1789000000000001
12071,-39.955300000000001,3.1583999999999999
12072,-39.552300000000002,3.1583999999999999
12073,-27.715699999999998,3.177
12074,-22.805,3.1882000000000001
12075,-17.528500000000001,3.1974999999999998
12076,-12.3697,3.2105000000000001
12077,-7.4589999999999996,3.2216999999999998
12078,-14.676299999999999,3.2086999999999999
12079,-19.928000000000001,3.1974999999999998
12080,-22.997199999999999,3.1919
12081,-25.9176,3.1844999999999999
12082,-20.6845,3.1938
12083,-26.4756,3.1825999999999999
12084,-21.118500000000001,3.1919
12085,-24.311699999999998,3.1863000000000001
12086,-18.8368,3.1974999999999998
12087,-16.213999999999999,3.2048999999999999
12088,-11.4087,3.2141999999999999
12089,-16.071400000000001,3.2067999999999999
12090,-16.09,3.2067999999999999
12091,-16.0776,3.2067999999999999
12092,-16.09,3.2067999999999999
12093,-16.0776,3.2067999999999999
12094,-13.368,3.2124000000000001
12095,-8.3704999999999998,3.2216999999999998
12096,-8.1968999999999994,3.2235
12097,1.5127999999999999,3.2440000000000002
12098,-2.1328999999999998,3.2403
12099,-4.6192000000000002,3.2366000000000001
12100,-9.7408000000000001,3.2273000000000001
12101,-6.9630000000000001,3.2328000000000001
12102,-11.557499999999999,3.2235
12103,-22.017600000000002,3.2031000000000001
12104,-16.840199999999999,3.2105000000000001
12105,-16.883600000000001,3.2105000000000001
12106,-14.3291,3.2141999999999999
12107,-7.0064000000000002,3.2290999999999999
12108,-4.1727999999999996,3.2366000000000001
12109,-4.1294000000000004,3.2383999999999999
12110,-3.9247999999999998,3.2383999999999999
12111,-1.054,3.2458999999999998
12112,-20.715499999999999,3.2086999999999999
12113,-3.6147999999999998,3.2403
12114,-10.646000000000001,3.2273000000000001
12115,-8.6990999999999996,3.2309999999999999
12116,-8.5254999999999992,3.2309999999999999
12117,-15.321099999999999,3.218
12118,-11.092499999999999,3.2254
12119,-39.955300000000001,3.1677
12120,2.0771000000000002,3.2458999999999998
12121,-39.949100000000001,3.1677
12122,-13.9198,3.2141999999999999
12123,-27.170100000000001,3.1882000000000001
12124,-39.955300000000001,3.1621999999999999
12125,-28.478400000000001,3.1808000000000001
12126,-20.560500000000001,3.1956000000000002
12127,-26.407399999999999,3.1844999999999999
12128,-15.7242,3.2067999999999999
12129,-10.894,3.2161
12130,0,3.2383999999999999
12131,1.6740999999999999,3.2458999999999998
12132,4.7184999999999997,3.2551999999999999
12133,7.9241000000000001,3.2645
12134,6.6033999999999997,3.2645
12135,-12.8596,3.2254
12136,-12.847200000000001,3.2254
12137,-3.2118000000000002,3.2421000000000002
12138,6.6715999999999998,3.2645
12139,-10.2554,3.2328000000000001
12140,-14.2857,3.2235
12141,-10.2554,3.2290999999999999
12142,-2.5669,3.2440000000000002
12143,-9.9329999999999998,3.2309999999999999
12144,-11.6195,3.2273000000000001
12145,-11.6195,3.2273000000000001
12146,-2.3313000000000001,3.2440000000000002
12147,0,3.2532999999999999
12148,0.16739999999999999,3.2551999999999999
12149,5.1649000000000003,3.2663000000000002
12150,7.9984999999999999,3.2738
12151,7.9612999999999996,3.2755999999999998
12152,9.1268999999999991,3.2793000000000001
12153,9.0463000000000005,3.2812000000000001
12154,7.7999999999999998,3.2793000000000001
12155,8.8478999999999992,3.2831000000000001
12156,15.190899999999999,3.2997999999999998
12157,11.650499999999999,3.2924000000000002
12158,14.1927,3.2997999999999998
12159,9.9949999999999992,3.2924000000000002
12160,8.5626999999999995,3.2905000000000002
12161,5.6051000000000002,3.2848999999999999
12162,4.6811999999999996,3.2831000000000001
12163,-3.3296000000000001,3.2663000000000002
12164,1.3577999999999999,3.2738
12165,5.2827000000000002,3.2831000000000001
12166,8.9595000000000002,3.2905000000000002
12167,15.7614,3.3071999999999999
12168,17.8385,3.3147000000000002
12169,5.9150999999999998,3.2905000000000002
12170,3.7635999999999998,3.2867999999999999
12171,1.6059000000000001,3.2812000000000001
12172,5.2454999999999998,3.2886000000000002
12173,4.7680999999999996,3.2867999999999999
12174,8.5192999999999994,3.2961
12175,3.8008000000000002,3.2867999999999999
12176,0,3.2774999999999999
12177,0,3.2774999999999999
12178,0,3.2755999999999998
12179,0,3.2755999999999998
12180,0,3.2755999999999998
12181,0,3.2755999999999998
12182,0,3.2755999999999998
12183,0,3.2755999999999998
12184,0,3.2755999999999998
12185,0,3.2755999999999998
12186,0,3.2755999999999998
12187,0,3.2755999999999998
12188,0,3.2755999999999998
12189,0,3.2755999999999998
12190,0,3.2755999999999998
12191,0,3.2755999999999998
12192,0,3.2755999999999998
12193,-3.3296000000000001,3.2682000000000002
12194,-10.6088,3.2532999999999999
12195,-16.685199999999998,3.2366000000000001
12196,-20.207000000000001,3.2273000000000001
12197,-24.559699999999999,3.2161
12198,-28.193200000000001,3.2048999999999999
12199,-27.808700000000002,3.2031000000000001
12200,-30.747699999999998,3.1938
12201,-16.877400000000002,3.2198000000000002
12202,-21.738499999999998,3.2105000000000001
12203,-20.9635,3.2105000000000001
12204,-23.648299999999999,3.2048999999999999
12205,-31.4236,3.1863000000000001
12206,-16.207799999999999,3.2161
12207,-16.753399999999999,3.2141999999999999
12208,-13.082800000000001,3.2216999999999998
12209,-15.9598,3.218
12210,-17.609100000000002,3.2141999999999999
12211,-19.810199999999998,3.2086999999999999
12212,-7.9179000000000004,3.2309999999999999
12213,-10.776199999999999,3.2273000000000001
12214,-4.2843999999999998,3.2403
12215,-0.48359999999999997,3.2513999999999998
12216,-8.9657,3.2347000000000001
12217,-18.886399999999998,3.2141999999999999
12218,-14.818899999999999,3.2216999999999998
12219,-6.5662000000000003,3.2366000000000001
12220,-6.5662000000000003,3.2383999999999999
12221,-6.5599999999999996,3.2383999999999999
12222,-6.5537999999999998,3.2383999999999999
12223,-6.5662000000000003,3.2403
12224,-7.7565999999999997,3.2366000000000001
12225,-11.458299999999999,3.2309999999999999
12226,-7.9241000000000001,3.2366000000000001
12227,-4.7680999999999996,3.2440000000000002
12228,0.47120000000000001,3.2570000000000001
12229,5.1649000000000003,3.2682000000000002
12230,6.0391000000000004,3.2719
12231,2.2383000000000002,3.2663000000000002
12232,15.240500000000001,3.2924000000000002
12233,16.604600000000001,3.3016999999999999
12234,20.120200000000001,3.3109999999999999
12235,14.682499999999999,3.3035000000000001
12236,13.591200000000001,3.3035000000000001
12237,12.2767,3.3016999999999999
12238,10.602600000000001,3.2997999999999998
12239,6.2003000000000004,3.2886000000000002
12240,0,3.2755999999999998
12241,0,3.2755999999999998
12242,0,3.2755999999999998
12243,0,3.2738
12244,0,3.2738
12245,0,3.2738
12246,0,3.2738
12247,0,3.2738
12248,0,3.2738
12249,-8.3270999999999997,3.2570000000000001
12250,-10.646000000000001,3.2496
12251,-17.050999999999998,3.2328000000000001
12252,-23.195599999999999,3.2198000000000002
12253,-27.374700000000001,3.2067999999999999
12254,-32.198599999999999,3.1938
12255,-39.949100000000001,3.1751999999999998
12256,-35.596400000000003,3.1789000000000001
12257,-11.7745,3.2254
12258,-28.366800000000001,3.1919
12259,-24.5349,3.1974999999999998
12260,-18.644500000000001,3.2105000000000001
12261,-6.6158000000000001,3.2328000000000001
12262,-3.1808000000000001,3.2421000000000002
12263,0,3.2513999999999998
12264,0.71919999999999995,3.2551999999999999
12265,1.3640000000000001,3.2589000000000001
12266,3.7263999999999999,3.2645
12267,17.683499999999999,3.2978999999999998
12268,18.086500000000001,3.3016999999999999
12269,15.327299999999999,3.3016999999999999
12270,12.165100000000001,3.2961
12271,8.9222999999999999,3.2905000000000002
12272,0,3.2719
12273,0,3.2719
12274,0,3.2719
12275,0,3.27
12276,0,3.27
12277,0,3.27
12278,0,3.27
12279,0,3.2719
12280,0,3.2719
12281,0,3.2719
12282,0,3.2719
12283,0,3.2719
12284,0,3.2719
12285,0,3.2719
12286,0,3.2719
12287,0,3.2719
12288,0,3.2719
12289,0,3.2719
12290,0,3.2719
12291,0,3.2719
12292,0,3.2719
12293,0,3.2719
12294,-10.4786,3.2513999999999998
12295,-14.453099999999999,3.2403
12296,-18.328299999999999,3.2290999999999999
12297,-22.805,3.218
12298,-28.5962,3.2031000000000001
12299,-33.420099999999998,3.1882000000000001
12300,-39.955300000000001,3.1732999999999998
12301,-39.961500000000001,3.1696
12302,-22.042400000000001,3.2031000000000001
12303,-21.8005,3.2031000000000001
12304,-39.955300000000001,3.1677
12305,-28.3978,3.1863000000000001
12306,-14.453099999999999,3.2124000000000001
12307,-24.851099999999999,3.1919
12308,-10.8444,3.2198000000000002
12309,-14.5647,3.2161
12310,-14.8437,3.2161
12311,-4.6067999999999998,3.2347000000000001
12312,-7.7628000000000004,3.2309999999999999
12313,-7.7999999999999998,3.2309999999999999
12314,-2.6846999999999999,3.2421000000000002
12315,-0.69440000000000002,3.2496
12316,-11.2475,3.2290999999999999
12317,-6.5662000000000003,3.2383999999999999
12318,0.52080000000000004,3.2532999999999999
12319,-4.4828000000000001,3.2440000000000002
12320,-4.4146000000000001,3.2440000000000002
12321,-2.4925000000000002,3.2513999999999998
12322,-6.2934000000000001,3.2421000000000002
12323,-6.2934000000000001,3.2421000000000002
12324,-6.2872000000000003,3.2421000000000002
12325,-6.2934000000000001,3.2421000000000002
12326,-6.2934000000000001,3.2421000000000002
12327,-2.4428999999999998,3.2513999999999998
12328,-8.1287000000000003,3.2403
12329,-8.1659000000000006,3.2383999999999999
12330,-11.049099999999999,3.2328000000000001
12331,-0.57040000000000002,3.2551999999999999
12332,-2.4428999999999998,3.2532999999999999
12333,-6.2126999999999999,3.2440000000000002
12334,-6.2065000000000001,3.2440000000000002
12335,-2.4180999999999999,3.2532999999999999
12336,-2.3250999999999999,3.2551999999999999
12337,-4.1604000000000001,3.2513999999999998
12338,6.0019,3.2719
12339,10.1934,3.2831000000000001
12340,13.126200000000001,3.2924000000000002
12341,13.833,3.2978999999999998
12342,14.831300000000001,3.3035000000000001
12343,15.965999999999999,3.3071999999999999
12344,13.275,3.3035000000000001
12345,13.2874,3.3054000000000001
12346,10.6708,3.3016999999999999
12347,6.7956000000000003,3.2924000000000002
12348,0,3.2774999999999999
12349,0,3.2774999999999999
12350,0,3.2755999999999998
12351,0,3.2755999999999998
12352,0,3.2755999999999998
12353,0,3.2738
12354,0,3.2738
12355,0,3.2738
12356,0,3.2738
12357,-3.9805999999999999,3.2663000000000002
12358,-7.5271999999999997,3.2589000000000001
12359,-6.6529999999999996,3.2589000000000001
12360,-3.6086,3.2645
12361,-11.4025,3.2458999999999998
12362,-7.0994000000000002,3.2551999999999999
12363,-6.6096000000000004,3.2551999999999999
12364,-10.2988,3.2458999999999998
12365,-15.8544,3.2328000000000001
12366,-17.4665,3.2273000000000001
12367,-16.331800000000001,3.2290999999999999
12368,-13.9322,3.2309999999999999
12369,-13.485799999999999,3.2309999999999999
12370,-11.9977,3.2347000000000001
12371,-13.3184,3.2309999999999999
12372,-14.459300000000001,3.2273000000000001
12373,-12.561999999999999,3.2309999999999999
12374,-11.7683,3.2328000000000001
12375,-8.6990999999999996,3.2383999999999999
12376,-5.2888999999999999,3.2458999999999998
12377,-3.8132000000000001,3.2513999999999998
12378,-3.8132000000000001,3.2532999999999999
12379,-3.8132000000000001,3.2532999999999999
12380,-3.8132000000000001,3.2532999999999999
12381,-3.8132000000000001,3.2532999999999999
12382,-11.7745,3.2366000000000001
12383,-6.3182,3.2458999999999998
12384,-6.4112,3.2458999999999998
12385,0.71919999999999995,3.2625999999999999
12386,0.71919999999999995,3.2625999999999999
12387,-0.77500000000000002,3.2625999999999999
12388,-3.8132000000000001,3.2570000000000001
12389,-3.8132000000000001,3.2570000000000001
12390,1.7981,3.2682000000000002
12391,6.1940999999999997,3.2774999999999999
12392,16.486799999999999,3.3035000000000001
12393,13.2812,3.2997999999999998
12394,10.6708,3.2978999999999998
12395,0,3.2738
12396,0,3.2738
12397,0,3.2738
12398,0,3.2719
12399,0,3.2719
12400,0,3.2719
12401,0,3.2719
12402,0,3.2719
12403,0,3.2719
12404,0,3.2719
12405,0,3.2719
12406,0,3.2719
12407,0,3.2738
12408,0,3.2738
12409,0,3.2738
12410,0,3.2738
12411,0,3.2738
12412,0,3.2738
12413,0,3.2738
12414,0,3.2738
12415,-10.491,3.2532999999999999
12416,-14.453099999999999,3.2403
12417,-18.328299999999999,3.2309999999999999
12418,-22.563199999999998,3.2198000000000002
12419,-13.2874,3.2347000000000001
12420,-13.033200000000001,3.2347000000000001
12421,-11.005699999999999,3.2383999999999999
12422,-2.1328999999999998,3.2570000000000001
12423,-2.1328999999999998,3.2589000000000001
12424,-6.2809999999999997,3.2513999999999998
12425,-4.1294000000000004,3.2551999999999999
12426,-2.1328999999999998,3.2606999999999999
12427,-0.13020000000000001,3.2645
12428,1.0416000000000001,3.2682000000000002
12429,-1.1346000000000001,3.2645
12430,0.27900000000000003,3.2682000000000002
12431,-6.25,3.2551999999999999
12432,-3.2118000000000002,3.2606999999999999
12433,-1.1284000000000001,3.2645
12434,0.60140000000000005,3.2682000000000002
12435,-1.0911999999999999,3.2663000000000002
12436,-2.0461,3.2645
12437,-3.0442999999999998,3.2625999999999999
12438,-6.25,3.2551999999999999
12439,-7.2544000000000004,3.2532999999999999
12440,-10.453799999999999,3.2440000000000002
12441,-8.9222999999999999,3.2458999999999998
12442,-12.5372,3.2383999999999999
12443,-10.968500000000001,3.2403
12444,-3.9247999999999998,3.2551999999999999
12445,-3.9744000000000002,3.2551999999999999
12446,-7.7256,3.2496
12447,-7.5334000000000003,3.2458999999999998
12448,-7.6449999999999996,3.2458999999999998
12449,-4.5633999999999997,3.2532999999999999
12450,-3.218,3.2570000000000001
12451,-3.2118000000000002,3.2570000000000001
12452,-5.3323,3.2532999999999999
12453,-14.9739,3.2328000000000001
12454,-20.4861,3.218
12455,-15.246700000000001,3.2273000000000001
12456,-10.819599999999999,3.2347000000000001
12457,-10.4352,3.2366000000000001
12458,3.9681999999999999,3.2663000000000002
12459,17.689699999999998,3.2997999999999998
12460,16.207799999999999,3.3016999999999999
12461,13.076599999999999,3.2997999999999998
12462,9.7159999999999993,3.2924000000000002
12463,0,3.2738
12464,0,3.2719
12465,0,3.2719
12466,0,3.2719
12467,0,3.2719
12468,0,3.2719
12469,0,3.2719
12470,0,3.2719
12471,0,3.2719
12472,0,3.2719
12473,0,3.2719
12474,0,3.2719
12475,0,3.2719
12476,0,3.2719
12477,0,3.2738
12478,0,3.2738
12479,0,3.2738
12480,0,3.2738
12481,0,3.2738
12482,0,3.2738
12483,0,3.2738
12484,0,3.2738
12485,0,3.2738
12486,0,3.2738
12487,0,3.2738
12488,0,3.2738
12489,0,3.2738
12490,0,3.2738
12491,0,3.2738
12492,-6.4421999999999997,3.2625999999999999
12493,-8.1721000000000004,3.2570000000000001
12494,-17.119199999999999,3.2347000000000001
12495,-13.8888,3.2383999999999999
12496,-16.412400000000002,3.2328000000000001
12497,-11.9977,3.2383999999999999
12498,-11.6381,3.2403
12499,-20.002400000000002,3.2216999999999998
12500,-21.6083,3.2161
12501,-16.524000000000001,3.2235
12502,-15.718,3.2254
12503,-15.4513,3.2235
12504,-17.540900000000001,3.2198000000000002
12505,-13.485799999999999,3.2273000000000001
12506,-7.6201999999999996,3.2383999999999999
12507,-9.1702999999999992,3.2366000000000001
12508,-5.6485000000000003,3.2440000000000002
12509,-5.6856999999999998,3.2440000000000002
12510,-4.1294000000000004,3.2496
12511,-6.5662000000000003,3.2440000000000002
12512,-5.7229000000000001,3.2458999999999998
12513,-4.1604000000000001,3.2513999999999998
12514,1.2834000000000001,3.2625999999999999
12515,1.2834000000000001,3.2645
12516,10.119,3.2831000000000001
12517,11.197900000000001,3.2905000000000002
12518,13.355600000000001,3.2978999999999998
12519,7.8434999999999997,3.2867999999999999
12520,6.25,3.2848999999999999
12521,7.6387999999999998,3.2886000000000002
12522,0,3.2738
12523,0,3.2738
12524,0,3.2738
12525,0,3.2738
12526,0,3.2738
12527,0,3.2738
12528,0,3.2719
12529,0,3.2738
12530,0,3.2738
12531,0,3.2738
12532,0,3.2738
12533,0,3.2738
12534,0,3.2738
12535,0,3.2738
12536,0,3.2738
12537,0,3.2738
12538,0,3.2738
12539,0,3.2738
12540,-4.5633999999999997,3.2645
12541,-6.2624000000000004,3.2606999999999999
12542,-3.8565999999999998,3.2645
12543,-6.9691999999999998,3.2570000000000001
12544,-14.006600000000001,3.2403
12545,-13.647,3.2383999999999999
12546,-15.965999999999999,3.2328000000000001
12547,-10.212,3.2421000000000002
12548,-16.288399999999999,3.2290999999999999
12549,-5.1029,3.2532999999999999
12550,-0.099199999999999997,3.2625999999999999
12551,-2.0522999999999998,3.2606999999999999
12552,-16.846399999999999,3.2290999999999999
12553,-11.8489,3.2366000000000001
12554,-11.458299999999999,3.2366000000000001
12555,-16.945599999999999,3.2254
12556,-14.0997,3.2290999999999999
12557,-3.2118000000000002,3.2532999999999999
12558,0.83079999999999998,3.2625999999999999
12559,-10.2058,3.2403
12560,-10.4848,3.2383999999999999
12561,-5.6051000000000002,3.2496
12562,4.0797999999999996,3.27
12563,3.6147999999999998,3.2719
12564,4.5262000000000002,3.2738
12565,11.0739,3.2905000000000002
12566,10.968500000000001,3.2924000000000002
12567,8.1534999999999993,3.2886000000000002
12568,0,3.2738
12569,0,3.2719
12570,0,3.2719
12571,0,3.2719
12572,0,3.2719
12573,0,3.2719
12574,-0.099199999999999997,3.2719
12575,-8.6990999999999996,3.2551999999999999
12576,-10.646000000000001,3.2496
12577,-16.604600000000001,3.2328000000000001
12578,-20.386900000000001,3.2235
12579,-12.0101,3.2366000000000001
12580,-17.447900000000001,3.2254
12581,-18.886399999999998,3.2216999999999998
12582,-17.237100000000002,3.2216999999999998
12583,-21.738499999999998,3.2124000000000001
12584,-20.920100000000001,3.2124000000000001
12585,-19.971399999999999,3.2124000000000001
12586,-16.213999999999999,3.218
12587,-16.927,3.218
12588,-11.8551,3.2273000000000001
12589,-10.7576,3.2290999999999999
12590,-8.0976999999999997,3.2347000000000001
12591,-9.6478000000000002,3.2328000000000001
12592,-8.3704999999999998,3.2366000000000001
12593,-4.4889999999999999,3.2440000000000002
12594,0,3.2551999999999999
12595,-2.7652999999999999,3.2532999999999999
12596,-1.1284000000000001,3.2570000000000001
12597,1.3577999999999999,3.2625999999999999
12598,2.5916999999999999,3.2663000000000002
12599,6.7584,3.2774999999999999
12600,10.7576,3.2867999999999999
12601,10.094200000000001,3.2886000000000002
12602,11.7125,3.2961
12603,9.8461999999999996,3.2924000000000002
12604,5.2393000000000001,3.2831000000000001
12605,6.6778000000000004,3.2867999999999999
12606,0,3.2738
12607,0,3.2738
12608,0,3.2738
12609,0,3.2719
12610,-0.47739999999999999,3.2719
12611,0,3.2719
12612,0,3.2719
12613,-9.6044,3.2532999999999999
12614,-10.646000000000001,3.2496
12615,-17.807500000000001,3.2309999999999999
12616,-23.952100000000002,3.2161
12617,-24.138100000000001,3.2105000000000001
12618,-16.133400000000002,3.2254
12619,-10.410399999999999,3.2347000000000001
12620,-13.0456,3.2309999999999999
12621,-14.2547,3.2273000000000001
12622,-15.8048,3.2235
12623,-16.530200000000001,3.2216999999999998
12624,-25.2728,3.2031000000000001
12625,-22.997199999999999,3.2048999999999999
12626,-16.846399999999999,3.2161
12627,-10.968500000000001,3.2273000000000001
12628,-8.2093000000000007,3.2328000000000001
12629,-12.2829,3.2273000000000001
12630,-4.5696000000000003,3.2421000000000002
12631,-4.5696000000000003,3.2440000000000002
12632,-2.8831000000000002,3.2496
12633,0,3.2570000000000001
12634,-1.1779999999999999,3.2551999999999999
12635,-4.3650000000000002,3.2496
12636,-4.3836000000000004,3.2496
12637,-2.7776999999999998,3.2532999999999999
12638,2.0398999999999998,3.2645
12639,-2.6537000000000002,3.2570000000000001
12640,-4.1727999999999996,3.2532999999999999
12641,-4.1604000000000001,3.2532999999999999
12642,-4.1604000000000001,3.2532999999999999
12643,-4.1604000000000001,3.2532999999999999
12644,-4.1727999999999996,3.2532999999999999
12645,-5.8097000000000003,3.2496
12646,-9.5237999999999996,3.2403
12647,-11.2165,3.2366000000000001
12648,-25.477399999999999,3.2067999999999999
12649,-19.357600000000001,3.2161
12650,-19.7606,3.2124000000000001
12651,-20.529499999999999,3.2105000000000001
12652,-5.8097000000000003,3.2383999999999999
12653,-14.453099999999999,3.2216999999999998
12654,-11.9977,3.2273000000000001
12655,-10.497199999999999,3.2290999999999999
12656,-4.1294000000000004,3.2421000000000002
12657,-2.2134999999999998,3.2496
12658,-5.8841000000000001,3.2421000000000002
12659,-4.0115999999999996,3.2458999999999998
12660,-0.3286,3.2551999999999999
12661,1.3577999999999999,3.2606999999999999
12662,-3.9744000000000002,3.2513999999999998
12663,1.3577999999999999,3.2625999999999999
12664,1.3640000000000001,3.2645
12665,-3.6396000000000002,3.2551999999999999
12666,-0.086800000000000002,3.2625999999999999
12667,-3.5651999999999999,3.2551999999999999
12668,4.6875,3.2719
12669,2.0771000000000002,3.2682000000000002
12670,-3.1745999999999999,3.2589000000000001
12671,-4.8487,3.2551999999999999
12672,-4.8487,3.2551999999999999
12673,-4.8548999999999998,3.2532999999999999
12674,0,3.2645
12675,-3.0505,3.2589000000000001
12676,-4.7247000000000003,3.2551999999999999
12677,-1.333,3.2606999999999999
12678,0.71919999999999995,3.2663000000000002
12679,2.6909000000000001,3.2719
12680,1.3577999999999999,3.27
12681,2.6475,3.2738
12682,7.9984999999999999,3.2848999999999999
12683,9.6044,3.2905000000000002
12684,8.7611000000000008,3.2905000000000002
12685,6.6033999999999997,3.2867999999999999
12686,5.2454999999999998,3.2848999999999999
12687,-2.4119000000000002,3.27
12688,-11.4521,3.2496
12689,-10.894,3.2458999999999998
12690,-7.9302999999999999,3.2532999999999999
12691,-8.9657,3.2496
12692,-10.131399999999999,3.2440000000000002
12693,-10.4414,3.2421000000000002
12694,-12.710800000000001,3.2366000000000001
12695,-15.842000000000001,3.2290999999999999
12696,-16.573599999999999,3.2254
12697,-11.6257,3.2347000000000001
12698,-3.9744000000000002,3.2513999999999998
12699,-6.2934000000000001,3.2458999999999998
12700,-6.3243999999999998,3.2458999999999998
12701,-6.4546000000000001,3.2458999999999998
12702,-11.6381,3.2366000000000001
12703,-8.1659000000000006,3.2421000000000002
12704,-13.616,3.2309999999999999
12705,-6.2065000000000001,3.2440000000000002
12706,-6.25,3.2440000000000002
12707,-6.2561999999999998,3.2458999999999998
12708,-2.9761000000000002,3.2532999999999999
12709,4.4084000000000003,3.27
12710,2.0337000000000001,3.2682000000000002
12711,1.3640000000000001,3.2682000000000002
12712,6.1135000000000002,3.2774999999999999
12713,3.2303999999999999,3.2738
12714,1.2834000000000001,3.27
12715,-7.3411999999999997,3.2532999999999999
12716,-7.4527999999999999,3.2513999999999998
12717,-8.9718999999999998,3.2458999999999998
12718,-6.2934000000000001,3.2513999999999998
12719,-10.652200000000001,3.2403
12720,-12.524800000000001,3.2347000000000001
12721,-11.5265,3.2366000000000001
12722,-8.0233000000000008,3.2421000000000002
12723,-11.972899999999999,3.2347000000000001
12724,-12.3325,3.2328000000000001
12725,-7.0869999999999997,3.2421000000000002
12726,-2.9823,3.2532999999999999
12727,-2.9823,3.2551999999999999
12728,-2.8893,3.2551999999999999
12729,0.76259999999999994,3.2625999999999999
12730,0.76259999999999994,3.2645
12731,-2.7715000000000001,3.2570000000000001
12732,-4.3339999999999996,3.2551999999999999
12733,0.75639999999999996,3.2645
12734,0.76259999999999994,3.2663000000000002
12735,2.0089000000000001,3.27
12736,-9.0959000000000003,3.2458999999999998
12737,-10.689399999999999,3.2403
12738,-8.0108999999999995,3.2458999999999998
12739,-6.6963999999999997,3.2496
12740,-1.1284000000000001,3.2606999999999999
12741,-6.6840000000000002,3.2496
12742,-4.3339999999999996,3.2532999999999999
12743,-4.3339999999999996,3.2551999999999999
12744,0,3.2625999999999999
12745,0.16739999999999999,3.2645
12746,1.3577999999999999,3.2682000000000002
12747,0.16739999999999999,3.2663000000000002
12748,-2.6103000000000001,3.2625999999999999
12749,-4.1727999999999996,3.2589000000000001
12750,-4.1727999999999996,3.2570000000000001
12751,-0.97340000000000004,3.2645
12752,-2.4863,3.2606999999999999
12753,-4.1294000000000004,3.2589000000000001
12754,0,3.2663000000000002
12755,0.16739999999999999,3.2682000000000002
12756,-3.9247999999999998,3.2589000000000001
12757,-7.7628000000000004,3.2513999999999998
12758,-2.4428999999999998,3.2606999999999999
12759,0.043400000000000001,3.2663000000000002
12760,3.7946,3.2755999999999998
12761,4.7618999999999998,3.2793000000000001
12762,5.9150999999999998,3.2831000000000001
12763,1.7237,3.2755999999999998
12764,-2.8521000000000001,3.2663000000000002
12765,-3.9247999999999998,3.2625999999999999
12766,-13.0456,3.2421000000000002
12767,-12.3573,3.2403
12768,-10.8878,3.2421000000000002
12769,-5.8097000000000003,3.2532999999999999
12770,-5.8531000000000004,3.2532999999999999
12771,-10.044600000000001,3.2421000000000002
12772,-6.0949,3.2513999999999998
12773,-5.3323,3.2532999999999999
12774,-5.3632999999999997,3.2532999999999999
12775,-6.25,3.2513999999999998
12776,0.043400000000000001,3.2645
12777,-0.76880000000000004,3.2625999999999999
12778,-3.8008000000000002,3.2570000000000001
12779,-3.8008000000000002,3.2570000000000001
12780,0.092999999999999999,3.2663000000000002
12781,-0.72540000000000004,3.2645
12782,-0.72540000000000004,3.2663000000000002
12783,-3.6147999999999998,3.2606999999999999
12784,-5.8964999999999996,3.2551999999999999
12785,-10.1004,3.2440000000000002
12786,-3.8132000000000001,3.2570000000000001
12787,0.71919999999999995,3.2663000000000002
12788,-3.7387999999999999,3.2589000000000001
12789,1.2834000000000001,3.27
12790,-8.5317000000000007,3.2496
12791,-11.464499999999999,3.2403
12792,-10.329800000000001,3.2421000000000002
12793,1.2834000000000001,3.2663000000000002
12794,4.8859000000000004,3.2755999999999998
12795,10.615,3.2886000000000002
12796,8.9161000000000001,3.2886000000000002
12797,13.1572,3.3016999999999999
12798,10.4786,3.2978999999999998
12799,7.3226000000000004,3.2924000000000002
12800,0,3.2774999999999999
12801,0,3.2755999999999998
12802,0,3.2755999999999998
12803,0,3.2755999999999998
12804,0,3.2738
12805,0,3.2738
12806,-6.4546000000000001,3.2606999999999999
12807,-9.6912000000000003,3.2532999999999999
12808,-20.517099999999999,3.2273000000000001
12809,-22.085799999999999,3.2198000000000002
12810,-26.2834,3.2086999999999999
12811,-20.839500000000001,3.2161
12812,-12.400700000000001,3.2309999999999999
12813,-15.6312,3.2254
12814,-13.523,3.2273000000000001
12815,-12.214700000000001,3.2309999999999999
12816,-14.453099999999999,3.2254
12817,-21.075099999999999,3.2124000000000001
12818,-26.686499999999999,3.1974999999999998
12819,-19.159199999999998,3.2124000000000001
12820,-11.799300000000001,3.2254
12821,-8.2898999999999994,3.2328000000000001
12822,-6.0453000000000001,3.2383999999999999
12823,-4.4889999999999999,3.2421000000000002
12824,-4.4828000000000001,3.2440000000000002
12825,3.6334,3.2625999999999999
12826,-1.0911999999999999,3.2570000000000001
12827,0,3.2589000000000001
12828,0.76259999999999994,3.2625999999999999
12829,0.16739999999999999,3.2625999999999999
12830,1.2834000000000001,3.2645
12831,0.16739999999999999,3.2645
12832,1.2834000000000001,3.2663000000000002
12833,5.8034999999999997,3.2774999999999999
12834,10.6088,3.2886000000000002
12835,1.2709999999999999,3.2719
12836,-2.8149000000000002,3.2625999999999999
12837,-6.2934000000000001,3.2551999999999999
12838,-10.689399999999999,3.2421000000000002
12839,-9.1206999999999994,3.2440000000000002
12840,-0.53320000000000001,3.2625999999999999
12841,-3.2490000000000001,3.2589000000000001
12842,-5.4562999999999997,3.2532999999999999
12843,0.27900000000000003,3.2663000000000002
12844,-3.2427999999999999,3.2589000000000001
12845,-3.2490000000000001,3.2589000000000001
12846,-12.4069,3.2383999999999999
12847,-9.6105999999999998,3.2421000000000002
12848,-11.2103,3.2383999999999999
12849,-6.0080999999999998,3.2496
12850,-7.4527999999999999,3.2458999999999998
12851,-8.9718999999999998,3.2421000000000002
12852,-5.4935,3.2496
12853,-2.4119000000000002,3.2570000000000001
12854,1.2834000000000001,3.2645
12855,3.7202000000000002,3.2719
12856,0.72540000000000004,3.2682000000000002
12857,1.24,3.2682000000000002
12858,0.27900000000000003,3.2682000000000002
12859,0.71919999999999995,3.27
12860,1.3206,3.27
12861,0.76259999999999994,3.27
12862,4.5199999999999996,3.2793000000000001
12863,13.163399999999999,3.2997999999999998
12864,11.4521,3.2997999999999998
12865,8.2713000000000001,3.2924000000000002
12866,0,3.2755999999999998
12867,0,3.2755999999999998
12868,0,3.2755999999999998
12869,0,3.2755999999999998
12870,0,3.2738
12871,0,3.2738
12872,0,3.2738
12873,0,3.2738
12874,0,3.2738
12875,0,3.2738
12876,0,3.2738
12877,0,3.2738
12878,0,3.2738
12879,0,3.2738
12880,0,3.2738
12881,0,3.2738
12882,0,3.2738
12883,0,3.2738
12884,0,3.2738
12885,0,3.2738
12886,0,3.2738
12887,0,3.2755999999999998
12888,0,3.2755999999999998
12889,0,3.2755999999999998
12890,0,3.2755999999999998
12891,0,3.2755999999999998
12892,0,3.2755999999999998
12893,0,3.2755999999999998
12894,0,3.2755999999999998
12895,0,3.2755999999999998
12896,0,3.2755999999999998
12897,0,3.2755999999999998
12898,0,3.2755999999999998
12899,-3.9744000000000002,3.2682000000000002
12900,-9.0463000000000005,3.2551999999999999
12901,-15.997,3.2366000000000001
12902,-19.636600000000001,3.2273000000000001
12903,-24.014099999999999,3.2161
12904,-27.734300000000001,3.2048999999999999
12905,-15.327299999999999,3.2254
12906,-16.598400000000002,3.2235
12907,-20.721699999999998,3.2141999999999999
12908,-16.3752,3.2216999999999998
12909,-15.1661,3.2235
12910,-13.175800000000001,3.2273000000000001
12911,-13.6904,3.2254
12912,-15.606299999999999,3.2216999999999998
12913,-7.6512000000000002,3.2366000000000001
12914,-11.4335,3.2309999999999999
12915,-10.894,3.2309999999999999
12916,-9.6478000000000002,3.2328000000000001
12917,0,3.2551999999999999
12918,1.3577999999999999,3.2606999999999999
12919,1.3577999999999999,3.2625999999999999
12920,-4.0860000000000003,3.2532999999999999
12921,2.7715000000000001,3.2663000000000002
12922,9.8399999999999999,3.2831000000000001
12923,10.317399999999999,3.2867999999999999
12924,4.1542000000000003,3.2774999999999999
12925,3.4411999999999998,3.2755999999999998
12926,11.600899999999999,3.2961
12927,10.956099999999999,3.2961
12928,7.4466000000000001,3.2886000000000002
12929,2.4367000000000001,3.2793000000000001
12930,0.60140000000000005,3.2755999999999998
12931,0,3.2738
12932,0,3.2738
12933,0,3.2738
12934,0,3.2738
12935,-0.57040000000000002,3.2719
12936,-2.2073,3.2682000000000002
12937,-2.2507000000000001,3.2682000000000002
12938,0,3.2719
12939,-0.57040000000000002,3.2719
12940,0,3.2738
12941,0,3.2738
12942,0,3.2738
12943,0,3.2738
12944,0,3.2738
12945,0,3.2738
12946,0,3.2738
12947,-0.1116,3.2738
12948,-1.8043,3.27
12949,-3.4102000000000001,3.2663000000000002
12950,-6.6096000000000004,3.2589000000000001
12951,-15.091699999999999,3.2383999999999999
12952,-17.292899999999999,3.2309999999999999
12953,-20.207000000000001,3.2216999999999998
12954,-9.8895999999999997,3.2403
12955,-5.4377000000000004,3.2513999999999998
12956,-13.857799999999999,3.2328000000000001
12957,-19.8536,3.2198000000000002
12958,-20.120200000000001,3.2161
12959,-13.0952,3.2290999999999999
12960,-5.1711,3.2458999999999998
12961,-3.9744000000000002,3.2513999999999998
12962,-4.0115999999999996,3.2513999999999998
12963,-6.25,3.2458999999999998
12964,-11.8117,3.2347000000000001
12965,-9.1331000000000007,3.2383999999999999
12966,-12.561999999999999,3.2309999999999999
12967,-11.7683,3.2328000000000001
12968,-10.1004,3.2347000000000001
12969,-2.2940999999999998,3.2532999999999999
12970,-2.2507000000000001,3.2551999999999999
12971,-6.0453000000000001,3.2458999999999998
12972,-8.9346999999999994,3.2403
12973,-9.0835000000000008,3.2383999999999999
12974,-6.4050000000000002,3.2440000000000002
12975,-9.3315000000000001,3.2383999999999999
12976,-6.25,3.2440000000000002
12977,-7.7380000000000004,3.2421000000000002
12978,-5.6113,3.2458999999999998
12979,-4.0860000000000003,3.2513999999999998
12980,-4.0983999999999998,3.2513999999999998
12981,-2.4863,3.2551999999999999
12982,-2.4925000000000002,3.2551999999999999
12983,-4.0115999999999996,3.2532999999999999
12984,0,3.2625999999999999
12985,-2.5669,3.2589000000000001
12986,0.72540000000000004,3.2645
12987,1.2834000000000001,3.2663000000000002
12988,3.8008000000000002,3.2738
12989,4.7680999999999996,3.2774999999999999
12990,10.087999999999999,3.2886000000000002
12991,6.4359999999999999,3.2848999999999999
12992,10.838200000000001,3.2961
12993,4.9169,3.2848999999999999
12994,6.3987999999999996,3.2867999999999999
12995,7.6016000000000004,3.2905000000000002
12996,0,3.2755999999999998
12997,0,3.2755999999999998
12998,0,3.2755999999999998
12999,0,3.2738
13000,0,3.2738
13001,0,3.2738
13002,0,3.2738
13003,0,3.2738
13004,0,3.2738
13005,0,3.2738
13006,0,3.2738
13007,0,3.2738
13008,0,3.2738
13009,0,3.2738
13010,0,3.2738
13011,0,3.2738
13012,0,3.2738
13013,0,3.2738
13014,0,3.2738
13015,-6.7708000000000004,3.2606999999999999
13016,-10.652200000000001,3.2513999999999998
13017,-16.127199999999998,3.2347000000000001
13018,-22.290400000000002,3.2198000000000002
13019,-26.4818,3.2086999999999999
13020,-31.3492,3.1938
13021,-27.349900000000002,3.1974999999999998
13022,-24.206299999999999,3.2031000000000001
13023,-9.3315000000000001,3.2309999999999999
13024,1.24,3.2570000000000001
13025,1.24,3.2589000000000001
13026,12.3263,3.2848999999999999
13027,13.448600000000001,3.2924000000000002
13028,10.838200000000001,3.2905000000000002
13029,7.1676000000000002,3.2848999999999999
13030,0,3.27
13031,0,3.27
13032,0,3.27
13033,0,3.27
13034,0,3.27
13035,0,3.27
13036,0,3.27
13037,0,3.2719
13038,0,3.2719
13039,0,3.2719
13040,0,3.2719
13041,0,3.2719
13042,0,3.2719
13043,-0.76880000000000004,3.27
13044,-4.3339999999999996,3.2625999999999999
13045,-6.6096000000000004,3.2570000000000001
13046,-9.7408000000000001,3.2496
13047,-18.123699999999999,3.2290999999999999
13048,-15.153700000000001,3.2328000000000001
13049,-8.1721000000000004,3.2440000000000002
13050,-2.5669,3.2589000000000001
13051,0.47120000000000001,3.2663000000000002
13052,-3.3296000000000001,3.2589000000000001
13053,-3.9247999999999998,3.2589000000000001
13054,-1.5376000000000001,3.2625999999999999
13055,-8.2030999999999992,3.2496
13056,-13.361800000000001,3.2366000000000001
13057,-14.682499999999999,3.2309999999999999
13058,-16.325600000000001,3.2273000000000001
13059,-13.163399999999999,3.2309999999999999
13060,-15.5319,3.2254
13061,-7.9675000000000002,3.2403
13062,-6.2934000000000001,3.2440000000000002
13063,-2.7715000000000001,3.2532999999999999
13064,0.27900000000000003,3.2606999999999999
13065,0.27900000000000003,3.2625999999999999
13066,-6.4421999999999997,3.2496
13067,-6.2872000000000003,3.2496
13068,-5.1276999999999999,3.2513999999999998
13069,-1.6183000000000001,3.2589000000000001
13070,-0.36580000000000001,3.2625999999999999
13071,-0.36580000000000001,3.2625999999999999
13072,-2.8149000000000002,3.2589000000000001
13073,-1.6183000000000001,3.2625999999999999
13074,5.4439000000000002,3.2774999999999999
13075,1.6369,3.2719
13076,0.32240000000000002,3.2682000000000002
13077,-6.8886000000000003,3.2551999999999999
13078,-4.7184999999999997,3.2570000000000001
13079,-4.7743000000000002,3.2570000000000001
13080,1.1656,3.27
13081,8.3270999999999997,3.2848999999999999
13082,7.0373999999999999,3.2848999999999999
13083,7.2481999999999998,3.2867999999999999
13084,0,3.2738
13085,0,3.2719
13086,0,3.2719
13087,0,3.2719
13088,0,3.2719
13089,0,3.2719
13090,0,3.2719
13091,0,3.2738
13092,0,3.2719
13093,0,3.2738
13094,0,3.2738
13095,0,3.2738
13096,0,3.2738
13097,0,3.2738
13098,-3.3296000000000001,3.2663000000000002
13099,-0.48359999999999997,3.2719
13100,-0.48980000000000001,3.2719
13101,-0.48980000000000001,3.2719
13102,-0.48359999999999997,3.2719
13103,-2.2568999999999999,3.2682000000000002
13104,-4.7247000000000003,3.2625999999999999
13105,-3.5651999999999999,3.2645
13106,-3.5651999999999999,3.2645
13107,-4.5324,3.2625999999999999
13108,-9.4928000000000008,3.2513999999999998
13109,-11.507899999999999,3.2440000000000002
13110,-4.1727999999999996,3.2589000000000001
13111,0,3.2682000000000002
13112,0,3.2682000000000002
13113,0,3.27
13114,-6.6096000000000004,3.2570000000000001
13115,-13.851599999999999,3.2383999999999999
13116,-22.0486,3.2198000000000002
13117,-26.8477,3.2067999999999999
13118,-25.248000000000001,3.2048999999999999
13119,-17.534700000000001,3.2198000000000002
13120,-11.049099999999999,3.2309999999999999
13121,-7.5705999999999998,3.2383999999999999
13122,-12.121700000000001,3.2309999999999999
13123,-10.639799999999999,3.2328000000000001
13124,-9.6539999999999999,3.2347000000000001
13125,-8.5317000000000007,3.2366000000000001
13126,-3.6396000000000002,3.2496
13127,1.2834000000000001,3.2606999999999999
13128,1.24,3.2625999999999999
13129,-3.4598,3.2551999999999999
13130,-3.4598,3.2551999999999999
13131,-3.4474,3.2551999999999999
13132,-3.4474,3.2551999999999999
13133,-3.4598,3.2551999999999999
13134,-9.6105999999999998,3.2403
13135,-5.0594999999999999,3.2513999999999998
13136,-8.5317000000000007,3.2421000000000002
13137,-5.9275000000000002,3.2496
13138,-7.4093999999999998,3.2440000000000002
13139,-8.9284999999999997,3.2403
13140,-6.2561999999999998,3.2458999999999998
13141,-5.4935,3.2496
13142,-7.7690000000000001,3.2421000000000002
13143,-6.4546000000000001,3.2458999999999998
13144,-13.8888,3.2290999999999999
13145,-28.478400000000001,3.1974999999999998
13146,8.9222999999999999,3.2719
13147,-27.325099999999999,3.2012
13148,-6.2436999999999996,3.2403
13149,-2.9761000000000002,3.2496
13150,5.1276999999999999,3.2682000000000002
13151,19.066199999999998,3.3016999999999999
13152,17.726900000000001,3.3035000000000001
13153,15.0793,3.3035000000000001
13154,11.9605,3.2997999999999998
13155,8.6805000000000003,3.2924000000000002
13156,0,3.2738
13157,0,3.2738
13158,0,3.2738
13159,0,3.2719
13160,0,3.2719
13161,0,3.2719
13162,0,3.2719
13163,0,3.2719
13164,0,3.2719
13165,0,3.2719
13166,0,3.2738
13167,0,3.2719
13168,0,3.2719
13169,0,3.2719
13170,0,3.2719
13171,0,3.2738
13172,0,3.2738
13173,0,3.2738
13174,0,3.2738
13175,0,3.2738
13176,0,3.2738
13177,0,3.2738
13178,0,3.2738
13179,0,3.2738
13180,0,3.2738
13181,0,3.2738
13182,0,3.2738
13183,0,3.2738
13184,-4.8921000000000001,3.2645
13185,-10.615,3.2513999999999998
13186,-17.813700000000001,3.2328000000000001
13187,-18.644500000000001,3.2273000000000001
13188,-16.524000000000001,3.2290999999999999
13189,-15.004899999999999,3.2309999999999999
13190,-9.5114000000000001,3.2403
13191,-26.072600000000001,3.2067999999999999
13192,-7.0498000000000003,3.2403
13193,-14.0997,3.2273000000000001
13194,-11.092499999999999,3.2328000000000001
13195,-2.8025000000000002,3.2513999999999998
13196,-20.721699999999998,3.2161
13197,1.24,3.2589000000000001
13198,0.83079999999999998,3.2606999999999999
13199,0.76259999999999994,3.2625999999999999
13200,1.24,3.2645
13201,1.6802999999999999,3.2682000000000002
13202,1.24,3.2682000000000002
13203,0.71919999999999995,3.2682000000000002
13204,4.1231999999999998,3.2755999999999998
13205,3.4474,3.2755999999999998
13206,3.0815000000000001,3.2755999999999998
13207,2.8769,3.2755999999999998
13208,4.3277999999999999,3.2793000000000001
13209,7.5209999999999999,3.2886000000000002
13210,0,3.2738
13211,0,3.2719
13212,0,3.2719
13213,0,3.2719
13214,0,3.2719
13215,0,3.2719
13216,0,3.2738
13217,0,3.2738
13218,0,3.2738
13219,0,3.2719
13220,0,3.2738
13221,0,3.2738
13222,0,3.2738
13223,0,3.2738
13224,0,3.2738
13225,0,3.2738
13226,0,3.2738
13227,0,3.2738
13228,0,3.2738
13229,0,3.2738
13230,0,3.2738
13231,0,3.2738
13232,0,3.2738
13233,0,3.2738
13234,0,3.2738
13235,0,3.2738
13236,0,3.2738
13237,0,3.2755999999999998
13238,0,3.2755999999999998
13239,0,3.2755999999999998
13240,0,3.2738
13241,-9.6044,3.2551999999999999
13242,-9.4369999999999994,3.2532999999999999
13243,-15.327299999999999,3.2366000000000001
13244,-18.687899999999999,3.2273000000000001
13245,-21.124700000000001,3.2198000000000002
13246,-23.363,3.2124000000000001
13247,-6.3182,3.2440000000000002
13248,-9.2881,3.2403
13249,-27.808700000000002,3.2031000000000001
13250,-13.119999999999999,3.2273000000000001
13251,-10.615,3.2328000000000001
13252,-4.5696000000000003,3.2458999999999998
13253,0.83699999999999997,3.2606999999999999
13254,1.7237,3.2645
13255,1.7237,3.2663000000000002
13256,1.24,3.2663000000000002
13257,1.6369,3.2682000000000002
13258,11.4459,3.2905000000000002
13259,7.1551999999999998,3.2848999999999999
13260,-1.8043,3.2682000000000002
13261,-4.5696000000000003,3.2606999999999999
13262,-4.6936999999999998,3.2589000000000001
13263,-6.0514999999999999,3.2551999999999999
13264,-12.0101,3.2403
13265,-20.1264,3.2216999999999998
13266,-22.277999999999999,3.2141999999999999
13267,-20.529499999999999,3.2141999999999999
13268,-5.3695000000000004,3.2440000000000002
13269,-0.53320000000000001,3.2570000000000001
13270,-1.8973,3.2570000000000001
13271,5.7290999999999999,3.2738
13272,10.677,3.2867999999999999
13273,7.3226000000000004,3.2831000000000001
13274,4.117,3.2774999999999999
13275,-1.9282999999999999,3.2663000000000002
13276,-17.7331,3.2309999999999999
13277,-21.812899999999999,3.218
13278,-20.839500000000001,3.2161
13279,-21.0503,3.2141999999999999
13280,-15.240500000000001,3.2235
13281,-8.5751000000000008,3.2366000000000001
13282,-7.3659999999999997,3.2403
13283,-5.2950999999999997,3.2440000000000002
13284,0.72540000000000004,3.2589000000000001
13285,-2.2134999999999998,3.2551999999999999
13286,-5.9337,3.2458999999999998
13287,-5.2516999999999996,3.2496
13288,-2.2507000000000001,3.2551999999999999
13289,-2.2134999999999998,3.2570000000000001
13290,-3.7263999999999999,3.2532999999999999
13291,-10.137600000000001,3.2403
13292,-10.329800000000001,3.2383999999999999
13293,-5.4996999999999998,3.2496
13294,0.17979999999999999,3.2606999999999999
13295,1.2834000000000001,3.2645
13296,-5.2950999999999997,3.2513999999999998
13297,-8.9284999999999997,3.2421000000000002
13298,-11.966699999999999,3.2347000000000001
13299,-4.0860000000000003,3.2513999999999998
13300,0,3.2606999999999999
13301,-9.2508999999999997,3.2421000000000002
13302,-11.650499999999999,3.2347000000000001
13303,-14.2113,3.2290999999999999
13304,-18.6631,3.218
13305,-13.8888,3.2254
13306,-11.842700000000001,3.2290999999999999
13307,-8.9718999999999998,3.2347000000000001
13308,-9.0772999999999993,3.2347000000000001
13309,-9.2446999999999999,3.2347000000000001
13310,-5.0967000000000002,3.2421000000000002
13311,-1.6183000000000001,3.2532999999999999
13312,-3.2490000000000001,3.2513999999999998
13313,-3.2427999999999999,3.2513999999999998
13314,-6.7026000000000003,3.2421000000000002
13315,-10.8072,3.2347000000000001
13316,0.71919999999999995,3.2589000000000001
13317,1.3577999999999999,3.2625999999999999
13318,0.72540000000000004,3.2625999999999999
13319,-8.8478999999999992,3.2421000000000002
13320,-12.0969,3.2347000000000001
13321,-10.739000000000001,3.2347000000000001
13322,-7.6883999999999997,3.2403
13323,-6.8948,3.2421000000000002
13324,-3.4102000000000001,3.2513999999999998
13325,1.3577999999999999,3.2625999999999999
13326,2.0771000000000002,3.2645
13327,-6.5289999999999999,3.2458999999999998
13328,-8.9718999999999998,3.2403
13329,-12.295299999999999,3.2328000000000001
13330,-12.568199999999999,3.2309999999999999
13331,-13.814399999999999,3.2273000000000001
13332,-11.5017,3.2309999999999999
13333,-8.2898999999999994,3.2366000000000001
13334,-1.8911,3.2513999999999998
13335,1.3640000000000001,3.2606999999999999
13336,21.372699999999998,3.3054000000000001
13337,19.549800000000001,3.3090999999999999
13338,18.334499999999998,3.3109999999999999
13339,15.562900000000001,3.3071999999999999
13340,12.4069,3.3035000000000001
13341,9.1268999999999991,3.2978999999999998
13342,0,3.2774999999999999
13343,0,3.2755999999999998
13344,0,3.2755999999999998
13345,0,3.2738
13346,0,3.2738
13347,0,3.2738
13348,0,3.2738
13349,0,3.2738
13350,0,3.2738
13351,0,3.2738
13352,0,3.2738
13353,0,3.2738
13354,0,3.2738
13355,0,3.2738
13356,0,3.2738
13357,0,3.2738
13358,0,3.2738
13359,0,3.2738
13360,0,3.2738
13361,0,3.2738
13362,0,3.2738
13363,0,3.2738
13364,0,3.2738
13365,0,3.2738
13366,0,3.2738
13367,0,3.2738
13368,0,3.2738
13369,0,3.2738
13370,0,3.2738
13371,0,3.2755999999999998
13372,0,3.2738
13373,0,3.2738
13374,0,3.2755999999999998
13375,0,3.2755999999999998
13376,0,3.2755999999999998
13377,0,3.2755999999999998
13378,0,3.2755999999999998
13379,0,3.2755999999999998
13380,0,3.2755999999999998
13381,0,3.2755999999999998
13382,0,3.2755999999999998
13383,0,3.2755999999999998
13384,-10.491,3.2532999999999999
13385,-14.4345,3.2403
13386,-18.328299999999999,3.2290999999999999
13387,-22.805,3.218
13388,-28.602399999999999,3.2031000000000001
13389,-33.438699999999997,3.1863000000000001
13390,-29.247199999999999,3.1919
13391,-28.2056,3.1919
13392,-22.315200000000001,3.2031000000000001
13393,-12.1713,3.2216999999999998
13394,2.6722999999999999,3.2551999999999999
13395,1.8476999999999999,3.2589000000000001
13396,0.71919999999999995,3.2589000000000001
13397,-7.4032,3.2421000000000002
13398,-6.1321000000000003,3.2440000000000002
13399,-6.2126999999999999,3.2440000000000002
13400,-9.0835000000000008,3.2383999999999999
13401,-21.465699999999998,3.2105000000000001
13402,2.7528999999999999,3.2606999999999999
13403,14.037599999999999,3.2867999999999999
13404,6.0824999999999996,3.2755999999999998
13405,16.133400000000002,3.2997999999999998
13406,6.9505999999999997,3.2831000000000001
13407,1.0416000000000001,3.2719
13408,-10.2058,3.2458999999999998
13409,-6.7708000000000004,3.2532999999999999
13410,-15.643599999999999,3.2309999999999999
13411,-26.760899999999999,3.2048999999999999
13412,-30.840699999999998,3.1919
13413,-39.955300000000001,3.1696
13414,-39.955300000000001,3.1640000000000001
13415,-39.961500000000001,3.1621999999999999
13416,-39.955300000000001,3.1583999999999999
13417,-25.279,3.1844999999999999
13418,-39.949100000000001,3.1566000000000001
13419,-30.121500000000001,3.1732999999999998
13420,-39.949100000000001,3.1547000000000001
13421,-38.268799999999999,3.1547000000000001
13422,-39.955300000000001,3.1490999999999998
13423,-29.166599999999999,3.1696
13424,-27.449100000000001,3.1732999999999998
13425,-25.880400000000002,3.177
13426,-10.4786,3.2086999999999999
13427,-6.4112,3.218
13428,-8.7177000000000007,3.2161
13429,-6.2561999999999998,3.2216999999999998
13430,-10.2492,3.2161
13431,-10.2492,3.2161
13432,-10.2492,3.218
13433,-10.2492,3.218
13434,-14.825100000000001,3.2086999999999999
13435,-14.8995,3.2086999999999999
13436,-21.819099999999999,3.1938
13437,-24.472899999999999,3.1863000000000001
13438,-24.950299999999999,3.1844999999999999
13439,-20.721699999999998,3.1919
13440,-23.456099999999999,3.1863000000000001
13441,-26.264800000000001,3.1789000000000001
13442,-21.893599999999999,3.1863000000000001
13443,-24.683700000000002,3.1808000000000001
13444,-30.109100000000002,3.1696
13445,-39.961500000000001,3.1490999999999998
13446,-39.539900000000003,3.1454
13447,-27.740500000000001,3.1696
13448,-22.805,3.1789000000000001
13449,-17.522300000000001,3.1901000000000002
13450,-12.3635,3.2031000000000001
13451,-7.4527999999999999,3.2141999999999999
13452,-14.688700000000001,3.2012
13453,-19.928000000000001,3.1901000000000002
13454,-23.003399999999999,3.1844999999999999
13455,-25.9238,3.177
13456,-20.6845,3.1863000000000001
13457,-26.488,3.1751999999999998
13458,-21.1371,3.1844999999999999
13459,-24.324100000000001,3.1789000000000001
13460,-18.8368,3.1882000000000001
13461,-16.207799999999999,3.1938
13462,-11.421099999999999,3.2067999999999999
13463,-16.09,3.1974999999999998
13464,-16.071400000000001,3.1974999999999998
13465,-16.071400000000001,3.1974999999999998
13466,-16.0776,3.1974999999999998
13467,-16.071400000000001,3.1974999999999998
13468,-13.368,3.2048999999999999
13469,-8.3581000000000003,3.2161
13470,-8.2093000000000007,3.218
13471,1.5189999999999999,3.2383999999999999
13472,-2.1328999999999998,3.2328000000000001
13473,-4.6130000000000004,3.2290999999999999
13474,-9.7284000000000006,3.2198000000000002
13475,-6.9691999999999998,3.2254
13476,-11.563700000000001,3.2161
13477,-22.005199999999999,3.1938
13478,-16.846399999999999,3.2031000000000001
13479,-16.896000000000001,3.2031000000000001
13480,-14.322900000000001,3.2067999999999999
13481,-7.0064000000000002,3.2216999999999998
13482,-4.1727999999999996,3.2290999999999999
13483,-4.1294000000000004,3.2309999999999999
13484,-3.9247999999999998,3.2328000000000001
13485,-1.054,3.2403
13486,-20.715499999999999,3.2012
13487,-3.6147999999999998,3.2328000000000001
13488,-10.646000000000001,3.2198000000000002
13489,-8.6990999999999996,3.2235
13490,-8.5379000000000005,3.2254
13491,-15.333500000000001,3.2124000000000001
13492,-11.098699999999999,3.2198000000000002
13493,-39.967700000000001,3.1602999999999999
13494,2.0771000000000002,3.2403
13495,-39.949100000000001,3.1583999999999999
13496,-13.9322,3.2067999999999999
13497,-27.145299999999999,3.1808000000000001
13498,-39.949100000000001,3.1509999999999998
13499,-28.472200000000001,3.1715
13500,-20.560500000000001,3.1863000000000001
13501,-26.3888,3.177
13502,-15.718,3.1956000000000002
13503,-10.8878,3.2086999999999999
13504,0,3.2328000000000001
13505,1.6740999999999999,3.2383999999999999
13506,4.7184999999999997,3.2496
13507,7.9241000000000001,3.2589000000000001
13508,6.6096000000000004,3.2589000000000001
13509,-12.847200000000001,3.2198000000000002
13510,-12.840999999999999,3.218
13511,-3.218,3.2366000000000001
13512,6.6715999999999998,3.2589000000000001
13513,-10.2492,3.2254
13514,-14.279500000000001,3.2161
13515,-10.2554,3.2235
13516,-2.5669,3.2383999999999999
13517,-9.9329999999999998,3.2254
13518,-11.613300000000001,3.2216999999999998
13519,-11.607100000000001,3.2198000000000002
13520,-2.3313000000000001,3.2383999999999999
13521,0,3.2458999999999998
13522,0.16739999999999999,3.2496
13523,5.1649000000000003,3.2606999999999999
13524,7.9984999999999999,3.2682000000000002
13525,7.9737,3.2719
13526,9.1206999999999994,3.2755999999999998
13527,9.0463000000000005,3.2774999999999999
13528,7.7938000000000001,3.2755999999999998
13529,8.8416999999999994,3.2793000000000001
13530,15.184699999999999,3.2961
13531,11.644299999999999,3.2886000000000002
13532,14.1927,3.2978999999999998
13533,9.9887999999999995,3.2886000000000002
13534,8.5688999999999993,3.2867999999999999
13535,5.6051000000000002,3.2812000000000001
13536,4.6811999999999996,3.2793000000000001
13537,-3.3357999999999999,3.2625999999999999
13538,1.3577999999999999,3.27
13539,5.2827000000000002,3.2793000000000001
13540,8.9595000000000002,3.2867999999999999
13541,15.7614,3.3054000000000001
13542,17.8447,3.3109999999999999
13543,5.9275000000000002,3.2867999999999999
13544,3.7574000000000001,3.2812000000000001
13545,1.5996999999999999,3.2774999999999999
13546,5.2454999999999998,3.2848999999999999
13547,4.7618999999999998,3.2831000000000001
13548,8.5130999999999997,3.2905000000000002
13549,3.8008000000000002,3.2831000000000001
13550,0,3.2738
13551,0,3.2738
13552,0,3.2738
13553,0,3.2719
13554,0,3.2719
13555,0,3.2719
13556,0,3.2719
13557,0,3.2719
13558,0,3.2719
13559,0,3.2719
13560,0,3.2719
13561,0,3.2719
13562,0,3.2719
13563,0,3.2719
13564,0,3.2719
13565,0,3.27
13566,0,3.2719
13567,-3.3296000000000001,3.2645
13568,-10.6088,3.2458999999999998
13569,-16.685199999999998,3.2328000000000001
13570,-20.213200000000001,3.2216999999999998
13571,-24.565899999999999,3.2105000000000001
13572,-28.2118,3.1974999999999998
13573,-27.802499999999998,3.1956000000000002
13574,-30.760100000000001,3.1863000000000001
13575,-16.889800000000001,3.2141999999999999
13576,-21.719899999999999,3.2048999999999999
13577,-20.9511,3.2048999999999999
13578,-23.642099999999999,3.1956000000000002
13579,-31.448399999999999,3.1789000000000001
13580,-16.207799999999999,3.2086999999999999
13581,-16.765799999999999,3.2086999999999999
13582,-13.082800000000001,3.2161
13583,-15.978400000000001,3.2105000000000001
13584,-17.609100000000002,3.2067999999999999
13585,-19.816400000000002,3.2031000000000001
13586,-7.9302999999999999,3.2254
13587,-10.77,3.2216999999999998
13588,-4.2906000000000004,3.2347000000000001
13589,-0.48359999999999997,3.2440000000000002
13590,-8.9657,3.2290999999999999
13591,-18.880199999999999,3.2086999999999999
13592,-14.818899999999999,3.2141999999999999
13593,-6.5662000000000003,3.2309999999999999
13594,-6.5662000000000003,3.2328000000000001
13595,-6.5662000000000003,3.2328000000000001
13596,-6.5662000000000003,3.2328000000000001
13597,-6.5662000000000003,3.2347000000000001
13598,-7.7628000000000004,3.2328000000000001
13599,-11.458299999999999,3.2235
13600,-7.9302999999999999,3.2309999999999999
13601,-4.7805,3.2383999999999999
13602,0.47120000000000001,3.2513999999999998
13603,5.1649000000000003,3.2625999999999999
13604,6.0391000000000004,3.2682000000000002
13605,2.2383000000000002,3.2606999999999999
13606,15.240500000000001,3.2886000000000002
13607,16.610800000000001,3.2978999999999998
13608,20.120200000000001,3.3090999999999999
13609,14.688700000000001,3.2997999999999998
13610,13.6036,3.2997999999999998
13611,12.2829,3.2978999999999998
13612,10.596399999999999,3.2961
13613,6.1940999999999997,3.2867999999999999
13614,0,3.2738
13615,0,3.2719
13616,0,3.27
13617,0,3.27
13618,0,3.27
13619,0,3.27
13620,0,3.27
13621,0,3.27
13622,0,3.27
13623,-8.3270999999999997,3.2532999999999999
13624,-10.639799999999999,3.2440000000000002
13625,-17.050999999999998,3.2290999999999999
13626,-23.201799999999999,3.2124000000000001
13627,-27.356100000000001,3.2012
13628,-32.192399999999999,3.1863000000000001
13629,-39.955300000000001,3.1677
13630,-35.596400000000003,3.1715
13631,-11.7621,3.218
13632,-28.354399999999998,3.1844999999999999
13633,-24.5349,3.1901000000000002
13634,-18.6631,3.2031000000000001
13635,-6.6096000000000004,3.2273000000000001
13636,-3.1745999999999999,3.2366000000000001
13637,0,3.2458999999999998
13638,0.71919999999999995,3.2513999999999998
13639,1.3577999999999999,3.2532999999999999
13640,3.7263999999999999,3.2606999999999999
13641,17.671099999999999,3.2924000000000002
13642,18.092700000000001,3.2997999999999998
13643,15.327299999999999,3.2978999999999998
13644,12.152699999999999,3.2924000000000002
13645,8.9222999999999999,3.2867999999999999
13646,0,3.2682000000000002
13647,0,3.2682000000000002
13648,0,3.2682000000000002
13649,0,3.2663000000000002
13650,0,3.2663000000000002
13651,0,3.2663000000000002
13652,0,3.2663000000000002
13653,0,3.2663000000000002
13654,0,3.2663000000000002
13655,0,3.2663000000000002
13656,0,3.2682000000000002
13657,0,3.2682000000000002
13658,0,3.2663000000000002
13659,0,3.2682000000000002
13660,0,3.2682000000000002
13661,0,3.2682000000000002
13662,0,3.2682000000000002
13663,0,3.2682000000000002
13664,0,3.2682000000000002
13665,0,3.2682000000000002
13666,0,3.2682000000000002
13667,0,3.2682000000000002
13668,-10.4848,3.2458999999999998
13669,-14.446899999999999,3.2347000000000001
13670,-18.328299999999999,3.2235
13671,-22.811199999999999,3.2124000000000001
13672,-28.608599999999999,3.1956000000000002
13673,-33.444899999999997,3.1825999999999999
13674,-39.949100000000001,3.1659000000000002
13675,-39.955300000000001,3.1621999999999999
13676,-22.061,3.1938
13677,-21.812899999999999,3.1956000000000002
13678,-39.961500000000001,3.1583999999999999
13679,-28.3916,3.1789000000000001
13680,-14.453099999999999,3.2067999999999999
13681,-24.844899999999999,3.1863000000000001
13682,-10.8444,3.2141999999999999
13683,-14.5585,3.2086999999999999
13684,-14.8375,3.2086999999999999
13685,-4.6130000000000004,3.2290999999999999
13686,-7.7690000000000001,3.2254
13687,-7.7999999999999998,3.2254
13688,-2.6970999999999998,3.2366000000000001
13689,-0.7006,3.2421000000000002
13690,-11.2475,3.2235
13691,-6.5599999999999996,3.2309999999999999
13692,0.52700000000000002,3.2458999999999998
13693,-4.4889999999999999,3.2383999999999999
13694,-4.4146000000000001,3.2383999999999999
13695,-2.4925000000000002,3.2440000000000002
13696,-6.2934000000000001,3.2366000000000001
13697,-6.2934000000000001,3.2366000000000001
13698,-6.2995999999999999,3.2366000000000001
13699,-6.2995999999999999,3.2366000000000001
13700,-6.2872000000000003,3.2366000000000001
13701,-2.4428999999999998,3.2440000000000002
13702,-8.1287000000000003,3.2347000000000001
13703,-8.1721000000000004,3.2328000000000001
13704,-11.042899999999999,3.2273000000000001
13705,-0.57040000000000002,3.2496
13706,-2.4428999999999998,3.2458999999999998
13707,-6.2065000000000001,3.2383999999999999
13708,-6.2188999999999997,3.2383999999999999
13709,-2.4119000000000002,3.2496
13710,-2.3313000000000001,3.2496
13711,-4.1727999999999996,3.2440000000000002
13712,6.0080999999999998,3.2682000000000002
13713,10.2058,3.2793000000000001
13714,13.126200000000001,3.2886000000000002
13715,13.8392,3.2924000000000002
13716,14.8437,3.2997999999999998
13717,15.9536,3.3035000000000001
13718,13.2874,3.3016999999999999
13719,13.2874,3.3016999999999999
13720,10.677,3.2978999999999998
13721,6.7956000000000003,3.2886000000000002
13722,0,3.2738
13723,0,3.2738
13724,0,3.2719
13725,0,3.2719
13726,0,3.2719
13727,0,3.2719
13728,0,3.27
13729,0,3.27
13730,0,3.27
13731,-3.9744000000000002,3.2625999999999999
13732,-7.5396000000000001,3.2532999999999999
13733,-6.6467999999999998,3.2532999999999999
13734,-3.6147999999999998,3.2589000000000001
13735,-11.4087,3.2421000000000002
13736,-7.0994000000000002,3.2496
13737,-6.6033999999999997,3.2496
13738,-10.2864,3.2403
13739,-15.8482,3.2290999999999999
13740,-17.4665,3.2216999999999998
13741,-16.331800000000001,3.2216999999999998
13742,-13.9322,3.2254
13743,-13.485799999999999,3.2273000000000001
13744,-12.0039,3.2290999999999999
13745,-13.3308,3.2254
13746,-14.459300000000001,3.2216999999999998
13747,-12.574400000000001,3.2254
13748,-11.7683,3.2273000000000001
13749,-8.6990999999999996,3.2328000000000001
13750,-5.2950999999999997,3.2403
13751,-3.8008000000000002,3.2440000000000002
13752,-3.8132000000000001,3.2458999999999998
13753,-3.8132000000000001,3.2458999999999998
13754,-3.8008000000000002,3.2458999999999998
13755,-3.8008000000000002,3.2496
13756,-11.7621,3.2309999999999999
13757,-6.3305999999999996,3.2403
13758,-6.4112,3.2403
13759,0.71919999999999995,3.2570000000000001
13760,0.71919999999999995,3.2589000000000001
13761,-0.77500000000000002,3.2570000000000001
13762,-3.8132000000000001,3.2513999999999998
13763,-3.8132000000000001,3.2513999999999998
13764,1.7981,3.2625999999999999
13765,6.2003000000000004,3.2738
13766,16.474399999999999,3.2997999999999998
13767,13.2874,3.2961
13768,10.677,3.2924000000000002
13769,0,3.2719
13770,0,3.27
13771,0,3.27
13772,0,3.2682000000000002
13773,0,3.2682000000000002
13774,0,3.2682000000000002
13775,0,3.2682000000000002
13776,0,3.2682000000000002
13777,0,3.2682000000000002
13778,0,3.2682000000000002
13779,0,3.27
13780,0,3.2682000000000002
13781,0,3.2682000000000002
13782,0,3.27
13783,0,3.27
13784,0,3.27
13785,0,3.27
13786,0,3.27
13787,0,3.27
13788,0,3.27
13789,-10.4786,3.2458999999999998
13790,-14.453099999999999,3.2366000000000001
13791,-18.328299999999999,3.2254
13792,-22.563199999999998,3.2141999999999999
13793,-13.2874,3.2290999999999999
13794,-13.0518,3.2290999999999999
13795,-10.9933,3.2328000000000001
13796,-2.1267,3.2532999999999999
13797,-2.1328999999999998,3.2551999999999999
13798,-6.2934000000000001,3.2440000000000002
13799,-4.1294000000000004,3.2513999999999998
13800,-2.1267,3.2551999999999999
13801,-0.13020000000000001,3.2606999999999999
13802,1.0416000000000001,3.2645
13803,-1.1284000000000001,3.2606999999999999
13804,0.27900000000000003,3.2645
13805,-6.25,3.2513999999999998
13806,-3.2118000000000002,3.2570000000000001
13807,-1.1346000000000001,3.2606999999999999
13808,0.59519999999999995,3.2645
13809,-1.0911999999999999,3.2625999999999999
13810,-2.0461,3.2606999999999999
13811,-3.0505,3.2589000000000001
13812,-6.2561999999999998,3.2513999999999998
13813,-7.2544000000000004,3.2496
13814,-10.453799999999999,3.2403
13815,-8.9284999999999997,3.2403
13816,-12.531000000000001,3.2328000000000001
13817,-10.968500000000001,3.2347000000000001
13818,-3.9247999999999998,3.2496
13819,-3.9744000000000002,3.2513999999999998
13820,-7.7380000000000004,3.2421000000000002
13821,-7.5334000000000003,3.2421000000000002
13822,-7.6449999999999996,3.2403
13823,-4.5633999999999997,3.2496
13824,-3.218,3.2532999999999999
13825,-3.2118000000000002,3.2532999999999999
13826,-5.3323,3.2496
13827,-14.967700000000001,3.2273000000000001
13828,-20.479900000000001,3.2141999999999999
13829,-15.246700000000001,3.2216999999999998
13830,-10.819599999999999,3.2290999999999999
13831,-10.453799999999999,3.2309999999999999
13832,3.9620000000000002,3.2625999999999999
13833,17.683499999999999,3.2961
13834,16.207799999999999,3.2978999999999998
13835,13.070399999999999,3.2961
13836,9.7159999999999993,3.2905000000000002
13837,0,3.27
13838,0,3.2682000000000002
13839,0,3.2682000000000002
13840,0,3.2682000000000002
13841,0,3.2682000000000002
13842,0,3.2682000000000002
13843,0,3.2682000000000002
13844,0,3.2682000000000002
13845,0,3.2682000000000002
13846,0,3.2682000000000002
13847,0,3.2682000000000002
13848,0,3.27
13849,0,3.27
13850,0,3.27
13851,0,3.27
13852,0,3.27
13853,0,3.27
13854,0,3.27
13855,0,3.27
13856,0,3.27
13857,0,3.27
13858,0,3.27
13859,0,3.27
13860,0,3.27
13861,0,3.27
13862,0,3.27
13863,0,3.27
13864,0,3.27
13865,0,3.27
13866,-6.4546000000000001,3.2570000000000001
13867,-8.1659000000000006,3.2532999999999999
13868,-17.131599999999999,3.2309999999999999
13869,-13.8826,3.2347000000000001
13870,-16.406199999999998,3.2273000000000001
13871,-12.0039,3.2347000000000001
13872,-11.650499999999999,3.2347000000000001
13873,-20.002400000000002,3.2161
13874,-21.6021,3.2105000000000001
13875,-16.530200000000001,3.218
13876,-15.7242,3.2198000000000002
13877,-15.4389,3.218
13878,-17.528500000000001,3.2141999999999999
13879,-13.485799999999999,3.2216999999999998
13880,-7.6201999999999996,3.2328000000000001
13881,-9.1578999999999997,3.2309999999999999
13882,-5.6422999999999996,3.2383999999999999
13883,-5.6919000000000004,3.2403
13884,-4.1294000000000004,3.2440000000000002
13885,-6.5599999999999996,3.2383999999999999
13886,-5.7290999999999999,3.2421000000000002
13887,-4.1790000000000003,3.2440000000000002
13888,1.2709999999999999,3.2589000000000001
13889,1.2834000000000001,3.2606999999999999
13890,10.119,3.2812000000000001
13891,11.197900000000001,3.2848999999999999
13892,13.361800000000001,3.2961
13893,7.8497000000000003,3.2848999999999999
13894,6.2436999999999996,3.2831000000000001
13895,7.6387999999999998,3.2867999999999999
13896,0,3.27
13897,0,3.27
13898,0,3.27
13899,0,3.27
13900,0,3.27
13901,0,3.27
13902,0,3.27
13903,0,3.27
13904,0,3.27
13905,0,3.27
13906,0,3.27
13907,0,3.27
13908,0,3.27
13909,0,3.27
13910,0,3.27
13911,0,3.27
13912,0,3.27
13913,0,3.27
13914,-4.5571999999999999,3.2606999999999999
13915,-6.25,3.2570000000000001
13916,-3.8441999999999998,3.2606999999999999
13917,-6.9630000000000001,3.2532999999999999
13918,-14.019,3.2366000000000001
13919,-13.647,3.2347000000000001
13920,-15.972200000000001,3.2273000000000001
13921,-10.212,3.2366000000000001
13922,-16.294599999999999,3.2235
13923,-5.1029,3.2458999999999998
13924,-0.086800000000000002,3.2589000000000001
13925,-2.0461,3.2570000000000001
13926,-16.846399999999999,3.2254
13927,-11.8551,3.2328000000000001
13928,-11.458299999999999,3.2328000000000001
13929,-16.933199999999999,3.2198000000000002
13930,-14.093500000000001,3.2235
13931,-3.2118000000000002,3.2458999999999998
13932,0.83079999999999998,3.2570000000000001
13933,-10.2058,3.2347000000000001
13934,-10.4848,3.2328000000000001
13935,-5.6113,3.2440000000000002
13936,4.0797999999999996,3.2645
13937,3.6086,3.2663000000000002
13938,4.5262000000000002,3.2719
13939,11.0863,3.2867999999999999
13940,10.962300000000001,3.2905000000000002
13941,8.1659000000000006,3.2867999999999999
13942,0,3.27
13943,0,3.2682000000000002
13944,0,3.27
13945,0,3.2682000000000002
13946,0,3.2682000000000002
13947,0,3.2682000000000002
13948,-0.099199999999999997,3.2682000000000002
13949,-8.6990999999999996,3.2513999999999998
13950,-10.652200000000001,3.2421000000000002
13951,-16.617000000000001,3.2290999999999999
13952,-20.362100000000002,3.218
13953,-12.0101,3.2309999999999999
13954,-17.4665,3.2198000000000002
13955,-18.873999999999999,3.2161
13956,-17.243300000000001,3.2161
13957,-21.719899999999999,3.2067999999999999
13958,-20.926300000000001,3.2067999999999999
13959,-19.977599999999999,3.2067999999999999
13960,-16.213999999999999,3.2124000000000001
13961,-16.933199999999999,3.2105000000000001
13962,-11.8489,3.2216999999999998
13963,-10.77,3.2235
13964,-8.0853000000000002,3.2290999999999999
13965,-9.6416000000000004,3.2273000000000001
13966,-8.3581000000000003,3.2309999999999999
13967,-4.4889999999999999,3.2383999999999999
13968,0,3.2513999999999998
13969,-2.7652999999999999,3.2458999999999998
13970,-1.1346000000000001,3.2513999999999998
13971,1.3577999999999999,3.2570000000000001
13972,2.5979000000000001,3.2625999999999999
13973,6.7584,3.2738
13974,10.7638,3.2831000000000001
13975,10.081799999999999,3.2848999999999999
13976,11.7187,3.2905000000000002
13977,9.8523999999999994,3.2886000000000002
13978,5.2454999999999998,3.2812000000000001
13979,6.6778000000000004,3.2831000000000001
13980,0,3.27
13981,0,3.27
13982,0,3.2682000000000002
13983,0,3.2682000000000002
13984,-0.48359999999999997,3.2682000000000002
13985,0,3.2682000000000002
13986,0,3.2682000000000002
13987,-9.6044,3.2496
13988,-10.646000000000001,3.2421000000000002
13989,-17.807500000000001,3.2254
13990,-23.958300000000001,3.2105000000000001
13991,-24.156700000000001,3.2048999999999999
13992,-16.133400000000002,3.218
13993,-10.410399999999999,3.2309999999999999
13994,-13.0518,3.2254
13995,-14.2547,3.2216999999999998
13996,-15.8048,3.218
13997,-16.524000000000001,3.2161
13998,-25.279,3.1956000000000002
13999,-23.003399999999999,3.1974999999999998
14000,-16.846399999999999,3.2086999999999999
14001,-10.968500000000001,3.2216999999999998
14002,-8.2093000000000007,3.2273000000000001
14003,-12.295299999999999,3.2198000000000002
14004,-4.5633999999999997,3.2366000000000001
14005,-4.5696000000000003,3.2383999999999999
14006,-2.8955000000000002,3.2421000000000002
14007,0,3.2513999999999998
14008,-1.1718,3.2513999999999998
14009,-4.3712,3.2440000000000002
14010,-4.3650000000000002,3.2440000000000002
14011,-2.7776999999999998,3.2458999999999998
14012,2.0398999999999998,3.2589000000000001
14013,-2.6475,3.2513999999999998
14014,-4.1604000000000001,3.2458999999999998
14015,-4.1727999999999996,3.2458999999999998
14016,-4.1727999999999996,3.2496
14017,-4.1727999999999996,3.2496
14018,-4.1727999999999996,3.2458999999999998
14019,-5.8159000000000001,3.2440000000000002
14020,-9.5299999999999994,3.2366000000000001
14021,-11.197900000000001,3.2309999999999999
14022,-25.483599999999999,3.1974999999999998
14023,-19.357600000000001,3.2086999999999999
14024,-19.7668,3.2067999999999999
14025,-20.523299999999999,3.2031000000000001
14026,-5.8097000000000003,3.2328000000000001
14027,-14.453099999999999,3.2161
14028,-12.0101,3.2198000000000002
14029,-10.491,3.2235
14030,-4.1356000000000002,3.2366000000000001
14031,-2.2134999999999998,3.2421000000000002
14032,-5.8964999999999996,3.2366000000000001
14033,-4.0115999999999996,3.2403
14034,-0.3286,3.2513999999999998
14035,1.3577999999999999,3.2551999999999999
14036,-3.9744000000000002,3.2440000000000002
14037,1.3577999999999999,3.2589000000000001
14038,1.3577999999999999,3.2589000000000001
14039,-3.6396000000000002,3.2496
14040,-0.086800000000000002,3.2570000000000001
14041,-3.5714000000000001,3.2513999999999998
14042,4.6811999999999996,3.2682000000000002
14043,2.0832999999999999,3.2645
14044,-3.1745999999999999,3.2551999999999999
14045,-4.8487,3.2513999999999998
14046,-4.8548999999999998,3.2496
14047,-4.8487,3.2496
14048,0,3.2589000000000001
14049,-3.0567000000000002,3.2532999999999999
14050,-4.7247000000000003,3.2496
14051,-1.333,3.2570000000000001
14052,0.71919999999999995,3.2625999999999999
14053,2.6785000000000001,3.2663000000000002
14054,1.3577999999999999,3.2663000000000002
14055,2.6475,3.27
14056,7.9984999999999999,3.2812000000000001
14057,9.5982000000000003,3.2867999999999999
14058,8.7673000000000005,3.2867999999999999
14059,6.6033999999999997,3.2848999999999999
14060,5.2393000000000001,3.2812000000000001
14061,-2.4180999999999999,3.2663000000000002
14062,-11.4521,3.2440000000000002
14063,-10.8878,3.2421000000000002
14064,-7.9179000000000004,3.2458999999999998
14065,-8.9657,3.2421000000000002
14066,-10.131399999999999,3.2403
14067,-10.4414,3.2383999999999999
14068,-12.7356,3.2328000000000001
14069,-15.8482,3.2235
14070,-16.573599999999999,3.2198000000000002
14071,-11.6195,3.2290999999999999
14072,-3.9744000000000002,3.2440000000000002
14073,-6.2872000000000003,3.2421000000000002
14074,-6.3305999999999996,3.2403
14075,-6.4421999999999997,3.2403
14076,-11.644299999999999,3.2309999999999999
14077,-8.1721000000000004,3.2366000000000001
14078,-13.616,3.2254
14079,-6.2065000000000001,3.2383999999999999
14080,-6.2624000000000004,3.2403
14081,-6.25,3.2403
14082,-2.9761000000000002,3.2496
14083,4.4021999999999997,3.2645
14084,2.0398999999999998,3.2625999999999999
14085,1.3577999999999999,3.2625999999999999
14086,6.1258999999999997,3.2738
14087,3.2366000000000001,3.27
14088,1.2834000000000001,3.2663000000000002
14089,-7.3411999999999997,3.2496
14090,-7.4527999999999999,3.2458999999999998
14091,-8.9718999999999998,3.2403
14092,-6.3120000000000003,3.2458999999999998
14093,-10.652200000000001,3.2366000000000001
14094,-12.5372,3.2309999999999999
14095,-11.5327,3.2309999999999999
14096,-8.0108999999999995,3.2383999999999999
14097,-11.972899999999999,3.2290999999999999
14098,-12.3325,3.2273000000000001
14099,-7.0994000000000002,3.2366000000000001
14100,-2.9761000000000002,3.2458999999999998
14101,-2.9699,3.2496
14102,-2.8955000000000002,3.2513999999999998
14103,0.76259999999999994,3.2589000000000001
14104,0.76259999999999994,3.2606999999999999
14105,-2.7652999999999999,3.2532999999999999
14106,-4.3277999999999999,3.2496
14107,0.76259999999999994,3.2606999999999999
14108,0.76880000000000004,3.2625999999999999
14109,2.0089000000000001,3.2663000000000002
14110,-9.0959000000000003,3.2421000000000002
14111,-10.695600000000001,3.2366000000000001
14112,-8.0108999999999995,3.2403
14113,-6.6963999999999997,3.2421000000000002
14114,-1.1284000000000001,3.2551999999999999
14115,-6.6901999999999999,3.2440000000000002
14116,-4.3339999999999996,3.2496
14117,-4.3277999999999999,3.2496
14118,0,3.2589000000000001
14119,0.16739999999999999,3.2606999999999999
14120,1.3640000000000001,3.2645
14121,0.16739999999999999,3.2625999999999999
14122,-2.6040999999999999,3.2570000000000001
14123,-4.1604000000000001,3.2532999999999999
14124,-4.1604000000000001,3.2532999999999999
14125,-0.97960000000000003,3.2606999999999999
14126,-2.4863,3.2570000000000001
14127,-4.1356000000000002,3.2532999999999999
14128,0,3.2625999999999999
14129,0.16739999999999999,3.2645
14130,-3.9247999999999998,3.2551999999999999
14131,-7.7565999999999997,3.2458999999999998
14132,-2.4428999999999998,3.2570000000000001
14133,0.124,3.2625999999999999
14134,3.8008000000000002,3.2719
14135,4.7680999999999996,3.2755999999999998
14136,5.9150999999999998,3.2793000000000001
14137,1.7175,3.2719
14138,-2.8521000000000001,3.2625999999999999
14139,-3.9186000000000001,3.2589000000000001
14140,-13.0518,3.2366000000000001
14141,-12.3573,3.2366000000000001
14142,-10.894,3.2366000000000001
14143,-5.8097000000000003,3.2458999999999998
14144,-5.8468999999999998,3.2458999999999998
14145,-10.044600000000001,3.2383999999999999
14146,-6.1010999999999997,3.2458999999999998
14147,-5.3323,3.2458999999999998
14148,-5.3632999999999997,3.2458999999999998
14149,-6.2561999999999998,3.2440000000000002
14150,0.099199999999999997,3.2606999999999999
14151,-0.76880000000000004,3.2589000000000001
14152,-3.8132000000000001,3.2532999999999999
14153,-3.8132000000000001,3.2532999999999999
14154,0.092999999999999999,3.2625999999999999
14155,-0.72540000000000004,3.2606999999999999
14156,-0.72540000000000004,3.2606999999999999
14157,-3.6147999999999998,3.2551999999999999
14158,-5.8841000000000001,3.2513999999999998
14159,-10.094200000000001,3.2403
14160,-3.8132000000000001,3.2532999999999999
14161,0.71919999999999995,3.2625999999999999
14162,-3.7387999999999999,3.2551999999999999
14163,1.2834000000000001,3.2645
14164,-8.5379000000000005,3.2440000000000002
14165,-11.4335,3.2366000000000001
14166,-10.323600000000001,3.2366000000000001
14167,1.2709999999999999,3.2606999999999999
14168,4.8859000000000004,3.2719
14169,10.6088,3.2867999999999999
14170,8.9222999999999999,3.2848999999999999
14171,13.1572,3.2978999999999998
14172,10.491,3.2961
14173,7.3226000000000004,3.2886000000000002
14174,0,3.2738
14175,0,3.2719
14176,0,3.2719
14177,0,3.2719
14178,0,3.2719
14179,0,3.2719
14180,-6.4607999999999999,3.2570000000000001
14181,-9.6912000000000003,3.2496
14182,-20.541899999999998,3.2216999999999998
14183,-22.085799999999999,3.2141999999999999
14184,-26.271000000000001,3.2031000000000001
14185,-20.839500000000001,3.2105000000000001
14186,-12.4131,3.2254
14187,-15.643599999999999,3.2198000000000002
14188,-13.529199999999999,3.2235
14189,-12.214700000000001,3.2254
14190,-14.4283,3.2198000000000002
14191,-21.093699999999998,3.2048999999999999
14192,-26.680299999999999,3.1901000000000002
14193,-19.165400000000002,3.2048999999999999
14194,-11.8117,3.2198000000000002
14195,-8.2898999999999994,3.2273000000000001
14196,-6.0453000000000001,3.2328000000000001
14197,-4.4951999999999996,3.2383999999999999
14198,-4.4828000000000001,3.2383999999999999
14199,3.6396000000000002,3.2589000000000001
14200,-1.0911999999999999,3.2513999999999998
14201,0,3.2551999999999999
14202,0.76259999999999994,3.2570000000000001
14203,0.16120000000000001,3.2570000000000001
14204,1.2709999999999999,3.2606999999999999
14205,0.16739999999999999,3.2589000000000001
14206,1.2834000000000001,3.2625999999999999
14207,5.8034999999999997,3.2738
14208,10.602600000000001,3.2848999999999999
14209,1.2834000000000001,3.2682000000000002
14210,-2.8149000000000002,3.2589000000000001
14211,-6.2934000000000001,3.2513999999999998
14212,-10.7018,3.2383999999999999
14213,-9.1331000000000007,3.2403
14214,-0.53320000000000001,3.2589000000000001
14215,-3.2490000000000001,3.2532999999999999
14216,-5.4439000000000002,3.2496
14217,0.27900000000000003,3.2606999999999999
14218,-3.2490000000000001,3.2551999999999999
14219,-3.2427999999999999,3.2551999999999999
14220,-12.4131,3.2347000000000001
14221,-9.6167999999999996,3.2366000000000001
14222,-11.2041,3.2328000000000001
14223,-6.0080999999999998,3.2421000000000002
14224,-7.4589999999999996,3.2403
14225,-8.9657,3.2366000000000001
14226,-5.4935,3.2421000000000002
14227,-2.4119000000000002,3.2513999999999998
14228,1.2834000000000001,3.2606999999999999
14229,3.7202000000000002,3.2682000000000002
14230,0.71919999999999995,3.2625999999999999
14231,1.2338,3.2645
14232,0.27900000000000003,3.2645
14233,0.71919999999999995,3.2645
14234,1.3206,3.2663000000000002
14235,0.76259999999999994,3.2663000000000002
14236,4.5262000000000002,3.2755999999999998
14237,13.1572,3.2961
14238,11.4459,3.2961
14239,8.2836999999999996,3.2905000000000002
14240,0,3.2738
14241,0,3.2719
14242,0,3.2719
14243,0,3.2719
14244,0,3.27
14245,0,3.27
14246,0,3.27
14247,0,3.27
14248,0,3.27
14249,0,3.27
14250,0,3.27
14251,0,3.27
14252,0,3.27
14253,0,3.27
14254,0,3.27
14255,0,3.2719
14256,0,3.2719
14257,0,3.27
14258,0,3.2719
14259,0,3.2719
14260,0,3.2719
14261,0,3.2719
14262,0,3.2719
14263,0,3.2719
14264,0,3.2719
14265,0,3.2719
14266,0,3.2719
14267,0,3.2719
14268,0,3.2719
14269,0,3.2719
14270,0,3.2719
14271,0,3.2719
14272,0,3.2719
14273,-3.9744000000000002,3.2645
14274,-9.0463000000000005,3.2513999999999998
14275,-16.009399999999999,3.2328000000000001
14276,-19.642800000000001,3.2216999999999998
14277,-24.014099999999999,3.2105000000000001
14278,-27.740500000000001,3.1974999999999998
14279,-15.321099999999999,3.2198000000000002
14280,-16.617000000000001,3.218
14281,-20.734100000000002,3.2086999999999999
14282,-16.3566,3.2161
14283,-15.184699999999999,3.218
14284,-13.175800000000001,3.2216999999999998
14285,-13.6904,3.2198000000000002
14286,-15.612500000000001,3.2161
14287,-7.6449999999999996,3.2309999999999999
14288,-11.464499999999999,3.2235
14289,-10.894,3.2254
14290,-9.6478000000000002,3.2273000000000001
14291,0,3.2513999999999998
14292,1.3577999999999999,3.2551999999999999
14293,1.3577999999999999,3.2570000000000001
14294,-4.0983999999999998,3.2458999999999998
14295,2.7528999999999999,3.2625999999999999
14296,9.8523999999999994,3.2793000000000001
14297,10.317399999999999,3.2831000000000001
14298,4.1479999999999997,3.2738
14299,3.4411999999999998,3.2738
14300,11.600899999999999,3.2905000000000002
14301,10.956099999999999,3.2924000000000002
14302,7.4466000000000001,3.2867999999999999
14303,2.4367000000000001,3.2774999999999999
14304,0.60140000000000005,3.2719
14305,0,3.27
14306,0,3.27
14307,0,3.27
14308,0,3.27
14309,-0.57040000000000002,3.2682000000000002
14310,-2.2134999999999998,3.2645
14311,-2.2507000000000001,3.2645
14312,0,3.2682000000000002
14313,-0.57040000000000002,3.2682000000000002
14314,0,3.27
14315,0,3.27
14316,0,3.27
14317,0,3.27
14318,0,3.27
14319,0,3.27
14320,0,3.27
14321,-0.13020000000000001,3.27
14322,-1.8043,3.2663000000000002
14323,-3.4039999999999999,3.2625999999999999
14324,-6.6033999999999997,3.2551999999999999
14325,-15.091699999999999,3.2347000000000001
14326,-17.292899999999999,3.2273000000000001
14327,-20.207000000000001,3.218
14328,-9.9019999999999992,3.2366000000000001
14329,-5.4562999999999997,3.2458999999999998
14330,-13.851599999999999,3.2290999999999999
14331,-19.8474,3.2141999999999999
14332,-20.1264,3.2124000000000001
14333,-13.0952,3.2235
14334,-5.1711,3.2403
14335,-3.9744000000000002,3.2440000000000002
14336,-4.0115999999999996,3.2458999999999998
14337,-6.2561999999999998,3.2421000000000002
14338,-11.799300000000001,3.2309999999999999
14339,-9.1206999999999994,3.2347000000000001
14340,-12.5558,3.2273000000000001
14341,-11.7745,3.2273000000000001
14342,-10.081799999999999,3.2309999999999999
14343,-2.2940999999999998,3.2458999999999998
14344,-2.2507000000000001,3.2496
14345,-6.0514999999999999,3.2403
14346,-8.9284999999999997,3.2347000000000001
14347,-9.0835000000000008,3.2347000000000001
14348,-6.4173999999999998,3.2383999999999999
14349,-9.3315000000000001,3.2328000000000001
14350,-6.25,3.2383999999999999
14351,-7.7380000000000004,3.2366000000000001
14352,-5.6174999999999997,3.2403
14353,-4.0860000000000003,3.2440000000000002
14354,-4.0860000000000003,3.2458999999999998
14355,-2.4863,3.2513999999999998
14356,-2.4925000000000002,3.2513999999999998
14357,-4.0053999999999998,3.2496
14358,0,3.2589000000000001
14359,-2.5607000000000002,3.2532999999999999
14360,0.71919999999999995,3.2606999999999999
14361,1.2834000000000001,3.2625999999999999
14362,3.8008000000000002,3.27
14363,4.7680999999999996,3.2738
14364,10.0694,3.2867999999999999
14365,6.4484000000000004,3.2812000000000001
14366,10.8444,3.2905000000000002
14367,4.9169,3.2812000000000001
14368,6.3987999999999996,3.2848999999999999
14369,7.6078000000000001,3.2886000000000002
14370,0,3.2719
14371,0,3.2719
14372,0,3.2719
14373,0,3.27
14374,0,3.27
14375,0,3.27
14376,0,3.27
14377,0,3.27
14378,0,3.27
14379,0,3.27
14380,0,3.27
14381,0,3.27
14382,0,3.27
14383,0,3.27
14384,0,3.27
14385,0,3.27
14386,0,3.2719
14387,0,3.2719
14388,0,3.2719
14389,-6.7584,3.2570000000000001
14390,-10.652200000000001,3.2458999999999998
14391,-16.120999999999999,3.2309999999999999
14392,-22.284199999999998,3.2161
14393,-26.4756,3.2031000000000001
14394,-31.3492,3.1863000000000001
14395,-27.356100000000001,3.1919
14396,-24.206299999999999,3.1956000000000002
14397,-9.3253000000000004,3.2254
14398,1.24,3.2513999999999998
14399,1.24,3.2551999999999999
14400,12.3139,3.2812000000000001
14401,13.442399999999999,3.2886000000000002
14402,10.838200000000001,3.2867999999999999
14403,7.1676000000000002,3.2812000000000001
14404,0,3.2682000000000002
14405,0,3.2663000000000002
14406,0,3.2663000000000002
14407,0,3.2663000000000002
14408,0,3.2663000000000002
14409,0,3.2682000000000002
14410,0,3.2682000000000002
14411,0,3.2682000000000002
14412,0,3.2682000000000002
14413,0,3.2682000000000002
14414,0,3.2682000000000002
14415,0,3.2682000000000002
14416,0,3.2682000000000002
14417,-0.76880000000000004,3.2663000000000002
14418,-4.3339999999999996,3.2589000000000001
14419,-6.6158000000000001,3.2532999999999999
14420,-9.7408000000000001,3.2440000000000002
14421,-18.129899999999999,3.2254
14422,-15.153700000000001,3.2273000000000001
14423,-8.1534999999999993,3.2403
14424,-2.5669,3.2532999999999999
14425,0.47739999999999999,3.2625999999999999
14426,-3.3357999999999999,3.2551999999999999
14427,-3.9247999999999998,3.2532999999999999
14428,-1.5314000000000001,3.2589000000000001
14429,-8.2030999999999992,3.2440000000000002
14430,-13.3804,3.2309999999999999
14431,-14.682499999999999,3.2273000000000001
14432,-16.338000000000001,3.2216999999999998
14433,-13.175800000000001,3.2254
14434,-15.5319,3.2198000000000002
14435,-7.9737,3.2347000000000001
14436,-6.2934000000000001,3.2383999999999999
14437,-2.7715000000000001,3.2496
14438,0.27900000000000003,3.2570000000000001
14439,0.27900000000000003,3.2589000000000001
14440,-6.4607999999999999,3.2440000000000002
14441,-6.2934000000000001,3.2440000000000002
14442,-5.1338999999999997,3.2458999999999998
14443,-1.6245000000000001,3.2551999999999999
14444,-0.36580000000000001,3.2589000000000001
14445,-0.36580000000000001,3.2589000000000001
14446,-2.8273000000000001,3.2551999999999999
14447,-1.6121000000000001,3.2570000000000001
14448,5.4377000000000004,3.2738
14449,1.6369,3.2663000000000002
14450,0.32240000000000002,3.2663000000000002
14451,-6.8948,3.2496
14452,-4.7247000000000003,3.2532999999999999
14453,-4.7618999999999998,3.2532999999999999
14454,1.1594,3.2645
14455,8.3209,3.2812000000000001
14456,7.0312000000000001,3.2812000000000001
14457,7.242,3.2848999999999999
14458,0,3.27
14459,0,3.27
14460,0,3.27
14461,0,3.2682000000000002
14462,0,3.27
14463,0,3.2682000000000002
14464,0,3.2682000000000002
14465,0,3.27
14466,0,3.27
14467,0,3.27
14468,0,3.27
14469,0,3.27
14470,0,3.27
14471,0,3.27
14472,-3.3296000000000001,3.2645
14473,-0.48359999999999997,3.2682000000000002
14474,-0.48980000000000001,3.2682000000000002
14475,-0.48359999999999997,3.2682000000000002
14476,-0.48359999999999997,3.2682000000000002
14477,-2.2568999999999999,3.2645
14478,-4.7309000000000001,3.2589000000000001
14479,-3.5714000000000001,3.2606999999999999
14480,-3.5714000000000001,3.2606999999999999
14481,-4.5385999999999997,3.2589000000000001
14482,-9.4928000000000008,3.2458999999999998
14483,-11.5389,3.2383999999999999
14484,-4.1604000000000001,3.2551999999999999
14485,0,3.2645
14486,0,3.2663000000000002
14487,0,3.2663000000000002
14488,-6.6096000000000004,3.2532999999999999
14489,-13.851599999999999,3.2347000000000001
14490,-22.036200000000001,3.2141999999999999
14491,-26.8477,3.2012
14492,-25.241800000000001,3.1974999999999998
14493,-17.534700000000001,3.2124000000000001
14494,-11.042899999999999,3.2254
14495,-7.5644,3.2347000000000001
14496,-12.1279,3.2254
14497,-10.646000000000001,3.2273000000000001
14498,-9.6478000000000002,3.2290999999999999
14499,-8.5379000000000005,3.2328000000000001
14500,-3.6457999999999999,3.2421000000000002
14501,1.2834000000000001,3.2570000000000001
14502,1.24,3.2589000000000001
14503,-3.4598,3.2496
14504,-3.4598,3.2496
14505,-3.4474,3.2496
14506,-3.4474,3.2513999999999998
14507,-3.4474,3.2513999999999998
14508,-9.6105999999999998,3.2366000000000001
14509,-5.0533000000000001,3.2440000000000002
14510,-8.5379000000000005,3.2383999999999999
14511,-5.9337,3.2421000000000002
14512,-7.4032,3.2383999999999999
14513,-8.9346999999999994,3.2347000000000001
14514,-6.2561999999999998,3.2403
14515,-5.4935,3.2421000000000002
14516,-7.7751999999999999,3.2383999999999999
14517,-6.4546000000000001,3.2403
14518,-13.8888,3.2254
14519,-28.4846,3.1901000000000002
14520,8.9222999999999999,3.2682000000000002
14521,-27.318899999999999,3.1938
14522,-6.2561999999999998,3.2347000000000001
14523,-2.9699,3.2421000000000002
14524,5.1276999999999999,3.2625999999999999
14525,19.091000000000001,3.2978999999999998
14526,17.708300000000001,3.3016999999999999
14527,15.097899999999999,3.2997999999999998
14528,11.966699999999999,3.2961
14529,8.6867000000000001,3.2886000000000002
14530,0,3.2719
14531,0,3.27
14532,0,3.27
14533,0,3.2682000000000002
14534,0,3.2682000000000002
14535,0,3.2682000000000002
14536,0,3.2682000000000002
14537,0,3.2682000000000002
14538,0,3.2682000000000002
14539,0,3.2682000000000002
14540,0,3.27
14541,0,3.27
14542,0,3.27
14543,0,3.27
14544,0,3.27
14545,0,3.27
14546,0,3.27
14547,0,3.27
14548,0,3.27
14549,0,3.27
14550,0,3.27
14551,0,3.27
14552,0,3.27
14553,0,3.27
14554,0,3.27
14555,0,3.27
14556,0,3.27
14557,0,3.2719
14558,-4.8921000000000001,3.2606999999999999
14559,-10.6088,3.2458999999999998
14560,-17.8261,3.2273000000000001
14561,-18.650700000000001,3.2216999999999998
14562,-16.524000000000001,3.2235
14563,-15.011100000000001,3.2254
14564,-9.5299999999999994,3.2347000000000001
14565,-26.085000000000001,3.2012
14566,-7.0498000000000003,3.2366000000000001
14567,-14.093500000000001,3.2235
14568,-11.098699999999999,3.2290999999999999
14569,-2.8210999999999999,3.2458999999999998
14570,-20.709299999999999,3.2105000000000001
14571,1.2338,3.2551999999999999
14572,0.83079999999999998,3.2570000000000001
14573,0.75639999999999996,3.2589000000000001
14574,1.24,3.2606999999999999
14575,1.6802999999999999,3.2625999999999999
14576,1.24,3.2645
14577,0.71919999999999995,3.2645
14578,4.1231999999999998,3.2719
14579,3.4350000000000001,3.2719
14580,3.0815000000000001,3.2719
14581,2.8769,3.2719
14582,4.3216000000000001,3.2755999999999998
14583,7.5209999999999999,3.2848999999999999
14584,0,3.27
14585,0,3.27
14586,0,3.27
14587,0,3.2682000000000002
14588,0,3.27
14589,0,3.27
14590,0,3.27
14591,0,3.27
14592,0,3.27
14593,0,3.2682000000000002
14594,0,3.27
14595,0,3.27
14596,0,3.27
14597,0,3.27
14598,0,3.27
14599,0,3.27
14600,0,3.27
14601,0,3.27
14602,0,3.27
14603,0,3.27
14604,0,3.27
14605,0,3.27
14606,0,3.27
14607,0,3.2719
14608,0,3.27
14609,0,3.2719
14610,0,3.2719
14611,0,3.2719
14612,0,3.2719
14613,0,3.2719
14614,0,3.2719
14615,-9.6167999999999996,3.2513999999999998
14616,-9.4556000000000004,3.2496
14617,-15.321099999999999,3.2328000000000001
14618,-18.687899999999999,3.2235
14619,-21.118500000000001,3.2141999999999999
14620,-23.3568,3.2067999999999999
14621,-6.3305999999999996,3.2403
14622,-9.2881,3.2347000000000001
14623,-27.808700000000002,3.1956000000000002
14624,-13.119999999999999,3.2216999999999998
14625,-10.615,3.2273000000000001
14626,-4.5633999999999997,3.2403
14627,0.83699999999999997,3.2551999999999999
14628,1.7237,3.2606999999999999
14629,1.7237,3.2625999999999999
14630,1.24,3.2625999999999999
14631,1.6431,3.2645
14632,11.4335,3.2867999999999999
14633,7.1676000000000002,3.2812000000000001
14634,-1.8167,3.2645
14635,-4.5633999999999997,3.2570000000000001
14636,-4.6999000000000004,3.2551999999999999
14637,-6.0514999999999999,3.2513999999999998
14638,-12.0039,3.2366000000000001
14639,-20.1326,3.2161
14640,-22.277999999999999,3.2086999999999999
14641,-20.517099999999999,3.2086999999999999
14642,-5.3695000000000004,3.2383999999999999
14643,-0.53320000000000001,3.2532999999999999
14644,-1.8973,3.2513999999999998
14645,5.7229000000000001,3.27
14646,10.6708,3.2831000000000001
14647,7.335,3.2793000000000001
14648,4.1231999999999998,3.2738
14649,-1.9345000000000001,3.2625999999999999
14650,-17.7331,3.2254
14651,-21.819099999999999,3.2124000000000001
14652,-20.839500000000001,3.2105000000000001
14653,-21.0503,3.2067999999999999
14654,-15.2529,3.218
14655,-8.5688999999999993,3.2309999999999999
14656,-7.3659999999999997,3.2347000000000001
14657,-5.2888999999999999,3.2403
14658,0.71919999999999995,3.2551999999999999
14659,-2.2134999999999998,3.2513999999999998
14660,-5.9275000000000002,3.2421000000000002
14661,-5.2516999999999996,3.2440000000000002
14662,-2.2507000000000001,3.2513999999999998
14663,-2.2134999999999998,3.2532999999999999
14664,-3.7263999999999999,3.2496
14665,-10.131399999999999,3.2347000000000001
14666,-10.317399999999999,3.2328000000000001
14667,-5.4935,3.2421000000000002
14668,0.092999999999999999,3.2551999999999999
14669,1.2834000000000001,3.2606999999999999
14670,-5.2950999999999997,3.2458999999999998
14671,-8.9346999999999994,3.2366000000000001
14672,-11.966699999999999,3.2290999999999999
14673,-4.0860000000000003,3.2458999999999998
14674,0,3.2570000000000001
14675,-9.2508999999999997,3.2366000000000001
14676,-11.644299999999999,3.2309999999999999
14677,-14.2051,3.2235
14678,-18.638300000000001,3.2124000000000001
14679,-13.895,3.2198000000000002
14680,-11.8551,3.2235
14681,-8.9657,3.2290999999999999
14682,-9.0835000000000008,3.2290999999999999
14683,-9.2385000000000002,3.2290999999999999
14684,-5.0967000000000002,3.2383999999999999
14685,-1.6121000000000001,3.2458999999999998
14686,-3.2427999999999999,3.2440000000000002
14687,-3.2490000000000001,3.2458999999999998
14688,-6.6963999999999997,3.2383999999999999
14689,-10.819599999999999,3.2290999999999999
14690,0.71919999999999995,3.2532999999999999
14691,1.3577999999999999,3.2570000000000001
14692,0.71919999999999995,3.2589000000000001
14693,-8.8478999999999992,3.2366000000000001
14694,-12.0783,3.2290999999999999
14695,-10.7204,3.2290999999999999
14696,-7.6946000000000003,3.2347000000000001
14697,-6.8948,3.2366000000000001
14698,-3.4102000000000001,3.2440000000000002
14699,1.3577999999999999,3.2570000000000001
14700,2.0832999999999999,3.2606999999999999
14701,-6.5351999999999997,3.2421000000000002
14702,-8.9657,3.2366000000000001
14703,-12.289099999999999,3.2273000000000001
14704,-12.568199999999999,3.2254
14705,-13.7958,3.2216999999999998
14706,-11.4831,3.2254
14707,-8.2960999999999991,3.2309999999999999
14708,-1.8911,3.2458999999999998
14709,1.3515999999999999,3.2551999999999999
14710,21.366499999999998,3.3035000000000001
14711,19.562200000000001,3.3054000000000001
14712,18.322099999999999,3.3071999999999999
14713,15.556699999999999,3.3054000000000001
14714,12.4069,3.2997999999999998
14715,9.1268999999999991,3.2924000000000002
14716,0,3.2738
14717,0,3.2719
14718,0,3.2719
14719,0,3.27
14720,0,3.27
14721,0,3.27
14722,0,3.27
14723,0,3.27
14724,0,3.27
14725,0,3.27
14726,0,3.27
14727,0,3.27
14728,0,3.27
14729,0,3.27
14730,0,3.27
14731,0,3.27
14732,0,3.27
14733,0,3.27
14734,0,3.27
14735,0,3.27
14736,0,3.27
14737,0,3.27
14738,0,3.27
14739,0,3.2719
14740,0,3.27
14741,0,3.27
14742,0,3.27
14743,0,3.2719
14744,0,3.2719
14745,0,3.2719
14746,0,3.27
14747,0,3.2719
14748,0,3.2719
14749,0,3.2719
14750,0,3.2719
14751,0,3.2719
14752,0,3.2719
14753,0,3.2719
14754,0,3.2719
14755,0,3.2719
14756,0,3.2719
14757,0,3.2719
14758,-10.4848,3.2496
14759,-14.453099999999999,3.2366000000000001
14760,-18.328299999999999,3.2254
14761,-22.7864,3.2124000000000001
14762,-28.608599999999999,3.1956000000000002
14763,-33.438699999999997,3.1808000000000001
14764,-29.241,3.1844999999999999
14765,-28.193200000000001,3.1844999999999999
14766,-22.3276,3.1938
14767,-12.1713,3.2161
14768,2.6785000000000001,3.2496
14769,1.8352999999999999,3.2532999999999999
14770,0.71919999999999995,3.2532999999999999
14771,-7.4093999999999998,3.2366000000000001
14772,-6.1321000000000003,3.2383999999999999
14773,-6.2126999999999999,3.2383999999999999
14774,-9.0959000000000003,3.2328000000000001
14775,-21.484300000000001,3.2067999999999999
14776,2.7528999999999999,3.2551999999999999
14777,14.043799999999999,3.2831000000000001
14778,6.0949,3.2719
14779,16.120999999999999,3.2961
14780,6.9568000000000003,3.2793000000000001
14781,1.0416000000000001,3.2682000000000002
14782,-10.212,3.2421000000000002
14783,-6.7708000000000004,3.2458999999999998
14784,-15.6374,3.2254
14785,-26.767099999999999,3.1974999999999998
14786,-30.828299999999999,3.1844999999999999
14787,-39.967700000000001,3.1621999999999999
14788,-39.955300000000001,3.1566000000000001
14789,-39.961500000000001,3.1509999999999998
14790,-39.961500000000001,3.1490999999999998
14791,-25.2852,3.177
14792,-39.955300000000001,3.1473
14793,-30.121500000000001,3.1640000000000001
14794,-39.955300000000001,3.1436000000000002
14795,-38.256399999999999,3.1436000000000002
14796,-39.949100000000001,3.1398000000000001
14797,-29.160399999999999,3.1602999999999999
14798,-27.442900000000002,3.1640000000000001
14799,-25.892800000000001,3.1677
14800,-10.4848,3.1974999999999998
14801,-6.4112,3.2105000000000001
14802,-8.7239000000000004,3.2086999999999999
14803,-6.2561999999999998,3.2161
14804,-10.243,3.2086999999999999
14805,-10.243,3.2105000000000001
14806,-10.243,3.2105000000000001
14807,-10.2492,3.2105000000000001
14808,-14.818899999999999,3.2012
14809,-14.8871,3.2012
14810,-21.812899999999999,3.1844999999999999
14811,-24.485299999999999,3.177
14812,-24.956499999999998,3.1751999999999998
14813,-20.721699999999998,3.1825999999999999
14814,-23.4499,3.177
14815,-26.264800000000001,3.1715
14816,-21.893599999999999,3.1789000000000001
14817,-24.689900000000002,3.1732999999999998
14818,-30.127700000000001,3.1621999999999999
14819,-39.955300000000001,3.1379999999999999
14820,-39.552300000000002,3.1360999999999999
14821,-27.715699999999998,3.1602999999999999
14822,-22.7926,3.1696
14823,-17.528500000000001,3.1808000000000001
14824,-12.3697,3.1938
14825,-7.4527999999999999,3.2067999999999999
14826,-14.682499999999999,3.1919
14827,-19.928000000000001,3.1808000000000001
14828,-23.003399999999999,3.1751999999999998
14829,-25.9238,3.1677
14830,-20.6783,3.177
14831,-26.4818,3.1659000000000002
14832,-21.118500000000001,3.1751999999999998
14833,-24.311699999999998,3.1696
14834,-18.8368,3.1808000000000001
14835,-16.195399999999999,3.1863000000000001
14836,-11.4087,3.1956000000000002
14837,-16.09,3.1882000000000001
14838,-16.071400000000001,3.1882000000000001
14839,-16.0962,3.1882000000000001
14840,-16.09,3.1882000000000001
14841,-16.09,3.1901000000000002
14842,-13.361800000000001,3.1956000000000002
14843,-8.3704999999999998,3.2067999999999999
14844,-8.2093000000000007,3.2086999999999999
14845,1.5189999999999999,3.2309999999999999
14846,-2.1328999999999998,3.2254
14847,-4.6192000000000002,3.2216999999999998
14848,-9.7284000000000006,3.2124000000000001
14849,-6.9691999999999998,3.218
14850,-11.569900000000001,3.2086999999999999
14851,-21.998999999999999,3.1844999999999999
14852,-16.852599999999999,3.1938
14853,-16.889800000000001,3.1919
14854,-14.310499999999999,3.1974999999999998
14855,-7.0064000000000002,3.2141999999999999
14856,-4.1727999999999996,3.2216999999999998
14857,-4.1231999999999998,3.2235
14858,-3.9247999999999998,3.2254
14859,-1.054,3.2328000000000001
14860,-20.734100000000002,3.1919
14861,-3.6086,3.2254
14862,-10.646000000000001,3.2124000000000001
14863,-8.6928999999999998,3.2161
14864,-8.5317000000000007,3.2161
14865,-15.327299999999999,3.2031000000000001
14866,-11.098699999999999,3.2105000000000001
14867,-39.955300000000001,3.1490999999999998
14868,2.0832999999999999,3.2328000000000001
14869,-39.967700000000001,3.1473
14870,-13.9198,3.1956000000000002
14871,-27.163900000000002,3.1715
14872,-39.955300000000001,3.1398000000000001
14873,-28.478400000000001,3.1621999999999999
14874,-20.566700000000001,3.177
14875,-26.401199999999999,3.1677
14876,-15.7242,3.1863000000000001
14877,-10.8878,3.1974999999999998
14878,0,3.2235
14879,1.6802999999999999,3.2309999999999999
14880,4.7122999999999999,3.2403
14881,7.9179000000000004,3.2532999999999999
14882,6.5972,3.2532999999999999
14883,-12.847200000000001,3.2124000000000001
14884,-12.847200000000001,3.2105000000000001
14885,-3.218,3.2290999999999999
14886,6.6778000000000004,3.2532999999999999
14887,-10.2492,3.218
14888,-14.279500000000001,3.2086999999999999
14889,-10.2554,3.2161
14890,-2.5669,3.2309999999999999
14891,-9.9268000000000001,3.218
14892,-11.6195,3.2141999999999999
14893,-11.613300000000001,3.2124000000000001
14894,-2.3374999999999999,3.2309999999999999
14895,0,3.2383999999999999
14896,0.16739999999999999,3.2403
14897,5.1711,3.2551999999999999
14898,8.0046999999999997,3.2625999999999999
14899,7.9612999999999996,3.2645
14900,9.1331000000000007,3.27
14901,9.0401000000000007,3.2719
14902,7.7999999999999998,3.27
14903,8.8354999999999997,3.2738
14904,15.190899999999999,3.2886000000000002
14905,11.644299999999999,3.2831000000000001
14906,14.1989,3.2905000000000002
14907,10.001200000000001,3.2848999999999999
14908,8.5626999999999995,3.2812000000000001
14909,5.6051000000000002,3.2755999999999998
14910,4.6875,3.2738
14911,-3.3296000000000001,3.2570000000000001
14912,1.3640000000000001,3.2645
14913,5.2827000000000002,3.2738
14914,8.9595000000000002,3.2831000000000001
14915,15.7614,3.2997999999999998
14916,17.8447,3.3071999999999999
14917,5.9398999999999997,3.2831000000000001
14918,3.7574000000000001,3.2774999999999999
14919,1.6059000000000001,3.2719
14920,5.2454999999999998,3.2793000000000001
14921,4.7618999999999998,3.2793000000000001
14922,8.5317000000000007,3.2867999999999999
14923,3.8008000000000002,3.2774999999999999
14924,0,3.27
14925,0,3.2682000000000002
14926,0,3.2682000000000002
14927,0,3.2682000000000002
14928,0,3.2663000000000002
14929,0,3.2682000000000002
14930,0,3.2663000000000002
14931,0,3.2663000000000002
14932,0,3.2663000000000002
14933,0,3.2663000000000002
14934,0,3.2663000000000002
14935,0,3.2663000000000002
14936,0,3.2663000000000002
14937,0,3.2663000000000002
14938,0,3.2663000000000002
14939,0,3.2663000000000002
14940,0,3.2663000000000002
14941,-3.3296000000000001,3.2589000000000001
14942,-10.615,3.2403
14943,-16.685199999999998,3.2254
14944,-20.207000000000001,3.2161
14945,-24.559699999999999,3.2031000000000001
14946,-28.199400000000001,3.1901000000000002
14947,-27.783899999999999,3.1882000000000001
14948,-30.753900000000002,3.1789000000000001
14949,-16.883600000000001,3.2048999999999999
14950,-21.732299999999999,3.1938
14951,-20.9635,3.1938
14952,-23.635899999999999,3.1882000000000001
14953,-31.448399999999999,3.1715
14954,-16.207799999999999,3.2012
14955,-16.771999999999998,3.2012
14956,-13.082800000000001,3.2086999999999999
14957,-15.9598,3.2031000000000001
14958,-17.615300000000001,3.1974999999999998
14959,-19.810199999999998,3.1919
14960,-7.9241000000000001,3.218
14961,-10.77,3.2141999999999999
14962,-4.2906000000000004,3.2273000000000001
14963,-0.48359999999999997,3.2366000000000001
14964,-8.9657,3.2216999999999998
14965,-18.892600000000002,3.2012
14966,-14.7941,3.2067999999999999
14967,-6.5662000000000003,3.2235
14968,-6.5662000000000003,3.2254
14969,-6.5662000000000003,3.2273000000000001
14970,-6.5662000000000003,3.2273000000000001
14971,-6.5662000000000003,3.2273000000000001
14972,-7.7565999999999997,3.2254
14973,-11.4397,3.218
14974,-7.9302999999999999,3.2235
14975,-4.7743000000000002,3.2309999999999999
14976,0.47120000000000001,3.2440000000000002
14977,5.1649000000000003,3.2570000000000001
14978,6.0328999999999997,3.2625999999999999
14979,2.2383000000000002,3.2551999999999999
14980,15.246700000000001,3.2848999999999999
14981,16.604600000000001,3.2924000000000002
14982,20.1264,3.3054000000000001
14983,14.688700000000001,3.2961
14984,13.591200000000001,3.2961
14985,12.2829,3.2924000000000002
14986,10.6088,3.2905000000000002
14987,6.2003000000000004,3.2812000000000001
14988,0,3.2682000000000002
14989,0,3.2663000000000002
14990,0,3.2663000000000002
14991,0,3.2663000000000002
14992,0,3.2645
14993,0,3.2645
14994,0,3.2645
14995,0,3.2645
14996,0,3.2645
14997,-8.3394999999999992,3.2458999999999998
14998,-10.646000000000001,3.2383999999999999
14999,-17.044799999999999,3.2216999999999998
15000,-23.201799999999999,3.2067999999999999
15001,-27.349900000000002,3.1919
15002,-32.192399999999999,3.1789000000000001
15003,-39.955300000000001,3.1583999999999999
15004,-35.602600000000002,3.1621999999999999
15005,-11.7683,3.2105000000000001
15006,-28.373000000000001,3.177
15007,-24.528700000000001,3.1825999999999999
15008,-18.644500000000001,3.1938
15009,-6.6158000000000001,3.2198000000000002
15010,-3.1745999999999999,3.2290999999999999
15011,0,3.2383999999999999
15012,0.71919999999999995,3.2421000000000002
15013,1.3640000000000001,3.2458999999999998
15014,3.7263999999999999,3.2551999999999999
15015,17.689699999999998,3.2867999999999999
15016,18.086500000000001,3.2961
15017,15.321099999999999,3.2905000000000002
15018,12.165100000000001,3.2867999999999999
15019,8.9222999999999999,3.2831000000000001
15020,0,3.2645
15021,0,3.2625999999999999
15022,0,3.2606999999999999
15023,0,3.2606999999999999
15024,0,3.2606999999999999
15025,0,3.2606999999999999
15026,0,3.2625999999999999
15027,0,3.2625999999999999
15028,0,3.2625999999999999
15029,0,3.2625999999999999
15030,0,3.2625999999999999
15031,0,3.2625999999999999
15032,0,3.2625999999999999
15033,0,3.2625999999999999
15034,0,3.2625999999999999
15035,0,3.2625999999999999
15036,0,3.2625999999999999
15037,0,3.2625999999999999
15038,0,3.2625999999999999
15039,0,3.2645
15040,0,3.2645
15041,0,3.2645
15042,-10.4786,3.2403
15043,-14.453099999999999,3.2290999999999999
15044,-18.334499999999998,3.218
15045,-22.805,3.2048999999999999
15046,-28.5962,3.1882000000000001
15047,-33.444899999999997,3.1732999999999998
15048,-39.961500000000001,3.1566000000000001
15049,-39.955300000000001,3.1509999999999998
15050,-22.0486,3.1863000000000001
15051,-21.806699999999999,3.1863000000000001
15052,-39.942900000000002,3.1473
15053,-28.3978,3.1696
15054,-14.453099999999999,3.1974999999999998
15055,-24.838699999999999,3.177
15056,-10.838200000000001,3.2067999999999999
15057,-14.5585,3.2012
15058,-14.8499,3.1974999999999998
15059,-4.6067999999999998,3.2216999999999998
15060,-7.7690000000000001,3.218
15061,-7.7999999999999998,3.218
15062,-2.6909000000000001,3.2290999999999999
15063,-0.69440000000000002,3.2366000000000001
15064,-11.2475,3.2161
15065,-6.5662000000000003,3.2254
15066,0.52080000000000004,3.2403
15067,-4.4828000000000001,3.2328000000000001
15068,-4.4207999999999998,3.2328000000000001
15069,-2.4925000000000002,3.2366000000000001
15070,-6.2934000000000001,3.2290999999999999
15071,-6.2872000000000003,3.2309999999999999
15072,-6.2934000000000001,3.2309999999999999
15073,-6.2934000000000001,3.2309999999999999
15074,-6.2995999999999999,3.2309999999999999
15075,-2.4428999999999998,3.2383999999999999
15076,-8.1410999999999998,3.2273000000000001
15077,-8.1721000000000004,3.2273000000000001
15078,-11.055300000000001,3.2198000000000002
15079,-0.57040000000000002,3.2421000000000002
15080,-2.4552999999999998,3.2403
15081,-6.2065000000000001,3.2328000000000001
15082,-6.2003000000000004,3.2328000000000001
15083,-2.4119000000000002,3.2403
15084,-2.3250999999999999,3.2421000000000002
15085,-4.1604000000000001,3.2383999999999999
15086,6.0019,3.2625999999999999
15087,10.2058,3.2738
15088,13.126200000000001,3.2831000000000001
15089,13.8268,3.2886000000000002
15090,14.8375,3.2924000000000002
15091,15.965999999999999,3.2997999999999998
15092,13.2874,3.2961
15093,13.2812,3.2978999999999998
15094,10.6708,3.2924000000000002
15095,6.8079999999999998,3.2848999999999999
15096,0,3.27
15097,0,3.2682000000000002
15098,0,3.2682000000000002
15099,0,3.2663000000000002
15100,0,3.2663000000000002
15101,0,3.2663000000000002
15102,0,3.2663000000000002
15103,0,3.2663000000000002
15104,0,3.2663000000000002
15105,-3.9681999999999999,3.2570000000000001
15106,-7.5271999999999997,3.2458999999999998
15107,-6.6406000000000001,3.2496
15108,-3.6147999999999998,3.2551999999999999
15109,-11.4025,3.2366000000000001
15110,-7.0869999999999997,3.2421000000000002
15111,-6.6096000000000004,3.2421000000000002
15112,-10.2926,3.2347000000000001
15113,-15.8482,3.2216999999999998
15114,-17.447900000000001,3.2161
15115,-16.325600000000001,3.2161
15116,-13.9198,3.2198000000000002
15117,-13.485799999999999,3.2198000000000002
15118,-12.0039,3.2216999999999998
15119,-13.3308,3.218
15120,-14.446899999999999,3.2161
15121,-12.561999999999999,3.218
15122,-11.7621,3.2198000000000002
15123,-8.6928999999999998,3.2254
15124,-5.2827000000000002,3.2347000000000001
15125,-3.8132000000000001,3.2383999999999999
15126,-3.8132000000000001,3.2383999999999999
15127,-3.8008000000000002,3.2403
15128,-3.8008000000000002,3.2403
15129,-3.8008000000000002,3.2403
15130,-11.7621,3.2235
15131,-6.3243999999999998,3.2347000000000001
15132,-6.4112,3.2347000000000001
15133,0.71919999999999995,3.2513999999999998
15134,0.71919999999999995,3.2532999999999999
15135,-0.77500000000000002,3.2513999999999998
15136,-3.8132000000000001,3.2440000000000002
15137,-3.8008000000000002,3.2440000000000002
15138,1.7981,3.2589000000000001
15139,6.1940999999999997,3.27
15140,16.492999999999999,3.2961
15141,13.2874,3.2905000000000002
15142,10.677,3.2886000000000002
15143,0,3.2663000000000002
15144,0,3.2645
15145,0,3.2645
15146,0,3.2645
15147,0,3.2645
15148,0,3.2625999999999999
15149,0,3.2645
15150,0,3.2645
15151,0,3.2645
15152,0,3.2645
15153,0,3.2645
15154,0,3.2645
15155,0,3.2645
15156,0,3.2645
15157,0,3.2645
15158,0,3.2645
15159,0,3.2645
15160,0,3.2645
15161,0,3.2645
15162,0,3.2645
15163,-10.491,3.2421000000000002
15164,-14.4345,3.2290999999999999
15165,-18.334499999999998,3.218
15166,-22.563199999999998,3.2067999999999999
15167,-13.2874,3.2235
15168,-13.0518,3.2216999999999998
15169,-10.999499999999999,3.2254
15170,-2.1328999999999998,3.2440000000000002
15171,-2.1267,3.2496
15172,-6.2872000000000003,3.2383999999999999
15173,-4.1294000000000004,3.2440000000000002
15174,-2.1328999999999998,3.2496
15175,-0.124,3.2551999999999999
15176,1.0416000000000001,3.2589000000000001
15177,-1.1346000000000001,3.2551999999999999
15178,0.27900000000000003,3.2589000000000001
15179,-6.2561999999999998,3.2440000000000002
15180,-3.2118000000000002,3.2513999999999998
15181,-1.1284000000000001,3.2551999999999999
15182,0.60140000000000005,3.2606999999999999
15183,-1.0911999999999999,3.2570000000000001
15184,-2.0522999999999998,3.2551999999999999
15185,-3.0505,3.2532999999999999
15186,-6.2561999999999998,3.2440000000000002
15187,-7.2481999999999998,3.2421000000000002
15188,-10.453799999999999,3.2347000000000001
15189,-8.9346999999999994,3.2347000000000001
15190,-12.5372,3.2273000000000001
15191,-10.9747,3.2290999999999999
15192,-3.9247999999999998,3.2421000000000002
15193,-3.9681999999999999,3.2440000000000002
15194,-7.7380000000000004,3.2366000000000001
15195,-7.5271999999999997,3.2366000000000001
15196,-7.6449999999999996,3.2366000000000001
15197,-4.5633999999999997,3.2421000000000002
15198,-3.218,3.2458999999999998
15199,-3.2118000000000002,3.2458999999999998
15200,-5.3323,3.2421000000000002
15201,-14.967700000000001,3.2198000000000002
15202,-20.4861,3.2067999999999999
15203,-15.246700000000001,3.2141999999999999
15204,-10.8134,3.2235
15205,-10.4414,3.2235
15206,3.9681999999999999,3.2570000000000001
15207,17.689699999999998,3.2886000000000002
15208,16.213999999999999,3.2924000000000002
15209,13.076599999999999,3.2905000000000002
15210,9.7284000000000006,3.2848999999999999
15211,0,3.2663000000000002
15212,0,3.2645
15213,0,3.2625999999999999
15214,0,3.2645
15215,0,3.2625999999999999
15216,0,3.2645
15217,0,3.2625999999999999
15218,0,3.2645
15219,0,3.2645
15220,0,3.2645
15221,0,3.2645
15222,0,3.2645
15223,0,3.2645
15224,0,3.2645
15225,0,3.2645
15226,0,3.2645
15227,0,3.2645
15228,0,3.2645
15229,0,3.2645
15230,0,3.2645
15231,0,3.2645
15232,0,3.2663000000000002
15233,0,3.2663000000000002
15234,0,3.2663000000000002
15235,0,3.2663000000000002
15236,0,3.2663000000000002
15237,0,3.2663000000000002
15238,0,3.2663000000000002
15239,0,3.2663000000000002
15240,-6.4546000000000001,3.2532999999999999
15241,-8.1659000000000006,3.2458999999999998
15242,-17.119199999999999,3.2254
15243,-13.8826,3.2290999999999999
15244,-16.418600000000001,3.2198000000000002
15245,-11.9977,3.2273000000000001
15246,-11.6381,3.2290999999999999
15247,-19.996200000000002,3.2086999999999999
15248,-21.6083,3.2031000000000001
15249,-16.5364,3.2105000000000001
15250,-15.718,3.2124000000000001
15251,-15.4389,3.2124000000000001
15252,-17.534700000000001,3.2067999999999999
15253,-13.485799999999999,3.2141999999999999
15254,-7.6201999999999996,3.2273000000000001
15255,-9.1578999999999997,3.2254
15256,-5.6485000000000003,3.2328000000000001
15257,-5.6919000000000004,3.2328000000000001
15258,-4.1294000000000004,3.2366000000000001
15259,-6.5724,3.2328000000000001
15260,-5.7415000000000003,3.2347000000000001
15261,-4.1727999999999996,3.2383999999999999
15262,1.2834000000000001,3.2532999999999999
15263,1.2709999999999999,3.2551999999999999
15264,10.119,3.2755999999999998
15265,11.197900000000001,3.2812000000000001
15266,13.361800000000001,3.2886000000000002
15267,7.8372999999999999,3.2812000000000001
15268,6.2436999999999996,3.2774999999999999
15269,7.6449999999999996,3.2812000000000001
15270,0,3.2663000000000002
15271,0,3.2663000000000002
15272,0,3.2663000000000002
15273,0,3.2645
15274,0,3.2645
15275,0,3.2645
15276,0,3.2645
15277,0,3.2645
15278,0,3.2645
15279,0,3.2645
15280,0,3.2645
15281,0,3.2645
15282,0,3.2663000000000002
15283,0,3.2663000000000002
15284,0,3.2663000000000002
15285,0,3.2663000000000002
15286,0,3.2663000000000002
15287,0,3.2663000000000002
15288,-4.5633999999999997,3.2570000000000001
15289,-6.25,3.2513999999999998
15290,-3.8504,3.2551999999999999
15291,-6.9691999999999998,3.2458999999999998
15292,-14.006600000000001,3.2309999999999999
15293,-13.6532,3.2290999999999999
15294,-15.965999999999999,3.2216999999999998
15295,-10.2058,3.2309999999999999
15296,-16.288399999999999,3.218
15297,-5.0967000000000002,3.2403
15298,-0.099199999999999997,3.2532999999999999
15299,-2.0522999999999998,3.2513999999999998
15300,-16.846399999999999,3.218
15301,-11.842700000000001,3.2254
15302,-11.4397,3.2254
15303,-16.933199999999999,3.2141999999999999
15304,-14.093500000000001,3.218
15305,-3.218,3.2403
15306,0.83079999999999998,3.2532999999999999
15307,-10.2058,3.2290999999999999
15308,-10.4848,3.2273000000000001
15309,-5.6174999999999997,3.2366000000000001
15310,4.0797999999999996,3.2606999999999999
15311,3.6086,3.2625999999999999
15312,4.5262000000000002,3.2663000000000002
15313,11.0801,3.2831000000000001
15314,10.962300000000001,3.2848999999999999
15315,8.1659000000000006,3.2812000000000001
15316,0,3.2663000000000002
15317,0,3.2645
15318,0,3.2645
15319,0,3.2645
15320,0,3.2645
15321,0,3.2645
15322,-0.086800000000000002,3.2645
15323,-8.6928999999999998,3.2440000000000002
15324,-10.646000000000001,3.2383999999999999
15325,-16.604600000000001,3.2216999999999998
15326,-20.374500000000001,3.2105000000000001
15327,-12.0039,3.2254
15328,-17.4603,3.2141999999999999
15329,-18.892600000000002,3.2086999999999999
15330,-17.243300000000001,3.2086999999999999
15331,-21.732299999999999,3.1974999999999998
15332,-20.926300000000001,3.1974999999999998
15333,-19.971399999999999,3.1974999999999998
15334,-16.213999999999999,3.2048999999999999
15335,-16.933199999999999,3.2031000000000001
15336,-11.8489,3.2141999999999999
15337,-10.7638,3.2161
15338,-8.0976999999999997,3.2235
15339,-9.6478000000000002,3.2198000000000002
15340,-8.3643000000000001,3.2235
15341,-4.4889999999999999,3.2328000000000001
15342,0,3.2440000000000002
15343,-2.7776999999999998,3.2383999999999999
15344,-1.1346000000000001,3.2440000000000002
15345,1.3577999999999999,3.2513999999999998
15346,2.5916999999999999,3.2570000000000001
15347,6.7584,3.2663000000000002
15348,10.7514,3.2793000000000001
15349,10.087999999999999,3.2793000000000001
15350,11.7249,3.2848999999999999
15351,9.8461999999999996,3.2848999999999999
15352,5.2393000000000001,3.2755999999999998
15353,6.6840000000000002,3.2793000000000001
15354,0,3.2663000000000002
15355,0,3.2645
15356,0,3.2645
15357,0,3.2645
15358,-0.48359999999999997,3.2625999999999999
15359,0,3.2645
15360,0,3.2645
15361,-9.6105999999999998,3.2421000000000002
15362,-10.646000000000001,3.2366000000000001
15363,-17.807500000000001,3.2198000000000002
15364,-23.976900000000001,3.2031000000000001
15365,-24.156700000000001,3.1956000000000002
15366,-16.133400000000002,3.2124000000000001
15367,-10.410399999999999,3.2235
15368,-13.058,3.218
15369,-14.2547,3.2141999999999999
15370,-15.8172,3.2105000000000001
15371,-16.524000000000001,3.2086999999999999
15372,-25.279,3.1863000000000001
15373,-22.997199999999999,3.1882000000000001
15374,-16.852599999999999,3.2012
15375,-10.9747,3.2141999999999999
15376,-8.2155000000000005,3.2198000000000002
15377,-12.295299999999999,3.2124000000000001
15378,-4.5633999999999997,3.2290999999999999
15379,-4.5696000000000003,3.2309999999999999
15380,-2.8955000000000002,3.2366000000000001
15381,0,3.2440000000000002
15382,-1.1718,3.2421000000000002
15383,-4.3650000000000002,3.2366000000000001
15384,-4.3587999999999996,3.2366000000000001
15385,-2.7715000000000001,3.2403
15386,2.0398999999999998,3.2532999999999999
15387,-2.6475,3.2440000000000002
15388,-4.1727999999999996,3.2403
15389,-4.1727999999999996,3.2403
15390,-4.1604000000000001,3.2403
15391,-4.1727999999999996,3.2403
15392,-4.1727999999999996,3.2403
15393,-5.8097000000000003,3.2383999999999999
15394,-9.5299999999999994,3.2290999999999999
15395,-11.2103,3.2235
15396,-25.483599999999999,3.1901000000000002
15397,-19.357600000000001,3.2012
15398,-19.7668,3.1974999999999998
15399,-20.529499999999999,3.1938
15400,-5.8097000000000003,3.2254
15401,-14.446899999999999,3.2086999999999999
15402,-12.0039,3.2124000000000001
15403,-10.4848,3.2161
15404,-4.1231999999999998,3.2309999999999999
15405,-2.2134999999999998,3.2366000000000001
15406,-5.8964999999999996,3.2290999999999999
15407,-4.0053999999999998,3.2347000000000001
15408,-0.3286,3.2421000000000002
15409,1.3577999999999999,3.2496
15410,-3.9681999999999999,3.2383999999999999
15411,1.3577999999999999,3.2513999999999998
15412,1.3577999999999999,3.2532999999999999
15413,-3.6457999999999999,3.2421000000000002
15414,-0.086800000000000002,3.2513999999999998
15415,-3.5714000000000001,3.2421000000000002
15416,4.6811999999999996,3.2625999999999999
15417,2.0709,3.2589000000000001
15418,-3.1745999999999999,3.2458999999999998
15419,-4.8548999999999998,3.2421000000000002
15420,-4.8425000000000002,3.2421000000000002
15421,-4.8548999999999998,3.2403
15422,0,3.2532999999999999
15423,-3.0505,3.2458999999999998
15424,-4.7122999999999999,3.2421000000000002
15425,-1.333,3.2513999999999998
15426,0.71919999999999995,3.2570000000000001
15427,2.6785000000000001,3.2606999999999999
15428,1.3577999999999999,3.2606999999999999
15429,2.6475,3.2625999999999999
15430,8.0046999999999997,3.2774999999999999
15431,9.5982000000000003,3.2831000000000001
15432,8.7673000000000005,3.2831000000000001
15433,6.5972,3.2793000000000001
15434,5.2393000000000001,3.2774999999999999
15435,-2.4119000000000002,3.2606999999999999
15436,-11.458299999999999,3.2383999999999999
15437,-10.894,3.2366000000000001
15438,-7.9302999999999999,3.2403
15439,-8.9718999999999998,3.2366000000000001
15440,-10.137600000000001,3.2328000000000001
15441,-10.460000000000001,3.2309999999999999
15442,-12.7356,3.2254
15443,-15.842000000000001,3.2161
15444,-16.567399999999999,3.2124000000000001
15445,-11.613300000000001,3.2216999999999998
15446,-3.9805999999999999,3.2383999999999999
15447,-6.2934000000000001,3.2347000000000001
15448,-6.3243999999999998,3.2347000000000001
15449,-6.4421999999999997,3.2347000000000001
15450,-11.644299999999999,3.2235
15451,-8.1783000000000001,3.2290999999999999
15452,-13.616,3.218
15453,-6.2126999999999999,3.2328000000000001
15454,-6.25,3.2328000000000001
15455,-6.25,3.2328000000000001
15456,-2.9699,3.2403
15457,4.4084000000000003,3.2589000000000001
15458,2.0398999999999998,3.2570000000000001
15459,1.3577999999999999,3.2570000000000001
15460,6.1196999999999999,3.2682000000000002
15461,3.2242000000000002,3.2645
15462,1.2834000000000001,3.2606999999999999
15463,-7.335,3.2403
15464,-7.4589999999999996,3.2383999999999999
15465,-8.9780999999999995,3.2347000000000001
15466,-6.2934000000000001,3.2383999999999999
15467,-10.652200000000001,3.2290999999999999
15468,-12.5372,3.2235
15469,-11.5327,3.2235
15470,-8.0108999999999995,3.2309999999999999
15471,-11.966699999999999,3.2216999999999998
15472,-12.3325,3.2198000000000002
15473,-7.0994000000000002,3.2309999999999999
15474,-2.9761000000000002,3.2403
15475,-2.9699,3.2403
15476,-2.8893,3.2421000000000002
15477,0.75639999999999996,3.2532999999999999
15478,0.76259999999999994,3.2551999999999999
15479,-2.7652999999999999,3.2458999999999998
15480,-4.3277999999999999,3.2421000000000002
15481,0.76259999999999994,3.2551999999999999
15482,0.76259999999999994,3.2570000000000001
15483,2.0089000000000001,3.2606999999999999
15484,-9.1021000000000001,3.2347000000000001
15485,-10.689399999999999,3.2290999999999999
15486,-8.0233000000000008,3.2328000000000001
15487,-6.7026000000000003,3.2366000000000001
15488,-1.1346000000000001,3.2496
15489,-6.6840000000000002,3.2366000000000001
15490,-4.3339999999999996,3.2421000000000002
15491,-4.3339999999999996,3.2421000000000002
15492,0,3.2532999999999999
15493,0.16739999999999999,3.2551999999999999
15494,1.3640000000000001,3.2589000000000001
15495,0.16120000000000001,3.2570000000000001
15496,-2.6103000000000001,3.2513999999999998
15497,-4.1604000000000001,3.2458999999999998
15498,-4.1727999999999996,3.2458999999999998
15499,-0.97960000000000003,3.2532999999999999
15500,-2.4863,3.2513999999999998
15501,-4.1294000000000004,3.2458999999999998
15502,0,3.2570000000000001
15503,0.16739999999999999,3.2570000000000001
15504,-3.9247999999999998,3.2496
15505,-7.7628000000000004,3.2383999999999999
15506,-2.4428999999999998,3.2496
15507,0.16120000000000001,3.2570000000000001
15508,3.8008000000000002,3.2663000000000002
15509,4.7680999999999996,3.27
15510,5.9275000000000002,3.2738
15511,1.7237,3.2663000000000002
15512,-2.8458999999999999,3.2570000000000001
15513,-3.9247999999999998,3.2532999999999999
15514,-13.039400000000001,3.2309999999999999
15515,-12.3573,3.2290999999999999
15516,-10.881600000000001,3.2309999999999999
15517,-5.8097000000000003,3.2403
15518,-5.8468999999999998,3.2403
15519,-10.044600000000001,3.2309999999999999
15520,-6.0949,3.2383999999999999
15521,-5.3323,3.2403
15522,-5.3632999999999997,3.2403
15523,-6.25,3.2383999999999999
15524,0.049599999999999998,3.2532999999999999
15525,-0.77500000000000002,3.2532999999999999
15526,-3.8193999999999999,3.2458999999999998
15527,-3.8193999999999999,3.2458999999999998
15528,0.1178,3.2551999999999999
15529,-0.72540000000000004,3.2551999999999999
15530,-0.72540000000000004,3.2551999999999999
15531,-3.6147999999999998,3.2496
15532,-5.8964999999999996,3.2421000000000002
15533,-10.094200000000001,3.2328000000000001
15534,-3.8008000000000002,3.2440000000000002
15535,0.71919999999999995,3.2570000000000001
15536,-3.7263999999999999,3.2496
15537,1.2834000000000001,3.2589000000000001
15538,-8.5317000000000007,3.2383999999999999
15539,-11.4521,3.2290999999999999
15540,-10.317399999999999,3.2309999999999999
15541,1.2834000000000001,3.2551999999999999
15542,4.8859000000000004,3.2663000000000002
15543,10.602600000000001,3.2812000000000001
15544,8.9037000000000006,3.2812000000000001
15545,13.1572,3.2924000000000002
15546,10.4786,3.2886000000000002
15547,7.3411999999999997,3.2848999999999999
15548,0,3.2682000000000002
15549,0,3.2682000000000002
15550,0,3.2663000000000002
15551,0,3.2663000000000002
15552,0,3.2663000000000002
15553,0,3.2663000000000002
15554,-6.4546000000000001,3.2532999999999999
15555,-9.6912000000000003,3.2421000000000002
15556,-20.523299999999999,3.2161
15557,-22.085799999999999,3.2086999999999999
15558,-26.277200000000001,3.1938
15559,-20.839500000000001,3.2031000000000001
15560,-12.4131,3.218
15561,-15.6374,3.2124000000000001
15562,-13.529199999999999,3.2161
15563,-12.202299999999999,3.218
15564,-14.453099999999999,3.2124000000000001
15565,-21.099900000000002,3.1956000000000002
15566,-26.674099999999999,3.1825999999999999
15567,-19.165400000000002,3.1938
15568,-11.8117,3.2105000000000001
15569,-8.2836999999999996,3.2198000000000002
15570,-6.0453000000000001,3.2254
15571,-4.4828000000000001,3.2309999999999999
15572,-4.4889999999999999,3.2328000000000001
15573,3.6334,3.2532999999999999
15574,-1.0911999999999999,3.2440000000000002
15575,0,3.2496
15576,0.76259999999999994,3.2513999999999998
15577,0.16739999999999999,3.2513999999999998
15578,1.2834000000000001,3.2551999999999999
15579,0.16739999999999999,3.2532999999999999
15580,1.2834000000000001,3.2570000000000001
15581,5.8034999999999997,3.2682000000000002
15582,10.6088,3.2812000000000001
15583,1.2709999999999999,3.2625999999999999
15584,-2.8149000000000002,3.2532999999999999
15585,-6.2872000000000003,3.2421000000000002
15586,-10.689399999999999,3.2328000000000001
15587,-9.1268999999999991,3.2328000000000001
15588,-0.53320000000000001,3.2532999999999999
15589,-3.2490000000000001,3.2458999999999998
15590,-5.4562999999999997,3.2421000000000002
15591,0.27900000000000003,3.2551999999999999
15592,-3.2490000000000001,3.2496
15593,-3.2490000000000001,3.2496
15594,-12.4069,3.2273000000000001
15595,-9.6167999999999996,3.2309999999999999
15596,-11.2165,3.2254
15597,-6.0143000000000004,3.2366000000000001
15598,-7.4527999999999999,3.2328000000000001
15599,-8.9657,3.2290999999999999
15600,-5.4935,3.2366000000000001
15601,-2.4119000000000002,3.2440000000000002
15602,1.2834000000000001,3.2551999999999999
15603,3.7202000000000002,3.2625999999999999
15604,0.71919999999999995,3.2570000000000001
15605,1.24,3.2589000000000001
15606,0.27900000000000003,3.2589000000000001
15607,0.71919999999999995,3.2589000000000001
15608,1.3206,3.2606999999999999
15609,0.76259999999999994,3.2606999999999999
15610,4.5324,3.27
15611,13.163399999999999,3.2905000000000002
15612,11.4459,3.2905000000000002
15613,8.2774999999999999,3.2848999999999999
15614,0,3.2682000000000002
15615,0,3.2663000000000002
15616,0,3.2663000000000002
15617,0,3.2663000000000002
15618,0,3.2663000000000002
15619,0,3.2645
15620,0,3.2663000000000002
15621,0,3.2645
15622,0,3.2645
15623,0,3.2645
15624,0,3.2645
15625,0,3.2663000000000002
15626,0,3.2663000000000002
15627,0,3.2663000000000002
15628,0,3.2663000000000002
15629,0,3.2663000000000002
15630,0,3.2663000000000002
15631,0,3.2663000000000002
15632,0,3.2663000000000002
15633,0,3.2663000000000002
15634,0,3.2663000000000002
15635,0,3.2663000000000002
15636,0,3.2663000000000002
15637,0,3.2663000000000002
15638,0,3.2663000000000002
15639,0,3.2663000000000002
15640,0,3.2663000000000002
15641,0,3.2663000000000002
15642,0,3.2663000000000002
15643,0,3.2663000000000002
15644,0,3.2663000000000002
15645,0,3.2663000000000002
15646,0,3.2682000000000002
15647,-3.9681999999999999,3.2589000000000001
15648,-9.0525000000000002,3.2440000000000002
15649,-16.009399999999999,3.2273000000000001
15650,-19.636600000000001,3.2161
15651,-24.014099999999999,3.2031000000000001
15652,-27.715699999999998,3.1882000000000001
15653,-15.327299999999999,3.2141999999999999
15654,-16.617000000000001,3.2105000000000001
15655,-20.721699999999998,3.2012
15656,-16.3628,3.2086999999999999
15657,-15.1723,3.2105000000000001
15658,-13.169600000000001,3.2141999999999999
15659,-13.684200000000001,3.2124000000000001
15660,-15.612500000000001,3.2086999999999999
15661,-7.6387999999999998,3.2254
15662,-11.458299999999999,3.218
15663,-10.894,3.218
15664,-9.6478000000000002,3.2216999999999998
15665,0,3.2421000000000002
15666,1.3640000000000001,3.2496
15667,1.3577999999999999,3.2513999999999998
15668,-4.0983999999999998,3.2403
15669,2.7652999999999999,3.2570000000000001
15670,9.8461999999999996,3.2738
15671,10.323600000000001,3.2793000000000001
15672,4.1604000000000001,3.2682000000000002
15673,3.4350000000000001,3.2663000000000002
15674,11.5947,3.2848999999999999
15675,10.968500000000001,3.2867999999999999
15676,7.4404000000000003,3.2812000000000001
15677,2.4367000000000001,3.2719
15678,0.60140000000000005,3.2682000000000002
15679,0,3.2645
15680,0,3.2645
15681,0,3.2645
15682,0,3.2645
15683,-0.57040000000000002,3.2645
15684,-2.2134999999999998,3.2589000000000001
15685,-2.2568999999999999,3.2589000000000001
15686,0,3.2645
15687,-0.57040000000000002,3.2625999999999999
15688,0,3.2645
15689,0,3.2645
15690,0,3.2645
15691,0,3.2645
15692,0,3.2645
15693,0,3.2645
15694,0,3.2645
15695,-0.099199999999999997,3.2645
15696,-1.8043,3.2606999999999999
15697,-3.4102000000000001,3.2570000000000001
15698,-6.6096000000000004,3.2496
15699,-15.091699999999999,3.2290999999999999
15700,-17.2867,3.2198000000000002
15701,-20.207000000000001,3.2105000000000001
15702,-9.8895999999999997,3.2290999999999999
15703,-5.4562999999999997,3.2383999999999999
15704,-13.8454,3.2216999999999998
15705,-19.8536,3.2067999999999999
15706,-20.120200000000001,3.2031000000000001
15707,-13.1014,3.2161
15708,-5.1772999999999998,3.2328000000000001
15709,-3.9744000000000002,3.2383999999999999
15710,-4.0115999999999996,3.2383999999999999
15711,-6.25,3.2347000000000001
15712,-11.8179,3.2235
15713,-9.1331000000000007,3.2273000000000001
15714,-12.568199999999999,3.2198000000000002
15715,-11.7683,3.2198000000000002
15716,-10.094200000000001,3.2235
15717,-2.2940999999999998,3.2403
15718,-2.2507000000000001,3.2421000000000002
15719,-6.0514999999999999,3.2347000000000001
15720,-8.9408999999999992,3.2290999999999999
15721,-9.0959000000000003,3.2273000000000001
15722,-6.4112,3.2328000000000001
15723,-9.3315000000000001,3.2273000000000001
15724,-6.25,3.2328000000000001
15725,-7.7194000000000003,3.2290999999999999
15726,-5.6113,3.2347000000000001
15727,-4.0797999999999996,3.2383999999999999
15728,-4.0860000000000003,3.2383999999999999
15729,-2.4863,3.2421000000000002
15730,-2.4863,3.2440000000000002
15731,-4.0115999999999996,3.2403
15732,0,3.2513999999999998
15733,-2.5669,3.2458999999999998
15734,0.71919999999999995,3.2532999999999999
15735,1.2709999999999999,3.2570000000000001
15736,3.7946,3.2645
15737,4.7618999999999998,3.2682000000000002
15738,10.087999999999999,3.2812000000000001
15739,6.4421999999999997,3.2755999999999998
15740,10.832000000000001,3.2867999999999999
15741,4.9230999999999998,3.2755999999999998
15742,6.4050000000000002,3.2793000000000001
15743,7.5953999999999997,3.2831000000000001
15744,0,3.2682000000000002
15745,0,3.2663000000000002
15746,0,3.2663000000000002
15747,0,3.2663000000000002
15748,0,3.2663000000000002
15749,0,3.2663000000000002
15750,0,3.2645
15751,0,3.2663000000000002
15752,0,3.2663000000000002
15753,0,3.2645
15754,0,3.2645
15755,0,3.2663000000000002
15756,0,3.2663000000000002
15757,0,3.2663000000000002
15758,0,3.2663000000000002
15759,0,3.2663000000000002
15760,0,3.2663000000000002
15761,0,3.2663000000000002
15762,0,3.2663000000000002
15763,-6.7645999999999997,3.2513999999999998
15764,-10.639799999999999,3.2403
15765,-16.120999999999999,3.2254
15766,-22.277999999999999,3.2086999999999999
15767,-26.494199999999999,3.1919
15768,-31.355399999999999,3.1789000000000001
15769,-27.368500000000001,3.1825999999999999
15770,-24.206299999999999,3.1863000000000001
15771,-9.3191000000000006,3.218
15772,1.24,3.2421000000000002
15773,1.2338,3.2458999999999998
15774,12.3201,3.2755999999999998
15775,13.436199999999999,3.2831000000000001
15776,10.838200000000001,3.2812000000000001
15777,7.1614000000000004,3.2774999999999999
15778,0,3.2625999999999999
15779,0,3.2625999999999999
15780,0,3.2625999999999999
15781,0,3.2606999999999999
15782,0,3.2606999999999999
15783,0,3.2625999999999999
15784,0,3.2625999999999999
15785,0,3.2625999999999999
15786,0,3.2625999999999999
15787,0,3.2625999999999999
15788,0,3.2625999999999999
15789,0,3.2625999999999999
15790,0,3.2625999999999999
15791,-0.76880000000000004,3.2625999999999999
15792,-4.3339999999999996,3.2532999999999999
15793,-6.6033999999999997,3.2458999999999998
15794,-9.7284000000000006,3.2383999999999999
15795,-18.129899999999999,3.218
15796,-15.1723,3.2198000000000002
15797,-8.1783000000000001,3.2347000000000001
15798,-2.5669,3.2458999999999998
15799,0.47120000000000001,3.2551999999999999
15800,-3.3357999999999999,3.2496
15801,-3.9247999999999998,3.2458999999999998
15802,-1.5314000000000001,3.2532999999999999
15803,-8.2093000000000007,3.2383999999999999
15804,-13.368,3.2254
15805,-14.694900000000001,3.2198000000000002
15806,-16.331800000000001,3.2141999999999999
15807,-13.169600000000001,3.2198000000000002
15808,-15.5319,3.2124000000000001
15809,-7.9737,3.2273000000000001
15810,-6.2809999999999997,3.2328000000000001
15811,-2.7652999999999999,3.2403
15812,0.27900000000000003,3.2496
15813,0.27279999999999999,3.2513999999999998
15814,-6.4546000000000001,3.2366000000000001
15815,-6.2934000000000001,3.2366000000000001
15816,-5.1338999999999997,3.2383999999999999
15817,-1.6183000000000001,3.2458999999999998
15818,-0.36580000000000001,3.2532999999999999
15819,-0.36580000000000001,3.2532999999999999
15820,-2.8149000000000002,3.2496
15821,-1.6183000000000001,3.2513999999999998
15822,5.4439000000000002,3.2682000000000002
15823,1.6369,3.2625999999999999
15824,0.32240000000000002,3.2589000000000001
15825,-6.8948,3.2421000000000002
15826,-4.7184999999999997,3.2458999999999998
15827,-4.7743000000000002,3.2440000000000002
15828,1.1656,3.2589000000000001
15829,8.3209,3.2755999999999998
15830,7.0373999999999999,3.2755999999999998
15831,7.2358000000000002,3.2793000000000001
15832,0,3.2645
15833,0,3.2645
15834,0,3.2645
15835,0,3.2645
15836,0,3.2645
15837,0,3.2645
15838,0,3.2645
15839,0,3.2645
15840,0,3.2645
15841,0,3.2645
15842,0,3.2645
15843,0,3.2645
15844,0,3.2645
15845,0,3.2645
15846,-3.3296000000000001,3.2589000000000001
15847,-0.48359999999999997,3.2625999999999999
15848,-0.48980000000000001,3.2625999999999999
15849,-0.48359999999999997,3.2645
15850,-0.48359999999999997,3.2625999999999999
15851,-2.2507000000000001,3.2606999999999999
15852,-4.7247000000000003,3.2551999999999999
15853,-3.5651999999999999,3.2551999999999999
15854,-3.5714000000000001,3.2551999999999999
15855,-4.5385999999999997,3.2532999999999999
15856,-9.4928000000000008,3.2403
15857,-11.520300000000001,3.2328000000000001
15858,-4.1542000000000003,3.2496
15859,0,3.2589000000000001
15860,0,3.2606999999999999
15861,0,3.2606999999999999
15862,-6.6096000000000004,3.2440000000000002
15863,-13.8454,3.2290999999999999
15864,-22.061,3.2067999999999999
15865,-26.8477,3.1901000000000002
15866,-25.248000000000001,3.1901000000000002
15867,-17.540900000000001,3.2048999999999999
15868,-11.061500000000001,3.218
15869,-7.5705999999999998,3.2273000000000001
15870,-12.1279,3.218
15871,-10.652200000000001,3.2198000000000002
15872,-9.6478000000000002,3.2235
15873,-8.5441000000000003,3.2254
15874,-3.6457999999999999,3.2366000000000001
15875,1.2834000000000001,3.2496
15876,1.24,3.2532999999999999
15877,-3.4598,3.2421000000000002
15878,-3.4474,3.2421000000000002
15879,-3.4598,3.2421000000000002
15880,-3.4598,3.2421000000000002
15881,-3.4474,3.2421000000000002
15882,-9.6105999999999998,3.2290999999999999
15883,-5.0594999999999999,3.2383999999999999
15884,-8.5379000000000005,3.2309999999999999
15885,-5.9212999999999996,3.2347000000000001
15886,-7.4093999999999998,3.2328000000000001
15887,-8.9346999999999994,3.2290999999999999
15888,-6.25,3.2328000000000001
15889,-5.4935,3.2347000000000001
15890,-7.7565999999999997,3.2309999999999999
15891,-6.4546000000000001,3.2328000000000001
15892,-13.895,3.2161
15893,-28.478400000000001,3.1825999999999999
15894,8.9222999999999999,3.2606999999999999
15895,-27.325099999999999,3.1844999999999999
15896,-6.25,3.2273000000000001
15897,-2.9699,3.2347000000000001
15898,5.1276999999999999,3.2570000000000001
15899,19.091000000000001,3.2905000000000002
15900,17.726900000000001,3.2961
15901,15.0855,3.2961
15902,11.9605,3.2905000000000002
15903,8.6867000000000001,3.2848999999999999
15904,0,3.2663000000000002
15905,0,3.2645
15906,0,3.2645
15907,0,3.2645
15908,0,3.2645
15909,0,3.2625999999999999
15910,0,3.2625999999999999
15911,0,3.2645
15912,0,3.2625999999999999
15913,0,3.2625999999999999
15914,0,3.2625999999999999
15915,0,3.2625999999999999
15916,0,3.2645
15917,0,3.2645
15918,0,3.2645
15919,0,3.2645
15920,0,3.2645
15921,0,3.2645
15922,0,3.2645
15923,0,3.2645
15924,0,3.2645
15925,0,3.2645
15926,0,3.2645
15927,0,3.2645
15928,0,3.2645
15929,0,3.2663000000000002
15930,0,3.2663000000000002
15931,0,3.2663000000000002
15932,-4.8921000000000001,3.2551999999999999
15933,-10.615,3.2383999999999999
15934,-17.807500000000001,3.2216999999999998
15935,-18.638300000000001,3.2141999999999999
15936,-16.5364,3.2161
15937,-14.998699999999999,3.218
15938,-9.5237999999999996,3.2273000000000001
15939,-26.0974,3.1901000000000002
15940,-7.0435999999999996,3.2290999999999999
15941,-14.081099999999999,3.2161
15942,-11.098699999999999,3.2198000000000002
15943,-2.8210999999999999,3.2383999999999999
15944,-20.721699999999998,3.2012
15945,1.24,3.2458999999999998
15946,0.83079999999999998,3.2513999999999998
15947,0.76259999999999994,3.2532999999999999
15948,1.24,3.2551999999999999
15949,1.6802999999999999,3.2570000000000001
15950,1.24,3.2570000000000001
15951,0.71919999999999995,3.2570000000000001
15952,4.117,3.2663000000000002
15953,3.4411999999999998,3.2663000000000002
15954,3.0815000000000001,3.2663000000000002
15955,2.8706999999999998,3.2663000000000002
15956,4.3216000000000001,3.2719
15957,7.5271999999999997,3.2793000000000001
15958,0,3.2645
15959,0,3.2645
15960,0,3.2625999999999999
15961,0,3.2645
15962,0,3.2645
15963,0,3.2645
15964,0,3.2645
15965,0,3.2645
15966,0,3.2645
15967,0,3.2645
15968,0,3.2645
15969,0,3.2645
15970,0,3.2645
15971,0,3.2645
15972,0,3.2645
15973,0,3.2645
15974,0,3.2645
15975,0,3.2645
15976,0,3.2645
15977,0,3.2663000000000002
15978,0,3.2645
15979,0,3.2663000000000002
15980,0,3.2645
15981,0,3.2663000000000002
15982,0,3.2663000000000002
15983,0,3.2663000000000002
15984,0,3.2663000000000002
15985,0,3.2663000000000002
15986,0,3.2663000000000002
15987,0,3.2663000000000002
15988,0,3.2663000000000002
15989,-9.6167999999999996,3.2440000000000002
15990,-9.4556000000000004,3.2403
15991,-15.339700000000001,3.2273000000000001
15992,-18.694099999999999,3.2161
15993,-21.124700000000001,3.2067999999999999
15994,-23.3506,3.1974999999999998
15995,-6.3305999999999996,3.2328000000000001
15996,-9.2881,3.2273000000000001
15997,-27.790099999999999,3.1863000000000001
15998,-13.126200000000001,3.2141999999999999
15999,-10.6088,3.2198000000000002
16000,-4.5696000000000003,3.2328000000000001
16001,0.83079999999999998,3.2496
16002,1.7237,3.2532999999999999
16003,1.7175,3.2551999999999999
16004,1.2462,3.2570000000000001
16005,1.6431,3.2589000000000001
16006,11.4397,3.2812000000000001
16007,7.1676000000000002,3.2755999999999998
16008,-1.8043,3.2570000000000001
16009,-4.5696000000000003,3.2513999999999998
16010,-4.6936999999999998,3.2496
16011,-6.0453000000000001,3.2440000000000002
16012,-12.0039,3.2290999999999999
16013,-20.1264,3.2086999999999999
16014,-22.284199999999998,3.2012
16015,-20.529499999999999,3.2012
16016,-5.3695000000000004,3.2309999999999999
16017,-0.53320000000000001,3.2440000000000002
16018,-1.8911,3.2440000000000002
16019,5.7229000000000001,3.2625999999999999
16020,10.677,3.2774999999999999
16021,7.3226000000000004,3.2738
16022,4.1294000000000004,3.27
16023,-1.9282999999999999,3.2570000000000001
16024,-17.7393,3.2198000000000002
16025,-21.812899999999999,3.2048999999999999
16026,-20.845700000000001,3.2031000000000001
16027,-21.0441,3.1974999999999998
16028,-15.240500000000001,3.2086999999999999
16029,-8.5688999999999993,3.2235
16030,-7.3597999999999999,3.2273000000000001
16031,-5.2888999999999999,3.2328000000000001
16032,0.71919999999999995,3.2458999999999998
16033,-2.2134999999999998,3.2421000000000002
16034,-5.9212999999999996,3.2347000000000001
16035,-5.2516999999999996,3.2366000000000001
16036,-2.2507000000000001,3.2421000000000002
16037,-2.2134999999999998,3.2440000000000002
16038,-3.7263999999999999,3.2403
16039,-10.1252,3.2273000000000001
16040,-10.317399999999999,3.2254
16041,-5.4935,3.2347000000000001
16042,0.055800000000000002,3.2496
16043,1.2709999999999999,3.2532999999999999
16044,-5.2888999999999999,3.2383999999999999
16045,-8.9284999999999997,3.2309999999999999
16046,-11.966699999999999,3.2216999999999998
16047,-4.0860000000000003,3.2383999999999999
16048,0,3.2496
16049,-9.2570999999999994,3.2290999999999999
16050,-11.644299999999999,3.2235
16051,-14.2051,3.2161
16052,-18.644500000000001,3.2031000000000001
16053,-13.8888,3.2124000000000001
16054,-11.8551,3.2141999999999999
16055,-8.9718999999999998,3.2216999999999998
16056,-9.0835000000000008,3.2216999999999998
16057,-9.2570999999999994,3.2216999999999998
16058,-5.0967000000000002,3.2309999999999999
16059,-1.6245000000000001,3.2383999999999999
16060,-3.2490000000000001,3.2366000000000001
16061,-3.2490000000000001,3.2366000000000001
16062,-6.6963999999999997,3.2309999999999999
16063,-10.819599999999999,3.2216999999999998
16064,0.71919999999999995,3.2458999999999998
16065,1.3577999999999999,3.2513999999999998
16066,0.71919999999999995,3.2513999999999998
16067,-8.8541000000000007,3.2290999999999999
16068,-12.0969,3.2216999999999998
16069,-10.7204,3.2216999999999998
16070,-7.6946000000000003,3.2273000000000001
16071,-6.8948,3.2290999999999999
16072,-3.4102000000000001,3.2366000000000001
16073,1.3640000000000001,3.2496
16074,2.0771000000000002,3.2532999999999999
16075,-6.5289999999999999,3.2347000000000001
16076,-8.9657,3.2290999999999999
16077,-12.289099999999999,3.2198000000000002
16078,-12.568199999999999,3.218
16079,-13.808199999999999,3.2141999999999999
16080,-11.4893,3.2161
16081,-8.2960999999999991,3.2235
16082,-1.8973,3.2366000000000001
16083,1.3577999999999999,3.2458999999999998
16084,21.366499999999998,3.2961
16085,19.562200000000001,3.2997999999999998
16086,18.334499999999998,3.3016999999999999
16087,15.562900000000001,3.2997999999999998
16088,12.4069,3.2961
16089,9.1206999999999994,3.2886000000000002
16090,0,3.2682000000000002
16091,0,3.2663000000000002
16092,0,3.2663000000000002
16093,0,3.2645
16094,0,3.2645
16095,0,3.2645
16096,0,3.2645
16097,0,3.2645
16098,0,3.2645
16099,0,3.2645
16100,0,3.2645
16101,0,3.2645
16102,0,3.2645
16103,0,3.2645
16104,0,3.2645
16105,0,3.2645
16106,0,3.2645
16107,0,3.2645
16108,0,3.2645
16109,0,3.2645
16110,0,3.2645
16111,0,3.2645
16112,0,3.2645
16113,0,3.2645
16114,0,3.2645
16115,0,3.2645
16116,0,3.2645
16117,0,3.2645
16118,0,3.2663000000000002
16119,0,3.2645
16120,0,3.2663000000000002
16121,0,3.2663000000000002
16122,0,3.2645
16123,0,3.2663000000000002
16124,0,3.2663000000000002
16125,0,3.2663000000000002
16126,0,3.2663000000000002
16127,0,3.2663000000000002
16128,0,3.2663000000000002
16129,0,3.2663000000000002
16130,0,3.2663000000000002
16131,0,3.2663000000000002
16132,-10.4786,3.2421000000000002
16133,-14.459300000000001,3.2290999999999999
16134,-18.340699999999998,3.218
16135,-22.811199999999999,3.2048999999999999
16136,-28.614799999999999,3.1863000000000001
16137,-33.444899999999997,3.1715
16138,-29.2286,3.1751999999999998
16139,-28.2056,3.1751999999999998
16140,-22.3276,3.1844999999999999
16141,-12.1713,3.2067999999999999
16142,2.6785000000000001,3.2403
16143,1.8476999999999999,3.2440000000000002
16144,0.71919999999999995,3.2458999999999998
16145,-7.4093999999999998,3.2290999999999999
16146,-6.1258999999999997,3.2309999999999999
16147,-6.2126999999999999,3.2309999999999999
16148,-9.1021000000000001,3.2254
16149,-21.484300000000001,3.1956000000000002
16150,2.7652999999999999,3.2458999999999998
16151,14.037599999999999,3.2774999999999999
16152,6.0762999999999998,3.2645
16153,16.120999999999999,3.2905000000000002
16154,6.9568000000000003,3.2738
16155,1.0416000000000001,3.2625999999999999
16156,-10.2058,3.2347000000000001
16157,-6.7708000000000004,3.2403
16158,-15.643599999999999,3.2198000000000002
16159,-26.773299999999999,3.1882000000000001
16160,-30.834499999999998,3.1751999999999998
16161,-39.949100000000001,3.1490999999999998
16162,-39.955300000000001,3.1436000000000002
16163,-39.955300000000001,3.1398000000000001
16164,-39.949100000000001,3.1379999999999999
16165,-25.2852,3.1659000000000002
16166,-39.955300000000001,3.1343000000000001
16167,-30.121500000000001,3.1547000000000001
16168,-39.949100000000001,3.1324000000000001
16169,-38.268799999999999,3.1324000000000001
16170,-39.955300000000001,3.1286999999999998
16171,-29.166599999999999,3.1473
16172,-27.442900000000002,3.1509999999999998
16173,-25.880400000000002,3.1566000000000001
16174,-10.4848,3.1882000000000001
16175,-6.4112,3.2012
16176,-8.7363,3.1974999999999998
16177,-6.2561999999999998,3.2067999999999999
16178,-10.2554,3.1974999999999998
16179,-10.2492,3.1974999999999998
16180,-10.2492,3.2012
16181,-10.2554,3.2012
16182,-14.818899999999999,3.1901000000000002
16183,-14.8809,3.1901000000000002
16184,-21.812899999999999,3.1751999999999998
16185,-24.472899999999999,3.1677
16186,-24.968900000000001,3.1640000000000001
16187,-20.746500000000001,3.1732999999999998
16188,-23.4437,3.1659000000000002
16189,-26.277200000000001,3.1602999999999999
16190,-21.8812,3.1677
16191,-24.683700000000002,3.1621999999999999
16192,-30.121500000000001,3.1473
16193,-39.961500000000001,3.1267999999999998
16194,-39.564700000000002,3.125
16195,-27.728100000000001,3.1454
16196,-22.7926,3.1583999999999999
16197,-17.528500000000001,3.1715
16198,-12.3573,3.1825999999999999
16199,-7.4404000000000003,3.1938
16200,-14.7011,3.1825999999999999
16201,-19.921800000000001,3.1715
16202,-23.003399999999999,3.1640000000000001
16203,-25.9114,3.1566000000000001
16204,-20.6845,3.1659000000000002
16205,-26.488,3.1547000000000001
16206,-21.124700000000001,3.1640000000000001
16207,-24.324100000000001,3.1583999999999999
16208,-18.8368,3.1696
16209,-16.213999999999999,3.1751999999999998
16210,-11.414899999999999,3.1863000000000001
16211,-16.0776,3.177
16212,-16.09,3.1789000000000001
16213,-16.0962,3.177
16214,-16.0776,3.1789000000000001
16215,-16.09,3.1789000000000001
16216,-13.361800000000001,3.1844999999999999
16217,-8.3890999999999991,3.1956000000000002
16218,-8.1968999999999994,3.1974999999999998
16219,1.5189999999999999,3.2216999999999998
16220,-2.1328999999999998,3.2161
16221,-4.6130000000000004,3.2124000000000001
16222,-9.7284000000000006,3.2031000000000001
16223,-6.9753999999999996,3.2086999999999999
16224,-11.5761,3.1974999999999998
16225,-22.005199999999999,3.1732999999999998
16226,-16.840199999999999,3.1825999999999999
16227,-16.896000000000001,3.1825999999999999
16228,-14.322900000000001,3.1882000000000001
16229,-7.0064000000000002,3.2048999999999999
16230,-4.1727999999999996,3.2124000000000001
16231,-4.1294000000000004,3.2141999999999999
16232,-3.9247999999999998,3.2161
16233,-1.0602,3.2235
16234,-20.721699999999998,3.1808000000000001
16235,-3.6272000000000002,3.2161
16236,-10.646000000000001,3.2031000000000001
16237,-8.6928999999999998,3.2067999999999999
16238,-8.5379000000000005,3.2067999999999999
16239,-15.327299999999999,3.1919
16240,-11.092499999999999,3.2012
16241,-39.961500000000001,3.1360999999999999
16242,2.0771000000000002,3.2235
16243,-39.955300000000001,3.1343000000000001
16244,-13.9322,3.1844999999999999
16245,-27.163900000000002,3.1583999999999999
16246,-39.961500000000001,3.1286999999999998
16247,-28.478400000000001,3.1490999999999998
16248,-20.548100000000002,3.1659000000000002
16249,-26.3826,3.1547000000000001
16250,-15.7242,3.1751999999999998
16251,-10.8878,3.1882000000000001
16252,0,3.2141999999999999
16253,1.6802999999999999,3.2216999999999998
16254,4.7184999999999997,3.2309999999999999
16255,7.9179000000000004,3.2421000000000002
16256,6.5972,3.2421000000000002
16257,-12.853400000000001,3.2031000000000001
16258,-12.840999999999999,3.1974999999999998
16259,-3.2118000000000002,3.218
16260,6.6715999999999998,3.2421000000000002
16261,-10.2554,3.2086999999999999
16262,-14.2857,3.1974999999999998
16263,-10.2492,3.2048999999999999
16264,-2.5731000000000002,3.2216999999999998
16265,-9.9391999999999996,3.2067999999999999
16266,-11.6195,3.2031000000000001
16267,-11.6195,3.2031000000000001
16268,-2.3250999999999999,3.2216999999999998
16269,0,3.2290999999999999
16270,0.16739999999999999,3.2309999999999999
16271,5.1649000000000003,3.2440000000000002
16272,7.9984999999999999,3.2551999999999999
16273,7.9737,3.2570000000000001
16274,9.1144999999999996,3.2606999999999999
16275,9.0401000000000007,3.2645
16276,7.8061999999999996,3.2625999999999999
16277,8.8478999999999992,3.2663000000000002
16278,15.2033,3.2812000000000001
16279,11.644299999999999,3.2755999999999998
16280,14.2113,3.2831000000000001
16281,10.001200000000001,3.2755999999999998
16282,8.5626999999999995,3.2738
16283,5.6051000000000002,3.2682000000000002
16284,4.6811999999999996,3.2663000000000002
16285,-3.3357999999999999,3.2458999999999998
16286,1.3577999999999999,3.2570000000000001
16287,5.2765000000000004,3.2663000000000002
16288,8.9595000000000002,3.2755999999999998
16289,15.7552,3.2905000000000002
16290,17.8447,3.2997999999999998
16291,5.9150999999999998,3.2755999999999998
16292,3.7574000000000001,3.27
16293,1.6059000000000001,3.2645
16294,5.2393000000000001,3.2719
16295,4.7618999999999998,3.2719
16296,8.5192999999999994,3.2793000000000001
16297,3.7946,3.27
16298,0,3.2625999999999999
16299,0,3.2606999999999999
16300,0,3.2606999999999999
16301,0,3.2606999999999999
16302,0,3.2589000000000001
16303,0,3.2589000000000001
16304,0,3.2589000000000001
16305,0,3.2589000000000001
16306,0,3.2589000000000001
16307,0,3.2589000000000001
16308,0,3.2589000000000001
16309,0,3.2589000000000001
16310,0,3.2589000000000001
16311,0,3.2589000000000001
16312,0,3.2589000000000001
16313,0,3.2589000000000001
16314,0,3.2589000000000001
16315,-3.3296000000000001,3.2513999999999998
16316,-10.615,3.2328000000000001
16317,-16.691400000000002,3.218
16318,-20.213200000000001,3.2048999999999999
16319,-24.565899999999999,3.1919
16320,-28.193200000000001,3.1789000000000001
16321,-27.808700000000002,3.177
16322,-30.753900000000002,3.1677
16323,-16.877400000000002,3.1938
16324,-21.732299999999999,3.1844999999999999
16325,-20.9635,3.1844999999999999
16326,-23.648299999999999,3.177
16327,-31.454599999999999,3.1583999999999999
16328,-16.207799999999999,3.1882000000000001
16329,-16.765799999999999,3.1882000000000001
16330,-13.082800000000001,3.1956000000000002
16331,-15.965999999999999,3.1901000000000002
16332,-17.609100000000002,3.1863000000000001
16333,-19.810199999999998,3.1808000000000001
16334,-7.9302999999999999,3.2067999999999999
16335,-10.776199999999999,3.2031000000000001
16336,-4.2843999999999998,3.218
16337,-0.48980000000000001,3.2290999999999999
16338,-8.9718999999999998,3.2124000000000001
16339,-18.886399999999998,3.1882000000000001
16340,-14.8127,3.1956000000000002
16341,-6.5662000000000003,3.2141999999999999
16342,-6.5724,3.2161
16343,-6.5724,3.2161
16344,-6.5785999999999998,3.218
16345,-6.5662000000000003,3.218
16346,-7.7690000000000001,3.2161
16347,-11.4521,3.2067999999999999
16348,-7.9241000000000001,3.2141999999999999
16349,-4.7743000000000002,3.2216999999999998
16350,0.47739999999999999,3.2347000000000001
16351,5.1649000000000003,3.2458999999999998
16352,6.0391000000000004,3.2532999999999999
16353,2.2444999999999999,3.2440000000000002
16354,15.246700000000001,3.2755999999999998
16355,16.592199999999998,3.2831000000000001
16356,20.120200000000001,3.2978999999999998
16357,14.688700000000001,3.2886000000000002
16358,13.6036,3.2867999999999999
16359,12.2767,3.2848999999999999
16360,10.6088,3.2831000000000001
16361,6.2126999999999999,3.2738
16362,0,3.2606999999999999
16363,0,3.2589000000000001
16364,0,3.2589000000000001
16365,0,3.2570000000000001
16366,0,3.2570000000000001
16367,0,3.2570000000000001
16368,0,3.2570000000000001
16369,0,3.2570000000000001
16370,0,3.2570000000000001
16371,-8.3270999999999997,3.2366000000000001
16372,-10.646000000000001,3.2290999999999999
16373,-17.057200000000002,3.2124000000000001
16374,-23.201799999999999,3.1938
16375,-27.368500000000001,3.1825999999999999
16376,-32.192399999999999,3.1677
16377,-39.949100000000001,3.1454
16378,-35.596400000000003,3.1490999999999998
16379,-11.7621,3.1974999999999998
16380,-28.354399999999998,3.1659000000000002
16381,-24.522500000000001,3.1696
16382,-18.644500000000001,3.1825999999999999
16383,-6.6096000000000004,3.2086999999999999
16384,-3.1745999999999999,3.2198000000000002
16385,0,3.2290999999999999
16386,0.71919999999999995,3.2328000000000001
16387,1.3577999999999999,3.2366000000000001
16388,3.714,3.2440000000000002
16389,17.683499999999999,3.2793000000000001
16390,18.080300000000001,3.2848999999999999
16391,15.321099999999999,3.2831000000000001
16392,12.158899999999999,3.2793000000000001
16393,8.9161000000000001,3.2738
16394,0,3.2551999999999999
16395,0,3.2551999999999999
16396,0,3.2532999999999999
16397,0,3.2532999999999999
16398,0,3.2532999999999999
16399,0,3.2532999999999999
16400,0,3.2532999999999999
16401,0,3.2532999999999999
16402,0,3.2532999999999999
16403,0,3.2532999999999999
16404,0,3.2532999999999999
16405,0,3.2532999999999999
16406,0,3.2551999999999999
16407,0,3.2551999999999999
16408,0,3.2551999999999999
16409,0,3.2551999999999999
16410,0,3.2551999999999999
16411,0,3.2551999999999999
16412,0,3.2551999999999999
16413,0,3.2551999999999999
16414,0,3.2570000000000001
16415,0,3.2551999999999999
16416,-10.4848,3.2309999999999999
16417,-14.453099999999999,3.2198000000000002
16418,-18.322099999999999,3.2086999999999999
16419,-22.811199999999999,3.1938
16420,-28.608599999999999,3.177
16421,-33.438699999999997,3.1621999999999999
16422,-39.961500000000001,3.1436000000000002
16423,-39.949100000000001,3.1379999999999999
16424,-22.0548,3.1732999999999998
16425,-21.812899999999999,3.1751999999999998
16426,-39.942900000000002,3.1343000000000001
16427,-28.385400000000001,3.1566000000000001
16428,-14.453099999999999,3.1844999999999999
16429,-24.838699999999999,3.1640000000000001
16430,-10.8444,3.1938
16431,-14.5585,3.1882000000000001
16432,-14.8437,3.1863000000000001
16433,-4.6130000000000004,3.2105000000000001
16434,-7.7628000000000004,3.2067999999999999
16435,-7.8125,3.2086999999999999
16436,-2.6909000000000001,3.2198000000000002
16437,-0.69440000000000002,3.2254
16438,-11.2537,3.2048999999999999
16439,-6.5662000000000003,3.2141999999999999
16440,0.52080000000000004,3.2309999999999999
16441,-4.4889999999999999,3.2216999999999998
16442,-4.4146000000000001,3.2216999999999998
16443,-2.4925000000000002,3.2273000000000001
16444,-6.2872000000000003,3.2198000000000002
16445,-6.2872000000000003,3.2198000000000002
16446,-6.2934000000000001,3.2198000000000002
16447,-6.2934000000000001,3.2198000000000002
16448,-6.2872000000000003,3.2198000000000002
16449,-2.4428999999999998,3.2290999999999999
16450,-8.1472999999999995,3.218
16451,-8.1721000000000004,3.2161
16452,-11.049099999999999,3.2105000000000001
16453,-0.57040000000000002,3.2309999999999999
16454,-2.4367000000000001,3.2290999999999999
16455,-6.2065000000000001,3.2216999999999998
16456,-6.2126999999999999,3.2216999999999998
16457,-2.4180999999999999,3.2309999999999999
16458,-2.3313000000000001,3.2309999999999999
16459,-4.1727999999999996,3.2290999999999999
16460,6.0019,3.2532999999999999
16461,10.2058,3.2645
16462,13.126200000000001,3.2755999999999998
16463,13.8392,3.2793000000000001
16464,14.8375,3.2848999999999999
16465,15.9598,3.2905000000000002
16466,13.2874,3.2867999999999999
16467,13.2874,3.2886000000000002
16468,10.677,3.2848999999999999
16469,6.8018000000000001,3.2774999999999999
16470,0,3.2625999999999999
16471,0,3.2606999999999999
16472,0,3.2589000000000001
16473,0,3.2589000000000001
16474,0,3.2589000000000001
16475,0,3.2570000000000001
16476,0,3.2570000000000001
16477,0,3.2570000000000001
16478,0,3.2570000000000001
16479,-3.9744000000000002,3.2496
16480,-7.5334000000000003,3.2383999999999999
16481,-6.6529999999999996,3.2383999999999999
16482,-3.621,3.2440000000000002
16483,-11.414899999999999,3.2254
16484,-7.0994000000000002,3.2328000000000001
16485,-6.6096000000000004,3.2347000000000001
16486,-10.2926,3.2254
16487,-15.8544,3.2124000000000001
16488,-17.4541,3.2048999999999999
16489,-16.331800000000001,3.2048999999999999
16490,-13.9322,3.2086999999999999
16491,-13.492000000000001,3.2086999999999999
16492,-12.022500000000001,3.2124000000000001
16493,-13.3246,3.2086999999999999
16494,-14.453099999999999,3.2048999999999999
16495,-12.5558,3.2086999999999999
16496,-11.7621,3.2086999999999999
16497,-8.6990999999999996,3.2161
16498,-5.2888999999999999,3.2235
16499,-3.8008000000000002,3.2290999999999999
16500,-3.8132000000000001,3.2290999999999999
16501,-3.8132000000000001,3.2290999999999999
16502,-3.8193999999999999,3.2309999999999999
16503,-3.8132000000000001,3.2309999999999999
16504,-11.7683,3.2141999999999999
16505,-6.3368000000000002,3.2254
16506,-6.4112,3.2254
16507,0.71919999999999995,3.2403
16508,0.71919999999999995,3.2421000000000002
16509,-0.77500000000000002,3.2403
16510,-3.8193999999999999,3.2347000000000001
16511,-3.8132000000000001,3.2347000000000001
16512,1.7981,3.2496
16513,6.2126999999999999,3.2606999999999999
16514,16.486799999999999,3.2848999999999999
16515,13.2874,3.2831000000000001
16516,10.6708,3.2793000000000001
16517,0,3.2570000000000001
16518,0,3.2570000000000001
16519,0,3.2551999999999999
16520,0,3.2551999999999999
16521,0,3.2551999999999999
16522,0,3.2551999999999999
16523,0,3.2551999999999999
16524,0,3.2551999999999999
16525,0,3.2551999999999999
16526,0,3.2551999999999999
16527,0,3.2551999999999999
16528,0,3.2551999999999999
16529,0,3.2551999999999999
16530,0,3.2570000000000001
16531,0,3.2570000000000001
16532,0,3.2551999999999999
16533,0,3.2570000000000001
16534,0,3.2570000000000001
16535,0,3.2570000000000001
16536,0,3.2570000000000001
16537,-10.4786,3.2328000000000001
16538,-14.459300000000001,3.2198000000000002
16539,-18.328299999999999,3.2086999999999999
16540,-22.563199999999998,3.1938
16541,-13.305999999999999,3.2124000000000001
16542,-13.0456,3.2124000000000001
16543,-10.999499999999999,3.2161
16544,-2.1328999999999998,3.2347000000000001
16545,-2.1328999999999998,3.2383999999999999
16546,-6.2934000000000001,3.2290999999999999
16547,-4.1294000000000004,3.2347000000000001
16548,-2.1328999999999998,3.2383999999999999
16549,-0.13020000000000001,3.2440000000000002
16550,1.0416000000000001,3.2496
16551,-1.1346000000000001,3.2440000000000002
16552,0.27900000000000003,3.2496
16553,-6.25,3.2347000000000001
16554,-3.2056,3.2403
16555,-1.1284000000000001,3.2440000000000002
16556,0.60140000000000005,3.2513999999999998
16557,-1.0911999999999999,3.2458999999999998
16558,-2.0522999999999998,3.2458999999999998
16559,-3.0505,3.2421000000000002
16560,-6.25,3.2366000000000001
16561,-7.2606000000000002,3.2309999999999999
16562,-10.453799999999999,3.2235
16563,-8.9284999999999997,3.2254
16564,-12.524800000000001,3.218
16565,-10.9747,3.218
16566,-3.9247999999999998,3.2328000000000001
16567,-3.9805999999999999,3.2347000000000001
16568,-7.7380000000000004,3.2273000000000001
16569,-7.5271999999999997,3.2254
16570,-7.6512000000000002,3.2254
16571,-4.5633999999999997,3.2309999999999999
16572,-3.2056,3.2347000000000001
16573,-3.2118000000000002,3.2366000000000001
16574,-5.3261000000000003,3.2309999999999999
16575,-14.961499999999999,3.2105000000000001
16576,-20.4861,3.1938
16577,-15.234299999999999,3.2031000000000001
16578,-10.8134,3.2124000000000001
16579,-10.453799999999999,3.2124000000000001
16580,3.9681999999999999,3.2440000000000002
16581,17.689699999999998,3.2812000000000001
16582,16.213999999999999,3.2848999999999999
16583,13.076599999999999,3.2812000000000001
16584,9.7284000000000006,3.2774999999999999
16585,0,3.2570000000000001
16586,0,3.2551999999999999
16587,0,3.2551999999999999
16588,0,3.2551999999999999
16589,0,3.2551999999999999
16590,0,3.2551999999999999
16591,0,3.2551999999999999
16592,0,3.2551999999999999
16593,0,3.2551999999999999
16594,0,3.2551999999999999
16595,0,3.2551999999999999
16596,0,3.2551999999999999
16597,0,3.2551999999999999
16598,0,3.2570000000000001
16599,0,3.2570000000000001
16600,0,3.2570000000000001
16601,0,3.2570000000000001
16602,0,3.2570000000000001
16603,0,3.2570000000000001
16604,0,3.2570000000000001
16605,0,3.2570000000000001
16606,0,3.2570000000000001
16607,0,3.2570000000000001
16608,0,3.2570000000000001
16609,0,3.2589000000000001
16610,0,3.2589000000000001
16611,0,3.2589000000000001
16612,0,3.2589000000000001
16613,0,3.2589000000000001
16614,-6.4607999999999999,3.2421000000000002
16615,-8.1721000000000004,3.2366000000000001
16616,-17.119199999999999,3.2141999999999999
16617,-13.8888,3.218
16618,-16.406199999999998,3.2105000000000001
16619,-12.0101,3.218
16620,-11.644299999999999,3.218
16621,-19.996200000000002,3.1974999999999998
16622,-21.6083,3.1901000000000002
16623,-16.524000000000001,3.2012
16624,-15.718,3.2012
16625,-15.432700000000001,3.2012
16626,-17.528500000000001,3.1938
16627,-13.4796,3.2031000000000001
16628,-7.6139999999999999,3.2161
16629,-9.1702999999999992,3.2141999999999999
16630,-5.6547000000000001,3.2216999999999998
16631,-5.6856999999999998,3.2235
16632,-4.1294000000000004,3.2273000000000001
16633,-6.5662000000000003,3.2235
16634,-5.7290999999999999,3.2254
16635,-4.1604000000000001,3.2290999999999999
16636,1.2709999999999999,3.2421000000000002
16637,1.2709999999999999,3.2440000000000002
16638,10.119,3.2663000000000002
16639,11.197900000000001,3.2738
16640,13.361800000000001,3.2812000000000001
16641,7.8372999999999999,3.2719
16642,6.2436999999999996,3.27
16643,7.6387999999999998,3.2738
16644,0,3.2570000000000001
16645,0,3.2570000000000001
16646,0,3.2570000000000001
16647,0,3.2570000000000001
16648,0,3.2551999999999999
16649,0,3.2570000000000001
16650,0,3.2570000000000001
16651,0,3.2570000000000001
16652,0,3.2551999999999999
16653,0,3.2570000000000001
16654,0,3.2570000000000001
16655,0,3.2570000000000001
16656,0,3.2570000000000001
16657,0,3.2570000000000001
16658,0,3.2570000000000001
16659,0,3.2570000000000001
16660,0,3.2570000000000001
16661,0,3.2570000000000001
16662,-4.5696000000000003,3.2458999999999998
16663,-6.25,3.2403
16664,-3.8565999999999998,3.2458999999999998
16665,-6.9691999999999998,3.2366000000000001
16666,-14.019,3.2198000000000002
16667,-13.647,3.218
16668,-15.972200000000001,3.2105000000000001
16669,-10.2058,3.2216999999999998
16670,-16.2822,3.2067999999999999
16671,-5.0967000000000002,3.2290999999999999
16672,-0.086800000000000002,3.2421000000000002
16673,-2.0522999999999998,3.2403
16674,-16.846399999999999,3.2086999999999999
16675,-11.8613,3.2161
16676,-11.4397,3.2161
16677,-16.945599999999999,3.2031000000000001
16678,-14.081099999999999,3.2067999999999999
16679,-3.2056,3.2290999999999999
16680,0.83079999999999998,3.2403
16681,-10.212,3.218
16682,-10.491,3.2161
16683,-5.6113,3.2273000000000001
16684,4.0797999999999996,3.2513999999999998
16685,3.6086,3.2532999999999999
16686,4.5324,3.2570000000000001
16687,11.0863,3.2738
16688,10.968500000000001,3.2774999999999999
16689,8.1597000000000008,3.2738
16690,0,3.2570000000000001
16691,0,3.2551999999999999
16692,0,3.2551999999999999
16693,0,3.2551999999999999
16694,0,3.2551999999999999
16695,0,3.2551999999999999
16696,-0.099199999999999997,3.2551999999999999
16697,-8.6928999999999998,3.2347000000000001
16698,-10.652200000000001,3.2273000000000001
16699,-16.610800000000001,3.2124000000000001
16700,-20.362100000000002,3.2012
16701,-11.9977,3.2161
16702,-17.4541,3.2031000000000001
16703,-18.886399999999998,3.1956000000000002
16704,-17.243300000000001,3.1956000000000002
16705,-21.719899999999999,3.1844999999999999
16706,-20.944900000000001,3.1844999999999999
16707,-19.971399999999999,3.1844999999999999
16708,-16.207799999999999,3.1919
16709,-16.933199999999999,3.1901000000000002
16710,-11.8489,3.2031000000000001
16711,-10.7576,3.2048999999999999
16712,-8.0976999999999997,3.2124000000000001
16713,-9.6663999999999994,3.2086999999999999
16714,-8.3643000000000001,3.2124000000000001
16715,-4.4828000000000001,3.2216999999999998
16716,0,3.2328000000000001
16717,-2.7776999999999998,3.2290999999999999
16718,-1.1284000000000001,3.2347000000000001
16719,1.3577999999999999,3.2403
16720,2.5916999999999999,3.2458999999999998
16721,6.7522000000000002,3.2589000000000001
16722,10.7638,3.27
16723,10.094200000000001,3.2719
16724,11.7249,3.2774999999999999
16725,9.8461999999999996,3.2755999999999998
16726,5.2454999999999998,3.2682000000000002
16727,6.6840000000000002,3.2719
16728,0,3.2570000000000001
16729,0,3.2570000000000001
16730,0,3.2551999999999999
16731,0,3.2551999999999999
16732,-0.47739999999999999,3.2551999999999999
16733,0,3.2551999999999999
16734,0,3.2551999999999999
16735,-9.6105999999999998,3.2328000000000001
16736,-10.646000000000001,3.2273000000000001
16737,-17.807500000000001,3.2086999999999999
16738,-23.952100000000002,3.1901000000000002
16739,-24.156700000000001,3.1844999999999999
16740,-16.139600000000002,3.2012
16741,-10.416600000000001,3.2124000000000001
16742,-13.0456,3.2067999999999999
16743,-14.267099999999999,3.2031000000000001
16744,-15.8048,3.1974999999999998
16745,-16.530200000000001,3.1938
16746,-25.2852,3.1751999999999998
16747,-23.003399999999999,3.1751999999999998
16748,-16.846399999999999,3.1882000000000001
16749,-10.968500000000001,3.2012
16750,-8.2030999999999992,3.2086999999999999
16751,-12.2829,3.2012
16752,-4.5696000000000003,3.218
16753,-4.5696000000000003,3.2198000000000002
16754,-2.8893,3.2254
16755,0,3.2328000000000001
16756,-1.1718,3.2328000000000001
16757,-4.3712,3.2273000000000001
16758,-4.3650000000000002,3.2273000000000001
16759,-2.7652999999999999,3.2309999999999999
16760,2.0337000000000001,3.2421000000000002
16761,-2.6475,3.2328000000000001
16762,-4.1727999999999996,3.2309999999999999
16763,-4.1727999999999996,3.2309999999999999
16764,-4.1727999999999996,3.2309999999999999
16765,-4.1790000000000003,3.2309999999999999
16766,-4.1727999999999996,3.2309999999999999
16767,-5.8097000000000003,3.2273000000000001
16768,-9.5237999999999996,3.218
16769,-11.2103,3.2124000000000001
16770,-25.489799999999999,3.1789000000000001
16771,-19.363800000000001,3.1863000000000001
16772,-19.773,3.1844999999999999
16773,-20.541899999999998,3.1808000000000001
16774,-5.8097000000000003,3.2141999999999999
16775,-14.453099999999999,3.1956000000000002
16776,-12.0039,3.2012
16777,-10.497199999999999,3.2048999999999999
16778,-4.1294000000000004,3.218
16779,-2.2134999999999998,3.2254
16780,-5.8902999999999999,3.218
16781,-4.0178000000000003,3.2235
16782,-0.33479999999999999,3.2309999999999999
16783,1.3577999999999999,3.2366000000000001
16784,-3.9744000000000002,3.2273000000000001
16785,1.3577999999999999,3.2403
16786,1.3577999999999999,3.2421000000000002
16787,-3.6396000000000002,3.2309999999999999
16788,-0.099199999999999997,3.2403
16789,-3.5714000000000001,3.2328000000000001
16790,4.6811999999999996,3.2513999999999998
16791,2.0832999999999999,3.2496
16792,-3.1808000000000001,3.2366000000000001
16793,-4.8487,3.2309999999999999
16794,-4.8548999999999998,3.2309999999999999
16795,-4.8487,3.2309999999999999
16796,0,3.2421000000000002
16797,-3.0505,3.2366000000000001
16798,-4.7247000000000003,3.2328000000000001
16799,-1.333,3.2383999999999999
16800,0.71919999999999995,3.2440000000000002
16801,2.6785000000000001,3.2513999999999998
16802,1.3640000000000001,3.2496
16803,2.6413000000000002,3.2532999999999999
16804,7.9923000000000002,3.2663000000000002
16805,9.6044,3.2738
16806,8.7735000000000003,3.2738
16807,6.5910000000000002,3.27
16808,5.2454999999999998,3.2682000000000002
16809,-2.4119000000000002,3.2513999999999998
16810,-11.4521,3.2290999999999999
16811,-10.894,3.2254
16812,-7.9302999999999999,3.2290999999999999
16813,-8.9718999999999998,3.2273000000000001
16814,-10.1252,3.2216999999999998
16815,-10.453799999999999,3.2198000000000002
16816,-12.7232,3.2141999999999999
16817,-15.842000000000001,3.2067999999999999
16818,-16.567399999999999,3.2012
16819,-11.613300000000001,3.2105000000000001
16820,-3.9744000000000002,3.2273000000000001
16821,-6.2995999999999999,3.2235
16822,-6.3305999999999996,3.2235
16823,-6.4546000000000001,3.2235
16824,-11.6381,3.2124000000000001
16825,-8.1721000000000004,3.218
16826,-13.6098,3.2067999999999999
16827,-6.2065000000000001,3.2216999999999998
16828,-6.2561999999999998,3.2216999999999998
16829,-6.25,3.2216999999999998
16830,-2.9823,3.2290999999999999
16831,4.4084000000000003,3.2496
16832,2.0398999999999998,3.2458999999999998
16833,1.3577999999999999,3.2458999999999998
16834,6.1135000000000002,3.2589000000000001
16835,3.2366000000000001,3.2551999999999999
16836,1.2834000000000001,3.2513999999999998
16837,-7.335,3.2309999999999999
16838,-7.4527999999999999,3.2290999999999999
16839,-8.9657,3.2235
16840,-6.2934000000000001,3.2273000000000001
16841,-10.646000000000001,3.218
16842,-12.5372,3.2124000000000001
16843,-11.5327,3.2124000000000001
16844,-8.0108999999999995,3.2198000000000002
16845,-11.966699999999999,3.2105000000000001
16846,-12.3325,3.2086999999999999
16847,-7.0994000000000002,3.218
16848,-2.9761000000000002,3.2290999999999999
16849,-2.9761000000000002,3.2309999999999999
16850,-2.8955000000000002,3.2328000000000001
16851,0.76259999999999994,3.2403
16852,0.76259999999999994,3.2421000000000002
16853,-2.7715000000000001,3.2366000000000001
16854,-4.3277999999999999,3.2328000000000001
16855,0.75639999999999996,3.2421000000000002
16856,0.76259999999999994,3.2440000000000002
16857,2.0026999999999999,3.2496
16858,-9.1021000000000001,3.2254
16859,-10.689399999999999,3.2198000000000002
16860,-8.0108999999999995,3.2235
16861,-6.6901999999999999,3.2254
16862,-1.1284000000000001,3.2366000000000001
16863,-6.6901999999999999,3.2273000000000001
16864,-4.3277999999999999,3.2309999999999999
16865,-4.3339999999999996,3.2309999999999999
16866,0,3.2403
16867,0.16739999999999999,3.2421000000000002
16868,1.3577999999999999,3.2458999999999998
16869,0.16739999999999999,3.2458999999999998
16870,-2.6103000000000001,3.2403
16871,-4.1727999999999996,3.2366000000000001
16872,-4.1727999999999996,3.2366000000000001
16873,-0.97960000000000003,3.2421000000000002
16874,-2.4925000000000002,3.2403
16875,-4.1231999999999998,3.2347000000000001
16876,0,3.2440000000000002
16877,0.16739999999999999,3.2458999999999998
16878,-3.9247999999999998,3.2366000000000001
16879,-7.7628000000000004,3.2290999999999999
16880,-2.4428999999999998,3.2383999999999999
16881,0.055800000000000002,3.2440000000000002
16882,3.8008000000000002,3.2570000000000001
16883,4.7618999999999998,3.2606999999999999
16884,5.9275000000000002,3.2645
16885,1.7237,3.2570000000000001
16886,-2.8397000000000001,3.2440000000000002
16887,-3.9247999999999998,3.2421000000000002
16888,-13.0456,3.2198000000000002
16889,-12.3635,3.218
16890,-10.8878,3.2198000000000002
16891,-5.8097000000000003,3.2290999999999999
16892,-5.8468999999999998,3.2290999999999999
16893,-10.044600000000001,3.2198000000000002
16894,-6.0949,3.2273000000000001
16895,-5.3323,3.2290999999999999
16896,-5.3632999999999997,3.2290999999999999
16897,-6.25,3.2273000000000001
16898,0.068199999999999997,3.2421000000000002
16899,-0.77500000000000002,3.2421000000000002
16900,-3.8132000000000001,3.2347000000000001
16901,-3.8132000000000001,3.2347000000000001
16902,0.1116,3.2440000000000002
16903,-0.72540000000000004,3.2440000000000002
16904,-0.72540000000000004,3.2440000000000002
16905,-3.621,3.2383999999999999
16906,-5.8902999999999999,3.2328000000000001
16907,-10.094200000000001,3.2216999999999998
16908,-3.8132000000000001,3.2347000000000001
16909,0.71919999999999995,3.2440000000000002
16910,-3.7263999999999999,3.2366000000000001
16911,1.2709999999999999,3.2496
16912,-8.5379000000000005,3.2273000000000001
16913,-11.4521,3.218
16914,-10.336,3.218
16915,1.2834000000000001,3.2440000000000002
16916,4.8796999999999997,3.2551999999999999
16917,10.6088,3.2719
16918,8.9222999999999999,3.2719
16919,13.1572,3.2831000000000001
16920,10.4724,3.2812000000000001
16921,7.3226000000000004,3.2755999999999998
16922,0,3.2589000000000001
16923,0,3.2589000000000001
16924,0,3.2570000000000001
16925,0,3.2570000000000001
16926,0,3.2570000000000001
16927,0,3.2570000000000001
16928,-6.4421999999999997,3.2403
16929,-9.6912000000000003,3.2309999999999999
16930,-20.523299999999999,3.2048999999999999
16931,-22.085799999999999,3.1938
16932,-26.264800000000001,3.1808000000000001
16933,-20.845700000000001,3.1882000000000001
16934,-12.4131,3.2067999999999999
16935,-15.6374,3.1974999999999998
16936,-13.529199999999999,3.2031000000000001
16937,-12.208500000000001,3.2048999999999999
16938,-14.446899999999999,3.2012
16939,-21.093699999999998,3.1825999999999999
16940,-26.6617,3.1677
16941,-19.171600000000002,3.1808000000000001
16942,-11.8117,3.1956000000000002
16943,-8.2898999999999994,3.2067999999999999
16944,-6.0453000000000001,3.2141999999999999
16945,-4.4828000000000001,3.218
16946,-4.4828000000000001,3.2198000000000002
16947,3.6396000000000002,3.2403
16948,-1.085,3.2328000000000001
16949,0,3.2366000000000001
16950,0.76259999999999994,3.2383999999999999
16951,0.16739999999999999,3.2383999999999999
16952,1.2709999999999999,3.2421000000000002
16953,0.16739999999999999,3.2403
16954,1.2709999999999999,3.2440000000000002
16955,5.7972999999999999,3.2570000000000001
16956,10.6088,3.27
16957,1.2709999999999999,3.2532999999999999
16958,-2.8149000000000002,3.2421000000000002
16959,-6.2872000000000003,3.2328000000000001
16960,-10.683199999999999,3.2216999999999998
16961,-9.1268999999999991,3.2216999999999998
16962,-0.53939999999999999,3.2403
16963,-3.2490000000000001,3.2347000000000001
16964,-5.4439000000000002,3.2309999999999999
16965,0.27900000000000003,3.2421000000000002
16966,-3.2490000000000001,3.2366000000000001
16967,-3.2490000000000001,3.2366000000000001
16968,-12.4069,3.2161
16969,-9.6105999999999998,3.2198000000000002
16970,-11.2041,3.2141999999999999
16971,-6.0143000000000004,3.2254
16972,-7.4527999999999999,3.2216999999999998
16973,-8.9595000000000002,3.218
16974,-5.4935,3.2254
16975,-2.4119000000000002,3.2328000000000001
16976,1.2834000000000001,3.2421000000000002
16977,3.7263999999999999,3.2513999999999998
16978,0.71919999999999995,3.2440000000000002
16979,1.24,3.2496
16980,0.27900000000000003,3.2458999999999998
16981,0.71919999999999995,3.2496
16982,1.3268,3.2513999999999998
16983,0.76259999999999994,3.2513999999999998
16984,4.5262000000000002,3.2589000000000001
16985,13.1572,3.2812000000000001
16986,11.4459,3.2812000000000001
16987,8.2774999999999999,3.2755999999999998
16988,0,3.2589000000000001
16989,0,3.2570000000000001
16990,0,3.2551999999999999
16991,0,3.2551999999999999
16992,0,3.2551999999999999
16993,0,3.2551999999999999
16994,0,3.2551999999999999
16995,0,3.2551999999999999
16996,0,3.2551999999999999
16997,0,3.2551999999999999
16998,0,3.2551999999999999
16999,0,3.2551999999999999
17000,0,3.2551999999999999
17001,0,3.2551999999999999
17002,0,3.2551999999999999
17003,0,3.2551999999999999
17004,0,3.2570000000000001
17005,0,3.2551999999999999
17006,0,3.2551999999999999
17007,0,3.2570000000000001
17008,0,3.2570000000000001
17009,0,3.2570000000000001
17010,0,3.2570000000000001
17011,0,3.2570000000000001
17012,0,3.2570000000000001
17013,0,3.2570000000000001
17014,0,3.2570000000000001
17015,0,3.2570000000000001
17016,0,3.2570000000000001
17017,0,3.2570000000000001
17018,0,3.2570000000000001
17019,0,3.2570000000000001
17020,0,3.2570000000000001
17021,-3.9681999999999999,3.2496
17022,-9.0463000000000005,3.2347000000000001
17023,-16.0032,3.2161
17024,-19.636600000000001,3.2048999999999999
17025,-24.014099999999999,3.1882000000000001
17026,-27.728100000000001,3.177
17027,-15.327299999999999,3.2012
17028,-16.610800000000001,3.1956000000000002
17029,-20.740300000000001,3.1863000000000001
17030,-16.3628,3.1938
17031,-15.1661,3.1956000000000002
17032,-13.169600000000001,3.2012
17033,-13.684200000000001,3.1974999999999998
17034,-15.612500000000001,3.1938
17035,-7.6449999999999996,3.2124000000000001
17036,-11.458299999999999,3.2048999999999999
17037,-10.9002,3.2048999999999999
17038,-9.6416000000000004,3.2086999999999999
17039,0,3.2290999999999999
17040,1.3577999999999999,3.2366000000000001
17041,1.3577999999999999,3.2383999999999999
17042,-4.0860000000000003,3.2290999999999999
17043,2.7528999999999999,3.2440000000000002
17044,9.8399999999999999,3.2645
17045,10.323600000000001,3.2682000000000002
17046,4.1542000000000003,3.2570000000000001
17047,3.4411999999999998,3.2570000000000001
17048,11.600899999999999,3.2755999999999998
17049,10.956099999999999,3.2774999999999999
17050,7.4404000000000003,3.2719
17051,2.4367000000000001,3.2625999999999999
17052,0.60140000000000005,3.2570000000000001
17053,0,3.2551999999999999
17054,0,3.2551999999999999
17055,0,3.2551999999999999
17056,0,3.2551999999999999
17057,-0.56420000000000003,3.2532999999999999
17058,-2.2134999999999998,3.2496
17059,-2.2507000000000001,3.2496
17060,0,3.2532999999999999
17061,-0.57040000000000002,3.2532999999999999
17062,0,3.2532999999999999
17063,0,3.2551999999999999
17064,0,3.2551999999999999
17065,0,3.2551999999999999
17066,0,3.2551999999999999
17067,0,3.2551999999999999
17068,0,3.2551999999999999
17069,-0.099199999999999997,3.2551999999999999
17070,-1.8043,3.2513999999999998
17071,-3.4039999999999999,3.2458999999999998
17072,-6.6033999999999997,3.2383999999999999
17073,-15.0793,3.2161
17074,-17.2805,3.2086999999999999
17075,-20.207000000000001,3.1956000000000002
17076,-9.8957999999999995,3.218
17077,-5.4377000000000004,3.2273000000000001
17078,-13.851599999999999,3.2105000000000001
17079,-19.841200000000001,3.1919
17080,-20.1326,3.1882000000000001
17081,-13.0952,3.2031000000000001
17082,-5.1711,3.2216999999999998
17083,-3.9681999999999999,3.2254
17084,-4.0115999999999996,3.2273000000000001
17085,-6.25,3.2235
17086,-11.8117,3.2105000000000001
17087,-9.1268999999999991,3.2161
17088,-12.561999999999999,3.2067999999999999
17089,-11.7683,3.2067999999999999
17090,-10.094200000000001,3.2105000000000001
17091,-2.2940999999999998,3.2273000000000001
17092,-2.2507000000000001,3.2290999999999999
17093,-6.0453000000000001,3.2235
17094,-8.9346999999999994,3.2161
17095,-9.0959000000000003,3.2161
17096,-6.4112,3.2198000000000002
17097,-9.3191000000000006,3.2141999999999999
17098,-6.2436999999999996,3.2198000000000002
17099,-7.7256,3.218
17100,-5.6113,3.2216999999999998
17101,-4.0860000000000003,3.2254
17102,-4.0797999999999996,3.2254
17103,-2.4863,3.2309999999999999
17104,-2.4863,3.2309999999999999
17105,-4.0115999999999996,3.2290999999999999
17106,0,3.2383999999999999
17107,-2.5669,3.2347000000000001
17108,0.70679999999999998,3.2421000000000002
17109,1.2709999999999999,3.2440000000000002
17110,3.8008000000000002,3.2532999999999999
17111,4.7618999999999998,3.2570000000000001
17112,10.081799999999999,3.27
17113,6.4421999999999997,3.2663000000000002
17114,10.838200000000001,3.2774999999999999
17115,4.9292999999999996,3.2663000000000002
17116,6.4112,3.27
17117,7.5953999999999997,3.2738
17118,0,3.2570000000000001
17119,0,3.2570000000000001
17120,0,3.2570000000000001
17121,0,3.2551999999999999
17122,0,3.2551999999999999
17123,0,3.2551999999999999
17124,0,3.2551999999999999
17125,0,3.2551999999999999
17126,0,3.2551999999999999
17127,0,3.2551999999999999
17128,0,3.2551999999999999
17129,0,3.2551999999999999
17130,0,3.2551999999999999
17131,0,3.2551999999999999
17132,0,3.2551999999999999
17133,0,3.2551999999999999
17134,0,3.2551999999999999
17135,0,3.2551999999999999
17136,0,3.2551999999999999
17137,-6.7645999999999997,3.2383999999999999
17138,-10.652200000000001,3.2290999999999999
17139,-16.127199999999998,3.2141999999999999
17140,-22.271799999999999,3.1938
17141,-26.4818,3.1808000000000001
17142,-31.355399999999999,3.1640000000000001
17143,-27.356100000000001,3.1677
17144,-24.200099999999999,3.1732999999999998
17145,-9.3315000000000001,3.2048999999999999
17146,1.24,3.2309999999999999
17147,1.24,3.2347000000000001
17148,12.3139,3.2645
17149,13.436199999999999,3.2719
17150,10.832000000000001,3.2719
17151,7.1551999999999998,3.2663000000000002
17152,0,3.2513999999999998
17153,0,3.2513999999999998
17154,0,3.2513999999999998
17155,0,3.2496
17156,0,3.2513999999999998
17157,0,3.2513999999999998
17158,0,3.2513999999999998
17159,0,3.2513999999999998
17160,0,3.2513999999999998
17161,0,3.2513999999999998
17162,0,3.2513999999999998
17163,0,3.2532999999999999
17164,0,3.2532999999999999
17165,-0.76880000000000004,3.2513999999999998
17166,-4.3277999999999999,3.2421000000000002
17167,-6.6096000000000004,3.2347000000000001
17168,-9.7222000000000008,3.2273000000000001
17169,-18.123699999999999,3.2048999999999999
17170,-15.1661,3.2086999999999999
17171,-8.1721000000000004,3.2216999999999998
17172,-2.5607000000000002,3.2347000000000001
17173,0.47120000000000001,3.2421000000000002
17174,-3.3357999999999999,3.2366000000000001
17175,-3.9247999999999998,3.2347000000000001
17176,-1.5189999999999999,3.2403
17177,-8.2093000000000007,3.2254
17178,-13.368,3.2124000000000001
17179,-14.682499999999999,3.2067999999999999
17180,-16.331800000000001,3.2012
17181,-13.163399999999999,3.2048999999999999
17182,-15.5319,3.1974999999999998
17183,-7.9737,3.2141999999999999
17184,-6.2809999999999997,3.2198000000000002
17185,-2.7652999999999999,3.2290999999999999
17186,0.27900000000000003,3.2366000000000001
17187,0.27900000000000003,3.2383999999999999
17188,-6.4546000000000001,3.2254
17189,-6.2872000000000003,3.2254
17190,-5.1276999999999999,3.2273000000000001
17191,-1.6121000000000001,3.2347000000000001
17192,-0.36580000000000001,3.2383999999999999
17193,-0.36580000000000001,3.2403
17194,-2.8149000000000002,3.2366000000000001
17195,-1.6121000000000001,3.2383999999999999
17196,5.4439000000000002,3.2570000000000001
17197,1.6369,3.2513999999999998
17198,0.31619999999999998,3.2458999999999998
17199,-6.9009999999999998,3.2309999999999999
17200,-4.7309000000000001,3.2328000000000001
17201,-4.7680999999999996,3.2328000000000001
17202,1.1594,3.2458999999999998
17203,8.3270999999999997,3.2663000000000002
17204,7.0435999999999996,3.2663000000000002
17205,7.2358000000000002,3.2682000000000002
17206,0,3.2532999999999999
17207,0,3.2532999999999999
17208,0,3.2532999999999999
17209,0,3.2532999999999999
17210,0,3.2532999999999999
17211,0,3.2532999999999999
17212,0,3.2532999999999999
17213,0,3.2532999999999999
17214,0,3.2532999999999999
17215,0,3.2532999999999999
17216,0,3.2532999999999999
17217,0,3.2532999999999999
17218,0,3.2532999999999999
17219,0,3.2532999999999999
17220,-3.3296000000000001,3.2458999999999998
17221,-0.48359999999999997,3.2532999999999999
17222,-0.48359999999999997,3.2513999999999998
17223,-0.48359999999999997,3.2532999999999999
17224,-0.48359999999999997,3.2532999999999999
17225,-2.2507000000000001,3.2496
17226,-4.7184999999999997,3.2403
17227,-3.5651999999999999,3.2421000000000002
17228,-3.5714000000000001,3.2421000000000002
17229,-4.5324,3.2403
17230,-9.5052000000000003,3.2273000000000001
17231,-11.5265,3.2216999999999998
17232,-4.1727999999999996,3.2366000000000001
17233,0,3.2458999999999998
17234,0,3.2458999999999998
17235,0,3.2496
17236,-6.6033999999999997,3.2347000000000001
17237,-13.851599999999999,3.2161
17238,-22.0486,3.1919
17239,-26.8415,3.177
17240,-25.241800000000001,3.1751999999999998
17241,-17.534700000000001,3.1901000000000002
17242,-11.042899999999999,3.2048999999999999
17243,-7.5644,3.2124000000000001
17244,-12.1279,3.2048999999999999
17245,-10.652200000000001,3.2067999999999999
17246,-9.6478000000000002,3.2086999999999999
17247,-8.5379000000000005,3.2124000000000001
17248,-3.6457999999999999,3.2235
17249,1.2834000000000001,3.2347000000000001
17250,1.24,3.2383999999999999
17251,-3.4474,3.2290999999999999
17252,-3.4598,3.2309999999999999
17253,-3.4474,3.2309999999999999
17254,-3.4474,3.2309999999999999
17255,-3.4598,3.2309999999999999
17256,-9.6167999999999996,3.218
17257,-5.0533000000000001,3.2254
17258,-8.5254999999999992,3.218
17259,-5.9275000000000002,3.2235
17260,-7.4093999999999998,3.2198000000000002
17261,-8.9284999999999997,3.2161
17262,-6.25,3.2216999999999998
17263,-5.4996999999999998,3.2216999999999998
17264,-7.7628000000000004,3.218
17265,-6.4546000000000001,3.2216999999999998
17266,-13.8888,3.2048999999999999
17267,-28.478400000000001,3.1677
17268,8.9161000000000001,3.2496
17269,-27.331299999999999,3.1715
17270,-6.25,3.2124000000000001
17271,-2.9699,3.2216999999999998
17272,5.1215000000000002,3.2421000000000002
17273,19.091000000000001,3.2793000000000001
17274,17.720700000000001,3.2848999999999999
17275,15.0855,3.2831000000000001
17276,11.9605,3.2793000000000001
17277,8.6928999999999998,3.2738
17278,0,3.2551999999999999
17279,0,3.2532999999999999
17280,0,3.2532999999999999
17281,0,3.2532999999999999
17282,0,3.2513999999999998
17283,0,3.2532999999999999
17284,0,3.2532999999999999
17285,0,3.2513999999999998
17286,0,3.2532999999999999
17287,0,3.2532999999999999
17288,0,3.2532999999999999
17289,0,3.2532999999999999
17290,0,3.2532999999999999
17291,0,3.2532999999999999
17292,0,3.2532999999999999
17293,0,3.2532999999999999
17294,0,3.2532999999999999
17295,0,3.2532999999999999
17296,0,3.2532999999999999
17297,0,3.2532999999999999
17298,0,3.2532999999999999
17299,0,3.2532999999999999
17300,0,3.2551999999999999
17301,0,3.2532999999999999
17302,0,3.2551999999999999
17303,0,3.2551999999999999
17304,0,3.2551999999999999
17305,0,3.2551999999999999
17306,-4.8921000000000001,3.2421000000000002
17307,-10.6088,3.2273000000000001
17308,-17.807500000000001,3.2086999999999999
17309,-18.638300000000001,3.2031000000000001
17310,-16.530200000000001,3.2031000000000001
17311,-15.011100000000001,3.2048999999999999
17312,-9.5237999999999996,3.2161
17313,-26.091200000000001,3.177
17314,-7.0498000000000003,3.2161
17315,-14.093500000000001,3.2031000000000001
17316,-11.0739,3.2067999999999999
17317,-2.8210999999999999,3.2254
17318,-20.734100000000002,3.1863000000000001
17319,1.24,3.2328000000000001
17320,0.83699999999999997,3.2366000000000001
17321,0.76259999999999994,3.2383999999999999
17322,1.24,3.2421000000000002
17323,1.6802999999999999,3.2440000000000002
17324,1.24,3.2440000000000002
17325,0.72540000000000004,3.2440000000000002
17326,4.1231999999999998,3.2551999999999999
17327,3.4350000000000001,3.2551999999999999
17328,3.0752999999999999,3.2551999999999999
17329,2.8706999999999998,3.2551999999999999
17330,4.3216000000000001,3.2606999999999999
17331,7.5271999999999997,3.2682000000000002
17332,0,3.2532999999999999
17333,0,3.2532999999999999
17334,0,3.2532999999999999
17335,0,3.2532999999999999
17336,0,3.2532999999999999
17337,0,3.2532999999999999
17338,0,3.2532999999999999
17339,0,3.2532999999999999
17340,0,3.2532999999999999
17341,0,3.2532999999999999
17342,0,3.2532999999999999
17343,0,3.2532999999999999
17344,0,3.2532999999999999
17345,0,3.2532999999999999
17346,0,3.2532999999999999
17347,0,3.2532999999999999
17348,0,3.2532999999999999
17349,0,3.2532999999999999
17350,0,3.2551999999999999
17351,0,3.2532999999999999
17352,0,3.2532999999999999
17353,0,3.2551999999999999
17354,0,3.2532999999999999
17355,0,3.2551999999999999
17356,0,3.2551999999999999
17357,0,3.2551999999999999
17358,0,3.2551999999999999
17359,0,3.2551999999999999
17360,0,3.2551999999999999
17361,0,3.2551999999999999
17362,0,3.2551999999999999
17363,-9.6044,3.2328000000000001
17364,-9.4618000000000002,3.2290999999999999
17365,-15.333500000000001,3.2141999999999999
17366,-18.687899999999999,3.2031000000000001
17367,-21.124700000000001,3.1919
17368,-23.363,3.1825999999999999
17369,-6.3368000000000002,3.2198000000000002
17370,-9.2942999999999998,3.2141999999999999
17371,-27.802499999999998,3.1715
17372,-13.126200000000001,3.2012
17373,-10.6088,3.2067999999999999
17374,-4.5696000000000003,3.2198000000000002
17375,0.83699999999999997,3.2347000000000001
17376,1.7237,3.2383999999999999
17377,1.7237,3.2421000000000002
17378,1.24,3.2421000000000002
17379,1.6431,3.2440000000000002
17380,11.4459,3.27
17381,7.1551999999999998,3.2645
17382,-1.8167,3.2440000000000002
17383,-4.5696000000000003,3.2366000000000001
17384,-4.6999000000000004,3.2366000000000001
17385,-6.0453000000000001,3.2309999999999999
17386,-12.0101,3.218
17387,-20.1264,3.1938
17388,-22.290400000000002,3.1844999999999999
17389,-20.529499999999999,3.1844999999999999
17390,-5.3695000000000004,3.218
17391,-0.53320000000000001,3.2309999999999999
17392,-1.8973,3.2309999999999999
17393,5.7229000000000001,3.2513999999999998
17394,10.683199999999999,3.2663000000000002
17395,7.3226000000000004,3.2625999999999999
17396,4.1294000000000004,3.2589000000000001
17397,-1.9282999999999999,3.2440000000000002
17398,-17.7393,3.2067999999999999
17399,-21.812899999999999,3.1901000000000002
17400,-20.833300000000001,3.1863000000000001
17401,-21.0441,3.1825999999999999
17402,-15.246700000000001,3.1938
17403,-8.5688999999999993,3.2086999999999999
17404,-7.3597999999999999,3.2124000000000001
17405,-5.2950999999999997,3.218
17406,0.72540000000000004,3.2328000000000001
17407,-2.2010999999999998,3.2290999999999999
17408,-5.9275000000000002,3.2216999999999998
17409,-5.2579000000000002,3.2235
17410,-2.2507000000000001,3.2290999999999999
17411,-2.2073,3.2309999999999999
17412,-3.7387999999999999,3.2290999999999999
17413,-10.131399999999999,3.2141999999999999
17414,-10.323600000000001,3.2124000000000001
17415,-5.4935,3.2216999999999998
17416,0.1426,3.2347000000000001
17417,1.2834000000000001,3.2403
17418,-5.2950999999999997,3.2273000000000001
17419,-8.9284999999999997,3.218
17420,-11.972899999999999,3.2086999999999999
17421,-4.0983999999999998,3.2254
17422,0,3.2347000000000001
17423,-9.2446999999999999,3.2161
17424,-11.6381,3.2086999999999999
17425,-14.217499999999999,3.2012
17426,-18.644500000000001,3.1882000000000001
17427,-13.8888,3.1956000000000002
17428,-11.842700000000001,3.2012
17429,-8.9718999999999998,3.2067999999999999
17430,-9.0835000000000008,3.2067999999999999
17431,-9.2508999999999997,3.2067999999999999
17432,-5.0967000000000002,3.2161
17433,-1.6183000000000001,3.2254
17434,-3.2490000000000001,3.2235
17435,-3.2490000000000001,3.2254
17436,-6.6963999999999997,3.218
17437,-10.8134,3.2086999999999999
17438,0.71919999999999995,3.2328000000000001
17439,1.3577999999999999,3.2366000000000001
17440,0.71919999999999995,3.2366000000000001
17441,-8.8354999999999997,3.2161
17442,-12.0845,3.2067999999999999
17443,-10.726599999999999,3.2086999999999999
17444,-7.6946000000000003,3.2141999999999999
17445,-6.9009999999999998,3.2161
17446,-3.4102000000000001,3.2235
17447,1.3577999999999999,3.2347000000000001
17448,2.0832999999999999,3.2383999999999999
17449,-6.5289999999999999,3.2216999999999998
17450,-8.9595000000000002,3.2141999999999999
17451,-12.289099999999999,3.2067999999999999
17452,-12.561999999999999,3.2031000000000001
17453,-13.814399999999999,3.1974999999999998
17454,-11.4955,3.2031000000000001
17455,-8.2898999999999994,3.2086999999999999
17456,-1.8911,3.2235
17457,1.3577999999999999,3.2328000000000001
17458,21.366499999999998,3.2831000000000001
17459,19.562200000000001,3.2867999999999999
17460,18.334499999999998,3.2905000000000002
17461,15.562900000000001,3.2867999999999999
17462,12.4069,3.2831000000000001
17463,9.1206999999999994,3.2774999999999999
17464,0,3.2570000000000001
17465,0,3.2551999999999999
17466,0,3.2532999999999999
17467,0,3.2532999999999999
17468,0,3.2532999999999999
17469,0,3.2532999999999999
17470,0,3.2532999999999999
17471,0,3.2532999999999999
17472,0,3.2532999999999999
17473,0,3.2532999999999999
17474,0,3.2513999999999998
17475,0,3.2513999999999998
17476,0,3.2532999999999999
17477,0,3.2513999999999998
17478,0,3.2532999999999999
17479,0,3.2532999999999999
17480,0,3.2532999999999999
17481,0,3.2532999999999999
17482,0,3.2532999999999999
17483,0,3.2532999999999999
17484,0,3.2532999999999999
17485,0,3.2532999999999999
17486,0,3.2532999999999999
17487,0,3.2532999999999999
17488,0,3.2532999999999999
17489,0,3.2532999999999999
17490,0,3.2532999999999999
17491,0,3.2532999999999999
17492,0,3.2532999999999999
17493,0,3.2532999999999999
17494,0,3.2532999999999999
17495,0,3.2551999999999999
17496,0,3.2532999999999999
17497,0,3.2532999999999999
17498,0,3.2551999999999999
17499,0,3.2551999999999999
17500,0,3.2551999999999999
17501,0,3.2532999999999999
17502,0,3.2551999999999999
17503,0,3.2551999999999999
17504,0,3.2551999999999999
17505,0,3.2551999999999999
17506,-10.491,3.2290999999999999
17507,-14.446899999999999,3.218
17508,-18.334499999999998,3.2048999999999999
17509,-22.805,3.1882000000000001
17510,-28.5962,3.1715
17511,-33.438699999999997,3.1547000000000001
17512,-29.247199999999999,3.1602999999999999
17513,-28.199400000000001,3.1583999999999999
17514,-22.315200000000001,3.1696
17515,-12.1713,3.1901000000000002
17516,2.6909000000000001,3.2273000000000001
17517,1.8476999999999999,3.2309999999999999
17518,0.71919999999999995,3.2309999999999999
17519,-7.4093999999999998,3.2141999999999999
17520,-6.1383000000000001,3.218
17521,-6.2065000000000001,3.218
17522,-9.0835000000000008,3.2105000000000001
17523,-21.490500000000001,3.1808000000000001
17524,2.7528999999999999,3.2328000000000001
17525,14.043799999999999,3.2645
17526,6.0887000000000002,3.2532999999999999
17527,16.133400000000002,3.2774999999999999
17528,6.9630000000000001,3.2625999999999999
17529,1.0416000000000001,3.2496
17530,-10.2058,3.2235
17531,-6.7708000000000004,3.2273000000000001
17532,-15.649800000000001,3.2048999999999999
17533,-26.760899999999999,3.1751999999999998
17534,-30.828299999999999,3.1583999999999999
17535,-39.955300000000001,3.1324000000000001
17536,-39.955300000000001,3.1267999999999998
17537,-39.955300000000001,3.1231
17538,-39.955300000000001,3.1194000000000002
17539,-25.279,3.1490999999999998
17540,-39.9739,3.1175000000000002
17541,-30.121500000000001,3.1360999999999999
17542,-39.955300000000001,3.1137999999999999
17543,-38.268799999999999,3.1156000000000001
17544,-39.961500000000001,3.1101000000000001
17545,-29.160399999999999,3.1305000000000001
17546,-27.455300000000001,3.1343000000000001
17547,-25.880400000000002,3.1379999999999999
17548,-10.4786,3.1732999999999998
17549,-6.4173999999999998,3.1844999999999999
17550,-8.7239000000000004,3.1825999999999999
17551,-6.2561999999999998,3.1901000000000002
17552,-10.2616,3.1825999999999999
17553,-10.2554,3.1844999999999999
17554,-10.2492,3.1844999999999999
17555,-10.2492,3.1844999999999999
17556,-14.818899999999999,3.1751999999999998
17557,-14.8995,3.1751999999999998
17558,-21.819099999999999,3.1583999999999999
17559,-24.479099999999999,3.1490999999999998
17560,-24.962700000000002,3.1473
17561,-20.734100000000002,3.1566000000000001
17562,-23.4499,3.1490999999999998
17563,-26.277200000000001,3.1417000000000002
17564,-21.8874,3.1490999999999998
17565,-24.683700000000002,3.1436000000000002
17566,-30.127700000000001,3.1305000000000001
17567,-39.961500000000001,3.1082000000000001
17568,-39.564700000000002,3.1063000000000001
17569,-27.709499999999998,3.1286999999999998
17570,-22.805,3.1398000000000001
17571,-17.528500000000001,3.1547000000000001
17572,-12.3635,3.1659000000000002
17573,-7.4589999999999996,3.1789000000000001
17574,-14.682499999999999,3.1659000000000002
17575,-19.934200000000001,3.1547000000000001
17576,-22.997199999999999,3.1454
17577,-25.93,3.1379999999999999
17578,-20.6845,3.1473
17579,-26.488,3.1360999999999999
17580,-21.124700000000001,3.1473
17581,-24.324100000000001,3.1398000000000001
17582,-18.843,3.1509999999999998
17583,-16.207799999999999,3.1583999999999999
17584,-11.4087,3.1696
17585,-16.0776,3.1621999999999999
17586,-16.09,3.1621999999999999
17587,-16.071400000000001,3.1621999999999999
17588,-16.0776,3.1621999999999999
17589,-16.0962,3.1621999999999999
17590,-13.368,3.1677
17591,-8.3828999999999994,3.1789000000000001
17592,-8.2093000000000007,3.1825999999999999
17593,1.5189999999999999,3.2067999999999999
17594,-2.1267,3.2012
17595,-4.6130000000000004,3.1956000000000002
17596,-9.7469999999999999,3.1863000000000001
17597,-6.9630000000000001,3.1919
17598,-11.563700000000001,3.1825999999999999
17599,-22.023800000000001,3.1583999999999999
17600,-16.840199999999999,3.1659000000000002
17601,-16.889800000000001,3.1659000000000002
17602,-14.322900000000001,3.1715
17603,-7.0064000000000002,3.1863000000000001
17604,-4.1790000000000003,3.1956000000000002
17605,-4.1294000000000004,3.1974999999999998
17606,-3.931,3.2012
17607,-1.054,3.2086999999999999
17608,-20.740300000000001,3.1659000000000002
17609,-3.621,3.2012
17610,-10.652200000000001,3.1863000000000001
17611,-8.6867000000000001,3.1901000000000002
17612,-8.5379000000000005,3.1901000000000002
17613,-15.327299999999999,3.1751999999999998
17614,-11.104900000000001,3.1825999999999999
17615,-39.955300000000001,3.1194000000000002
17616,2.0771000000000002,3.2067999999999999
17617,-39.961500000000001,3.1175000000000002
17618,-13.913600000000001,3.1677
17619,-27.157699999999998,3.1398000000000001
17620,-39.961500000000001,3.1101000000000001
17621,-28.4846,3.1305000000000001
17622,-20.566700000000001,3.1473
17623,-26.401199999999999,3.1343000000000001
17624,-15.7242,3.1583999999999999
17625,-10.894,3.1715
17626,0,3.1956000000000002
17627,1.6802999999999999,3.2067999999999999
17628,4.7184999999999997,3.2161
17629,7.9241000000000001,3.2273000000000001
17630,6.5910000000000002,3.2273000000000001
17631,-12.853400000000001,3.1863000000000001
17632,-12.840999999999999,3.1825999999999999
17633,-3.2118000000000002,3.2048999999999999
17634,6.6778000000000004,3.2273000000000001
17635,-10.2554,3.1919
17636,-14.273300000000001,3.1808000000000001
17637,-10.2492,3.1882000000000001
17638,-2.5669,3.2067999999999999
17639,-9.9268000000000001,3.1901000000000002
17640,-11.6195,3.1863000000000001
17641,-11.613300000000001,3.1844999999999999
17642,-2.3313000000000001,3.2067999999999999
17643,0,3.2141999999999999
17644,0.16739999999999999,3.2161
17645,5.1649000000000003,3.2290999999999999
17646,7.9984999999999999,3.2383999999999999
17647,7.9737,3.2403
17648,9.1206999999999994,3.2458999999999998
17649,9.0401000000000007,3.2496
17650,7.8061999999999996,3.2458999999999998
17651,8.8416999999999994,3.2532999999999999
17652,15.190899999999999,3.2682000000000002
17653,11.644299999999999,3.2645
17654,14.2113,3.27
17655,9.9887999999999995,3.2645
17656,8.5626999999999995,3.2606999999999999
17657,5.5926999999999998,3.2551999999999999
17658,4.6811999999999996,3.2532999999999999
17659,-3.3296000000000001,3.2347000000000001
17660,1.3640000000000001,3.2421000000000002
17661,5.2827000000000002,3.2532999999999999
17662,8.9471000000000007,3.2625999999999999
17663,15.786199999999999,3.2793000000000001
17664,17.8447,3.2867999999999999
17665,5.9275000000000002,3.2625999999999999
17666,3.7635999999999998,3.2570000000000001
17667,1.6121000000000001,3.2513999999999998
17668,5.2516999999999996,3.2589000000000001
17669,4.7743000000000002,3.2589000000000001
17670,8.5192999999999994,3.2663000000000002
17671,3.8008000000000002,3.2570000000000001
17672,0,3.2496
17673,0,3.2458999999999998
17674,0,3.2458999999999998
17675,0,3.2440000000000002
17676,0,3.2440000000000002
17677,0,3.2440000000000002
17678,0,3.2440000000000002
17679,0,3.2440000000000002
17680,0,3.2440000000000002
17681,0,3.2440000000000002
17682,0,3.2440000000000002
17683,0,3.2440000000000002
17684,0,3.2440000000000002
17685,0,3.2440000000000002
17686,0,3.2440000000000002
17687,0,3.2440000000000002
17688,0,3.2440000000000002
17689,-3.3357999999999999,3.2366000000000001
17690,-10.615,3.2198000000000002
17691,-16.691400000000002,3.2031000000000001
17692,-20.213200000000001,3.1882000000000001
17693,-24.559699999999999,3.1751999999999998
17694,-28.199400000000001,3.1621999999999999
17695,-27.808700000000002,3.1602999999999999
17696,-30.747699999999998,3.1473
17697,-16.883600000000001,3.177
17698,-21.738499999999998,3.1659000000000002
17699,-20.9511,3.1659000000000002
17700,-23.642099999999999,3.1583999999999999
17701,-31.4422,3.1379999999999999
17702,-16.207799999999999,3.1715
17703,-16.771999999999998,3.1696
17704,-13.082800000000001,3.1789000000000001
17705,-15.972200000000001,3.1732999999999998
17706,-17.609100000000002,3.1696
17707,-19.803999999999998,3.1640000000000001
17708,-7.9241000000000001,3.1882000000000001
17709,-10.776199999999999,3.1844999999999999
17710,-4.2906000000000004,3.2012
17711,-0.48359999999999997,3.2124000000000001
17712,-8.9657,3.1938
17713,-18.886399999999998,3.1715
17714,-14.825100000000001,3.177
17715,-6.5724,3.1956000000000002
17716,-6.5662000000000003,3.1956000000000002
17717,-6.5662000000000003,3.1974999999999998
17718,-6.5724,3.1974999999999998
17719,-6.5662000000000003,3.2012
17720,-7.7628000000000004,3.1956000000000002
17721,-11.4521,3.1882000000000001
17722,-7.9241000000000001,3.1956000000000002
17723,-4.7805,3.2048999999999999
17724,0.47739999999999999,3.218
17725,5.1649000000000003,3.2309999999999999
17726,6.0391000000000004,3.2347000000000001
17727,2.2444999999999999,3.2290999999999999
17728,15.246700000000001,3.2625999999999999
17729,16.604600000000001,3.27
17730,20.1264,3.2812000000000001
17731,14.676299999999999,3.2738
17732,13.6098,3.2738
17733,12.2829,3.2719
17734,10.596399999999999,3.27
17735,6.2126999999999999,3.2606999999999999
17736,0,3.2440000000000002
17737,0,3.2440000000000002
17738,0,3.2421000000000002
17739,0,3.2421000000000002
17740,0,3.2403
17741,0,3.2403
17742,0,3.2403
17743,0,3.2403
17744,0,3.2403
17745,-8.3270999999999997,3.2216999999999998
17746,-10.639799999999999,3.2141999999999999
17747,-17.044799999999999,3.1956000000000002
17748,-23.201799999999999,3.177
17749,-27.368500000000001,3.1640000000000001
17750,-32.198599999999999,3.1473
17751,-39.967700000000001,3.125
17752,-35.590200000000003,3.1286999999999998
17753,-11.7559,3.1789000000000001
17754,-28.366800000000001,3.1436000000000002
17755,-24.5349,3.1490999999999998
17756,-18.6693,3.1621999999999999
17757,-6.6096000000000004,3.1901000000000002
17758,-3.1745999999999999,3.2012
17759,0,3.2124000000000001
17760,0.71919999999999995,3.2161
17761,1.3640000000000001,3.2216999999999998
17762,3.7202000000000002,3.2273000000000001
17763,17.689699999999998,3.2645
17764,18.086500000000001,3.27
17765,15.321099999999999,3.27
17766,12.158899999999999,3.2645
17767,8.9284999999999997,3.2606999999999999
17768,0,3.2383999999999999
17769,0,3.2366000000000001
17770,0,3.2366000000000001
17771,0,3.2366000000000001
17772,0,3.2366000000000001
17773,0,3.2366000000000001
17774,0,3.2366000000000001
17775,0,3.2366000000000001
17776,0,3.2366000000000001
17777,0,3.2366000000000001
17778,0,3.2366000000000001
17779,0,3.2366000000000001
17780,0,3.2366000000000001
17781,0,3.2383999999999999
17782,0,3.2383999999999999
17783,0,3.2383999999999999
17784,0,3.2383999999999999
17785,0,3.2383999999999999
17786,0,3.2383999999999999
17787,0,3.2383999999999999
17788,0,3.2383999999999999
17789,0,3.2383999999999999
17790,-10.4848,3.2161
17791,-14.453099999999999,3.2031000000000001
17792,-18.328299999999999,3.1901000000000002
17793,-22.7926,3.177
17794,-28.602399999999999,3.1583999999999999
17795,-33.438699999999997,3.1417000000000002
17796,-39.955300000000001,3.1231
17797,-39.9739,3.1175000000000002
17798,-22.0548,3.1509999999999998
17799,-21.825299999999999,3.1547000000000001
17800,-39.955300000000001,3.1137999999999999
17801,-28.3916,3.1343000000000001
17802,-14.459300000000001,3.1659000000000002
17803,-24.838699999999999,3.1436000000000002
17804,-10.8506,3.1751999999999998
17805,-14.552300000000001,3.1677
17806,-14.8499,3.1677
17807,-4.6067999999999998,3.1919
17808,-7.7565999999999997,3.1863000000000001
17809,-7.7999999999999998,3.1882000000000001
17810,-2.6970999999999998,3.2031000000000001
17811,-0.69440000000000002,3.2086999999999999
17812,-11.2475,3.1863000000000001
17813,-6.5785999999999998,3.1956000000000002
17814,0.52080000000000004,3.2124000000000001
17815,-4.4889999999999999,3.2048999999999999
17816,-4.4146000000000001,3.2048999999999999
17817,-2.4925000000000002,3.2105000000000001
17818,-6.2809999999999997,3.2031000000000001
17819,-6.2872000000000003,3.2031000000000001
17820,-6.2872000000000003,3.2031000000000001
17821,-6.2995999999999999,3.2031000000000001
17822,-6.2872000000000003,3.2031000000000001
17823,-2.4428999999999998,3.2105000000000001
17824,-8.1349,3.1974999999999998
17825,-8.1721000000000004,3.1974999999999998
17826,-11.055300000000001,3.1901000000000002
17827,-0.57040000000000002,3.2141999999999999
17828,-2.4367000000000001,3.2124000000000001
17829,-6.2065000000000001,3.2048999999999999
17830,-6.2065000000000001,3.2048999999999999
17831,-2.4119000000000002,3.2141999999999999
17832,-2.3313000000000001,3.2141999999999999
17833,-4.1604000000000001,3.2105000000000001
17834,6.0080999999999998,3.2347000000000001
17835,10.2058,3.2496
17836,13.132400000000001,3.2589000000000001
17837,13.8454,3.2645
17838,14.8375,3.27
17839,15.9536,3.2755999999999998
17840,13.2874,3.2719
17841,13.2812,3.2738
17842,10.683199999999999,3.27
17843,6.8018000000000001,3.2625999999999999
17844,0,3.2458999999999998
17845,0,3.2421000000000002
17846,0,3.2421000000000002
17847,0,3.2421000000000002
17848,0,3.2403
17849,0,3.2403
17850,0,3.2403
17851,0,3.2403
17852,0,3.2403
17853,-3.9744000000000002,3.2309999999999999
17854,-7.5271999999999997,3.2216999999999998
17855,-6.6406000000000001,3.2216999999999998
17856,-3.621,3.2273000000000001
17857,-11.414899999999999,3.2105000000000001
17858,-7.0869999999999997,3.218
17859,-6.6096000000000004,3.218
17860,-10.2926,3.2086999999999999
17861,-15.8482,3.1919
17862,-17.4541,3.1863000000000001
17863,-16.325600000000001,3.1863000000000001
17864,-13.926,3.1882000000000001
17865,-13.4796,3.1882000000000001
17866,-12.0101,3.1919
17867,-13.3308,3.1882000000000001
17868,-14.453099999999999,3.1844999999999999
17869,-12.568199999999999,3.1882000000000001
17870,-11.7745,3.1901000000000002
17871,-8.6990999999999996,3.1956000000000002
17872,-5.2888999999999999,3.2048999999999999
17873,-3.8132000000000001,3.2105000000000001
17874,-3.8193999999999999,3.2124000000000001
17875,-3.8132000000000001,3.2124000000000001
17876,-3.8132000000000001,3.2124000000000001
17877,-3.8132000000000001,3.2141999999999999
17878,-11.7621,3.1938
17879,-6.3305999999999996,3.2067999999999999
17880,-6.4112,3.2067999999999999
17881,0.71919999999999995,3.2235
17882,0.71919999999999995,3.2254
17883,-0.77500000000000002,3.2235
17884,-3.8132000000000001,3.218
17885,-3.8132000000000001,3.218
17886,1.7981,3.2290999999999999
17887,6.2003000000000004,3.2421000000000002
17888,16.486799999999999,3.27
17889,13.2874,3.2682000000000002
17890,10.6708,3.2645
17891,0,3.2403
17892,0,3.2383999999999999
17893,0,3.2383999999999999
17894,0,3.2366000000000001
17895,0,3.2383999999999999
17896,0,3.2366000000000001
17897,0,3.2366000000000001
17898,0,3.2383999999999999
17899,0,3.2383999999999999
17900,0,3.2366000000000001
17901,0,3.2383999999999999
17902,0,3.2383999999999999
17903,0,3.2383999999999999
17904,0,3.2383999999999999
17905,0,3.2383999999999999
17906,0,3.2383999999999999
17907,0,3.2383999999999999
17908,0,3.2383999999999999
17909,0,3.2383999999999999
17910,0,3.2383999999999999
17911,-10.4786,3.2161
17912,-14.446899999999999,3.2031000000000001
17913,-18.328299999999999,3.1882000000000001
17914,-22.550799999999999,3.1751999999999998
17915,-13.305999999999999,3.1919
17916,-13.0518,3.1919
17917,-11.005699999999999,3.1956000000000002
17918,-2.1328999999999998,3.218
17919,-2.1328999999999998,3.2198000000000002
17920,-6.2934000000000001,3.2124000000000001
17921,-4.1294000000000004,3.2161
17922,-2.1328999999999998,3.2216999999999998
17923,-0.13020000000000001,3.2273000000000001
17924,1.0416000000000001,3.2309999999999999
17925,-1.1284000000000001,3.2273000000000001
17926,0.27900000000000003,3.2309999999999999
17927,-6.25,3.218
17928,-3.2118000000000002,3.2235
17929,-1.1346000000000001,3.2273000000000001
17930,0.60140000000000005,3.2328000000000001
17931,-1.0911999999999999,3.2290999999999999
17932,-2.0461,3.2273000000000001
17933,-3.0505,3.2254
17934,-6.25,3.218
17935,-7.2606000000000002,3.2141999999999999
17936,-10.453799999999999,3.2048999999999999
17937,-8.9284999999999997,3.2067999999999999
17938,-12.531000000000001,3.1956000000000002
17939,-10.9747,3.1974999999999998
17940,-3.9247999999999998,3.2141999999999999
17941,-3.9681999999999999,3.2161
17942,-7.7380000000000004,3.2086999999999999
17943,-7.5396000000000001,3.2067999999999999
17944,-7.6449999999999996,3.2067999999999999
17945,-4.5633999999999997,3.2124000000000001
17946,-3.218,3.218
17947,-3.2118000000000002,3.218
17948,-5.3384999999999998,3.2141999999999999
17949,-14.967700000000001,3.1901000000000002
17950,-20.4923,3.1751999999999998
17951,-15.246700000000001,3.1825999999999999
17952,-10.8072,3.1901000000000002
17953,-10.460000000000001,3.1919
17954,3.9681999999999999,3.2254
17955,17.683499999999999,3.2625999999999999
17956,16.207799999999999,3.2682000000000002
17957,13.076599999999999,3.2645
17958,9.7284000000000006,3.2606999999999999
17959,0,3.2383999999999999
17960,0,3.2366000000000001
17961,0,3.2366000000000001
17962,0,3.2366000000000001
17963,0,3.2366000000000001
17964,0,3.2366000000000001
17965,0,3.2366000000000001
17966,0,3.2366000000000001
17967,0,3.2366000000000001
17968,0,3.2366000000000001
17969,0,3.2366000000000001
17970,0,3.2366000000000001
17971,0,3.2366000000000001
17972,0,3.2366000000000001
17973,0,3.2366000000000001
17974,0,3.2383999999999999
17975,0,3.2383999999999999
17976,0,3.2383999999999999
17977,0,3.2383999999999999
17978,0,3.2383999999999999
17979,0,3.2383999999999999
17980,0,3.2383999999999999
17981,0,3.2383999999999999
17982,0,3.2383999999999999
17983,0,3.2383999999999999
17984,0,3.2383999999999999
17985,0,3.2383999999999999
17986,0,3.2383999999999999
17987,0,3.2403
17988,-6.4607999999999999,3.2254
17989,-8.1721000000000004,3.2198000000000002
17990,-17.125399999999999,3.1956000000000002
17991,-13.8826,3.1974999999999998
17992,-16.406199999999998,3.1901000000000002
17993,-12.0101,3.1974999999999998
17994,-11.644299999999999,3.1974999999999998
17995,-19.996200000000002,3.177
17996,-21.6021,3.1696
17997,-16.524000000000001,3.1789000000000001
17998,-15.718,3.1789000000000001
17999,-15.4513,3.1789000000000001
18000,-17.540900000000001,3.1732999999999998
18001,-13.4796,3.1808000000000001
18002,-7.6139999999999999,3.1938
18003,-9.1765000000000008,3.1919
18004,-5.6422999999999996,3.2031000000000001
18005,-5.6919000000000004,3.2031000000000001
18006,-4.1356000000000002,3.2086999999999999
18007,-6.5599999999999996,3.2031000000000001
18008,-5.7290999999999999,3.2048999999999999
18009,-4.1604000000000001,3.2105000000000001
18010,1.2834000000000001,3.2235
18011,1.2834000000000001,3.2254
18012,10.119,3.2496
18013,11.191700000000001,3.2551999999999999
18014,13.361800000000001,3.2645
18015,7.8434999999999997,3.2551999999999999
18016,6.2436999999999996,3.2532999999999999
18017,7.6326000000000001,3.2570000000000001
18018,0,3.2383999999999999
18019,0,3.2383999999999999
18020,0,3.2366000000000001
18021,0,3.2366000000000001
18022,0,3.2366000000000001
18023,0,3.2366000000000001
18024,0,3.2366000000000001
18025,0,3.2366000000000001
18026,0,3.2366000000000001
18027,0,3.2366000000000001
18028,0,3.2366000000000001
18029,0,3.2383999999999999
18030,0,3.2383999999999999
18031,0,3.2383999999999999
18032,0,3.2383999999999999
18033,0,3.2383999999999999
18034,0,3.2383999999999999
18035,0,3.2383999999999999
18036,-4.5633999999999997,3.2290999999999999
18037,-6.25,3.2235
18038,-3.8504,3.2273000000000001
18039,-6.9753999999999996,3.2198000000000002
18040,-14.006600000000001,3.2031000000000001
18041,-13.6408,3.1974999999999998
18042,-15.965999999999999,3.1901000000000002
18043,-10.212,3.2031000000000001
18044,-16.294599999999999,3.1863000000000001
18045,-5.0967000000000002,3.2105000000000001
18046,-0.099199999999999997,3.2235
18047,-2.0461,3.2216999999999998
18048,-16.852599999999999,3.1882000000000001
18049,-11.8551,3.1938
18050,-11.464499999999999,3.1938
18051,-16.9208,3.1808000000000001
18052,-14.0997,3.1844999999999999
18053,-3.218,3.2105000000000001
18054,0.83079999999999998,3.2216999999999998
18055,-10.2058,3.1974999999999998
18056,-10.491,3.1956000000000002
18057,-5.6174999999999997,3.2067999999999999
18058,4.0797999999999996,3.2290999999999999
18059,3.6086,3.2328000000000001
18060,4.5262000000000002,3.2366000000000001
18061,11.0863,3.2570000000000001
18062,10.956099999999999,3.2606999999999999
18063,8.1659000000000006,3.2570000000000001
18064,0,3.2366000000000001
18065,0,3.2366000000000001
18066,0,3.2366000000000001
18067,0,3.2366000000000001
18068,0,3.2366000000000001
18069,0,3.2366000000000001
18070,-0.099199999999999997,3.2366000000000001
18071,-8.6928999999999998,3.2161
18072,-10.652200000000001,3.2086999999999999
18073,-16.604600000000001,3.1919
18074,-20.380700000000001,3.1789000000000001
18075,-12.0039,3.1938
18076,-17.4603,3.1808000000000001
18077,-18.880199999999999,3.1751999999999998
18078,-17.243300000000001,3.177
18079,-21.732299999999999,3.1640000000000001
18080,-20.920100000000001,3.1640000000000001
18081,-19.971399999999999,3.1640000000000001
18082,-16.213999999999999,3.1715
18083,-16.933199999999999,3.1696
18084,-11.8613,3.1808000000000001
18085,-10.7638,3.1825999999999999
18086,-8.0791000000000004,3.1901000000000002
18087,-9.6539999999999999,3.1863000000000001
18088,-8.3643000000000001,3.1901000000000002
18089,-4.4889999999999999,3.2012
18090,0,3.2141999999999999
18091,-2.7715000000000001,3.2105000000000001
18092,-1.1346000000000001,3.2141999999999999
18093,1.3577999999999999,3.2216999999999998
18094,2.5979000000000001,3.2273000000000001
18095,6.7645999999999997,3.2383999999999999
18096,10.7514,3.2513999999999998
18097,10.081799999999999,3.2532999999999999
18098,11.7187,3.2606999999999999
18099,9.8461999999999996,3.2589000000000001
18100,5.2393000000000001,3.2513999999999998
18101,6.6778000000000004,3.2532999999999999
18102,0,3.2383999999999999
18103,0,3.2366000000000001
18104,0,3.2366000000000001
18105,0,3.2366000000000001
18106,-0.48359999999999997,3.2347000000000001
18107,0,3.2366000000000001
18108,0,3.2366000000000001
18109,-9.6105999999999998,3.2141999999999999
18110,-10.6708,3.2086999999999999
18111,-17.788900000000002,3.1882000000000001
18112,-23.976900000000001,3.1696
18113,-24.1629,3.1640000000000001
18114,-16.127199999999998,3.1789000000000001
18115,-10.404199999999999,3.1901000000000002
18116,-13.0518,3.1844999999999999
18117,-14.2485,3.1808000000000001
18118,-15.8048,3.177
18119,-16.524000000000001,3.1732999999999998
18120,-25.2728,3.1509999999999998
18121,-22.997199999999999,3.1547000000000001
18122,-16.852599999999999,3.1659000000000002
18123,-10.962300000000001,3.1789000000000001
18124,-8.2093000000000007,3.1863000000000001
18125,-12.2829,3.1789000000000001
18126,-4.5633999999999997,3.1956000000000002
18127,-4.5633999999999997,3.2012
18128,-2.8893,3.2048999999999999
18129,0,3.2141999999999999
18130,-1.1718,3.2141999999999999
18131,-4.3712,3.2067999999999999
18132,-4.3650000000000002,3.2067999999999999
18133,-2.7715000000000001,3.2124000000000001
18134,2.0337000000000001,3.2235
18135,-2.6537000000000002,3.2141999999999999
18136,-4.1727999999999996,3.2124000000000001
18137,-4.1727999999999996,3.2105000000000001
18138,-4.1727999999999996,3.2105000000000001
18139,-4.1727999999999996,3.2105000000000001
18140,-4.1727999999999996,3.2124000000000001
18141,-5.7972999999999999,3.2086999999999999
18142,-9.5299999999999994,3.1974999999999998
18143,-11.2041,3.1919
18144,-25.489799999999999,3.1583999999999999
18145,-19.363800000000001,3.1659000000000002
18146,-19.7606,3.1640000000000001
18147,-20.523299999999999,3.1602999999999999
18148,-5.7972999999999999,3.1919
18149,-14.4345,3.1732999999999998
18150,-12.0101,3.1789000000000001
18151,-10.491,3.1825999999999999
18152,-4.1294000000000004,3.1974999999999998
18153,-2.2073,3.2048999999999999
18154,-5.8964999999999996,3.1974999999999998
18155,-4.0115999999999996,3.2031000000000001
18156,-0.33479999999999999,3.2124000000000001
18157,1.3577999999999999,3.218
18158,-3.9744000000000002,3.2086999999999999
18159,1.3577999999999999,3.2198000000000002
18160,1.3640000000000001,3.2235
18161,-3.6520000000000001,3.2124000000000001
18162,-0.086800000000000002,3.2198000000000002
18163,-3.5651999999999999,3.2141999999999999
18164,4.6749999999999998,3.2328000000000001
18165,2.0771000000000002,3.2290999999999999
18166,-3.1684000000000001,3.218
18167,-4.8548999999999998,3.2141999999999999
18168,-4.8487,3.2124000000000001
18169,-4.8548999999999998,3.2124000000000001
18170,0,3.2216999999999998
18171,-3.0505,3.218
18172,-4.7247000000000003,3.2141999999999999
18173,-1.3391999999999999,3.2198000000000002
18174,0.71919999999999995,3.2254
18175,2.6785000000000001,3.2309999999999999
18176,1.3640000000000001,3.2309999999999999
18177,2.6475,3.2347000000000001
18178,8.0046999999999997,3.2496
18179,9.5795999999999992,3.2570000000000001
18180,8.7797000000000001,3.2570000000000001
18181,6.6096000000000004,3.2532999999999999
18182,5.2393000000000001,3.2513999999999998
18183,-2.4119000000000002,3.2328000000000001
18184,-11.4521,3.2105000000000001
18185,-10.894,3.2067999999999999
18186,-7.9241000000000001,3.2105000000000001
18187,-8.9657,3.2067999999999999
18188,-10.131399999999999,3.2031000000000001
18189,-10.4414,3.2012
18190,-12.7356,3.1919
18191,-15.8482,3.1844999999999999
18192,-16.573599999999999,3.1789000000000001
18193,-11.613300000000001,3.1882000000000001
18194,-3.9744000000000002,3.2067999999999999
18195,-6.2872000000000003,3.2031000000000001
18196,-6.3243999999999998,3.2048999999999999
18197,-6.4546000000000001,3.2048999999999999
18198,-11.6381,3.1901000000000002
18199,-8.1721000000000004,3.1974999999999998
18200,-13.6036,3.1844999999999999
18201,-6.2003000000000004,3.2012
18202,-6.2561999999999998,3.2012
18203,-6.25,3.2031000000000001
18204,-2.9699,3.2105000000000001
18205,4.4021999999999997,3.2290999999999999
18206,2.0337000000000001,3.2254
18207,1.3577999999999999,3.2254
18208,6.1258999999999997,3.2383999999999999
18209,3.2366000000000001,3.2347000000000001
18210,1.2834000000000001,3.2309999999999999
18211,-7.3411999999999997,3.2124000000000001
18212,-7.4527999999999999,3.2086999999999999
18213,-8.9718999999999998,3.2048999999999999
18214,-6.2934000000000001,3.2086999999999999
18215,-10.646000000000001,3.1956000000000002
18216,-12.524800000000001,3.1901000000000002
18217,-11.5265,3.1901000000000002
18218,-8.0108999999999995,3.1974999999999998
18219,-11.966699999999999,3.1882000000000001
18220,-12.3201,3.1863000000000001
18221,-7.0994000000000002,3.1974999999999998
18222,-2.9761000000000002,3.2086999999999999
18223,-2.9761000000000002,3.2105000000000001
18224,-2.8831000000000002,3.2124000000000001
18225,0.76259999999999994,3.2216999999999998
18226,0.76259999999999994,3.2235
18227,-2.7715000000000001,3.2161
18228,-4.3339999999999996,3.2124000000000001
18229,0.76259999999999994,3.2235
18230,0.75639999999999996,3.2254
18231,2.0089000000000001,3.2290999999999999
18232,-9.0835000000000008,3.2048999999999999
18233,-10.689399999999999,3.1974999999999998
18234,-8.0233000000000008,3.2031000000000001
18235,-6.6840000000000002,3.2048999999999999
18236,-1.1284000000000001,3.218
18237,-6.6901999999999999,3.2067999999999999
18238,-4.3277999999999999,3.2124000000000001
18239,-4.3339999999999996,3.2124000000000001
18240,0,3.2216999999999998
18241,0.16739999999999999,3.2235
18242,1.3577999999999999,3.2273000000000001
18243,0.16739999999999999,3.2273000000000001
18244,-2.6103000000000001,3.2198000000000002
18245,-4.1790000000000003,3.218
18246,-4.1604000000000001,3.2161
18247,-0.97340000000000004,3.2235
18248,-2.4925000000000002,3.2198000000000002
18249,-4.1356000000000002,3.2161
18250,0,3.2254
18251,0.16739999999999999,3.2273000000000001
18252,-3.9247999999999998,3.218
18253,-7.7690000000000001,3.2086999999999999
18254,-2.4428999999999998,3.2198000000000002
18255,0.1426,3.2254
18256,3.8008000000000002,3.2347000000000001
18257,4.7680999999999996,3.2403
18258,5.9275000000000002,3.2440000000000002
18259,1.7237,3.2366000000000001
18260,-2.8521000000000001,3.2273000000000001
18261,-3.9247999999999998,3.2235
18262,-13.0518,3.2012
18263,-12.3573,3.1974999999999998
18264,-10.8878,3.1974999999999998
18265,-5.8097000000000003,3.2086999999999999
18266,-5.8468999999999998,3.2105000000000001
18267,-10.038399999999999,3.1974999999999998
18268,-6.1010999999999997,3.2067999999999999
18269,-5.3384999999999998,3.2105000000000001
18270,-5.3632999999999997,3.2086999999999999
18271,-6.2436999999999996,3.2067999999999999
18272,0.086800000000000002,3.2216999999999998
18273,-0.76880000000000004,3.2216999999999998
18274,-3.8008000000000002,3.2161
18275,-3.8132000000000001,3.2161
18276,0.068199999999999997,3.2254
18277,-0.72540000000000004,3.2235
18278,-0.72540000000000004,3.2254
18279,-3.6147999999999998,3.218
18280,-5.8964999999999996,3.2124000000000001
18281,-10.081799999999999,3.2031000000000001
18282,-3.8132000000000001,3.2141999999999999
18283,0.71919999999999995,3.2254
18284,-3.7263999999999999,3.2161
18285,1.2834000000000001,3.2273000000000001
18286,-8.5317000000000007,3.2067999999999999
18287,-11.4521,3.1956000000000002
18288,-10.323600000000001,3.1974999999999998
18289,1.2834000000000001,3.2235
18290,4.8859000000000004,3.2347000000000001
18291,10.602600000000001,3.2532999999999999
18292,8.9222999999999999,3.2532999999999999
18293,13.1572,3.2645
18294,10.4724,3.2625999999999999
18295,7.3163999999999998,3.2570000000000001
18296,0,3.2403
18297,0,3.2383999999999999
18298,0,3.2366000000000001
18299,0,3.2366000000000001
18300,0,3.2366000000000001
18301,0,3.2366000000000001
18302,-6.4546000000000001,3.2216999999999998
18303,-9.6850000000000005,3.2124000000000001
18304,-20.529499999999999,3.1825999999999999
18305,-22.098199999999999,3.1732999999999998
18306,-26.2834,3.1583999999999999
18307,-20.839500000000001,3.1659000000000002
18308,-12.4131,3.1825999999999999
18309,-15.643599999999999,3.177
18310,-13.529199999999999,3.1789000000000001
18311,-12.214700000000001,3.1825999999999999
18312,-14.446899999999999,3.177
18313,-21.087499999999999,3.1602999999999999
18314,-26.680299999999999,3.1436000000000002
18315,-19.177800000000001,3.1583999999999999
18316,-11.8117,3.1751999999999998
18317,-8.2836999999999996,3.1844999999999999
18318,-6.0453000000000001,3.1901000000000002
18319,-4.4889999999999999,3.1956000000000002
18320,-4.4889999999999999,3.1974999999999998
18321,3.6396000000000002,3.2198000000000002
18322,-1.0911999999999999,3.2124000000000001
18323,0,3.2161
18324,0.76259999999999994,3.218
18325,0.16739999999999999,3.2198000000000002
18326,1.2709999999999999,3.2235
18327,0.16120000000000001,3.2216999999999998
18328,1.2709999999999999,3.2254
18329,5.7972999999999999,3.2366000000000001
18330,10.602600000000001,3.2513999999999998
18331,1.2834000000000001,3.2328000000000001
18332,-2.8210999999999999,3.2235
18333,-6.2934000000000001,3.2141999999999999
18334,-10.683199999999999,3.2012
18335,-9.1268999999999991,3.2031000000000001
18336,-0.53320000000000001,3.2198000000000002
18337,-3.2490000000000001,3.2161
18338,-5.4562999999999997,3.2105000000000001
18339,0.27900000000000003,3.2235
18340,-3.2427999999999999,3.2161
18341,-3.2427999999999999,3.2161
18342,-12.4069,3.1938
18343,-9.6105999999999998,3.1974999999999998
18344,-11.2165,3.1919
18345,-6.0019,3.2048999999999999
18346,-7.4527999999999999,3.2012
18347,-8.9718999999999998,3.1956000000000002
18348,-5.4873000000000003,3.2048999999999999
18349,-2.4056999999999999,3.2124000000000001
18350,1.2709999999999999,3.2216999999999998
18351,3.7202000000000002,3.2309999999999999
18352,0.71919999999999995,3.2254
18353,1.24,3.2273000000000001
18354,0.27900000000000003,3.2254
18355,0.71919999999999995,3.2273000000000001
18356,1.3206,3.2290999999999999
18357,0.75639999999999996,3.2290999999999999
18358,4.5262000000000002,3.2383999999999999
18359,13.163399999999999,3.2625999999999999
18360,11.4397,3.2625999999999999
18361,8.2774999999999999,3.2570000000000001
18362,0,3.2383999999999999
18363,0,3.2366000000000001
18364,0,3.2366000000000001
18365,0,3.2347000000000001
18366,0,3.2347000000000001
18367,0,3.2347000000000001
18368,0,3.2347000000000001
18369,0,3.2347000000000001
18370,0,3.2347000000000001
18371,0,3.2347000000000001
18372,0,3.2347000000000001
18373,0,3.2347000000000001
18374,0,3.2347000000000001
18375,0,3.2347000000000001
18376,0,3.2347000000000001
18377,0,3.2347000000000001
18378,0,3.2366000000000001
18379,0,3.2366000000000001
18380,0,3.2366000000000001
18381,0,3.2366000000000001
18382,0,3.2366000000000001
18383,0,3.2366000000000001
18384,0,3.2366000000000001
18385,0,3.2366000000000001
18386,0,3.2366000000000001
18387,0,3.2366000000000001
18388,0,3.2366000000000001
18389,0,3.2366000000000001
18390,0,3.2366000000000001
18391,0,3.2366000000000001
18392,0,3.2366000000000001
18393,0,3.2366000000000001
18394,0,3.2366000000000001
18395,-3.9744000000000002,3.2273000000000001
18396,-9.0525000000000002,3.2161
18397,-16.0032,3.1956000000000002
18398,-19.636600000000001,3.1825999999999999
18399,-24.0017,3.1677
18400,-27.728100000000001,3.1509999999999998
18401,-15.339700000000001,3.177
18402,-16.610800000000001,3.1732999999999998
18403,-20.721699999999998,3.1640000000000001
18404,-16.3566,3.1715
18405,-15.1723,3.1732999999999998
18406,-13.175800000000001,3.177
18407,-13.6966,3.1751999999999998
18408,-15.612500000000001,3.1715
18409,-7.6449999999999996,3.1882000000000001
18410,-11.4397,3.1808000000000001
18411,-10.894,3.1808000000000001
18412,-9.6478000000000002,3.1844999999999999
18413,0,3.2086999999999999
18414,1.3577999999999999,3.2141999999999999
18415,1.3577999999999999,3.218
18416,-4.0860000000000003,3.2086999999999999
18417,2.7528999999999999,3.2235
18418,9.8461999999999996,3.2421000000000002
18419,10.317399999999999,3.2496
18420,4.1604000000000001,3.2366000000000001
18421,3.4411999999999998,3.2366000000000001
18422,11.607100000000001,3.2570000000000001
18423,10.962300000000001,3.2589000000000001
18424,7.4404000000000003,3.2532999999999999
18425,2.4428999999999998,3.2421000000000002
18426,0.60140000000000005,3.2366000000000001
18427,0,3.2347000000000001
18428,0,3.2347000000000001
18429,0,3.2347000000000001
18430,0,3.2328000000000001
18431,-0.57040000000000002,3.2328000000000001
18432,-2.2073,3.2290999999999999
18433,-2.2507000000000001,3.2273000000000001
18434,0,3.2328000000000001
18435,-0.56420000000000003,3.2309999999999999
18436,0,3.2328000000000001
18437,0,3.2328000000000001
18438,0,3.2347000000000001
18439,0,3.2328000000000001
18440,0,3.2347000000000001
18441,0,3.2347000000000001
18442,0,3.2347000000000001
18443,-0.099199999999999997,3.2347000000000001
18444,-1.8043,3.2309999999999999
18445,-3.4102000000000001,3.2254
18446,-6.6158000000000001,3.218
18447,-15.0793,3.1956000000000002
18448,-17.292899999999999,3.1844999999999999
18449,-20.213200000000001,3.1751999999999998
18450,-9.8957999999999995,3.1938
18451,-5.4439000000000002,3.2067999999999999
18452,-13.8454,3.1863000000000001
18453,-19.8536,3.1715
18454,-20.120200000000001,3.1659000000000002
18455,-13.076599999999999,3.1789000000000001
18456,-5.1711,3.1974999999999998
18457,-3.9744000000000002,3.2031000000000001
18458,-4.0115999999999996,3.2048999999999999
18459,-6.25,3.2012
18460,-11.799300000000001,3.1863000000000001
18461,-9.1331000000000007,3.1919
18462,-12.561999999999999,3.1825999999999999
18463,-11.7745,3.1844999999999999
18464,-10.081799999999999,3.1863000000000001
18465,-2.2940999999999998,3.2067999999999999
18466,-2.2507000000000001,3.2086999999999999
18467,-6.0453000000000001,3.2012
18468,-8.9346999999999994,3.1938
18469,-9.0835000000000008,3.1919
18470,-6.4112,3.1974999999999998
18471,-9.3191000000000006,3.1901000000000002
18472,-6.2561999999999998,3.1974999999999998
18473,-7.7442000000000002,3.1938
18474,-5.6051000000000002,3.2012
18475,-4.0983999999999998,3.2048999999999999
18476,-4.0983999999999998,3.2048999999999999
18477,-2.4863,3.2105000000000001
18478,-2.4925000000000002,3.2105000000000001
18479,-4.0115999999999996,3.2086999999999999
18480,0,3.218
18481,-2.5731000000000002,3.2141999999999999
18482,0.71919999999999995,3.2216999999999998
18483,1.2834000000000001,3.2235
18484,3.8008000000000002,3.2309999999999999
18485,4.7618999999999998,3.2347000000000001
18486,10.087999999999999,3.2513999999999998
18487,6.4421999999999997,3.2440000000000002
18488,10.832000000000001,3.2570000000000001
18489,4.9230999999999998,3.2458999999999998
18490,6.3987999999999996,3.2513999999999998
18491,7.5953999999999997,3.2551999999999999
18492,0,3.2366000000000001
18493,0,3.2366000000000001
18494,0,3.2347000000000001
18495,0,3.2347000000000001
18496,0,3.2347000000000001
18497,0,3.2347000000000001
18498,0,3.2347000000000001
18499,0,3.2347000000000001
18500,0,3.2347000000000001
18501,0,3.2347000000000001
18502,0,3.2347000000000001
18503,0,3.2347000000000001
18504,0,3.2347000000000001
18505,0,3.2347000000000001
18506,0,3.2347000000000001
18507,0,3.2347000000000001
18508,0,3.2347000000000001
18509,0,3.2347000000000001
18510,0,3.2347000000000001
18511,-6.7645999999999997,3.2198000000000002
18512,-10.646000000000001,3.2086999999999999
18513,-16.127199999999998,3.1901000000000002
18514,-22.277999999999999,3.1732999999999998
18515,-26.4818,3.1566000000000001
18516,-31.367799999999999,3.1398000000000001
18517,-27.374700000000001,3.1436000000000002
18518,-24.200099999999999,3.1473
18519,-9.3315000000000001,3.1808000000000001
18520,1.24,3.2086999999999999
18521,1.2462,3.2141999999999999
18522,12.3201,3.2421000000000002
18523,13.442399999999999,3.2532999999999999
18524,10.832000000000001,3.2513999999999998
18525,7.1676000000000002,3.2458999999999998
18526,0,3.2309999999999999
18527,0,3.2290999999999999
18528,0,3.2290999999999999
18529,0,3.2290999999999999
18530,0,3.2290999999999999
18531,0,3.2290999999999999
18532,0,3.2290999999999999
18533,0,3.2309999999999999
18534,0,3.2309999999999999
18535,0,3.2309999999999999
18536,0,3.2309999999999999
18537,0,3.2309999999999999
18538,0,3.2309999999999999
18539,-0.77500000000000002,3.2290999999999999
18540,-4.3339999999999996,3.2216999999999998
18541,-6.6033999999999997,3.2141999999999999
18542,-9.7469999999999999,3.2067999999999999
18543,-18.136099999999999,3.1825999999999999
18544,-15.1661,3.1844999999999999
18545,-8.1721000000000004,3.1974999999999998
18546,-2.5731000000000002,3.2124000000000001
18547,0.47739999999999999,3.2216999999999998
18548,-3.3296000000000001,3.2161
18549,-3.9247999999999998,3.2141999999999999
18550,-1.5376000000000001,3.2198000000000002
18551,-8.2093000000000007,3.2048999999999999
18552,-13.368,3.1901000000000002
18553,-14.682499999999999,3.1844999999999999
18554,-16.325600000000001,3.177
18555,-13.175800000000001,3.1825999999999999
18556,-15.5319,3.1751999999999998
18557,-7.9737,3.1919
18558,-6.2934000000000001,3.1956000000000002
18559,-2.7715000000000001,3.2067999999999999
18560,0.27900000000000003,3.2161
18561,0.27900000000000003,3.218
18562,-6.4421999999999997,3.2031000000000001
18563,-6.2934000000000001,3.2031000000000001
18564,-5.1338999999999997,3.2048999999999999
18565,-1.6183000000000001,3.2141999999999999
18566,-0.36580000000000001,3.218
18567,-0.36580000000000001,3.2198000000000002
18568,-2.8149000000000002,3.2141999999999999
18569,-1.6183000000000001,3.218
18570,5.4500999999999999,3.2347000000000001
18571,1.6369,3.2290999999999999
18572,0.32240000000000002,3.2254
18573,-6.8948,3.2105000000000001
18574,-4.7184999999999997,3.2124000000000001
18575,-4.7743000000000002,3.2124000000000001
18576,1.1656,3.2254
18577,8.3270999999999997,3.2440000000000002
18578,7.0373999999999999,3.2440000000000002
18579,7.2481999999999998,3.2496
18580,0,3.2328000000000001
18581,0,3.2309999999999999
18582,0,3.2309999999999999
18583,0,3.2309999999999999
18584,0,3.2309999999999999
18585,0,3.2309999999999999
18586,0,3.2309999999999999
18587,0,3.2309999999999999
18588,0,3.2328000000000001
18589,0,3.2309999999999999
18590,0,3.2309999999999999
18591,0,3.2309999999999999
18592,0,3.2328000000000001
18593,0,3.2328000000000001
18594,-3.3296000000000001,3.2254
18595,-0.48359999999999997,3.2309999999999999
18596,-0.48359999999999997,3.2309999999999999
18597,-0.48359999999999997,3.2309999999999999
18598,-0.48359999999999997,3.2309999999999999
18599,-2.2568999999999999,3.2273000000000001
18600,-4.7184999999999997,3.2216999999999998
18601,-3.5714000000000001,3.2216999999999998
18602,-3.5714000000000001,3.2216999999999998
18603,-4.5324,3.2198000000000002
18604,-9.4865999999999993,3.2067999999999999
18605,-11.5265,3.1974999999999998
18606,-4.1790000000000003,3.2141999999999999
18607,0,3.2254
18608,0,3.2273000000000001
18609,0,3.2273000000000001
18610,-6.6219999999999999,3.2124000000000001
18611,-13.851599999999999,3.1919
18612,-22.0486,3.1696
18613,-26.8353,3.1547000000000001
18614,-25.248000000000001,3.1490999999999998
18615,-17.528500000000001,3.1659000000000002
18616,-11.049099999999999,3.1808000000000001
18617,-7.5705999999999998,3.1882000000000001
18618,-12.1341,3.1789000000000001
18619,-10.646000000000001,3.1825999999999999
18620,-9.6416000000000004,3.1844999999999999
18621,-8.5317000000000007,3.1882000000000001
18622,-3.6396000000000002,3.2012
18623,1.2834000000000001,3.2141999999999999
18624,1.24,3.218
18625,-3.4598,3.2086999999999999
18626,-3.4474,3.2086999999999999
18627,-3.4474,3.2086999999999999
18628,-3.4474,3.2086999999999999
18629,-3.4598,3.2105000000000001
18630,-9.6105999999999998,3.1938
18631,-5.0533000000000001,3.2048999999999999
18632,-8.5317000000000007,3.1938
18633,-5.9337,3.2012
18634,-7.4093999999999998,3.1956000000000002
18635,-8.9284999999999997,3.1919
18636,-6.25,3.1974999999999998
18637,-5.4996999999999998,3.2012
18638,-7.7628000000000004,3.1938
18639,-6.4421999999999997,3.1956000000000002
18640,-13.8826,3.1808000000000001
18641,-28.4846,3.1417000000000002
18642,8.9222999999999999,3.2254
18643,-27.325099999999999,3.1454
18644,-6.2436999999999996,3.1882000000000001
18645,-2.9761000000000002,3.2012
18646,5.1215000000000002,3.2216999999999998
18647,19.091000000000001,3.2606999999999999
18648,17.720700000000001,3.2645
18649,15.0855,3.2645
18650,11.966699999999999,3.2606999999999999
18651,8.6805000000000003,3.2551999999999999
18652,0,3.2347000000000001
18653,0,3.2328000000000001
18654,0,3.2309999999999999
18655,0,3.2309999999999999
18656,0,3.2309999999999999
18657,0,3.2309999999999999
18658,0,3.2309999999999999
18659,0,3.2309999999999999
18660,0,3.2309999999999999
18661,0,3.2309999999999999
18662,0,3.2309999999999999
18663,0,3.2309999999999999
18664,0,3.2309999999999999
18665,0,3.2309999999999999
18666,0,3.2309999999999999
18667,0,3.2309999999999999
18668,0,3.2328000000000001
18669,0,3.2309999999999999
18670,0,3.2328000000000001
18671,0,3.2328000000000001
18672,0,3.2328000000000001
18673,0,3.2328000000000001
18674,0,3.2328000000000001
18675,0,3.2328000000000001
18676,0,3.2328000000000001
18677,0,3.2328000000000001
18678,0,3.2328000000000001
18679,0,3.2328000000000001
18680,-4.8921000000000001,3.2235
18681,-10.615,3.2067999999999999
18682,-17.807500000000001,3.1863000000000001
18683,-18.644500000000001,3.1789000000000001
18684,-16.5364,3.1789000000000001
18685,-15.004899999999999,3.1808000000000001
18686,-9.5299999999999994,3.1919
18687,-26.085000000000001,3.1509999999999998
18688,-7.056,3.1919
18689,-14.081099999999999,3.177
18690,-11.098699999999999,3.1825999999999999
18691,-2.8149000000000002,3.2031000000000001
18692,-20.715499999999999,3.1621999999999999
18693,1.24,3.2105000000000001
18694,0.83699999999999997,3.2141999999999999
18695,0.76259999999999994,3.2161
18696,1.24,3.2198000000000002
18697,1.6865000000000001,3.2235
18698,1.24,3.2235
18699,0.71919999999999995,3.2235
18700,4.117,3.2328000000000001
18701,3.4411999999999998,3.2328000000000001
18702,3.0752999999999999,3.2328000000000001
18703,2.8769,3.2347000000000001
18704,4.3216000000000001,3.2383999999999999
18705,7.5209999999999999,3.2496
18706,0,3.2328000000000001
18707,0,3.2309999999999999
18708,0,3.2309999999999999
18709,0,3.2309999999999999
18710,0,3.2309999999999999
18711,0,3.2309999999999999
18712,0,3.2309999999999999
18713,0,3.2309999999999999
18714,0,3.2309999999999999
18715,0,3.2309999999999999
18716,0,3.2309999999999999
18717,0,3.2309999999999999
18718,0,3.2309999999999999
18719,0,3.2309999999999999
18720,0,3.2309999999999999
18721,0,3.2309999999999999
18722,0,3.2328000000000001
18723,0,3.2309999999999999
18724,0,3.2328000000000001
18725,0,3.2328000000000001
18726,0,3.2328000000000001
18727,0,3.2328000000000001
18728,0,3.2328000000000001
18729,0,3.2328000000000001
18730,0,3.2328000000000001
18731,0,3.2328000000000001
18732,0,3.2328000000000001
18733,0,3.2328000000000001
18734,0,3.2328000000000001
18735,0,3.2328000000000001
18736,0,3.2328000000000001
18737,-9.6167999999999996,3.2124000000000001
18738,-9.4431999999999992,3.2086999999999999
18739,-15.333500000000001,3.1901000000000002
18740,-18.681699999999999,3.1789000000000001
18741,-21.124700000000001,3.1696
18742,-23.3444,3.1602999999999999
18743,-6.3305999999999996,3.1956000000000002
18744,-9.2881,3.1901000000000002
18745,-27.808700000000002,3.1454
18746,-13.119999999999999,3.1751999999999998
18747,-10.615,3.1808000000000001
18748,-4.5633999999999997,3.1956000000000002
18749,0.83079999999999998,3.2124000000000001
18750,1.7237,3.218
18751,1.7237,3.2198000000000002
18752,1.2338,3.2216999999999998
18753,1.6369,3.2235
18754,11.4459,3.2496
18755,7.1676000000000002,3.2421000000000002
18756,-1.8167,3.2235
18757,-4.5696000000000003,3.2161
18758,-4.6999000000000004,3.2141999999999999
18759,-6.0576999999999996,3.2105000000000001
18760,-12.0101,3.1938
18761,-20.1326,3.1715
18762,-22.284199999999998,3.1621999999999999
18763,-20.529499999999999,3.1602999999999999
18764,-5.3695000000000004,3.1938
18765,-0.53320000000000001,3.2086999999999999
18766,-1.8973,3.2086999999999999
18767,5.7229000000000001,3.2273000000000001
18768,10.6708,3.2440000000000002
18769,7.3226000000000004,3.2403
18770,4.117,3.2347000000000001
18771,-1.9282999999999999,3.2216999999999998
18772,-17.7393,3.1825999999999999
18773,-21.812899999999999,3.1677
18774,-20.839500000000001,3.1640000000000001
18775,-21.0441,3.1602999999999999
18776,-15.234299999999999,3.1696
18777,-8.5626999999999995,3.1844999999999999
18778,-7.3659999999999997,3.1882000000000001
18779,-5.3013000000000003,3.1938
18780,0.71919999999999995,3.2105000000000001
18781,-2.2073,3.2067999999999999
18782,-5.9212999999999996,3.1974999999999998
18783,-5.2516999999999996,3.2012
18784,-2.2507000000000001,3.2086999999999999
18785,-2.2073,3.2086999999999999
18786,-3.7202000000000002,3.2067999999999999
18787,-10.131399999999999,3.1901000000000002
18788,-10.329800000000001,3.1882000000000001
18789,-5.4935,3.1974999999999998
18790,0.0061999999999999998,3.2124000000000001
18791,1.2709999999999999,3.218
18792,-5.2950999999999997,3.2048999999999999
18793,-8.9284999999999997,3.1938
18794,-11.972899999999999,3.1844999999999999
18795,-4.0983999999999998,3.2031000000000001
18796,0,3.2124000000000001
18797,-9.2446999999999999,3.1919
18798,-11.6381,3.1844999999999999
18799,-14.2051,3.177
18800,-18.644500000000001,3.1640000000000001
18801,-13.8888,3.1715
18802,-11.842700000000001,3.1751999999999998
18803,-8.9657,3.1825999999999999
18804,-9.0835000000000008,3.1825999999999999
18805,-9.2446999999999999,3.1825999999999999
18806,-5.0967000000000002,3.1919
18807,-1.6121000000000001,3.2031000000000001
18808,-3.2427999999999999,3.2012
18809,-3.2427999999999999,3.2031000000000001
18810,-6.6963999999999997,3.1938
18811,-10.8072,3.1825999999999999
18812,0.71919999999999995,3.2105000000000001
18813,1.3577999999999999,3.2141999999999999
18814,0.71919999999999995,3.2141999999999999
18815,-8.8478999999999992,3.1919
18816,-12.0845,3.1825999999999999
18817,-10.726599999999999,3.1825999999999999
18818,-7.6883999999999997,3.1901000000000002
18819,-6.8886000000000003,3.1901000000000002
18820,-3.4102000000000001,3.2012
18821,1.3577999999999999,3.2141999999999999
18822,2.0771000000000002,3.218
18823,-6.5166000000000004,3.1974999999999998
18824,-8.9657,3.1901000000000002
18825,-12.2829,3.1808000000000001
18826,-12.568199999999999,3.1789000000000001
18827,-13.814399999999999,3.1732999999999998
18828,-11.4893,3.177
18829,-8.2898999999999994,3.1844999999999999
18830,-1.8973,3.2012
18831,1.3577999999999999,3.2124000000000001
18832,21.366499999999998,3.2625999999999999
18833,19.562200000000001,3.2663000000000002
18834,18.322099999999999,3.27
18835,15.556699999999999,3.2682000000000002
18836,12.4069,3.2645
18837,9.1206999999999994,3.2570000000000001
18838,0,3.2366000000000001
18839,0,3.2347000000000001
18840,0,3.2328000000000001
18841,0,3.2309999999999999
18842,0,3.2309999999999999
18843,0,3.2309999999999999
18844,0,3.2309999999999999
18845,0,3.2309999999999999
18846,0,3.2309999999999999
18847,0,3.2309999999999999
18848,0,3.2309999999999999
18849,0,3.2309999999999999
18850,0,3.2309999999999999
18851,0,3.2309999999999999
18852,0,3.2309999999999999
18853,0,3.2309999999999999
18854,0,3.2309999999999999
18855,0,3.2309999999999999
18856,0,3.2309999999999999
18857,0,3.2309999999999999
18858,0,3.2309999999999999
18859,0,3.2309999999999999
18860,0,3.2309999999999999
18861,0,3.2309999999999999
18862,0,3.2309999999999999
18863,0,3.2309999999999999
18864,0,3.2309999999999999
18865,0,3.2309999999999999
18866,0,3.2328000000000001
18867,0,3.2309999999999999
18868,0,3.2328000000000001
18869,0,3.2309999999999999
18870,0,3.2328000000000001
18871,0,3.2328000000000001
18872,0,3.2328000000000001
18873,0,3.2328000000000001
18874,0,3.2328000000000001
18875,0,3.2328000000000001
18876,0,3.2328000000000001
18877,0,3.2328000000000001
18878,0,3.2328000000000001
18879,0,3.2328000000000001
18880,-10.491,3.2086999999999999
18881,-14.453099999999999,3.1938
18882,-18.334499999999998,3.1808000000000001
18883,-22.811199999999999,3.1659000000000002
18884,-28.608599999999999,3.1454
18885,-33.438699999999997,3.1286999999999998
18886,-29.241,3.1324000000000001
18887,-28.2056,3.1305000000000001
18888,-22.3276,3.1417000000000002
18889,-12.152699999999999,3.1659000000000002
18890,2.6785000000000001,3.2031000000000001
18891,1.8476999999999999,3.2067999999999999
18892,0.71919999999999995,3.2086999999999999
18893,-7.4032,3.1901000000000002
18894,-6.1258999999999997,3.1919
18895,-6.2065000000000001,3.1919
18896,-9.0835000000000008,3.1863000000000001
18897,-21.471900000000002,3.1566000000000001
18898,2.7528999999999999,3.2086999999999999
18899,14.037599999999999,3.2403
18900,6.0887000000000002,3.2290999999999999
18901,16.133400000000002,3.2570000000000001
18902,6.9568000000000003,3.2403
18903,1.0416000000000001,3.2273000000000001
18904,-10.2058,3.2012
18905,-6.7645999999999997,3.2048999999999999
18906,-15.6312,3.1808000000000001
18907,-26.767099999999999,3.1490999999999998
18908,-30.834499999999998,3.1324000000000001
18909,-39.961500000000001,3.1063000000000001
18910,-39.961500000000001,3.0989
18911,-39.955300000000001,3.0933000000000002
18912,-39.961500000000001,3.0914999999999999
18913,-25.2852,3.1212
18914,-39.967700000000001,3.0876999999999999
18915,-30.115300000000001,3.1082000000000001
18916,-39.961500000000001,3.0840000000000001
18917,-38.268799999999999,3.0859000000000001
18918,-39.955300000000001,3.0802999999999998
18919,-29.160399999999999,3.1008
18920,-27.455300000000001,3.1082000000000001
18921,-25.886600000000001,3.1118999999999999
18922,-10.491,3.1454
18923,-6.4112,3.1602999999999999
18924,-8.7239000000000004,3.1583999999999999
18925,-6.2436999999999996,3.1659000000000002
18926,-10.2492,3.1583999999999999
18927,-10.243,3.1583999999999999
18928,-10.243,3.1602999999999999
18929,-10.2492,3.1602999999999999
18930,-14.8127,3.1490999999999998
18931,-14.8933,3.1473
18932,-21.819099999999999,3.1305000000000001
18933,-24.479099999999999,3.1231
18934,-24.962700000000002,3.1194000000000002
18935,-20.721699999999998,3.1286999999999998
18936,-23.456099999999999,3.1212
18937,-26.271000000000001,3.1137999999999999
18938,-21.8812,3.1231
18939,-24.689900000000002,3.1156000000000001
18940,-30.115300000000001,3.1008
18941,-39.961500000000001,3.0783999999999998
18942,-39.552300000000002,3.0747
18943,-27.734300000000001,3.0989
18944,-22.7926,3.1118999999999999
18945,-17.528500000000001,3.125
18946,-12.3697,3.1379999999999999
18947,-7.4527999999999999,3.1509999999999998
18948,-14.688700000000001,3.1379999999999999
18949,-19.928000000000001,3.1267999999999998
18950,-23.003399999999999,3.1175000000000002
18951,-25.9176,3.1101000000000001
18952,-20.6907,3.1212
18953,-26.488,3.1082000000000001
18954,-21.118500000000001,3.1175000000000002
18955,-24.324100000000001,3.1118999999999999
18956,-18.843,3.1231
18957,-16.213999999999999,3.1286999999999998
18958,-11.4087,3.1417000000000002
18959,-16.09,3.1324000000000001
18960,-16.0776,3.1324000000000001
18961,-16.0962,3.1324000000000001
18962,-16.0776,3.1324000000000001
18963,-16.0962,3.1324000000000001
18964,-13.368,3.1398000000000001
18965,-8.3581000000000003,3.1509999999999998
18966,-8.2030999999999992,3.1566000000000001
18967,1.5189999999999999,3.1789000000000001
18968,-2.1328999999999998,3.1751999999999998
18969,-4.6130000000000004,3.1715
18970,-9.7408000000000001,3.1602999999999999
18971,-6.9691999999999998,3.1659000000000002
18972,-11.563700000000001,3.1566000000000001
18973,-22.017600000000002,3.1286999999999998
18974,-16.840199999999999,3.1379999999999999
18975,-16.896000000000001,3.1379999999999999
18976,-14.322900000000001,3.1417000000000002
18977,-7.0064000000000002,3.1602999999999999
18978,-4.1790000000000003,3.1696
18979,-4.1294000000000004,3.1715
18980,-3.9247999999999998,3.1732999999999998
18981,-1.054,3.1808000000000001
18982,-20.715499999999999,3.1379999999999999
18983,-3.621,3.1732999999999998
18984,-10.639799999999999,3.1602999999999999
18985,-8.6928999999999998,3.1640000000000001
18986,-8.5379000000000005,3.1640000000000001
18987,-15.327299999999999,3.1473
18988,-11.0801,3.1566000000000001
18989,-39.955300000000001,3.0876999999999999
18990,2.0832999999999999,3.1789000000000001
18991,-39.961500000000001,3.0859000000000001
18992,-13.926,3.1379999999999999
18993,-27.163900000000002,3.1101000000000001
18994,-39.961500000000001,3.0783999999999998
18995,-28.4846,3.0989
18996,-20.560500000000001,3.1175000000000002
18997,-26.401199999999999,3.1025999999999998
18998,-15.718,3.1267999999999998
18999,-10.8878,3.1417000000000002
19000,0,3.1696
19001,1.6740999999999999,3.1789000000000001
19002,4.7184999999999997,3.1882000000000001
19003,7.9302999999999999,3.2012
19004,6.5910000000000002,3.2031000000000001
19005,-12.840999999999999,3.1602999999999999
19006,-12.847200000000001,3.1566000000000001
19007,-3.218,3.177
19008,6.6778000000000004,3.2031000000000001
19009,-10.243,3.1659000000000002
19010,-14.2857,3.1547000000000001
19011,-10.2492,3.1621999999999999
19012,-2.5669,3.1789000000000001
19013,-9.9329999999999998,3.1640000000000001
19014,-11.613300000000001,3.1602999999999999
19015,-11.613300000000001,3.1583999999999999
19016,-2.3313000000000001,3.1789000000000001
19017,0,3.1863000000000001
19018,0.16739999999999999,3.1882000000000001
19019,5.1649000000000003,3.2048999999999999
19020,7.9923000000000002,3.2141999999999999
19021,7.9612999999999996,3.218
19022,9.1206999999999994,3.2235
19023,9.0463000000000005,3.2254
19024,7.7999999999999998,3.2235
19025,8.8416999999999994,3.2273000000000001
19026,15.2033,3.2440000000000002
19027,11.644299999999999,3.2403
19028,14.1989,3.2496
19029,10.001200000000001,3.2403
19030,8.5688999999999993,3.2383999999999999
19031,5.5989000000000004,3.2328000000000001
19032,4.6749999999999998,3.2290999999999999
19033,-3.3296000000000001,3.2124000000000001
19034,1.3640000000000001,3.2198000000000002
19035,5.2827000000000002,3.2290999999999999
19036,8.9657,3.2383999999999999
19037,15.7676,3.2570000000000001
19038,17.8447,3.2645
19039,5.9275000000000002,3.2403
19040,3.7635999999999998,3.2347000000000001
19041,1.5996999999999999,3.2290999999999999
19042,5.2331000000000003,3.2366000000000001
19043,4.7680999999999996,3.2366000000000001
19044,8.5192999999999994,3.2440000000000002
19045,3.8008000000000002,3.2347000000000001
19046,0,3.2254
19047,0,3.2254
19048,0,3.2254
19049,0,3.2235
19050,0,3.2235
19051,0,3.2235
19052,0,3.2235
19053,0,3.2235
19054,0,3.2216999999999998
19055,0,3.2216999999999998
19056,0,3.2216999999999998
19057,0,3.2216999999999998
19058,0,3.2216999999999998
19059,0,3.2216999999999998
19060,0,3.2216999999999998
19061,0,3.2216999999999998
19062,0,3.2216999999999998
19063,-3.3296000000000001,3.2141999999999999
19064,-10.615,3.1956000000000002
19065,-16.685199999999998,3.177
19066,-20.207000000000001,3.1659000000000002
19067,-24.565899999999999,3.1490999999999998
19068,-28.193200000000001,3.1360999999999999
19069,-27.814900000000002,3.1305000000000001
19070,-30.760100000000001,3.1194000000000002
19071,-16.883600000000001,3.1473
19072,-21.732299999999999,3.1360999999999999
19073,-20.9635,3.1360999999999999
19074,-23.648299999999999,3.1286999999999998
19075,-31.448399999999999,3.1101000000000001
19076,-16.207799999999999,3.1398000000000001
19077,-16.771999999999998,3.1398000000000001
19078,-13.082800000000001,3.1490999999999998
19079,-15.9598,3.1436000000000002
19080,-17.596699999999998,3.1379999999999999
19081,-19.803999999999998,3.1324000000000001
19082,-7.9302999999999999,3.1602999999999999
19083,-10.7638,3.1566000000000001
19084,-4.2843999999999998,3.1715
19085,-0.48980000000000001,3.1844999999999999
19086,-8.9595000000000002,3.1677
19087,-18.880199999999999,3.1417000000000002
19088,-14.8065,3.1473
19089,-6.5662000000000003,3.1677
19090,-6.5662000000000003,3.1696
19091,-6.5599999999999996,3.1715
19092,-6.5662000000000003,3.1715
19093,-6.5662000000000003,3.1715
19094,-7.7565999999999997,3.1696
19095,-11.4521,3.1621999999999999
19096,-7.9302999999999999,3.1696
19097,-4.7743000000000002,3.177
19098,0.47739999999999999,3.1901000000000002
19099,5.1649000000000003,3.2048999999999999
19100,6.0391000000000004,3.2105000000000001
19101,2.2383000000000002,3.2048999999999999
19102,15.246700000000001,3.2366000000000001
19103,16.598400000000002,3.2440000000000002
19104,20.1326,3.2589000000000001
19105,14.676299999999999,3.2513999999999998
19106,13.591200000000001,3.2513999999999998
19107,12.2767,3.2496
19108,10.6088,3.2458999999999998
19109,6.2003000000000004,3.2366000000000001
19110,0,3.2235
19111,0,3.2216999999999998
19112,0,3.2198000000000002
19113,0,3.2198000000000002
19114,0,3.218
19115,0,3.2198000000000002
19116,0,3.218
19117,0,3.218
19118,0,3.218
19119,-8.3332999999999995,3.1974999999999998
19120,-10.639799999999999,3.1882000000000001
19121,-17.050999999999998,3.1715
19122,-23.195599999999999,3.1509999999999998
19123,-27.368500000000001,3.1360999999999999
19124,-32.198599999999999,3.1194000000000002
19125,-39.949100000000001,3.0933000000000002
19126,-35.602600000000002,3.097
19127,-11.7683,3.1490999999999998
19128,-28.366800000000001,3.1137999999999999
19129,-24.528700000000001,3.1194000000000002
19130,-18.644500000000001,3.1324000000000001
19131,-6.5972,3.1621999999999999
19132,-3.1745999999999999,3.1732999999999998
19133,0,3.1825999999999999
19134,0.71919999999999995,3.1882000000000001
19135,1.3640000000000001,3.1938
19136,3.7263999999999999,3.2031000000000001
19137,17.671099999999999,3.2383999999999999
19138,18.086500000000001,3.2458999999999998
19139,15.3149,3.2440000000000002
19140,12.158899999999999,3.2403
19141,8.9161000000000001,3.2347000000000001
19142,0,3.2161
19143,0,3.2141999999999999
19144,0,3.2141999999999999
19145,0,3.2141999999999999
19146,0,3.2124000000000001
19147,0,3.2124000000000001
19148,0,3.2124000000000001
19149,0,3.2124000000000001
19150,0,3.2141999999999999
19151,0,3.2141999999999999
19152,0,3.2141999999999999
19153,0,3.2141999999999999
19154,0,3.2141999999999999
19155,0,3.2141999999999999
19156,0,3.2141999999999999
19157,0,3.2141999999999999
19158,0,3.2141999999999999
19159,0,3.2141999999999999
19160,0,3.2161
19161,0,3.2161
19162,0,3.2161
19163,0,3.2161
19164,-10.4786,3.1901000000000002
19165,-14.453099999999999,3.177
19166,-18.334499999999998,3.1640000000000001
19167,-22.805,3.1473
19168,-28.608599999999999,3.1286999999999998
19169,-33.438699999999997,3.1118999999999999
19170,-39.967700000000001,3.0895999999999999
19171,-39.942900000000002,3.0840000000000001
19172,-22.0486,3.1212
19173,-21.812899999999999,3.1231
19174,-39.955300000000001,3.0802999999999998
19175,-28.4102,3.1008
19176,-14.453099999999999,3.1324000000000001
19177,-24.838699999999999,3.1118999999999999
19178,-10.838200000000001,3.1436000000000002
19179,-14.552300000000001,3.1360999999999999
19180,-14.831300000000001,3.1360999999999999
19181,-4.6067999999999998,3.1621999999999999
19182,-7.7628000000000004,3.1583999999999999
19183,-7.8125,3.1583999999999999
19184,-2.6909000000000001,3.1715
19185,-0.69440000000000002,3.1789000000000001
19186,-11.241300000000001,3.1583999999999999
19187,-6.5785999999999998,3.1677
19188,0.52700000000000002,3.1844999999999999
19189,-4.4889999999999999,3.1751999999999998
19190,-4.4207999999999998,3.177
19191,-2.4863,3.1808000000000001
19192,-6.2934000000000001,3.1732999999999998
19193,-6.2872000000000003,3.1732999999999998
19194,-6.2872000000000003,3.1732999999999998
19195,-6.2995999999999999,3.1732999999999998
19196,-6.2934000000000001,3.1732999999999998
19197,-2.4367000000000001,3.1825999999999999
19198,-8.1287000000000003,3.1715
19199,-8.1659000000000006,3.1696
19200,-11.042899999999999,3.1621999999999999
19201,-0.57040000000000002,3.1863000000000001
19202,-2.4428999999999998,3.1844999999999999
19203,-6.2126999999999999,3.177
19204,-6.2065000000000001,3.1751999999999998
19205,-2.4119000000000002,3.1844999999999999
19206,-2.3313000000000001,3.1863000000000001
19207,-4.1727999999999996,3.1825999999999999
19208,6.0019,3.2086999999999999
19209,10.1934,3.2216999999999998
19210,13.126200000000001,3.2328000000000001
19211,13.8392,3.2383999999999999
19212,14.8437,3.2440000000000002
19213,15.9598,3.2513999999999998
19214,13.2874,3.2496
19215,13.2812,3.2513999999999998
19216,10.6708,3.2458999999999998
19217,6.8079999999999998,3.2383999999999999
19218,0,3.2216999999999998
19219,0,3.2198000000000002
19220,0,3.218
19221,0,3.218
19222,0,3.218
19223,0,3.218
19224,0,3.2161
19225,0,3.2161
19226,0,3.2161
19227,-3.9744000000000002,3.2086999999999999
19228,-7.5396000000000001,3.1956000000000002
19229,-6.6529999999999996,3.1956000000000002
19230,-3.6147999999999998,3.2031000000000001
19231,-11.414899999999999,3.1825999999999999
19232,-7.0869999999999997,3.1901000000000002
19233,-6.6096000000000004,3.1901000000000002
19234,-10.2926,3.1808000000000001
19235,-15.842000000000001,3.1659000000000002
19236,-17.4603,3.1583999999999999
19237,-16.325600000000001,3.1583999999999999
19238,-13.9322,3.1621999999999999
19239,-13.485799999999999,3.1602999999999999
19240,-12.0039,3.1640000000000001
19241,-13.3308,3.1602999999999999
19242,-14.453099999999999,3.1566000000000001
19243,-12.561999999999999,3.1602999999999999
19244,-11.7621,3.1602999999999999
19245,-8.6990999999999996,3.1677
19246,-5.2888999999999999,3.177
19247,-3.8008000000000002,3.1808000000000001
19248,-3.8008000000000002,3.1825999999999999
19249,-3.8193999999999999,3.1825999999999999
19250,-3.8008000000000002,3.1844999999999999
19251,-3.8008000000000002,3.1844999999999999
19252,-11.7745,3.1677
19253,-6.3305999999999996,3.177
19254,-6.4112,3.177
19255,0.71919999999999995,3.1938
19256,0.71919999999999995,3.1974999999999998
19257,-0.77500000000000002,3.1956000000000002
19258,-3.8008000000000002,3.1901000000000002
19259,-3.8008000000000002,3.1882000000000001
19260,1.8043,3.2048999999999999
19261,6.2003000000000004,3.2161
19262,16.486799999999999,3.2421000000000002
19263,13.2874,3.2421000000000002
19264,10.677,3.2383999999999999
19265,0,3.2161
19266,0,3.2141999999999999
19267,0,3.2141999999999999
19268,0,3.2124000000000001
19269,0,3.2124000000000001
19270,0,3.2124000000000001
19271,0,3.2124000000000001
19272,0,3.2124000000000001
19273,0,3.2124000000000001
19274,0,3.2124000000000001
19275,0,3.2124000000000001
19276,0,3.2141999999999999
19277,0,3.2141999999999999
19278,0,3.2124000000000001
19279,0,3.2141999999999999
19280,0,3.2141999999999999
19281,0,3.2141999999999999
19282,0,3.2141999999999999
19283,0,3.2141999999999999
19284,0,3.2141999999999999
19285,-10.4848,3.1882000000000001
19286,-14.453099999999999,3.1751999999999998
19287,-18.334499999999998,3.1621999999999999
19288,-22.550799999999999,3.1454
19289,-13.2936,3.1640000000000001
19290,-13.058,3.1640000000000001
19291,-10.999499999999999,3.1677
19292,-2.1267,3.1882000000000001
19293,-2.1267,3.1919
19294,-6.2872000000000003,3.1825999999999999
19295,-4.1294000000000004,3.1882000000000001
19296,-2.1391,3.1919
19297,-0.124,3.2012
19298,1.0416000000000001,3.2048999999999999
19299,-1.1346000000000001,3.2012
19300,0.27900000000000003,3.2048999999999999
19301,-6.25,3.1901000000000002
19302,-3.218,3.1956000000000002
19303,-1.1346000000000001,3.2012
19304,0.60140000000000005,3.2067999999999999
19305,-1.0911999999999999,3.2031000000000001
19306,-2.0461,3.2031000000000001
19307,-3.0442999999999998,3.1974999999999998
19308,-6.2436999999999996,3.1901000000000002
19309,-7.2544000000000004,3.1863000000000001
19310,-10.460000000000001,3.177
19311,-8.9346999999999994,3.1789000000000001
19312,-12.531000000000001,3.1696
19313,-10.968500000000001,3.1715
19314,-3.9247999999999998,3.1863000000000001
19315,-3.9681999999999999,3.1863000000000001
19316,-7.7256,3.1789000000000001
19317,-7.5148000000000001,3.1789000000000001
19318,-7.6449999999999996,3.177
19319,-4.5633999999999997,3.1844999999999999
19320,-3.2118000000000002,3.1882000000000001
19321,-3.2118000000000002,3.1901000000000002
19322,-5.3323,3.1844999999999999
19323,-14.967700000000001,3.1621999999999999
19324,-20.4861,3.1436000000000002
19325,-15.246700000000001,3.1509999999999998
19326,-10.8072,3.1621999999999999
19327,-10.453799999999999,3.1621999999999999
19328,3.9681999999999999,3.1974999999999998
19329,17.683499999999999,3.2347000000000001
19330,16.213999999999999,3.2403
19331,13.0642,3.2383999999999999
19332,9.7097999999999995,3.2347000000000001
19333,0,3.2141999999999999
19334,0,3.2124000000000001
19335,0,3.2124000000000001
19336,0,3.2124000000000001
19337,0,3.2105000000000001
19338,0,3.2105000000000001
19339,0,3.2105000000000001
19340,0,3.2124000000000001
19341,0,3.2124000000000001
19342,0,3.2124000000000001
19343,0,3.2124000000000001
19344,0,3.2124000000000001
19345,0,3.2124000000000001
19346,0,3.2124000000000001
19347,0,3.2124000000000001
19348,0,3.2124000000000001
19349,0,3.2141999999999999
19350,0,3.2124000000000001
19351,0,3.2124000000000001
19352,0,3.2141999999999999
19353,0,3.2141999999999999
19354,0,3.2141999999999999
19355,0,3.2141999999999999
19356,0,3.2141999999999999
19357,0,3.2141999999999999
19358,0,3.2141999999999999
19359,0,3.2141999999999999
19360,0,3.2141999999999999
19361,0,3.2141999999999999
19362,-6.4546000000000001,3.1974999999999998
19363,-8.1659000000000006,3.1919
19364,-17.125399999999999,3.1677
19365,-13.8888,3.1715
19366,-16.418600000000001,3.1621999999999999
19367,-12.0101,3.1696
19368,-11.644299999999999,3.1696
19369,-20.014800000000001,3.1454
19370,-21.589700000000001,3.1379999999999999
19371,-16.530200000000001,3.1473
19372,-15.7242,3.1473
19373,-15.4513,3.1473
19374,-17.534700000000001,3.1417000000000002
19375,-13.485799999999999,3.1490999999999998
19376,-7.6201999999999996,3.1659000000000002
19377,-9.1578999999999997,3.1621999999999999
19378,-5.6485000000000003,3.1715
19379,-5.6919000000000004,3.1732999999999998
19380,-4.1231999999999998,3.1789000000000001
19381,-6.5662000000000003,3.1732999999999998
19382,-5.7229000000000001,3.1751999999999998
19383,-4.1727999999999996,3.1808000000000001
19384,1.2834000000000001,3.1938
19385,1.2709999999999999,3.1956000000000002
19386,10.1252,3.2216999999999998
19387,11.191700000000001,3.2273000000000001
19388,13.368,3.2366000000000001
19389,7.8372999999999999,3.2290999999999999
19390,6.2436999999999996,3.2254
19391,7.6387999999999998,3.2309999999999999
19392,0,3.2141999999999999
19393,0,3.2141999999999999
19394,0,3.2124000000000001
19395,0,3.2124000000000001
19396,0,3.2124000000000001
19397,0,3.2124000000000001
19398,0,3.2124000000000001
19399,0,3.2105000000000001
19400,0,3.2124000000000001
19401,0,3.2124000000000001
19402,0,3.2124000000000001
19403,0,3.2124000000000001
19404,0,3.2124000000000001
19405,0,3.2124000000000001
19406,0,3.2124000000000001
19407,0,3.2124000000000001
19408,0,3.2124000000000001
19409,0,3.2141999999999999
19410,-4.5633999999999997,3.2031000000000001
19411,-6.2561999999999998,3.1956000000000002
19412,-3.8441999999999998,3.2012
19413,-6.9630000000000001,3.1919
19414,-14.000400000000001,3.1732999999999998
19415,-13.6408,3.1696
19416,-15.972200000000001,3.1621999999999999
19417,-10.1996,3.1715
19418,-16.2822,3.1583999999999999
19419,-5.0842999999999998,3.1808000000000001
19420,-0.099199999999999997,3.1956000000000002
19421,-2.0522999999999998,3.1919
19422,-16.840199999999999,3.1583999999999999
19423,-11.842700000000001,3.1659000000000002
19424,-11.4521,3.1659000000000002
19425,-16.945599999999999,3.1490999999999998
19426,-14.081099999999999,3.1547000000000001
19427,-3.2118000000000002,3.1789000000000001
19428,0.83079999999999998,3.1919
19429,-10.212,3.1696
19430,-10.491,3.1659000000000002
19431,-5.6113,3.177
19432,4.0797999999999996,3.2031000000000001
19433,3.6086,3.2048999999999999
19434,4.5262000000000002,3.2105000000000001
19435,11.0739,3.2290999999999999
19436,10.962300000000001,3.2309999999999999
19437,8.1597000000000008,3.2290999999999999
19438,0,3.2124000000000001
19439,0,3.2105000000000001
19440,0,3.2105000000000001
19441,0,3.2105000000000001
19442,0,3.2105000000000001
19443,0,3.2105000000000001
19444,-0.086800000000000002,3.2105000000000001
19445,-8.6928999999999998,3.1882000000000001
19446,-10.646000000000001,3.1808000000000001
19447,-16.598400000000002,3.1640000000000001
19448,-20.380700000000001,3.1473
19449,-12.0101,3.1640000000000001
19450,-17.4541,3.1490999999999998
19451,-18.892600000000002,3.1436000000000002
19452,-17.249500000000001,3.1436000000000002
19453,-21.732299999999999,3.1324000000000001
19454,-20.926300000000001,3.1305000000000001
19455,-19.977599999999999,3.1305000000000001
19456,-16.207799999999999,3.1379999999999999
19457,-16.9208,3.1360999999999999
19458,-11.8551,3.1473
19459,-10.77,3.1509999999999998
19460,-8.0853000000000002,3.1583999999999999
19461,-9.6478000000000002,3.1566000000000001
19462,-8.3704999999999998,3.1602999999999999
19463,-4.4889999999999999,3.1696
19464,0,3.1825999999999999
19465,-2.7652999999999999,3.1789000000000001
19466,-1.1284000000000001,3.1825999999999999
19467,1.3577999999999999,3.1919
19468,2.5916999999999999,3.1956000000000002
19469,6.7645999999999997,3.2105000000000001
19470,10.7638,3.2235
19471,10.081799999999999,3.2254
19472,11.7125,3.2328000000000001
19473,9.8461999999999996,3.2309999999999999
19474,5.2393000000000001,3.2235
19475,6.6715999999999998,3.2273000000000001
19476,0,3.2124000000000001
19477,0,3.2105000000000001
19478,0,3.2105000000000001
19479,0,3.2105000000000001
19480,-0.48359999999999997,3.2086999999999999
19481,0,3.2105000000000001
19482,0,3.2105000000000001
19483,-9.6044,3.1863000000000001
19484,-10.639799999999999,3.1789000000000001
19485,-17.813700000000001,3.1602999999999999
19486,-23.970700000000001,3.1379999999999999
19487,-24.156700000000001,3.1324000000000001
19488,-16.139600000000002,3.1454
19489,-10.410399999999999,3.1602999999999999
19490,-13.0518,3.1547000000000001
19491,-14.2485,3.1490999999999998
19492,-15.792400000000001,3.1436000000000002
19493,-16.524000000000001,3.1398000000000001
19494,-25.2852,3.1175000000000002
19495,-23.015799999999999,3.1194000000000002
19496,-16.852599999999999,3.1324000000000001
19497,-10.9747,3.1454
19498,-8.2093000000000007,3.1547000000000001
19499,-12.2829,3.1454
19500,-4.5633999999999997,3.1659000000000002
19501,-4.5633999999999997,3.1677
19502,-2.8893,3.1732999999999998
19503,0,3.1825999999999999
19504,-1.1779999999999999,3.1825999999999999
19505,-4.3650000000000002,3.1751999999999998
19506,-4.3587999999999996,3.1751999999999998
19507,-2.7715000000000001,3.1808000000000001
19508,2.0398999999999998,3.1919
19509,-2.6537000000000002,3.1844999999999999
19510,-4.1727999999999996,3.1808000000000001
19511,-4.1790000000000003,3.1808000000000001
19512,-4.1727999999999996,3.1808000000000001
19513,-4.1604000000000001,3.1808000000000001
19514,-4.1542000000000003,3.1808000000000001
19515,-5.8097000000000003,3.177
19516,-9.5237999999999996,3.1677
19517,-11.2041,3.1602999999999999
19518,-25.477399999999999,3.125
19519,-19.345199999999998,3.1324000000000001
19520,-19.7668,3.1286999999999998
19521,-20.523299999999999,3.125
19522,-5.8097000000000003,3.1583999999999999
19523,-14.453099999999999,3.1398000000000001
19524,-11.9977,3.1436000000000002
19525,-10.4786,3.1473
19526,-4.1294000000000004,3.1659000000000002
19527,-2.2073,3.1715
19528,-5.8964999999999996,3.1659000000000002
19529,-4.0115999999999996,3.1715
19530,-0.3286,3.1808000000000001
19531,1.3577999999999999,3.1863000000000001
19532,-3.9744000000000002,3.177
19533,1.3577999999999999,3.1901000000000002
19534,1.3640000000000001,3.1919
19535,-3.6520000000000001,3.1808000000000001
19536,-0.086800000000000002,3.1901000000000002
19537,-3.5714000000000001,3.1825999999999999
19538,4.6811999999999996,3.2031000000000001
19539,2.0771000000000002,3.2012
19540,-3.1745999999999999,3.1882000000000001
19541,-4.8425000000000002,3.1825999999999999
19542,-4.8487,3.1808000000000001
19543,-4.8548999999999998,3.1808000000000001
19544,0,3.1919
19545,-3.0505,3.1863000000000001
19546,-4.7247000000000003,3.1825999999999999
19547,-1.333,3.1901000000000002
19548,0.71919999999999995,3.1956000000000002
19549,2.6785000000000001,3.2031000000000001
19550,1.3577999999999999,3.2031000000000001
19551,2.6475,3.2067999999999999
19552,7.9984999999999999,3.2198000000000002
19553,9.5982000000000003,3.2273000000000001
19554,8.7673000000000005,3.2273000000000001
19555,6.5972,3.2254
19556,5.2454999999999998,3.2235
19557,-2.4119000000000002,3.2048999999999999
19558,-11.458299999999999,3.1808000000000001
19559,-10.894,3.177
19560,-7.9179000000000004,3.1808000000000001
19561,-8.9657,3.177
19562,-10.131399999999999,3.1715
19563,-10.460000000000001,3.1696
19564,-12.717000000000001,3.1621999999999999
19565,-15.8544,3.1509999999999998
19566,-16.561199999999999,3.1454
19567,-11.6195,3.1566000000000001
19568,-3.9744000000000002,3.1751999999999998
19569,-6.2872000000000003,3.1715
19570,-6.3243999999999998,3.1715
19571,-6.4421999999999997,3.1715
19572,-11.644299999999999,3.1583999999999999
19573,-8.1721000000000004,3.1659000000000002
19574,-13.6036,3.1509999999999998
19575,-6.2065000000000001,3.1677
19576,-6.2436999999999996,3.1696
19577,-6.25,3.1696
19578,-2.9699,3.177
19579,4.4084000000000003,3.1956000000000002
19580,2.0398999999999998,3.1956000000000002
19581,1.3577999999999999,3.1956000000000002
19582,6.1258999999999997,3.2105000000000001
19583,3.2366000000000001,3.2067999999999999
19584,1.2834000000000001,3.2031000000000001
19585,-7.3411999999999997,3.1808000000000001
19586,-7.4527999999999999,3.1789000000000001
19587,-8.9657,3.1732999999999998
19588,-6.2934000000000001,3.177
19589,-10.646000000000001,3.1659000000000002
19590,-12.5372,3.1602999999999999
19591,-11.5265,3.1583999999999999
19592,-8.0108999999999995,3.1659000000000002
19593,-11.979100000000001,3.1566000000000001
19594,-12.3263,3.1547000000000001
19595,-7.0994000000000002,3.1659000000000002
19596,-2.9761000000000002,3.177
19597,-2.9699,3.1789000000000001
19598,-2.8893,3.1789000000000001
19599,0.76259999999999994,3.1901000000000002
19600,0.76259999999999994,3.1919
19601,-2.7715000000000001,3.1844999999999999
19602,-4.3277999999999999,3.1808000000000001
19603,0.76259999999999994,3.1919
19604,0.76259999999999994,3.1956000000000002
19605,2.0089000000000001,3.2012
19606,-9.0835000000000008,3.1732999999999998
19607,-10.683199999999999,3.1677
19608,-8.0295000000000005,3.1715
19609,-6.6963999999999997,3.1732999999999998
19610,-1.1284000000000001,3.1863000000000001
19611,-6.6901999999999999,3.1732999999999998
19612,-4.3277999999999999,3.1789000000000001
19613,-4.3216000000000001,3.1808000000000001
19614,0,3.1901000000000002
19615,0.16739999999999999,3.1919
19616,1.3640000000000001,3.1974999999999998
19617,0.16739999999999999,3.1956000000000002
19618,-2.6103000000000001,3.1901000000000002
19619,-4.1727999999999996,3.1844999999999999
19620,-4.1727999999999996,3.1844999999999999
19621,-0.97960000000000003,3.1919
19622,-2.4863,3.1901000000000002
19623,-4.1294000000000004,3.1844999999999999
19624,0,3.1956000000000002
19625,0.16739999999999999,3.1956000000000002
19626,-3.931,3.1882000000000001
19627,-7.7628000000000004,3.177
19628,-2.4428999999999998,3.1882000000000001
19629,0.19220000000000001,3.1956000000000002
19630,3.8008000000000002,3.2067999999999999
19631,4.7618999999999998,3.2124000000000001
19632,5.9150999999999998,3.2161
19633,1.7237,3.2086999999999999
19634,-2.8458999999999999,3.1956000000000002
19635,-3.931,3.1919
19636,-13.0456,3.1696
19637,-12.3635,3.1659000000000002
19638,-10.894,3.1659000000000002
19639,-5.7972999999999999,3.177
19640,-5.8531000000000004,3.177
19641,-10.044600000000001,3.1677
19642,-6.1010999999999997,3.1751999999999998
19643,-5.3323,3.177
19644,-5.3632999999999997,3.177
19645,-6.25,3.1751999999999998
19646,0.19220000000000001,3.1901000000000002
19647,-0.77500000000000002,3.1901000000000002
19648,-3.8193999999999999,3.1844999999999999
19649,-3.8132000000000001,3.1844999999999999
19650,0.1736,3.1938
19651,-0.72540000000000004,3.1919
19652,-0.72540000000000004,3.1938
19653,-3.6086,3.1882000000000001
19654,-5.8902999999999999,3.1808000000000001
19655,-10.1004,3.1696
19656,-3.8193999999999999,3.1825999999999999
19657,0.71919999999999995,3.1938
19658,-3.7387999999999999,3.1844999999999999
19659,1.2834000000000001,3.1974999999999998
19660,-8.5317000000000007,3.1751999999999998
19661,-11.458299999999999,3.1659000000000002
19662,-10.336,3.1659000000000002
19663,1.2709999999999999,3.1919
19664,4.8859000000000004,3.2048999999999999
19665,10.6088,3.2216999999999998
19666,8.9222999999999999,3.2235
19667,13.1572,3.2366000000000001
19668,10.4786,3.2328000000000001
19669,7.3226000000000004,3.2290999999999999
19670,0,3.2124000000000001
19671,0,3.2105000000000001
19672,0,3.2105000000000001
19673,0,3.2086999999999999
19674,0,3.2086999999999999
19675,0,3.2086999999999999
19676,-6.4421999999999997,3.1919
19677,-9.6912000000000003,3.1825999999999999
19678,-20.529499999999999,3.1509999999999998
19679,-22.085799999999999,3.1398000000000001
19680,-26.2834,3.125
19681,-20.833300000000001,3.1305000000000001
19682,-12.4193,3.1490999999999998
19683,-15.643599999999999,3.1417000000000002
19684,-13.529199999999999,3.1454
19685,-12.202299999999999,3.1473
19686,-14.446899999999999,3.1417000000000002
19687,-21.075099999999999,3.125
19688,-26.680299999999999,3.1082000000000001
19689,-19.165400000000002,3.1212
19690,-11.799300000000001,3.1379999999999999
19691,-8.2960999999999991,3.1490999999999998
19692,-6.0453000000000001,3.1566000000000001
19693,-4.4889999999999999,3.1621999999999999
19694,-4.4889999999999999,3.1659000000000002
19695,3.6334,3.1863000000000001
19696,-1.0911999999999999,3.1789000000000001
19697,0,3.1825999999999999
19698,0.76259999999999994,3.1863000000000001
19699,0.16739999999999999,3.1863000000000001
19700,1.2834000000000001,3.1901000000000002
19701,0.16120000000000001,3.1901000000000002
19702,1.2834000000000001,3.1938
19703,5.8034999999999997,3.2067999999999999
19704,10.6088,3.2216999999999998
19705,1.2834000000000001,3.2031000000000001
19706,-2.8149000000000002,3.1919
19707,-6.2934000000000001,3.1825999999999999
19708,-10.7018,3.1696
19709,-9.1268999999999991,3.1696
19710,-0.53320000000000001,3.1882000000000001
19711,-3.2490000000000001,3.1844999999999999
19712,-5.4562999999999997,3.1789000000000001
19713,0.27900000000000003,3.1919
19714,-3.2490000000000001,3.1844999999999999
19715,-3.2490000000000001,3.1844999999999999
19716,-12.4193,3.1621999999999999
19717,-9.6044,3.1659000000000002
19718,-11.2165,3.1602999999999999
19719,-6.0080999999999998,3.1715
19720,-7.4589999999999996,3.1677
19721,-8.9718999999999998,3.1640000000000001
19722,-5.4873000000000003,3.1715
19723,-2.4119000000000002,3.1789000000000001
19724,1.2834000000000001,3.1901000000000002
19725,3.7202000000000002,3.1974999999999998
19726,0.72540000000000004,3.1938
19727,1.24,3.1956000000000002
19728,0.27900000000000003,3.1956000000000002
19729,0.72540000000000004,3.1974999999999998
19730,1.3206,3.2012
19731,0.76259999999999994,3.1974999999999998
19732,4.5262000000000002,3.2105000000000001
19733,13.151,3.2328000000000001
19734,11.4459,3.2328000000000001
19735,8.2774999999999999,3.2290999999999999
19736,0,3.2105000000000001
19737,0,3.2086999999999999
19738,0,3.2086999999999999
19739,0,3.2067999999999999
19740,0,3.2067999999999999
19741,0,3.2067999999999999
19742,0,3.2067999999999999
19743,0,3.2067999999999999
19744,0,3.2067999999999999
19745,0,3.2067999999999999
19746,0,3.2067999999999999
19747,0,3.2067999999999999
19748,0,3.2067999999999999
19749,0,3.2067999999999999
19750,0,3.2067999999999999
19751,0,3.2067999999999999
19752,0,3.2067999999999999
19753,0,3.2067999999999999
19754,0,3.2067999999999999
19755,0,3.2067999999999999
19756,0,3.2067999999999999
19757,0,3.2067999999999999
19758,0,3.2086999999999999
19759,0,3.2067999999999999
19760,0,3.2086999999999999
19761,0,3.2086999999999999
19762,0,3.2086999999999999
19763,0,3.2086999999999999
19764,0,3.2086999999999999
19765,0,3.2086999999999999
19766,0,3.2086999999999999
19767,0,3.2086999999999999
19768,0,3.2086999999999999
19769,-3.9744000000000002,3.1974999999999998
19770,-9.0463000000000005,3.1844999999999999
19771,-15.997,3.1640000000000001
19772,-19.636600000000001,3.1490999999999998
19773,-24.014099999999999,3.1324000000000001
19774,-27.728100000000001,3.1175000000000002
19775,-15.327299999999999,3.1417000000000002
19776,-16.598400000000002,3.1379999999999999
19777,-20.721699999999998,3.1267999999999998
19778,-16.3628,3.1343000000000001
19779,-15.1661,3.1360999999999999
19780,-13.169600000000001,3.1417000000000002
19781,-13.678000000000001,3.1398000000000001
19782,-15.606299999999999,3.1343000000000001
19783,-7.6387999999999998,3.1509999999999998
19784,-11.4521,3.1454
19785,-10.894,3.1454
19786,-9.6416000000000004,3.1490999999999998
19787,0,3.1732999999999998
19788,1.3577999999999999,3.1808000000000001
19789,1.3640000000000001,3.1844999999999999
19790,-4.0860000000000003,3.1732999999999998
19791,2.7652999999999999,3.1901000000000002
19792,9.8523999999999994,3.2124000000000001
19793,10.311199999999999,3.218
19794,4.1604000000000001,3.2067999999999999
19795,3.4411999999999998,3.2067999999999999
19796,11.600899999999999,3.2273000000000001
19797,10.968500000000001,3.2290999999999999
19798,7.4341999999999997,3.2235
19799,2.4367000000000001,3.2124000000000001
19800,0.60140000000000005,3.2086999999999999
19801,0,3.2067999999999999
19802,0,3.2048999999999999
19803,0,3.2048999999999999
19804,0,3.2048999999999999
19805,-0.57040000000000002,3.2031000000000001
19806,-2.2010999999999998,3.1974999999999998
19807,-2.2568999999999999,3.1974999999999998
19808,0,3.2031000000000001
19809,-0.57040000000000002,3.2031000000000001
19810,0,3.2048999999999999
19811,0,3.2048999999999999
19812,0,3.2048999999999999
19813,0,3.2048999999999999
19814,0,3.2048999999999999
19815,0,3.2048999999999999
19816,0,3.2048999999999999
19817,-0.086800000000000002,3.2048999999999999
19818,-1.8043,3.2012
19819,-3.4102000000000001,3.1956000000000002
19820,-6.6096000000000004,3.1863000000000001
19821,-15.0731,3.1640000000000001
19822,-17.2867,3.1547000000000001
19823,-20.200800000000001,3.1398000000000001
19824,-9.8895999999999997,3.1621999999999999
19825,-5.4377000000000004,3.1732999999999998
19826,-13.8454,3.1547000000000001
19827,-19.8474,3.1360999999999999
19828,-20.1264,3.1305000000000001
19829,-13.0952,3.1436000000000002
19830,-5.1711,3.1640000000000001
19831,-3.9744000000000002,3.1696
19832,-4.0053999999999998,3.1715
19833,-6.2561999999999998,3.1677
19834,-11.799300000000001,3.1509999999999998
19835,-9.1268999999999991,3.1583999999999999
19836,-12.5496,3.1473
19837,-11.7683,3.1473
19838,-10.094200000000001,3.1509999999999998
19839,-2.2940999999999998,3.1715
19840,-2.2507000000000001,3.1732999999999998
19841,-6.0514999999999999,3.1659000000000002
19842,-8.9284999999999997,3.1602999999999999
19843,-9.0835000000000008,3.1583999999999999
19844,-6.4112,3.1640000000000001
19845,-9.3315000000000001,3.1566000000000001
19846,-6.2561999999999998,3.1640000000000001
19847,-7.7256,3.1602999999999999
19848,-5.6051000000000002,3.1659000000000002
19849,-4.0860000000000003,3.1696
19850,-4.0860000000000003,3.1715
19851,-2.4863,3.1751999999999998
19852,-2.4863,3.177
19853,-4.0115999999999996,3.1732999999999998
19854,0,3.1844999999999999
19855,-2.5669,3.1789000000000001
19856,0.71919999999999995,3.1882000000000001
19857,1.2834000000000001,3.1901000000000002
19858,3.8069999999999999,3.1974999999999998
19859,4.7680999999999996,3.2048999999999999
19860,10.087999999999999,3.2198000000000002
19861,6.4484000000000004,3.2141999999999999
19862,10.838200000000001,3.2273000000000001
19863,4.9169,3.2161
19864,6.4112,3.2198000000000002
19865,7.5891999999999999,3.2235
19866,0,3.2086999999999999
19867,0,3.2067999999999999
19868,0,3.2067999999999999
19869,0,3.2048999999999999
19870,0,3.2048999999999999
19871,0,3.2048999999999999
19872,0,3.2048999999999999
19873,0,3.2048999999999999
19874,0,3.2048999999999999
19875,0,3.2048999999999999
19876,0,3.2048999999999999
19877,0,3.2048999999999999
19878,0,3.2048999999999999
19879,0,3.2048999999999999
19880,0,3.2048999999999999
19881,0,3.2048999999999999
19882,0,3.2067999999999999
19883,0,3.2048999999999999
19884,0,3.2067999999999999
19885,-6.7645999999999997,3.1882000000000001
19886,-10.652200000000001,3.177
19887,-16.139600000000002,3.1602999999999999
19888,-22.277999999999999,3.1379999999999999
19889,-26.488,3.1212
19890,-31.367799999999999,3.1008
19891,-27.368500000000001,3.1063000000000001
19892,-24.200099999999999,3.1101000000000001
19893,-9.3253000000000004,3.1436000000000002
19894,1.24,3.1732999999999998
19895,1.24,3.1789000000000001
19896,12.3201,3.2105000000000001
19897,13.436199999999999,3.2216999999999998
19898,10.838200000000001,3.2198000000000002
19899,7.1614000000000004,3.2161
19900,0,3.1974999999999998
19901,0,3.1974999999999998
19902,0,3.1974999999999998
19903,0,3.1974999999999998
19904,0,3.1974999999999998
19905,0,3.1974999999999998
19906,0,3.1974999999999998
19907,0,3.2012
19908,0,3.2012
19909,0,3.2012
19910,0,3.2012
19911,0,3.2012
19912,0,3.2012
19913,-0.76880000000000004,3.1974999999999998
19914,-4.3339999999999996,3.1901000000000002
19915,-6.6096000000000004,3.1825999999999999
19916,-9.7284000000000006,3.1732999999999998
19917,-18.129899999999999,3.1490999999999998
19918,-15.1723,3.1509999999999998
19919,-8.1721000000000004,3.1659000000000002
19920,-2.5669,3.1789000000000001
19921,0.47120000000000001,3.1882000000000001
19922,-3.3296000000000001,3.1825999999999999
19923,-3.931,3.1808000000000001
19924,-1.5314000000000001,3.1863000000000001
19925,-8.2030999999999992,3.1715
19926,-13.368,3.1566000000000001
19927,-14.682499999999999,3.1473
19928,-16.319400000000002,3.1417000000000002
19929,-13.169600000000001,3.1454
19930,-15.519500000000001,3.1379999999999999
19931,-7.9737,3.1566000000000001
19932,-6.2934000000000001,3.1621999999999999
19933,-2.7652999999999999,3.1715
19934,0.27900000000000003,3.1808000000000001
19935,0.27900000000000003,3.1825999999999999
19936,-6.4546000000000001,3.1696
19937,-6.2995999999999999,3.1696
19938,-5.1338999999999997,3.1715
19939,-1.6183000000000001,3.1789000000000001
19940,-0.372,3.1844999999999999
19941,-0.36580000000000001,3.1844999999999999
19942,-2.8149000000000002,3.1808000000000001
19943,-1.6183000000000001,3.1844999999999999
19944,5.4439000000000002,3.2031000000000001
19945,1.6369,3.1956000000000002
19946,0.32240000000000002,3.1938
19947,-6.8886000000000003,3.177
19948,-4.7247000000000003,3.1789000000000001
19949,-4.7805,3.1789000000000001
19950,1.1656,3.1919
19951,8.3270999999999997,3.2124000000000001
19952,7.0373999999999999,3.2141999999999999
19953,7.2481999999999998,3.218
19954,0,3.2012
19955,0,3.2012
19956,0,3.2012
19957,0,3.2012
19958,0,3.2012
19959,0,3.2012
19960,0,3.2012
19961,0,3.2012
19962,0,3.2012
19963,0,3.2012
19964,0,3.2012
19965,0,3.2031000000000001
19966,0,3.2031000000000001
19967,0,3.2031000000000001
19968,-3.3357999999999999,3.1938
19969,-0.48359999999999997,3.2012
19970,-0.48359999999999997,3.2012
19971,-0.48980000000000001,3.2012
19972,-0.48359999999999997,3.2012
19973,-2.2507000000000001,3.1956000000000002
19974,-4.7247000000000003,3.1882000000000001
19975,-3.5651999999999999,3.1901000000000002
19976,-3.5714000000000001,3.1901000000000002
19977,-4.5385999999999997,3.1863000000000001
19978,-9.4928000000000008,3.1732999999999998
19979,-11.520300000000001,3.1659000000000002
19980,-4.1727999999999996,3.1808000000000001
19981,0,3.1919
19982,0,3.1938
19983,0,3.1956000000000002
19984,-6.6033999999999997,3.1808000000000001
19985,-13.8454,3.1602999999999999
19986,-22.0486,3.1343000000000001
19987,-26.8477,3.1156000000000001
19988,-25.248000000000001,3.1137999999999999
19989,-17.522300000000001,3.1267999999999998
19990,-11.055300000000001,3.1417000000000002
19991,-7.5644,3.1509999999999998
19992,-12.1279,3.1417000000000002
19993,-10.646000000000001,3.1454
19994,-9.6478000000000002,3.1473
19995,-8.5379000000000005,3.1509999999999998
19996,-3.6457999999999999,3.1640000000000001
19997,1.2834000000000001,3.1789000000000001
19998,1.24,3.1825999999999999
19999,-3.4598,3.1732999999999998
20000,-3.4474,3.1732999999999998
20001,-3.4598,3.1732999999999998
20002,-3.4474,3.1732999999999998
20003,-3.4411999999999998,3.1732999999999998
20004,-9.6105999999999998,3.1602999999999999
20005,-5.0533000000000001,3.1677
20006,-8.5379000000000005,3.1602999999999999
20007,-5.9275000000000002,3.1659000000000002
20008,-7.4093999999999998,3.1621999999999999
20009,-8.9346999999999994,3.1583999999999999
20010,-6.2561999999999998,3.1621999999999999
20011,-5.4935,3.1659000000000002
20012,-7.7690000000000001,3.1602999999999999
20013,-6.4421999999999997,3.1621999999999999
20014,-13.895,3.1417000000000002
20015,-28.4846,3.1025999999999998
20016,8.9222999999999999,3.1882000000000001
20017,-27.325099999999999,3.1082000000000001
20018,-6.2561999999999998,3.1509999999999998
20019,-2.9699,3.1621999999999999
20020,5.1153000000000004,3.1844999999999999
20021,19.091000000000001,3.2254
20022,17.714500000000001,3.2309999999999999
20023,15.0855,3.2309999999999999
20024,11.972899999999999,3.2290999999999999
20025,8.6867000000000001,3.2235
20026,0,3.2031000000000001
20027,0,3.2012
20028,0,3.2012
20029,0,3.1974999999999998
20030,0,3.1974999999999998
20031,0,3.1974999999999998
20032,0,3.1974999999999998
20033,0,3.1974999999999998
20034,0,3.2012
20035,0,3.2012
20036,0,3.1974999999999998
20037,0,3.2012
20038,0,3.2012
20039,0,3.2012
20040,0,3.2012
20041,0,3.2012
20042,0,3.2012
20043,0,3.2012
20044,0,3.2012
20045,0,3.2012
20046,0,3.2012
20047,0,3.2031000000000001
20048,0,3.2012
20049,0,3.2031000000000001
20050,0,3.2012
20051,0,3.2031000000000001
20052,0,3.2031000000000001
20053,0,3.2031000000000001
20054,-4.8982999999999999,3.1901000000000002
20055,-10.6088,3.1751999999999998
20056,-17.807500000000001,3.1509999999999998
20057,-18.6631,3.1436000000000002
20058,-16.5426,3.1436000000000002
20059,-14.998699999999999,3.1436000000000002
20060,-9.5237999999999996,3.1566000000000001
20061,-26.085000000000001,3.1137999999999999
20062,-7.0373999999999999,3.1566000000000001
20063,-14.093500000000001,3.1398000000000001
20064,-11.092499999999999,3.1454
20065,-2.8210999999999999,3.1659000000000002
20066,-20.734100000000002,3.1231
20067,1.24,3.1732999999999998
20068,0.83079999999999998,3.1789000000000001
20069,0.76259999999999994,3.1808000000000001
20070,1.24,3.1844999999999999
20071,1.6740999999999999,3.1882000000000001
20072,1.24,3.1882000000000001
20073,0.71919999999999995,3.1882000000000001
20074,4.117,3.1974999999999998
20075,3.4411999999999998,3.2012
20076,3.0815000000000001,3.2012
20077,2.8769,3.2031000000000001
20078,4.3216000000000001,3.2067999999999999
20079,7.5271999999999997,3.2161
20080,0,3.2012
20081,0,3.1974999999999998
20082,0,3.1974999999999998
20083,0,3.1974999999999998
20084,0,3.1974999999999998
20085,0,3.1974999999999998
20086,0,3.1974999999999998
20087,0,3.1974999999999998
20088,0,3.1974999999999998
20089,0,3.1974999999999998
20090,0,3.1974999999999998
20091,0,3.1974999999999998
20092,0,3.2012
20093,0,3.2012
20094,0,3.2012
20095,0,3.2012
20096,0,3.2012
20097,0,3.2012
20098,0,3.2012
20099,0,3.2012
20100,0,3.2012
20101,0,3.2031000000000001
20102,0,3.2012
20103,0,3.2012
20104,0,3.2031000000000001
20105,0,3.2031000000000001
20106,0,3.2031000000000001
20107,0,3.2031000000000001
20108,0,3.2031000000000001
20109,0,3.2031000000000001
20110,0,3.2031000000000001
20111,-9.6167999999999996,3.1789000000000001
20112,-9.4556000000000004,3.1751999999999998
20113,-15.333500000000001,3.1583999999999999
20114,-18.687899999999999,3.1417000000000002
20115,-21.124700000000001,3.1324000000000001
20116,-23.3568,3.1212
20117,-6.3305999999999996,3.1602999999999999
20118,-9.2881,3.1547000000000001
20119,-27.802499999999998,3.1082000000000001
20120,-13.126200000000001,3.1360999999999999
20121,-10.615,3.1417000000000002
20122,-4.5633999999999997,3.1602999999999999
20123,0.83699999999999997,3.1751999999999998
20124,1.7175,3.1825999999999999
20125,1.7237,3.1844999999999999
20126,1.24,3.1863000000000001
20127,1.6431,3.1882000000000001
20128,11.4521,3.2161
20129,7.1614000000000004,3.2105000000000001
20130,-1.8043,3.1901000000000002
20131,-4.5633999999999997,3.1825999999999999
20132,-4.6999000000000004,3.1808000000000001
20133,-6.0514999999999999,3.1751999999999998
20134,-12.0101,3.1602999999999999
20135,-20.1326,3.1343000000000001
20136,-22.284199999999998,3.1231
20137,-20.523299999999999,3.1212
20138,-5.3695000000000004,3.1566000000000001
20139,-0.53939999999999999,3.1715
20140,-1.8973,3.1715
20141,5.7290999999999999,3.1919
20142,10.677,3.2105000000000001
20143,7.3226000000000004,3.2086999999999999
20144,4.117,3.2031000000000001
20145,-1.9282999999999999,3.1882000000000001
20146,-17.7331,3.1473
20147,-21.819099999999999,3.1286999999999998
20148,-20.839500000000001,3.125
20149,-21.0565,3.1194000000000002
20150,-15.2529,3.1305000000000001
20151,-8.5688999999999993,3.1454
20152,-7.3659999999999997,3.1490999999999998
20153,-5.2888999999999999,3.1583999999999999
20154,0.71919999999999995,3.1732999999999998
20155,-2.2073,3.1696
20156,-5.9275000000000002,3.1621999999999999
20157,-5.2516999999999996,3.1640000000000001
20158,-2.2507000000000001,3.1715
20159,-2.2073,3.1715
20160,-3.7263999999999999,3.1696
20161,-10.131399999999999,3.1547000000000001
20162,-10.336,3.1490999999999998
20163,-5.4935,3.1621999999999999
20164,0.099199999999999997,3.1751999999999998
20165,1.2834000000000001,3.1808000000000001
20166,-5.2827000000000002,3.1677
20167,-8.9346999999999994,3.1583999999999999
20168,-11.972899999999999,3.1454
20169,-4.0860000000000003,3.1659000000000002
20170,0,3.177
20171,-9.2508999999999997,3.1566000000000001
20172,-11.6381,3.1454
20173,-14.1989,3.1379999999999999
20174,-18.638300000000001,3.1231
20175,-13.895,3.1305000000000001
20176,-11.8551,3.1360999999999999
20177,-8.9780999999999995,3.1417000000000002
20178,-9.0959000000000003,3.1417000000000002
20179,-9.2446999999999999,3.1417000000000002
20180,-5.0842999999999998,3.1547000000000001
20181,-1.6121000000000001,3.1640000000000001
20182,-3.2490000000000001,3.1621999999999999
20183,-3.2490000000000001,3.1640000000000001
20184,-6.6901999999999999,3.1566000000000001
20185,-10.8072,3.1436000000000002
20186,0.71919999999999995,3.1715
20187,1.3577999999999999,3.177
20188,0.71919999999999995,3.177
20189,-8.8416999999999994,3.1566000000000001
20190,-12.0845,3.1436000000000002
20191,-10.7204,3.1436000000000002
20192,-7.6946000000000003,3.1509999999999998
20193,-6.8886000000000003,3.1547000000000001
20194,-3.4039999999999999,3.1621999999999999
20195,1.3577999999999999,3.1751999999999998
20196,2.0832999999999999,3.1808000000000001
20197,-6.5289999999999999,3.1621999999999999
20198,-8.9657,3.1547000000000001
20199,-12.289099999999999,3.1417000000000002
20200,-12.574400000000001,3.1379999999999999
20201,-13.808199999999999,3.1343000000000001
20202,-11.4893,3.1360999999999999
20203,-8.2898999999999994,3.1436000000000002
20204,-1.8911,3.1621999999999999
20205,1.3577999999999999,3.1715
20206,21.372699999999998,3.2273000000000001
20207,19.562200000000001,3.2328000000000001
20208,18.328299999999999,3.2366000000000001
20209,15.556699999999999,3.2347000000000001
20210,12.4069,3.2309999999999999
20211,9.1206999999999994,3.2235
20212,0,3.2048999999999999
20213,0,3.2012
20214,0,3.2012
20215,0,3.1974999999999998
20216,0,3.1974999999999998
20217,0,3.1974999999999998
20218,0,3.1956000000000002
20219,0,3.1956000000000002
20220,0,3.1956000000000002
20221,0,3.1956000000000002
20222,0,3.1974999999999998
20223,0,3.1956000000000002
20224,0,3.1956000000000002
20225,0,3.1956000000000002
20226,0,3.1956000000000002
20227,0,3.1956000000000002
20228,0,3.1974999999999998
20229,0,3.1974999999999998
20230,0,3.1974999999999998
20231,0,3.1974999999999998
20232,0,3.1974999999999998
20233,0,3.1974999999999998
20234,0,3.1974999999999998
20235,0,3.1974999999999998
20236,0,3.1974999999999998
20237,0,3.1974999999999998
20238,0,3.1974999999999998
20239,0,3.1974999999999998
20240,0,3.1974999999999998
20241,0,3.1974999999999998
20242,0,3.1974999999999998
20243,0,3.1974999999999998
20244,0,3.1974999999999998
20245,0,3.1974999999999998
20246,0,3.2012
20247,0,3.2012
20248,0,3.2012
20249,0,3.2012
20250,0,3.2012
20251,0,3.2012
20252,0,3.2012
20253,0,3.2012
20254,-10.491,3.1732999999999998
20255,-14.446899999999999,3.1602999999999999
20256,-18.322099999999999,3.1436000000000002
20257,-22.811199999999999,3.1267999999999998
20258,-28.602399999999999,3.1063000000000001
20259,-33.426299999999998,3.0859000000000001
20260,-29.241,3.0895999999999999
20261,-28.2056,3.0876999999999999
20262,-22.3276,3.0989
20263,-12.1775,3.1231
20264,2.6785000000000001,3.1640000000000001
20265,1.8352999999999999,3.1677
20266,0.71919999999999995,3.1696
20267,-7.3970000000000002,3.1509999999999998
20268,-6.1321000000000003,3.1547000000000001
20269,-6.2003000000000004,3.1547000000000001
20270,-9.0959000000000003,3.1454
20271,-21.471900000000002,3.1156000000000001
20272,2.7528999999999999,3.1696
20273,14.043799999999999,3.2048999999999999
20274,6.0762999999999998,3.1938
20275,16.120999999999999,3.2216999999999998
20276,6.9505999999999997,3.2067999999999999
20277,1.0416000000000001,3.1919
20278,-10.212,3.1640000000000001
20279,-6.7708000000000004,3.1677
20280,-15.643599999999999,3.1417000000000002
20281,-26.760899999999999,3.1101000000000001
20282,-30.834499999999998,3.0895999999999999
20283,-39.961500000000001,3.0598000000000001
20284,-39.949100000000001,3.0505
20285,-39.961500000000001,3.0449999999999999
20286,-39.961500000000001,3.0411999999999999
20287,-25.279,3.0729000000000002
20288,-39.949100000000001,3.0394000000000001
20289,-30.115300000000001,3.0598000000000001
20290,-39.949100000000001,3.0337999999999998
20291,-38.274999999999999,3.0337999999999998
20292,-39.949100000000001,3.0282
20293,-29.166599999999999,3.0505
20294,-27.449100000000001,3.0543
20295,-25.874199999999998,3.0598000000000001
20296,-10.491,3.097
20297,-6.4050000000000002,3.1137999999999999
20298,-8.7239000000000004,3.1118999999999999
20299,-6.2436999999999996,3.1194000000000002
20300,-10.243,3.1118999999999999
20301,-10.243,3.1137999999999999
20302,-10.2492,3.1137999999999999
20303,-10.2492,3.1137999999999999
20304,-14.818899999999999,3.1025999999999998
20305,-14.8871,3.1008
20306,-21.806699999999999,3.0840000000000001
20307,-24.485299999999999,3.0747
20308,-24.968900000000001,3.0710000000000002
20309,-20.740300000000001,3.0783999999999998
20310,-23.4499,3.0710000000000002
20311,-26.2834,3.0636000000000001
20312,-21.8874,3.0729000000000002
20313,-24.671299999999999,3.0653999999999999
20314,-30.109100000000002,3.0487000000000002
20315,-39.961500000000001,3.0245000000000002
20316,-39.546100000000003,3.0226000000000002
20317,-27.728100000000001,3.0468000000000002
20318,-22.811199999999999,3.0598000000000001
20319,-17.534700000000001,3.0729000000000002
20320,-12.3635,3.0876999999999999
20321,-7.4589999999999996,3.1025999999999998
20322,-14.688700000000001,3.0895999999999999
20323,-19.921800000000001,3.0766
20324,-22.997199999999999,3.0672999999999999
20325,-25.905200000000001,3.0560999999999998
20326,-20.6845,3.0691000000000002
20327,-26.4818,3.0543
20328,-21.1309,3.0672999999999999
20329,-24.317900000000002,3.0598000000000001
20330,-18.8368,3.0710000000000002
20331,-16.207799999999999,3.0783999999999998
20332,-11.414899999999999,3.0914999999999999
20333,-16.09,3.0821999999999998
20334,-16.0776,3.0821999999999998
20335,-16.0776,3.0821999999999998
20336,-16.0962,3.0821999999999998
20337,-16.0962,3.0821999999999998
20338,-13.368,3.0895999999999999
20339,-8.3704999999999998,3.1025999999999998
20340,-8.1968999999999994,3.1082000000000001
20341,1.5189999999999999,3.1324000000000001
20342,-2.1391,3.1286999999999998
20343,-4.6130000000000004,3.125
20344,-9.7408000000000001,3.1137999999999999
20345,-6.9630000000000001,3.1194000000000002
20346,-11.557499999999999,3.1101000000000001
20347,-22.005199999999999,3.0802999999999998
20348,-16.840199999999999,3.0876999999999999
20349,-16.889800000000001,3.0876999999999999
20350,-14.3291,3.0933000000000002
20351,-7.0064000000000002,3.1118999999999999
20352,-4.1604000000000001,3.1231
20353,-4.1231999999999998,3.125
20354,-3.9247999999999998,3.1267999999999998
20355,-1.0602,3.1360999999999999
20356,-20.715499999999999,3.0895999999999999
20357,-3.6147999999999998,3.1267999999999998
20358,-10.652200000000001,3.1118999999999999
20359,-8.6990999999999996,3.1175000000000002
20360,-8.5317000000000007,3.1175000000000002
20361,-15.333500000000001,3.0989
20362,-11.092499999999999,3.1101000000000001
20363,-39.961500000000001,3.0356999999999998
20364,2.0771000000000002,3.1305000000000001
20365,-39.936700000000002,3.0337999999999998
20366,-13.9198,3.0876999999999999
20367,-27.163900000000002,3.0560999999999998
20368,-39.961500000000001,3.0226000000000002
20369,-28.466000000000001,3.0430999999999999
20370,-20.560500000000001,3.0636000000000001
20371,-26.407399999999999,3.0487000000000002
20372,-15.7242,3.0747
20373,-10.8878,3.0895999999999999
20374,0,3.1212
20375,1.6802999999999999,3.1305000000000001
20376,4.7184999999999997,3.1436000000000002
20377,7.9179000000000004,3.1583999999999999
20378,6.5972,3.1602999999999999
20379,-12.840999999999999,3.1137999999999999
20380,-12.840999999999999,3.1101000000000001
20381,-3.2056,3.1305000000000001
20382,6.6715999999999998,3.1583999999999999
20383,-10.243,3.1212
20384,-14.279500000000001,3.1082000000000001
20385,-10.243,3.1156000000000001
20386,-2.5731000000000002,3.1343000000000001
20387,-9.9268000000000001,3.1175000000000002
20388,-11.613300000000001,3.1137999999999999
20389,-11.6195,3.1101000000000001
20390,-2.3313000000000001,3.1324000000000001
20391,0,3.1417000000000002
20392,0.16739999999999999,3.1454
20393,5.1649000000000003,3.1621999999999999
20394,7.9984999999999999,3.1715
20395,7.9612999999999996,3.177
20396,9.1206999999999994,3.1825999999999999
20397,9.0463000000000005,3.1844999999999999
20398,7.7999999999999998,3.1844999999999999
20399,8.8354999999999997,3.1901000000000002
20400,15.197100000000001,3.2086999999999999
20401,11.6381,3.2048999999999999
20402,14.2051,3.2124000000000001
20403,10.001200000000001,3.2048999999999999
20404,8.5688999999999993,3.2031000000000001
20405,5.5989000000000004,3.1956000000000002
20406,4.6811999999999996,3.1919
20407,-3.3296000000000001,3.1732999999999998
20408,1.3577999999999999,3.1808000000000001
20409,5.2950999999999997,3.1919
20410,8.9657,3.2031000000000001
20411,15.7552,3.2198000000000002
20412,17.8323,3.2290999999999999
20413,5.9150999999999998,3.2067999999999999
20414,3.7574000000000001,3.1974999999999998
20415,1.5996999999999999,3.1919
20416,5.2393000000000001,3.2012
20417,4.7618999999999998,3.2012
20418,8.5192999999999994,3.2105000000000001
20419,3.7946,3.2012
20420,0,3.1901000000000002
20421,0,3.1882000000000001
20422,0,3.1882000000000001
20423,0,3.1863000000000001
20424,0,3.1863000000000001
20425,0,3.1863000000000001
20426,0,3.1844999999999999
20427,0,3.1844999999999999
20428,0,3.1844999999999999
20429,0,3.1844999999999999
20430,0,3.1844999999999999
20431,0,3.1844999999999999
20432,0,3.1844999999999999
20433,0,3.1844999999999999
20434,0,3.1844999999999999
20435,0,3.1844999999999999
20436,0,3.1844999999999999
20437,-3.3296000000000001,3.177
20438,-10.6088,3.1583999999999999
20439,-16.678999999999998,3.1379999999999999
20440,-20.207000000000001,3.1231
20441,-24.5473,3.1063000000000001
20442,-28.193200000000001,3.0876999999999999
20443,-27.808700000000002,3.0821999999999998
20444,-30.772500000000001,3.0710000000000002
20445,-16.883600000000001,3.0989
20446,-21.732299999999999,3.0876999999999999
20447,-20.9573,3.0876999999999999
20448,-23.642099999999999,3.0783999999999998
20449,-31.4422,3.0543
20450,-16.213999999999999,3.0895999999999999
20451,-16.771999999999998,3.0895999999999999
20452,-13.0952,3.0989
20453,-15.965999999999999,3.0933000000000002
20454,-17.609100000000002,3.0876999999999999
20455,-19.822600000000001,3.0821999999999998
20456,-7.9241000000000001,3.1118999999999999
20457,-10.77,3.1082000000000001
20458,-4.2906000000000004,3.125
20459,-0.48359999999999997,3.1379999999999999
20460,-8.9718999999999998,3.1194000000000002
20461,-18.886399999999998,3.0914999999999999
20462,-14.8127,3.0989
20463,-6.5724,3.1194000000000002
20464,-6.5599999999999996,3.1231
20465,-6.5662000000000003,3.1231
20466,-6.5662000000000003,3.125
20467,-6.5599999999999996,3.125
20468,-7.7628000000000004,3.1231
20469,-11.4521,3.1137999999999999
20470,-7.9241000000000001,3.1212
20471,-4.7743000000000002,3.1305000000000001
20472,0.47120000000000001,3.1454
20473,5.1649000000000003,3.1621999999999999
20474,6.0391000000000004,3.1677
20475,2.2383000000000002,3.1621999999999999
20476,15.240500000000001,3.1956000000000002
20477,16.604600000000001,3.2067999999999999
20478,20.120200000000001,3.2198000000000002
20479,14.688700000000001,3.2141999999999999
20480,13.6036,3.2141999999999999
20481,12.2767,3.2124000000000001
20482,10.6088,3.2105000000000001
20483,6.1940999999999997,3.2012
20484,0,3.1863000000000001
20485,0,3.1825999999999999
20486,0,3.1825999999999999
20487,0,3.1808000000000001
20488,0,3.1808000000000001
20489,0,3.1808000000000001
20490,0,3.1808000000000001
20491,0,3.1789000000000001
20492,0,3.1789000000000001
20493,-8.3270999999999997,3.1602999999999999
20494,-10.639799999999999,3.1490999999999998
20495,-17.057200000000002,3.1286999999999998
20496,-23.207999999999998,3.1082000000000001
20497,-27.374700000000001,3.0895999999999999
20498,-32.192399999999999,3.0691000000000002
20499,-39.949100000000001,3.0411999999999999
20500,-35.590200000000003,3.0430999999999999
20501,-11.7683,3.0989
20502,-28.366800000000001,3.0617000000000001
20503,-24.528700000000001,3.0672999999999999
20504,-18.650700000000001,3.0802999999999998
20505,-6.6096000000000004,3.1118999999999999
20506,-3.1808000000000001,3.125
20507,0,3.1379999999999999
20508,0.71919999999999995,3.1436000000000002
20509,1.3577999999999999,3.1473
20510,3.7263999999999999,3.1583999999999999
20511,17.695900000000002,3.1956000000000002
20512,18.086500000000001,3.2067999999999999
20513,15.321099999999999,3.2067999999999999
20514,12.158899999999999,3.2048999999999999
20515,8.9161000000000001,3.1974999999999998
20516,0,3.177
20517,0,3.1751999999999998
20518,0,3.1751999999999998
20519,0,3.1751999999999998
20520,0,3.1751999999999998
20521,0,3.1732999999999998
20522,0,3.1732999999999998
20523,0,3.1751999999999998
20524,0,3.1751999999999998
20525,0,3.1751999999999998
20526,0,3.1751999999999998
20527,0,3.1751999999999998
20528,0,3.1751999999999998
20529,0,3.1751999999999998
20530,0,3.1751999999999998
20531,0,3.1751999999999998
20532,0,3.1751999999999998
20533,0,3.1751999999999998
20534,0,3.177
20535,0,3.177
20536,0,3.177
20537,0,3.177
20538,-10.4848,3.1509999999999998
20539,-14.453099999999999,3.1360999999999999
20540,-18.322099999999999,3.1212
20541,-22.811199999999999,3.1025999999999998
20542,-28.608599999999999,3.0821999999999998
20543,-33.426299999999998,3.0617000000000001
20544,-39.949100000000001,3.0375000000000001
20545,-39.955300000000001,3.0301
20546,-22.0548,3.0691000000000002
20547,-21.812899999999999,3.0710000000000002
20548,-39.949100000000001,3.0245000000000002
20549,-28.3916,3.0449999999999999
20550,-14.446899999999999,3.0802999999999998
20551,-24.8325,3.0560999999999998
20552,-10.838200000000001,3.0914999999999999
20553,-14.5647,3.0859000000000001
20554,-14.8437,3.0859000000000001
20555,-4.6130000000000004,3.1137999999999999
20556,-7.7565999999999997,3.1101000000000001
20557,-7.8125,3.1101000000000001
20558,-2.6909000000000001,3.125
20559,-0.7006,3.1324000000000001
20560,-11.2537,3.1101000000000001
20561,-6.5724,3.1194000000000002
20562,0.52080000000000004,3.1398000000000001
20563,-4.4828000000000001,3.1305000000000001
20564,-4.4021999999999997,3.1305000000000001
20565,-2.4863,3.1360999999999999
20566,-6.2995999999999999,3.1286999999999998
20567,-6.2872000000000003,3.1286999999999998
20568,-6.2872000000000003,3.1286999999999998
20569,-6.2872000000000003,3.1286999999999998
20570,-6.2934000000000001,3.1286999999999998
20571,-2.4367000000000001,3.1379999999999999
20572,-8.1287000000000003,3.125
20573,-8.1783000000000001,3.125
20574,-11.042899999999999,3.1156000000000001
20575,-0.57040000000000002,3.1417000000000002
20576,-2.4367000000000001,3.1398000000000001
20577,-6.2065000000000001,3.1324000000000001
20578,-6.2065000000000001,3.1305000000000001
20579,-2.4180999999999999,3.1398000000000001
20580,-2.3313000000000001,3.1436000000000002
20581,-4.1727999999999996,3.1398000000000001
20582,6.0019,3.1659000000000002
20583,10.2058,3.1825999999999999
20584,13.119999999999999,3.1938
20585,13.8392,3.2012
20586,14.8375,3.2086999999999999
20587,15.9598,3.2161
20588,13.2812,3.2124000000000001
20589,13.299799999999999,3.2141999999999999
20590,10.6708,3.2105000000000001
20591,6.8079999999999998,3.2031000000000001
20592,0,3.1863000000000001
20593,0,3.1844999999999999
20594,0,3.1825999999999999
20595,0,3.1808000000000001
20596,0,3.1808000000000001
20597,0,3.1808000000000001
20598,0,3.1789000000000001
20599,0,3.1789000000000001
20600,0,3.1789000000000001
20601,-3.9681999999999999,3.1696
20602,-7.5334000000000003,3.1602999999999999
20603,-6.6467999999999998,3.1583999999999999
20604,-3.6147999999999998,3.1640000000000001
20605,-11.4087,3.1436000000000002
20606,-7.0994000000000002,3.1490999999999998
20607,-6.6033999999999997,3.1490999999999998
20608,-10.2926,3.1398000000000001
20609,-15.842000000000001,3.1231
20610,-17.4665,3.1156000000000001
20611,-16.325600000000001,3.1137999999999999
20612,-13.926,3.1156000000000001
20613,-13.485799999999999,3.1156000000000001
20614,-12.0039,3.1175000000000002
20615,-13.3246,3.1137999999999999
20616,-14.446899999999999,3.1101000000000001
20617,-12.561999999999999,3.1118999999999999
20618,-11.7745,3.1137999999999999
20619,-8.6928999999999998,3.1212
20620,-5.2827000000000002,3.1305000000000001
20621,-3.8132000000000001,3.1360999999999999
20622,-3.8008000000000002,3.1379999999999999
20623,-3.8193999999999999,3.1398000000000001
20624,-3.8008000000000002,3.1398000000000001
20625,-3.8132000000000001,3.1417000000000002
20626,-11.7683,3.1231
20627,-6.3243999999999998,3.1324000000000001
20628,-6.3987999999999996,3.1324000000000001
20629,0.71919999999999995,3.1509999999999998
20630,0.71919999999999995,3.1566000000000001
20631,-0.76880000000000004,3.1547000000000001
20632,-3.8132000000000001,3.1473
20633,-3.8132000000000001,3.1473
20634,1.7981,3.1621999999999999
20635,6.2003000000000004,3.177
20636,16.474399999999999,3.2067999999999999
20637,13.2812,3.2067999999999999
20638,10.677,3.2031000000000001
20639,0,3.1789000000000001
20640,0,3.177
20641,0,3.1751999999999998
20642,0,3.1751999999999998
20643,0,3.1751999999999998
20644,0,3.1751999999999998
20645,0,3.1751999999999998
20646,0,3.1751999999999998
20647,0,3.1751999999999998
20648,0,3.1751999999999998
20649,0,3.1751999999999998
20650,0,3.1751999999999998
20651,0,3.1751999999999998
20652,0,3.1751999999999998
20653,0,3.1751999999999998
20654,0,3.1751999999999998
20655,0,3.1751999999999998
20656,0,3.177
20657,0,3.177
20658,0,3.177
20659,-10.4848,3.1509999999999998
20660,-14.4345,3.1343000000000001
20661,-18.328299999999999,3.1194000000000002
20662,-22.569400000000002,3.1008
20663,-13.2874,3.1194000000000002
20664,-13.0518,3.1194000000000002
20665,-11.005699999999999,3.1231
20666,-2.1328999999999998,3.1454
20667,-2.1328999999999998,3.1473
20668,-6.2934000000000001,3.1398000000000001
20669,-4.1294000000000004,3.1454
20670,-2.1328999999999998,3.1509999999999998
20671,-0.13020000000000001,3.1602999999999999
20672,1.0416000000000001,3.1640000000000001
20673,-1.1284000000000001,3.1602999999999999
20674,0.27900000000000003,3.1659000000000002
20675,-6.25,3.1490999999999998
20676,-3.2118000000000002,3.1566000000000001
20677,-1.1284000000000001,3.1602999999999999
20678,0.60140000000000005,3.1659000000000002
20679,-1.0911999999999999,3.1640000000000001
20680,-2.0461,3.1621999999999999
20681,-3.0505,3.1583999999999999
20682,-6.2436999999999996,3.1490999999999998
20683,-7.2481999999999998,3.1454
20684,-10.4414,3.1360999999999999
20685,-8.9284999999999997,3.1360999999999999
20686,-12.531000000000001,3.125
20687,-10.968500000000001,3.1267999999999998
20688,-3.9247999999999998,3.1417000000000002
20689,-3.9744000000000002,3.1436000000000002
20690,-7.7380000000000004,3.1360999999999999
20691,-7.5271999999999997,3.1360999999999999
20692,-7.6387999999999998,3.1343000000000001
20693,-4.5633999999999997,3.1417000000000002
20694,-3.218,3.1454
20695,-3.2056,3.1473
20696,-5.3323,3.1436000000000002
20697,-14.9739,3.1175000000000002
20698,-20.473700000000001,3.097
20699,-15.2529,3.1063000000000001
20700,-10.7948,3.1156000000000001
20701,-10.453799999999999,3.1175000000000002
20702,3.9620000000000002,3.1547000000000001
20703,17.683499999999999,3.1956000000000002
20704,16.195399999999999,3.2048999999999999
20705,13.076599999999999,3.2031000000000001
20706,9.7284000000000006,3.1974999999999998
20707,0,3.177
20708,0,3.1751999999999998
20709,0,3.1732999999999998
20710,0,3.1732999999999998
20711,0,3.1732999999999998
20712,0,3.1732999999999998
20713,0,3.1732999999999998
20714,0,3.1732999999999998
20715,0,3.1732999999999998
20716,0,3.1732999999999998
20717,0,3.1732999999999998
20718,0,3.1751999999999998
20719,0,3.1751999999999998
20720,0,3.1751999999999998
20721,0,3.1751999999999998
20722,0,3.1751999999999998
20723,0,3.1751999999999998
20724,0,3.1751999999999998
20725,0,3.1751999999999998
20726,0,3.177
20727,0,3.1751999999999998
20728,0,3.177
20729,0,3.177
20730,0,3.177
20731,0,3.177
20732,0,3.177
20733,0,3.177
20734,0,3.177
20735,0,3.177
20736,-6.4421999999999997,3.1621999999999999
20737,-8.1659000000000006,3.1547000000000001
20738,-17.131599999999999,3.1286999999999998
20739,-13.895,3.1305000000000001
20740,-16.412400000000002,3.1194000000000002
20741,-12.0039,3.1267999999999998
20742,-11.644299999999999,3.1267999999999998
20743,-19.996200000000002,3.1008
20744,-21.6145,3.0914999999999999
20745,-16.524000000000001,3.1008
20746,-15.7242,3.1008
20747,-15.4389,3.1008
20748,-17.540900000000001,3.0933000000000002
20749,-13.492000000000001,3.1008
20750,-7.6139999999999999,3.1175000000000002
20751,-9.1702999999999992,3.1175000000000002
20752,-5.6485000000000003,3.125
20753,-5.6856999999999998,3.1286999999999998
20754,-4.1356000000000002,3.1324000000000001
20755,-6.5662000000000003,3.1286999999999998
20756,-5.7290999999999999,3.1305000000000001
20757,-4.1727999999999996,3.1360999999999999
20758,1.2834000000000001,3.1509999999999998
20759,1.2834000000000001,3.1566000000000001
20760,10.119,3.1808000000000001
20761,11.191700000000001,3.1901000000000002
20762,13.361800000000001,3.2012
20763,7.8434999999999997,3.1919
20764,6.25,3.1901000000000002
20765,7.6387999999999998,3.1938
20766,0,3.177
20767,0,3.1751999999999998
20768,0,3.1751999999999998
20769,0,3.1751999999999998
20770,0,3.1751999999999998
20771,0,3.1751999999999998
20772,0,3.1751999999999998
20773,0,3.1751999999999998
20774,0,3.1751999999999998
20775,0,3.1751999999999998
20776,0,3.1751999999999998
20777,0,3.1751999999999998
20778,0,3.1751999999999998
20779,0,3.1751999999999998
20780,0,3.1751999999999998
20781,0,3.177
20782,0,3.1751999999999998
20783,0,3.177
20784,-4.5633999999999997,3.1659000000000002
20785,-6.25,3.1602999999999999
20786,-3.8441999999999998,3.1640000000000001
20787,-6.9691999999999998,3.1547000000000001
20788,-14.019,3.1343000000000001
20789,-13.6532,3.1286999999999998
20790,-15.972200000000001,3.1194000000000002
20791,-10.212,3.1305000000000001
20792,-16.276,3.1137999999999999
20793,-5.0967000000000002,3.1379999999999999
20794,-0.099199999999999997,3.1547000000000001
20795,-2.0522999999999998,3.1509999999999998
20796,-16.846399999999999,3.1156000000000001
20797,-11.8551,3.1212
20798,-11.458299999999999,3.1212
20799,-16.933199999999999,3.1063000000000001
20800,-14.093500000000001,3.1101000000000001
20801,-3.2118000000000002,3.1360999999999999
20802,0.83079999999999998,3.1490999999999998
20803,-10.2058,3.125
20804,-10.491,3.1231
20805,-5.6113,3.1324000000000001
20806,4.0797999999999996,3.1602999999999999
20807,3.6147999999999998,3.1640000000000001
20808,4.5262000000000002,3.1696
20809,11.0801,3.1901000000000002
20810,10.968500000000001,3.1956000000000002
20811,8.1659000000000006,3.1919
20812,0,3.1751999999999998
20813,0,3.1732999999999998
20814,0,3.1732999999999998
20815,0,3.1732999999999998
20816,0,3.1732999999999998
20817,0,3.1732999999999998
20818,-0.099199999999999997,3.1715
20819,-8.6990999999999996,3.1490999999999998
20820,-10.646000000000001,3.1417000000000002
20821,-16.610800000000001,3.1231
20822,-20.355899999999998,3.1063000000000001
20823,-11.9977,3.1212
20824,-17.4541,3.1063000000000001
20825,-18.880199999999999,3.097
20826,-17.249500000000001,3.097
20827,-21.732299999999999,3.0840000000000001
20828,-20.944900000000001,3.0821999999999998
20829,-19.959,3.0802999999999998
20830,-16.201599999999999,3.0876999999999999
20831,-16.927,3.0859000000000001
20832,-11.8489,3.097
20833,-10.776199999999999,3.1025999999999998
20834,-8.0976999999999997,3.1118999999999999
20835,-9.6416000000000004,3.1101000000000001
20836,-8.3643000000000001,3.1137999999999999
20837,-4.4889999999999999,3.125
20838,0,3.1379999999999999
20839,-2.7652999999999999,3.1360999999999999
20840,-1.1284000000000001,3.1398000000000001
20841,1.3577999999999999,3.1490999999999998
20842,2.5979000000000001,3.1583999999999999
20843,6.7584,3.1715
20844,10.7638,3.1844999999999999
20845,10.087999999999999,3.1882000000000001
20846,11.7311,3.1956000000000002
20847,9.8399999999999999,3.1956000000000002
20848,5.2454999999999998,3.1863000000000001
20849,6.6778000000000004,3.1919
20850,0,3.177
20851,0,3.1751999999999998
20852,0,3.1732999999999998
20853,0,3.1732999999999998
20854,-0.48359999999999997,3.1732999999999998
20855,0,3.1732999999999998
20856,0,3.1732999999999998
20857,-9.6044,3.1473
20858,-10.646000000000001,3.1417000000000002
20859,-17.813700000000001,3.1194000000000002
20860,-23.958300000000001,3.0952000000000002
20861,-24.1629,3.0859000000000001
20862,-16.133400000000002,3.1008
20863,-10.410399999999999,3.1156000000000001
20864,-13.0456,3.1082000000000001
20865,-14.2485,3.1025999999999998
20866,-15.811,3.097
20867,-16.530200000000001,3.0933000000000002
20868,-25.2852,3.0691000000000002
20869,-23.003399999999999,3.0691000000000002
20870,-16.846399999999999,3.0821999999999998
20871,-10.968500000000001,3.097
20872,-8.2093000000000007,3.1082000000000001
20873,-12.2829,3.097
20874,-4.5633999999999997,3.1194000000000002
20875,-4.5633999999999997,3.1212
20876,-2.8893,3.1286999999999998
20877,0,3.1379999999999999
20878,-1.1718,3.1398000000000001
20879,-4.3712,3.1324000000000001
20880,-4.3712,3.1324000000000001
20881,-2.7715000000000001,3.1379999999999999
20882,2.0398999999999998,3.1509999999999998
20883,-2.6537000000000002,3.1417000000000002
20884,-4.1604000000000001,3.1379999999999999
20885,-4.1727999999999996,3.1379999999999999
20886,-4.1604000000000001,3.1379999999999999
20887,-4.1604000000000001,3.1379999999999999
20888,-4.1727999999999996,3.1379999999999999
20889,-5.8097000000000003,3.1343000000000001
20890,-9.5361999999999991,3.125
20891,-11.2041,3.1175000000000002
20892,-25.477399999999999,3.0766
20893,-19.357600000000001,3.0840000000000001
20894,-19.7606,3.0802999999999998
20895,-20.523299999999999,3.0747
20896,-5.8159000000000001,3.1118999999999999
20897,-14.446899999999999,3.0914999999999999
20898,-12.0039,3.097
20899,-10.4848,3.1008
20900,-4.1231999999999998,3.1194000000000002
20901,-2.2134999999999998,3.1267999999999998
20902,-5.8902999999999999,3.1212
20903,-4.0053999999999998,3.1267999999999998
20904,-0.3286,3.1379999999999999
20905,1.3577999999999999,3.1454
20906,-3.9681999999999999,3.1343000000000001
20907,1.3577999999999999,3.1473
20908,1.3577999999999999,3.1509999999999998
20909,-3.6457999999999999,3.1398000000000001
20910,-0.086800000000000002,3.1490999999999998
20911,-3.5651999999999999,3.1417000000000002
20912,4.6811999999999996,3.1640000000000001
20913,2.0832999999999999,3.1602999999999999
20914,-3.1745999999999999,3.1490999999999998
20915,-4.8548999999999998,3.1417000000000002
20916,-4.8548999999999998,3.1417000000000002
20917,-4.8487,3.1417000000000002
20918,0,3.1547000000000001
20919,-3.0442999999999998,3.1473
20920,-4.7309000000000001,3.1417000000000002
20921,-1.3391999999999999,3.1509999999999998
20922,0.71919999999999995,3.1583999999999999
20923,2.6722999999999999,3.1659000000000002
20924,1.3577999999999999,3.1640000000000001
20925,2.6475,3.1677
20926,8.0046999999999997,3.1844999999999999
20927,9.6044,3.1919
20928,8.7735000000000003,3.1938
20929,6.5972,3.1901000000000002
20930,5.2454999999999998,3.1882000000000001
20931,-2.4119000000000002,3.1715
20932,-11.4521,3.1436000000000002
20933,-10.8878,3.1398000000000001
20934,-7.9302999999999999,3.1417000000000002
20935,-8.9657,3.1379999999999999
20936,-10.119,3.1324000000000001
20937,-10.4414,3.1286999999999998
20938,-12.717000000000001,3.1212
20939,-15.8544,3.1101000000000001
20940,-16.573599999999999,3.1008
20941,-11.613300000000001,3.1137999999999999
20942,-3.9744000000000002,3.1324000000000001
20943,-6.2809999999999997,3.1286999999999998
20944,-6.343,3.1286999999999998
20945,-6.4546000000000001,3.1286999999999998
20946,-11.644299999999999,3.1156000000000001
20947,-8.1721000000000004,3.1231
20948,-13.6098,3.1082000000000001
20949,-6.2126999999999999,3.1231
20950,-6.25,3.125
20951,-6.2561999999999998,3.1267999999999998
20952,-2.9761000000000002,3.1343000000000001
20953,4.4021999999999997,3.1583999999999999
20954,2.0337000000000001,3.1566000000000001
20955,1.3577999999999999,3.1583999999999999
20956,6.1196999999999999,3.1715
20957,3.2303999999999999,3.1677
20958,1.2834000000000001,3.1659000000000002
20959,-7.335,3.1436000000000002
20960,-7.4527999999999999,3.1398000000000001
20961,-8.9780999999999995,3.1324000000000001
20962,-6.2934000000000001,3.1360999999999999
20963,-10.652200000000001,3.125
20964,-12.531000000000001,3.1175000000000002
20965,-11.5327,3.1156000000000001
20966,-8.0108999999999995,3.1231
20967,-11.972899999999999,3.1137999999999999
20968,-12.3139,3.1101000000000001
20969,-7.0869999999999997,3.1212
20970,-2.9761000000000002,3.1324000000000001
20971,-2.9699,3.1360999999999999
20972,-2.8893,3.1379999999999999
20973,0.76259999999999994,3.1490999999999998
20974,0.76259999999999994,3.1509999999999998
20975,-2.7715000000000001,3.1454
20976,-4.3277999999999999,3.1417000000000002
20977,0.76259999999999994,3.1547000000000001
20978,0.76259999999999994,3.1566000000000001
20979,2.0089000000000001,3.1621999999999999
20980,-9.0835000000000008,3.1343000000000001
20981,-10.695600000000001,3.1267999999999998
20982,-8.0046999999999997,3.1305000000000001
20983,-6.6901999999999999,3.1324000000000001
20984,-1.1284000000000001,3.1454
20985,-6.6963999999999997,3.1343000000000001
20986,-4.3339999999999996,3.1379999999999999
20987,-4.3339999999999996,3.1398000000000001
20988,0,3.1509999999999998
20989,0.16739999999999999,3.1547000000000001
20990,1.3577999999999999,3.1602999999999999
20991,0.16739999999999999,3.1583999999999999
20992,-2.6040999999999999,3.1509999999999998
20993,-4.1604000000000001,3.1473
20994,-4.1604000000000001,3.1454
20995,-0.97960000000000003,3.1547000000000001
20996,-2.4925000000000002,3.1509999999999998
20997,-4.1231999999999998,3.1473
20998,0,3.1583999999999999
20999,0.16739999999999999,3.1602999999999999
21000,-3.9186000000000001,3.1490999999999998
21001,-7.7628000000000004,3.1379999999999999
21002,-2.4428999999999998,3.1490999999999998
21003,0.16120000000000001,3.1583999999999999
21004,3.8008000000000002,3.1696
21005,4.7618999999999998,3.1751999999999998
21006,5.9150999999999998,3.1808000000000001
21007,1.7175,3.1732999999999998
21008,-2.8458999999999999,3.1621999999999999
21009,-3.9247999999999998,3.1583999999999999
21010,-13.0518,3.1305000000000001
21011,-12.351100000000001,3.1267999999999998
21012,-10.8878,3.1267999999999998
21013,-5.8097000000000003,3.1379999999999999
21014,-5.8531000000000004,3.1379999999999999
21015,-10.044600000000001,3.1267999999999998
21016,-6.0949,3.1343000000000001
21017,-5.3323,3.1360999999999999
21018,-5.3571,3.1360999999999999
21019,-6.2561999999999998,3.1343000000000001
21020,0.155,3.1509999999999998
21021,-0.77500000000000002,3.1509999999999998
21022,-3.8132000000000001,3.1454
21023,-3.8008000000000002,3.1454
21024,0.1736,3.1566000000000001
21025,-0.72540000000000004,3.1566000000000001
21026,-0.72540000000000004,3.1566000000000001
21027,-3.6147999999999998,3.1490999999999998
21028,-5.8964999999999996,3.1417000000000002
21029,-10.081799999999999,3.1305000000000001
21030,-3.8132000000000001,3.1436000000000002
21031,0.71919999999999995,3.1566000000000001
21032,-3.7263999999999999,3.1473
21033,1.2834000000000001,3.1602999999999999
21034,-8.5317000000000007,3.1360999999999999
21035,-11.458299999999999,3.125
21036,-10.323600000000001,3.125
21037,1.2834000000000001,3.1547000000000001
21038,4.8796999999999997,3.1677
21039,10.602600000000001,3.1863000000000001
21040,8.9284999999999997,3.1882000000000001
21041,13.163399999999999,3.2048999999999999
21042,10.4724,3.2012
21043,7.335,3.1956000000000002
21044,0,3.1789000000000001
21045,0,3.177
21046,0,3.177
21047,0,3.1751999999999998
21048,0,3.1751999999999998
21049,0,3.1751999999999998
21050,-6.4546000000000001,3.1583999999999999
21051,-9.6974,3.1454
21052,-20.517099999999999,3.1137999999999999
21053,-22.091999999999999,3.0989
21054,-26.271000000000001,3.0802999999999998
21055,-20.839500000000001,3.0859000000000001
21056,-12.4193,3.1063000000000001
21057,-15.643599999999999,3.0952000000000002
21058,-13.523,3.0989
21059,-12.214700000000001,3.1008
21060,-14.446899999999999,3.0952000000000002
21061,-21.087499999999999,3.0766
21062,-26.674099999999999,3.0560999999999998
21063,-19.159199999999998,3.0710000000000002
21064,-11.793100000000001,3.0895999999999999
21065,-8.2898999999999994,3.1008
21066,-6.0453000000000001,3.1118999999999999
21067,-4.4828000000000001,3.1175000000000002
21068,-4.4889999999999999,3.1194000000000002
21069,3.6396000000000002,3.1436000000000002
21070,-1.0911999999999999,3.1360999999999999
21071,0,3.1417000000000002
21072,0.76880000000000004,3.1454
21073,0.16739999999999999,3.1473
21074,1.2834000000000001,3.1509999999999998
21075,0.16739999999999999,3.1509999999999998
21076,1.2834000000000001,3.1566000000000001
21077,5.8034999999999997,3.1696
21078,10.615,3.1863000000000001
21079,1.2834000000000001,3.1677
21080,-2.8210999999999999,3.1583999999999999
21081,-6.2872000000000003,3.1436000000000002
21082,-10.689399999999999,3.1305000000000001
21083,-9.1268999999999991,3.1305000000000001
21084,-0.53320000000000001,3.1490999999999998
21085,-3.2490000000000001,3.1454
21086,-5.4439000000000002,3.1398000000000001
21087,0.27900000000000003,3.1547000000000001
21088,-3.2427999999999999,3.1473
21089,-3.2427999999999999,3.1473
21090,-12.4131,3.1231
21091,-9.6105999999999998,3.125
21092,-11.2165,3.1175000000000002
21093,-6.0080999999999998,3.1305000000000001
21094,-7.4527999999999999,3.1267999999999998
21095,-8.9657,3.1212
21096,-5.4935,3.1305000000000001
21097,-2.4119000000000002,3.1379999999999999
21098,1.2709999999999999,3.1490999999999998
21099,3.7202000000000002,3.1602999999999999
21100,0.71919999999999995,3.1566000000000001
21101,1.24,3.1602999999999999
21102,0.27900000000000003,3.1583999999999999
21103,0.71919999999999995,3.1621999999999999
21104,1.3206,3.1640000000000001
21105,0.76259999999999994,3.1640000000000001
21106,4.5262000000000002,3.1732999999999998
21107,13.1572,3.1974999999999998
21108,11.4459,3.2012
21109,8.2774999999999999,3.1956000000000002
21110,0,3.177
21111,0,3.1751999999999998
21112,0,3.1751999999999998
21113,0,3.1732999999999998
21114,0,3.1732999999999998
21115,0,3.1732999999999998
21116,0,3.1732999999999998
21117,0,3.1732999999999998
21118,0,3.1732999999999998
21119,0,3.1732999999999998
21120,0,3.1732999999999998
21121,0,3.1732999999999998
21122,0,3.1732999999999998
21123,0,3.1732999999999998
21124,0,3.1732999999999998
21125,0,3.1732999999999998
21126,0,3.1732999999999998
21127,0,3.1732999999999998
21128,0,3.1732999999999998
21129,0,3.1732999999999998
21130,0,3.1751999999999998
21131,0,3.1751999999999998
21132,0,3.1751999999999998
21133,0,3.1751999999999998
21134,0,3.1751999999999998
21135,0,3.1751999999999998
21136,0,3.1751999999999998
21137,0,3.1751999999999998
21138,0,3.1751999999999998
21139,0,3.1751999999999998
21140,0,3.1751999999999998
21141,0,3.1751999999999998
21142,0,3.1751999999999998
21143,-3.9681999999999999,3.1659000000000002
21144,-9.0463000000000005,3.1509999999999998
21145,-16.009399999999999,3.1286999999999998
21146,-19.630400000000002,3.1118999999999999
21147,-23.9955,3.0914999999999999
21148,-27.740500000000001,3.0729000000000002
21149,-15.333500000000001,3.097
21150,-16.610800000000001,3.0933000000000002
21151,-20.721699999999998,3.0802999999999998
21152,-16.3628,3.0876999999999999
21153,-15.1723,3.0895999999999999
21154,-13.182,3.0933000000000002
21155,-13.684200000000001,3.0933000000000002
21156,-15.612500000000001,3.0876999999999999
21157,-7.6449999999999996,3.1082000000000001
21158,-11.4521,3.0989
21159,-10.9002,3.0989
21160,-9.6416000000000004,3.1025999999999998
21161,0,3.1305000000000001
21162,1.3577999999999999,3.1379999999999999
21163,1.3577999999999999,3.1436000000000002
21164,-4.0983999999999998,3.1324000000000001
21165,2.7652999999999999,3.1509999999999998
21166,9.8461999999999996,3.1751999999999998
21167,10.317399999999999,3.1825999999999999
21168,4.1542000000000003,3.1715
21169,3.4474,3.1715
21170,11.5947,3.1938
21171,10.962300000000001,3.1956000000000002
21172,7.4341999999999997,3.1919
21173,2.4367000000000001,3.1808000000000001
21174,0.60140000000000005,3.1751999999999998
21175,0,3.1732999999999998
21176,0,3.1732999999999998
21177,0,3.1715
21178,0,3.1715
21179,-0.56420000000000003,3.1715
21180,-2.2073,3.1659000000000002
21181,-2.2507000000000001,3.1659000000000002
21182,0,3.1696
21183,-0.56420000000000003,3.1696
21184,0,3.1715
21185,0,3.1715
21186,0,3.1715
21187,0,3.1715
21188,0,3.1715
21189,0,3.1715
21190,0,3.1715
21191,-0.086800000000000002,3.1715
21192,-1.8043,3.1677
21193,-3.4102000000000001,3.1640000000000001
21194,-6.6033999999999997,3.1547000000000001
21195,-15.091699999999999,3.1286999999999998
21196,-17.292899999999999,3.1156000000000001
21197,-20.207000000000001,3.1008
21198,-9.8957999999999995,3.1212
21199,-5.4562999999999997,3.1343000000000001
21200,-13.851599999999999,3.1137999999999999
21201,-19.8474,3.0914999999999999
21202,-20.1326,3.0840000000000001
21203,-13.082800000000001,3.0989
21204,-5.1711,3.1212
21205,-3.9744000000000002,3.1267999999999998
21206,-4.0115999999999996,3.1286999999999998
21207,-6.2436999999999996,3.125
21208,-11.8117,3.1101000000000001
21209,-9.1268999999999991,3.1156000000000001
21210,-12.574400000000001,3.1063000000000001
21211,-11.7621,3.1025999999999998
21212,-10.094200000000001,3.1082000000000001
21213,-2.2940999999999998,3.1286999999999998
21214,-2.2507000000000001,3.1324000000000001
21215,-6.0453000000000001,3.125
21216,-8.9346999999999994,3.1175000000000002
21217,-9.0959000000000003,3.1156000000000001
21218,-6.4112,3.1212
21219,-9.3315000000000001,3.1137999999999999
21220,-6.2561999999999998,3.1212
21221,-7.7380000000000004,3.1175000000000002
21222,-5.6113,3.1231
21223,-4.0860000000000003,3.1267999999999998
21224,-4.0860000000000003,3.1286999999999998
21225,-2.4925000000000002,3.1343000000000001
21226,-2.4925000000000002,3.1360999999999999
21227,-4.0053999999999998,3.1324000000000001
21228,0,3.1454
21229,-2.5669,3.1398000000000001
21230,0.71919999999999995,3.1490999999999998
21231,1.2834000000000001,3.1547000000000001
21232,3.7946,3.1640000000000001
21233,4.7618999999999998,3.1696
21234,10.087999999999999,3.1863000000000001
21235,6.4421999999999997,3.1808000000000001
21236,10.832000000000001,3.1938
21237,4.9230999999999998,3.1844999999999999
21238,6.4050000000000002,3.1882000000000001
21239,7.6016000000000004,3.1919
21240,0,3.1751999999999998
21241,0,3.1751999999999998
21242,0,3.1732999999999998
21243,0,3.1732999999999998
21244,0,3.1732999999999998
21245,0,3.1715
21246,0,3.1732999999999998
21247,0,3.1715
21248,0,3.1732999999999998
21249,0,3.1715
21250,0,3.1715
21251,0,3.1732999999999998
21252,0,3.1732999999999998
21253,0,3.1732999999999998
21254,0,3.1732999999999998
21255,0,3.1732999999999998
21256,0,3.1732999999999998
21257,0,3.1732999999999998
21258,0,3.1732999999999998
21259,-6.7645999999999997,3.1566000000000001
21260,-10.652200000000001,3.1417000000000002
21261,-16.120999999999999,3.1231
21262,-22.277999999999999,3.0989
21263,-26.4756,3.0783999999999998
21264,-31.367799999999999,3.0543
21265,-27.368500000000001,3.0560999999999998
21266,-24.206299999999999,3.0598000000000001
21267,-9.3376999999999999,3.0952000000000002
21268,1.24,3.1286999999999998
21269,1.2338,3.1360999999999999
21270,12.3201,3.1732999999999998
21271,13.448600000000001,3.1844999999999999
21272,10.838200000000001,3.1863000000000001
21273,7.1614000000000004,3.1825999999999999
21274,0,3.1659000000000002
21275,0,3.1659000000000002
21276,0,3.1659000000000002
21277,0,3.1659000000000002
21278,0,3.1659000000000002
21279,0,3.1659000000000002
21280,0,3.1659000000000002
21281,0,3.1659000000000002
21282,0,3.1659000000000002
21283,0,3.1677
21284,0,3.1677
21285,0,3.1677
21286,0,3.1677
21287,-0.77500000000000002,3.1677
21288,-4.3277999999999999,3.1566000000000001
21289,-6.6096000000000004,3.1473
21290,-9.7284000000000006,3.1379999999999999
21291,-18.123699999999999,3.1118999999999999
21292,-15.1723,3.1118999999999999
21293,-8.1659000000000006,3.1267999999999998
21294,-2.5669,3.1417000000000002
21295,0.47739999999999999,3.1509999999999998
21296,-3.3357999999999999,3.1454
21297,-3.9247999999999998,3.1436000000000002
21298,-1.5314000000000001,3.1490999999999998
21299,-8.2030999999999992,3.1324000000000001
21300,-13.361800000000001,3.1175000000000002
21301,-14.688700000000001,3.1082000000000001
21302,-16.325600000000001,3.0989
21303,-13.163399999999999,3.1008
21304,-15.525700000000001,3.0933000000000002
21305,-7.9798999999999998,3.1137999999999999
21306,-6.2995999999999999,3.1194000000000002
21307,-2.7776999999999998,3.1305000000000001
21308,0.27900000000000003,3.1398000000000001
21309,0.27900000000000003,3.1436000000000002
21310,-6.4359999999999999,3.1286999999999998
21311,-6.2934000000000001,3.1286999999999998
21312,-5.1338999999999997,3.1305000000000001
21313,-1.6183000000000001,3.1398000000000001
21314,-0.36580000000000001,3.1454
21315,-0.36580000000000001,3.1473
21316,-2.8149000000000002,3.1436000000000002
21317,-1.6121000000000001,3.1454
21318,5.4439000000000002,3.1659000000000002
21319,1.6431,3.1621999999999999
21320,0.32240000000000002,3.1602999999999999
21321,-6.8948,3.1398000000000001
21322,-4.7309000000000001,3.1417000000000002
21323,-4.7743000000000002,3.1417000000000002
21324,1.1656,3.1566000000000001
21325,8.3270999999999997,3.1789000000000001
21326,7.0312000000000001,3.1808000000000001
21327,7.2358000000000002,3.1844999999999999
21328,0,3.1696
21329,0,3.1677
21330,0,3.1677
21331,0,3.1677
21332,0,3.1677
21333,0,3.1677
21334,0,3.1677
21335,0,3.1677
21336,0,3.1677
21337,0,3.1696
21338,0,3.1696
21339,0,3.1696
21340,0,3.1696
21341,0,3.1696
21342,-3.3296000000000001,3.1621999999999999
21343,-0.48980000000000001,3.1677
21344,-0.48980000000000001,3.1677
21345,-0.48359999999999997,3.1677
21346,-0.48980000000000001,3.1677
21347,-2.2507000000000001,3.1640000000000001
21348,-4.7247000000000003,3.1566000000000001
21349,-3.5651999999999999,3.1583999999999999
21350,-3.5651999999999999,3.1583999999999999
21351,-4.5324,3.1547000000000001
21352,-9.4865999999999993,3.1379999999999999
21353,-11.5265,3.1305000000000001
21354,-4.1604000000000001,3.1454
21355,0,3.1583999999999999
21356,0,3.1602999999999999
21357,0,3.1621999999999999
21358,-6.6033999999999997,3.1454
21359,-13.8454,3.1231
21360,-22.0548,3.0933000000000002
21361,-26.853899999999999,3.0729000000000002
21362,-25.248000000000001,3.0672999999999999
21363,-17.528500000000001,3.0802999999999998
21364,-11.042899999999999,3.097
21365,-7.5644,3.1101000000000001
21366,-12.1341,3.097
21367,-10.652200000000001,3.1008
21368,-9.6663999999999994,3.1025999999999998
21369,-8.5254999999999992,3.1082000000000001
21370,-3.6457999999999999,3.1212
21371,1.2834000000000001,3.1360999999999999
21372,1.24,3.1417000000000002
21373,-3.4474,3.1324000000000001
21374,-3.4598,3.1324000000000001
21375,-3.4474,3.1343000000000001
21376,-3.4474,3.1343000000000001
21377,-3.4598,3.1343000000000001
21378,-9.6044,3.1194000000000002
21379,-5.0594999999999999,3.1286999999999998
21380,-8.5379000000000005,3.1194000000000002
21381,-5.9275000000000002,3.125
21382,-7.4156000000000004,3.1212
21383,-8.9284999999999997,3.1156000000000001
21384,-6.25,3.1212
21385,-5.4873000000000003,3.1231
21386,-7.7751999999999999,3.1175000000000002
21387,-6.4359999999999999,3.1212
21388,-13.8826,3.0989
21389,-28.478400000000001,3.0543
21390,8.9222999999999999,3.1473
21391,-27.325099999999999,3.0598000000000001
21392,-6.2561999999999998,3.1063000000000001
21393,-2.9761000000000002,3.1194000000000002
21394,5.1276999999999999,3.1436000000000002
21395,19.078600000000002,3.1901000000000002
21396,17.720700000000001,3.1974999999999998
21397,15.0793,3.2012
21398,11.9605,3.1974999999999998
21399,8.6805000000000003,3.1919
21400,0,3.1715
21401,0,3.1696
21402,0,3.1696
21403,0,3.1677
21404,0,3.1677
21405,0,3.1677
21406,0,3.1677
21407,0,3.1677
21408,0,3.1677
21409,0,3.1677
21410,0,3.1677
21411,0,3.1677
21412,0,3.1677
21413,0,3.1696
21414,0,3.1696
21415,0,3.1696
21416,0,3.1696
21417,0,3.1696
21418,0,3.1696
21419,0,3.1696
21420,0,3.1696
21421,0,3.1696
21422,0,3.1696
21423,0,3.1696
21424,0,3.1696
21425,0,3.1715
21426,0,3.1715
21427,0,3.1715
21428,-4.8921000000000001,3.1602999999999999
21429,-10.615,3.1398000000000001
21430,-17.795100000000001,3.1175000000000002
21431,-18.6631,3.1063000000000001
21432,-16.530200000000001,3.1025999999999998
21433,-15.004899999999999,3.1025999999999998
21434,-9.5237999999999996,3.1156000000000001
21435,-26.0974,3.0691000000000002
21436,-7.0498000000000003,3.1137999999999999
21437,-14.093500000000001,3.0952000000000002
21438,-11.098699999999999,3.1008
21439,-2.8210999999999999,3.125
21440,-20.721699999999998,3.0783999999999998
21441,1.24,3.1305000000000001
21442,0.83699999999999997,3.1379999999999999
21443,0.76259999999999994,3.1417000000000002
21444,1.24,3.1454
21445,1.6802999999999999,3.1509999999999998
21446,1.24,3.1547000000000001
21447,0.71919999999999995,3.1547000000000001
21448,4.1231999999999998,3.1640000000000001
21449,3.4411999999999998,3.1659000000000002
21450,3.0752999999999999,3.1677
21451,2.8769,3.1677
21452,4.3216000000000001,3.1732999999999998
21453,7.5209999999999999,3.1844999999999999
21454,0,3.1677
21455,0,3.1677
21456,0,3.1677
21457,0,3.1659000000000002
21458,0,3.1677
21459,0,3.1677
21460,0,3.1677
21461,0,3.1677
21462,0,3.1677
21463,0,3.1677
21464,0,3.1677
21465,0,3.1677
21466,0,3.1677
21467,0,3.1677
21468,0,3.1677
21469,0,3.1696
21470,0,3.1696
21471,0,3.1696
21472,0,3.1696
21473,0,3.1696
21474,0,3.1696
21475,0,3.1696
21476,0,3.1696
21477,0,3.1696
21478,0,3.1715
21479,0,3.1715
21480,0,3.1715
21481,0,3.1715
21482,0,3.1715
21483,0,3.1715
21484,0,3.1715
21485,-9.6105999999999998,3.1454
21486,-9.4431999999999992,3.1417000000000002
21487,-15.333500000000001,3.1231
21488,-18.681699999999999,3.1063000000000001
21489,-21.124700000000001,3.0914999999999999
21490,-23.363,3.0783999999999998
21491,-6.3243999999999998,3.1175000000000002
21492,-9.2942999999999998,3.1137999999999999
21493,-27.808700000000002,3.0617000000000001
21494,-13.132400000000001,3.0914999999999999
21495,-10.615,3.0989
21496,-4.5633999999999997,3.1156000000000001
21497,0.83079999999999998,3.1343000000000001
21498,1.7237,3.1417000000000002
21499,1.7237,3.1454
21500,1.24,3.1490999999999998
21501,1.6369,3.1547000000000001
21502,11.4397,3.1825999999999999
21503,7.1614000000000004,3.1789000000000001
21504,-1.8167,3.1583999999999999
21505,-4.5696000000000003,3.1473
21506,-4.7061000000000002,3.1454
21507,-6.0453000000000001,3.1398000000000001
21508,-12.022500000000001,3.1212
21509,-20.1264,3.0933000000000002
21510,-22.271799999999999,3.0783999999999998
21511,-20.523299999999999,3.0766
21512,-5.3632999999999997,3.1137999999999999
21513,-0.53320000000000001,3.1305000000000001
21514,-1.8973,3.1305000000000001
21515,5.7290999999999999,3.1566000000000001
21516,10.677,3.1751999999999998
21517,7.3163999999999998,3.1732999999999998
21518,4.1231999999999998,3.1696
21519,-1.9345000000000001,3.1547000000000001
21520,-17.7331,3.1118999999999999
21521,-21.812899999999999,3.0876999999999999
21522,-20.845700000000001,3.0802999999999998
21523,-21.0441,3.0729000000000002
21524,-15.240500000000001,3.0840000000000001
21525,-8.5688999999999993,3.0989
21526,-7.3722000000000003,3.1063000000000001
21527,-5.2888999999999999,3.1137999999999999
21528,0.71919999999999995,3.1324000000000001
21529,-2.2134999999999998,3.1286999999999998
21530,-5.9275000000000002,3.1212
21531,-5.2579000000000002,3.1231
21532,-2.2568999999999999,3.1305000000000001
21533,-2.2134999999999998,3.1324000000000001
21534,-3.7263999999999999,3.1305000000000001
21535,-10.131399999999999,3.1118999999999999
21536,-10.323600000000001,3.1101000000000001
21537,-5.4935,3.1194000000000002
21538,0,3.1360999999999999
21539,1.2834000000000001,3.1417000000000002
21540,-5.2888999999999999,3.1286999999999998
21541,-8.9346999999999994,3.1175000000000002
21542,-11.972899999999999,3.1063000000000001
21543,-4.0797999999999996,3.1231
21544,0,3.1360999999999999
21545,-9.2385000000000002,3.1156000000000001
21546,-11.650499999999999,3.1063000000000001
21547,-14.2113,3.0933000000000002
21548,-18.644500000000001,3.0766
21549,-13.8888,3.0840000000000001
21550,-11.8551,3.0876999999999999
21551,-8.9718999999999998,3.0952000000000002
21552,-9.0959000000000003,3.097
21553,-9.2446999999999999,3.097
21554,-5.0967000000000002,3.1082000000000001
21555,-1.6183000000000001,3.1212
21556,-3.2490000000000001,3.1194000000000002
21557,-3.2490000000000001,3.1212
21558,-6.6963999999999997,3.1137999999999999
21559,-10.819599999999999,3.0989
21560,0.71919999999999995,3.1305000000000001
21561,1.3577999999999999,3.1360999999999999
21562,0.71919999999999995,3.1379999999999999
21563,-8.8541000000000007,3.1156000000000001
21564,-12.0783,3.1008
21565,-10.745200000000001,3.1008
21566,-7.6946000000000003,3.1082000000000001
21567,-6.8948,3.1101000000000001
21568,-3.4039999999999999,3.1194000000000002
21569,1.3577999999999999,3.1343000000000001
21570,2.0771000000000002,3.1417000000000002
21571,-6.5166000000000004,3.1212
21572,-8.9657,3.1118999999999999
21573,-12.289099999999999,3.0989
21574,-12.568199999999999,3.0933000000000002
21575,-13.814399999999999,3.0876999999999999
21576,-11.4831,3.0914999999999999
21577,-8.2960999999999991,3.0989
21578,-1.8973,3.1175000000000002
21579,1.3577999999999999,3.1305000000000001
21580,21.366499999999998,3.1901000000000002
21581,19.562200000000001,3.2012
21582,18.328299999999999,3.2067999999999999
21583,15.556699999999999,3.2048999999999999
21584,12.4069,3.2031000000000001
21585,9.1144999999999996,3.1956000000000002
21586,0,3.1732999999999998
21587,0,3.1715
21588,0,3.1696
21589,0,3.1696
21590,0,3.1677
21591,0,3.1677
21592,0,3.1677
21593,0,3.1677
21594,0,3.1677
21595,0,3.1677
21596,0,3.1677
21597,0,3.1677
21598,0,3.1677
21599,0,3.1677
21600,0,3.1677
21601,0,3.1677
21602,0,3.1677
21603,0,3.1677
21604,0,3.1677
21605,0,3.1677
21606,0,3.1677
21607,0,3.1677
21608,0,3.1677
21609,0,3.1677
21610,0,3.1696
21611,0,3.1696
21612,0,3.1696
21613,0,3.1696
21614,0,3.1696
21615,0,3.1696
21616,0,3.1696
21617,0,3.1696
21618,0,3.1696
21619,0,3.1696
21620,0,3.1696
21621,0,3.1696
21622,0,3.1715
21623,0,3.1715
21624,0,3.1715
21625,0,3.1715
21626,0,3.1715
21627,0,3.1715
21628,-10.491,3.1436000000000002
21629,-14.446899999999999,3.1267999999999998
21630,-18.328299999999999,3.1101000000000001
21631,-22.7926,3.0876999999999999
21632,-28.602399999999999,3.0636000000000001
21633,-33.444899999999997,3.0375000000000001
21634,-29.253399999999999,3.0375000000000001
21635,-28.199400000000001,3.0356999999999998
21636,-22.3338,3.0449999999999999
21637,-12.165100000000001,3.0729000000000002
21638,2.6785000000000001,3.1175000000000002
21639,1.8476999999999999,3.125
21640,0.72540000000000004,3.1286999999999998
21641,-7.4032,3.1101000000000001
21642,-6.1321000000000003,3.1118999999999999
21643,-6.2126999999999999,3.1118999999999999
21644,-9.0772999999999993,3.1025999999999998
21645,-21.484300000000001,3.0672999999999999
21646,2.7652999999999999,3.1267999999999998
21647,14.043799999999999,3.1677
21648,6.0887000000000002,3.1583999999999999
21649,16.120999999999999,3.1882000000000001
21650,6.9568000000000003,3.1732999999999998
21651,1.0416000000000001,3.1602999999999999
21652,-10.212,3.1286999999999998
21653,-6.7708000000000004,3.1305000000000001
21654,-15.649800000000001,3.1025999999999998
21655,-26.760899999999999,3.0653999999999999
21656,-30.840699999999998,3.0394000000000001
21657,-39.955300000000001,3.004
21658,-39.961500000000001,2.9910000000000001
21659,-39.967700000000001,2.9836
21660,-39.955300000000001,2.9780000000000002
21661,-25.2666,3.0095999999999998
21662,-39.961500000000001,2.9742999999999999
21663,-30.115300000000001,2.9929000000000001
21664,-39.942900000000002,2.9668000000000001
21665,-38.274999999999999,2.9649999999999999
21666,-39.949100000000001,2.9557000000000002
21667,-29.166599999999999,2.9817
21668,-27.455300000000001,2.9872999999999998
21669,-25.880400000000002,2.9910000000000001
21670,-10.491,3.0356999999999998
21671,-6.4112,3.0524
21672,-8.7239000000000004,3.0524
21673,-6.25,3.0636000000000001
21674,-10.2554,3.0543
21675,-10.2492,3.0560999999999998
21676,-10.243,3.0560999999999998
21677,-10.2492,3.0598000000000001
21678,-14.818899999999999,3.0468000000000002
21679,-14.9057,3.0449999999999999
21680,-21.812899999999999,3.0245000000000002
21681,-24.491499999999998,3.0095999999999998
21682,-24.962700000000002,3.004
21683,-20.734100000000002,3.0133000000000001
21684,-23.456099999999999,3.004
21685,-26.271000000000001,2.9929000000000001
21686,-21.893599999999999,3.0022000000000002
21687,-24.677499999999998,2.9946999999999999
21688,-30.121500000000001,2.9780000000000002
21689,-39.961500000000001,2.9445000000000001
21690,-39.546100000000003,2.9388999999999998
21691,-27.734300000000001,2.9668000000000001
21692,-22.805,2.9799000000000002
21693,-17.534700000000001,2.9965999999999999
21694,-12.3697,3.0171000000000001
21695,-7.4527999999999999,3.0337999999999998
21696,-14.688700000000001,3.0207999999999999
21697,-19.928000000000001,3.004
21698,-23.003399999999999,2.9929000000000001
21699,-25.9176,2.9817
21700,-20.665900000000001,2.9910000000000001
21701,-26.4756,2.9742999999999999
21702,-21.1309,2.9853999999999998
21703,-24.324100000000001,2.9761000000000002
21704,-18.843,2.9910000000000001
21705,-16.207799999999999,2.9984999999999999
21706,-11.4087,3.0171000000000001
21707,-16.09,3.0059
21708,-16.071400000000001,3.004
21709,-16.0776,3.004
21710,-16.09,3.004
21711,-16.0776,3.004
21712,-13.361800000000001,3.0133000000000001
21713,-8.3643000000000001,3.0301
21714,-8.2093000000000007,3.0337999999999998
21715,1.5189999999999999,3.0672999999999999
21716,-2.1328999999999998,3.0653999999999999
21717,-4.6130000000000004,3.0617000000000001
21718,-9.7284000000000006,3.0487000000000002
21719,-6.9568000000000003,3.0543
21720,-11.569900000000001,3.0411999999999999
21721,-22.005199999999999,3.0078
21722,-16.840199999999999,3.0152000000000001
21723,-16.896000000000001,3.0133000000000001
21724,-14.322900000000001,3.0188999999999999
21725,-7.0064000000000002,3.0394000000000001
21726,-4.1727999999999996,3.0524
21727,-4.1294000000000004,3.0560999999999998
21728,-3.9186000000000001,3.0636000000000001
21729,-1.054,3.0747
21730,-20.721699999999998,3.0207999999999999
21731,-3.621,3.0617000000000001
21732,-10.646000000000001,3.0430999999999999
21733,-8.6928999999999998,3.0487000000000002
21734,-8.5441000000000003,3.0487000000000002
21735,-15.327299999999999,3.0301
21736,-11.092499999999999,3.0375000000000001
21737,-39.955300000000001,2.9500999999999999
21738,2.0771000000000002,3.0543
21739,-39.955300000000001,2.9445000000000001
21740,-13.926,3.0003000000000002
21741,-27.163900000000002,2.9668000000000001
21742,-39.955300000000001,2.9203000000000001
21743,-28.472200000000001,2.9407999999999999
21744,-20.560500000000001,2.9594
21745,-26.407399999999999,2.9464000000000001
21746,-15.7242,2.9742999999999999
21747,-10.894,2.9929000000000001
21748,0,3.0318999999999998
21749,1.6865000000000001,3.0487000000000002
21750,4.7122999999999999,3.0691000000000002
21751,7.9241000000000001,3.0876999999999999
21752,6.5972,3.0933000000000002
21753,-12.847200000000001,3.0430999999999999
21754,-12.847200000000001,3.0356999999999998
21755,-3.2118000000000002,3.0598000000000001
21756,6.6654,3.0914999999999999
21757,-10.2492,3.0505
21758,-14.279500000000001,3.0337999999999998
21759,-10.2492,3.0394000000000001
21760,-2.5669,3.0617000000000001
21761,-9.9206000000000003,3.0430999999999999
21762,-11.613300000000001,3.0356999999999998
21763,-11.613300000000001,3.0337999999999998
21764,-2.3313000000000001,3.0598000000000001
21765,0,3.0729000000000002
21766,0.16739999999999999,3.0783999999999998
21767,5.1649000000000003,3.0952000000000002
21768,7.9923000000000002,3.1118999999999999
21769,7.9612999999999996,3.1194000000000002
21770,9.1393000000000004,3.1286999999999998
21771,9.0525000000000002,3.1324000000000001
21772,7.7999999999999998,3.1343000000000001
21773,8.8416999999999994,3.1398000000000001
21774,15.197100000000001,3.1621999999999999
21775,11.650499999999999,3.1583999999999999
21776,14.1989,3.1677
21777,10.001200000000001,3.1621999999999999
21778,8.5626999999999995,3.1602999999999999
21779,5.6113,3.1547000000000001
21780,4.6811999999999996,3.1509999999999998
21781,-3.3357999999999999,3.1305000000000001
21782,1.3577999999999999,3.1398000000000001
21783,5.2950999999999997,3.1490999999999998
21784,8.9657,3.1621999999999999
21785,15.7676,3.1825999999999999
21786,17.8385,3.1919
21787,5.9337,3.1696
21788,3.7511999999999999,3.1621999999999999
21789,1.5996999999999999,3.1566000000000001
21790,5.2393000000000001,3.1640000000000001
21791,4.7618999999999998,3.1640000000000001
21792,8.5317000000000007,3.1732999999999998
21793,3.7946,3.1640000000000001
21794,0,3.1547000000000001
21795,0,3.1509999999999998
21796,0,3.1509999999999998
21797,0,3.1490999999999998
21798,0,3.1490999999999998
21799,0,3.1473
21800,0,3.1473
21801,0,3.1473
21802,0,3.1473
21803,0,3.1473
21804,0,3.1473
21805,0,3.1473
21806,0,3.1473
21807,0,3.1473
21808,0,3.1473
21809,0,3.1454
21810,0,3.1473
21811,-3.3296000000000001,3.1379999999999999
21812,-10.615,3.1175000000000002
21813,-16.691400000000002,3.0933000000000002
21814,-20.200800000000001,3.0766
21815,-24.565899999999999,3.0524
21816,-28.199400000000001,3.0301
21817,-27.808700000000002,3.0188999999999999
21818,-30.747699999999998,2.9984999999999999
21819,-16.889800000000001,3.0282
21820,-21.732299999999999,3.0133000000000001
21821,-20.9511,3.0078
21822,-23.642099999999999,2.9965999999999999
21823,-31.4422,2.9687000000000001
21824,-16.207799999999999,3.0022000000000002
21825,-16.771999999999998,3.0022000000000002
21826,-13.076599999999999,3.0133000000000001
21827,-15.9846,3.0059
21828,-17.615300000000001,2.9984999999999999
21829,-19.822600000000001,2.9891999999999999
21830,-7.9364999999999997,3.0226000000000002
21831,-10.77,3.0188999999999999
21832,-4.2968000000000002,3.0394000000000001
21833,-0.496,3.0598000000000001
21834,-8.9718999999999998,3.0394000000000001
21835,-18.892600000000002,3.0059
21836,-14.818899999999999,3.0095999999999998
21837,-6.5724,3.0337999999999998
21838,-6.5785999999999998,3.0375000000000001
21839,-6.5785999999999998,3.0394000000000001
21840,-6.5785999999999998,3.0411999999999999
21841,-6.5785999999999998,3.0430999999999999
21842,-7.7751999999999999,3.0411999999999999
21843,-11.470700000000001,3.0301
21844,-7.9364999999999997,3.0375000000000001
21845,-4.7866999999999997,3.0468000000000002
21846,0.48980000000000001,3.0672999999999999
21847,5.1835000000000004,3.0876999999999999
21848,6.0453000000000001,3.097
21849,2.2507000000000001,3.0933000000000002
21850,15.2653,3.1343000000000001
21851,16.6294,3.1473
21852,20.151199999999999,3.1677
21853,14.694900000000001,3.1621999999999999
21854,13.616,3.1640000000000001
21855,12.301500000000001,3.1640000000000001
21856,10.6212,3.1621999999999999
21857,6.2188999999999997,3.1547000000000001
21858,0,3.1360999999999999
21859,0,3.1343000000000001
21860,0,3.1324000000000001
21861,0,3.1324000000000001
21862,0,3.1305000000000001
21863,0,3.1305000000000001
21864,0,3.1305000000000001
21865,0,3.1305000000000001
21866,0,3.1305000000000001
21867,-8.3519000000000005,3.1082000000000001
21868,-10.652200000000001,3.0952000000000002
21869,-17.050999999999998,3.0710000000000002
21870,-23.207999999999998,3.0430999999999999
21871,-27.3809,3.0188999999999999
21872,-32.198599999999999,2.9872999999999998
21873,-39.9739,2.9481999999999999
21874,-35.608800000000002,2.9426999999999999
21875,-11.7807,3.0022000000000002
21876,-28.379200000000001,2.9557000000000002
21877,-24.5473,2.9594
21878,-18.650700000000001,2.9723999999999999
21879,-6.6158000000000001,3.0078
21880,-3.1869999999999998,3.0282
21881,0,3.0449999999999999
21882,0.73780000000000001,3.0560999999999998
21883,1.3702000000000001,3.0672999999999999
21884,3.7326000000000001,3.0783999999999998
21885,17.708300000000001,3.1267999999999998
21886,18.092700000000001,3.1417000000000002
21887,15.339700000000001,3.1436000000000002
21888,12.1713,3.1436000000000002
21889,8.9346999999999994,3.1398000000000001
21890,0,3.1194000000000002
21891,0,3.1156000000000001
21892,0,3.1156000000000001
21893,0,3.1156000000000001
21894,0,3.1156000000000001
21895,0,3.1156000000000001
21896,0,3.1137999999999999
21897,0,3.1156000000000001
21898,0,3.1156000000000001
21899,0,3.1156000000000001
21900,0,3.1156000000000001
21901,0,3.1156000000000001
21902,0,3.1156000000000001
21903,0,3.1156000000000001
21904,0,3.1175000000000002
21905,0,3.1175000000000002
21906,0,3.1175000000000002
21907,0,3.1175000000000002
21908,0,3.1175000000000002
21909,0,3.1194000000000002
21910,0,3.1194000000000002
21911,0,3.1194000000000002
21912,-10.491,3.0895999999999999
21913,-14.4655,3.0729000000000002
21914,-18.340699999999998,3.0524
21915,-22.811199999999999,3.0282
21916,-28.620999999999999,2.9984999999999999
21917,-33.463500000000003,2.9687000000000001
21918,-39.961500000000001,2.9315000000000002
21919,-39.961500000000001,2.911
21920,-22.0548,2.952
21921,-21.819099999999999,2.952
21922,-39.967700000000001,2.8942999999999999
21923,-28.404,2.9129
21924,-14.459300000000001,2.9538000000000002
21925,-24.851099999999999,2.9278
21926,-10.8568,2.9668000000000001
21927,-14.5709,2.9594
21928,-14.8499,2.9594
21929,-4.6192000000000002,2.9929000000000001
21930,-7.7751999999999999,2.9910000000000001
21931,-7.8186999999999998,2.9946999999999999
21932,-2.6970999999999998,3.0152000000000001
21933,-0.70679999999999998,3.0264000000000002
21934,-11.2661,2.9984999999999999
21935,-6.5785999999999998,3.0095999999999998
21936,0.53320000000000001,3.0337999999999998
21937,-4.4951999999999996,3.0264000000000002
21938,-4.4269999999999996,3.0282
21939,-2.4986999999999999,3.0356999999999998
21940,-6.3120000000000003,3.0264000000000002
21941,-6.2995999999999999,3.0264000000000002
21942,-6.2995999999999999,3.0264000000000002
21943,-6.2995999999999999,3.0264000000000002
21944,-6.2995999999999999,3.0264000000000002
21945,-2.4615,3.0375000000000001
21946,-8.1472999999999995,3.0226000000000002
21947,-8.1783000000000001,3.0207999999999999
21948,-11.061500000000001,3.0078
21949,-0.5766,3.0375000000000001
21950,-2.4552999999999998,3.0375000000000001
21951,-6.2188999999999997,3.0301
21952,-6.2188999999999997,3.0282
21953,-2.4180999999999999,3.0394000000000001
21954,-2.3437000000000001,3.0430999999999999
21955,-4.1790000000000003,3.0394000000000001
21956,6.0143000000000004,3.0710000000000002
21957,10.224399999999999,3.0914999999999999
21958,13.1386,3.1101000000000001
21959,13.857799999999999,3.1212
21960,14.8437,3.1305000000000001
21961,15.972200000000001,3.1398000000000001
21962,13.2936,3.1379999999999999
21963,13.299799999999999,3.1417000000000002
21964,10.683199999999999,3.1398000000000001
21965,6.8141999999999996,3.1324000000000001
21966,0,3.1156000000000001
21967,0,3.1137999999999999
21968,0,3.1118999999999999
21969,0,3.1101000000000001
21970,0,3.1101000000000001
21971,0,3.1082000000000001
21972,0,3.1082000000000001
21973,0,3.1082000000000001
21974,0,3.1082000000000001
21975,-3.9868000000000001,3.0952000000000002
21976,-7.5396000000000001,3.0840000000000001
21977,-6.6715999999999998,3.0821999999999998
21978,-3.621,3.0859000000000001
21979,-11.4335,3.0653999999999999
21980,-7.1117999999999997,3.0710000000000002
21981,-6.6219999999999999,3.0691000000000002
21982,-10.2988,3.0560999999999998
21983,-15.8482,3.0356999999999998
21984,-17.4603,3.0207999999999999
21985,-16.338000000000001,3.0171000000000001
21986,-13.9322,3.0171000000000001
21987,-13.492000000000001,3.0133000000000001
21988,-12.022500000000001,3.0152000000000001
21989,-13.337,3.0059
21990,-14.459300000000001,3.0003000000000002
21991,-12.5806,3.0003000000000002
21992,-11.7807,3.0003000000000002
21993,-8.7052999999999994,3.0078
21994,-5.3013000000000003,3.0207999999999999
21995,-3.8193999999999999,3.0282
21996,-3.8193999999999999,3.0318999999999998
21997,-3.8256000000000001,3.0337999999999998
21998,-3.8193999999999999,3.0356999999999998
21999,-3.8256000000000001,3.0375000000000001
22000,-11.7745,3.0152000000000001
22001,-6.3368000000000002,3.0264000000000002
22002,-6.4236000000000004,3.0264000000000002
22003,0.73780000000000001,3.0468000000000002
22004,0.73160000000000003,3.0543
22005,-0.78739999999999999,3.0524
22006,-3.8256000000000001,3.0468000000000002
22007,-3.8256000000000001,3.0468000000000002
22008,1.8105,3.0653999999999999
22009,6.2251000000000003,3.0821999999999998
22010,16.505400000000002,3.1194000000000002
22011,13.299799999999999,3.1212
22012,10.695600000000001,3.1194000000000002
22013,0,3.0933000000000002
22014,0,3.0933000000000002
22015,0,3.0914999999999999
22016,0,3.0914999999999999
22017,0,3.0895999999999999
22018,0,3.0895999999999999
22019,0,3.0895999999999999
22020,0,3.0914999999999999
22021,0,3.0914999999999999
22022,0,3.0914999999999999
22023,0,3.0914999999999999
22024,0,3.0914999999999999
22025,0,3.0914999999999999
22026,0,3.0914999999999999
22027,0,3.0933000000000002
22028,0,3.0933000000000002
22029,0,3.0933000000000002
22030,0,3.0933000000000002
22031,0,3.0933000000000002
22032,0,3.0933000000000002
22033,-10.503399999999999,3.0653999999999999
22034,-14.4655,3.0449999999999999
22035,-18.346900000000002,3.0264000000000002
22036,-22.575600000000001,3.0003000000000002
22037,-13.305999999999999,3.0171000000000001
22038,-13.058,3.0133000000000001
22039,-11.0243,3.0171000000000001
22040,-2.1391,3.0411999999999999
22041,-2.1453000000000002,3.0468000000000002
22042,-6.3120000000000003,3.0375000000000001
22043,-4.1356000000000002,3.0430999999999999
22044,-2.1391,3.0487000000000002
22045,-0.13639999999999999,3.0598000000000001
22046,1.054,3.0653999999999999
22047,-1.1408,3.0636000000000001
22048,0.29759999999999998,3.0691000000000002
22049,-6.2686000000000002,3.0505
22050,-3.2242000000000002,3.0560999999999998
22051,-1.1408,3.0636000000000001
22052,0.61380000000000001,3.0710000000000002
22053,-1.1097999999999999,3.0672999999999999
22054,-2.0522999999999998,3.0653999999999999
22055,-3.0629,3.0636000000000001
22056,-6.2624000000000004,3.0524
22057,-7.2544000000000004,3.0468000000000002
22058,-10.466200000000001,3.0337999999999998
22059,-8.9346999999999994,3.0337999999999998
22060,-12.5496,3.0188999999999999
22061,-10.9747,3.0171000000000001
22062,-3.931,3.0356999999999998
22063,-3.9805999999999999,3.0375000000000001
22064,-7.7442000000000002,3.0264000000000002
22065,-7.5396000000000001,3.0264000000000002
22066,-7.6574,3.0245000000000002
22067,-4.5758000000000001,3.0318999999999998
22068,-3.2242000000000002,3.0375000000000001
22069,-3.2242000000000002,3.0375000000000001
22070,-5.3384999999999998,3.0337999999999998
22071,-14.9801,3.0022000000000002
22072,-20.4985,2.9761000000000002
22073,-15.2591,2.9799000000000002
22074,-10.825799999999999,2.9872999999999998
22075,-10.453799999999999,2.9872999999999998
22076,3.9805999999999999,3.0337999999999998
22077,17.702100000000002,3.0876999999999999
22078,16.220199999999998,3.0989
22079,13.0952,3.1025999999999998
22080,9.7469999999999999,3.1008
22081,0,3.0783999999999998
22082,0,3.0766
22083,0,3.0766
22084,0,3.0766
22085,0,3.0766
22086,0,3.0766
22087,0,3.0766
22088,0,3.0766
22089,0,3.0766
22090,0,3.0783999999999998
22091,0,3.0783999999999998
22092,0,3.0783999999999998
22093,0,3.0783999999999998
22094,0,3.0802999999999998
22095,0,3.0802999999999998
22096,0,3.0802999999999998
22097,0,3.0802999999999998
22098,0,3.0802999999999998
22099,0,3.0802999999999998
22100,0,3.0821999999999998
22101,0,3.0821999999999998
22102,0,3.0821999999999998
22103,0,3.0821999999999998
22104,0,3.0840000000000001
22105,0,3.0840000000000001
22106,0,3.0840000000000001
22107,0,3.0840000000000001
22108,0,3.0840000000000001
22109,0,3.0840000000000001
22110,-6.4607999999999999,3.0672999999999999
22111,-8.1721000000000004,3.0560999999999998
22112,-17.131599999999999,3.0264000000000002
22113,-13.901199999999999,3.0245000000000002
22114,-16.418600000000001,3.0078
22115,-12.0039,3.0152000000000001
22116,-11.650499999999999,3.0095999999999998
22117,-20.014800000000001,2.9817
22118,-21.620699999999999,2.9649999999999999
22119,-16.5364,2.9706000000000001
22120,-15.749000000000001,2.9687000000000001
22121,-15.463699999999999,2.9649999999999999
22122,-17.540900000000001,2.952
22123,-13.498200000000001,2.9594
22124,-7.6264000000000003,2.9780000000000002
22125,-9.1765000000000008,2.9761000000000002
22126,-5.6670999999999996,2.9872999999999998
22127,-5.6981000000000002,2.9910000000000001
22128,-4.1417999999999999,2.9984999999999999
22129,-6.5724,2.9946999999999999
22130,-5.7415000000000003,2.9965999999999999
22131,-4.1852,3.0022000000000002
22132,1.2958000000000001,3.0226000000000002
22133,1.2958000000000001,3.0282
22134,10.131399999999999,3.0617000000000001
22135,11.2103,3.0766
22136,13.3742,3.0895999999999999
22137,7.8620999999999999,3.0840000000000001
22138,6.2561999999999998,3.0840000000000001
22139,7.6635999999999997,3.0895999999999999
22140,0,3.0729000000000002
22141,0,3.0710000000000002
22142,0,3.0710000000000002
22143,0,3.0691000000000002
22144,0,3.0691000000000002
22145,0,3.0691000000000002
22146,0,3.0691000000000002
22147,0,3.0710000000000002
22148,0,3.0710000000000002
22149,0,3.0710000000000002
22150,0,3.0710000000000002
22151,0,3.0710000000000002
22152,0,3.0710000000000002
22153,0,3.0729000000000002
22154,0,3.0729000000000002
22155,0,3.0729000000000002
22156,0,3.0729000000000002
22157,0,3.0729000000000002
22158,-4.5696000000000003,3.0617000000000001
22159,-6.2561999999999998,3.0524
22160,-3.8628,3.0543
22161,-6.9691999999999998,3.0449999999999999
22162,-14.019,3.0207999999999999
22163,-13.647,3.0133000000000001
22164,-15.978400000000001,2.9984999999999999
22165,-10.2182,3.0059
22166,-16.306999999999999,2.9853999999999998
22167,-5.1090999999999998,3.0133000000000001
22168,-0.099199999999999997,3.0301
22169,-2.0585,3.0301
22170,-16.858799999999999,2.9872999999999998
22171,-11.8551,2.9910000000000001
22172,-11.464499999999999,2.9872999999999998
22173,-16.945599999999999,2.9668000000000001
22174,-14.1059,2.9668000000000001
22175,-3.218,2.9965999999999999
22176,0.84319999999999995,3.0171000000000001
22177,-10.2182,2.9872999999999998
22178,-10.503399999999999,2.9817
22179,-5.6299000000000001,2.9946999999999999
22180,4.1045999999999996,3.0264000000000002
22181,3.621,3.0356999999999998
22182,4.5385999999999997,3.0430999999999999
22183,11.098699999999999,3.0710000000000002
22184,10.9871,3.0802999999999998
22185,8.1721000000000004,3.0783999999999998
22186,0,3.0617000000000001
22187,0,3.0598000000000001
22188,0,3.0598000000000001
22189,0,3.0560999999999998
22190,0,3.0598000000000001
22191,0,3.0598000000000001
22192,-0.13639999999999999,3.0598000000000001
22193,-8.7114999999999991,3.0337999999999998
22194,-10.6646,3.0207999999999999
22195,-16.617000000000001,2.9965999999999999
22196,-20.386900000000001,2.9723999999999999
22197,-12.0101,2.9853999999999998
22198,-17.4603,2.9649999999999999
22199,-18.898800000000001,2.9500999999999999
22200,-17.249500000000001,2.9464000000000001
22201,-21.744700000000002,2.9258999999999999
22202,-20.944900000000001,2.9165999999999999
22203,-19.977599999999999,2.911
22204,-16.213999999999999,2.9184999999999999
22205,-16.933199999999999,2.9129
22206,-11.8613,2.9258999999999999
22207,-10.77,2.9315000000000002
22208,-8.1038999999999994,2.9407999999999999
22209,-9.6539999999999999,2.9388999999999998
22210,-8.3890999999999991,2.9426999999999999
22211,-4.4951999999999996,2.9575
22212,0,2.9761000000000002
22213,-2.7715000000000001,2.9761000000000002
22214,-1.1408,2.9836
22215,1.3702000000000001,2.9965999999999999
22216,2.6103000000000001,3.0059
22217,6.7770000000000001,3.0264000000000002
22218,10.788600000000001,3.0468000000000002
22219,10.1004,3.0543
22220,11.737299999999999,3.0672999999999999
22221,9.8585999999999991,3.0691000000000002
22222,5.2579000000000002,3.0617000000000001
22223,6.6901999999999999,3.0672999999999999
22224,0,3.0505
22225,0,3.0487000000000002
22226,0,3.0468000000000002
22227,0,3.0468000000000002
22228,-0.496,3.0468000000000002
22229,0,3.0468000000000002
22230,0,3.0468000000000002
22231,-9.6229999999999993,3.0207999999999999
22232,-10.652200000000001,3.0078
22233,-17.8261,2.9799000000000002
22234,-23.970700000000001,2.9464000000000001
22235,-24.1815,2.9278
22236,-16.139600000000002,2.9388999999999998
22237,-10.416600000000001,2.952
22238,-13.058,2.9445000000000001
22239,-14.267099999999999,2.9352
22240,-15.8172,2.9258999999999999
22241,-16.5426,2.9184999999999999
22242,-25.2852,2.8831000000000002
22243,-23.003399999999999,2.8757000000000001
22244,-16.852599999999999,2.8887
22245,-10.9809,2.9055
22246,-8.2155000000000005,2.9184999999999999
22247,-12.307700000000001,2.9073000000000002
22248,-4.5758000000000001,2.9315000000000002
22249,-4.5696000000000003,2.9388999999999998
22250,-2.8955000000000002,2.9481999999999999
22251,0,2.9649999999999999
22252,-1.1841999999999999,2.9668000000000001
22253,-4.3836000000000004,2.9594
22254,-4.3836000000000004,2.9613
22255,-2.7839,2.9687000000000001
22256,2.0585,2.9853999999999998
22257,-2.6598999999999999,2.9780000000000002
22258,-4.1852,2.9723999999999999
22259,-4.1790000000000003,2.9723999999999999
22260,-4.1790000000000003,2.9723999999999999
22261,-4.1852,2.9723999999999999
22262,-4.1790000000000003,2.9723999999999999
22263,-5.8220999999999998,2.9687000000000001
22264,-9.5361999999999991,2.9538000000000002
22265,-11.2165,2.9426999999999999
22266,-25.495999999999999,2.8887
22267,-19.376200000000001,2.8887
22268,-19.785399999999999,2.8776000000000002
22269,-20.529499999999999,2.8664000000000001
22270,-5.8220999999999998,2.9073000000000002
22271,-14.4655,2.8868999999999998
22272,-12.022500000000001,2.8906000000000001
22273,-10.503399999999999,2.8942999999999999
22274,-4.1356000000000002,2.9184999999999999
22275,-2.2134999999999998,2.9296000000000002
22276,-5.9027000000000003,2.9241000000000001
22277,-4.0301999999999998,2.9315000000000002
22278,-0.34100000000000003,2.9464000000000001
22279,1.3764000000000001,2.9575
22280,-3.9805999999999999,2.9481999999999999
22281,1.3702000000000001,2.9668000000000001
22282,1.3764000000000001,2.9723999999999999
22283,-3.6581999999999999,2.9613
22284,-0.099199999999999997,2.9723999999999999
22285,-3.5775999999999999,2.9649999999999999
22286,4.6999000000000004,2.9910000000000001
22287,2.0956999999999999,2.9891999999999999
22288,-3.1869999999999998,2.9780000000000002
22289,-4.8487,2.9706000000000001
22290,-4.8611000000000004,2.9687000000000001
22291,-4.8548999999999998,2.9668000000000001
22292,0,2.9799000000000002
22293,-3.0567000000000002,2.9742999999999999
22294,-4.7432999999999996,2.9687000000000001
22295,-1.3453999999999999,2.9780000000000002
22296,0.73160000000000003,2.9872999999999998
22297,2.6970999999999998,2.9965999999999999
22298,1.3702000000000001,2.9965999999999999
22299,2.6537000000000002,3.0022000000000002
22300,8.0108999999999995,3.0245000000000002
22301,9.6105999999999998,3.0356999999999998
22302,8.7797000000000001,3.0394000000000001
22303,6.6219999999999999,3.0394000000000001
22304,5.2516999999999996,3.0375000000000001
22305,-2.4243000000000001,3.0188999999999999
22306,-11.458299999999999,2.9872999999999998
22307,-10.9064,2.9780000000000002
22308,-7.9550999999999998,2.9799000000000002
22309,-8.9718999999999998,2.9723999999999999
22310,-10.137600000000001,2.9613
22311,-10.460000000000001,2.9557000000000002
22312,-12.7418,2.9426999999999999
22313,-15.8606,2.9241000000000001
22314,-16.579799999999999,2.911
22315,-11.6257,2.9203000000000001
22316,-3.9929999999999999,2.9407999999999999
22317,-6.3120000000000003,2.9388999999999998
22318,-6.343,2.9388999999999998
22319,-6.4607999999999999,2.9388999999999998
22320,-11.656700000000001,2.9203000000000001
22321,-8.1844999999999999,2.9258999999999999
22322,-13.616,2.9055
22323,-6.2188999999999997,2.9258999999999999
22324,-6.2624000000000004,2.9258999999999999
22325,-6.2624000000000004,2.9278
22326,-2.9823,2.9388999999999998
22327,4.4207999999999998,2.9668000000000001
22328,2.0585,2.9706000000000001
22329,1.3702000000000001,2.9723999999999999
22330,6.1383000000000001,2.9929000000000001
22331,3.2551999999999999,2.9910000000000001
22332,1.2958000000000001,2.9891999999999999
22333,-7.3411999999999997,2.9649999999999999
22334,-7.4589999999999996,2.9557000000000002
22335,-8.9842999999999993,2.9464000000000001
22336,-6.2995999999999999,2.9500999999999999
22337,-10.6708,2.9333999999999998
22338,-12.5434,2.9222000000000001
22339,-11.5327,2.9165999999999999
22340,-8.0108999999999995,2.9241000000000001
22341,-11.972899999999999,2.9073000000000002
22342,-12.344900000000001,2.8999000000000001
22343,-7.1055999999999999,2.9129
22344,-2.9823,2.9296000000000002
22345,-2.9823,2.9333999999999998
22346,-2.9016999999999999,2.9371
22347,0.77500000000000002,2.952
22348,0.77500000000000002,2.9575
22349,-2.7776999999999998,2.9500999999999999
22350,-4.3339999999999996,2.9464000000000001
22351,0.77500000000000002,2.9613
22352,0.78120000000000001,2.9668000000000001
22353,2.0150999999999999,2.9742999999999999
22354,-9.1021000000000001,2.9426999999999999
22355,-10.695600000000001,2.9296000000000002
22356,-8.0108999999999995,2.9315000000000002
22357,-6.7026000000000003,2.9315000000000002
22358,-1.1408,2.9481999999999999
22359,-6.7026000000000003,2.9352
22360,-4.3402000000000003,2.9388999999999998
22361,-4.3402000000000003,2.9407999999999999
22362,0,2.9538000000000002
22363,0.17979999999999999,2.9594
22364,1.3702000000000001,2.9687000000000001
22365,0.17979999999999999,2.9687000000000001
22366,-2.6227,2.9594
22367,-4.1790000000000003,2.9557000000000002
22368,-4.1852,2.952
22369,-0.98580000000000001,2.9613
22370,-2.4925000000000002,2.9594
22371,-4.1417999999999999,2.9538000000000002
22372,0,2.9687000000000001
22373,0.17979999999999999,2.9706000000000001
22374,-3.9371999999999998,2.9594
22375,-7.7751999999999999,2.9445000000000001
22376,-2.4552999999999998,2.9575
22377,0.21079999999999999,2.9668000000000001
22378,3.8193999999999999,2.9817
22379,4.7743000000000002,2.9910000000000001
22380,5.9398999999999997,3.0003000000000002
22381,1.7361,2.9929000000000001
22382,-2.8582999999999998,2.9799000000000002
22383,-3.9371999999999998,2.9742999999999999
22384,-13.0518,2.9407999999999999
22385,-12.382099999999999,2.9333999999999998
22386,-10.9064,2.9296000000000002
22387,-5.8220999999999998,2.9388999999999998
22388,-5.8593000000000002,2.9388999999999998
22389,-10.0632,2.9241000000000001
22390,-6.1073000000000004,2.9315000000000002
22391,-5.3323,2.9333999999999998
22392,-5.3818999999999999,2.9315000000000002
22393,-6.2561999999999998,2.9296000000000002
22394,0.21079999999999999,2.9481999999999999
22395,-0.78120000000000001,2.9500999999999999
22396,-3.8256000000000001,2.9445000000000001
22397,-3.8256000000000001,2.9426999999999999
22398,0.21079999999999999,2.9557000000000002
22399,-0.73160000000000003,2.9575
22400,-0.73160000000000003,2.9594
22401,-3.6272000000000002,2.952
22402,-5.9027000000000003,2.9426999999999999
22403,-10.1004,2.9258999999999999
22404,-3.8256000000000001,2.9388999999999998
22405,0.73160000000000003,2.9557000000000002
22406,-3.7387999999999999,2.9464000000000001
22407,1.2958000000000001,2.9613
22408,-8.5379000000000005,2.9333999999999998
22409,-11.458299999999999,2.9184999999999999
22410,-10.336,2.911
22411,1.2958000000000001,2.9464000000000001
22412,4.8982999999999999,2.9668000000000001
22413,10.6212,2.9929000000000001
22414,8.9346999999999994,2.9984999999999999
22415,13.1882,3.0188999999999999
22416,10.491,3.0207999999999999
22417,7.3474000000000004,3.0171000000000001
22418,0,2.9984999999999999
22419,0,2.9965999999999999
22420,0,2.9946999999999999
22421,0,2.9946999999999999
22422,0,2.9946999999999999
22423,0,2.9929000000000001
22424,-6.4607999999999999,2.9742999999999999
22425,-9.7035999999999998,2.9575
22426,-20.529499999999999,2.9165999999999999
22427,-22.098199999999999,2.8923999999999999
22428,-26.2834,2.859
22429,-20.851900000000001,2.8571
22430,-12.4255,2.8757000000000001
22431,-15.649800000000001,2.8607999999999998
22432,-13.529199999999999,2.8607999999999998
22433,-12.2209,2.8626999999999998
22434,-14.4655,2.8515000000000001
22435,-21.087499999999999,2.8235999999999999
22436,-26.686499999999999,2.7919999999999998
22437,-19.184000000000001,2.8012999999999999
22438,-11.8179,2.8199000000000001
22439,-8.2960999999999991,2.8365999999999998
22440,-6.0576999999999996,2.8477999999999999
22441,-4.5014000000000003,2.859
22442,-4.4889999999999999,2.8645
22443,3.6520000000000001,2.8961999999999999
22444,-1.1035999999999999,2.8942999999999999
22445,0,2.9016999999999999
22446,0.77500000000000002,2.9091999999999998
22447,0.17979999999999999,2.9129
22448,1.2958000000000001,2.9222000000000001
22449,0.17979999999999999,2.9241000000000001
22450,1.2958000000000001,2.9315000000000002
22451,5.8097000000000003,2.9481999999999999
22452,10.615,2.9742999999999999
22453,1.2896000000000001,2.9538000000000002
22454,-2.8334999999999999,2.9407999999999999
22455,-6.3120000000000003,2.9278
22456,-10.7018,2.9073000000000002
22457,-9.1393000000000004,2.9036
22458,-0.53939999999999999,2.9278
22459,-3.2551999999999999,2.9222000000000001
22460,-5.4625000000000004,2.9129
22461,0.29759999999999998,2.9315000000000002
22462,-3.2551999999999999,2.9241000000000001
22463,-3.2614000000000001,2.9241000000000001
22464,-12.4193,2.8923999999999999
22465,-9.6229999999999993,2.8906000000000001
22466,-11.2103,2.8794
22467,-6.0266999999999999,2.8906000000000001
22468,-7.4652000000000003,2.8868999999999998
22469,-8.9718999999999998,2.8776000000000002
22470,-5.4996999999999998,2.8868999999999998
22471,-2.4180999999999999,2.8980000000000001
22472,1.2958000000000001,2.9129
22473,3.7450000000000001,2.9296000000000002
22474,0.73160000000000003,2.9278
22475,1.2524,2.9333999999999998
22476,0.28520000000000001,2.9333999999999998
22477,0.73160000000000003,2.9371
22478,1.3391999999999999,2.9407999999999999
22479,0.77500000000000002,2.9426999999999999
22480,4.5385999999999997,2.9557000000000002
22481,13.182,2.9891999999999999
22482,11.464499999999999,2.9946999999999999
22483,8.2898999999999994,2.9929000000000001
22484,0,2.9723999999999999
22485,0,2.9706000000000001
22486,0,2.9687000000000001
22487,0,2.9687000000000001
22488,0,2.9687000000000001
22489,0,2.9687000000000001
22490,0,2.9687000000000001
22491,0,2.9687000000000001
22492,0,2.9687000000000001
22493,0,2.9687000000000001
22494,0,2.9687000000000001
22495,0,2.9687000000000001
22496,0,2.9687000000000001
22497,0,2.9687000000000001
22498,0,2.9687000000000001
22499,0,2.9706000000000001
22500,0,2.9706000000000001
22501,0,2.9706000000000001
22502,0,2.9706000000000001
22503,0,2.9706000000000001
22504,0,2.9723999999999999
22505,0,2.9723999999999999
22506,0,2.9723999999999999
22507,0,2.9723999999999999
22508,0,2.9723999999999999
22509,0,2.9723999999999999
22510,0,2.9723999999999999
22511,0,2.9742999999999999
22512,0,2.9723999999999999
22513,0,2.9742999999999999
22514,0,2.9742999999999999
22515,0,2.9742999999999999
22516,0,2.9742999999999999
22517,-3.9805999999999999,2.9613
22518,-9.0648999999999997,2.9445000000000001
22519,-16.0032,2.9129
22520,-19.642800000000001,2.8887
22521,-24.014099999999999,2.8571
22522,-27.740500000000001,2.8273000000000001
22523,-15.339700000000001,2.8477999999999999
22524,-16.617000000000001,2.8384999999999998
22525,-20.740300000000001,2.8142999999999998
22526,-16.381399999999999,2.8180000000000001
22527,-15.1661,2.8161999999999998
22528,-13.175800000000001,2.8180000000000001
22529,-13.6966,2.8142999999999998
22530,-15.6187,2.8031000000000001
22531,-7.6574,2.8273000000000001
22532,-11.458299999999999,2.8161999999999998
22533,-10.9064,2.8142999999999998
22534,-9.6539999999999999,2.8180000000000001
22535,0,2.8534000000000002
22536,1.3702000000000001,2.8700999999999999
22537,1.3702000000000001,2.8794
22538,-4.0983999999999998,2.8664000000000001
22539,2.7776999999999998,2.8923999999999999
22540,9.8585999999999991,2.9258999999999999
22541,10.336,2.9407999999999999
22542,4.1790000000000003,2.9315000000000002
22543,3.4660000000000002,2.9333999999999998
22544,11.613300000000001,2.9649999999999999
22545,10.968500000000001,2.9723999999999999
22546,7.4589999999999996,2.9687000000000001
22547,2.4491000000000001,2.9557000000000002
22548,0.62,2.952
22549,0,2.9481999999999999
22550,0,2.9481999999999999
22551,0,2.9481999999999999
22552,0,2.9481999999999999
22553,-0.5766,2.9464000000000001
22554,-2.2134999999999998,2.9407999999999999
22555,-2.2568999999999999,2.9388999999999998
22556,0,2.9445000000000001
22557,-0.5766,2.9445000000000001
22558,0,2.9464000000000001
22559,0,2.9464000000000001
22560,0,2.9481999999999999
22561,0,2.9481999999999999
22562,0,2.9481999999999999
22563,0,2.9481999999999999
22564,0,2.9500999999999999
22565,-0.155,2.9500999999999999
22566,-1.8229,2.9445000000000001
22567,-3.4163999999999999,2.9388999999999998
22568,-6.6219999999999999,2.9278
22569,-15.0793,2.8942999999999999
22570,-17.305299999999999,2.8738000000000001
22571,-20.213200000000001,2.8477999999999999
22572,-9.8957999999999995,2.8700999999999999
22573,-5.4625000000000004,2.8831000000000002
22574,-13.8454,2.8534000000000002
22575,-19.8536,2.8235999999999999
22576,-20.1388,2.8069000000000002
22577,-13.1014,2.8161999999999998
22578,-5.1772999999999998,2.8422000000000001
22579,-3.9868000000000001,2.8515000000000001
22580,-4.0178000000000003,2.8552
22581,-6.2561999999999998,2.8515000000000001
22582,-11.8179,2.8311000000000002
22583,-9.1455000000000002,2.8329
22584,-12.5806,2.8161999999999998
22585,-11.7807,2.8125
22586,-10.094200000000001,2.8125
22587,-2.3003,2.8403999999999998
22588,-2.2631000000000001,2.8477999999999999
22589,-6.0514999999999999,2.8384999999999998
22590,-8.9595000000000002,2.8292000000000002
22591,-9.1021000000000001,2.8235999999999999
22592,-6.4298000000000002,2.8292000000000002
22593,-9.3500999999999994,2.8180000000000001
22594,-6.2624000000000004,2.8273000000000001
22595,-7.7442000000000002,2.8199000000000001
22596,-5.6174999999999997,2.8273000000000001
22597,-4.1045999999999996,2.8329
22598,-4.1045999999999996,2.8365999999999998
22599,-2.4986999999999999,2.8441000000000001
22600,-2.4986999999999999,2.8477999999999999
22601,-4.0178000000000003,2.8441000000000001
22602,0,2.859
22603,-2.5731000000000002,2.8571
22604,0.73160000000000003,2.8700999999999999
22605,1.2958000000000001,2.8776000000000002
22606,3.8193999999999999,2.8906000000000001
22607,4.7743000000000002,2.8999000000000001
22608,10.1066,2.9258999999999999
22609,6.4607999999999999,2.9258999999999999
22610,10.8444,2.9445000000000001
22611,4.9417,2.9352
22612,6.4112,2.9407999999999999
22613,7.6201999999999996,2.9500999999999999
22614,0,2.9315000000000002
22615,0,2.9296000000000002
22616,0,2.9278
22617,0,2.9278
22618,0,2.9278
22619,0,2.9278
22620,0,2.9278
22621,0,2.9278
22622,0,2.9278
22623,0,2.9278
22624,0,2.9278
22625,0,2.9278
22626,0,2.9278
22627,0,2.9296000000000002
22628,0,2.9296000000000002
22629,0,2.9296000000000002
22630,0,2.9296000000000002
22631,0,2.9296000000000002
22632,0,2.9296000000000002
22633,-6.7770000000000001,2.9091999999999998
22634,-10.652200000000001,2.8906000000000001
22635,-16.152000000000001,2.8626999999999998
22636,-22.302800000000001,2.8292000000000002
22637,-26.500399999999999,2.7919999999999998
22638,-31.367799999999999,2.7511000000000001
22639,-27.374700000000001,2.7399
22640,-24.206299999999999,2.7324999999999999
22641,-9.3438999999999997,2.7715000000000001
22642,1.2524,2.8142999999999998
22643,1.2524,2.8311000000000002
22644,12.3263,2.8831000000000002
22645,13.461,2.9073000000000002
22646,10.8568,2.9165999999999999
22647,7.1738,2.9165999999999999
22648,0,2.8980000000000001
22649,0,2.8980000000000001
22650,0,2.8980000000000001
22651,0,2.8980000000000001
22652,0,2.8999000000000001
22653,0,2.8999000000000001
22654,0,2.9016999999999999
22655,0,2.9016999999999999
22656,0,2.9036
22657,0,2.9036
22658,0,2.9055
22659,0,2.9055
22660,0,2.9073000000000002
22661,-0.78120000000000001,2.9055
22662,-4.3402000000000003,2.8942999999999999
22663,-6.6219999999999999,2.8831000000000002
22664,-9.7408000000000001,2.8664000000000001
22665,-18.142299999999999,2.8311000000000002
22666,-15.1723,2.8235999999999999
22667,-8.1844999999999999,2.8365999999999998
22668,-2.5731000000000002,2.8552
22669,0.48980000000000001,2.8700999999999999
22670,-3.3481999999999998,2.8607999999999998
22671,-3.9371999999999998,2.859
22672,-1.5376000000000001,2.8664000000000001
22673,-8.2155000000000005,2.8458999999999999
22674,-13.3866,2.8235999999999999
22675,-14.7011,2.8050000000000002
22676,-16.344200000000001,2.7883
22677,-13.1882,2.7883
22678,-15.5443,2.7696999999999998
22679,-7.9861000000000004,2.7900999999999998
22680,-6.3120000000000003,2.7957000000000001
22681,-2.7776999999999998,2.8106
22682,0.29759999999999998,2.8273000000000001
22683,0.29759999999999998,2.8365999999999998
22684,-6.4669999999999996,2.8161999999999998
22685,-6.2995999999999999,2.8142999999999998
22686,-5.1463000000000001,2.8161999999999998
22687,-1.6245000000000001,2.8292000000000002
22688,-0.38440000000000002,2.8384999999999998
22689,-0.38440000000000002,2.8422000000000001
22690,-2.8273000000000001,2.8365999999999998
22691,-1.6245000000000001,2.8422000000000001
22692,5.4625000000000004,2.8700999999999999
22693,1.6493,2.8645
22694,0.33479999999999999,2.8645
22695,-6.8948,2.8422000000000001
22696,-4.7432999999999996,2.8422000000000001
22697,-4.7805,2.8403999999999998
22698,1.1779999999999999,2.859
22699,8.3394999999999992,2.8887
22700,7.0621999999999998,2.8961999999999999
22701,7.2667999999999999,2.9036
22702,0,2.8868999999999998
22703,0,2.8868999999999998
22704,0,2.8868999999999998
22705,0,2.8868999999999998
22706,0,2.8868999999999998
22707,0,2.8887
22708,0,2.8887
22709,0,2.8887
22710,0,2.8906000000000001
22711,0,2.8906000000000001
22712,0,2.8906000000000001
22713,0,2.8923999999999999
22714,0,2.8923999999999999
22715,0,2.8923999999999999
22716,-3.3420000000000001,2.8831000000000002
22717,-0.496,2.8887
22718,-0.496,2.8906000000000001
22719,-0.496,2.8906000000000001
22720,-0.496,2.8906000000000001
22721,-2.2631000000000001,2.8849999999999998
22722,-4.7432999999999996,2.8776000000000002
22723,-3.5775999999999999,2.8776000000000002
22724,-3.5714000000000001,2.8757000000000001
22725,-4.5385999999999997,2.8700999999999999
22726,-9.4990000000000006,2.8496999999999999
22727,-11.5327,2.8348
22728,-4.1790000000000003,2.8515000000000001
22729,0,2.8664000000000001
22730,0,2.8700999999999999
22731,0,2.8738000000000001
22732,-6.6219999999999999,2.8534000000000002
22733,-13.857799999999999,2.8235999999999999
22734,-22.0548,2.7808000000000002
22735,-26.853899999999999,2.7399
22736,-25.254200000000001,2.7193999999999998
22737,-17.540900000000001,2.7286999999999999
22738,-11.061500000000001,2.7454999999999998
22739,-7.5705999999999998,2.7566000000000002
22740,-12.1403,2.7418
22741,-10.6708,2.7418
22742,-9.6663999999999994,2.7435999999999998
22743,-8.5379000000000005,2.7454999999999998
22744,-3.6705999999999999,2.7641
22745,1.2958000000000001,2.7883
22746,1.2524,2.7976000000000001
22747,-3.4660000000000002,2.7900999999999998
22748,-3.4660000000000002,2.7900999999999998
22749,-3.4660000000000002,2.7919999999999998
22750,-3.4660000000000002,2.7919999999999998
22751,-3.4722,2.7938000000000001
22752,-9.6229999999999993,2.7715000000000001
22753,-5.0656999999999996,2.7808000000000002
22754,-8.5379000000000005,2.7658999999999998
22755,-5.9398999999999997,2.7715000000000001
22756,-7.4093999999999998,2.7658999999999998
22757,-8.9408999999999992,2.7566000000000002
22758,-6.2624000000000004,2.7622
22759,-5.5058999999999996,2.7641
22760,-7.7690000000000001,2.7547999999999999
22761,-6.4669999999999996,2.7566000000000002
22762,-13.901199999999999,2.7286999999999999
22763,-28.4846,2.6598999999999999
22764,8.9284999999999997,2.7751999999999999
22765,-27.331299999999999,2.6617999999999999
22766,-6.2561999999999998,2.7120000000000002
22767,-2.9823,2.7305999999999999
22768,5.1401000000000003,2.7677999999999998
22769,19.097200000000001,2.8384999999999998
22770,17.7393,2.8607999999999998
22771,15.091699999999999,2.8757000000000001
22772,11.985300000000001,2.8776000000000002
22773,8.6928999999999998,2.8776000000000002
22774,0,2.8534000000000002
22775,0,2.8515000000000001
22776,0,2.8496999999999999
22777,0,2.8496999999999999
22778,0,2.8496999999999999
22779,0,2.8496999999999999
22780,0,2.8496999999999999
22781,0,2.8496999999999999
22782,0,2.8515000000000001
22783,0,2.8515000000000001
22784,0,2.8515000000000001
22785,0,2.8515000000000001
22786,0,2.8534000000000002
22787,0,2.8534000000000002
22788,0,2.8534000000000002
22789,0,2.8552
22790,0,2.8552
22791,0,2.8552
22792,0,2.8571
22793,0,2.8571
22794,0,2.8571
22795,0,2.859
22796,0,2.859
22797,0,2.859
22798,0,2.859
22799,0,2.859
22800,0,2.8607999999999998
22801,0,2.8607999999999998
22802,-4.9044999999999996,2.8458999999999999
22803,-10.6274,2.8235999999999999
22804,-17.8261,2.7864
22805,-18.6631,2.7641
22806,-16.5364,2.7547999999999999
22807,-15.0235,2.7473000000000001
22808,-9.5361999999999991,2.7566000000000002
22809,-26.091200000000001,2.6915
22810,-7.0621999999999998,2.738
22811,-14.1059,2.7120000000000002
22812,-11.104900000000001,2.7157
22813,-2.8273000000000001,2.7435999999999998
22814,-20.752700000000001,2.6821999999999999
22815,1.2585999999999999,2.7454999999999998
22816,0.84319999999999995,2.7585000000000002
22817,0.77500000000000002,2.7677999999999998
22818,1.2585999999999999,2.7789999999999999
22819,1.7051000000000001,2.7864
22820,1.2524,2.7919999999999998
22821,0.73780000000000001,2.7957000000000001
22822,4.1356000000000002,2.8106
22823,3.4660000000000002,2.8161999999999998
22824,3.0876999999999999,2.8199000000000001
22825,2.9016999999999999,2.8254999999999999
22826,4.3464,2.8348
22827,7.5396000000000001,2.8515000000000001
22828,0,2.8348
22829,0,2.8329
22830,0,2.8329
22831,0,2.8329
22832,0,2.8329
22833,0,2.8348
22834,0,2.8348
22835,0,2.8348
22836,0,2.8348
22837,0,2.8365999999999998
22838,0,2.8365999999999998
22839,0,2.8365999999999998
22840,0,2.8384999999999998
22841,0,2.8384999999999998
22842,0,2.8384999999999998
22843,0,2.8384999999999998
22844,0,2.8403999999999998
22845,0,2.8403999999999998
22846,0,2.8403999999999998
22847,0,2.8422000000000001
22848,0,2.8422000000000001
22849,0,2.8422000000000001
22850,0,2.8441000000000001
22851,0,2.8441000000000001
22852,0,2.8441000000000001
22853,0,2.8458999999999999
22854,0,2.8458999999999999
22855,0,2.8458999999999999
22856,0,2.8458999999999999
22857,0,2.8458999999999999
22858,0,2.8477999999999999
22859,-9.6229999999999993,2.8142999999999998
22860,-9.4556000000000004,2.8069000000000002
22861,-15.3521,2.7770999999999999
22862,-18.700299999999999,2.7492000000000001
22863,-21.1371,2.7212999999999998
22864,-23.363,2.6934
22865,-6.343,2.738
22866,-9.3004999999999995,2.7305999999999999
22867,-27.827300000000001,2.6543000000000001
22868,-13.1386,2.6821999999999999
22869,-10.615,2.6878000000000002
22870,-4.5819999999999999,2.7082999999999999
22871,0.84319999999999995,2.7362000000000002
22872,1.7299,2.7492000000000001
22873,1.7361,2.7585000000000002
22874,1.2524,2.7658999999999998
22875,1.6493,2.7751999999999999
22876,11.464499999999999,2.8161999999999998
22877,7.1738,2.8161999999999998
22878,-1.8229,2.7938000000000001
22879,-4.5696000000000003,2.7827000000000002
22880,-4.7122999999999999,2.7789999999999999
22881,-6.0576999999999996,2.7677999999999998
22882,-12.028700000000001,2.7418
22883,-20.151199999999999,2.6970999999999998
22884,-22.290400000000002,2.6655000000000002
22885,-20.541899999999998,2.6488
22886,-5.3632999999999997,2.6915
22887,-0.54559999999999997,2.7157
22888,-1.9035,2.7193999999999998
22889,5.7415000000000003,2.7547999999999999
22890,10.695600000000001,2.7900999999999998
22891,7.3474000000000004,2.7938000000000001
22892,4.1294000000000004,2.7938000000000001
22893,-1.9407000000000001,2.7770999999999999
22894,-17.7517,2.7139000000000002
22895,-21.825299999999999,2.6747999999999998
22896,-20.851900000000001,2.6524999999999999
22897,-21.068899999999999,2.6301999999999999
22898,-15.2591,2.6356999999999999
22899,-8.5937000000000001,2.6524999999999999
22900,-7.3907999999999996,2.6581000000000001
22901,-5.2950999999999997,2.6655000000000002
22902,0.73780000000000001,2.6934
22903,-2.2197,2.6934
22904,-5.9337,2.6821999999999999
22905,-5.2579000000000002,2.6840999999999999
22906,-2.2631000000000001,2.6953
22907,-2.2259000000000002,2.6989999999999998
22908,-3.7511999999999999,2.6970999999999998
22909,-10.131399999999999,2.6692
22910,-10.336,2.6598999999999999
22911,-5.5058999999999996,2.6711
22912,0.21079999999999999,2.6953
22913,1.2958000000000001,2.7082999999999999
22914,-5.3013000000000003,2.6897000000000002
22915,-8.9533000000000005,2.6711
22916,-11.972899999999999,2.6524999999999999
22917,-4.1045999999999996,2.6711
22918,0,2.6915
22919,-9.2570999999999994,2.6617999999999999
22920,-11.656700000000001,2.6432000000000002
22921,-14.2051,2.6208999999999998
22922,-18.644500000000001,2.5911
22923,-13.895,2.593
22924,-11.8675,2.593
22925,-8.9780999999999995,2.5985
22926,-9.0959000000000003,2.5966999999999998
22927,-9.2570999999999994,2.5948000000000002
22928,-5.1029,2.6078000000000001
22929,-1.6245000000000001,2.6246
22930,-3.2614000000000001,2.6246
22931,-3.2551999999999999,2.6282999999999999
22932,-6.7088000000000001,2.6190000000000002
22933,-10.825799999999999,2.5985
22934,0.73780000000000001,2.6375999999999999
22935,1.3764000000000001,2.6505999999999998
22936,0.73160000000000003,2.6581000000000001
22937,-8.8603000000000005,2.6246
22938,-12.109299999999999,2.6023000000000001
22939,-10.7514,2.5966999999999998
22940,-7.6946000000000003,2.6004
22941,-6.9071999999999996,2.6004
22942,-3.4226000000000001,2.6133999999999999
22943,1.3702000000000001,2.6375999999999999
22944,2.0895000000000001,2.6505999999999998
22945,-6.5414000000000003,2.6246
22946,-8.9842999999999993,2.6078000000000001
22947,-12.295299999999999,2.5874000000000001
22948,-12.574400000000001,2.5706000000000002
22949,-13.833,2.5558000000000001
22950,-11.507899999999999,2.552
22951,-8.2960999999999991,2.5575999999999999
22952,-1.9097,2.5817999999999999
22953,1.3702000000000001,2.6040999999999999
22954,21.378900000000002,2.7027000000000001
22955,19.562200000000001,2.7362000000000002
22956,18.334499999999998,2.7566000000000002
22957,15.5815,2.7677999999999998
22958,12.4193,2.7715000000000001
22959,9.1331000000000007,2.7696999999999998
22960,0,2.7454999999999998
22961,0,2.7418
22962,0,2.7399
22963,0,2.7399
22964,0,2.738
22965,0,2.738
22966,0,2.738
22967,0,2.738
22968,0,2.7399
22969,0,2.7399
22970,0,2.7399
22971,0,2.7399
22972,0,2.7399
22973,0,2.7418
22974,0,2.7418
22975,0,2.7418
22976,0,2.7435999999999998
22977,0,2.7435999999999998
22978,0,2.7435999999999998
22979,0,2.7435999999999998
22980,0,2.7454999999999998
22981,0,2.7454999999999998
22982,0,2.7454999999999998
22983,0,2.7473000000000001
22984,0,2.7473000000000001
22985,0,2.7473000000000001
22986,0,2.7473000000000001
22987,0,2.7492000000000001
22988,0,2.7492000000000001
22989,0,2.7492000000000001
22990,0,2.7511000000000001
22991,0,2.7511000000000001
22992,0,2.7511000000000001
22993,0,2.7511000000000001
22994,0,2.7511000000000001
22995,0,2.7511000000000001
22996,0,2.7528999999999999
22997,0,2.7528999999999999
22998,0,2.7528999999999999
22999,0,2.7528999999999999
23000,0,2.7547999999999999
23001,0,2.7547999999999999
23002,-10.497199999999999,2.7176
23003,-14.453099999999999,2.6897000000000002
23004,-18.346900000000002,2.6581000000000001
23005,-22.817399999999999,2.6190000000000002
23006,-28.614799999999999,2.5688
23007,-33.457299999999996,2.5148000000000001
23008,-29.247199999999999,2.4944000000000002
23009,-28.2118,2.4683000000000002
23010,-22.3276,2.4664999999999999
23011,-12.1837,2.4944000000000002
23012,2.6970999999999998,2.5558000000000001
23013,1.8601000000000001,2.5724999999999998
23014,0.73160000000000003,2.5855000000000001
23015,-7.4156000000000004,2.5594999999999999
23016,-6.1321000000000003,2.5594999999999999
23017,-6.2251000000000003,2.5575999999999999
23018,-9.0835000000000008,2.5427
23019,-21.5029,2.4794999999999998
23020,2.7776999999999998,2.5594999999999999
23021,14.050000000000001,2.6282999999999999
23022,6.1010999999999997,2.6263999999999998
23023,16.139600000000002,2.6859999999999999
23024,6.9691999999999998,2.6728999999999998
23025,1.0602,2.6598999999999999
23026,-10.2182,2.6133999999999999
23027,-6.7770000000000001,2.6133999999999999
23028,-15.643599999999999,2.5669
23029,-26.767099999999999,2.4944000000000002
23030,-30.840699999999998,2.4329999999999998
23031,-39.967700000000001,2.3921000000000001
